tool,bt,cg,ep,ft,is,mg,mi,sl
No_Tools,0.0,0.0,0.0,0.0,0.0,0.0,0.0,0.0
Ref_User,0.8121648080000057,0.15804073193333323,5.486755396266631,-0.05282094853333774,0.3857284998666728,0.015616265399998497,0.01857471700000013,-0.0047766863332867615
Ref_Kern,0.2081780416000072,0.0005600554000011471,4.5654523371333084,0.05133685713333591,0.06153102946666422,0.007064869399997065,0.010585674400000133,-0.0032064023999964775
Perf,0.9669595284666741,0.40154761613333534,9.190333712533288,-0.37899243699999374,1.0429564696666773,0.07783156173333339,0.005109854200000097,-0.0014171891999694708
PJ,3.3346135728000093,1.5844758522000006,20.966201970666646,-0.544781361266665,1.8991326380000118,0.19872975606666543,0.020982958400000085,-0.003408823466600097
Turbostat,13.609432704133326,4.011758314666665,35.62534861166665,2.2188014537999976,7.2168528059999915,0.7138622743999967,0.22364676446666687,-0.0008615637332809456
Scaphandre,21.566469823933346,7.694457438199997,67.2171341519333,2.4378796633333337,4.451429821666665,1.1422138138666647,-0.002716048999999998,-0.0008109575333037355
CC,27.546760449200008,5.742699056066662,104.54088319406668,5.503139444066662,6.589887962266673,1.5072727946666618,-0.10907556893333314,-0.0061944009332819405
