tool,bt,cg,ep,ft,is,mg,mi,sl
No_Tools,196.137121429,43.610283916,265.212520378,54.93228986,102.509941119,25.400973037,1.243917665,300.020243856
Ref_User,196.996946769,43.862730214,271.262616188,54.87629879,102.883668808,25.417918416,1.305479637,300.014771037
Ref_Kern,196.268401866,43.664134469,265.896579916,54.955864719,102.556436885,25.405097199,1.268209219,300.018286505
Perf,197.109278316,44.051675117,275.951275629,54.424397201,103.549521595,25.482843975,1.270228056,300.018726335
PJ,199.527232506,45.225979238,288.776930124,54.314292085,104.376355009,25.590318252,1.293650971,300.018208754
Turbostat,209.838498735,47.641391839,303.571789762,57.017879149,109.715977146,26.109524374,1.530938924,300.019238874
Scaphandre,217.629351799,51.383329067,327.450811084,57.299226368,106.957490346,26.553216015,1.264724191,300.0188849
CC,222.30021963,49.29917017,367.75656321,60.369672046,108.965058648,26.913370286,1.172563729,300.013124537
