tool,bt,cg,ep,ft,is,mg,mi,sl
No_Tools,0.0,0.0,0.0,0.0,0.0,0.0,0.0,0.0
Ref_User,0.8598253400000146,0.2524462980000024,6.050095809999959,-0.05599106999999748,0.37372768899999187,0.01694537899999915,0.06156197200000002,-0.005472818999976425
Ref_Kern,0.13128043700001513,0.05385055299999664,0.6840595379999854,0.023574859000000004,0.0464957659999925,0.004124162000000098,0.02429155400000016,-0.001957350999987284
Perf,0.9721568870000112,0.44139120100000184,10.738755250999986,-0.5078926589999995,1.0395804759999976,0.08187093800000156,0.02631039100000021,-0.0015175209999824801
PJ,3.3901110770000003,1.6156953220000005,23.564409745999967,-0.6179977749999992,1.8664138899999898,0.18934521499999946,0.04973330600000003,-0.0020351019999793607
Turbostat,13.701377306000012,4.031107923,38.35926938399996,2.085589289000005,7.206036026999996,0.7085513369999994,0.2870212590000001,-0.0010049819999835563
Scaphandre,21.492230370000016,7.773045150999998,62.23829070599999,2.366936508000002,4.447549226999996,1.1522429780000003,0.020806526000000103,-0.0013589559999900303
CC,26.163098200999997,5.688886253999996,102.544042832,5.437382186000001,6.455117528999992,1.5123972489999993,-0.07135393599999995,-0.007119318999968982
