tool,bt,cg,ep,ft,is,mg,mi,sl
No_Tools,196.17337858759998,43.6604653964,267.91091244893335,54.853123464266666,102.50604834226667,25.397895207266668,1.2840548839333332,300.0201784098666
Ref_User,196.9855433956,43.81850612833333,273.3976678452,54.80030251573333,102.89177684213334,25.413511472666666,1.3026296009333334,300.01540172353333
Ref_Kern,196.3815566292,43.6610254518,272.47636478606665,54.9044603214,102.56757937173333,25.404960076666665,1.2946405583333334,300.0169720074666
Perf,197.14033811606666,44.062013012533335,277.10124616146663,54.47413102726667,103.54900481193334,25.475726769,1.2891647381333333,300.01876122066665
PJ,199.5079921604,45.2449412486,288.8771144196,54.308342103,104.40518098026668,25.596624963333333,1.3050378423333333,300.0167695864
Turbostat,209.7828112917333,47.672223711066664,303.5362610606,57.071924918066664,109.72290114826666,26.111757481666665,1.5077016484,300.01931684613334
Scaphandre,217.73984841153333,51.354922834599996,335.12804660086664,57.2910031276,106.95747816393333,26.540109021133333,1.2813388349333332,300.0193674523333
CC,223.7201390368,49.40316445246666,372.451795643,60.35626290833333,109.09593630453334,26.90516800193333,1.174979315,300.01398400893333
