tool,bt,cg,ep,ft,is,mg,mi,sl
No_Tools,0.0,0.0,0.0,0.0,0.0,0.0,0.0,0.0
Ref_User,101.40660000000207,19.799877000012202,272.8747290000174,15.505697999986296,39.34719000000405,8.7542509999912,0.44061300001339987,299.85317600000417
Ref_Kern,57.38736400002381,8.522806000000855,79.58182700001635,2.6727219999884255,32.898597999999765,0.1848759999847971,0.558898000017507,193.44133799998963
Perf,629.7499130000069,127.3603310000035,1290.9213860000018,126.9507239999657,156.3431059999857,52.47838100002264,0.9976780000142753,227.85488500000793
PJ,889.2681079999893,206.5427460000028,1944.15701000001,156.43184999997902,237.37616299999354,68.4507529999828,1.83098900000914,386.1469609999913
Turbostat,1475.3654860000242,344.77530199999455,2792.4114910000353,322.8617829999712,560.493988000002,112.94508400000632,5.302720999985468,831.2869349999964
Scaphandre,2073.0413839999965,540.0315160000064,3872.877597000028,359.0098839999846,575.8096839999926,144.74486899998737,0.5241690000111703,973.5772199999919
CC,2836.387269999992,627.192486999993,7006.946112000005,674.6650819999923,954.6578349999982,259.63825099999667,16.100789999996778,1524.0788630000025
