tool,bt,cg,ep,ft,is,mg,mi,sl
No_Tools,0.0,0.0,0.0,0.0,0.0,0.0,0.0,0.0
Ref_User,104.4424487999986,19.753636800006007,271.92533786666536,14.779706866667766,40.84586320000517,8.00403993333066,0.6266829333272952,303.0787977333374
Ref_Kern,156.6851046666725,45.60573060000138,492.1582662000037,47.45225913333297,63.1818086000053,7.3327484000005825,0.5879987999988465,185.5198496666626
Perf,630.2359394000068,126.53589900000338,1228.7643271333345,126.36851639999895,156.35362413333223,52.224515533334966,1.150712999994962,227.87312266666675
PJ,884.5406184666699,202.46050460000356,1852.710320533335,156.3311308000002,239.2242947333325,68.25528126666461,2.0118314000003004,387.7707317999999
Turbostat,1477.4840998666696,344.1336446000025,2689.7230184666714,324.81075299999793,562.9230994000045,112.30783373333327,5.654904866663582,831.745478133335
Scaphandre,2067.378463733334,538.8744262000039,4148.272585666677,363.58381473333384,574.4136425333336,146.08938020000085,0.601532199996683,971.9195867333336
CC,2913.7480749333317,631.192484266671,7108.203112666666,677.427237933337,965.4837920666687,261.3579932000024,16.404034999999567,1539.3378152666683
