tool,bt,cg,ep,ft,is,mg,mi,sl
No_Tools,10070.061012999999,1992.2597309999983,13300.314339999983,2617.8761720000184,4000.2175419999985,1001.4995720000006,21.49945599999046,801.0589230000041
Ref_User,10171.467613,2012.0596080000105,13573.189069,2633.3818700000047,4039.5647320000026,1010.2538229999918,21.94006900000386,1100.9120990000083
Ref_Kern,10127.448377000022,2000.7825369999991,13379.896166999999,2620.548894000007,4033.1161399999983,1001.6844479999854,22.058354000007967,994.5002609999938
Perf,10699.810926000006,2119.620062000002,14591.235725999984,2744.826895999984,4156.560647999984,1053.9779530000233,22.497134000004735,1028.913808000012
PJ,10959.329120999988,2198.802477000001,15244.471349999993,2774.3080219999974,4237.593704999992,1069.9503249999834,23.3304449999996,1187.2058839999954
Turbostat,11545.426499000023,2337.035032999993,16092.725831000018,2940.7379549999896,4560.7115300000005,1114.444656000007,26.802176999975927,1632.3458580000006
Scaphandre,12143.102396999995,2532.2912470000047,17173.19193700001,2976.886056000003,4576.027225999991,1146.244440999988,22.02362500000163,1774.636142999996
CC,12906.44828299999,2619.4522179999913,20307.260451999988,3292.5412540000107,4954.875376999997,1261.1378229999973,37.60024599998724,2325.1377860000066
