tool,bt,cg,ep,ft,is,mg,mi,sl
No_Tools,4.82226666666667,0.9828666666666626,6.094666666666656,1.2691333333333812,2.0024000000000113,0.5163333333333109,0.011999999999996664,1.9044000000000039
Ref_User,4.8706666666667235,0.9935999999999391,6.219266666666666,1.2723333333332751,2.0226000000000566,0.5208000000000159,0.012133333333331582,2.103733333333337
Ref_Kern,4.8808666666667095,1.002133333333298,6.288933333333352,1.2868666666666286,2.024999999999962,0.5191333333333357,0.011200000000001372,2.0443333333333347
Perf,5.051933333333379,1.03120000000002,6.555466666666659,1.303999999999966,2.058466666666618,0.5394666666667641,0.014200000000000539,2.067999999999995
PJ,5.155599999999989,1.0627999999999929,6.842733333333339,1.3209333333333688,2.092599999999978,0.5415999999999258,0.014133333333329763,2.1418000000000017
Turbostat,5.419800000000017,1.1257333333333615,7.211399999999988,1.3903999999999692,2.2383333333333213,0.5578666666666322,0.01606666666665717,2.3313999999999973
Scaphandre,5.688399999999956,1.2191999999999856,7.953599999999991,1.4097333333333382,2.237066666666745,0.5779333333333473,0.012466666666666508,2.384600000000012
CC,6.013733333333395,1.2384000000000392,9.198266666666632,1.53913333333331,2.3788666666666054,0.6171999999999798,0.018399999999998803,2.600266666666665
