tool,bt,cg,ep,ft,is,mg,mi,sl
No_Tools,4.824000000000069,0.9839999999999236,6.037000000000262,1.2690000000000055,2.0049999999998818,0.5109999999999673,0.009000000000014552,1.9050000000000296
Ref_User,4.873000000000047,0.9929999999999382,6.179000000000087,1.2729999999996835,2.024000000000001,0.5180000000000291,0.009999999999990905,2.103999999999985
Ref_Kern,4.852000000000089,0.9960000000000946,6.101000000000113,1.2769999999998163,2.0219999999999345,0.5190000000002328,0.009999999999990905,2.0400000000000205
Perf,5.048999999999978,1.0299999999999727,6.536000000000058,1.3029999999998836,2.0599999999999454,0.5420000000001437,0.016999999999995907,2.0670000000000073
PJ,5.1590000000001055,1.0610000000000355,6.837999999999738,1.3230000000000928,2.092999999999847,0.5429999999998927,0.016999999999995907,2.1410000000000196
Turbostat,5.420999999999822,1.1289999999999054,7.211999999999989,1.3899999999998727,2.2390000000000327,0.555000000000291,0.019000000000005457,2.3310000000000173
Scaphandre,5.692000000000007,1.2179999999998472,7.776000000000067,1.405999999999949,2.236000000000331,0.581000000000131,0.01099999999999568,2.3850000000000193
CC,5.970000000000255,1.2390000000000327,9.103000000000065,1.53899999999976,2.3759999999999764,0.6199999999998909,0.01500000000001478,2.5970000000000084
