tool,bt,cg,ep,ft,is,mg,mi,sl
No_Tools,0.0,0.0,0.0,0.0,0.0,0.0,0.0,0.0
Ref_User,0.04899999999997817,0.009000000000014552,0.14199999999982538,0.003999999999678039,0.019000000000119144,0.007000000000061846,0.0009999999999763531,0.19899999999995543
Ref_Kern,0.02800000000002001,0.012000000000170985,0.06399999999985084,0.007999999999810825,0.01700000000005275,0.008000000000265572,0.0009999999999763531,0.1349999999999909
Perf,0.22499999999990905,0.04600000000004911,0.4989999999997963,0.03399999999987813,0.055000000000063665,0.031000000000176442,0.007999999999981355,0.16199999999997772
PJ,0.3350000000000364,0.07700000000011187,0.8009999999994761,0.05400000000008731,0.08799999999996544,0.03199999999992542,0.007999999999981355,0.23599999999999
Turbostat,0.5969999999997526,0.1449999999999818,1.1749999999997272,0.12099999999986721,0.23400000000015098,0.04400000000032378,0.009999999999990905,0.4259999999999877
Scaphandre,0.8679999999999382,0.2339999999999236,1.7389999999998054,0.1369999999999436,0.2310000000004493,0.07000000000016371,0.001999999999981128,0.47999999999998977
CC,1.1460000000001855,0.25500000000010914,3.0659999999998035,0.26999999999975444,0.3710000000000946,0.1089999999999236,0.006000000000000227,0.6919999999999789
