scaphandre::sensors: Sysinfo sees 8
Scaphandre stdout exporter
Sending ⚡ metrics
Measurement step is: 1ms
scaphandre::sensors: Not enough records for socket
Host:	0 W from 
	package 	core		dram		uncore
Top 5 consumers:
Power		PID	Exe
No processes found yet or filter returns no value.
------------------------------------------------------------

Host:	5.921582 W from 
	package 	core		dram		uncore
Socket0	9.014911 W |	5.270917 W	1.164439 W	0 W	

Top 5 consumers:
Power		PID	Exe
0.13014467 W	2159320	"/home/boggy/ref_rapl/scaphandre/target/release/scaphandre"
0 W	2158787	""
0 W	1323	""
0 W	2159336	""
0 W	1	""
------------------------------------------------------------

Host:	6.175266 W from 
	package 	core		dram		uncore
Socket0	4.965681 W |	1.468761 W	1.053025 W	0 W	

Top 5 consumers:
Power		PID	Exe
0.13572013 W	2159320	"/home/boggy/ref_rapl/scaphandre/target/release/scaphandre"
0 W	2158787	""
0 W	1323	""
0 W	2159336	""
0 W	1	""
------------------------------------------------------------

Host:	6.032515 W from 
	package 	core		dram		uncore
Socket0	5.065295 W |	1.560157 W	1.038527 W	0 W	

Top 5 consumers:
Power		PID	Exe
0.16572843 W	2159320	"/home/boggy/ref_rapl/scaphandre/target/release/scaphandre"
0 W	2158787	""
0 W	1323	""
0 W	2159336	""
0 W	1	""
------------------------------------------------------------

Host:	5.940545 W from 
	package 	core		dram		uncore
Socket0	4.951195 W |	1.542114 W	1.04093 W	0 W	

Top 5 consumers:
Power		PID	Exe
0.09792108 W	2159320	"/home/boggy/ref_rapl/scaphandre/target/release/scaphandre"
0 W	2158787	""
0 W	1323	""
0 W	2159336	""
0 W	1	""
------------------------------------------------------------

Host:	6.00506 W from 
	package 	core		dram		uncore
Socket0	4.957689 W |	1.460354 W	1.045541 W	0 W	

Top 5 consumers:
Power		PID	Exe
0.14646487 W	2159320	"/home/boggy/ref_rapl/scaphandre/target/release/scaphandre"
0 W	2158787	""
0 W	1323	""
0 W	2159336	""
0 W	1	""
------------------------------------------------------------

Host:	6.072843 W from 
	package 	core		dram		uncore
Socket0	4.970712 W |	1.42342 W	1.043402 W	0 W	

Top 5 consumers:
Power		PID	Exe
0.1184945 W	2159320	"/home/boggy/ref_rapl/scaphandre/target/release/scaphandre"
0 W	2158787	""
0 W	1323	""
0 W	2159336	""
0 W	1	""
------------------------------------------------------------

Host:	6.007827 W from 
	package 	core		dram		uncore
Socket0	5.019471 W |	1.510323 W	1.044517 W	0 W	

Top 5 consumers:
Power		PID	Exe
0.17583884 W	2159320	"/home/boggy/ref_rapl/scaphandre/target/release/scaphandre"
0 W	2158787	""
0 W	1323	""
0 W	2159336	""
0 W	1	""
------------------------------------------------------------

Host:	5.886185 W from 
	package 	core		dram		uncore
Socket0	4.953199 W |	1.436241 W	1.044851 W	0 W	

Top 5 consumers:
Power		PID	Exe
0.0861393 W	2159320	"/home/boggy/ref_rapl/scaphandre/target/release/scaphandre"
0 W	2158787	""
0 W	1323	""
0 W	2159336	""
0 W	1	""
------------------------------------------------------------

Host:	5.961617 W from 
	package 	core		dram		uncore
Socket0	4.896625 W |	1.372645 W	1.031661 W	0 W	

Top 5 consumers:
Power		PID	Exe
0.1433081 W	2159320	"/home/boggy/ref_rapl/scaphandre/target/release/scaphandre"
0 W	2158787	""
0 W	1323	""
0 W	2159336	""
0 W	1	""
------------------------------------------------------------

Host:	6.049767 W from 
	package 	core		dram		uncore
Socket0	4.945355 W |	1.441747 W	1.03944 W	0 W	

Top 5 consumers:
Power		PID	Exe
0.1454271 W	2159320	"/home/boggy/ref_rapl/scaphandre/target/release/scaphandre"
0 W	2158787	""
0 W	1323	""
0 W	2159336	""
0 W	1	""
------------------------------------------------------------

Host:	5.943809 W from 
	package 	core		dram		uncore
Socket0	4.860324 W |	1.45394 W	1.044006 W	0 W	

Top 5 consumers:
Power		PID	Exe
0.14288004 W	2159320	"/home/boggy/ref_rapl/scaphandre/target/release/scaphandre"
0 W	2158787	""
0 W	1323	""
0 W	2159336	""
0 W	1	""
------------------------------------------------------------

Host:	6.298389 W from 
	package 	core		dram		uncore
Socket0	4.957167 W |	1.523756 W	1.053851 W	0 W	

Top 5 consumers:
Power		PID	Exe
0.12112287 W	2159320	"/home/boggy/ref_rapl/scaphandre/target/release/scaphandre"
0 W	2158787	""
0 W	1323	""
0 W	2159336	""
0 W	1	""
------------------------------------------------------------

Host:	6.076793 W from 
	package 	core		dram		uncore
Socket0	5.326965 W |	1.799137 W	1.046282 W	0 W	

Top 5 consumers:
Power		PID	Exe
0.11742595 W	2159320	"/home/boggy/ref_rapl/scaphandre/target/release/scaphandre"
0.029356487 W	2114055	""
0 W	2158787	""
0 W	1323	""
0 W	2159336	""
------------------------------------------------------------

Host:	5.986107 W from 
	package 	core		dram		uncore
Socket0	4.965863 W |	1.44518 W	1.041134 W	0 W	

Top 5 consumers:
Power		PID	Exe
0.14459196 W	2159320	"/home/boggy/ref_rapl/scaphandre/target/release/scaphandre"
0 W	2158787	""
0 W	1323	""
0 W	2159336	""
0 W	1	""
------------------------------------------------------------

Host:	5.938768 W from 
	package 	core		dram		uncore
Socket0	4.933141 W |	1.40668 W	1.042122 W	0 W	

Top 5 consumers:
Power		PID	Exe
0.1147588 W	2159320	"/home/boggy/ref_rapl/scaphandre/target/release/scaphandre"
0.0286897 W	17	""
0 W	2158787	""
0 W	1323	""
0 W	2159336	""
------------------------------------------------------------

Host:	10.389985 W from 
	package 	core		dram		uncore
Socket0	4.918543 W |	1.407068 W	1.028122 W	0 W	

Top 5 consumers:
Power		PID	Exe
0.328797 W	2159320	"/home/boggy/ref_rapl/scaphandre/target/release/scaphandre"
0.2630376 W	2159342	"/home/boggy/ref_rapl/energy_exp_server/NPB3.4.3/NPB3.4-MPI/bin/mg.C.x"
0.2630376 W	2159340	"/home/boggy/ref_rapl/energy_exp_server/NPB3.4.3/NPB3.4-MPI/bin/mg.C.x"
0.2630376 W	2159343	"/home/boggy/ref_rapl/energy_exp_server/NPB3.4.3/NPB3.4-MPI/bin/mg.C.x"
0.19727819 W	2159341	"/home/boggy/ref_rapl/energy_exp_server/NPB3.4.3/NPB3.4-MPI/bin/mg.C.x"
------------------------------------------------------------

Host:	12.660367 W from 
	package 	core		dram		uncore
Socket0	9.907766 W |	6.215002 W	1.651061 W	0 W	

Top 5 consumers:
Power		PID	Exe
0.64103127 W	2159342	"/home/boggy/ref_rapl/energy_exp_server/NPB3.4.3/NPB3.4-MPI/bin/mg.C.x"
0.64103127 W	2159340	"/home/boggy/ref_rapl/energy_exp_server/NPB3.4.3/NPB3.4-MPI/bin/mg.C.x"
0.64103127 W	2159341	"/home/boggy/ref_rapl/energy_exp_server/NPB3.4.3/NPB3.4-MPI/bin/mg.C.x"
0.56090236 W	2159343	"/home/boggy/ref_rapl/energy_exp_server/NPB3.4.3/NPB3.4-MPI/bin/mg.C.x"
0.40064454 W	2159320	"/home/boggy/ref_rapl/scaphandre/target/release/scaphandre"
------------------------------------------------------------

Host:	12.78677 W from 
	package 	core		dram		uncore
Socket0	10.880208 W |	7.215367 W	1.81151 W	0 W	

Top 5 consumers:
Power		PID	Exe
0.7283603 W	2159343	"/home/boggy/ref_rapl/energy_exp_server/NPB3.4.3/NPB3.4-MPI/bin/mg.C.x"
0.6474314 W	2159341	"/home/boggy/ref_rapl/energy_exp_server/NPB3.4.3/NPB3.4-MPI/bin/mg.C.x"
0.5665025 W	2159342	"/home/boggy/ref_rapl/energy_exp_server/NPB3.4.3/NPB3.4-MPI/bin/mg.C.x"
0.5665025 W	2159340	"/home/boggy/ref_rapl/energy_exp_server/NPB3.4.3/NPB3.4-MPI/bin/mg.C.x"
0.48557353 W	2159320	"/home/boggy/ref_rapl/scaphandre/target/release/scaphandre"
------------------------------------------------------------

Host:	22.127693 W from 
	package 	core		dram		uncore
Socket0	10.926581 W |	7.230883 W	1.823196 W	0 W	

Top 5 consumers:
Power		PID	Exe
1.0536996 W	2159340	"/home/boggy/ref_rapl/energy_exp_server/NPB3.4.3/NPB3.4-MPI/bin/mg.C.x"
0.93662196 W	2159342	"/home/boggy/ref_rapl/energy_exp_server/NPB3.4.3/NPB3.4-MPI/bin/mg.C.x"
0.93662196 W	2159341	"/home/boggy/ref_rapl/energy_exp_server/NPB3.4.3/NPB3.4-MPI/bin/mg.C.x"
0.8195442 W	2159343	"/home/boggy/ref_rapl/energy_exp_server/NPB3.4.3/NPB3.4-MPI/bin/mg.C.x"
0.58538866 W	2159320	"/home/boggy/ref_rapl/scaphandre/target/release/scaphandre"
------------------------------------------------------------

Host:	48.646822 W from 
	package 	core		dram		uncore
Socket0	26.999819 W |	24.125937 W	2.24597 W	0 W	

Top 5 consumers:
Power		PID	Exe
1.5443437 W	2159342	"/home/boggy/ref_rapl/energy_exp_server/NPB3.4.3/NPB3.4-MPI/bin/mg.C.x"
1.5443437 W	2159340	"/home/boggy/ref_rapl/energy_exp_server/NPB3.4.3/NPB3.4-MPI/bin/mg.C.x"
1.5443437 W	2159343	"/home/boggy/ref_rapl/energy_exp_server/NPB3.4.3/NPB3.4-MPI/bin/mg.C.x"
1.5443437 W	2159341	"/home/boggy/ref_rapl/energy_exp_server/NPB3.4.3/NPB3.4-MPI/bin/mg.C.x"
0.77217185 W	2159320	"/home/boggy/ref_rapl/scaphandre/target/release/scaphandre"
------------------------------------------------------------

Host:	49.563607 W from 
	package 	core		dram		uncore
Socket0	46.87811 W |	42.054497 W	2.523566 W	0 W	

Top 5 consumers:
Power		PID	Exe
1.573448 W	2159342	"/home/boggy/ref_rapl/energy_exp_server/NPB3.4.3/NPB3.4-MPI/bin/mg.C.x"
1.573448 W	2159343	"/home/boggy/ref_rapl/energy_exp_server/NPB3.4.3/NPB3.4-MPI/bin/mg.C.x"
1.573448 W	2159341	"/home/boggy/ref_rapl/energy_exp_server/NPB3.4.3/NPB3.4-MPI/bin/mg.C.x"
1.3112065 W	2159340	"/home/boggy/ref_rapl/energy_exp_server/NPB3.4.3/NPB3.4-MPI/bin/mg.C.x"
0.786724 W	2159320	"/home/boggy/ref_rapl/scaphandre/target/release/scaphandre"
------------------------------------------------------------

Host:	49.789165 W from 
	package 	core		dram		uncore
Socket0	45.65336 W |	40.864796 W	3.732228 W	0 W	

Top 5 consumers:
Power		PID	Exe
1.8440431 W	2159342	"/home/boggy/ref_rapl/energy_exp_server/NPB3.4.3/NPB3.4-MPI/bin/mg.C.x"
1.8440431 W	2159340	"/home/boggy/ref_rapl/energy_exp_server/NPB3.4.3/NPB3.4-MPI/bin/mg.C.x"
1.8440431 W	2159343	"/home/boggy/ref_rapl/energy_exp_server/NPB3.4.3/NPB3.4-MPI/bin/mg.C.x"
1.8440431 W	2159341	"/home/boggy/ref_rapl/energy_exp_server/NPB3.4.3/NPB3.4-MPI/bin/mg.C.x"
1.053739 W	2159320	"/home/boggy/ref_rapl/scaphandre/target/release/scaphandre"
------------------------------------------------------------

Host:	49.068278 W from 
	package 	core		dram		uncore
Socket0	47.276134 W |	42.3458 W	4.050944 W	0 W	

Top 5 consumers:
Power		PID	Exe
1.5175756 W	2159342	"/home/boggy/ref_rapl/energy_exp_server/NPB3.4.3/NPB3.4-MPI/bin/mg.C.x"
1.5175756 W	2159340	"/home/boggy/ref_rapl/energy_exp_server/NPB3.4.3/NPB3.4-MPI/bin/mg.C.x"
1.5175756 W	2159343	"/home/boggy/ref_rapl/energy_exp_server/NPB3.4.3/NPB3.4-MPI/bin/mg.C.x"
1.5175756 W	2159341	"/home/boggy/ref_rapl/energy_exp_server/NPB3.4.3/NPB3.4-MPI/bin/mg.C.x"
0.7587878 W	2159320	"/home/boggy/ref_rapl/scaphandre/target/release/scaphandre"
------------------------------------------------------------

Host:	43.400955 W from 
	package 	core		dram		uncore
Socket0	42.049572 W |	37.272984 W	3.970217 W	0 W	

Top 5 consumers:
Power		PID	Exe
1.78973 W	2159342	"/home/boggy/ref_rapl/energy_exp_server/NPB3.4.3/NPB3.4-MPI/bin/mg.C.x"
1.78973 W	2159340	"/home/boggy/ref_rapl/energy_exp_server/NPB3.4.3/NPB3.4-MPI/bin/mg.C.x"
1.5660137 W	2159343	"/home/boggy/ref_rapl/energy_exp_server/NPB3.4.3/NPB3.4-MPI/bin/mg.C.x"
1.5660137 W	2159341	"/home/boggy/ref_rapl/energy_exp_server/NPB3.4.3/NPB3.4-MPI/bin/mg.C.x"
1.1185814 W	2159320	"/home/boggy/ref_rapl/scaphandre/target/release/scaphandre"
------------------------------------------------------------

Host:	52.1172 W from 
	package 	core		dram		uncore
Socket0	41.502712 W |	36.665047 W	4.201971 W	0 W	

Top 5 consumers:
Power		PID	Exe
1.6118721 W	2159343	"/home/boggy/ref_rapl/energy_exp_server/NPB3.4.3/NPB3.4-MPI/bin/mg.C.x"
1.6118721 W	2159341	"/home/boggy/ref_rapl/energy_exp_server/NPB3.4.3/NPB3.4-MPI/bin/mg.C.x"
1.3432269 W	2159342	"/home/boggy/ref_rapl/energy_exp_server/NPB3.4.3/NPB3.4-MPI/bin/mg.C.x"
1.3432269 W	2159340	"/home/boggy/ref_rapl/energy_exp_server/NPB3.4.3/NPB3.4-MPI/bin/mg.C.x"
0.5372907 W	2159320	"/home/boggy/ref_rapl/scaphandre/target/release/scaphandre"
------------------------------------------------------------

Host:	54.769561 W from 
	package 	core		dram		uncore
Socket0	48.00008 W |	43.77457 W	3.916232 W	0 W	

Top 5 consumers:
Power		PID	Exe
1.6939039 W	2159342	"/home/boggy/ref_rapl/energy_exp_server/NPB3.4.3/NPB3.4-MPI/bin/mg.C.x"
1.6939039 W	2159340	"/home/boggy/ref_rapl/energy_exp_server/NPB3.4.3/NPB3.4-MPI/bin/mg.C.x"
1.4115866 W	2159343	"/home/boggy/ref_rapl/energy_exp_server/NPB3.4.3/NPB3.4-MPI/bin/mg.C.x"
0.84695196 W	2159320	"/home/boggy/ref_rapl/scaphandre/target/release/scaphandre"
0.2823173 W	2158973	""
------------------------------------------------------------

Host:	54.259586 W from 
	package 	core		dram		uncore
Socket0	50.880867 W |	45.763313 W	4.058705 W	0 W	

Top 5 consumers:
Power		PID	Exe
1.6359675 W	2159343	"/home/boggy/ref_rapl/energy_exp_server/NPB3.4.3/NPB3.4-MPI/bin/mg.C.x"
1.3633062 W	2159342	"/home/boggy/ref_rapl/energy_exp_server/NPB3.4.3/NPB3.4-MPI/bin/mg.C.x"
1.3633062 W	2159340	"/home/boggy/ref_rapl/energy_exp_server/NPB3.4.3/NPB3.4-MPI/bin/mg.C.x"
1.3633062 W	2159341	"/home/boggy/ref_rapl/energy_exp_server/NPB3.4.3/NPB3.4-MPI/bin/mg.C.x"
0.81798375 W	2159320	"/home/boggy/ref_rapl/scaphandre/target/release/scaphandre"
------------------------------------------------------------

Host:	54.358475 W from 
	package 	core		dram		uncore
Socket0	50.02917 W |	45.66575 W	4.02793 W	0 W	

Top 5 consumers:
Power		PID	Exe
1.638949 W	2159342	"/home/boggy/ref_rapl/energy_exp_server/NPB3.4.3/NPB3.4-MPI/bin/mg.C.x"
1.638949 W	2159340	"/home/boggy/ref_rapl/energy_exp_server/NPB3.4.3/NPB3.4-MPI/bin/mg.C.x"
1.638949 W	2159343	"/home/boggy/ref_rapl/energy_exp_server/NPB3.4.3/NPB3.4-MPI/bin/mg.C.x"
0.5463164 W	2159320	"/home/boggy/ref_rapl/scaphandre/target/release/scaphandre"
0.2731582 W	2158973	""
------------------------------------------------------------

Host:	54.064024 W from 
	package 	core		dram		uncore
Socket0	50.34508 W |	45.74567 W	4.048121 W	0 W	

Top 5 consumers:
Power		PID	Exe
1.6300712 W	2159342	"/home/boggy/ref_rapl/energy_exp_server/NPB3.4.3/NPB3.4-MPI/bin/mg.C.x"
1.6300712 W	2159340	"/home/boggy/ref_rapl/energy_exp_server/NPB3.4.3/NPB3.4-MPI/bin/mg.C.x"
1.6300712 W	2159343	"/home/boggy/ref_rapl/energy_exp_server/NPB3.4.3/NPB3.4-MPI/bin/mg.C.x"
1.6300712 W	2159341	"/home/boggy/ref_rapl/energy_exp_server/NPB3.4.3/NPB3.4-MPI/bin/mg.C.x"
0.5433571 W	2159320	"/home/boggy/ref_rapl/scaphandre/target/release/scaphandre"
------------------------------------------------------------

Host:	50.295863 W from 
	package 	core		dram		uncore
Socket0	49.036213 W |	44.474213 W	4.070498 W	0 W	

Top 5 consumers:
Power		PID	Exe
1.5164583 W	2159342	"/home/boggy/ref_rapl/energy_exp_server/NPB3.4.3/NPB3.4-MPI/bin/mg.C.x"
1.2637151 W	2159340	"/home/boggy/ref_rapl/energy_exp_server/NPB3.4.3/NPB3.4-MPI/bin/mg.C.x"
1.2637151 W	2159343	"/home/boggy/ref_rapl/energy_exp_server/NPB3.4.3/NPB3.4-MPI/bin/mg.C.x"
0.75822914 W	2159320	"/home/boggy/ref_rapl/scaphandre/target/release/scaphandre"
0.25274304 W	2063455	""
------------------------------------------------------------

Host:	51.221105 W from 
	package 	core		dram		uncore
Socket0	47.242985 W |	42.78175 W	3.709303 W	0 W	

Top 5 consumers:
Power		PID	Exe
1.6979371 W	2159340	"/home/boggy/ref_rapl/energy_exp_server/NPB3.4.3/NPB3.4-MPI/bin/mg.C.x"
1.6979371 W	2159343	"/home/boggy/ref_rapl/energy_exp_server/NPB3.4.3/NPB3.4-MPI/bin/mg.C.x"
1.6979371 W	2159341	"/home/boggy/ref_rapl/energy_exp_server/NPB3.4.3/NPB3.4-MPI/bin/mg.C.x"
1.4149476 W	2159342	"/home/boggy/ref_rapl/energy_exp_server/NPB3.4.3/NPB3.4-MPI/bin/mg.C.x"
0.28298953 W	2159320	"/home/boggy/ref_rapl/scaphandre/target/release/scaphandre"
------------------------------------------------------------

Host:	48.985576 W from 
	package 	core		dram		uncore
Socket0	47.224304 W |	42.602512 W	4.26242 W	0 W	

Top 5 consumers:
Power		PID	Exe
1.8944699 W	2159342	"/home/boggy/ref_rapl/energy_exp_server/NPB3.4.3/NPB3.4-MPI/bin/mg.C.x"
1.6238313 W	2159340	"/home/boggy/ref_rapl/energy_exp_server/NPB3.4.3/NPB3.4-MPI/bin/mg.C.x"
1.6238313 W	2159343	"/home/boggy/ref_rapl/energy_exp_server/NPB3.4.3/NPB3.4-MPI/bin/mg.C.x"
1.0825541 W	2159320	"/home/boggy/ref_rapl/scaphandre/target/release/scaphandre"
0.27063853 W	2063455	""
------------------------------------------------------------

Host:	44.063136 W from 
	package 	core		dram		uncore
Socket0	42.52017 W |	37.686905 W	4.398696 W	0 W	

Top 5 consumers:
Power		PID	Exe
1.9475418 W	2159342	"/home/boggy/ref_rapl/energy_exp_server/NPB3.4.3/NPB3.4-MPI/bin/mg.C.x"
1.9475418 W	2159340	"/home/boggy/ref_rapl/energy_exp_server/NPB3.4.3/NPB3.4-MPI/bin/mg.C.x"
1.9475418 W	2159343	"/home/boggy/ref_rapl/energy_exp_server/NPB3.4.3/NPB3.4-MPI/bin/mg.C.x"
1.7040993 W	2159341	"/home/boggy/ref_rapl/energy_exp_server/NPB3.4.3/NPB3.4-MPI/bin/mg.C.x"
1.4606564 W	2159320	"/home/boggy/ref_rapl/scaphandre/target/release/scaphandre"
------------------------------------------------------------

Host:	50.093943 W from 
	package 	core		dram		uncore
Socket0	40.42876 W |	35.441372 W	4.516259 W	0 W	

Top 5 consumers:
Power		PID	Exe
2.1123953 W	2159340	"/home/boggy/ref_rapl/energy_exp_server/NPB3.4.3/NPB3.4-MPI/bin/mg.C.x"
2.1123953 W	2159341	"/home/boggy/ref_rapl/energy_exp_server/NPB3.4.3/NPB3.4-MPI/bin/mg.C.x"
1.8106244 W	2159342	"/home/boggy/ref_rapl/energy_exp_server/NPB3.4.3/NPB3.4-MPI/bin/mg.C.x"
1.8106244 W	2159343	"/home/boggy/ref_rapl/energy_exp_server/NPB3.4.3/NPB3.4-MPI/bin/mg.C.x"
0.9053122 W	2159320	"/home/boggy/ref_rapl/scaphandre/target/release/scaphandre"
------------------------------------------------------------

Host:	50.78685 W from 
	package 	core		dram		uncore
Socket0	47.00965 W |	41.712048 W	3.954808 W	0 W	

Top 5 consumers:
Power		PID	Exe
1.8356692 W	2159340	"/home/boggy/ref_rapl/energy_exp_server/NPB3.4.3/NPB3.4-MPI/bin/mg.C.x"
1.8356692 W	2159343	"/home/boggy/ref_rapl/energy_exp_server/NPB3.4.3/NPB3.4-MPI/bin/mg.C.x"
1.8356692 W	2159341	"/home/boggy/ref_rapl/energy_exp_server/NPB3.4.3/NPB3.4-MPI/bin/mg.C.x"
1.5297244 W	2159342	"/home/boggy/ref_rapl/energy_exp_server/NPB3.4.3/NPB3.4-MPI/bin/mg.C.x"
0.9178346 W	2159320	"/home/boggy/ref_rapl/scaphandre/target/release/scaphandre"
------------------------------------------------------------

Host:	48.007705 W from 
	package 	core		dram		uncore
Socket0	45.27135 W |	40.77503 W	4.578814 W	0 W	

Top 5 consumers:
Power		PID	Exe
1.7352182 W	2159342	"/home/boggy/ref_rapl/energy_exp_server/NPB3.4.3/NPB3.4-MPI/bin/mg.C.x"
1.7352182 W	2159343	"/home/boggy/ref_rapl/energy_exp_server/NPB3.4.3/NPB3.4-MPI/bin/mg.C.x"
1.4460152 W	2159340	"/home/boggy/ref_rapl/energy_exp_server/NPB3.4.3/NPB3.4-MPI/bin/mg.C.x"
1.4460152 W	2159341	"/home/boggy/ref_rapl/energy_exp_server/NPB3.4.3/NPB3.4-MPI/bin/mg.C.x"
0.57840604 W	2159320	"/home/boggy/ref_rapl/scaphandre/target/release/scaphandre"
------------------------------------------------------------

Host:	50.792679 W from 
	package 	core		dram		uncore
Socket0	44.461716 W |	38.782795 W	4.562738 W	0 W	

Top 5 consumers:
Power		PID	Exe
1.8358799 W	2159342	"/home/boggy/ref_rapl/energy_exp_server/NPB3.4.3/NPB3.4-MPI/bin/mg.C.x"
1.8358799 W	2159340	"/home/boggy/ref_rapl/energy_exp_server/NPB3.4.3/NPB3.4-MPI/bin/mg.C.x"
1.8358799 W	2159341	"/home/boggy/ref_rapl/energy_exp_server/NPB3.4.3/NPB3.4-MPI/bin/mg.C.x"
1.5299 W	2159343	"/home/boggy/ref_rapl/energy_exp_server/NPB3.4.3/NPB3.4-MPI/bin/mg.C.x"
0.61195993 W	2159320	"/home/boggy/ref_rapl/scaphandre/target/release/scaphandre"
------------------------------------------------------------

Host:	50.510338 W from 
	package 	core		dram		uncore
Socket0	45.889378 W |	40.808674 W	4.770052 W	0 W	

Top 5 consumers:
Power		PID	Exe
1.6651762 W	2159340	"/home/boggy/ref_rapl/energy_exp_server/NPB3.4.3/NPB3.4-MPI/bin/mg.C.x"
1.6651762 W	2159343	"/home/boggy/ref_rapl/energy_exp_server/NPB3.4.3/NPB3.4-MPI/bin/mg.C.x"
1.6651762 W	2159341	"/home/boggy/ref_rapl/energy_exp_server/NPB3.4.3/NPB3.4-MPI/bin/mg.C.x"
1.3876467 W	2159342	"/home/boggy/ref_rapl/energy_exp_server/NPB3.4.3/NPB3.4-MPI/bin/mg.C.x"
0.55505866 W	2159320	"/home/boggy/ref_rapl/scaphandre/target/release/scaphandre"
------------------------------------------------------------

Host:	51.251828 W from 
	package 	core		dram		uncore
Socket0	45.75543 W |	40.90488 W	4.824864 W	0 W	

Top 5 consumers:
Power		PID	Exe
1.6896209 W	2159342	"/home/boggy/ref_rapl/energy_exp_server/NPB3.4.3/NPB3.4-MPI/bin/mg.C.x"
1.6896209 W	2159343	"/home/boggy/ref_rapl/energy_exp_server/NPB3.4.3/NPB3.4-MPI/bin/mg.C.x"
1.4080173 W	2159340	"/home/boggy/ref_rapl/energy_exp_server/NPB3.4.3/NPB3.4-MPI/bin/mg.C.x"
1.4080173 W	2159341	"/home/boggy/ref_rapl/energy_exp_server/NPB3.4.3/NPB3.4-MPI/bin/mg.C.x"
1.1264138 W	2159320	"/home/boggy/ref_rapl/scaphandre/target/release/scaphandre"
------------------------------------------------------------

Host:	49.900088 W from 
	package 	core		dram		uncore
Socket0	46.23891 W |	40.844734 W	4.793349 W	0 W	

Top 5 consumers:
Power		PID	Exe
1.645058 W	2159342	"/home/boggy/ref_rapl/energy_exp_server/NPB3.4.3/NPB3.4-MPI/bin/mg.C.x"
1.645058 W	2159340	"/home/boggy/ref_rapl/energy_exp_server/NPB3.4.3/NPB3.4-MPI/bin/mg.C.x"
1.645058 W	2159343	"/home/boggy/ref_rapl/energy_exp_server/NPB3.4.3/NPB3.4-MPI/bin/mg.C.x"
1.645058 W	2159341	"/home/boggy/ref_rapl/energy_exp_server/NPB3.4.3/NPB3.4-MPI/bin/mg.C.x"
0.5483526 W	2159320	"/home/boggy/ref_rapl/scaphandre/target/release/scaphandre"
------------------------------------------------------------

Host:	52.788727 W from 
	package 	core		dram		uncore
Socket0	45.090744 W |	39.949 W	4.623473 W	0 W	

Top 5 consumers:
Power		PID	Exe
1.7402879 W	2159342	"/home/boggy/ref_rapl/energy_exp_server/NPB3.4.3/NPB3.4-MPI/bin/mg.C.x"
1.7402879 W	2159340	"/home/boggy/ref_rapl/energy_exp_server/NPB3.4.3/NPB3.4-MPI/bin/mg.C.x"
1.7402879 W	2159341	"/home/boggy/ref_rapl/energy_exp_server/NPB3.4.3/NPB3.4-MPI/bin/mg.C.x"
1.4502398 W	2159343	"/home/boggy/ref_rapl/energy_exp_server/NPB3.4.3/NPB3.4-MPI/bin/mg.C.x"
0.87014395 W	2159320	"/home/boggy/ref_rapl/scaphandre/target/release/scaphandre"
------------------------------------------------------------

Host:	52.357335 W from 
	package 	core		dram		uncore
Socket0	48.71891 W |	43.364998 W	4.666002 W	0 W	

Top 5 consumers:
Power		PID	Exe
1.7166339 W	2159343	"/home/boggy/ref_rapl/energy_exp_server/NPB3.4.3/NPB3.4-MPI/bin/mg.C.x"
1.4305283 W	2159342	"/home/boggy/ref_rapl/energy_exp_server/NPB3.4.3/NPB3.4-MPI/bin/mg.C.x"
1.4305283 W	2159340	"/home/boggy/ref_rapl/energy_exp_server/NPB3.4.3/NPB3.4-MPI/bin/mg.C.x"
1.4305283 W	2159341	"/home/boggy/ref_rapl/energy_exp_server/NPB3.4.3/NPB3.4-MPI/bin/mg.C.x"
0.57221127 W	2159320	"/home/boggy/ref_rapl/scaphandre/target/release/scaphandre"
------------------------------------------------------------

Host:	53.119707 W from 
	package 	core		dram		uncore
Socket0	48.60888 W |	43.36664 W	4.636081 W	0 W	

Top 5 consumers:
Power		PID	Exe
1.7416297 W	2159342	"/home/boggy/ref_rapl/energy_exp_server/NPB3.4.3/NPB3.4-MPI/bin/mg.C.x"
1.7416297 W	2159340	"/home/boggy/ref_rapl/energy_exp_server/NPB3.4.3/NPB3.4-MPI/bin/mg.C.x"
1.7416297 W	2159341	"/home/boggy/ref_rapl/energy_exp_server/NPB3.4.3/NPB3.4-MPI/bin/mg.C.x"
1.4513581 W	2159343	"/home/boggy/ref_rapl/energy_exp_server/NPB3.4.3/NPB3.4-MPI/bin/mg.C.x"
0.87081486 W	2159320	"/home/boggy/ref_rapl/scaphandre/target/release/scaphandre"
------------------------------------------------------------

Host:	51.361118 W from 
	package 	core		dram		uncore
Socket0	48.558334 W |	43.358116 W	4.629503 W	0 W	

Top 5 consumers:
Power		PID	Exe
1.683971 W	2159340	"/home/boggy/ref_rapl/energy_exp_server/NPB3.4.3/NPB3.4-MPI/bin/mg.C.x"
1.683971 W	2159343	"/home/boggy/ref_rapl/energy_exp_server/NPB3.4.3/NPB3.4-MPI/bin/mg.C.x"
1.683971 W	2159341	"/home/boggy/ref_rapl/energy_exp_server/NPB3.4.3/NPB3.4-MPI/bin/mg.C.x"
1.4033092 W	2159342	"/home/boggy/ref_rapl/energy_exp_server/NPB3.4.3/NPB3.4-MPI/bin/mg.C.x"
0.5613237 W	2159320	"/home/boggy/ref_rapl/scaphandre/target/release/scaphandre"
------------------------------------------------------------

Host:	51.344669 W from 
	package 	core		dram		uncore
Socket0	46.3296 W |	41.013813 W	4.698425 W	0 W	

Top 5 consumers:
Power		PID	Exe
1.6834317 W	2159342	"/home/boggy/ref_rapl/energy_exp_server/NPB3.4.3/NPB3.4-MPI/bin/mg.C.x"
1.6834317 W	2159343	"/home/boggy/ref_rapl/energy_exp_server/NPB3.4.3/NPB3.4-MPI/bin/mg.C.x"
1.4028598 W	2159340	"/home/boggy/ref_rapl/energy_exp_server/NPB3.4.3/NPB3.4-MPI/bin/mg.C.x"
1.4028598 W	2159341	"/home/boggy/ref_rapl/energy_exp_server/NPB3.4.3/NPB3.4-MPI/bin/mg.C.x"
0.5611439 W	2159320	"/home/boggy/ref_rapl/scaphandre/target/release/scaphandre"
------------------------------------------------------------

Host:	50.773576 W from 
	package 	core		dram		uncore
Socket0	45.767727 W |	41.0293 W	4.80537 W	0 W	

Top 5 consumers:
Power		PID	Exe
1.683102 W	2159342	"/home/boggy/ref_rapl/energy_exp_server/NPB3.4.3/NPB3.4-MPI/bin/mg.C.x"
1.683102 W	2159340	"/home/boggy/ref_rapl/energy_exp_server/NPB3.4.3/NPB3.4-MPI/bin/mg.C.x"
1.683102 W	2159341	"/home/boggy/ref_rapl/energy_exp_server/NPB3.4.3/NPB3.4-MPI/bin/mg.C.x"
1.402585 W	2159343	"/home/boggy/ref_rapl/energy_exp_server/NPB3.4.3/NPB3.4-MPI/bin/mg.C.x"
0.841551 W	2159320	"/home/boggy/ref_rapl/scaphandre/target/release/scaphandre"
------------------------------------------------------------

Host:	50.901873 W from 
	package 	core		dram		uncore
Socket0	45.4651 W |	40.369404 W	4.726155 W	0 W	

Top 5 consumers:
Power		PID	Exe
1.6873549 W	2159343	"/home/boggy/ref_rapl/energy_exp_server/NPB3.4.3/NPB3.4-MPI/bin/mg.C.x"
1.6873549 W	2159341	"/home/boggy/ref_rapl/energy_exp_server/NPB3.4.3/NPB3.4-MPI/bin/mg.C.x"
1.4061291 W	2159342	"/home/boggy/ref_rapl/energy_exp_server/NPB3.4.3/NPB3.4-MPI/bin/mg.C.x"
1.4061291 W	2159340	"/home/boggy/ref_rapl/energy_exp_server/NPB3.4.3/NPB3.4-MPI/bin/mg.C.x"
0.84367746 W	2159320	"/home/boggy/ref_rapl/scaphandre/target/release/scaphandre"
------------------------------------------------------------

Host:	53.986762 W from 
	package 	core		dram		uncore
Socket0	50.159546 W |	44.06404 W	4.877849 W	0 W	

Top 5 consumers:
Power		PID	Exe
0.8948082 W	2159342	"/home/boggy/ref_rapl/energy_exp_server/NPB3.4.3/NPB3.4-MPI/bin/mg.C.x"
0.8948082 W	2159340	"/home/boggy/ref_rapl/energy_exp_server/NPB3.4.3/NPB3.4-MPI/bin/mg.C.x"
0.59653884 W	2159320	"/home/boggy/ref_rapl/scaphandre/target/release/scaphandre"
0.59653884 W	2159343	"/home/boggy/ref_rapl/energy_exp_server/NPB3.4.3/NPB3.4-MPI/bin/mg.C.x"
0.59653884 W	2159341	"/home/boggy/ref_rapl/energy_exp_server/NPB3.4.3/NPB3.4-MPI/bin/mg.C.x"
------------------------------------------------------------

Host:	48.132037 W from 
	package 	core		dram		uncore
Socket0	47.035088 W |	41.53248 W	4.752926 W	0 W	

Top 5 consumers:
Power		PID	Exe
0.79776853 W	2159320	"/home/boggy/ref_rapl/scaphandre/target/release/scaphandre"
0.79776853 W	2159343	"/home/boggy/ref_rapl/energy_exp_server/NPB3.4.3/NPB3.4-MPI/bin/mg.C.x"
0.5318457 W	2159342	"/home/boggy/ref_rapl/energy_exp_server/NPB3.4.3/NPB3.4-MPI/bin/mg.C.x"
0.5318457 W	2159340	"/home/boggy/ref_rapl/energy_exp_server/NPB3.4.3/NPB3.4-MPI/bin/mg.C.x"
0.5318457 W	2159341	"/home/boggy/ref_rapl/energy_exp_server/NPB3.4.3/NPB3.4-MPI/bin/mg.C.x"
------------------------------------------------------------

Host:	43.832262 W from 
	package 	core		dram		uncore
Socket0	39.719215 W |	35.074005 W	4.585069 W	0 W	

Top 5 consumers:
Power		PID	Exe
1.210836 W	2159342	"/home/boggy/ref_rapl/energy_exp_server/NPB3.4.3/NPB3.4-MPI/bin/mg.C.x"
1.210836 W	2159340	"/home/boggy/ref_rapl/energy_exp_server/NPB3.4.3/NPB3.4-MPI/bin/mg.C.x"
1.210836 W	2159341	"/home/boggy/ref_rapl/energy_exp_server/NPB3.4.3/NPB3.4-MPI/bin/mg.C.x"
0.96866876 W	2159320	"/home/boggy/ref_rapl/scaphandre/target/release/scaphandre"
0.96866876 W	2159343	"/home/boggy/ref_rapl/energy_exp_server/NPB3.4.3/NPB3.4-MPI/bin/mg.C.x"
------------------------------------------------------------

Host:	42.65644 W from 
	package 	core		dram		uncore
Socket0	39.744583 W |	33.85145 W	4.503174 W	0 W	

Top 5 consumers:
Power		PID	Exe
1.8431795 W	2159320	"/home/boggy/ref_rapl/scaphandre/target/release/scaphandre"
1.5798681 W	2159343	"/home/boggy/ref_rapl/energy_exp_server/NPB3.4.3/NPB3.4-MPI/bin/mg.C.x"
1.5798681 W	2159341	"/home/boggy/ref_rapl/energy_exp_server/NPB3.4.3/NPB3.4-MPI/bin/mg.C.x"
1.3165569 W	2159342	"/home/boggy/ref_rapl/energy_exp_server/NPB3.4.3/NPB3.4-MPI/bin/mg.C.x"
1.3165569 W	2159340	"/home/boggy/ref_rapl/energy_exp_server/NPB3.4.3/NPB3.4-MPI/bin/mg.C.x"
------------------------------------------------------------

Host:	45.05918 W from 
	package 	core		dram		uncore
Socket0	38.30674 W |	33.059544 W	4.525279 W	0 W	

Top 5 consumers:
Power		PID	Exe
1.6688585 W	2159320	"/home/boggy/ref_rapl/scaphandre/target/release/scaphandre"
1.6688585 W	2159340	"/home/boggy/ref_rapl/energy_exp_server/NPB3.4.3/NPB3.4-MPI/bin/mg.C.x"
1.3907155 W	2159342	"/home/boggy/ref_rapl/energy_exp_server/NPB3.4.3/NPB3.4-MPI/bin/mg.C.x"
1.3907155 W	2159343	"/home/boggy/ref_rapl/energy_exp_server/NPB3.4.3/NPB3.4-MPI/bin/mg.C.x"
1.3907155 W	2159341	"/home/boggy/ref_rapl/energy_exp_server/NPB3.4.3/NPB3.4-MPI/bin/mg.C.x"
------------------------------------------------------------

Host:	49.518256 W from 
	package 	core		dram		uncore
Socket0	42.97998 W |	38.358776 W	4.589338 W	0 W	

Top 5 consumers:
Power		PID	Exe
1.5283413 W	2159342	"/home/boggy/ref_rapl/energy_exp_server/NPB3.4.3/NPB3.4-MPI/bin/mg.C.x"
1.222673 W	2159320	"/home/boggy/ref_rapl/scaphandre/target/release/scaphandre"
1.222673 W	2159340	"/home/boggy/ref_rapl/energy_exp_server/NPB3.4.3/NPB3.4-MPI/bin/mg.C.x"
1.222673 W	2159343	"/home/boggy/ref_rapl/energy_exp_server/NPB3.4.3/NPB3.4-MPI/bin/mg.C.x"
1.222673 W	2159341	"/home/boggy/ref_rapl/energy_exp_server/NPB3.4.3/NPB3.4-MPI/bin/mg.C.x"
------------------------------------------------------------

Host:	54.334122 W from 
	package 	core		dram		uncore
Socket0	46.35963 W |	40.81384 W	4.450089 W	0 W	

Top 5 consumers:
Power		PID	Exe
1.3415833 W	2159343	"/home/boggy/ref_rapl/energy_exp_server/NPB3.4.3/NPB3.4-MPI/bin/mg.C.x"
1.3415833 W	2159341	"/home/boggy/ref_rapl/energy_exp_server/NPB3.4.3/NPB3.4-MPI/bin/mg.C.x"
1.0061874 W	2159342	"/home/boggy/ref_rapl/energy_exp_server/NPB3.4.3/NPB3.4-MPI/bin/mg.C.x"
1.0061874 W	2159340	"/home/boggy/ref_rapl/energy_exp_server/NPB3.4.3/NPB3.4-MPI/bin/mg.C.x"
0.6707916 W	2159320	"/home/boggy/ref_rapl/scaphandre/target/release/scaphandre"
------------------------------------------------------------

Host:	56.958188 W from 
	package 	core		dram		uncore
Socket0	52.967636 W |	48.05748 W	3.636708 W	0 W	

Top 5 consumers:
Power		PID	Exe
1.0547812 W	2159342	"/home/boggy/ref_rapl/energy_exp_server/NPB3.4.3/NPB3.4-MPI/bin/mg.C.x"
1.0547812 W	2159340	"/home/boggy/ref_rapl/energy_exp_server/NPB3.4.3/NPB3.4-MPI/bin/mg.C.x"
1.0547812 W	2159343	"/home/boggy/ref_rapl/energy_exp_server/NPB3.4.3/NPB3.4-MPI/bin/mg.C.x"
0.7031875 W	2159320	"/home/boggy/ref_rapl/scaphandre/target/release/scaphandre"
0.7031875 W	2159341	"/home/boggy/ref_rapl/energy_exp_server/NPB3.4.3/NPB3.4-MPI/bin/mg.C.x"
------------------------------------------------------------

Host:	46.766769 W from 
	package 	core		dram		uncore
Socket0	51.099174 W |	47.879272 W	3.138346 W	0 W	

Top 5 consumers:
Power		PID	Exe
0.86605126 W	2159342	"/home/boggy/ref_rapl/energy_exp_server/NPB3.4.3/NPB3.4-MPI/bin/mg.C.x"
0.86605126 W	2159320	"/home/boggy/ref_rapl/scaphandre/target/release/scaphandre"
0.86605126 W	2159340	"/home/boggy/ref_rapl/energy_exp_server/NPB3.4.3/NPB3.4-MPI/bin/mg.C.x"
0.86605126 W	2159343	"/home/boggy/ref_rapl/energy_exp_server/NPB3.4.3/NPB3.4-MPI/bin/mg.C.x"
0.86605126 W	2159341	"/home/boggy/ref_rapl/energy_exp_server/NPB3.4.3/NPB3.4-MPI/bin/mg.C.x"
------------------------------------------------------------

Host:	43.703778 W from 
	package 	core		dram		uncore
Socket0	40.718346 W |	35.230892 W	4.216357 W	0 W	

Top 5 consumers:
Power		PID	Exe
1.3310795 W	2159342	"/home/boggy/ref_rapl/energy_exp_server/NPB3.4.3/NPB3.4-MPI/bin/mg.C.x"
1.3310795 W	2159320	"/home/boggy/ref_rapl/scaphandre/target/release/scaphandre"
1.3310795 W	2159340	"/home/boggy/ref_rapl/energy_exp_server/NPB3.4.3/NPB3.4-MPI/bin/mg.C.x"
1.3310795 W	2159341	"/home/boggy/ref_rapl/energy_exp_server/NPB3.4.3/NPB3.4-MPI/bin/mg.C.x"
1.1092329 W	2159343	"/home/boggy/ref_rapl/energy_exp_server/NPB3.4.3/NPB3.4-MPI/bin/mg.C.x"
------------------------------------------------------------

Host:	49.711378 W from 
	package 	core		dram		uncore
Socket0	40.132996 W |	35.537724 W	4.571967 W	0 W	

Top 5 consumers:
Power		PID	Exe
1.26171 W	2159343	"/home/boggy/ref_rapl/energy_exp_server/NPB3.4.3/NPB3.4-MPI/bin/mg.C.x"
1.0093681 W	2159320	"/home/boggy/ref_rapl/scaphandre/target/release/scaphandre"
1.0093681 W	2159340	"/home/boggy/ref_rapl/energy_exp_server/NPB3.4.3/NPB3.4-MPI/bin/mg.C.x"
1.0093681 W	2159341	"/home/boggy/ref_rapl/energy_exp_server/NPB3.4.3/NPB3.4-MPI/bin/mg.C.x"
0.7570261 W	2159342	"/home/boggy/ref_rapl/energy_exp_server/NPB3.4.3/NPB3.4-MPI/bin/mg.C.x"
------------------------------------------------------------

Host:	51.408331 W from 
	package 	core		dram		uncore
Socket0	46.91371 W |	40.981113 W	4.735179 W	0 W	

Top 5 consumers:
Power		PID	Exe
1.043824 W	2159342	"/home/boggy/ref_rapl/energy_exp_server/NPB3.4.3/NPB3.4-MPI/bin/mg.C.x"
0.782868 W	2159340	"/home/boggy/ref_rapl/energy_exp_server/NPB3.4.3/NPB3.4-MPI/bin/mg.C.x"
0.782868 W	2159343	"/home/boggy/ref_rapl/energy_exp_server/NPB3.4.3/NPB3.4-MPI/bin/mg.C.x"
0.782868 W	2159341	"/home/boggy/ref_rapl/energy_exp_server/NPB3.4.3/NPB3.4-MPI/bin/mg.C.x"
0.521912 W	2159320	"/home/boggy/ref_rapl/scaphandre/target/release/scaphandre"
------------------------------------------------------------

Host:	50.75869 W from 
	package 	core		dram		uncore
Socket0	45.326256 W |	41.17779 W	4.831603 W	0 W	

Top 5 consumers:
Power		PID	Exe
0.772975 W	2159342	"/home/boggy/ref_rapl/energy_exp_server/NPB3.4.3/NPB3.4-MPI/bin/mg.C.x"
0.772975 W	2159340	"/home/boggy/ref_rapl/energy_exp_server/NPB3.4.3/NPB3.4-MPI/bin/mg.C.x"
0.772975 W	2159343	"/home/boggy/ref_rapl/energy_exp_server/NPB3.4.3/NPB3.4-MPI/bin/mg.C.x"
0.772975 W	2159341	"/home/boggy/ref_rapl/energy_exp_server/NPB3.4.3/NPB3.4-MPI/bin/mg.C.x"
0.5153166 W	2159320	"/home/boggy/ref_rapl/scaphandre/target/release/scaphandre"
------------------------------------------------------------

Host:	51.005879 W from 
	package 	core		dram		uncore
Socket0	46.281944 W |	40.992435 W	4.799279 W	0 W	

Top 5 consumers:
Power		PID	Exe
1.0356523 W	2159343	"/home/boggy/ref_rapl/energy_exp_server/NPB3.4.3/NPB3.4-MPI/bin/mg.C.x"
0.77673924 W	2159342	"/home/boggy/ref_rapl/energy_exp_server/NPB3.4.3/NPB3.4-MPI/bin/mg.C.x"
0.77673924 W	2159320	"/home/boggy/ref_rapl/scaphandre/target/release/scaphandre"
0.77673924 W	2159340	"/home/boggy/ref_rapl/energy_exp_server/NPB3.4.3/NPB3.4-MPI/bin/mg.C.x"
0.77673924 W	2159341	"/home/boggy/ref_rapl/energy_exp_server/NPB3.4.3/NPB3.4-MPI/bin/mg.C.x"
------------------------------------------------------------

Host:	51.355591 W from 
	package 	core		dram		uncore
Socket0	46.134304 W |	40.91124 W	4.795277 W	0 W	

Top 5 consumers:
Power		PID	Exe
1.0427531 W	2159341	"/home/boggy/ref_rapl/energy_exp_server/NPB3.4.3/NPB3.4-MPI/bin/mg.C.x"
0.7820648 W	2159342	"/home/boggy/ref_rapl/energy_exp_server/NPB3.4.3/NPB3.4-MPI/bin/mg.C.x"
0.7820648 W	2159340	"/home/boggy/ref_rapl/energy_exp_server/NPB3.4.3/NPB3.4-MPI/bin/mg.C.x"
0.7820648 W	2159343	"/home/boggy/ref_rapl/energy_exp_server/NPB3.4.3/NPB3.4-MPI/bin/mg.C.x"
0.52137655 W	2159320	"/home/boggy/ref_rapl/scaphandre/target/release/scaphandre"
------------------------------------------------------------

Host:	50.646699 W from 
	package 	core		dram		uncore
Socket0	46.460575 W |	41.137913 W	4.664079 W	0 W	

Top 5 consumers:
Power		PID	Exe
1.2583032 W	2159340	"/home/boggy/ref_rapl/energy_exp_server/NPB3.4.3/NPB3.4-MPI/bin/mg.C.x"
0.9437273 W	2159342	"/home/boggy/ref_rapl/energy_exp_server/NPB3.4.3/NPB3.4-MPI/bin/mg.C.x"
0.9437273 W	2159320	"/home/boggy/ref_rapl/scaphandre/target/release/scaphandre"
0.9437273 W	2159343	"/home/boggy/ref_rapl/energy_exp_server/NPB3.4.3/NPB3.4-MPI/bin/mg.C.x"
0.9437273 W	2159341	"/home/boggy/ref_rapl/energy_exp_server/NPB3.4.3/NPB3.4-MPI/bin/mg.C.x"
------------------------------------------------------------

Host:	50.249191 W from 
	package 	core		dram		uncore
Socket0	45.68898 W |	41.11611 W	4.865172 W	0 W	

Top 5 consumers:
Power		PID	Exe
1.2484272 W	2159342	"/home/boggy/ref_rapl/energy_exp_server/NPB3.4.3/NPB3.4-MPI/bin/mg.C.x"
0.93632036 W	2159320	"/home/boggy/ref_rapl/scaphandre/target/release/scaphandre"
0.93632036 W	2159340	"/home/boggy/ref_rapl/energy_exp_server/NPB3.4.3/NPB3.4-MPI/bin/mg.C.x"
0.93632036 W	2159343	"/home/boggy/ref_rapl/energy_exp_server/NPB3.4.3/NPB3.4-MPI/bin/mg.C.x"
0.93632036 W	2159341	"/home/boggy/ref_rapl/energy_exp_server/NPB3.4.3/NPB3.4-MPI/bin/mg.C.x"
------------------------------------------------------------

Host:	50.951617 W from 
	package 	core		dram		uncore
Socket0	45.168804 W |	39.939987 W	4.648529 W	0 W	

Top 5 consumers:
Power		PID	Exe
1.2658787 W	2159342	"/home/boggy/ref_rapl/energy_exp_server/NPB3.4.3/NPB3.4-MPI/bin/mg.C.x"
0.94940907 W	2159340	"/home/boggy/ref_rapl/energy_exp_server/NPB3.4.3/NPB3.4-MPI/bin/mg.C.x"
0.94940907 W	2159343	"/home/boggy/ref_rapl/energy_exp_server/NPB3.4.3/NPB3.4-MPI/bin/mg.C.x"
0.94940907 W	2159341	"/home/boggy/ref_rapl/energy_exp_server/NPB3.4.3/NPB3.4-MPI/bin/mg.C.x"
0.63293934 W	2159320	"/home/boggy/ref_rapl/scaphandre/target/release/scaphandre"
------------------------------------------------------------

Host:	52.971984 W from 
	package 	core		dram		uncore
Socket0	47.910583 W |	43.78379 W	4.116328 W	0 W	

Top 5 consumers:
Power		PID	Exe
0.9870556 W	2159340	"/home/boggy/ref_rapl/energy_exp_server/NPB3.4.3/NPB3.4-MPI/bin/mg.C.x"
0.9870556 W	2159343	"/home/boggy/ref_rapl/energy_exp_server/NPB3.4.3/NPB3.4-MPI/bin/mg.C.x"
0.9870556 W	2159341	"/home/boggy/ref_rapl/energy_exp_server/NPB3.4.3/NPB3.4-MPI/bin/mg.C.x"
0.65803707 W	2159342	"/home/boggy/ref_rapl/energy_exp_server/NPB3.4.3/NPB3.4-MPI/bin/mg.C.x"
0.65803707 W	2159320	"/home/boggy/ref_rapl/scaphandre/target/release/scaphandre"
------------------------------------------------------------

Host:	50.056041 W from 
	package 	core		dram		uncore
Socket0	49.72709 W |	44.54617 W	3.548502 W	0 W	

Top 5 consumers:
Power		PID	Exe
0.9327213 W	2159342	"/home/boggy/ref_rapl/energy_exp_server/NPB3.4.3/NPB3.4-MPI/bin/mg.C.x"
0.9327213 W	2159340	"/home/boggy/ref_rapl/energy_exp_server/NPB3.4.3/NPB3.4-MPI/bin/mg.C.x"
0.9327213 W	2159343	"/home/boggy/ref_rapl/energy_exp_server/NPB3.4.3/NPB3.4-MPI/bin/mg.C.x"
0.9327213 W	2159341	"/home/boggy/ref_rapl/energy_exp_server/NPB3.4.3/NPB3.4-MPI/bin/mg.C.x"
0.6218142 W	2159320	"/home/boggy/ref_rapl/scaphandre/target/release/scaphandre"
------------------------------------------------------------

Host:	50.123161 W from 
	package 	core		dram		uncore
Socket0	44.301292 W |	40.331753 W	4.470965 W	0 W	

Top 5 consumers:
Power		PID	Exe
0.933972 W	2159342	"/home/boggy/ref_rapl/energy_exp_server/NPB3.4.3/NPB3.4-MPI/bin/mg.C.x"
0.933972 W	2159340	"/home/boggy/ref_rapl/energy_exp_server/NPB3.4.3/NPB3.4-MPI/bin/mg.C.x"
0.933972 W	2159343	"/home/boggy/ref_rapl/energy_exp_server/NPB3.4.3/NPB3.4-MPI/bin/mg.C.x"
0.933972 W	2159341	"/home/boggy/ref_rapl/energy_exp_server/NPB3.4.3/NPB3.4-MPI/bin/mg.C.x"
0.62264794 W	2159320	"/home/boggy/ref_rapl/scaphandre/target/release/scaphandre"
------------------------------------------------------------

Host:	48.38643 W from 
	package 	core		dram		uncore
Socket0	45.29184 W |	40.113617 W	4.684445 W	0 W	

Top 5 consumers:
Power		PID	Exe
0.9016105 W	2159342	"/home/boggy/ref_rapl/energy_exp_server/NPB3.4.3/NPB3.4-MPI/bin/mg.C.x"
0.9016105 W	2159320	"/home/boggy/ref_rapl/scaphandre/target/release/scaphandre"
0.9016105 W	2159340	"/home/boggy/ref_rapl/energy_exp_server/NPB3.4.3/NPB3.4-MPI/bin/mg.C.x"
0.9016105 W	2159343	"/home/boggy/ref_rapl/energy_exp_server/NPB3.4.3/NPB3.4-MPI/bin/mg.C.x"
0.9016105 W	2159341	"/home/boggy/ref_rapl/energy_exp_server/NPB3.4.3/NPB3.4-MPI/bin/mg.C.x"
------------------------------------------------------------

Host:	46.074803 W from 
	package 	core		dram		uncore
Socket0	44.119473 W |	38.812084 W	4.519651 W	0 W	

Top 5 consumers:
Power		PID	Exe
1.316423 W	2159342	"/home/boggy/ref_rapl/energy_exp_server/NPB3.4.3/NPB3.4-MPI/bin/mg.C.x"
1.0531383 W	2159340	"/home/boggy/ref_rapl/energy_exp_server/NPB3.4.3/NPB3.4-MPI/bin/mg.C.x"
1.0531383 W	2159343	"/home/boggy/ref_rapl/energy_exp_server/NPB3.4.3/NPB3.4-MPI/bin/mg.C.x"
1.0531383 W	2159341	"/home/boggy/ref_rapl/energy_exp_server/NPB3.4.3/NPB3.4-MPI/bin/mg.C.x"
0.7898537 W	2159320	"/home/boggy/ref_rapl/scaphandre/target/release/scaphandre"
------------------------------------------------------------

Host:	45.325586 W from 
	package 	core		dram		uncore
Socket0	40.429066 W |	35.60588 W	4.524852 W	0 W	

Top 5 consumers:
Power		PID	Exe
1.55402 W	2159320	"/home/boggy/ref_rapl/scaphandre/target/release/scaphandre"
1.55402 W	2159343	"/home/boggy/ref_rapl/energy_exp_server/NPB3.4.3/NPB3.4-MPI/bin/mg.C.x"
1.2950168 W	2159342	"/home/boggy/ref_rapl/energy_exp_server/NPB3.4.3/NPB3.4-MPI/bin/mg.C.x"
1.2950168 W	2159340	"/home/boggy/ref_rapl/energy_exp_server/NPB3.4.3/NPB3.4-MPI/bin/mg.C.x"
1.2950168 W	2159341	"/home/boggy/ref_rapl/energy_exp_server/NPB3.4.3/NPB3.4-MPI/bin/mg.C.x"
------------------------------------------------------------

Host:	47.031076 W from 
	package 	core		dram		uncore
Socket0	42.084244 W |	36.455936 W	4.553715 W	0 W	

Top 5 consumers:
Power		PID	Exe
1.343745 W	2159342	"/home/boggy/ref_rapl/energy_exp_server/NPB3.4.3/NPB3.4-MPI/bin/mg.C.x"
1.343745 W	2159340	"/home/boggy/ref_rapl/energy_exp_server/NPB3.4.3/NPB3.4-MPI/bin/mg.C.x"
1.343745 W	2159341	"/home/boggy/ref_rapl/energy_exp_server/NPB3.4.3/NPB3.4-MPI/bin/mg.C.x"
1.074996 W	2159320	"/home/boggy/ref_rapl/scaphandre/target/release/scaphandre"
1.074996 W	2159343	"/home/boggy/ref_rapl/energy_exp_server/NPB3.4.3/NPB3.4-MPI/bin/mg.C.x"
------------------------------------------------------------

Host:	54.415915 W from 
	package 	core		dram		uncore
Socket0	43.19721 W |	38.76416 W	4.624598 W	0 W	

Top 5 consumers:
Power		PID	Exe
1.2437923 W	2159320	"/home/boggy/ref_rapl/scaphandre/target/release/scaphandre"
1.2437923 W	2159343	"/home/boggy/ref_rapl/energy_exp_server/NPB3.4.3/NPB3.4-MPI/bin/mg.C.x"
0.93284416 W	2159342	"/home/boggy/ref_rapl/energy_exp_server/NPB3.4.3/NPB3.4-MPI/bin/mg.C.x"
0.93284416 W	2159340	"/home/boggy/ref_rapl/energy_exp_server/NPB3.4.3/NPB3.4-MPI/bin/mg.C.x"
0.93284416 W	2159341	"/home/boggy/ref_rapl/energy_exp_server/NPB3.4.3/NPB3.4-MPI/bin/mg.C.x"
------------------------------------------------------------

Host:	54.660996 W from 
	package 	core		dram		uncore
Socket0	51.779167 W |	46.600674 W	4.305626 W	0 W	

Top 5 consumers:
Power		PID	Exe
0.9370456 W	2159342	"/home/boggy/ref_rapl/energy_exp_server/NPB3.4.3/NPB3.4-MPI/bin/mg.C.x"
0.9370456 W	2159320	"/home/boggy/ref_rapl/scaphandre/target/release/scaphandre"
0.9370456 W	2159340	"/home/boggy/ref_rapl/energy_exp_server/NPB3.4.3/NPB3.4-MPI/bin/mg.C.x"
0.9370456 W	2159343	"/home/boggy/ref_rapl/energy_exp_server/NPB3.4.3/NPB3.4-MPI/bin/mg.C.x"
0.9370456 W	2159341	"/home/boggy/ref_rapl/energy_exp_server/NPB3.4.3/NPB3.4-MPI/bin/mg.C.x"
------------------------------------------------------------

Host:	50.135702 W from 
	package 	core		dram		uncore
Socket0	48.424534 W |	42.183624 W	4.539026 W	0 W	

Top 5 consumers:
Power		PID	Exe
1.2379185 W	2159341	"/home/boggy/ref_rapl/energy_exp_server/NPB3.4.3/NPB3.4-MPI/bin/mg.C.x"
0.92843896 W	2159342	"/home/boggy/ref_rapl/energy_exp_server/NPB3.4.3/NPB3.4-MPI/bin/mg.C.x"
0.92843896 W	2159340	"/home/boggy/ref_rapl/energy_exp_server/NPB3.4.3/NPB3.4-MPI/bin/mg.C.x"
0.92843896 W	2159343	"/home/boggy/ref_rapl/energy_exp_server/NPB3.4.3/NPB3.4-MPI/bin/mg.C.x"
0.61895925 W	2159320	"/home/boggy/ref_rapl/scaphandre/target/release/scaphandre"
------------------------------------------------------------

Host:	50.415216 W from 
	package 	core		dram		uncore
Socket0	45.62661 W |	40.215443 W	4.59809 W	0 W	

Top 5 consumers:
Power		PID	Exe
0.93361515 W	2159342	"/home/boggy/ref_rapl/energy_exp_server/NPB3.4.3/NPB3.4-MPI/bin/mg.C.x"
0.93361515 W	2159340	"/home/boggy/ref_rapl/energy_exp_server/NPB3.4.3/NPB3.4-MPI/bin/mg.C.x"
0.93361515 W	2159343	"/home/boggy/ref_rapl/energy_exp_server/NPB3.4.3/NPB3.4-MPI/bin/mg.C.x"
0.93361515 W	2159341	"/home/boggy/ref_rapl/energy_exp_server/NPB3.4.3/NPB3.4-MPI/bin/mg.C.x"
0.62241006 W	2159320	"/home/boggy/ref_rapl/scaphandre/target/release/scaphandre"
------------------------------------------------------------

Host:	50.521219 W from 
	package 	core		dram		uncore
Socket0	44.339035 W |	40.29856 W	4.604053 W	0 W	

Top 5 consumers:
Power		PID	Exe
1.2474375 W	2159340	"/home/boggy/ref_rapl/energy_exp_server/NPB3.4.3/NPB3.4-MPI/bin/mg.C.x"
0.9355781 W	2159342	"/home/boggy/ref_rapl/energy_exp_server/NPB3.4.3/NPB3.4-MPI/bin/mg.C.x"
0.9355781 W	2159343	"/home/boggy/ref_rapl/energy_exp_server/NPB3.4.3/NPB3.4-MPI/bin/mg.C.x"
0.9355781 W	2159341	"/home/boggy/ref_rapl/energy_exp_server/NPB3.4.3/NPB3.4-MPI/bin/mg.C.x"
0.62371874 W	2159320	"/home/boggy/ref_rapl/scaphandre/target/release/scaphandre"
------------------------------------------------------------

Host:	52.674328 W from 
	package 	core		dram		uncore
Socket0	47.294678 W |	42.164772 W	4.760332 W	0 W	

Top 5 consumers:
Power		PID	Exe
1.3006006 W	2159342	"/home/boggy/ref_rapl/energy_exp_server/NPB3.4.3/NPB3.4-MPI/bin/mg.C.x"
1.3006006 W	2159320	"/home/boggy/ref_rapl/scaphandre/target/release/scaphandre"
0.9754505 W	2159340	"/home/boggy/ref_rapl/energy_exp_server/NPB3.4.3/NPB3.4-MPI/bin/mg.C.x"
0.9754505 W	2159343	"/home/boggy/ref_rapl/energy_exp_server/NPB3.4.3/NPB3.4-MPI/bin/mg.C.x"
0.9754505 W	2159341	"/home/boggy/ref_rapl/energy_exp_server/NPB3.4.3/NPB3.4-MPI/bin/mg.C.x"
------------------------------------------------------------

Host:	52.441431 W from 
	package 	core		dram		uncore
Socket0	48.817577 W |	42.560944 W	4.750475 W	0 W	

Top 5 consumers:
Power		PID	Exe
0.97113764 W	2159342	"/home/boggy/ref_rapl/energy_exp_server/NPB3.4.3/NPB3.4-MPI/bin/mg.C.x"
0.97113764 W	2159340	"/home/boggy/ref_rapl/energy_exp_server/NPB3.4.3/NPB3.4-MPI/bin/mg.C.x"
0.97113764 W	2159343	"/home/boggy/ref_rapl/energy_exp_server/NPB3.4.3/NPB3.4-MPI/bin/mg.C.x"
0.97113764 W	2159341	"/home/boggy/ref_rapl/energy_exp_server/NPB3.4.3/NPB3.4-MPI/bin/mg.C.x"
0.64742506 W	2159320	"/home/boggy/ref_rapl/scaphandre/target/release/scaphandre"
------------------------------------------------------------

Host:	52.546722 W from 
	package 	core		dram		uncore
Socket0	46.517933 W |	42.50431 W	4.815655 W	0 W	

Top 5 consumers:
Power		PID	Exe
1.2974498 W	2159343	"/home/boggy/ref_rapl/energy_exp_server/NPB3.4.3/NPB3.4-MPI/bin/mg.C.x"
0.97308743 W	2159342	"/home/boggy/ref_rapl/energy_exp_server/NPB3.4.3/NPB3.4-MPI/bin/mg.C.x"
0.97308743 W	2159340	"/home/boggy/ref_rapl/energy_exp_server/NPB3.4.3/NPB3.4-MPI/bin/mg.C.x"
0.97308743 W	2159341	"/home/boggy/ref_rapl/energy_exp_server/NPB3.4.3/NPB3.4-MPI/bin/mg.C.x"
0.6487249 W	2159320	"/home/boggy/ref_rapl/scaphandre/target/release/scaphandre"
------------------------------------------------------------

Host:	52.65226 W from 
	package 	core		dram		uncore
Socket0	47.989346 W |	42.731613 W	4.79612 W	0 W	

Top 5 consumers:
Power		PID	Exe
0.9750418 W	2159342	"/home/boggy/ref_rapl/energy_exp_server/NPB3.4.3/NPB3.4-MPI/bin/mg.C.x"
0.9750418 W	2159320	"/home/boggy/ref_rapl/scaphandre/target/release/scaphandre"
0.9750418 W	2159340	"/home/boggy/ref_rapl/energy_exp_server/NPB3.4.3/NPB3.4-MPI/bin/mg.C.x"
0.9750418 W	2159343	"/home/boggy/ref_rapl/energy_exp_server/NPB3.4.3/NPB3.4-MPI/bin/mg.C.x"
0.9750418 W	2159341	"/home/boggy/ref_rapl/energy_exp_server/NPB3.4.3/NPB3.4-MPI/bin/mg.C.x"
------------------------------------------------------------

Host:	52.819895 W from 
	package 	core		dram		uncore
Socket0	47.815086 W |	42.727657 W	4.773085 W	0 W	

Top 5 consumers:
Power		PID	Exe
1.1936699 W	2159341	"/home/boggy/ref_rapl/energy_exp_server/NPB3.4.3/NPB3.4-MPI/bin/mg.C.x"
0.8952525 W	2159342	"/home/boggy/ref_rapl/energy_exp_server/NPB3.4.3/NPB3.4-MPI/bin/mg.C.x"
0.8952525 W	2159340	"/home/boggy/ref_rapl/energy_exp_server/NPB3.4.3/NPB3.4-MPI/bin/mg.C.x"
0.8952525 W	2159343	"/home/boggy/ref_rapl/energy_exp_server/NPB3.4.3/NPB3.4-MPI/bin/mg.C.x"
0.59683496 W	2159320	"/home/boggy/ref_rapl/scaphandre/target/release/scaphandre"
------------------------------------------------------------

Host:	52.033232 W from 
	package 	core		dram		uncore
Socket0	47.58521 W |	42.56811 W	4.762114 W	0 W	

Top 5 consumers:
Power		PID	Exe
1.1758922 W	2159340	"/home/boggy/ref_rapl/energy_exp_server/NPB3.4.3/NPB3.4-MPI/bin/mg.C.x"
0.8819192 W	2159342	"/home/boggy/ref_rapl/energy_exp_server/NPB3.4.3/NPB3.4-MPI/bin/mg.C.x"
0.8819192 W	2159320	"/home/boggy/ref_rapl/scaphandre/target/release/scaphandre"
0.8819192 W	2159343	"/home/boggy/ref_rapl/energy_exp_server/NPB3.4.3/NPB3.4-MPI/bin/mg.C.x"
0.8819192 W	2159341	"/home/boggy/ref_rapl/energy_exp_server/NPB3.4.3/NPB3.4-MPI/bin/mg.C.x"
------------------------------------------------------------

Host:	52.608354 W from 
	package 	core		dram		uncore
Socket0	48.09427 W |	41.776836 W	4.753018 W	0 W	

Top 5 consumers:
Power		PID	Exe
1.1888894 W	2159340	"/home/boggy/ref_rapl/energy_exp_server/NPB3.4.3/NPB3.4-MPI/bin/mg.C.x"
0.89166707 W	2159342	"/home/boggy/ref_rapl/energy_exp_server/NPB3.4.3/NPB3.4-MPI/bin/mg.C.x"
0.89166707 W	2159320	"/home/boggy/ref_rapl/scaphandre/target/release/scaphandre"
0.89166707 W	2159343	"/home/boggy/ref_rapl/energy_exp_server/NPB3.4.3/NPB3.4-MPI/bin/mg.C.x"
0.89166707 W	2159341	"/home/boggy/ref_rapl/energy_exp_server/NPB3.4.3/NPB3.4-MPI/bin/mg.C.x"
------------------------------------------------------------

Host:	55.770633 W from 
	package 	core		dram		uncore
Socket0	47.90808 W |	44.046494 W	4.530984 W	0 W	

Top 5 consumers:
Power		PID	Exe
1.2603532 W	2159342	"/home/boggy/ref_rapl/energy_exp_server/NPB3.4.3/NPB3.4-MPI/bin/mg.C.x"
0.945265 W	2159340	"/home/boggy/ref_rapl/energy_exp_server/NPB3.4.3/NPB3.4-MPI/bin/mg.C.x"
0.945265 W	2159343	"/home/boggy/ref_rapl/energy_exp_server/NPB3.4.3/NPB3.4-MPI/bin/mg.C.x"
0.945265 W	2159341	"/home/boggy/ref_rapl/energy_exp_server/NPB3.4.3/NPB3.4-MPI/bin/mg.C.x"
0.6301766 W	2159320	"/home/boggy/ref_rapl/scaphandre/target/release/scaphandre"
------------------------------------------------------------

Host:	54.222635 W from 
	package 	core		dram		uncore
Socket0	50.960655 W |	45.074966 W	4.539938 W	0 W	

Top 5 consumers:
Power		PID	Exe
0.91902775 W	2159342	"/home/boggy/ref_rapl/energy_exp_server/NPB3.4.3/NPB3.4-MPI/bin/mg.C.x"
0.91902775 W	2159340	"/home/boggy/ref_rapl/energy_exp_server/NPB3.4.3/NPB3.4-MPI/bin/mg.C.x"
0.91902775 W	2159343	"/home/boggy/ref_rapl/energy_exp_server/NPB3.4.3/NPB3.4-MPI/bin/mg.C.x"
0.91902775 W	2159341	"/home/boggy/ref_rapl/energy_exp_server/NPB3.4.3/NPB3.4-MPI/bin/mg.C.x"
0.61268514 W	2159320	"/home/boggy/ref_rapl/scaphandre/target/release/scaphandre"
------------------------------------------------------------

Host:	55.293667 W from 
	package 	core		dram		uncore
Socket0	49.72254 W |	45.138058 W	4.707663 W	0 W	

Top 5 consumers:
Power		PID	Exe
0.9371808 W	2159342	"/home/boggy/ref_rapl/energy_exp_server/NPB3.4.3/NPB3.4-MPI/bin/mg.C.x"
0.9371808 W	2159340	"/home/boggy/ref_rapl/energy_exp_server/NPB3.4.3/NPB3.4-MPI/bin/mg.C.x"
0.9371808 W	2159343	"/home/boggy/ref_rapl/energy_exp_server/NPB3.4.3/NPB3.4-MPI/bin/mg.C.x"
0.9371808 W	2159341	"/home/boggy/ref_rapl/energy_exp_server/NPB3.4.3/NPB3.4-MPI/bin/mg.C.x"
0.6247872 W	2159320	"/home/boggy/ref_rapl/scaphandre/target/release/scaphandre"
------------------------------------------------------------

Host:	54.407872 W from 
	package 	core		dram		uncore
Socket0	50.889305 W |	45.11178 W	4.532904 W	0 W	

Top 5 consumers:
Power		PID	Exe
0.92216736 W	2159342	"/home/boggy/ref_rapl/energy_exp_server/NPB3.4.3/NPB3.4-MPI/bin/mg.C.x"
0.92216736 W	2159340	"/home/boggy/ref_rapl/energy_exp_server/NPB3.4.3/NPB3.4-MPI/bin/mg.C.x"
0.92216736 W	2159343	"/home/boggy/ref_rapl/energy_exp_server/NPB3.4.3/NPB3.4-MPI/bin/mg.C.x"
0.92216736 W	2159341	"/home/boggy/ref_rapl/energy_exp_server/NPB3.4.3/NPB3.4-MPI/bin/mg.C.x"
0.61477816 W	2159320	"/home/boggy/ref_rapl/scaphandre/target/release/scaphandre"
------------------------------------------------------------

Host:	54.684601 W from 
	package 	core		dram		uncore
Socket0	50.0116 W |	45.210293 W	4.578853 W	0 W	

Top 5 consumers:
Power		PID	Exe
0.9482879 W	2159342	"/home/boggy/ref_rapl/energy_exp_server/NPB3.4.3/NPB3.4-MPI/bin/mg.C.x"
0.9482879 W	2159320	"/home/boggy/ref_rapl/scaphandre/target/release/scaphandre"
0.9482879 W	2159340	"/home/boggy/ref_rapl/energy_exp_server/NPB3.4.3/NPB3.4-MPI/bin/mg.C.x"
0.9482879 W	2159343	"/home/boggy/ref_rapl/energy_exp_server/NPB3.4.3/NPB3.4-MPI/bin/mg.C.x"
0.9482879 W	2159341	"/home/boggy/ref_rapl/energy_exp_server/NPB3.4.3/NPB3.4-MPI/bin/mg.C.x"
------------------------------------------------------------

Host:	53.631336 W from 
	package 	core		dram		uncore
Socket0	49.733425 W |	45.130672 W	4.705356 W	0 W	

Top 5 consumers:
Power		PID	Exe
0.9300232 W	2159342	"/home/boggy/ref_rapl/energy_exp_server/NPB3.4.3/NPB3.4-MPI/bin/mg.C.x"
0.9300232 W	2159340	"/home/boggy/ref_rapl/energy_exp_server/NPB3.4.3/NPB3.4-MPI/bin/mg.C.x"
0.9300232 W	2159343	"/home/boggy/ref_rapl/energy_exp_server/NPB3.4.3/NPB3.4-MPI/bin/mg.C.x"
0.9300232 W	2159341	"/home/boggy/ref_rapl/energy_exp_server/NPB3.4.3/NPB3.4-MPI/bin/mg.C.x"
0.6200154 W	2159320	"/home/boggy/ref_rapl/scaphandre/target/release/scaphandre"
------------------------------------------------------------

Host:	52.457264 W from 
	package 	core		dram		uncore
Socket0	47.830257 W |	42.738773 W	4.466439 W	0 W	

Top 5 consumers:
Power		PID	Exe
1.2128847 W	2159343	"/home/boggy/ref_rapl/energy_exp_server/NPB3.4.3/NPB3.4-MPI/bin/mg.C.x"
0.90966356 W	2159342	"/home/boggy/ref_rapl/energy_exp_server/NPB3.4.3/NPB3.4-MPI/bin/mg.C.x"
0.90966356 W	2159320	"/home/boggy/ref_rapl/scaphandre/target/release/scaphandre"
0.90966356 W	2159340	"/home/boggy/ref_rapl/energy_exp_server/NPB3.4.3/NPB3.4-MPI/bin/mg.C.x"
0.90966356 W	2159341	"/home/boggy/ref_rapl/energy_exp_server/NPB3.4.3/NPB3.4-MPI/bin/mg.C.x"
------------------------------------------------------------

Host:	53.098502 W from 
	package 	core		dram		uncore
Socket0	49.017033 W |	43.42178 W	4.248563 W	0 W	

Top 5 consumers:
Power		PID	Exe
0.9207832 W	2159342	"/home/boggy/ref_rapl/energy_exp_server/NPB3.4.3/NPB3.4-MPI/bin/mg.C.x"
0.9207832 W	2159340	"/home/boggy/ref_rapl/energy_exp_server/NPB3.4.3/NPB3.4-MPI/bin/mg.C.x"
0.9207832 W	2159343	"/home/boggy/ref_rapl/energy_exp_server/NPB3.4.3/NPB3.4-MPI/bin/mg.C.x"
0.9207832 W	2159341	"/home/boggy/ref_rapl/energy_exp_server/NPB3.4.3/NPB3.4-MPI/bin/mg.C.x"
0.6138555 W	2159320	"/home/boggy/ref_rapl/scaphandre/target/release/scaphandre"
------------------------------------------------------------

Host:	51.624802 W from 
	package 	core		dram		uncore
Socket0	48.262177 W |	42.718693 W	4.817 W	0 W	

Top 5 consumers:
Power		PID	Exe
0.89522773 W	2159342	"/home/boggy/ref_rapl/energy_exp_server/NPB3.4.3/NPB3.4-MPI/bin/mg.C.x"
0.89522773 W	2159320	"/home/boggy/ref_rapl/scaphandre/target/release/scaphandre"
0.89522773 W	2159340	"/home/boggy/ref_rapl/energy_exp_server/NPB3.4.3/NPB3.4-MPI/bin/mg.C.x"
0.89522773 W	2159343	"/home/boggy/ref_rapl/energy_exp_server/NPB3.4.3/NPB3.4-MPI/bin/mg.C.x"
0.89522773 W	2159341	"/home/boggy/ref_rapl/energy_exp_server/NPB3.4.3/NPB3.4-MPI/bin/mg.C.x"
------------------------------------------------------------

Host:	53.796041 W from 
	package 	core		dram		uncore
Socket0	48.251423 W |	42.65437 W	4.821118 W	0 W	

Top 5 consumers:
Power		PID	Exe
1.243839 W	2159341	"/home/boggy/ref_rapl/energy_exp_server/NPB3.4.3/NPB3.4-MPI/bin/mg.C.x"
0.9328793 W	2159342	"/home/boggy/ref_rapl/energy_exp_server/NPB3.4.3/NPB3.4-MPI/bin/mg.C.x"
0.9328793 W	2159320	"/home/boggy/ref_rapl/scaphandre/target/release/scaphandre"
0.9328793 W	2159340	"/home/boggy/ref_rapl/energy_exp_server/NPB3.4.3/NPB3.4-MPI/bin/mg.C.x"
0.9328793 W	2159343	"/home/boggy/ref_rapl/energy_exp_server/NPB3.4.3/NPB3.4-MPI/bin/mg.C.x"
------------------------------------------------------------

Host:	52.835451 W from 
	package 	core		dram		uncore
Socket0	47.699753 W |	42.843246 W	4.742709 W	0 W	

Top 5 consumers:
Power		PID	Exe
1.2216289 W	2159340	"/home/boggy/ref_rapl/energy_exp_server/NPB3.4.3/NPB3.4-MPI/bin/mg.C.x"
0.9162217 W	2159342	"/home/boggy/ref_rapl/energy_exp_server/NPB3.4.3/NPB3.4-MPI/bin/mg.C.x"
0.9162217 W	2159343	"/home/boggy/ref_rapl/energy_exp_server/NPB3.4.3/NPB3.4-MPI/bin/mg.C.x"
0.9162217 W	2159341	"/home/boggy/ref_rapl/energy_exp_server/NPB3.4.3/NPB3.4-MPI/bin/mg.C.x"
0.61081445 W	2159320	"/home/boggy/ref_rapl/scaphandre/target/release/scaphandre"
------------------------------------------------------------

Host:	51.294904 W from 
	package 	core		dram		uncore
Socket0	48.062584 W |	42.910385 W	4.776314 W	0 W	

Top 5 consumers:
Power		PID	Exe
1.1526945 W	2159342	"/home/boggy/ref_rapl/energy_exp_server/NPB3.4.3/NPB3.4-MPI/bin/mg.C.x"
0.8645208 W	2159320	"/home/boggy/ref_rapl/scaphandre/target/release/scaphandre"
0.8645208 W	2159340	"/home/boggy/ref_rapl/energy_exp_server/NPB3.4.3/NPB3.4-MPI/bin/mg.C.x"
0.8645208 W	2159343	"/home/boggy/ref_rapl/energy_exp_server/NPB3.4.3/NPB3.4-MPI/bin/mg.C.x"
0.8645208 W	2159341	"/home/boggy/ref_rapl/energy_exp_server/NPB3.4.3/NPB3.4-MPI/bin/mg.C.x"
------------------------------------------------------------

Host:	52.608045 W from 
	package 	core		dram		uncore
Socket0	47.830177 W |	42.696056 W	4.770193 W	0 W	

Top 5 consumers:
Power		PID	Exe
1.1822033 W	2159343	"/home/boggy/ref_rapl/energy_exp_server/NPB3.4.3/NPB3.4-MPI/bin/mg.C.x"
0.8866524 W	2159342	"/home/boggy/ref_rapl/energy_exp_server/NPB3.4.3/NPB3.4-MPI/bin/mg.C.x"
0.8866524 W	2159340	"/home/boggy/ref_rapl/energy_exp_server/NPB3.4.3/NPB3.4-MPI/bin/mg.C.x"
0.8866524 W	2159341	"/home/boggy/ref_rapl/energy_exp_server/NPB3.4.3/NPB3.4-MPI/bin/mg.C.x"
0.59110165 W	2159320	"/home/boggy/ref_rapl/scaphandre/target/release/scaphandre"
------------------------------------------------------------

Host:	52.082324 W from 
	package 	core		dram		uncore
Socket0	47.977646 W |	42.817455 W	4.791913 W	0 W	

Top 5 consumers:
Power		PID	Exe
0.87779194 W	2159342	"/home/boggy/ref_rapl/energy_exp_server/NPB3.4.3/NPB3.4-MPI/bin/mg.C.x"
0.87779194 W	2159320	"/home/boggy/ref_rapl/scaphandre/target/release/scaphandre"
0.87779194 W	2159340	"/home/boggy/ref_rapl/energy_exp_server/NPB3.4.3/NPB3.4-MPI/bin/mg.C.x"
0.87779194 W	2159343	"/home/boggy/ref_rapl/energy_exp_server/NPB3.4.3/NPB3.4-MPI/bin/mg.C.x"
0.87779194 W	2159341	"/home/boggy/ref_rapl/energy_exp_server/NPB3.4.3/NPB3.4-MPI/bin/mg.C.x"
------------------------------------------------------------

Host:	50.476982 W from 
	package 	core		dram		uncore
Socket0	46.70924 W |	41.681408 W	4.016626 W	0 W	

Top 5 consumers:
Power		PID	Exe
0.8507356 W	2159342	"/home/boggy/ref_rapl/energy_exp_server/NPB3.4.3/NPB3.4-MPI/bin/mg.C.x"
0.8507356 W	2159340	"/home/boggy/ref_rapl/energy_exp_server/NPB3.4.3/NPB3.4-MPI/bin/mg.C.x"
0.8507356 W	2159343	"/home/boggy/ref_rapl/energy_exp_server/NPB3.4.3/NPB3.4-MPI/bin/mg.C.x"
0.8507356 W	2159341	"/home/boggy/ref_rapl/energy_exp_server/NPB3.4.3/NPB3.4-MPI/bin/mg.C.x"
0.28357854 W	2159320	"/home/boggy/ref_rapl/scaphandre/target/release/scaphandre"
------------------------------------------------------------

Host:	52.070281 W from 
	package 	core		dram		uncore
Socket0	46.430252 W |	41.58663 W	4.650538 W	0 W	

Top 5 consumers:
Power		PID	Exe
1.1701186 W	2159320	"/home/boggy/ref_rapl/scaphandre/target/release/scaphandre"
1.1701186 W	2159341	"/home/boggy/ref_rapl/energy_exp_server/NPB3.4.3/NPB3.4-MPI/bin/mg.C.x"
0.877589 W	2159342	"/home/boggy/ref_rapl/energy_exp_server/NPB3.4.3/NPB3.4-MPI/bin/mg.C.x"
0.877589 W	2159340	"/home/boggy/ref_rapl/energy_exp_server/NPB3.4.3/NPB3.4-MPI/bin/mg.C.x"
0.877589 W	2159343	"/home/boggy/ref_rapl/energy_exp_server/NPB3.4.3/NPB3.4-MPI/bin/mg.C.x"
------------------------------------------------------------

Host:	50.040414 W from 
	package 	core		dram		uncore
Socket0	45.65106 W |	41.459393 W	4.713251 W	0 W	

Top 5 consumers:
Power		PID	Exe
0.84337777 W	2159342	"/home/boggy/ref_rapl/energy_exp_server/NPB3.4.3/NPB3.4-MPI/bin/mg.C.x"
0.84337777 W	2159340	"/home/boggy/ref_rapl/energy_exp_server/NPB3.4.3/NPB3.4-MPI/bin/mg.C.x"
0.84337777 W	2159343	"/home/boggy/ref_rapl/energy_exp_server/NPB3.4.3/NPB3.4-MPI/bin/mg.C.x"
0.84337777 W	2159341	"/home/boggy/ref_rapl/energy_exp_server/NPB3.4.3/NPB3.4-MPI/bin/mg.C.x"
0.5622518 W	2159320	"/home/boggy/ref_rapl/scaphandre/target/release/scaphandre"
------------------------------------------------------------

Host:	46.040979 W from 
	package 	core		dram		uncore
Socket0	44.856544 W |	38.771664 W	4.287136 W	0 W	

Top 5 consumers:
Power		PID	Exe
1.3951812 W	2159342	"/home/boggy/ref_rapl/energy_exp_server/NPB3.4.3/NPB3.4-MPI/bin/mg.C.x"
1.3951812 W	2159340	"/home/boggy/ref_rapl/energy_exp_server/NPB3.4.3/NPB3.4-MPI/bin/mg.C.x"
1.3951812 W	2159341	"/home/boggy/ref_rapl/energy_exp_server/NPB3.4.3/NPB3.4-MPI/bin/mg.C.x"
1.1161449 W	2159320	"/home/boggy/ref_rapl/scaphandre/target/release/scaphandre"
1.1161449 W	2159343	"/home/boggy/ref_rapl/energy_exp_server/NPB3.4.3/NPB3.4-MPI/bin/mg.C.x"
------------------------------------------------------------

Host:	45.676254 W from 
	package 	core		dram		uncore
Socket0	40.72777 W |	35.760525 W	4.563481 W	0 W	

Top 5 consumers:
Power		PID	Exe
1.6609546 W	2159343	"/home/boggy/ref_rapl/energy_exp_server/NPB3.4.3/NPB3.4-MPI/bin/mg.C.x"
1.6609546 W	2159341	"/home/boggy/ref_rapl/energy_exp_server/NPB3.4.3/NPB3.4-MPI/bin/mg.C.x"
1.3841289 W	2159342	"/home/boggy/ref_rapl/energy_exp_server/NPB3.4.3/NPB3.4-MPI/bin/mg.C.x"
1.3841289 W	2159320	"/home/boggy/ref_rapl/scaphandre/target/release/scaphandre"
1.3841289 W	2159340	"/home/boggy/ref_rapl/energy_exp_server/NPB3.4.3/NPB3.4-MPI/bin/mg.C.x"
------------------------------------------------------------

Host:	47.764894 W from 
	package 	core		dram		uncore
Socket0	42.17628 W |	36.934055 W	4.604009 W	0 W	

Top 5 consumers:
Power		PID	Exe
1.447421 W	2159340	"/home/boggy/ref_rapl/energy_exp_server/NPB3.4.3/NPB3.4-MPI/bin/mg.C.x"
1.1579367 W	2159342	"/home/boggy/ref_rapl/energy_exp_server/NPB3.4.3/NPB3.4-MPI/bin/mg.C.x"
1.1579367 W	2159320	"/home/boggy/ref_rapl/scaphandre/target/release/scaphandre"
1.1579367 W	2159343	"/home/boggy/ref_rapl/energy_exp_server/NPB3.4.3/NPB3.4-MPI/bin/mg.C.x"
1.1579367 W	2159341	"/home/boggy/ref_rapl/energy_exp_server/NPB3.4.3/NPB3.4-MPI/bin/mg.C.x"
------------------------------------------------------------

Host:	55.181987 W from 
	package 	core		dram		uncore
Socket0	44.03801 W |	39.9507 W	4.60352 W	0 W	

Top 5 consumers:
Power		PID	Exe
1.337745 W	2159342	"/home/boggy/ref_rapl/energy_exp_server/NPB3.4.3/NPB3.4-MPI/bin/mg.C.x"
1.0033088 W	2159320	"/home/boggy/ref_rapl/scaphandre/target/release/scaphandre"
1.0033088 W	2159340	"/home/boggy/ref_rapl/energy_exp_server/NPB3.4.3/NPB3.4-MPI/bin/mg.C.x"
1.0033088 W	2159343	"/home/boggy/ref_rapl/energy_exp_server/NPB3.4.3/NPB3.4-MPI/bin/mg.C.x"
1.0033088 W	2159341	"/home/boggy/ref_rapl/energy_exp_server/NPB3.4.3/NPB3.4-MPI/bin/mg.C.x"
------------------------------------------------------------

Host:	55.778835 W from 
	package 	core		dram		uncore
Socket0	52.8112 W |	46.51475 W	4.319667 W	0 W	

Top 5 consumers:
Power		PID	Exe
1.0141606 W	2159320	"/home/boggy/ref_rapl/scaphandre/target/release/scaphandre"
1.0141606 W	2159343	"/home/boggy/ref_rapl/energy_exp_server/NPB3.4.3/NPB3.4-MPI/bin/mg.C.x"
0.67610705 W	2159342	"/home/boggy/ref_rapl/energy_exp_server/NPB3.4.3/NPB3.4-MPI/bin/mg.C.x"
0.67610705 W	2159340	"/home/boggy/ref_rapl/energy_exp_server/NPB3.4.3/NPB3.4-MPI/bin/mg.C.x"
0.67610705 W	2159341	"/home/boggy/ref_rapl/energy_exp_server/NPB3.4.3/NPB3.4-MPI/bin/mg.C.x"
------------------------------------------------------------

Host:	51.37037 W from 
	package 	core		dram		uncore
Socket0	48.530216 W |	43.162624 W	4.36059 W	0 W	

Top 5 consumers:
Power		PID	Exe
0.9340067 W	2159341	"/home/boggy/ref_rapl/energy_exp_server/NPB3.4.3/NPB3.4-MPI/bin/mg.C.x"
0.6226711 W	2159342	"/home/boggy/ref_rapl/energy_exp_server/NPB3.4.3/NPB3.4-MPI/bin/mg.C.x"
0.6226711 W	2159320	"/home/boggy/ref_rapl/scaphandre/target/release/scaphandre"
0.6226711 W	2159340	"/home/boggy/ref_rapl/energy_exp_server/NPB3.4.3/NPB3.4-MPI/bin/mg.C.x"
0.6226711 W	2159343	"/home/boggy/ref_rapl/energy_exp_server/NPB3.4.3/NPB3.4-MPI/bin/mg.C.x"
------------------------------------------------------------

Host:	51.951196 W from 
	package 	core		dram		uncore
Socket0	47.553986 W |	42.162815 W	4.611625 W	0 W	

Top 5 consumers:
Power		PID	Exe
0.9445672 W	2159320	"/home/boggy/ref_rapl/scaphandre/target/release/scaphandre"
0.9445672 W	2159340	"/home/boggy/ref_rapl/energy_exp_server/NPB3.4.3/NPB3.4-MPI/bin/mg.C.x"
0.62971145 W	2159342	"/home/boggy/ref_rapl/energy_exp_server/NPB3.4.3/NPB3.4-MPI/bin/mg.C.x"
0.62971145 W	2159343	"/home/boggy/ref_rapl/energy_exp_server/NPB3.4.3/NPB3.4-MPI/bin/mg.C.x"
0.62971145 W	2159341	"/home/boggy/ref_rapl/energy_exp_server/NPB3.4.3/NPB3.4-MPI/bin/mg.C.x"
------------------------------------------------------------

Host:	53.021843 W from 
	package 	core		dram		uncore
Socket0	47.35386 W |	42.160175 W	4.586503 W	0 W	

Top 5 consumers:
Power		PID	Exe
0.9247996 W	2159342	"/home/boggy/ref_rapl/energy_exp_server/NPB3.4.3/NPB3.4-MPI/bin/mg.C.x"
0.61653304 W	2159320	"/home/boggy/ref_rapl/scaphandre/target/release/scaphandre"
0.61653304 W	2159340	"/home/boggy/ref_rapl/energy_exp_server/NPB3.4.3/NPB3.4-MPI/bin/mg.C.x"
0.61653304 W	2159343	"/home/boggy/ref_rapl/energy_exp_server/NPB3.4.3/NPB3.4-MPI/bin/mg.C.x"
0.61653304 W	2159341	"/home/boggy/ref_rapl/energy_exp_server/NPB3.4.3/NPB3.4-MPI/bin/mg.C.x"
------------------------------------------------------------

Host:	51.180659 W from 
	package 	core		dram		uncore
Socket0	46.25266 W |	41.83787 W	4.695155 W	0 W	

Top 5 consumers:
Power		PID	Exe
0.892686 W	2159342	"/home/boggy/ref_rapl/energy_exp_server/NPB3.4.3/NPB3.4-MPI/bin/mg.C.x"
0.892686 W	2159320	"/home/boggy/ref_rapl/scaphandre/target/release/scaphandre"
0.892686 W	2159340	"/home/boggy/ref_rapl/energy_exp_server/NPB3.4.3/NPB3.4-MPI/bin/mg.C.x"
0.892686 W	2159343	"/home/boggy/ref_rapl/energy_exp_server/NPB3.4.3/NPB3.4-MPI/bin/mg.C.x"
0.892686 W	2159341	"/home/boggy/ref_rapl/energy_exp_server/NPB3.4.3/NPB3.4-MPI/bin/mg.C.x"
------------------------------------------------------------

Host:	52.93598 W from 
	package 	core		dram		uncore
Socket0	47.455498 W |	42.23977 W	4.746289 W	0 W	

Top 5 consumers:
Power		PID	Exe
0.92330205 W	2159342	"/home/boggy/ref_rapl/energy_exp_server/NPB3.4.3/NPB3.4-MPI/bin/mg.C.x"
0.92330205 W	2159340	"/home/boggy/ref_rapl/energy_exp_server/NPB3.4.3/NPB3.4-MPI/bin/mg.C.x"
0.92330205 W	2159343	"/home/boggy/ref_rapl/energy_exp_server/NPB3.4.3/NPB3.4-MPI/bin/mg.C.x"
0.92330205 W	2159341	"/home/boggy/ref_rapl/energy_exp_server/NPB3.4.3/NPB3.4-MPI/bin/mg.C.x"
0.6155346 W	2159320	"/home/boggy/ref_rapl/scaphandre/target/release/scaphandre"
------------------------------------------------------------

Host:	52.429094 W from 
	package 	core		dram		uncore
Socket0	48.34187 W |	42.897545 W	4.810322 W	0 W	

Top 5 consumers:
Power		PID	Exe
1.2192812 W	2159343	"/home/boggy/ref_rapl/energy_exp_server/NPB3.4.3/NPB3.4-MPI/bin/mg.C.x"
0.914461 W	2159342	"/home/boggy/ref_rapl/energy_exp_server/NPB3.4.3/NPB3.4-MPI/bin/mg.C.x"
0.914461 W	2159340	"/home/boggy/ref_rapl/energy_exp_server/NPB3.4.3/NPB3.4-MPI/bin/mg.C.x"
0.914461 W	2159341	"/home/boggy/ref_rapl/energy_exp_server/NPB3.4.3/NPB3.4-MPI/bin/mg.C.x"
0.6096406 W	2159320	"/home/boggy/ref_rapl/scaphandre/target/release/scaphandre"
------------------------------------------------------------

Host:	52.813642 W from 
	package 	core		dram		uncore
Socket0	47.66289 W |	42.83383 W	4.749943 W	0 W	

Top 5 consumers:
Power		PID	Exe
1.2282243 W	2159341	"/home/boggy/ref_rapl/energy_exp_server/NPB3.4.3/NPB3.4-MPI/bin/mg.C.x"
0.92116827 W	2159342	"/home/boggy/ref_rapl/energy_exp_server/NPB3.4.3/NPB3.4-MPI/bin/mg.C.x"
0.92116827 W	2159320	"/home/boggy/ref_rapl/scaphandre/target/release/scaphandre"
0.92116827 W	2159340	"/home/boggy/ref_rapl/energy_exp_server/NPB3.4.3/NPB3.4-MPI/bin/mg.C.x"
0.92116827 W	2159343	"/home/boggy/ref_rapl/energy_exp_server/NPB3.4.3/NPB3.4-MPI/bin/mg.C.x"
------------------------------------------------------------

Host:	53.167976 W from 
	package 	core		dram		uncore
Socket0	48.084274 W |	43.008705 W	4.783353 W	0 W	

Top 5 consumers:
Power		PID	Exe
1.2364645 W	2159340	"/home/boggy/ref_rapl/energy_exp_server/NPB3.4.3/NPB3.4-MPI/bin/mg.C.x"
0.9273485 W	2159342	"/home/boggy/ref_rapl/energy_exp_server/NPB3.4.3/NPB3.4-MPI/bin/mg.C.x"
0.9273485 W	2159343	"/home/boggy/ref_rapl/energy_exp_server/NPB3.4.3/NPB3.4-MPI/bin/mg.C.x"
0.9273485 W	2159341	"/home/boggy/ref_rapl/energy_exp_server/NPB3.4.3/NPB3.4-MPI/bin/mg.C.x"
0.61823225 W	2159320	"/home/boggy/ref_rapl/scaphandre/target/release/scaphandre"
------------------------------------------------------------

Host:	53.088843 W from 
	package 	core		dram		uncore
Socket0	48.464134 W |	42.884384 W	4.678649 W	0 W	

Top 5 consumers:
Power		PID	Exe
1.2346243 W	2159342	"/home/boggy/ref_rapl/energy_exp_server/NPB3.4.3/NPB3.4-MPI/bin/mg.C.x"
0.9259682 W	2159320	"/home/boggy/ref_rapl/scaphandre/target/release/scaphandre"
0.9259682 W	2159340	"/home/boggy/ref_rapl/energy_exp_server/NPB3.4.3/NPB3.4-MPI/bin/mg.C.x"
0.9259682 W	2159343	"/home/boggy/ref_rapl/energy_exp_server/NPB3.4.3/NPB3.4-MPI/bin/mg.C.x"
0.9259682 W	2159341	"/home/boggy/ref_rapl/energy_exp_server/NPB3.4.3/NPB3.4-MPI/bin/mg.C.x"
------------------------------------------------------------

Host:	52.086955 W from 
	package 	core		dram		uncore
Socket0	47.982166 W |	42.931885 W	4.762825 W	0 W	

Top 5 consumers:
Power		PID	Exe
0.8828297 W	2159342	"/home/boggy/ref_rapl/energy_exp_server/NPB3.4.3/NPB3.4-MPI/bin/mg.C.x"
0.8828297 W	2159340	"/home/boggy/ref_rapl/energy_exp_server/NPB3.4.3/NPB3.4-MPI/bin/mg.C.x"
0.8828297 W	2159343	"/home/boggy/ref_rapl/energy_exp_server/NPB3.4.3/NPB3.4-MPI/bin/mg.C.x"
0.8828297 W	2159341	"/home/boggy/ref_rapl/energy_exp_server/NPB3.4.3/NPB3.4-MPI/bin/mg.C.x"
0.5885532 W	2159320	"/home/boggy/ref_rapl/scaphandre/target/release/scaphandre"
------------------------------------------------------------

Host:	51.153112 W from 
	package 	core		dram		uncore
Socket0	47.998486 W |	42.388714 W	4.811799 W	0 W	

Top 5 consumers:
Power		PID	Exe
1.1560025 W	2159343	"/home/boggy/ref_rapl/energy_exp_server/NPB3.4.3/NPB3.4-MPI/bin/mg.C.x"
0.86700195 W	2159342	"/home/boggy/ref_rapl/energy_exp_server/NPB3.4.3/NPB3.4-MPI/bin/mg.C.x"
0.86700195 W	2159340	"/home/boggy/ref_rapl/energy_exp_server/NPB3.4.3/NPB3.4-MPI/bin/mg.C.x"
0.86700195 W	2159341	"/home/boggy/ref_rapl/energy_exp_server/NPB3.4.3/NPB3.4-MPI/bin/mg.C.x"
0.57800126 W	2159320	"/home/boggy/ref_rapl/scaphandre/target/release/scaphandre"
------------------------------------------------------------

Host:	54.905194 W from 
	package 	core		dram		uncore
Socket0	48.048923 W |	43.1009 W	4.449591 W	0 W	

Top 5 consumers:
Power		PID	Exe
0.9305965 W	2159342	"/home/boggy/ref_rapl/energy_exp_server/NPB3.4.3/NPB3.4-MPI/bin/mg.C.x"
0.9305965 W	2159320	"/home/boggy/ref_rapl/scaphandre/target/release/scaphandre"
0.9305965 W	2159340	"/home/boggy/ref_rapl/energy_exp_server/NPB3.4.3/NPB3.4-MPI/bin/mg.C.x"
0.9305965 W	2159343	"/home/boggy/ref_rapl/energy_exp_server/NPB3.4.3/NPB3.4-MPI/bin/mg.C.x"
0.9305965 W	2159341	"/home/boggy/ref_rapl/energy_exp_server/NPB3.4.3/NPB3.4-MPI/bin/mg.C.x"
------------------------------------------------------------

Host:	55.915604 W from 
	package 	core		dram		uncore
Socket0	50.786945 W |	45.22259 W	4.664818 W	0 W	

Top 5 consumers:
Power		PID	Exe
0.94772214 W	2159342	"/home/boggy/ref_rapl/energy_exp_server/NPB3.4.3/NPB3.4-MPI/bin/mg.C.x"
0.94772214 W	2159340	"/home/boggy/ref_rapl/energy_exp_server/NPB3.4.3/NPB3.4-MPI/bin/mg.C.x"
0.94772214 W	2159341	"/home/boggy/ref_rapl/energy_exp_server/NPB3.4.3/NPB3.4-MPI/bin/mg.C.x"
0.6318148 W	2159320	"/home/boggy/ref_rapl/scaphandre/target/release/scaphandre"
0.6318148 W	2159343	"/home/boggy/ref_rapl/energy_exp_server/NPB3.4.3/NPB3.4-MPI/bin/mg.C.x"
------------------------------------------------------------

Host:	55.911532 W from 
	package 	core		dram		uncore
Socket0	49.193043 W |	45.343975 W	4.632695 W	0 W	

Top 5 consumers:
Power		PID	Exe
1.2635374 W	2159343	"/home/boggy/ref_rapl/energy_exp_server/NPB3.4.3/NPB3.4-MPI/bin/mg.C.x"
1.2635374 W	2159341	"/home/boggy/ref_rapl/energy_exp_server/NPB3.4.3/NPB3.4-MPI/bin/mg.C.x"
0.9476531 W	2159342	"/home/boggy/ref_rapl/energy_exp_server/NPB3.4.3/NPB3.4-MPI/bin/mg.C.x"
0.9476531 W	2159340	"/home/boggy/ref_rapl/energy_exp_server/NPB3.4.3/NPB3.4-MPI/bin/mg.C.x"
0.6317687 W	2159320	"/home/boggy/ref_rapl/scaphandre/target/release/scaphandre"
------------------------------------------------------------

Host:	55.053419 W from 
	package 	core		dram		uncore
Socket0	51.361656 W |	45.464024 W	4.539877 W	0 W	

Top 5 consumers:
Power		PID	Exe
0.9331088 W	2159342	"/home/boggy/ref_rapl/energy_exp_server/NPB3.4.3/NPB3.4-MPI/bin/mg.C.x"
0.9331088 W	2159320	"/home/boggy/ref_rapl/scaphandre/target/release/scaphandre"
0.9331088 W	2159340	"/home/boggy/ref_rapl/energy_exp_server/NPB3.4.3/NPB3.4-MPI/bin/mg.C.x"
0.9331088 W	2159343	"/home/boggy/ref_rapl/energy_exp_server/NPB3.4.3/NPB3.4-MPI/bin/mg.C.x"
0.9331088 W	2159341	"/home/boggy/ref_rapl/energy_exp_server/NPB3.4.3/NPB3.4-MPI/bin/mg.C.x"
------------------------------------------------------------

Host:	54.530244 W from 
	package 	core		dram		uncore
Socket0	50.605633 W |	45.38431 W	4.630306 W	0 W	

Top 5 consumers:
Power		PID	Exe
0.9242414 W	2159342	"/home/boggy/ref_rapl/energy_exp_server/NPB3.4.3/NPB3.4-MPI/bin/mg.C.x"
0.9242414 W	2159340	"/home/boggy/ref_rapl/energy_exp_server/NPB3.4.3/NPB3.4-MPI/bin/mg.C.x"
0.9242414 W	2159343	"/home/boggy/ref_rapl/energy_exp_server/NPB3.4.3/NPB3.4-MPI/bin/mg.C.x"
0.9242414 W	2159341	"/home/boggy/ref_rapl/energy_exp_server/NPB3.4.3/NPB3.4-MPI/bin/mg.C.x"
0.6161609 W	2159320	"/home/boggy/ref_rapl/scaphandre/target/release/scaphandre"
------------------------------------------------------------

Host:	55.22516 W from 
	package 	core		dram		uncore
Socket0	49.786655 W |	45.107555 W	4.703878 W	0 W	

Top 5 consumers:
Power		PID	Exe
0.95766175 W	2159342	"/home/boggy/ref_rapl/energy_exp_server/NPB3.4.3/NPB3.4-MPI/bin/mg.C.x"
0.95766175 W	2159320	"/home/boggy/ref_rapl/scaphandre/target/release/scaphandre"
0.95766175 W	2159340	"/home/boggy/ref_rapl/energy_exp_server/NPB3.4.3/NPB3.4-MPI/bin/mg.C.x"
0.95766175 W	2159343	"/home/boggy/ref_rapl/energy_exp_server/NPB3.4.3/NPB3.4-MPI/bin/mg.C.x"
0.95766175 W	2159341	"/home/boggy/ref_rapl/energy_exp_server/NPB3.4.3/NPB3.4-MPI/bin/mg.C.x"
------------------------------------------------------------

Host:	51.210561 W from 
	package 	core		dram		uncore
Socket0	48.297104 W |	43.115776 W	4.509253 W	0 W	

Top 5 consumers:
Power		PID	Exe
1.1840591 W	2159340	"/home/boggy/ref_rapl/energy_exp_server/NPB3.4.3/NPB3.4-MPI/bin/mg.C.x"
0.88804436 W	2159342	"/home/boggy/ref_rapl/energy_exp_server/NPB3.4.3/NPB3.4-MPI/bin/mg.C.x"
0.88804436 W	2159320	"/home/boggy/ref_rapl/scaphandre/target/release/scaphandre"
0.88804436 W	2159343	"/home/boggy/ref_rapl/energy_exp_server/NPB3.4.3/NPB3.4-MPI/bin/mg.C.x"
0.88804436 W	2159341	"/home/boggy/ref_rapl/energy_exp_server/NPB3.4.3/NPB3.4-MPI/bin/mg.C.x"
------------------------------------------------------------

Host:	53.007666 W from 
	package 	core		dram		uncore
Socket0	48.814667 W |	43.783085 W	4.100277 W	0 W	

Top 5 consumers:
Power		PID	Exe
1.2256106 W	2159342	"/home/boggy/ref_rapl/energy_exp_server/NPB3.4.3/NPB3.4-MPI/bin/mg.C.x"
0.91920805 W	2159340	"/home/boggy/ref_rapl/energy_exp_server/NPB3.4.3/NPB3.4-MPI/bin/mg.C.x"
0.91920805 W	2159343	"/home/boggy/ref_rapl/energy_exp_server/NPB3.4.3/NPB3.4-MPI/bin/mg.C.x"
0.91920805 W	2159341	"/home/boggy/ref_rapl/energy_exp_server/NPB3.4.3/NPB3.4-MPI/bin/mg.C.x"
0.6128053 W	2159320	"/home/boggy/ref_rapl/scaphandre/target/release/scaphandre"
------------------------------------------------------------

Host:	52.164814 W from 
	package 	core		dram		uncore
Socket0	47.91155 W |	42.946396 W	4.911875 W	0 W	

Top 5 consumers:
Power		PID	Exe
0.9045921 W	2159342	"/home/boggy/ref_rapl/energy_exp_server/NPB3.4.3/NPB3.4-MPI/bin/mg.C.x"
0.9045921 W	2159340	"/home/boggy/ref_rapl/energy_exp_server/NPB3.4.3/NPB3.4-MPI/bin/mg.C.x"
0.9045921 W	2159343	"/home/boggy/ref_rapl/energy_exp_server/NPB3.4.3/NPB3.4-MPI/bin/mg.C.x"
0.9045921 W	2159341	"/home/boggy/ref_rapl/energy_exp_server/NPB3.4.3/NPB3.4-MPI/bin/mg.C.x"
0.6030614 W	2159320	"/home/boggy/ref_rapl/scaphandre/target/release/scaphandre"
------------------------------------------------------------

Host:	54.062514 W from 
	package 	core		dram		uncore
Socket0	49.0404 W |	42.95628 W	4.719511 W	0 W	

Top 5 consumers:
Power		PID	Exe
1.2500002 W	2159343	"/home/boggy/ref_rapl/energy_exp_server/NPB3.4.3/NPB3.4-MPI/bin/mg.C.x"
0.93750024 W	2159342	"/home/boggy/ref_rapl/energy_exp_server/NPB3.4.3/NPB3.4-MPI/bin/mg.C.x"
0.93750024 W	2159320	"/home/boggy/ref_rapl/scaphandre/target/release/scaphandre"
0.93750024 W	2159340	"/home/boggy/ref_rapl/energy_exp_server/NPB3.4.3/NPB3.4-MPI/bin/mg.C.x"
0.93750024 W	2159341	"/home/boggy/ref_rapl/energy_exp_server/NPB3.4.3/NPB3.4-MPI/bin/mg.C.x"
------------------------------------------------------------

Host:	51.789541 W from 
	package 	core		dram		uncore
Socket0	47.9911 W |	43.002136 W	4.762147 W	0 W	

Top 5 consumers:
Power		PID	Exe
1.197446 W	2159341	"/home/boggy/ref_rapl/energy_exp_server/NPB3.4.3/NPB3.4-MPI/bin/mg.C.x"
0.8980845 W	2159342	"/home/boggy/ref_rapl/energy_exp_server/NPB3.4.3/NPB3.4-MPI/bin/mg.C.x"
0.8980845 W	2159320	"/home/boggy/ref_rapl/scaphandre/target/release/scaphandre"
0.8980845 W	2159340	"/home/boggy/ref_rapl/energy_exp_server/NPB3.4.3/NPB3.4-MPI/bin/mg.C.x"
0.8980845 W	2159343	"/home/boggy/ref_rapl/energy_exp_server/NPB3.4.3/NPB3.4-MPI/bin/mg.C.x"
------------------------------------------------------------

Host:	53.420566 W from 
	package 	core		dram		uncore
Socket0	46.99147 W |	42.944263 W	4.824084 W	0 W	

Top 5 consumers:
Power		PID	Exe
1.2351575 W	2159340	"/home/boggy/ref_rapl/energy_exp_server/NPB3.4.3/NPB3.4-MPI/bin/mg.C.x"
0.9263682 W	2159342	"/home/boggy/ref_rapl/energy_exp_server/NPB3.4.3/NPB3.4-MPI/bin/mg.C.x"
0.9263682 W	2159343	"/home/boggy/ref_rapl/energy_exp_server/NPB3.4.3/NPB3.4-MPI/bin/mg.C.x"
0.9263682 W	2159341	"/home/boggy/ref_rapl/energy_exp_server/NPB3.4.3/NPB3.4-MPI/bin/mg.C.x"
0.61757874 W	2159320	"/home/boggy/ref_rapl/scaphandre/target/release/scaphandre"
------------------------------------------------------------

Host:	53.566546 W from 
	package 	core		dram		uncore
Socket0	48.436672 W |	42.911327 W	4.797932 W	0 W	

Top 5 consumers:
Power		PID	Exe
1.183791 W	2159342	"/home/boggy/ref_rapl/energy_exp_server/NPB3.4.3/NPB3.4-MPI/bin/mg.C.x"
0.8878433 W	2159320	"/home/boggy/ref_rapl/scaphandre/target/release/scaphandre"
0.8878433 W	2159340	"/home/boggy/ref_rapl/energy_exp_server/NPB3.4.3/NPB3.4-MPI/bin/mg.C.x"
0.8878433 W	2159343	"/home/boggy/ref_rapl/energy_exp_server/NPB3.4.3/NPB3.4-MPI/bin/mg.C.x"
0.8878433 W	2159341	"/home/boggy/ref_rapl/energy_exp_server/NPB3.4.3/NPB3.4-MPI/bin/mg.C.x"
------------------------------------------------------------

Host:	51.322753 W from 
	package 	core		dram		uncore
Socket0	48.695217 W |	43.014244 W	4.689514 W	0 W	

Top 5 consumers:
Power		PID	Exe
0.85065335 W	2159342	"/home/boggy/ref_rapl/energy_exp_server/NPB3.4.3/NPB3.4-MPI/bin/mg.C.x"
0.85065335 W	2159340	"/home/boggy/ref_rapl/energy_exp_server/NPB3.4.3/NPB3.4-MPI/bin/mg.C.x"
0.85065335 W	2159343	"/home/boggy/ref_rapl/energy_exp_server/NPB3.4.3/NPB3.4-MPI/bin/mg.C.x"
0.85065335 W	2159341	"/home/boggy/ref_rapl/energy_exp_server/NPB3.4.3/NPB3.4-MPI/bin/mg.C.x"
0.56710225 W	2159320	"/home/boggy/ref_rapl/scaphandre/target/release/scaphandre"
------------------------------------------------------------

Host:	51.554025 W from 
	package 	core		dram		uncore
Socket0	46.53557 W |	41.939262 W	4.170015 W	0 W	

Top 5 consumers:
Power		PID	Exe
1.1393155 W	2159343	"/home/boggy/ref_rapl/energy_exp_server/NPB3.4.3/NPB3.4-MPI/bin/mg.C.x"
0.8544866 W	2159342	"/home/boggy/ref_rapl/energy_exp_server/NPB3.4.3/NPB3.4-MPI/bin/mg.C.x"
0.8544866 W	2159340	"/home/boggy/ref_rapl/energy_exp_server/NPB3.4.3/NPB3.4-MPI/bin/mg.C.x"
0.8544866 W	2159341	"/home/boggy/ref_rapl/energy_exp_server/NPB3.4.3/NPB3.4-MPI/bin/mg.C.x"
0.56965774 W	2159320	"/home/boggy/ref_rapl/scaphandre/target/release/scaphandre"
------------------------------------------------------------

Host:	50.299944 W from 
	package 	core		dram		uncore
Socket0	46.95151 W |	41.713993 W	4.534681 W	0 W	

Top 5 consumers:
Power		PID	Exe
0.8337008 W	2159342	"/home/boggy/ref_rapl/energy_exp_server/NPB3.4.3/NPB3.4-MPI/bin/mg.C.x"
0.8337008 W	2159320	"/home/boggy/ref_rapl/scaphandre/target/release/scaphandre"
0.8337008 W	2159340	"/home/boggy/ref_rapl/energy_exp_server/NPB3.4.3/NPB3.4-MPI/bin/mg.C.x"
0.8337008 W	2159343	"/home/boggy/ref_rapl/energy_exp_server/NPB3.4.3/NPB3.4-MPI/bin/mg.C.x"
0.8337008 W	2159341	"/home/boggy/ref_rapl/energy_exp_server/NPB3.4.3/NPB3.4-MPI/bin/mg.C.x"
------------------------------------------------------------

Host:	50.578392 W from 
	package 	core		dram		uncore
Socket0	46.923714 W |	41.53106 W	4.685613 W	0 W	

Top 5 consumers:
Power		PID	Exe
0.8383159 W	2159342	"/home/boggy/ref_rapl/energy_exp_server/NPB3.4.3/NPB3.4-MPI/bin/mg.C.x"
0.8383159 W	2159340	"/home/boggy/ref_rapl/energy_exp_server/NPB3.4.3/NPB3.4-MPI/bin/mg.C.x"
0.8383159 W	2159343	"/home/boggy/ref_rapl/energy_exp_server/NPB3.4.3/NPB3.4-MPI/bin/mg.C.x"
0.8383159 W	2159341	"/home/boggy/ref_rapl/energy_exp_server/NPB3.4.3/NPB3.4-MPI/bin/mg.C.x"
0.5588772 W	2159320	"/home/boggy/ref_rapl/scaphandre/target/release/scaphandre"
------------------------------------------------------------

Host:	45.022042 W from 
	package 	core		dram		uncore
Socket0	42.674652 W |	38.032894 W	4.517746 W	0 W	

Top 5 consumers:
Power		PID	Exe
1.4924433 W	2159320	"/home/boggy/ref_rapl/scaphandre/target/release/scaphandre"
1.2437028 W	2159342	"/home/boggy/ref_rapl/energy_exp_server/NPB3.4.3/NPB3.4-MPI/bin/mg.C.x"
1.2437028 W	2159340	"/home/boggy/ref_rapl/energy_exp_server/NPB3.4.3/NPB3.4-MPI/bin/mg.C.x"
1.2437028 W	2159343	"/home/boggy/ref_rapl/energy_exp_server/NPB3.4.3/NPB3.4-MPI/bin/mg.C.x"
1.2437028 W	2159341	"/home/boggy/ref_rapl/energy_exp_server/NPB3.4.3/NPB3.4-MPI/bin/mg.C.x"
------------------------------------------------------------

Host:	46.868336 W from 
	package 	core		dram		uncore
Socket0	41.484177 W |	35.751484 W	4.559071 W	0 W	

Top 5 consumers:
Power		PID	Exe
1.5118817 W	2159342	"/home/boggy/ref_rapl/energy_exp_server/NPB3.4.3/NPB3.4-MPI/bin/mg.C.x"
1.5118817 W	2159340	"/home/boggy/ref_rapl/energy_exp_server/NPB3.4.3/NPB3.4-MPI/bin/mg.C.x"
1.5118817 W	2159341	"/home/boggy/ref_rapl/energy_exp_server/NPB3.4.3/NPB3.4-MPI/bin/mg.C.x"
1.2599015 W	2159320	"/home/boggy/ref_rapl/scaphandre/target/release/scaphandre"
1.2599015 W	2159343	"/home/boggy/ref_rapl/energy_exp_server/NPB3.4.3/NPB3.4-MPI/bin/mg.C.x"
------------------------------------------------------------

Host:	47.857733 W from 
	package 	core		dram		uncore
Socket0	42.490566 W |	37.632526 W	4.578799 W	0 W	

Top 5 consumers:
Power		PID	Exe
1.0291986 W	2159343	"/home/boggy/ref_rapl/energy_exp_server/NPB3.4.3/NPB3.4-MPI/bin/mg.C.x"
1.0291986 W	2159341	"/home/boggy/ref_rapl/energy_exp_server/NPB3.4.3/NPB3.4-MPI/bin/mg.C.x"
0.77189887 W	2159342	"/home/boggy/ref_rapl/energy_exp_server/NPB3.4.3/NPB3.4-MPI/bin/mg.C.x"
0.77189887 W	2159320	"/home/boggy/ref_rapl/scaphandre/target/release/scaphandre"
0.77189887 W	2159340	"/home/boggy/ref_rapl/energy_exp_server/NPB3.4.3/NPB3.4-MPI/bin/mg.C.x"
------------------------------------------------------------

Host:	54.82865 W from 
	package 	core		dram		uncore
Socket0	45.601845 W |	40.966217 W	4.482558 W	0 W	

Top 5 consumers:
Power		PID	Exe
0.884333 W	2159342	"/home/boggy/ref_rapl/energy_exp_server/NPB3.4.3/NPB3.4-MPI/bin/mg.C.x"
0.884333 W	2159320	"/home/boggy/ref_rapl/scaphandre/target/release/scaphandre"
0.884333 W	2159340	"/home/boggy/ref_rapl/energy_exp_server/NPB3.4.3/NPB3.4-MPI/bin/mg.C.x"
0.884333 W	2159343	"/home/boggy/ref_rapl/energy_exp_server/NPB3.4.3/NPB3.4-MPI/bin/mg.C.x"
0.884333 W	2159341	"/home/boggy/ref_rapl/energy_exp_server/NPB3.4.3/NPB3.4-MPI/bin/mg.C.x"
------------------------------------------------------------

Host:	54.571638 W from 
	package 	core		dram		uncore
Socket0	51.424526 W |	46.984592 W	4.459257 W	0 W	

Top 5 consumers:
Power		PID	Exe
1.1735836 W	2159343	"/home/boggy/ref_rapl/energy_exp_server/NPB3.4.3/NPB3.4-MPI/bin/mg.C.x"
0.88018763 W	2159342	"/home/boggy/ref_rapl/energy_exp_server/NPB3.4.3/NPB3.4-MPI/bin/mg.C.x"
0.88018763 W	2159340	"/home/boggy/ref_rapl/energy_exp_server/NPB3.4.3/NPB3.4-MPI/bin/mg.C.x"
0.88018763 W	2159341	"/home/boggy/ref_rapl/energy_exp_server/NPB3.4.3/NPB3.4-MPI/bin/mg.C.x"
0.5867918 W	2159320	"/home/boggy/ref_rapl/scaphandre/target/release/scaphandre"
------------------------------------------------------------

Host:	50.756247 W from 
	package 	core		dram		uncore
Socket0	47.06806 W |	41.37143 W	4.423675 W	0 W	

Top 5 consumers:
Power		PID	Exe
1.0915322 W	2159342	"/home/boggy/ref_rapl/energy_exp_server/NPB3.4.3/NPB3.4-MPI/bin/mg.C.x"
1.0915322 W	2159340	"/home/boggy/ref_rapl/energy_exp_server/NPB3.4.3/NPB3.4-MPI/bin/mg.C.x"
0.81864905 W	2159320	"/home/boggy/ref_rapl/scaphandre/target/release/scaphandre"
0.81864905 W	2159343	"/home/boggy/ref_rapl/energy_exp_server/NPB3.4.3/NPB3.4-MPI/bin/mg.C.x"
0.81864905 W	2159341	"/home/boggy/ref_rapl/energy_exp_server/NPB3.4.3/NPB3.4-MPI/bin/mg.C.x"
------------------------------------------------------------

Host:	50.703472 W from 
	package 	core		dram		uncore
Socket0	46.300903 W |	40.86607 W	4.606407 W	0 W	

Top 5 consumers:
Power		PID	Exe
0.8177979 W	2159342	"/home/boggy/ref_rapl/energy_exp_server/NPB3.4.3/NPB3.4-MPI/bin/mg.C.x"
0.8177979 W	2159340	"/home/boggy/ref_rapl/energy_exp_server/NPB3.4.3/NPB3.4-MPI/bin/mg.C.x"
0.8177979 W	2159343	"/home/boggy/ref_rapl/energy_exp_server/NPB3.4.3/NPB3.4-MPI/bin/mg.C.x"
0.8177979 W	2159341	"/home/boggy/ref_rapl/energy_exp_server/NPB3.4.3/NPB3.4-MPI/bin/mg.C.x"
0.5451986 W	2159320	"/home/boggy/ref_rapl/scaphandre/target/release/scaphandre"
------------------------------------------------------------

Host:	51.238839 W from 
	package 	core		dram		uncore
Socket0	47.2461 W |	40.87301 W	4.534733 W	0 W	

Top 5 consumers:
Power		PID	Exe
0.8264328 W	2159342	"/home/boggy/ref_rapl/energy_exp_server/NPB3.4.3/NPB3.4-MPI/bin/mg.C.x"
0.8264328 W	2159340	"/home/boggy/ref_rapl/energy_exp_server/NPB3.4.3/NPB3.4-MPI/bin/mg.C.x"
0.8264328 W	2159343	"/home/boggy/ref_rapl/energy_exp_server/NPB3.4.3/NPB3.4-MPI/bin/mg.C.x"
0.8264328 W	2159341	"/home/boggy/ref_rapl/energy_exp_server/NPB3.4.3/NPB3.4-MPI/bin/mg.C.x"
0.5509553 W	2159320	"/home/boggy/ref_rapl/scaphandre/target/release/scaphandre"
------------------------------------------------------------

Host:	54.287034 W from 
	package 	core		dram		uncore
Socket0	47.591785 W |	42.733456 W	4.734292 W	0 W	

Top 5 consumers:
Power		PID	Exe
0.90478396 W	2159342	"/home/boggy/ref_rapl/energy_exp_server/NPB3.4.3/NPB3.4-MPI/bin/mg.C.x"
0.90478396 W	2159320	"/home/boggy/ref_rapl/scaphandre/target/release/scaphandre"
0.90478396 W	2159340	"/home/boggy/ref_rapl/energy_exp_server/NPB3.4.3/NPB3.4-MPI/bin/mg.C.x"
0.90478396 W	2159343	"/home/boggy/ref_rapl/energy_exp_server/NPB3.4.3/NPB3.4-MPI/bin/mg.C.x"
0.90478396 W	2159341	"/home/boggy/ref_rapl/energy_exp_server/NPB3.4.3/NPB3.4-MPI/bin/mg.C.x"
------------------------------------------------------------

Host:	52.942544 W from 
	package 	core		dram		uncore
Socket0	48.08137 W |	42.901375 W	4.785257 W	0 W	

Top 5 consumers:
Power		PID	Exe
1.176501 W	2159343	"/home/boggy/ref_rapl/energy_exp_server/NPB3.4.3/NPB3.4-MPI/bin/mg.C.x"
0.8823758 W	2159342	"/home/boggy/ref_rapl/energy_exp_server/NPB3.4.3/NPB3.4-MPI/bin/mg.C.x"
0.8823758 W	2159320	"/home/boggy/ref_rapl/scaphandre/target/release/scaphandre"
0.8823758 W	2159340	"/home/boggy/ref_rapl/energy_exp_server/NPB3.4.3/NPB3.4-MPI/bin/mg.C.x"
0.8823758 W	2159341	"/home/boggy/ref_rapl/energy_exp_server/NPB3.4.3/NPB3.4-MPI/bin/mg.C.x"
------------------------------------------------------------

Host:	52.756796 W from 
	package 	core		dram		uncore
Socket0	48.03549 W |	42.85365 W	4.786923 W	0 W	

Top 5 consumers:
Power		PID	Exe
1.1723733 W	2159341	"/home/boggy/ref_rapl/energy_exp_server/NPB3.4.3/NPB3.4-MPI/bin/mg.C.x"
0.87928 W	2159342	"/home/boggy/ref_rapl/energy_exp_server/NPB3.4.3/NPB3.4-MPI/bin/mg.C.x"
0.87928 W	2159340	"/home/boggy/ref_rapl/energy_exp_server/NPB3.4.3/NPB3.4-MPI/bin/mg.C.x"
0.87928 W	2159343	"/home/boggy/ref_rapl/energy_exp_server/NPB3.4.3/NPB3.4-MPI/bin/mg.C.x"
0.58618665 W	2159320	"/home/boggy/ref_rapl/scaphandre/target/release/scaphandre"
------------------------------------------------------------

Host:	51.355547 W from 
	package 	core		dram		uncore
Socket0	48.14995 W |	42.779217 W	4.793633 W	0 W	

Top 5 consumers:
Power		PID	Exe
0.8559258 W	2159342	"/home/boggy/ref_rapl/energy_exp_server/NPB3.4.3/NPB3.4-MPI/bin/mg.C.x"
0.8559258 W	2159340	"/home/boggy/ref_rapl/energy_exp_server/NPB3.4.3/NPB3.4-MPI/bin/mg.C.x"
0.8559258 W	2159343	"/home/boggy/ref_rapl/energy_exp_server/NPB3.4.3/NPB3.4-MPI/bin/mg.C.x"
0.8559258 W	2159341	"/home/boggy/ref_rapl/energy_exp_server/NPB3.4.3/NPB3.4-MPI/bin/mg.C.x"
0.5706172 W	2159320	"/home/boggy/ref_rapl/scaphandre/target/release/scaphandre"
------------------------------------------------------------

Host:	53.344611 W from 
	package 	core		dram		uncore
Socket0	47.023598 W |	42.98848 W	4.823002 W	0 W	

Top 5 consumers:
Power		PID	Exe
1.1854359 W	2159342	"/home/boggy/ref_rapl/energy_exp_server/NPB3.4.3/NPB3.4-MPI/bin/mg.C.x"
1.1854359 W	2159340	"/home/boggy/ref_rapl/energy_exp_server/NPB3.4.3/NPB3.4-MPI/bin/mg.C.x"
0.8890769 W	2159320	"/home/boggy/ref_rapl/scaphandre/target/release/scaphandre"
0.8890769 W	2159343	"/home/boggy/ref_rapl/energy_exp_server/NPB3.4.3/NPB3.4-MPI/bin/mg.C.x"
0.8890769 W	2159341	"/home/boggy/ref_rapl/energy_exp_server/NPB3.4.3/NPB3.4-MPI/bin/mg.C.x"
------------------------------------------------------------

Host:	52.621572 W from 
	package 	core		dram		uncore
Socket0	48.34405 W |	42.8494 W	4.805141 W	0 W	

Top 5 consumers:
Power		PID	Exe
0.87702626 W	2159342	"/home/boggy/ref_rapl/energy_exp_server/NPB3.4.3/NPB3.4-MPI/bin/mg.C.x"
0.87702626 W	2159340	"/home/boggy/ref_rapl/energy_exp_server/NPB3.4.3/NPB3.4-MPI/bin/mg.C.x"
0.87702626 W	2159343	"/home/boggy/ref_rapl/energy_exp_server/NPB3.4.3/NPB3.4-MPI/bin/mg.C.x"
0.87702626 W	2159341	"/home/boggy/ref_rapl/energy_exp_server/NPB3.4.3/NPB3.4-MPI/bin/mg.C.x"
0.5846842 W	2159320	"/home/boggy/ref_rapl/scaphandre/target/release/scaphandre"
------------------------------------------------------------

Host:	51.919264 W from 
	package 	core		dram		uncore
Socket0	47.833817 W |	41.719498 W	4.684716 W	0 W	

Top 5 consumers:
Power		PID	Exe
1.1537615 W	2159342	"/home/boggy/ref_rapl/energy_exp_server/NPB3.4.3/NPB3.4-MPI/bin/mg.C.x"
1.1537615 W	2159343	"/home/boggy/ref_rapl/energy_exp_server/NPB3.4.3/NPB3.4-MPI/bin/mg.C.x"
0.8653211 W	2159320	"/home/boggy/ref_rapl/scaphandre/target/release/scaphandre"
0.8653211 W	2159340	"/home/boggy/ref_rapl/energy_exp_server/NPB3.4.3/NPB3.4-MPI/bin/mg.C.x"
0.8653211 W	2159341	"/home/boggy/ref_rapl/energy_exp_server/NPB3.4.3/NPB3.4-MPI/bin/mg.C.x"
------------------------------------------------------------

Host:	54.437519 W from 
	package 	core		dram		uncore
Socket0	48.16295 W |	44.314877 W	4.419993 W	0 W	

Top 5 consumers:
Power		PID	Exe
0.907292 W	2159342	"/home/boggy/ref_rapl/energy_exp_server/NPB3.4.3/NPB3.4-MPI/bin/mg.C.x"
0.907292 W	2159340	"/home/boggy/ref_rapl/energy_exp_server/NPB3.4.3/NPB3.4-MPI/bin/mg.C.x"
0.907292 W	2159343	"/home/boggy/ref_rapl/energy_exp_server/NPB3.4.3/NPB3.4-MPI/bin/mg.C.x"
0.907292 W	2159341	"/home/boggy/ref_rapl/energy_exp_server/NPB3.4.3/NPB3.4-MPI/bin/mg.C.x"
0.6048614 W	2159320	"/home/boggy/ref_rapl/scaphandre/target/release/scaphandre"
------------------------------------------------------------

Host:	56.9336 W from 
	package 	core		dram		uncore
Socket0	51.416058 W |	45.406418 W	4.558896 W	0 W	

Top 5 consumers:
Power		PID	Exe
0.94889337 W	2159342	"/home/boggy/ref_rapl/energy_exp_server/NPB3.4.3/NPB3.4-MPI/bin/mg.C.x"
0.94889337 W	2159340	"/home/boggy/ref_rapl/energy_exp_server/NPB3.4.3/NPB3.4-MPI/bin/mg.C.x"
0.94889337 W	2159343	"/home/boggy/ref_rapl/energy_exp_server/NPB3.4.3/NPB3.4-MPI/bin/mg.C.x"
0.94889337 W	2159341	"/home/boggy/ref_rapl/energy_exp_server/NPB3.4.3/NPB3.4-MPI/bin/mg.C.x"
0.63259554 W	2159320	"/home/boggy/ref_rapl/scaphandre/target/release/scaphandre"
------------------------------------------------------------

Host:	54.784581 W from 
	package 	core		dram		uncore
Socket0	50.293633 W |	45.55991 W	4.590205 W	0 W	

Top 5 consumers:
Power		PID	Exe
0.9130764 W	2159342	"/home/boggy/ref_rapl/energy_exp_server/NPB3.4.3/NPB3.4-MPI/bin/mg.C.x"
0.9130764 W	2159320	"/home/boggy/ref_rapl/scaphandre/target/release/scaphandre"
0.9130764 W	2159340	"/home/boggy/ref_rapl/energy_exp_server/NPB3.4.3/NPB3.4-MPI/bin/mg.C.x"
0.9130764 W	2159343	"/home/boggy/ref_rapl/energy_exp_server/NPB3.4.3/NPB3.4-MPI/bin/mg.C.x"
0.9130764 W	2159341	"/home/boggy/ref_rapl/energy_exp_server/NPB3.4.3/NPB3.4-MPI/bin/mg.C.x"
------------------------------------------------------------

Host:	55.046852 W from 
	package 	core		dram		uncore
Socket0	50.591145 W |	45.41137 W	4.615199 W	0 W	

Top 5 consumers:
Power		PID	Exe
0.91744757 W	2159342	"/home/boggy/ref_rapl/energy_exp_server/NPB3.4.3/NPB3.4-MPI/bin/mg.C.x"
0.91744757 W	2159320	"/home/boggy/ref_rapl/scaphandre/target/release/scaphandre"
0.91744757 W	2159340	"/home/boggy/ref_rapl/energy_exp_server/NPB3.4.3/NPB3.4-MPI/bin/mg.C.x"
0.91744757 W	2159343	"/home/boggy/ref_rapl/energy_exp_server/NPB3.4.3/NPB3.4-MPI/bin/mg.C.x"
0.91744757 W	2159341	"/home/boggy/ref_rapl/energy_exp_server/NPB3.4.3/NPB3.4-MPI/bin/mg.C.x"
------------------------------------------------------------

Host:	54.981072 W from 
	package 	core		dram		uncore
Socket0	50.20843 W |	45.552925 W	4.729216 W	0 W	

Top 5 consumers:
Power		PID	Exe
0.91635126 W	2159342	"/home/boggy/ref_rapl/energy_exp_server/NPB3.4.3/NPB3.4-MPI/bin/mg.C.x"
0.91635126 W	2159340	"/home/boggy/ref_rapl/energy_exp_server/NPB3.4.3/NPB3.4-MPI/bin/mg.C.x"
0.91635126 W	2159343	"/home/boggy/ref_rapl/energy_exp_server/NPB3.4.3/NPB3.4-MPI/bin/mg.C.x"
0.91635126 W	2159341	"/home/boggy/ref_rapl/energy_exp_server/NPB3.4.3/NPB3.4-MPI/bin/mg.C.x"
0.6109008 W	2159320	"/home/boggy/ref_rapl/scaphandre/target/release/scaphandre"
------------------------------------------------------------

Host:	53.120339 W from 
	package 	core		dram		uncore
Socket0	50.334965 W |	45.464314 W	4.580293 W	0 W	

Top 5 consumers:
Power		PID	Exe
0.885339 W	2159342	"/home/boggy/ref_rapl/energy_exp_server/NPB3.4.3/NPB3.4-MPI/bin/mg.C.x"
0.885339 W	2159340	"/home/boggy/ref_rapl/energy_exp_server/NPB3.4.3/NPB3.4-MPI/bin/mg.C.x"
0.885339 W	2159343	"/home/boggy/ref_rapl/energy_exp_server/NPB3.4.3/NPB3.4-MPI/bin/mg.C.x"
0.885339 W	2159341	"/home/boggy/ref_rapl/energy_exp_server/NPB3.4.3/NPB3.4-MPI/bin/mg.C.x"
0.590226 W	2159320	"/home/boggy/ref_rapl/scaphandre/target/release/scaphandre"
------------------------------------------------------------

Host:	53.440085 W from 
	package 	core		dram		uncore
Socket0	48.629128 W |	43.099285 W	4.325902 W	0 W	

Top 5 consumers:
Power		PID	Exe
0.89066815 W	2159342	"/home/boggy/ref_rapl/energy_exp_server/NPB3.4.3/NPB3.4-MPI/bin/mg.C.x"
0.89066815 W	2159320	"/home/boggy/ref_rapl/scaphandre/target/release/scaphandre"
0.89066815 W	2159340	"/home/boggy/ref_rapl/energy_exp_server/NPB3.4.3/NPB3.4-MPI/bin/mg.C.x"
0.89066815 W	2159343	"/home/boggy/ref_rapl/energy_exp_server/NPB3.4.3/NPB3.4-MPI/bin/mg.C.x"
0.89066815 W	2159341	"/home/boggy/ref_rapl/energy_exp_server/NPB3.4.3/NPB3.4-MPI/bin/mg.C.x"
------------------------------------------------------------

Host:	52.656114 W from 
	package 	core		dram		uncore
Socket0	48.88504 W |	44.079964 W	4.114346 W	0 W	

Top 5 consumers:
Power		PID	Exe
1.2462987 W	2159341	"/home/boggy/ref_rapl/energy_exp_server/NPB3.4.3/NPB3.4-MPI/bin/mg.C.x"
0.9347239 W	2159342	"/home/boggy/ref_rapl/energy_exp_server/NPB3.4.3/NPB3.4-MPI/bin/mg.C.x"
0.9347239 W	2159340	"/home/boggy/ref_rapl/energy_exp_server/NPB3.4.3/NPB3.4-MPI/bin/mg.C.x"
0.9347239 W	2159343	"/home/boggy/ref_rapl/energy_exp_server/NPB3.4.3/NPB3.4-MPI/bin/mg.C.x"
0.62314934 W	2159320	"/home/boggy/ref_rapl/scaphandre/target/release/scaphandre"
------------------------------------------------------------

Host:	53.108816 W from 
	package 	core		dram		uncore
Socket0	48.0292 W |	43.131065 W	4.759832 W	0 W	

Top 5 consumers:
Power		PID	Exe
0.94276005 W	2159342	"/home/boggy/ref_rapl/energy_exp_server/NPB3.4.3/NPB3.4-MPI/bin/mg.C.x"
0.94276005 W	2159340	"/home/boggy/ref_rapl/energy_exp_server/NPB3.4.3/NPB3.4-MPI/bin/mg.C.x"
0.94276005 W	2159343	"/home/boggy/ref_rapl/energy_exp_server/NPB3.4.3/NPB3.4-MPI/bin/mg.C.x"
0.94276005 W	2159341	"/home/boggy/ref_rapl/energy_exp_server/NPB3.4.3/NPB3.4-MPI/bin/mg.C.x"
0.62850666 W	2159320	"/home/boggy/ref_rapl/scaphandre/target/release/scaphandre"
------------------------------------------------------------

Host:	53.014191 W from 
	package 	core		dram		uncore
Socket0	48.47725 W |	43.150715 W	4.800324 W	0 W	

Top 5 consumers:
Power		PID	Exe
1.2547737 W	2159342	"/home/boggy/ref_rapl/energy_exp_server/NPB3.4.3/NPB3.4-MPI/bin/mg.C.x"
1.2547737 W	2159340	"/home/boggy/ref_rapl/energy_exp_server/NPB3.4.3/NPB3.4-MPI/bin/mg.C.x"
0.94108033 W	2159320	"/home/boggy/ref_rapl/scaphandre/target/release/scaphandre"
0.94108033 W	2159343	"/home/boggy/ref_rapl/energy_exp_server/NPB3.4.3/NPB3.4-MPI/bin/mg.C.x"
0.94108033 W	2159341	"/home/boggy/ref_rapl/energy_exp_server/NPB3.4.3/NPB3.4-MPI/bin/mg.C.x"
------------------------------------------------------------

Host:	52.6383 W from 
	package 	core		dram		uncore
Socket0	47.976196 W |	42.94264 W	4.768173 W	0 W	

Top 5 consumers:
Power		PID	Exe
0.9344077 W	2159342	"/home/boggy/ref_rapl/energy_exp_server/NPB3.4.3/NPB3.4-MPI/bin/mg.C.x"
0.9344077 W	2159340	"/home/boggy/ref_rapl/energy_exp_server/NPB3.4.3/NPB3.4-MPI/bin/mg.C.x"
0.9344077 W	2159343	"/home/boggy/ref_rapl/energy_exp_server/NPB3.4.3/NPB3.4-MPI/bin/mg.C.x"
0.9344077 W	2159341	"/home/boggy/ref_rapl/energy_exp_server/NPB3.4.3/NPB3.4-MPI/bin/mg.C.x"
0.6229385 W	2159320	"/home/boggy/ref_rapl/scaphandre/target/release/scaphandre"
------------------------------------------------------------

Host:	53.483802 W from 
	package 	core		dram		uncore
Socket0	48.249153 W |	43.12035 W	4.782569 W	0 W	

Top 5 consumers:
Power		PID	Exe
0.94941664 W	2159342	"/home/boggy/ref_rapl/energy_exp_server/NPB3.4.3/NPB3.4-MPI/bin/mg.C.x"
0.94941664 W	2159320	"/home/boggy/ref_rapl/scaphandre/target/release/scaphandre"
0.94941664 W	2159340	"/home/boggy/ref_rapl/energy_exp_server/NPB3.4.3/NPB3.4-MPI/bin/mg.C.x"
0.94941664 W	2159343	"/home/boggy/ref_rapl/energy_exp_server/NPB3.4.3/NPB3.4-MPI/bin/mg.C.x"
0.94941664 W	2159341	"/home/boggy/ref_rapl/energy_exp_server/NPB3.4.3/NPB3.4-MPI/bin/mg.C.x"
------------------------------------------------------------

Host:	53.241912 W from 
	package 	core		dram		uncore
Socket0	48.225742 W |	43.145344 W	4.781851 W	0 W	

Top 5 consumers:
Power		PID	Exe
1.2601637 W	2159343	"/home/boggy/ref_rapl/energy_exp_server/NPB3.4.3/NPB3.4-MPI/bin/mg.C.x"
0.94512266 W	2159342	"/home/boggy/ref_rapl/energy_exp_server/NPB3.4.3/NPB3.4-MPI/bin/mg.C.x"
0.94512266 W	2159340	"/home/boggy/ref_rapl/energy_exp_server/NPB3.4.3/NPB3.4-MPI/bin/mg.C.x"
0.94512266 W	2159341	"/home/boggy/ref_rapl/energy_exp_server/NPB3.4.3/NPB3.4-MPI/bin/mg.C.x"
0.63008183 W	2159320	"/home/boggy/ref_rapl/scaphandre/target/release/scaphandre"
------------------------------------------------------------

Host:	50.720344 W from 
	package 	core		dram		uncore
Socket0	48.570732 W |	43.03041 W	4.655132 W	0 W	

Top 5 consumers:
Power		PID	Exe
1.2004815 W	2159341	"/home/boggy/ref_rapl/energy_exp_server/NPB3.4.3/NPB3.4-MPI/bin/mg.C.x"
0.9003611 W	2159342	"/home/boggy/ref_rapl/energy_exp_server/NPB3.4.3/NPB3.4-MPI/bin/mg.C.x"
0.9003611 W	2159340	"/home/boggy/ref_rapl/energy_exp_server/NPB3.4.3/NPB3.4-MPI/bin/mg.C.x"
0.9003611 W	2159343	"/home/boggy/ref_rapl/energy_exp_server/NPB3.4.3/NPB3.4-MPI/bin/mg.C.x"
0.60024077 W	2159320	"/home/boggy/ref_rapl/scaphandre/target/release/scaphandre"
------------------------------------------------------------

Host:	52.424342 W from 
	package 	core		dram		uncore
Socket0	46.591763 W |	42.487892 W	4.030194 W	0 W	

Top 5 consumers:
Power		PID	Exe
1.1780751 W	2159320	"/home/boggy/ref_rapl/scaphandre/target/release/scaphandre"
1.1780751 W	2159340	"/home/boggy/ref_rapl/energy_exp_server/NPB3.4.3/NPB3.4-MPI/bin/mg.C.x"
0.8835563 W	2159342	"/home/boggy/ref_rapl/energy_exp_server/NPB3.4.3/NPB3.4-MPI/bin/mg.C.x"
0.8835563 W	2159343	"/home/boggy/ref_rapl/energy_exp_server/NPB3.4.3/NPB3.4-MPI/bin/mg.C.x"
0.8835563 W	2159341	"/home/boggy/ref_rapl/energy_exp_server/NPB3.4.3/NPB3.4-MPI/bin/mg.C.x"
------------------------------------------------------------

Host:	51.856528 W from 
	package 	core		dram		uncore
Socket0	47.04514 W |	41.645733 W	4.7207 W	0 W	

Top 5 consumers:
Power		PID	Exe
0.87398636 W	2159342	"/home/boggy/ref_rapl/energy_exp_server/NPB3.4.3/NPB3.4-MPI/bin/mg.C.x"
0.87398636 W	2159340	"/home/boggy/ref_rapl/energy_exp_server/NPB3.4.3/NPB3.4-MPI/bin/mg.C.x"
0.87398636 W	2159343	"/home/boggy/ref_rapl/energy_exp_server/NPB3.4.3/NPB3.4-MPI/bin/mg.C.x"
0.87398636 W	2159341	"/home/boggy/ref_rapl/energy_exp_server/NPB3.4.3/NPB3.4-MPI/bin/mg.C.x"
0.58265764 W	2159320	"/home/boggy/ref_rapl/scaphandre/target/release/scaphandre"
------------------------------------------------------------

Host:	50.86272 W from 
	package 	core		dram		uncore
Socket0	47.16272 W |	41.91402 W	4.515462 W	0 W	

Top 5 consumers:
Power		PID	Exe
1.1429825 W	2159342	"/home/boggy/ref_rapl/energy_exp_server/NPB3.4.3/NPB3.4-MPI/bin/mg.C.x"
0.8572368 W	2159320	"/home/boggy/ref_rapl/scaphandre/target/release/scaphandre"
0.8572368 W	2159340	"/home/boggy/ref_rapl/energy_exp_server/NPB3.4.3/NPB3.4-MPI/bin/mg.C.x"
0.8572368 W	2159343	"/home/boggy/ref_rapl/energy_exp_server/NPB3.4.3/NPB3.4-MPI/bin/mg.C.x"
0.28574562 W	684	""
------------------------------------------------------------

Host:	45.698332 W from 
	package 	core		dram		uncore
Socket0	45.199966 W |	39.77111 W	4.593645 W	0 W	

Top 5 consumers:
Power		PID	Exe
1.0269288 W	2159342	"/home/boggy/ref_rapl/energy_exp_server/NPB3.4.3/NPB3.4-MPI/bin/mg.C.x"
1.0269288 W	2159340	"/home/boggy/ref_rapl/energy_exp_server/NPB3.4.3/NPB3.4-MPI/bin/mg.C.x"
1.0269288 W	2159343	"/home/boggy/ref_rapl/energy_exp_server/NPB3.4.3/NPB3.4-MPI/bin/mg.C.x"
1.0269288 W	2159341	"/home/boggy/ref_rapl/energy_exp_server/NPB3.4.3/NPB3.4-MPI/bin/mg.C.x"
0.5134644 W	2159320	"/home/boggy/ref_rapl/scaphandre/target/release/scaphandre"
------------------------------------------------------------

Host:	45.765393 W from 
	package 	core		dram		uncore
Socket0	40.8005 W |	35.87468 W	4.534412 W	0 W	

Top 5 consumers:
Power		PID	Exe
1.5426537 W	2159320	"/home/boggy/ref_rapl/scaphandre/target/release/scaphandre"
1.5426537 W	2159340	"/home/boggy/ref_rapl/energy_exp_server/NPB3.4.3/NPB3.4-MPI/bin/mg.C.x"
1.5426537 W	2159343	"/home/boggy/ref_rapl/energy_exp_server/NPB3.4.3/NPB3.4-MPI/bin/mg.C.x"
1.2855448 W	2159342	"/home/boggy/ref_rapl/energy_exp_server/NPB3.4.3/NPB3.4-MPI/bin/mg.C.x"
1.2855448 W	2159341	"/home/boggy/ref_rapl/energy_exp_server/NPB3.4.3/NPB3.4-MPI/bin/mg.C.x"
------------------------------------------------------------

Host:	47.701672 W from 
	package 	core		dram		uncore
Socket0	42.53 W |	36.839977 W	4.564285 W	0 W	

Top 5 consumers:
Power		PID	Exe
1.4906772 W	2159342	"/home/boggy/ref_rapl/energy_exp_server/NPB3.4.3/NPB3.4-MPI/bin/mg.C.x"
1.4906772 W	2159320	"/home/boggy/ref_rapl/scaphandre/target/release/scaphandre"
1.4906772 W	2159340	"/home/boggy/ref_rapl/energy_exp_server/NPB3.4.3/NPB3.4-MPI/bin/mg.C.x"
1.4906772 W	2159341	"/home/boggy/ref_rapl/energy_exp_server/NPB3.4.3/NPB3.4-MPI/bin/mg.C.x"
1.1925417 W	2159343	"/home/boggy/ref_rapl/energy_exp_server/NPB3.4.3/NPB3.4-MPI/bin/mg.C.x"
------------------------------------------------------------

Host:	54.993037 W from 
	package 	core		dram		uncore
Socket0	44.142166 W |	39.47913 W	4.529637 W	0 W	

Top 5 consumers:
Power		PID	Exe
1.0311195 W	2159342	"/home/boggy/ref_rapl/energy_exp_server/NPB3.4.3/NPB3.4-MPI/bin/mg.C.x"
1.0311195 W	2159320	"/home/boggy/ref_rapl/scaphandre/target/release/scaphandre"
1.0311195 W	2159340	"/home/boggy/ref_rapl/energy_exp_server/NPB3.4.3/NPB3.4-MPI/bin/mg.C.x"
1.0311195 W	2159343	"/home/boggy/ref_rapl/energy_exp_server/NPB3.4.3/NPB3.4-MPI/bin/mg.C.x"
1.0311195 W	2159341	"/home/boggy/ref_rapl/energy_exp_server/NPB3.4.3/NPB3.4-MPI/bin/mg.C.x"
------------------------------------------------------------

Host:	55.507176 W from 
	package 	core		dram		uncore
Socket0	51.95168 W |	46.967125 W	4.414479 W	0 W	

Top 5 consumers:
Power		PID	Exe
1.3876793 W	2159341	"/home/boggy/ref_rapl/energy_exp_server/NPB3.4.3/NPB3.4-MPI/bin/mg.C.x"
1.0407597 W	2159342	"/home/boggy/ref_rapl/energy_exp_server/NPB3.4.3/NPB3.4-MPI/bin/mg.C.x"
1.0407597 W	2159340	"/home/boggy/ref_rapl/energy_exp_server/NPB3.4.3/NPB3.4-MPI/bin/mg.C.x"
1.0407597 W	2159343	"/home/boggy/ref_rapl/energy_exp_server/NPB3.4.3/NPB3.4-MPI/bin/mg.C.x"
0.69383967 W	2159320	"/home/boggy/ref_rapl/scaphandre/target/release/scaphandre"
------------------------------------------------------------

Host:	49.615747 W from 
	package 	core		dram		uncore
Socket0	47.941555 W |	42.653473 W	4.435513 W	0 W	

Top 5 consumers:
Power		PID	Exe
1.2403936 W	2159343	"/home/boggy/ref_rapl/energy_exp_server/NPB3.4.3/NPB3.4-MPI/bin/mg.C.x"
0.9302953 W	2159342	"/home/boggy/ref_rapl/energy_exp_server/NPB3.4.3/NPB3.4-MPI/bin/mg.C.x"
0.9302953 W	2159320	"/home/boggy/ref_rapl/scaphandre/target/release/scaphandre"
0.9302953 W	2159340	"/home/boggy/ref_rapl/energy_exp_server/NPB3.4.3/NPB3.4-MPI/bin/mg.C.x"
0.9302953 W	2159341	"/home/boggy/ref_rapl/energy_exp_server/NPB3.4.3/NPB3.4-MPI/bin/mg.C.x"
------------------------------------------------------------

Host:	51.890873 W from 
	package 	core		dram		uncore
Socket0	46.631737 W |	40.873615 W	4.633834 W	0 W	

Top 5 consumers:
Power		PID	Exe
0.9729539 W	2159342	"/home/boggy/ref_rapl/energy_exp_server/NPB3.4.3/NPB3.4-MPI/bin/mg.C.x"
0.9729539 W	2159340	"/home/boggy/ref_rapl/energy_exp_server/NPB3.4.3/NPB3.4-MPI/bin/mg.C.x"
0.9729539 W	2159343	"/home/boggy/ref_rapl/energy_exp_server/NPB3.4.3/NPB3.4-MPI/bin/mg.C.x"
0.9729539 W	2159341	"/home/boggy/ref_rapl/energy_exp_server/NPB3.4.3/NPB3.4-MPI/bin/mg.C.x"
0.6486359 W	2159320	"/home/boggy/ref_rapl/scaphandre/target/release/scaphandre"
------------------------------------------------------------

Host:	51.034026 W from 
	package 	core		dram		uncore
Socket0	45.491577 W |	40.87946 W	4.65593 W	0 W	

Top 5 consumers:
Power		PID	Exe
1.2758507 W	2159341	"/home/boggy/ref_rapl/energy_exp_server/NPB3.4.3/NPB3.4-MPI/bin/mg.C.x"
0.9568881 W	2159342	"/home/boggy/ref_rapl/energy_exp_server/NPB3.4.3/NPB3.4-MPI/bin/mg.C.x"
0.9568881 W	2159340	"/home/boggy/ref_rapl/energy_exp_server/NPB3.4.3/NPB3.4-MPI/bin/mg.C.x"
0.9568881 W	2159343	"/home/boggy/ref_rapl/energy_exp_server/NPB3.4.3/NPB3.4-MPI/bin/mg.C.x"
0.6379253 W	2159320	"/home/boggy/ref_rapl/scaphandre/target/release/scaphandre"
------------------------------------------------------------

Host:	53.014528 W from 
	package 	core		dram		uncore
Socket0	48.935165 W |	42.816586 W	4.706645 W	0 W	

Top 5 consumers:
Power		PID	Exe
1.3253633 W	2159342	"/home/boggy/ref_rapl/energy_exp_server/NPB3.4.3/NPB3.4-MPI/bin/mg.C.x"
1.3253633 W	2159320	"/home/boggy/ref_rapl/scaphandre/target/release/scaphandre"
0.9940224 W	2159340	"/home/boggy/ref_rapl/energy_exp_server/NPB3.4.3/NPB3.4-MPI/bin/mg.C.x"
0.9940224 W	2159343	"/home/boggy/ref_rapl/energy_exp_server/NPB3.4.3/NPB3.4-MPI/bin/mg.C.x"
0.9940224 W	2159341	"/home/boggy/ref_rapl/energy_exp_server/NPB3.4.3/NPB3.4-MPI/bin/mg.C.x"
------------------------------------------------------------

Host:	54.343975 W from 
	package 	core		dram		uncore
Socket0	48.113403 W |	43.03907 W	4.768776 W	0 W	

Top 5 consumers:
Power		PID	Exe
1.2009717 W	2159340	"/home/boggy/ref_rapl/energy_exp_server/NPB3.4.3/NPB3.4-MPI/bin/mg.C.x"
0.9007289 W	2159342	"/home/boggy/ref_rapl/energy_exp_server/NPB3.4.3/NPB3.4-MPI/bin/mg.C.x"
0.9007289 W	2159343	"/home/boggy/ref_rapl/energy_exp_server/NPB3.4.3/NPB3.4-MPI/bin/mg.C.x"
0.9007289 W	2159341	"/home/boggy/ref_rapl/energy_exp_server/NPB3.4.3/NPB3.4-MPI/bin/mg.C.x"
0.60048586 W	2159320	"/home/boggy/ref_rapl/scaphandre/target/release/scaphandre"
------------------------------------------------------------

Host:	50.951551 W from 
	package 	core		dram		uncore
Socket0	48.193344 W |	43.10551 W	4.775806 W	0 W	

Top 5 consumers:
Power		PID	Exe
1.6890017 W	2159343	"/home/boggy/ref_rapl/energy_exp_server/NPB3.4.3/NPB3.4-MPI/bin/mg.C.x"
1.6890017 W	2159341	"/home/boggy/ref_rapl/energy_exp_server/NPB3.4.3/NPB3.4-MPI/bin/mg.C.x"
1.4075013 W	2159342	"/home/boggy/ref_rapl/energy_exp_server/NPB3.4.3/NPB3.4-MPI/bin/mg.C.x"
1.4075013 W	2159340	"/home/boggy/ref_rapl/energy_exp_server/NPB3.4.3/NPB3.4-MPI/bin/mg.C.x"
0.56300056 W	2159320	"/home/boggy/ref_rapl/scaphandre/target/release/scaphandre"
------------------------------------------------------------

Host:	51.759933 W from 
	package 	core		dram		uncore
Socket0	46.2508 W |	41.461617 W	4.818342 W	0 W	

Top 5 consumers:
Power		PID	Exe
1.7157989 W	2159342	"/home/boggy/ref_rapl/energy_exp_server/NPB3.4.3/NPB3.4-MPI/bin/mg.C.x"
1.7157989 W	2159340	"/home/boggy/ref_rapl/energy_exp_server/NPB3.4.3/NPB3.4-MPI/bin/mg.C.x"
1.7157989 W	2159343	"/home/boggy/ref_rapl/energy_exp_server/NPB3.4.3/NPB3.4-MPI/bin/mg.C.x"
1.4298323 W	2159341	"/home/boggy/ref_rapl/energy_exp_server/NPB3.4.3/NPB3.4-MPI/bin/mg.C.x"
0.8578994 W	2159320	"/home/boggy/ref_rapl/scaphandre/target/release/scaphandre"
------------------------------------------------------------

Host:	51.058929 W from 
	package 	core		dram		uncore
Socket0	47.019615 W |	41.58602 W	4.723425 W	0 W	

Top 5 consumers:
Power		PID	Exe
1.6925611 W	2159342	"/home/boggy/ref_rapl/energy_exp_server/NPB3.4.3/NPB3.4-MPI/bin/mg.C.x"
1.6925611 W	2159340	"/home/boggy/ref_rapl/energy_exp_server/NPB3.4.3/NPB3.4-MPI/bin/mg.C.x"
1.6925611 W	2159341	"/home/boggy/ref_rapl/energy_exp_server/NPB3.4.3/NPB3.4-MPI/bin/mg.C.x"
1.4104676 W	2159343	"/home/boggy/ref_rapl/energy_exp_server/NPB3.4.3/NPB3.4-MPI/bin/mg.C.x"
0.56418705 W	2159320	"/home/boggy/ref_rapl/scaphandre/target/release/scaphandre"
------------------------------------------------------------

Host:	53.871214 W from 
	package 	core		dram		uncore
Socket0	47.612297 W |	42.294598 W	4.615551 W	0 W	

Top 5 consumers:
Power		PID	Exe
1.7662692 W	2159343	"/home/boggy/ref_rapl/energy_exp_server/NPB3.4.3/NPB3.4-MPI/bin/mg.C.x"
1.4718912 W	2159342	"/home/boggy/ref_rapl/energy_exp_server/NPB3.4.3/NPB3.4-MPI/bin/mg.C.x"
1.4718912 W	2159340	"/home/boggy/ref_rapl/energy_exp_server/NPB3.4.3/NPB3.4-MPI/bin/mg.C.x"
1.4718912 W	2159341	"/home/boggy/ref_rapl/energy_exp_server/NPB3.4.3/NPB3.4-MPI/bin/mg.C.x"
0.8831346 W	2159320	"/home/boggy/ref_rapl/scaphandre/target/release/scaphandre"
------------------------------------------------------------

Host:	54.32629 W from 
	package 	core		dram		uncore
Socket0	49.291004 W |	43.995037 W	4.645477 W	0 W	

Top 5 consumers:
Power		PID	Exe
1.7811898 W	2159342	"/home/boggy/ref_rapl/energy_exp_server/NPB3.4.3/NPB3.4-MPI/bin/mg.C.x"
1.7811898 W	2159340	"/home/boggy/ref_rapl/energy_exp_server/NPB3.4.3/NPB3.4-MPI/bin/mg.C.x"
1.7811898 W	2159341	"/home/boggy/ref_rapl/energy_exp_server/NPB3.4.3/NPB3.4-MPI/bin/mg.C.x"
1.4843249 W	2159343	"/home/boggy/ref_rapl/energy_exp_server/NPB3.4.3/NPB3.4-MPI/bin/mg.C.x"
0.5937299 W	2159320	"/home/boggy/ref_rapl/scaphandre/target/release/scaphandre"
------------------------------------------------------------

Host:	52.431675 W from 
	package 	core		dram		uncore
Socket0	48.608112 W |	43.929577 W	4.587099 W	0 W	

Top 5 consumers:
Power		PID	Exe
1.7190713 W	2159343	"/home/boggy/ref_rapl/energy_exp_server/NPB3.4.3/NPB3.4-MPI/bin/mg.C.x"
1.7190713 W	2159341	"/home/boggy/ref_rapl/energy_exp_server/NPB3.4.3/NPB3.4-MPI/bin/mg.C.x"
1.4325594 W	2159342	"/home/boggy/ref_rapl/energy_exp_server/NPB3.4.3/NPB3.4-MPI/bin/mg.C.x"
1.4325594 W	2159340	"/home/boggy/ref_rapl/energy_exp_server/NPB3.4.3/NPB3.4-MPI/bin/mg.C.x"
0.57302374 W	2159320	"/home/boggy/ref_rapl/scaphandre/target/release/scaphandre"
------------------------------------------------------------

Host:	50.664667 W from 
	package 	core		dram		uncore
Socket0	47.68455 W |	42.50906 W	4.511215 W	0 W	

Top 5 consumers:
Power		PID	Exe
1.6611366 W	2159342	"/home/boggy/ref_rapl/energy_exp_server/NPB3.4.3/NPB3.4-MPI/bin/mg.C.x"
1.6611366 W	2159340	"/home/boggy/ref_rapl/energy_exp_server/NPB3.4.3/NPB3.4-MPI/bin/mg.C.x"
1.3842804 W	2159343	"/home/boggy/ref_rapl/energy_exp_server/NPB3.4.3/NPB3.4-MPI/bin/mg.C.x"
1.3842804 W	2159341	"/home/boggy/ref_rapl/energy_exp_server/NPB3.4.3/NPB3.4-MPI/bin/mg.C.x"
0.8305683 W	2159320	"/home/boggy/ref_rapl/scaphandre/target/release/scaphandre"
------------------------------------------------------------

Host:	51.697236 W from 
	package 	core		dram		uncore
Socket0	46.99467 W |	41.856644 W	4.560364 W	0 W	

Top 5 consumers:
Power		PID	Exe
1.7328682 W	2159342	"/home/boggy/ref_rapl/energy_exp_server/NPB3.4.3/NPB3.4-MPI/bin/mg.C.x"
1.7328682 W	2159340	"/home/boggy/ref_rapl/energy_exp_server/NPB3.4.3/NPB3.4-MPI/bin/mg.C.x"
1.7328682 W	2159343	"/home/boggy/ref_rapl/energy_exp_server/NPB3.4.3/NPB3.4-MPI/bin/mg.C.x"
1.7328682 W	2159341	"/home/boggy/ref_rapl/energy_exp_server/NPB3.4.3/NPB3.4-MPI/bin/mg.C.x"
0.5776228 W	2159320	"/home/boggy/ref_rapl/scaphandre/target/release/scaphandre"
------------------------------------------------------------

Host:	51.127236 W from 
	package 	core		dram		uncore
Socket0	46.84867 W |	41.52585 W	4.792163 W	0 W	

Top 5 consumers:
Power		PID	Exe
1.7137622 W	2159342	"/home/boggy/ref_rapl/energy_exp_server/NPB3.4.3/NPB3.4-MPI/bin/mg.C.x"
1.7137622 W	2159343	"/home/boggy/ref_rapl/energy_exp_server/NPB3.4.3/NPB3.4-MPI/bin/mg.C.x"
1.7137622 W	2159341	"/home/boggy/ref_rapl/energy_exp_server/NPB3.4.3/NPB3.4-MPI/bin/mg.C.x"
1.4281352 W	2159340	"/home/boggy/ref_rapl/energy_exp_server/NPB3.4.3/NPB3.4-MPI/bin/mg.C.x"
0.8568811 W	2159320	"/home/boggy/ref_rapl/scaphandre/target/release/scaphandre"
------------------------------------------------------------

Host:	52.04505 W from 
	package 	core		dram		uncore
Socket0	46.641205 W |	41.56797 W	4.764778 W	0 W	

Top 5 consumers:
Power		PID	Exe
1.7445269 W	2159340	"/home/boggy/ref_rapl/energy_exp_server/NPB3.4.3/NPB3.4-MPI/bin/mg.C.x"
1.7445269 W	2159343	"/home/boggy/ref_rapl/energy_exp_server/NPB3.4.3/NPB3.4-MPI/bin/mg.C.x"
1.4537724 W	2159342	"/home/boggy/ref_rapl/energy_exp_server/NPB3.4.3/NPB3.4-MPI/bin/mg.C.x"
1.4537724 W	2159341	"/home/boggy/ref_rapl/energy_exp_server/NPB3.4.3/NPB3.4-MPI/bin/mg.C.x"
0.87226343 W	2159320	"/home/boggy/ref_rapl/scaphandre/target/release/scaphandre"
------------------------------------------------------------

Host:	48.812797 W from 
	package 	core		dram		uncore
Socket0	45.29261 W |	40.664627 W	4.789266 W	0 W	

Top 5 consumers:
Power		PID	Exe
1.6361833 W	2159342	"/home/boggy/ref_rapl/energy_exp_server/NPB3.4.3/NPB3.4-MPI/bin/mg.C.x"
1.6361833 W	2159340	"/home/boggy/ref_rapl/energy_exp_server/NPB3.4.3/NPB3.4-MPI/bin/mg.C.x"
1.6361833 W	2159343	"/home/boggy/ref_rapl/energy_exp_server/NPB3.4.3/NPB3.4-MPI/bin/mg.C.x"
1.6361833 W	2159341	"/home/boggy/ref_rapl/energy_exp_server/NPB3.4.3/NPB3.4-MPI/bin/mg.C.x"
0.54539436 W	2159320	"/home/boggy/ref_rapl/scaphandre/target/release/scaphandre"
------------------------------------------------------------

Host:	48.100597 W from 
	package 	core		dram		uncore
Socket0	45.47999 W |	40.18328 W	4.569332 W	0 W	

Top 5 consumers:
Power		PID	Exe
1.5600194 W	2159342	"/home/boggy/ref_rapl/energy_exp_server/NPB3.4.3/NPB3.4-MPI/bin/mg.C.x"
1.5600194 W	2159340	"/home/boggy/ref_rapl/energy_exp_server/NPB3.4.3/NPB3.4-MPI/bin/mg.C.x"
1.5600194 W	2159343	"/home/boggy/ref_rapl/energy_exp_server/NPB3.4.3/NPB3.4-MPI/bin/mg.C.x"
1.5600194 W	2159341	"/home/boggy/ref_rapl/energy_exp_server/NPB3.4.3/NPB3.4-MPI/bin/mg.C.x"
1.040013 W	2159320	"/home/boggy/ref_rapl/scaphandre/target/release/scaphandre"
------------------------------------------------------------

Host:	45.481116 W from 
	package 	core		dram		uncore
Socket0	41.980324 W |	37.04915 W	4.580045 W	0 W	

Top 5 consumers:
Power		PID	Exe
1.720907 W	2159342	"/home/boggy/ref_rapl/energy_exp_server/NPB3.4.3/NPB3.4-MPI/bin/mg.C.x"
1.720907 W	2159341	"/home/boggy/ref_rapl/energy_exp_server/NPB3.4.3/NPB3.4-MPI/bin/mg.C.x"
1.4750632 W	2159340	"/home/boggy/ref_rapl/energy_exp_server/NPB3.4.3/NPB3.4-MPI/bin/mg.C.x"
1.4750632 W	2159343	"/home/boggy/ref_rapl/energy_exp_server/NPB3.4.3/NPB3.4-MPI/bin/mg.C.x"
1.2292193 W	2159320	"/home/boggy/ref_rapl/scaphandre/target/release/scaphandre"
------------------------------------------------------------

Host:	48.606785 W from 
	package 	core		dram		uncore
Socket0	41.660107 W |	35.83101 W	4.567404 W	0 W	

Top 5 consumers:
Power		PID	Exe
1.3136969 W	2159320	"/home/boggy/ref_rapl/scaphandre/target/release/scaphandre"
1.3136969 W	2159340	"/home/boggy/ref_rapl/energy_exp_server/NPB3.4.3/NPB3.4-MPI/bin/mg.C.x"
1.0509577 W	2159342	"/home/boggy/ref_rapl/energy_exp_server/NPB3.4.3/NPB3.4-MPI/bin/mg.C.x"
1.0509577 W	2159343	"/home/boggy/ref_rapl/energy_exp_server/NPB3.4.3/NPB3.4-MPI/bin/mg.C.x"
1.0509577 W	2159341	"/home/boggy/ref_rapl/energy_exp_server/NPB3.4.3/NPB3.4-MPI/bin/mg.C.x"
------------------------------------------------------------

Host:	50.629178 W from 
	package 	core		dram		uncore
Socket0	42.794807 W |	38.66076 W	4.599874 W	0 W	

Top 5 consumers:
Power		PID	Exe
1.094685 W	2159320	"/home/boggy/ref_rapl/scaphandre/target/release/scaphandre"
0.8210137 W	2159342	"/home/boggy/ref_rapl/energy_exp_server/NPB3.4.3/NPB3.4-MPI/bin/mg.C.x"
0.8210137 W	2159340	"/home/boggy/ref_rapl/energy_exp_server/NPB3.4.3/NPB3.4-MPI/bin/mg.C.x"
0.8210137 W	2159343	"/home/boggy/ref_rapl/energy_exp_server/NPB3.4.3/NPB3.4-MPI/bin/mg.C.x"
0.8210137 W	2159341	"/home/boggy/ref_rapl/energy_exp_server/NPB3.4.3/NPB3.4-MPI/bin/mg.C.x"
------------------------------------------------------------

Host:	54.020381 W from 
	package 	core		dram		uncore
Socket0	52.92413 W |	47.619743 W	4.48085 W	0 W	

Top 5 consumers:
Power		PID	Exe
0.58400416 W	2159342	"/home/boggy/ref_rapl/energy_exp_server/NPB3.4.3/NPB3.4-MPI/bin/mg.C.x"
0.58400416 W	2159320	"/home/boggy/ref_rapl/scaphandre/target/release/scaphandre"
0.58400416 W	2159340	"/home/boggy/ref_rapl/energy_exp_server/NPB3.4.3/NPB3.4-MPI/bin/mg.C.x"
0.58400416 W	2159343	"/home/boggy/ref_rapl/energy_exp_server/NPB3.4.3/NPB3.4-MPI/bin/mg.C.x"
0.58400416 W	2159341	"/home/boggy/ref_rapl/energy_exp_server/NPB3.4.3/NPB3.4-MPI/bin/mg.C.x"
------------------------------------------------------------

Host:	55.22159 W from 
	package 	core		dram		uncore
Socket0	51.27837 W |	46.857567 W	4.136861 W	0 W	

Top 5 consumers:
Power		PID	Exe
1.1939803 W	2159343	"/home/boggy/ref_rapl/energy_exp_server/NPB3.4.3/NPB3.4-MPI/bin/mg.C.x"
0.8954852 W	2159342	"/home/boggy/ref_rapl/energy_exp_server/NPB3.4.3/NPB3.4-MPI/bin/mg.C.x"
0.8954852 W	2159340	"/home/boggy/ref_rapl/energy_exp_server/NPB3.4.3/NPB3.4-MPI/bin/mg.C.x"
0.8954852 W	2159341	"/home/boggy/ref_rapl/energy_exp_server/NPB3.4.3/NPB3.4-MPI/bin/mg.C.x"
0.59699017 W	2159320	"/home/boggy/ref_rapl/scaphandre/target/release/scaphandre"
------------------------------------------------------------

Host:	51.574957 W from 
	package 	core		dram		uncore
Socket0	48.979862 W |	42.600594 W	4.408456 W	0 W	

Top 5 consumers:
Power		PID	Exe
1.1335156 W	2159341	"/home/boggy/ref_rapl/energy_exp_server/NPB3.4.3/NPB3.4-MPI/bin/mg.C.x"
0.85013676 W	2159342	"/home/boggy/ref_rapl/energy_exp_server/NPB3.4.3/NPB3.4-MPI/bin/mg.C.x"
0.85013676 W	2159320	"/home/boggy/ref_rapl/scaphandre/target/release/scaphandre"
0.85013676 W	2159340	"/home/boggy/ref_rapl/energy_exp_server/NPB3.4.3/NPB3.4-MPI/bin/mg.C.x"
0.85013676 W	2159343	"/home/boggy/ref_rapl/energy_exp_server/NPB3.4.3/NPB3.4-MPI/bin/mg.C.x"
------------------------------------------------------------

Host:	49.797935 W from 
	package 	core		dram		uncore
Socket0	45.846737 W |	41.11561 W	4.674386 W	0 W	

Top 5 consumers:
Power		PID	Exe
0.8208451 W	2159342	"/home/boggy/ref_rapl/energy_exp_server/NPB3.4.3/NPB3.4-MPI/bin/mg.C.x"
0.8208451 W	2159340	"/home/boggy/ref_rapl/energy_exp_server/NPB3.4.3/NPB3.4-MPI/bin/mg.C.x"
0.8208451 W	2159343	"/home/boggy/ref_rapl/energy_exp_server/NPB3.4.3/NPB3.4-MPI/bin/mg.C.x"
0.8208451 W	2159341	"/home/boggy/ref_rapl/energy_exp_server/NPB3.4.3/NPB3.4-MPI/bin/mg.C.x"
0.54723006 W	2159320	"/home/boggy/ref_rapl/scaphandre/target/release/scaphandre"
------------------------------------------------------------

Host:	52.310902 W from 
	package 	core		dram		uncore
Socket0	46.326904 W |	40.958443 W	4.594588 W	0 W	

Top 5 consumers:
Power		PID	Exe
1.1496903 W	2159342	"/home/boggy/ref_rapl/energy_exp_server/NPB3.4.3/NPB3.4-MPI/bin/mg.C.x"
1.1496903 W	2159340	"/home/boggy/ref_rapl/energy_exp_server/NPB3.4.3/NPB3.4-MPI/bin/mg.C.x"
0.8622677 W	2159343	"/home/boggy/ref_rapl/energy_exp_server/NPB3.4.3/NPB3.4-MPI/bin/mg.C.x"
0.8622677 W	2159341	"/home/boggy/ref_rapl/energy_exp_server/NPB3.4.3/NPB3.4-MPI/bin/mg.C.x"
0.57484514 W	2159320	"/home/boggy/ref_rapl/scaphandre/target/release/scaphandre"
------------------------------------------------------------

Host:	54.473344 W from 
	package 	core		dram		uncore
Socket0	49.03649 W |	43.136433 W	4.71039 W	0 W	

Top 5 consumers:
Power		PID	Exe
1.1972164 W	2159320	"/home/boggy/ref_rapl/scaphandre/target/release/scaphandre"
1.1972164 W	2159343	"/home/boggy/ref_rapl/energy_exp_server/NPB3.4.3/NPB3.4-MPI/bin/mg.C.x"
0.8979123 W	2159342	"/home/boggy/ref_rapl/energy_exp_server/NPB3.4.3/NPB3.4-MPI/bin/mg.C.x"
0.8979123 W	2159340	"/home/boggy/ref_rapl/energy_exp_server/NPB3.4.3/NPB3.4-MPI/bin/mg.C.x"
0.8979123 W	2159341	"/home/boggy/ref_rapl/energy_exp_server/NPB3.4.3/NPB3.4-MPI/bin/mg.C.x"
------------------------------------------------------------

Host:	52.093386 W from 
	package 	core		dram		uncore
Socket0	48.173096 W |	43.141956 W	4.76885 W	0 W	

Top 5 consumers:
Power		PID	Exe
1.1449096 W	2159341	"/home/boggy/ref_rapl/energy_exp_server/NPB3.4.3/NPB3.4-MPI/bin/mg.C.x"
0.8586823 W	2159342	"/home/boggy/ref_rapl/energy_exp_server/NPB3.4.3/NPB3.4-MPI/bin/mg.C.x"
0.8586823 W	2159340	"/home/boggy/ref_rapl/energy_exp_server/NPB3.4.3/NPB3.4-MPI/bin/mg.C.x"
0.8586823 W	2159343	"/home/boggy/ref_rapl/energy_exp_server/NPB3.4.3/NPB3.4-MPI/bin/mg.C.x"
0.5724548 W	2159320	"/home/boggy/ref_rapl/scaphandre/target/release/scaphandre"
------------------------------------------------------------

Host:	53.656079 W from 
	package 	core		dram		uncore
Socket0	48.560863 W |	43.03563 W	4.816078 W	0 W	

Top 5 consumers:
Power		PID	Exe
1.1792545 W	2159342	"/home/boggy/ref_rapl/energy_exp_server/NPB3.4.3/NPB3.4-MPI/bin/mg.C.x"
0.88444096 W	2159340	"/home/boggy/ref_rapl/energy_exp_server/NPB3.4.3/NPB3.4-MPI/bin/mg.C.x"
0.88444096 W	2159343	"/home/boggy/ref_rapl/energy_exp_server/NPB3.4.3/NPB3.4-MPI/bin/mg.C.x"
0.88444096 W	2159341	"/home/boggy/ref_rapl/energy_exp_server/NPB3.4.3/NPB3.4-MPI/bin/mg.C.x"
0.58962727 W	2159320	"/home/boggy/ref_rapl/scaphandre/target/release/scaphandre"
------------------------------------------------------------

Host:	52.140366 W from 
	package 	core		dram		uncore
Socket0	47.3027 W |	43.196198 W	4.808662 W	0 W	

Top 5 consumers:
Power		PID	Exe
1.2954129 W	2159320	"/home/boggy/ref_rapl/scaphandre/target/release/scaphandre"
1.2954129 W	2159340	"/home/boggy/ref_rapl/energy_exp_server/NPB3.4.3/NPB3.4-MPI/bin/mg.C.x"
0.97155964 W	2159342	"/home/boggy/ref_rapl/energy_exp_server/NPB3.4.3/NPB3.4-MPI/bin/mg.C.x"
0.97155964 W	2159343	"/home/boggy/ref_rapl/energy_exp_server/NPB3.4.3/NPB3.4-MPI/bin/mg.C.x"
0.97155964 W	2159341	"/home/boggy/ref_rapl/energy_exp_server/NPB3.4.3/NPB3.4-MPI/bin/mg.C.x"
------------------------------------------------------------

Host:	54.499046 W from 
	package 	core		dram		uncore
Socket0	49.01107 W |	43.1082 W	4.715942 W	0 W	

Top 5 consumers:
Power		PID	Exe
1.3540134 W	2159343	"/home/boggy/ref_rapl/energy_exp_server/NPB3.4.3/NPB3.4-MPI/bin/mg.C.x"
1.0155102 W	2159342	"/home/boggy/ref_rapl/energy_exp_server/NPB3.4.3/NPB3.4-MPI/bin/mg.C.x"
1.0155102 W	2159340	"/home/boggy/ref_rapl/energy_exp_server/NPB3.4.3/NPB3.4-MPI/bin/mg.C.x"
1.0155102 W	2159341	"/home/boggy/ref_rapl/energy_exp_server/NPB3.4.3/NPB3.4-MPI/bin/mg.C.x"
0.6770067 W	2159320	"/home/boggy/ref_rapl/scaphandre/target/release/scaphandre"
------------------------------------------------------------

Host:	51.391408 W from 
	package 	core		dram		uncore
Socket0	48.060436 W |	43.25974 W	4.758285 W	0 W	

Top 5 consumers:
Power		PID	Exe
1.2768052 W	2159341	"/home/boggy/ref_rapl/energy_exp_server/NPB3.4.3/NPB3.4-MPI/bin/mg.C.x"
0.9576039 W	2159342	"/home/boggy/ref_rapl/energy_exp_server/NPB3.4.3/NPB3.4-MPI/bin/mg.C.x"
0.9576039 W	2159340	"/home/boggy/ref_rapl/energy_exp_server/NPB3.4.3/NPB3.4-MPI/bin/mg.C.x"
0.9576039 W	2159343	"/home/boggy/ref_rapl/energy_exp_server/NPB3.4.3/NPB3.4-MPI/bin/mg.C.x"
0.6384026 W	2159320	"/home/boggy/ref_rapl/scaphandre/target/release/scaphandre"
------------------------------------------------------------

Host:	54.029658 W from 
	package 	core		dram		uncore
Socket0	47.20701 W |	42.203735 W	4.657758 W	0 W	

Top 5 consumers:
Power		PID	Exe
1.3423518 W	2159342	"/home/boggy/ref_rapl/energy_exp_server/NPB3.4.3/NPB3.4-MPI/bin/mg.C.x"
1.3423518 W	2159340	"/home/boggy/ref_rapl/energy_exp_server/NPB3.4.3/NPB3.4-MPI/bin/mg.C.x"
1.0067638 W	2159320	"/home/boggy/ref_rapl/scaphandre/target/release/scaphandre"
1.0067638 W	2159343	"/home/boggy/ref_rapl/energy_exp_server/NPB3.4.3/NPB3.4-MPI/bin/mg.C.x"
1.0067638 W	2159341	"/home/boggy/ref_rapl/energy_exp_server/NPB3.4.3/NPB3.4-MPI/bin/mg.C.x"
------------------------------------------------------------

Host:	54.792871 W from 
	package 	core		dram		uncore
Socket0	49.611546 W |	45.108894 W	4.657412 W	0 W	

Top 5 consumers:
Power		PID	Exe
1.0209852 W	2159342	"/home/boggy/ref_rapl/energy_exp_server/NPB3.4.3/NPB3.4-MPI/bin/mg.C.x"
1.0209852 W	2159340	"/home/boggy/ref_rapl/energy_exp_server/NPB3.4.3/NPB3.4-MPI/bin/mg.C.x"
1.0209852 W	2159343	"/home/boggy/ref_rapl/energy_exp_server/NPB3.4.3/NPB3.4-MPI/bin/mg.C.x"
1.0209852 W	2159341	"/home/boggy/ref_rapl/energy_exp_server/NPB3.4.3/NPB3.4-MPI/bin/mg.C.x"
0.68065673 W	2159320	"/home/boggy/ref_rapl/scaphandre/target/release/scaphandre"
------------------------------------------------------------

Host:	54.791181 W from 
	package 	core		dram		uncore
Socket0	50.48184 W |	45.458023 W	4.613927 W	0 W	

Top 5 consumers:
Power		PID	Exe
1.0209537 W	2159342	"/home/boggy/ref_rapl/energy_exp_server/NPB3.4.3/NPB3.4-MPI/bin/mg.C.x"
1.0209537 W	2159340	"/home/boggy/ref_rapl/energy_exp_server/NPB3.4.3/NPB3.4-MPI/bin/mg.C.x"
1.0209537 W	2159343	"/home/boggy/ref_rapl/energy_exp_server/NPB3.4.3/NPB3.4-MPI/bin/mg.C.x"
1.0209537 W	2159341	"/home/boggy/ref_rapl/energy_exp_server/NPB3.4.3/NPB3.4-MPI/bin/mg.C.x"
0.6806358 W	2159320	"/home/boggy/ref_rapl/scaphandre/target/release/scaphandre"
------------------------------------------------------------

Host:	56.719991 W from 
	package 	core		dram		uncore
Socket0	51.797775 W |	45.613937 W	4.566513 W	0 W	

Top 5 consumers:
Power		PID	Exe
1.0568943 W	2159342	"/home/boggy/ref_rapl/energy_exp_server/NPB3.4.3/NPB3.4-MPI/bin/mg.C.x"
1.0568943 W	2159320	"/home/boggy/ref_rapl/scaphandre/target/release/scaphandre"
1.0568943 W	2159340	"/home/boggy/ref_rapl/energy_exp_server/NPB3.4.3/NPB3.4-MPI/bin/mg.C.x"
1.0568943 W	2159343	"/home/boggy/ref_rapl/energy_exp_server/NPB3.4.3/NPB3.4-MPI/bin/mg.C.x"
1.0568943 W	2159341	"/home/boggy/ref_rapl/energy_exp_server/NPB3.4.3/NPB3.4-MPI/bin/mg.C.x"
------------------------------------------------------------

Host:	54.594924 W from 
	package 	core		dram		uncore
Socket0	50.399216 W |	45.787537 W	4.576258 W	0 W	

Top 5 consumers:
Power		PID	Exe
0.94129175 W	2159342	"/home/boggy/ref_rapl/energy_exp_server/NPB3.4.3/NPB3.4-MPI/bin/mg.C.x"
0.94129175 W	2159320	"/home/boggy/ref_rapl/scaphandre/target/release/scaphandre"
0.94129175 W	2159340	"/home/boggy/ref_rapl/energy_exp_server/NPB3.4.3/NPB3.4-MPI/bin/mg.C.x"
0.94129175 W	2159343	"/home/boggy/ref_rapl/energy_exp_server/NPB3.4.3/NPB3.4-MPI/bin/mg.C.x"
0.94129175 W	2159341	"/home/boggy/ref_rapl/energy_exp_server/NPB3.4.3/NPB3.4-MPI/bin/mg.C.x"
------------------------------------------------------------

Host:	55.325533 W from 
	package 	core		dram		uncore
Socket0	50.27996 W |	45.780537 W	4.697002 W	0 W	

Top 5 consumers:
Power		PID	Exe
0.9538885 W	2159342	"/home/boggy/ref_rapl/energy_exp_server/NPB3.4.3/NPB3.4-MPI/bin/mg.C.x"
0.9538885 W	2159340	"/home/boggy/ref_rapl/energy_exp_server/NPB3.4.3/NPB3.4-MPI/bin/mg.C.x"
0.9538885 W	2159343	"/home/boggy/ref_rapl/energy_exp_server/NPB3.4.3/NPB3.4-MPI/bin/mg.C.x"
0.9538885 W	2159341	"/home/boggy/ref_rapl/energy_exp_server/NPB3.4.3/NPB3.4-MPI/bin/mg.C.x"
0.63592565 W	2159320	"/home/boggy/ref_rapl/scaphandre/target/release/scaphandre"
------------------------------------------------------------

Host:	52.846666 W from 
	package 	core		dram		uncore
Socket0	52.354378 W |	45.667873 W	4.595825 W	0 W	

Top 5 consumers:
Power		PID	Exe
0.9111494 W	2159342	"/home/boggy/ref_rapl/energy_exp_server/NPB3.4.3/NPB3.4-MPI/bin/mg.C.x"
0.9111494 W	2159340	"/home/boggy/ref_rapl/energy_exp_server/NPB3.4.3/NPB3.4-MPI/bin/mg.C.x"
0.9111494 W	2159343	"/home/boggy/ref_rapl/energy_exp_server/NPB3.4.3/NPB3.4-MPI/bin/mg.C.x"
0.9111494 W	2159341	"/home/boggy/ref_rapl/energy_exp_server/NPB3.4.3/NPB3.4-MPI/bin/mg.C.x"
0.60743296 W	2159320	"/home/boggy/ref_rapl/scaphandre/target/release/scaphandre"
------------------------------------------------------------

Host:	52.568537 W from 
	package 	core		dram		uncore
Socket0	46.446457 W |	43.211746 W	3.714522 W	0 W	

Top 5 consumers:
Power		PID	Exe
0.90635407 W	2159342	"/home/boggy/ref_rapl/energy_exp_server/NPB3.4.3/NPB3.4-MPI/bin/mg.C.x"
0.90635407 W	2159340	"/home/boggy/ref_rapl/energy_exp_server/NPB3.4.3/NPB3.4-MPI/bin/mg.C.x"
0.90635407 W	2159343	"/home/boggy/ref_rapl/energy_exp_server/NPB3.4.3/NPB3.4-MPI/bin/mg.C.x"
0.90635407 W	2159341	"/home/boggy/ref_rapl/energy_exp_server/NPB3.4.3/NPB3.4-MPI/bin/mg.C.x"
0.60423607 W	2159320	"/home/boggy/ref_rapl/scaphandre/target/release/scaphandre"
------------------------------------------------------------

Host:	54.556421 W from 
	package 	core		dram		uncore
Socket0	49.64386 W |	43.46946 W	4.579662 W	0 W	

Top 5 consumers:
Power		PID	Exe
0.94062793 W	2159342	"/home/boggy/ref_rapl/energy_exp_server/NPB3.4.3/NPB3.4-MPI/bin/mg.C.x"
0.94062793 W	2159320	"/home/boggy/ref_rapl/scaphandre/target/release/scaphandre"
0.94062793 W	2159340	"/home/boggy/ref_rapl/energy_exp_server/NPB3.4.3/NPB3.4-MPI/bin/mg.C.x"
0.94062793 W	2159343	"/home/boggy/ref_rapl/energy_exp_server/NPB3.4.3/NPB3.4-MPI/bin/mg.C.x"
0.94062793 W	2159341	"/home/boggy/ref_rapl/energy_exp_server/NPB3.4.3/NPB3.4-MPI/bin/mg.C.x"
------------------------------------------------------------

Host:	52.380532 W from 
	package 	core		dram		uncore
Socket0	48.075237 W |	43.323784 W	4.742316 W	0 W	

Top 5 consumers:
Power		PID	Exe
1.2041501 W	2159343	"/home/boggy/ref_rapl/energy_exp_server/NPB3.4.3/NPB3.4-MPI/bin/mg.C.x"
0.90311265 W	2159342	"/home/boggy/ref_rapl/energy_exp_server/NPB3.4.3/NPB3.4-MPI/bin/mg.C.x"
0.90311265 W	2159340	"/home/boggy/ref_rapl/energy_exp_server/NPB3.4.3/NPB3.4-MPI/bin/mg.C.x"
0.90311265 W	2159341	"/home/boggy/ref_rapl/energy_exp_server/NPB3.4.3/NPB3.4-MPI/bin/mg.C.x"
0.60207504 W	2159320	"/home/boggy/ref_rapl/scaphandre/target/release/scaphandre"
------------------------------------------------------------

Host:	52.955724 W from 
	package 	core		dram		uncore
Socket0	47.969273 W |	43.200687 W	4.879761 W	0 W	

Top 5 consumers:
Power		PID	Exe
1.217373 W	2159341	"/home/boggy/ref_rapl/energy_exp_server/NPB3.4.3/NPB3.4-MPI/bin/mg.C.x"
0.9130297 W	2159342	"/home/boggy/ref_rapl/energy_exp_server/NPB3.4.3/NPB3.4-MPI/bin/mg.C.x"
0.9130297 W	2159320	"/home/boggy/ref_rapl/scaphandre/target/release/scaphandre"
0.9130297 W	2159340	"/home/boggy/ref_rapl/energy_exp_server/NPB3.4.3/NPB3.4-MPI/bin/mg.C.x"
0.9130297 W	2159343	"/home/boggy/ref_rapl/energy_exp_server/NPB3.4.3/NPB3.4-MPI/bin/mg.C.x"
------------------------------------------------------------

Host:	53.926319 W from 
	package 	core		dram		uncore
Socket0	48.054 W |	43.19156 W	4.743794 W	0 W	

Top 5 consumers:
Power		PID	Exe
0.9244511 W	2159342	"/home/boggy/ref_rapl/energy_exp_server/NPB3.4.3/NPB3.4-MPI/bin/mg.C.x"
0.9244511 W	2159320	"/home/boggy/ref_rapl/scaphandre/target/release/scaphandre"
0.9244511 W	2159340	"/home/boggy/ref_rapl/energy_exp_server/NPB3.4.3/NPB3.4-MPI/bin/mg.C.x"
0.9244511 W	2159343	"/home/boggy/ref_rapl/energy_exp_server/NPB3.4.3/NPB3.4-MPI/bin/mg.C.x"
0.9244511 W	2159341	"/home/boggy/ref_rapl/energy_exp_server/NPB3.4.3/NPB3.4-MPI/bin/mg.C.x"
------------------------------------------------------------

Host:	52.183689 W from 
	package 	core		dram		uncore
Socket0	49.211155 W |	43.429146 W	4.689812 W	0 W	

Top 5 consumers:
Power		PID	Exe
1.19277 W	2159342	"/home/boggy/ref_rapl/energy_exp_server/NPB3.4.3/NPB3.4-MPI/bin/mg.C.x"
1.19277 W	2159340	"/home/boggy/ref_rapl/energy_exp_server/NPB3.4.3/NPB3.4-MPI/bin/mg.C.x"
0.8945775 W	2159343	"/home/boggy/ref_rapl/energy_exp_server/NPB3.4.3/NPB3.4-MPI/bin/mg.C.x"
0.8945775 W	2159341	"/home/boggy/ref_rapl/energy_exp_server/NPB3.4.3/NPB3.4-MPI/bin/mg.C.x"
0.596385 W	2159320	"/home/boggy/ref_rapl/scaphandre/target/release/scaphandre"
------------------------------------------------------------

Host:	53.203679 W from 
	package 	core		dram		uncore
Socket0	48.535988 W |	43.098484 W	4.819104 W	0 W	

Top 5 consumers:
Power		PID	Exe
1.216084 W	2159343	"/home/boggy/ref_rapl/energy_exp_server/NPB3.4.3/NPB3.4-MPI/bin/mg.C.x"
0.912063 W	2159342	"/home/boggy/ref_rapl/energy_exp_server/NPB3.4.3/NPB3.4-MPI/bin/mg.C.x"
0.912063 W	2159320	"/home/boggy/ref_rapl/scaphandre/target/release/scaphandre"
0.912063 W	2159340	"/home/boggy/ref_rapl/energy_exp_server/NPB3.4.3/NPB3.4-MPI/bin/mg.C.x"
0.912063 W	2159341	"/home/boggy/ref_rapl/energy_exp_server/NPB3.4.3/NPB3.4-MPI/bin/mg.C.x"
------------------------------------------------------------

Host:	52.031992 W from 
	package 	core		dram		uncore
Socket0	47.01908 W |	42.02767 W	4.767742 W	0 W	

Top 5 consumers:
Power		PID	Exe
1.1893027 W	2159342	"/home/boggy/ref_rapl/energy_exp_server/NPB3.4.3/NPB3.4-MPI/bin/mg.C.x"
1.1893027 W	2159343	"/home/boggy/ref_rapl/energy_exp_server/NPB3.4.3/NPB3.4-MPI/bin/mg.C.x"
0.89197695 W	2159340	"/home/boggy/ref_rapl/energy_exp_server/NPB3.4.3/NPB3.4-MPI/bin/mg.C.x"
0.89197695 W	2159341	"/home/boggy/ref_rapl/energy_exp_server/NPB3.4.3/NPB3.4-MPI/bin/mg.C.x"
0.59465134 W	2159320	"/home/boggy/ref_rapl/scaphandre/target/release/scaphandre"
------------------------------------------------------------

Host:	52.088316 W from 
	package 	core		dram		uncore
Socket0	48.06334 W |	42.5338 W	4.618243 W	0 W	

Top 5 consumers:
Power		PID	Exe
0.8929425 W	2159342	"/home/boggy/ref_rapl/energy_exp_server/NPB3.4.3/NPB3.4-MPI/bin/mg.C.x"
0.8929425 W	2159340	"/home/boggy/ref_rapl/energy_exp_server/NPB3.4.3/NPB3.4-MPI/bin/mg.C.x"
0.8929425 W	2159343	"/home/boggy/ref_rapl/energy_exp_server/NPB3.4.3/NPB3.4-MPI/bin/mg.C.x"
0.8929425 W	2159341	"/home/boggy/ref_rapl/energy_exp_server/NPB3.4.3/NPB3.4-MPI/bin/mg.C.x"
0.595295 W	2159320	"/home/boggy/ref_rapl/scaphandre/target/release/scaphandre"
------------------------------------------------------------

Host:	50.273237 W from 
	package 	core		dram		uncore
Socket0	45.87286 W |	42.01502 W	4.697137 W	0 W	

Top 5 consumers:
Power		PID	Exe
0.8618269 W	2159342	"/home/boggy/ref_rapl/energy_exp_server/NPB3.4.3/NPB3.4-MPI/bin/mg.C.x"
0.8618269 W	2159320	"/home/boggy/ref_rapl/scaphandre/target/release/scaphandre"
0.8618269 W	2159340	"/home/boggy/ref_rapl/energy_exp_server/NPB3.4.3/NPB3.4-MPI/bin/mg.C.x"
0.8618269 W	2159341	"/home/boggy/ref_rapl/energy_exp_server/NPB3.4.3/NPB3.4-MPI/bin/mg.C.x"
0.5745512 W	2159343	"/home/boggy/ref_rapl/energy_exp_server/NPB3.4.3/NPB3.4-MPI/bin/mg.C.x"
------------------------------------------------------------

Host:	48.890943 W from 
	package 	core		dram		uncore
Socket0	46.28549 W |	41.57181 W	4.477221 W	0 W	

Top 5 consumers:
Power		PID	Exe
1.1175072 W	2159343	"/home/boggy/ref_rapl/energy_exp_server/NPB3.4.3/NPB3.4-MPI/bin/mg.C.x"
1.1175072 W	2159341	"/home/boggy/ref_rapl/energy_exp_server/NPB3.4.3/NPB3.4-MPI/bin/mg.C.x"
0.83813035 W	2159342	"/home/boggy/ref_rapl/energy_exp_server/NPB3.4.3/NPB3.4-MPI/bin/mg.C.x"
0.83813035 W	2159320	"/home/boggy/ref_rapl/scaphandre/target/release/scaphandre"
0.83813035 W	2159340	"/home/boggy/ref_rapl/energy_exp_server/NPB3.4.3/NPB3.4-MPI/bin/mg.C.x"
------------------------------------------------------------

Host:	45.786302 W from 
	package 	core		dram		uncore
Socket0	42.735867 W |	37.041927 W	4.5512 W	0 W	

Top 5 consumers:
Power		PID	Exe
1.4234084 W	2159342	"/home/boggy/ref_rapl/energy_exp_server/NPB3.4.3/NPB3.4-MPI/bin/mg.C.x"
1.4234084 W	2159320	"/home/boggy/ref_rapl/scaphandre/target/release/scaphandre"
1.4234084 W	2159340	"/home/boggy/ref_rapl/energy_exp_server/NPB3.4.3/NPB3.4-MPI/bin/mg.C.x"
1.1861737 W	2159343	"/home/boggy/ref_rapl/energy_exp_server/NPB3.4.3/NPB3.4-MPI/bin/mg.C.x"
1.1861737 W	2159341	"/home/boggy/ref_rapl/energy_exp_server/NPB3.4.3/NPB3.4-MPI/bin/mg.C.x"
------------------------------------------------------------

Host:	46.046481 W from 
	package 	core		dram		uncore
Socket0	41.336193 W |	36.015907 W	4.527475 W	0 W	

Top 5 consumers:
Power		PID	Exe
1.4314969 W	2159340	"/home/boggy/ref_rapl/energy_exp_server/NPB3.4.3/NPB3.4-MPI/bin/mg.C.x"
1.4314969 W	2159343	"/home/boggy/ref_rapl/energy_exp_server/NPB3.4.3/NPB3.4-MPI/bin/mg.C.x"
1.4314969 W	2159341	"/home/boggy/ref_rapl/energy_exp_server/NPB3.4.3/NPB3.4-MPI/bin/mg.C.x"
1.1929141 W	2159342	"/home/boggy/ref_rapl/energy_exp_server/NPB3.4.3/NPB3.4-MPI/bin/mg.C.x"
1.1929141 W	2159320	"/home/boggy/ref_rapl/scaphandre/target/release/scaphandre"
------------------------------------------------------------

Host:	53.069566 W from 
	package 	core		dram		uncore
Socket0	42.253284 W |	37.194344 W	4.574155 W	0 W	

Top 5 consumers:
Power		PID	Exe
1.0998874 W	2159342	"/home/boggy/ref_rapl/energy_exp_server/NPB3.4.3/NPB3.4-MPI/bin/mg.C.x"
1.0998874 W	2159340	"/home/boggy/ref_rapl/energy_exp_server/NPB3.4.3/NPB3.4-MPI/bin/mg.C.x"
1.0998874 W	2159343	"/home/boggy/ref_rapl/energy_exp_server/NPB3.4.3/NPB3.4-MPI/bin/mg.C.x"
0.8249155 W	2159320	"/home/boggy/ref_rapl/scaphandre/target/release/scaphandre"
0.8249155 W	2159341	"/home/boggy/ref_rapl/energy_exp_server/NPB3.4.3/NPB3.4-MPI/bin/mg.C.x"
------------------------------------------------------------

Host:	52.890202 W from 
	package 	core		dram		uncore
Socket0	50.07667 W |	45.248295 W	4.373016 W	0 W	

Top 5 consumers:
Power		PID	Exe
1.09617 W	2159342	"/home/boggy/ref_rapl/energy_exp_server/NPB3.4.3/NPB3.4-MPI/bin/mg.C.x"
1.09617 W	2159320	"/home/boggy/ref_rapl/scaphandre/target/release/scaphandre"
1.09617 W	2159341	"/home/boggy/ref_rapl/energy_exp_server/NPB3.4.3/NPB3.4-MPI/bin/mg.C.x"
0.8221275 W	2159340	"/home/boggy/ref_rapl/energy_exp_server/NPB3.4.3/NPB3.4-MPI/bin/mg.C.x"
0.8221275 W	2159343	"/home/boggy/ref_rapl/energy_exp_server/NPB3.4.3/NPB3.4-MPI/bin/mg.C.x"
------------------------------------------------------------

Host:	51.042097 W from 
	package 	core		dram		uncore
Socket0	48.761105 W |	44.098858 W	4.604419 W	0 W	

Top 5 consumers:
Power		PID	Exe
1.0578673 W	2159340	"/home/boggy/ref_rapl/energy_exp_server/NPB3.4.3/NPB3.4-MPI/bin/mg.C.x"
0.79340047 W	2159342	"/home/boggy/ref_rapl/energy_exp_server/NPB3.4.3/NPB3.4-MPI/bin/mg.C.x"
0.79340047 W	2159343	"/home/boggy/ref_rapl/energy_exp_server/NPB3.4.3/NPB3.4-MPI/bin/mg.C.x"
0.79340047 W	2159341	"/home/boggy/ref_rapl/energy_exp_server/NPB3.4.3/NPB3.4-MPI/bin/mg.C.x"
0.52893364 W	2159320	"/home/boggy/ref_rapl/scaphandre/target/release/scaphandre"
------------------------------------------------------------

Host:	52.280167 W from 
	package 	core		dram		uncore
Socket0	46.767956 W |	41.093952 W	4.619691 W	0 W	

Top 5 consumers:
Power		PID	Exe
0.8126451 W	2159342	"/home/boggy/ref_rapl/energy_exp_server/NPB3.4.3/NPB3.4-MPI/bin/mg.C.x"
0.8126451 W	2159340	"/home/boggy/ref_rapl/energy_exp_server/NPB3.4.3/NPB3.4-MPI/bin/mg.C.x"
0.8126451 W	2159343	"/home/boggy/ref_rapl/energy_exp_server/NPB3.4.3/NPB3.4-MPI/bin/mg.C.x"
0.8126451 W	2159341	"/home/boggy/ref_rapl/energy_exp_server/NPB3.4.3/NPB3.4-MPI/bin/mg.C.x"
0.54176337 W	2159320	"/home/boggy/ref_rapl/scaphandre/target/release/scaphandre"
------------------------------------------------------------

Host:	50.850928 W from 
	package 	core		dram		uncore
Socket0	46.126644 W |	41.131954 W	4.551567 W	0 W	

Top 5 consumers:
Power		PID	Exe
0.8475155 W	2159342	"/home/boggy/ref_rapl/energy_exp_server/NPB3.4.3/NPB3.4-MPI/bin/mg.C.x"
0.8475155 W	2159320	"/home/boggy/ref_rapl/scaphandre/target/release/scaphandre"
0.8475155 W	2159340	"/home/boggy/ref_rapl/energy_exp_server/NPB3.4.3/NPB3.4-MPI/bin/mg.C.x"
0.8475155 W	2159343	"/home/boggy/ref_rapl/energy_exp_server/NPB3.4.3/NPB3.4-MPI/bin/mg.C.x"
0.8475155 W	2159341	"/home/boggy/ref_rapl/energy_exp_server/NPB3.4.3/NPB3.4-MPI/bin/mg.C.x"
------------------------------------------------------------

Host:	52.991095 W from 
	package 	core		dram		uncore
Socket0	48.960587 W |	42.42747 W	4.709694 W	0 W	

Top 5 consumers:
Power		PID	Exe
0.8831849 W	2159342	"/home/boggy/ref_rapl/energy_exp_server/NPB3.4.3/NPB3.4-MPI/bin/mg.C.x"
0.8831849 W	2159320	"/home/boggy/ref_rapl/scaphandre/target/release/scaphandre"
0.8831849 W	2159340	"/home/boggy/ref_rapl/energy_exp_server/NPB3.4.3/NPB3.4-MPI/bin/mg.C.x"
0.8831849 W	2159343	"/home/boggy/ref_rapl/energy_exp_server/NPB3.4.3/NPB3.4-MPI/bin/mg.C.x"
0.8831849 W	2159341	"/home/boggy/ref_rapl/energy_exp_server/NPB3.4.3/NPB3.4-MPI/bin/mg.C.x"
------------------------------------------------------------

Host:	52.987617 W from 
	package 	core		dram		uncore
Socket0	48.297443 W |	43.30914 W	4.768789 W	0 W	

Top 5 consumers:
Power		PID	Exe
0.883127 W	2159342	"/home/boggy/ref_rapl/energy_exp_server/NPB3.4.3/NPB3.4-MPI/bin/mg.C.x"
0.883127 W	2159340	"/home/boggy/ref_rapl/energy_exp_server/NPB3.4.3/NPB3.4-MPI/bin/mg.C.x"
0.883127 W	2159343	"/home/boggy/ref_rapl/energy_exp_server/NPB3.4.3/NPB3.4-MPI/bin/mg.C.x"
0.883127 W	2159341	"/home/boggy/ref_rapl/energy_exp_server/NPB3.4.3/NPB3.4-MPI/bin/mg.C.x"
0.5887513 W	2159320	"/home/boggy/ref_rapl/scaphandre/target/release/scaphandre"
------------------------------------------------------------

Host:	53.328349 W from 
	package 	core		dram		uncore
Socket0	48.31657 W |	43.23277 W	4.767207 W	0 W	

Top 5 consumers:
Power		PID	Exe
0.88880587 W	2159342	"/home/boggy/ref_rapl/energy_exp_server/NPB3.4.3/NPB3.4-MPI/bin/mg.C.x"
0.88880587 W	2159340	"/home/boggy/ref_rapl/energy_exp_server/NPB3.4.3/NPB3.4-MPI/bin/mg.C.x"
0.88880587 W	2159343	"/home/boggy/ref_rapl/energy_exp_server/NPB3.4.3/NPB3.4-MPI/bin/mg.C.x"
0.88880587 W	2159341	"/home/boggy/ref_rapl/energy_exp_server/NPB3.4.3/NPB3.4-MPI/bin/mg.C.x"
0.5925372 W	2159320	"/home/boggy/ref_rapl/scaphandre/target/release/scaphandre"
------------------------------------------------------------

Host:	54.917372 W from 
	package 	core		dram		uncore
Socket0	48.693176 W |	43.45588 W	4.784909 W	0 W	

Top 5 consumers:
Power		PID	Exe
1.2203861 W	2159320	"/home/boggy/ref_rapl/scaphandre/target/release/scaphandre"
0.9152896 W	2159342	"/home/boggy/ref_rapl/energy_exp_server/NPB3.4.3/NPB3.4-MPI/bin/mg.C.x"
0.9152896 W	2159340	"/home/boggy/ref_rapl/energy_exp_server/NPB3.4.3/NPB3.4-MPI/bin/mg.C.x"
0.9152896 W	2159343	"/home/boggy/ref_rapl/energy_exp_server/NPB3.4.3/NPB3.4-MPI/bin/mg.C.x"
0.9152896 W	2159341	"/home/boggy/ref_rapl/energy_exp_server/NPB3.4.3/NPB3.4-MPI/bin/mg.C.x"
------------------------------------------------------------

Host:	51.807403 W from 
	package 	core		dram		uncore
Socket0	48.32219 W |	43.418335 W	4.762392 W	0 W	

Top 5 consumers:
Power		PID	Exe
1.1512756 W	2159341	"/home/boggy/ref_rapl/energy_exp_server/NPB3.4.3/NPB3.4-MPI/bin/mg.C.x"
0.8634567 W	2159342	"/home/boggy/ref_rapl/energy_exp_server/NPB3.4.3/NPB3.4-MPI/bin/mg.C.x"
0.8634567 W	2159340	"/home/boggy/ref_rapl/energy_exp_server/NPB3.4.3/NPB3.4-MPI/bin/mg.C.x"
0.8634567 W	2159343	"/home/boggy/ref_rapl/energy_exp_server/NPB3.4.3/NPB3.4-MPI/bin/mg.C.x"
0.5756378 W	2159320	"/home/boggy/ref_rapl/scaphandre/target/release/scaphandre"
------------------------------------------------------------

Host:	53.395536 W from 
	package 	core		dram		uncore
Socket0	48.436413 W |	43.24526 W	4.777099 W	0 W	

Top 5 consumers:
Power		PID	Exe
1.1865675 W	2159343	"/home/boggy/ref_rapl/energy_exp_server/NPB3.4.3/NPB3.4-MPI/bin/mg.C.x"
0.8899256 W	2159342	"/home/boggy/ref_rapl/energy_exp_server/NPB3.4.3/NPB3.4-MPI/bin/mg.C.x"
0.8899256 W	2159320	"/home/boggy/ref_rapl/scaphandre/target/release/scaphandre"
0.8899256 W	2159340	"/home/boggy/ref_rapl/energy_exp_server/NPB3.4.3/NPB3.4-MPI/bin/mg.C.x"
0.8899256 W	2159341	"/home/boggy/ref_rapl/energy_exp_server/NPB3.4.3/NPB3.4-MPI/bin/mg.C.x"
------------------------------------------------------------

Host:	52.174364 W from 
	package 	core		dram		uncore
Socket0	48.51244 W |	43.162537 W	4.797629 W	0 W	

Top 5 consumers:
Power		PID	Exe
0.899558 W	2159342	"/home/boggy/ref_rapl/energy_exp_server/NPB3.4.3/NPB3.4-MPI/bin/mg.C.x"
0.899558 W	2159340	"/home/boggy/ref_rapl/energy_exp_server/NPB3.4.3/NPB3.4-MPI/bin/mg.C.x"
0.899558 W	2159343	"/home/boggy/ref_rapl/energy_exp_server/NPB3.4.3/NPB3.4-MPI/bin/mg.C.x"
0.899558 W	2159341	"/home/boggy/ref_rapl/energy_exp_server/NPB3.4.3/NPB3.4-MPI/bin/mg.C.x"
0.59970534 W	2159320	"/home/boggy/ref_rapl/scaphandre/target/release/scaphandre"
------------------------------------------------------------

Host:	53.262101 W from 
	package 	core		dram		uncore
Socket0	46.728848 W |	42.38818 W	3.713987 W	0 W	

Top 5 consumers:
Power		PID	Exe
0.9183121 W	2159342	"/home/boggy/ref_rapl/energy_exp_server/NPB3.4.3/NPB3.4-MPI/bin/mg.C.x"
0.9183121 W	2159340	"/home/boggy/ref_rapl/energy_exp_server/NPB3.4.3/NPB3.4-MPI/bin/mg.C.x"
0.61220807 W	2159320	"/home/boggy/ref_rapl/scaphandre/target/release/scaphandre"
0.61220807 W	2159343	"/home/boggy/ref_rapl/energy_exp_server/NPB3.4.3/NPB3.4-MPI/bin/mg.C.x"
0.61220807 W	2159341	"/home/boggy/ref_rapl/energy_exp_server/NPB3.4.3/NPB3.4-MPI/bin/mg.C.x"
------------------------------------------------------------

Host:	55.001709 W from 
	package 	core		dram		uncore
Socket0	49.956913 W |	45.767532 W	4.187775 W	0 W	

Top 5 consumers:
Power		PID	Exe
0.9483053 W	2159342	"/home/boggy/ref_rapl/energy_exp_server/NPB3.4.3/NPB3.4-MPI/bin/mg.C.x"
0.9483053 W	2159320	"/home/boggy/ref_rapl/scaphandre/target/release/scaphandre"
0.9483053 W	2159340	"/home/boggy/ref_rapl/energy_exp_server/NPB3.4.3/NPB3.4-MPI/bin/mg.C.x"
0.9483053 W	2159343	"/home/boggy/ref_rapl/energy_exp_server/NPB3.4.3/NPB3.4-MPI/bin/mg.C.x"
0.9483053 W	2159341	"/home/boggy/ref_rapl/energy_exp_server/NPB3.4.3/NPB3.4-MPI/bin/mg.C.x"
------------------------------------------------------------

Host:	54.990268 W from 
	package 	core		dram		uncore
Socket0	52.03224 W |	45.66901 W	4.587249 W	0 W	

Top 5 consumers:
Power		PID	Exe
0.9481081 W	2159342	"/home/boggy/ref_rapl/energy_exp_server/NPB3.4.3/NPB3.4-MPI/bin/mg.C.x"
0.9481081 W	2159340	"/home/boggy/ref_rapl/energy_exp_server/NPB3.4.3/NPB3.4-MPI/bin/mg.C.x"
0.9481081 W	2159343	"/home/boggy/ref_rapl/energy_exp_server/NPB3.4.3/NPB3.4-MPI/bin/mg.C.x"
0.9481081 W	2159341	"/home/boggy/ref_rapl/energy_exp_server/NPB3.4.3/NPB3.4-MPI/bin/mg.C.x"
0.6320721 W	2159320	"/home/boggy/ref_rapl/scaphandre/target/release/scaphandre"
------------------------------------------------------------

Host:	56.052214 W from 
	package 	core		dram		uncore
Socket0	50.387432 W |	45.684834 W	4.569452 W	0 W	

Top 5 consumers:
Power		PID	Exe
0.96641743 W	2159342	"/home/boggy/ref_rapl/energy_exp_server/NPB3.4.3/NPB3.4-MPI/bin/mg.C.x"
0.96641743 W	2159340	"/home/boggy/ref_rapl/energy_exp_server/NPB3.4.3/NPB3.4-MPI/bin/mg.C.x"
0.96641743 W	2159343	"/home/boggy/ref_rapl/energy_exp_server/NPB3.4.3/NPB3.4-MPI/bin/mg.C.x"
0.96641743 W	2159341	"/home/boggy/ref_rapl/energy_exp_server/NPB3.4.3/NPB3.4-MPI/bin/mg.C.x"
0.6442783 W	2159320	"/home/boggy/ref_rapl/scaphandre/target/release/scaphandre"
------------------------------------------------------------

Host:	56.778453 W from 
	package 	core		dram		uncore
Socket0	51.37914 W |	45.85701 W	4.647289 W	0 W	

Top 5 consumers:
Power		PID	Exe
0.9789388 W	2159342	"/home/boggy/ref_rapl/energy_exp_server/NPB3.4.3/NPB3.4-MPI/bin/mg.C.x"
0.9789388 W	2159320	"/home/boggy/ref_rapl/scaphandre/target/release/scaphandre"
0.9789388 W	2159340	"/home/boggy/ref_rapl/energy_exp_server/NPB3.4.3/NPB3.4-MPI/bin/mg.C.x"
0.9789388 W	2159343	"/home/boggy/ref_rapl/energy_exp_server/NPB3.4.3/NPB3.4-MPI/bin/mg.C.x"
0.9789388 W	2159341	"/home/boggy/ref_rapl/energy_exp_server/NPB3.4.3/NPB3.4-MPI/bin/mg.C.x"
------------------------------------------------------------

Host:	54.886124 W from 
	package 	core		dram		uncore
Socket0	50.35414 W |	45.861828 W	4.557345 W	0 W	

Top 5 consumers:
Power		PID	Exe
0.9463124 W	2159342	"/home/boggy/ref_rapl/energy_exp_server/NPB3.4.3/NPB3.4-MPI/bin/mg.C.x"
0.9463124 W	2159340	"/home/boggy/ref_rapl/energy_exp_server/NPB3.4.3/NPB3.4-MPI/bin/mg.C.x"
0.9463124 W	2159343	"/home/boggy/ref_rapl/energy_exp_server/NPB3.4.3/NPB3.4-MPI/bin/mg.C.x"
0.9463124 W	2159341	"/home/boggy/ref_rapl/energy_exp_server/NPB3.4.3/NPB3.4-MPI/bin/mg.C.x"
0.630875 W	2159320	"/home/boggy/ref_rapl/scaphandre/target/release/scaphandre"
------------------------------------------------------------

Host:	54.778437 W from 
	package 	core		dram		uncore
Socket0	50.432804 W |	45.868973 W	4.706815 W	0 W	

Top 5 consumers:
Power		PID	Exe
1.0020446 W	2159342	"/home/boggy/ref_rapl/energy_exp_server/NPB3.4.3/NPB3.4-MPI/bin/mg.C.x"
1.0020446 W	2159343	"/home/boggy/ref_rapl/energy_exp_server/NPB3.4.3/NPB3.4-MPI/bin/mg.C.x"
1.0020446 W	2159341	"/home/boggy/ref_rapl/energy_exp_server/NPB3.4.3/NPB3.4-MPI/bin/mg.C.x"
0.66802967 W	2159320	"/home/boggy/ref_rapl/scaphandre/target/release/scaphandre"
0.66802967 W	2159340	"/home/boggy/ref_rapl/energy_exp_server/NPB3.4.3/NPB3.4-MPI/bin/mg.C.x"
------------------------------------------------------------

Host:	50.864991 W from 
	package 	core		dram		uncore
Socket0	47.859413 W |	42.998837 W	4.505687 W	0 W	

Top 5 consumers:
Power		PID	Exe
0.9304571 W	2159342	"/home/boggy/ref_rapl/energy_exp_server/NPB3.4.3/NPB3.4-MPI/bin/mg.C.x"
0.9304571 W	2159340	"/home/boggy/ref_rapl/energy_exp_server/NPB3.4.3/NPB3.4-MPI/bin/mg.C.x"
0.9304571 W	2159343	"/home/boggy/ref_rapl/energy_exp_server/NPB3.4.3/NPB3.4-MPI/bin/mg.C.x"
0.9304571 W	2159341	"/home/boggy/ref_rapl/energy_exp_server/NPB3.4.3/NPB3.4-MPI/bin/mg.C.x"
0.62030476 W	2159320	"/home/boggy/ref_rapl/scaphandre/target/release/scaphandre"
------------------------------------------------------------

Host:	52.898853 W from 
	package 	core		dram		uncore
Socket0	50.3774 W |	44.309845 W	3.582615 W	0 W	

Top 5 consumers:
Power		PID	Exe
1.2902158 W	2159340	"/home/boggy/ref_rapl/energy_exp_server/NPB3.4.3/NPB3.4-MPI/bin/mg.C.x"
1.2902158 W	2159341	"/home/boggy/ref_rapl/energy_exp_server/NPB3.4.3/NPB3.4-MPI/bin/mg.C.x"
0.96766186 W	2159342	"/home/boggy/ref_rapl/energy_exp_server/NPB3.4.3/NPB3.4-MPI/bin/mg.C.x"
0.96766186 W	2159320	"/home/boggy/ref_rapl/scaphandre/target/release/scaphandre"
0.96766186 W	2159343	"/home/boggy/ref_rapl/energy_exp_server/NPB3.4.3/NPB3.4-MPI/bin/mg.C.x"
------------------------------------------------------------

Host:	54.282319 W from 
	package 	core		dram		uncore
Socket0	48.0655 W |	43.273144 W	4.746086 W	0 W	

Top 5 consumers:
Power		PID	Exe
0.9929692 W	2159342	"/home/boggy/ref_rapl/energy_exp_server/NPB3.4.3/NPB3.4-MPI/bin/mg.C.x"
0.9929692 W	2159320	"/home/boggy/ref_rapl/scaphandre/target/release/scaphandre"
0.9929692 W	2159340	"/home/boggy/ref_rapl/energy_exp_server/NPB3.4.3/NPB3.4-MPI/bin/mg.C.x"
0.9929692 W	2159343	"/home/boggy/ref_rapl/energy_exp_server/NPB3.4.3/NPB3.4-MPI/bin/mg.C.x"
0.9929692 W	2159341	"/home/boggy/ref_rapl/energy_exp_server/NPB3.4.3/NPB3.4-MPI/bin/mg.C.x"
------------------------------------------------------------

Host:	53.400993 W from 
	package 	core		dram		uncore
Socket0	48.07904 W |	43.395515 W	4.880023 W	0 W	

Top 5 consumers:
Power		PID	Exe
0.97684735 W	2159342	"/home/boggy/ref_rapl/energy_exp_server/NPB3.4.3/NPB3.4-MPI/bin/mg.C.x"
0.97684735 W	2159340	"/home/boggy/ref_rapl/energy_exp_server/NPB3.4.3/NPB3.4-MPI/bin/mg.C.x"
0.97684735 W	2159343	"/home/boggy/ref_rapl/energy_exp_server/NPB3.4.3/NPB3.4-MPI/bin/mg.C.x"
0.97684735 W	2159341	"/home/boggy/ref_rapl/energy_exp_server/NPB3.4.3/NPB3.4-MPI/bin/mg.C.x"
0.6512316 W	2159320	"/home/boggy/ref_rapl/scaphandre/target/release/scaphandre"
------------------------------------------------------------

Host:	52.244223 W from 
	package 	core		dram		uncore
Socket0	48.823048 W |	43.40662 W	4.652294 W	0 W	

Top 5 consumers:
Power		PID	Exe
0.9556869 W	2159342	"/home/boggy/ref_rapl/energy_exp_server/NPB3.4.3/NPB3.4-MPI/bin/mg.C.x"
0.9556869 W	2159320	"/home/boggy/ref_rapl/scaphandre/target/release/scaphandre"
0.9556869 W	2159340	"/home/boggy/ref_rapl/energy_exp_server/NPB3.4.3/NPB3.4-MPI/bin/mg.C.x"
0.9556869 W	2159343	"/home/boggy/ref_rapl/energy_exp_server/NPB3.4.3/NPB3.4-MPI/bin/mg.C.x"
0.9556869 W	2159341	"/home/boggy/ref_rapl/energy_exp_server/NPB3.4.3/NPB3.4-MPI/bin/mg.C.x"
------------------------------------------------------------

Host:	53.299145 W from 
	package 	core		dram		uncore
Socket0	48.905334 W |	43.279324 W	4.826773 W	0 W	

Top 5 consumers:
Power		PID	Exe
1.299979 W	2159341	"/home/boggy/ref_rapl/energy_exp_server/NPB3.4.3/NPB3.4-MPI/bin/mg.C.x"
0.9749843 W	2159342	"/home/boggy/ref_rapl/energy_exp_server/NPB3.4.3/NPB3.4-MPI/bin/mg.C.x"
0.9749843 W	2159320	"/home/boggy/ref_rapl/scaphandre/target/release/scaphandre"
0.9749843 W	2159340	"/home/boggy/ref_rapl/energy_exp_server/NPB3.4.3/NPB3.4-MPI/bin/mg.C.x"
0.9749843 W	2159343	"/home/boggy/ref_rapl/energy_exp_server/NPB3.4.3/NPB3.4-MPI/bin/mg.C.x"
------------------------------------------------------------

Host:	53.18088 W from 
	package 	core		dram		uncore
Socket0	48.47979 W |	43.252056 W	4.783782 W	0 W	

Top 5 consumers:
Power		PID	Exe
1.2296156 W	2159342	"/home/boggy/ref_rapl/energy_exp_server/NPB3.4.3/NPB3.4-MPI/bin/mg.C.x"
1.2296156 W	2159343	"/home/boggy/ref_rapl/energy_exp_server/NPB3.4.3/NPB3.4-MPI/bin/mg.C.x"
0.9222118 W	2159340	"/home/boggy/ref_rapl/energy_exp_server/NPB3.4.3/NPB3.4-MPI/bin/mg.C.x"
0.9222118 W	2159341	"/home/boggy/ref_rapl/energy_exp_server/NPB3.4.3/NPB3.4-MPI/bin/mg.C.x"
0.6148078 W	2159320	"/home/boggy/ref_rapl/scaphandre/target/release/scaphandre"
------------------------------------------------------------

Host:	52.031319 W from 
	package 	core		dram		uncore
Socket0	48.43372 W |	43.317535 W	4.763697 W	0 W	

Top 5 consumers:
Power		PID	Exe
0.9022772 W	2159342	"/home/boggy/ref_rapl/energy_exp_server/NPB3.4.3/NPB3.4-MPI/bin/mg.C.x"
0.9022772 W	2159320	"/home/boggy/ref_rapl/scaphandre/target/release/scaphandre"
0.9022772 W	2159340	"/home/boggy/ref_rapl/energy_exp_server/NPB3.4.3/NPB3.4-MPI/bin/mg.C.x"
0.9022772 W	2159343	"/home/boggy/ref_rapl/energy_exp_server/NPB3.4.3/NPB3.4-MPI/bin/mg.C.x"
0.9022772 W	2159341	"/home/boggy/ref_rapl/energy_exp_server/NPB3.4.3/NPB3.4-MPI/bin/mg.C.x"
------------------------------------------------------------

Host:	52.747959 W from 
	package 	core		dram		uncore
Socket0	46.61094 W |	41.702393 W	4.426319 W	0 W	

Top 5 consumers:
Power		PID	Exe
0.9147045 W	2159342	"/home/boggy/ref_rapl/energy_exp_server/NPB3.4.3/NPB3.4-MPI/bin/mg.C.x"
0.9147045 W	2159340	"/home/boggy/ref_rapl/energy_exp_server/NPB3.4.3/NPB3.4-MPI/bin/mg.C.x"
0.9147045 W	2159343	"/home/boggy/ref_rapl/energy_exp_server/NPB3.4.3/NPB3.4-MPI/bin/mg.C.x"
0.9147045 W	2159341	"/home/boggy/ref_rapl/energy_exp_server/NPB3.4.3/NPB3.4-MPI/bin/mg.C.x"
0.60980296 W	2159320	"/home/boggy/ref_rapl/scaphandre/target/release/scaphandre"
------------------------------------------------------------

Host:	52.385528 W from 
	package 	core		dram		uncore
Socket0	47.150906 W |	43.44259 W	4.173097 W	0 W	

Top 5 consumers:
Power		PID	Exe
0.90841955 W	2159340	"/home/boggy/ref_rapl/energy_exp_server/NPB3.4.3/NPB3.4-MPI/bin/mg.C.x"
0.605613 W	2159342	"/home/boggy/ref_rapl/energy_exp_server/NPB3.4.3/NPB3.4-MPI/bin/mg.C.x"
0.605613 W	2159320	"/home/boggy/ref_rapl/scaphandre/target/release/scaphandre"
0.605613 W	2159343	"/home/boggy/ref_rapl/energy_exp_server/NPB3.4.3/NPB3.4-MPI/bin/mg.C.x"
0.605613 W	2159341	"/home/boggy/ref_rapl/energy_exp_server/NPB3.4.3/NPB3.4-MPI/bin/mg.C.x"
------------------------------------------------------------

Host:	51.608229 W from 
	package 	core		dram		uncore
Socket0	47.706676 W |	42.72672 W	4.651483 W	0 W	

Top 5 consumers:
Power		PID	Exe
0.8949404 W	2159320	"/home/boggy/ref_rapl/scaphandre/target/release/scaphandre"
0.5966269 W	2159342	"/home/boggy/ref_rapl/energy_exp_server/NPB3.4.3/NPB3.4-MPI/bin/mg.C.x"
0.5966269 W	2159340	"/home/boggy/ref_rapl/energy_exp_server/NPB3.4.3/NPB3.4-MPI/bin/mg.C.x"
0.5966269 W	2159343	"/home/boggy/ref_rapl/energy_exp_server/NPB3.4.3/NPB3.4-MPI/bin/mg.C.x"
0.5966269 W	2159341	"/home/boggy/ref_rapl/energy_exp_server/NPB3.4.3/NPB3.4-MPI/bin/mg.C.x"
------------------------------------------------------------

Host:	53.519313 W from 
	package 	core		dram		uncore
Socket0	49.71539 W |	43.89068 W	4.52766 W	0 W	

Top 5 consumers:
Power		PID	Exe
0.6187203 W	2159342	"/home/boggy/ref_rapl/energy_exp_server/NPB3.4.3/NPB3.4-MPI/bin/mg.C.x"
0.6187203 W	2159320	"/home/boggy/ref_rapl/scaphandre/target/release/scaphandre"
0.6187203 W	2159340	"/home/boggy/ref_rapl/energy_exp_server/NPB3.4.3/NPB3.4-MPI/bin/mg.C.x"
0.6187203 W	2159343	"/home/boggy/ref_rapl/energy_exp_server/NPB3.4.3/NPB3.4-MPI/bin/mg.C.x"
0.6187203 W	2159341	"/home/boggy/ref_rapl/energy_exp_server/NPB3.4.3/NPB3.4-MPI/bin/mg.C.x"
------------------------------------------------------------

Host:	50.5449 W from 
	package 	core		dram		uncore
Socket0	48.619835 W |	43.427795 W	3.721398 W	0 W	

Top 5 consumers:
Power		PID	Exe
0.87650114 W	2159342	"/home/boggy/ref_rapl/energy_exp_server/NPB3.4.3/NPB3.4-MPI/bin/mg.C.x"
0.87650114 W	2159320	"/home/boggy/ref_rapl/scaphandre/target/release/scaphandre"
0.87650114 W	2159343	"/home/boggy/ref_rapl/energy_exp_server/NPB3.4.3/NPB3.4-MPI/bin/mg.C.x"
0.87650114 W	2159341	"/home/boggy/ref_rapl/energy_exp_server/NPB3.4.3/NPB3.4-MPI/bin/mg.C.x"
0.5843341 W	2159340	"/home/boggy/ref_rapl/energy_exp_server/NPB3.4.3/NPB3.4-MPI/bin/mg.C.x"
------------------------------------------------------------

Host:	45.740806 W from 
	package 	core		dram		uncore
Socket0	42.346867 W |	37.661263 W	4.542709 W	0 W	

Top 5 consumers:
Power		PID	Exe
1.3219886 W	2159320	"/home/boggy/ref_rapl/scaphandre/target/release/scaphandre"
1.0575907 W	2159342	"/home/boggy/ref_rapl/energy_exp_server/NPB3.4.3/NPB3.4-MPI/bin/mg.C.x"
1.0575907 W	2159340	"/home/boggy/ref_rapl/energy_exp_server/NPB3.4.3/NPB3.4-MPI/bin/mg.C.x"
1.0575907 W	2159343	"/home/boggy/ref_rapl/energy_exp_server/NPB3.4.3/NPB3.4-MPI/bin/mg.C.x"
1.0575907 W	2159341	"/home/boggy/ref_rapl/energy_exp_server/NPB3.4.3/NPB3.4-MPI/bin/mg.C.x"
------------------------------------------------------------

Host:	46.223603 W from 
	package 	core		dram		uncore
Socket0	42.447502 W |	36.7658 W	4.567025 W	0 W	

Top 5 consumers:
Power		PID	Exe
1.4150083 W	2159320	"/home/boggy/ref_rapl/scaphandre/target/release/scaphandre"
1.4150083 W	2159340	"/home/boggy/ref_rapl/energy_exp_server/NPB3.4.3/NPB3.4-MPI/bin/mg.C.x"
1.1791735 W	2159342	"/home/boggy/ref_rapl/energy_exp_server/NPB3.4.3/NPB3.4-MPI/bin/mg.C.x"
1.1791735 W	2159343	"/home/boggy/ref_rapl/energy_exp_server/NPB3.4.3/NPB3.4-MPI/bin/mg.C.x"
1.1791735 W	2159341	"/home/boggy/ref_rapl/energy_exp_server/NPB3.4.3/NPB3.4-MPI/bin/mg.C.x"
------------------------------------------------------------

Host:	48.753435 W from 
	package 	core		dram		uncore
Socket0	43.224026 W |	38.14309 W	4.596745 W	0 W	

Top 5 consumers:
Power		PID	Exe
0.99496806 W	2159342	"/home/boggy/ref_rapl/energy_exp_server/NPB3.4.3/NPB3.4-MPI/bin/mg.C.x"
0.99496806 W	2159340	"/home/boggy/ref_rapl/energy_exp_server/NPB3.4.3/NPB3.4-MPI/bin/mg.C.x"
0.99496806 W	2159343	"/home/boggy/ref_rapl/energy_exp_server/NPB3.4.3/NPB3.4-MPI/bin/mg.C.x"
0.99496806 W	2159341	"/home/boggy/ref_rapl/energy_exp_server/NPB3.4.3/NPB3.4-MPI/bin/mg.C.x"
0.7462261 W	2159320	"/home/boggy/ref_rapl/scaphandre/target/release/scaphandre"
------------------------------------------------------------

Host:	56.254482 W from 
	package 	core		dram		uncore
Socket0	44.754154 W |	39.957912 W	4.517011 W	0 W	

Top 5 consumers:
Power		PID	Exe
0.861038 W	2159342	"/home/boggy/ref_rapl/energy_exp_server/NPB3.4.3/NPB3.4-MPI/bin/mg.C.x"
0.861038 W	2159320	"/home/boggy/ref_rapl/scaphandre/target/release/scaphandre"
0.861038 W	2159340	"/home/boggy/ref_rapl/energy_exp_server/NPB3.4.3/NPB3.4-MPI/bin/mg.C.x"
0.861038 W	2159343	"/home/boggy/ref_rapl/energy_exp_server/NPB3.4.3/NPB3.4-MPI/bin/mg.C.x"
0.861038 W	2159341	"/home/boggy/ref_rapl/energy_exp_server/NPB3.4.3/NPB3.4-MPI/bin/mg.C.x"
------------------------------------------------------------

Host:	54.995401 W from 
	package 	core		dram		uncore
Socket0	52.50081 W |	47.18986 W	4.402428 W	0 W	

Top 5 consumers:
Power		PID	Exe
0.8417663 W	2159342	"/home/boggy/ref_rapl/energy_exp_server/NPB3.4.3/NPB3.4-MPI/bin/mg.C.x"
0.8417663 W	2159340	"/home/boggy/ref_rapl/energy_exp_server/NPB3.4.3/NPB3.4-MPI/bin/mg.C.x"
0.8417663 W	2159343	"/home/boggy/ref_rapl/energy_exp_server/NPB3.4.3/NPB3.4-MPI/bin/mg.C.x"
0.8417663 W	2159341	"/home/boggy/ref_rapl/energy_exp_server/NPB3.4.3/NPB3.4-MPI/bin/mg.C.x"
0.56117755 W	2159320	"/home/boggy/ref_rapl/scaphandre/target/release/scaphandre"
------------------------------------------------------------

Host:	51.381416 W from 
	package 	core		dram		uncore
Socket0	47.354416 W |	42.771095 W	4.520013 W	0 W	

Top 5 consumers:
Power		PID	Exe
0.78645027 W	2159342	"/home/boggy/ref_rapl/energy_exp_server/NPB3.4.3/NPB3.4-MPI/bin/mg.C.x"
0.78645027 W	2159340	"/home/boggy/ref_rapl/energy_exp_server/NPB3.4.3/NPB3.4-MPI/bin/mg.C.x"
0.78645027 W	2159343	"/home/boggy/ref_rapl/energy_exp_server/NPB3.4.3/NPB3.4-MPI/bin/mg.C.x"
0.78645027 W	2159341	"/home/boggy/ref_rapl/energy_exp_server/NPB3.4.3/NPB3.4-MPI/bin/mg.C.x"
0.52430016 W	2159320	"/home/boggy/ref_rapl/scaphandre/target/release/scaphandre"
------------------------------------------------------------

Host:	51.147847 W from 
	package 	core		dram		uncore
Socket0	46.703384 W |	41.30542 W	4.589928 W	0 W	

Top 5 consumers:
Power		PID	Exe
0.7828752 W	2159342	"/home/boggy/ref_rapl/energy_exp_server/NPB3.4.3/NPB3.4-MPI/bin/mg.C.x"
0.7828752 W	2159320	"/home/boggy/ref_rapl/scaphandre/target/release/scaphandre"
0.7828752 W	2159340	"/home/boggy/ref_rapl/energy_exp_server/NPB3.4.3/NPB3.4-MPI/bin/mg.C.x"
0.7828752 W	2159343	"/home/boggy/ref_rapl/energy_exp_server/NPB3.4.3/NPB3.4-MPI/bin/mg.C.x"
0.7828752 W	2159341	"/home/boggy/ref_rapl/energy_exp_server/NPB3.4.3/NPB3.4-MPI/bin/mg.C.x"
------------------------------------------------------------

Host:	51.435391 W from 
	package 	core		dram		uncore
Socket0	46.463955 W |	41.216953 W	4.572249 W	0 W	

Top 5 consumers:
Power		PID	Exe
0.7872764 W	2159342	"/home/boggy/ref_rapl/energy_exp_server/NPB3.4.3/NPB3.4-MPI/bin/mg.C.x"
0.7872764 W	2159340	"/home/boggy/ref_rapl/energy_exp_server/NPB3.4.3/NPB3.4-MPI/bin/mg.C.x"
0.7872764 W	2159343	"/home/boggy/ref_rapl/energy_exp_server/NPB3.4.3/NPB3.4-MPI/bin/mg.C.x"
0.7872764 W	2159341	"/home/boggy/ref_rapl/energy_exp_server/NPB3.4.3/NPB3.4-MPI/bin/mg.C.x"
0.52485096 W	2159320	"/home/boggy/ref_rapl/scaphandre/target/release/scaphandre"
------------------------------------------------------------

Host:	53.222427 W from 
	package 	core		dram		uncore
Socket0	49.196476 W |	42.830734 W	4.710494 W	0 W	

Top 5 consumers:
Power		PID	Exe
1.1893278 W	2159320	"/home/boggy/ref_rapl/scaphandre/target/release/scaphandre"
0.891996 W	2159342	"/home/boggy/ref_rapl/energy_exp_server/NPB3.4.3/NPB3.4-MPI/bin/mg.C.x"
0.891996 W	2159340	"/home/boggy/ref_rapl/energy_exp_server/NPB3.4.3/NPB3.4-MPI/bin/mg.C.x"
0.891996 W	2159343	"/home/boggy/ref_rapl/energy_exp_server/NPB3.4.3/NPB3.4-MPI/bin/mg.C.x"
0.891996 W	2159341	"/home/boggy/ref_rapl/energy_exp_server/NPB3.4.3/NPB3.4-MPI/bin/mg.C.x"
------------------------------------------------------------

Host:	54.213947 W from 
	package 	core		dram		uncore
Socket0	48.540596 W |	43.41061 W	4.791874 W	0 W	

Top 5 consumers:
Power		PID	Exe
0.9086137 W	2159342	"/home/boggy/ref_rapl/energy_exp_server/NPB3.4.3/NPB3.4-MPI/bin/mg.C.x"
0.9086137 W	2159340	"/home/boggy/ref_rapl/energy_exp_server/NPB3.4.3/NPB3.4-MPI/bin/mg.C.x"
0.9086137 W	2159343	"/home/boggy/ref_rapl/energy_exp_server/NPB3.4.3/NPB3.4-MPI/bin/mg.C.x"
0.9086137 W	2159341	"/home/boggy/ref_rapl/energy_exp_server/NPB3.4.3/NPB3.4-MPI/bin/mg.C.x"
0.6057424 W	2159320	"/home/boggy/ref_rapl/scaphandre/target/release/scaphandre"
------------------------------------------------------------

Host:	52.865649 W from 
	package 	core		dram		uncore
Socket0	47.999393 W |	43.383755 W	4.726755 W	0 W	

Top 5 consumers:
Power		PID	Exe
1.1813552 W	2159342	"/home/boggy/ref_rapl/energy_exp_server/NPB3.4.3/NPB3.4-MPI/bin/mg.C.x"
0.8860165 W	2159340	"/home/boggy/ref_rapl/energy_exp_server/NPB3.4.3/NPB3.4-MPI/bin/mg.C.x"
0.8860165 W	2159343	"/home/boggy/ref_rapl/energy_exp_server/NPB3.4.3/NPB3.4-MPI/bin/mg.C.x"
0.8860165 W	2159341	"/home/boggy/ref_rapl/energy_exp_server/NPB3.4.3/NPB3.4-MPI/bin/mg.C.x"
0.5906776 W	2159320	"/home/boggy/ref_rapl/scaphandre/target/release/scaphandre"
------------------------------------------------------------

Host:	53.03585 W from 
	package 	core		dram		uncore
Socket0	48.047623 W |	43.293472 W	4.877177 W	0 W	

Top 5 consumers:
Power		PID	Exe
1.1851586 W	2159341	"/home/boggy/ref_rapl/energy_exp_server/NPB3.4.3/NPB3.4-MPI/bin/mg.C.x"
0.888869 W	2159342	"/home/boggy/ref_rapl/energy_exp_server/NPB3.4.3/NPB3.4-MPI/bin/mg.C.x"
0.888869 W	2159320	"/home/boggy/ref_rapl/scaphandre/target/release/scaphandre"
0.888869 W	2159340	"/home/boggy/ref_rapl/energy_exp_server/NPB3.4.3/NPB3.4-MPI/bin/mg.C.x"
0.888869 W	2159343	"/home/boggy/ref_rapl/energy_exp_server/NPB3.4.3/NPB3.4-MPI/bin/mg.C.x"
------------------------------------------------------------

Host:	53.675124 W from 
	package 	core		dram		uncore
Socket0	48.491673 W |	43.503075 W	4.780434 W	0 W	

Top 5 consumers:
Power		PID	Exe
1.1994442 W	2159343	"/home/boggy/ref_rapl/energy_exp_server/NPB3.4.3/NPB3.4-MPI/bin/mg.C.x"
0.8995831 W	2159342	"/home/boggy/ref_rapl/energy_exp_server/NPB3.4.3/NPB3.4-MPI/bin/mg.C.x"
0.8995831 W	2159320	"/home/boggy/ref_rapl/scaphandre/target/release/scaphandre"
0.8995831 W	2159340	"/home/boggy/ref_rapl/energy_exp_server/NPB3.4.3/NPB3.4-MPI/bin/mg.C.x"
0.8995831 W	2159341	"/home/boggy/ref_rapl/energy_exp_server/NPB3.4.3/NPB3.4-MPI/bin/mg.C.x"
------------------------------------------------------------

Host:	53.461904 W from 
	package 	core		dram		uncore
Socket0	48.644077 W |	43.30192 W	4.775339 W	0 W	

Top 5 consumers:
Power		PID	Exe
0.89600956 W	2159342	"/home/boggy/ref_rapl/energy_exp_server/NPB3.4.3/NPB3.4-MPI/bin/mg.C.x"
0.89600956 W	2159340	"/home/boggy/ref_rapl/energy_exp_server/NPB3.4.3/NPB3.4-MPI/bin/mg.C.x"
0.89600956 W	2159343	"/home/boggy/ref_rapl/energy_exp_server/NPB3.4.3/NPB3.4-MPI/bin/mg.C.x"
0.89600956 W	2159341	"/home/boggy/ref_rapl/energy_exp_server/NPB3.4.3/NPB3.4-MPI/bin/mg.C.x"
0.5973397 W	2159320	"/home/boggy/ref_rapl/scaphandre/target/release/scaphandre"
------------------------------------------------------------

Host:	51.935057 W from 
	package 	core		dram		uncore
Socket0	48.801 W |	43.356342 W	4.647903 W	0 W	

Top 5 consumers:
Power		PID	Exe
0.87042 W	2159342	"/home/boggy/ref_rapl/energy_exp_server/NPB3.4.3/NPB3.4-MPI/bin/mg.C.x"
0.87042 W	2159340	"/home/boggy/ref_rapl/energy_exp_server/NPB3.4.3/NPB3.4-MPI/bin/mg.C.x"
0.87042 W	2159343	"/home/boggy/ref_rapl/energy_exp_server/NPB3.4.3/NPB3.4-MPI/bin/mg.C.x"
0.87042 W	2159341	"/home/boggy/ref_rapl/energy_exp_server/NPB3.4.3/NPB3.4-MPI/bin/mg.C.x"
0.58027995 W	2159320	"/home/boggy/ref_rapl/scaphandre/target/release/scaphandre"
------------------------------------------------------------

Host:	54.551631 W from 
	package 	core		dram		uncore
Socket0	47.32464 W |	42.756615 W	4.052422 W	0 W	

Top 5 consumers:
Power		PID	Exe
0.94598204 W	2159342	"/home/boggy/ref_rapl/energy_exp_server/NPB3.4.3/NPB3.4-MPI/bin/mg.C.x"
0.94598204 W	2159340	"/home/boggy/ref_rapl/energy_exp_server/NPB3.4.3/NPB3.4-MPI/bin/mg.C.x"
0.94598204 W	2159343	"/home/boggy/ref_rapl/energy_exp_server/NPB3.4.3/NPB3.4-MPI/bin/mg.C.x"
0.94598204 W	2159341	"/home/boggy/ref_rapl/energy_exp_server/NPB3.4.3/NPB3.4-MPI/bin/mg.C.x"
0.63065463 W	2159320	"/home/boggy/ref_rapl/scaphandre/target/release/scaphandre"
------------------------------------------------------------

Host:	53.765979 W from 
	package 	core		dram		uncore
Socket0	51.26863 W |	45.50106 W	4.593466 W	0 W	

Top 5 consumers:
Power		PID	Exe
0.932358 W	2159342	"/home/boggy/ref_rapl/energy_exp_server/NPB3.4.3/NPB3.4-MPI/bin/mg.C.x"
0.932358 W	2159320	"/home/boggy/ref_rapl/scaphandre/target/release/scaphandre"
0.932358 W	2159340	"/home/boggy/ref_rapl/energy_exp_server/NPB3.4.3/NPB3.4-MPI/bin/mg.C.x"
0.932358 W	2159343	"/home/boggy/ref_rapl/energy_exp_server/NPB3.4.3/NPB3.4-MPI/bin/mg.C.x"
0.932358 W	2159341	"/home/boggy/ref_rapl/energy_exp_server/NPB3.4.3/NPB3.4-MPI/bin/mg.C.x"
------------------------------------------------------------

Host:	56.794693 W from 
	package 	core		dram		uncore
Socket0	50.84116 W |	45.786816 W	4.612661 W	0 W	

Top 5 consumers:
Power		PID	Exe
0.9848791 W	2159342	"/home/boggy/ref_rapl/energy_exp_server/NPB3.4.3/NPB3.4-MPI/bin/mg.C.x"
0.9848791 W	2159340	"/home/boggy/ref_rapl/energy_exp_server/NPB3.4.3/NPB3.4-MPI/bin/mg.C.x"
0.9848791 W	2159341	"/home/boggy/ref_rapl/energy_exp_server/NPB3.4.3/NPB3.4-MPI/bin/mg.C.x"
0.656586 W	2159320	"/home/boggy/ref_rapl/scaphandre/target/release/scaphandre"
0.656586 W	2159343	"/home/boggy/ref_rapl/energy_exp_server/NPB3.4.3/NPB3.4-MPI/bin/mg.C.x"
------------------------------------------------------------

Host:	55.313481 W from 
	package 	core		dram		uncore
Socket0	50.344643 W |	45.843365 W	4.711746 W	0 W	

Top 5 consumers:
Power		PID	Exe
0.9591933 W	2159340	"/home/boggy/ref_rapl/energy_exp_server/NPB3.4.3/NPB3.4-MPI/bin/mg.C.x"
0.9591933 W	2159343	"/home/boggy/ref_rapl/energy_exp_server/NPB3.4.3/NPB3.4-MPI/bin/mg.C.x"
0.6394622 W	2159342	"/home/boggy/ref_rapl/energy_exp_server/NPB3.4.3/NPB3.4-MPI/bin/mg.C.x"
0.6394622 W	2159320	"/home/boggy/ref_rapl/scaphandre/target/release/scaphandre"
0.6394622 W	2159341	"/home/boggy/ref_rapl/energy_exp_server/NPB3.4.3/NPB3.4-MPI/bin/mg.C.x"
------------------------------------------------------------

Host:	55.995614 W from 
	package 	core		dram		uncore
Socket0	50.73271 W |	45.814823 W	4.589137 W	0 W	

Top 5 consumers:
Power		PID	Exe
0.9710222 W	2159342	"/home/boggy/ref_rapl/energy_exp_server/NPB3.4.3/NPB3.4-MPI/bin/mg.C.x"
0.9710222 W	2159340	"/home/boggy/ref_rapl/energy_exp_server/NPB3.4.3/NPB3.4-MPI/bin/mg.C.x"
0.9710222 W	2159343	"/home/boggy/ref_rapl/energy_exp_server/NPB3.4.3/NPB3.4-MPI/bin/mg.C.x"
0.9710222 W	2159341	"/home/boggy/ref_rapl/energy_exp_server/NPB3.4.3/NPB3.4-MPI/bin/mg.C.x"
0.64734805 W	2159320	"/home/boggy/ref_rapl/scaphandre/target/release/scaphandre"
------------------------------------------------------------

Host:	55.204547 W from 
	package 	core		dram		uncore
Socket0	51.14211 W |	45.59917 W	4.508343 W	0 W	

Top 5 consumers:
Power		PID	Exe
0.95730424 W	2159342	"/home/boggy/ref_rapl/energy_exp_server/NPB3.4.3/NPB3.4-MPI/bin/mg.C.x"
0.95730424 W	2159320	"/home/boggy/ref_rapl/scaphandre/target/release/scaphandre"
0.95730424 W	2159340	"/home/boggy/ref_rapl/energy_exp_server/NPB3.4.3/NPB3.4-MPI/bin/mg.C.x"
0.95730424 W	2159343	"/home/boggy/ref_rapl/energy_exp_server/NPB3.4.3/NPB3.4-MPI/bin/mg.C.x"
0.95730424 W	2159341	"/home/boggy/ref_rapl/energy_exp_server/NPB3.4.3/NPB3.4-MPI/bin/mg.C.x"
------------------------------------------------------------

Host:	53.58804 W from 
	package 	core		dram		uncore
Socket0	51.043083 W |	45.927532 W	4.608497 W	0 W	

Top 5 consumers:
Power		PID	Exe
0.92927235 W	2159342	"/home/boggy/ref_rapl/energy_exp_server/NPB3.4.3/NPB3.4-MPI/bin/mg.C.x"
0.92927235 W	2159340	"/home/boggy/ref_rapl/energy_exp_server/NPB3.4.3/NPB3.4-MPI/bin/mg.C.x"
0.92927235 W	2159343	"/home/boggy/ref_rapl/energy_exp_server/NPB3.4.3/NPB3.4-MPI/bin/mg.C.x"
0.92927235 W	2159341	"/home/boggy/ref_rapl/energy_exp_server/NPB3.4.3/NPB3.4-MPI/bin/mg.C.x"
0.6195149 W	2159320	"/home/boggy/ref_rapl/scaphandre/target/release/scaphandre"
------------------------------------------------------------

Host:	52.393446 W from 
	package 	core		dram		uncore
Socket0	47.468178 W |	42.355705 W	4.738483 W	0 W	

Top 5 consumers:
Power		PID	Exe
1.2624927 W	2159342	"/home/boggy/ref_rapl/energy_exp_server/NPB3.4.3/NPB3.4-MPI/bin/mg.C.x"
0.94686943 W	2159320	"/home/boggy/ref_rapl/scaphandre/target/release/scaphandre"
0.94686943 W	2159340	"/home/boggy/ref_rapl/energy_exp_server/NPB3.4.3/NPB3.4-MPI/bin/mg.C.x"
0.94686943 W	2159343	"/home/boggy/ref_rapl/energy_exp_server/NPB3.4.3/NPB3.4-MPI/bin/mg.C.x"
0.94686943 W	2159341	"/home/boggy/ref_rapl/energy_exp_server/NPB3.4.3/NPB3.4-MPI/bin/mg.C.x"
------------------------------------------------------------

Host:	53.528744 W from 
	package 	core		dram		uncore
Socket0	48.62 W |	43.55613 W	4.789506 W	0 W	

Top 5 consumers:
Power		PID	Exe
0.9673869 W	2159342	"/home/boggy/ref_rapl/energy_exp_server/NPB3.4.3/NPB3.4-MPI/bin/mg.C.x"
0.9673869 W	2159340	"/home/boggy/ref_rapl/energy_exp_server/NPB3.4.3/NPB3.4-MPI/bin/mg.C.x"
0.9673869 W	2159343	"/home/boggy/ref_rapl/energy_exp_server/NPB3.4.3/NPB3.4-MPI/bin/mg.C.x"
0.9673869 W	2159341	"/home/boggy/ref_rapl/energy_exp_server/NPB3.4.3/NPB3.4-MPI/bin/mg.C.x"
0.6449246 W	2159320	"/home/boggy/ref_rapl/scaphandre/target/release/scaphandre"
------------------------------------------------------------

Host:	54.200178 W from 
	package 	core		dram		uncore
Socket0	48.288136 W |	43.3424 W	4.749164 W	0 W	

Top 5 consumers:
Power		PID	Exe
1.3060282 W	2159343	"/home/boggy/ref_rapl/energy_exp_server/NPB3.4.3/NPB3.4-MPI/bin/mg.C.x"
1.3060282 W	2159341	"/home/boggy/ref_rapl/energy_exp_server/NPB3.4.3/NPB3.4-MPI/bin/mg.C.x"
0.9795213 W	2159342	"/home/boggy/ref_rapl/energy_exp_server/NPB3.4.3/NPB3.4-MPI/bin/mg.C.x"
0.9795213 W	2159340	"/home/boggy/ref_rapl/energy_exp_server/NPB3.4.3/NPB3.4-MPI/bin/mg.C.x"
0.6530141 W	2159320	"/home/boggy/ref_rapl/scaphandre/target/release/scaphandre"
------------------------------------------------------------

Host:	53.47363 W from 
	package 	core		dram		uncore
Socket0	49.819744 W |	44.434437 W	4.668391 W	0 W	

Top 5 consumers:
Power		PID	Exe
1.2885212 W	2159320	"/home/boggy/ref_rapl/scaphandre/target/release/scaphandre"
0.9663908 W	2159342	"/home/boggy/ref_rapl/energy_exp_server/NPB3.4.3/NPB3.4-MPI/bin/mg.C.x"
0.9663908 W	2159340	"/home/boggy/ref_rapl/energy_exp_server/NPB3.4.3/NPB3.4-MPI/bin/mg.C.x"
0.9663908 W	2159343	"/home/boggy/ref_rapl/energy_exp_server/NPB3.4.3/NPB3.4-MPI/bin/mg.C.x"
0.3221303 W	976	""
------------------------------------------------------------

Host:	53.40655 W from 
	package 	core		dram		uncore
Socket0	48.98816 W |	43.311295 W	4.832439 W	0 W	

Top 5 consumers:
Power		PID	Exe
1.2869047 W	2159340	"/home/boggy/ref_rapl/energy_exp_server/NPB3.4.3/NPB3.4-MPI/bin/mg.C.x"
0.96517855 W	2159342	"/home/boggy/ref_rapl/energy_exp_server/NPB3.4.3/NPB3.4-MPI/bin/mg.C.x"
0.96517855 W	2159343	"/home/boggy/ref_rapl/energy_exp_server/NPB3.4.3/NPB3.4-MPI/bin/mg.C.x"
0.96517855 W	2159341	"/home/boggy/ref_rapl/energy_exp_server/NPB3.4.3/NPB3.4-MPI/bin/mg.C.x"
0.64345235 W	2159320	"/home/boggy/ref_rapl/scaphandre/target/release/scaphandre"
------------------------------------------------------------

Host:	53.300169 W from 
	package 	core		dram		uncore
Socket0	48.354237 W |	43.4739 W	4.756544 W	0 W	

Top 5 consumers:
Power		PID	Exe
0.963256 W	2159342	"/home/boggy/ref_rapl/energy_exp_server/NPB3.4.3/NPB3.4-MPI/bin/mg.C.x"
0.963256 W	2159320	"/home/boggy/ref_rapl/scaphandre/target/release/scaphandre"
0.963256 W	2159340	"/home/boggy/ref_rapl/energy_exp_server/NPB3.4.3/NPB3.4-MPI/bin/mg.C.x"
0.963256 W	2159343	"/home/boggy/ref_rapl/energy_exp_server/NPB3.4.3/NPB3.4-MPI/bin/mg.C.x"
0.963256 W	2159341	"/home/boggy/ref_rapl/energy_exp_server/NPB3.4.3/NPB3.4-MPI/bin/mg.C.x"
------------------------------------------------------------

Host:	52.641342 W from 
	package 	core		dram		uncore
Socket0	48.217533 W |	43.282505 W	4.896316 W	0 W	

Top 5 consumers:
Power		PID	Exe
1.268466 W	2159342	"/home/boggy/ref_rapl/energy_exp_server/NPB3.4.3/NPB3.4-MPI/bin/mg.C.x"
1.268466 W	2159341	"/home/boggy/ref_rapl/energy_exp_server/NPB3.4.3/NPB3.4-MPI/bin/mg.C.x"
0.9513495 W	2159340	"/home/boggy/ref_rapl/energy_exp_server/NPB3.4.3/NPB3.4-MPI/bin/mg.C.x"
0.9513495 W	2159343	"/home/boggy/ref_rapl/energy_exp_server/NPB3.4.3/NPB3.4-MPI/bin/mg.C.x"
0.634233 W	2159320	"/home/boggy/ref_rapl/scaphandre/target/release/scaphandre"
------------------------------------------------------------

Host:	50.600994 W from 
	package 	core		dram		uncore
Socket0	46.88968 W |	41.26217 W	4.685022 W	0 W	

Top 5 consumers:
Power		PID	Exe
1.137101 W	2159343	"/home/boggy/ref_rapl/energy_exp_server/NPB3.4.3/NPB3.4-MPI/bin/mg.C.x"
0.85282576 W	2159342	"/home/boggy/ref_rapl/energy_exp_server/NPB3.4.3/NPB3.4-MPI/bin/mg.C.x"
0.85282576 W	2159320	"/home/boggy/ref_rapl/scaphandre/target/release/scaphandre"
0.85282576 W	2159340	"/home/boggy/ref_rapl/energy_exp_server/NPB3.4.3/NPB3.4-MPI/bin/mg.C.x"
0.85282576 W	2159341	"/home/boggy/ref_rapl/energy_exp_server/NPB3.4.3/NPB3.4-MPI/bin/mg.C.x"
------------------------------------------------------------

Host:	52.95787 W from 
	package 	core		dram		uncore
Socket0	48.08643 W |	43.537434 W	4.102398 W	0 W	

Top 5 consumers:
Power		PID	Exe
0.8925484 W	2159342	"/home/boggy/ref_rapl/energy_exp_server/NPB3.4.3/NPB3.4-MPI/bin/mg.C.x"
0.8925484 W	2159320	"/home/boggy/ref_rapl/scaphandre/target/release/scaphandre"
0.8925484 W	2159340	"/home/boggy/ref_rapl/energy_exp_server/NPB3.4.3/NPB3.4-MPI/bin/mg.C.x"
0.8925484 W	2159343	"/home/boggy/ref_rapl/energy_exp_server/NPB3.4.3/NPB3.4-MPI/bin/mg.C.x"
0.8925484 W	2159341	"/home/boggy/ref_rapl/energy_exp_server/NPB3.4.3/NPB3.4-MPI/bin/mg.C.x"
------------------------------------------------------------

Host:	50.107073 W from 
	package 	core		dram		uncore
Socket0	46.891376 W |	42.215443 W	4.760914 W	0 W	

Top 5 consumers:
Power		PID	Exe
0.8445012 W	2159342	"/home/boggy/ref_rapl/energy_exp_server/NPB3.4.3/NPB3.4-MPI/bin/mg.C.x"
0.8445012 W	2159340	"/home/boggy/ref_rapl/energy_exp_server/NPB3.4.3/NPB3.4-MPI/bin/mg.C.x"
0.8445012 W	2159343	"/home/boggy/ref_rapl/energy_exp_server/NPB3.4.3/NPB3.4-MPI/bin/mg.C.x"
0.8445012 W	2159341	"/home/boggy/ref_rapl/energy_exp_server/NPB3.4.3/NPB3.4-MPI/bin/mg.C.x"
0.5630008 W	2159320	"/home/boggy/ref_rapl/scaphandre/target/release/scaphandre"
------------------------------------------------------------

Host:	48.960693 W from 
	package 	core		dram		uncore
Socket0	46.758995 W |	41.96826 W	4.269265 W	0 W	

Top 5 consumers:
Power		PID	Exe
1.1002402 W	2159342	"/home/boggy/ref_rapl/energy_exp_server/NPB3.4.3/NPB3.4-MPI/bin/mg.C.x"
1.1002402 W	2159320	"/home/boggy/ref_rapl/scaphandre/target/release/scaphandre"
1.1002402 W	2159340	"/home/boggy/ref_rapl/energy_exp_server/NPB3.4.3/NPB3.4-MPI/bin/mg.C.x"
1.1002402 W	2159343	"/home/boggy/ref_rapl/energy_exp_server/NPB3.4.3/NPB3.4-MPI/bin/mg.C.x"
1.1002402 W	2159341	"/home/boggy/ref_rapl/energy_exp_server/NPB3.4.3/NPB3.4-MPI/bin/mg.C.x"
------------------------------------------------------------

Host:	45.984432 W from 
	package 	core		dram		uncore
Socket0	42.412773 W |	36.785664 W	4.56289 W	0 W	

Top 5 consumers:
Power		PID	Exe
1.2916975 W	2159342	"/home/boggy/ref_rapl/energy_exp_server/NPB3.4.3/NPB3.4-MPI/bin/mg.C.x"
1.2916975 W	2159320	"/home/boggy/ref_rapl/scaphandre/target/release/scaphandre"
1.2916975 W	2159340	"/home/boggy/ref_rapl/energy_exp_server/NPB3.4.3/NPB3.4-MPI/bin/mg.C.x"
1.2916975 W	2159343	"/home/boggy/ref_rapl/energy_exp_server/NPB3.4.3/NPB3.4-MPI/bin/mg.C.x"
1.2916975 W	2159341	"/home/boggy/ref_rapl/energy_exp_server/NPB3.4.3/NPB3.4-MPI/bin/mg.C.x"
------------------------------------------------------------

Host:	47.086684 W from 
	package 	core		dram		uncore
Socket0	41.366096 W |	36.362675 W	4.551042 W	0 W	

Top 5 consumers:
Power		PID	Exe
1.712243 W	2159340	"/home/boggy/ref_rapl/energy_exp_server/NPB3.4.3/NPB3.4-MPI/bin/mg.C.x"
1.4268693 W	2159342	"/home/boggy/ref_rapl/energy_exp_server/NPB3.4.3/NPB3.4-MPI/bin/mg.C.x"
1.4268693 W	2159320	"/home/boggy/ref_rapl/scaphandre/target/release/scaphandre"
1.4268693 W	2159343	"/home/boggy/ref_rapl/energy_exp_server/NPB3.4.3/NPB3.4-MPI/bin/mg.C.x"
1.4268693 W	2159341	"/home/boggy/ref_rapl/energy_exp_server/NPB3.4.3/NPB3.4-MPI/bin/mg.C.x"
------------------------------------------------------------

Host:	51.90259 W from 
	package 	core		dram		uncore
Socket0	43.208584 W |	38.036983 W	4.466873 W	0 W	

Top 5 consumers:
Power		PID	Exe
1.2582445 W	2159342	"/home/boggy/ref_rapl/energy_exp_server/NPB3.4.3/NPB3.4-MPI/bin/mg.C.x"
1.2582445 W	2159340	"/home/boggy/ref_rapl/energy_exp_server/NPB3.4.3/NPB3.4-MPI/bin/mg.C.x"
1.2582445 W	2159343	"/home/boggy/ref_rapl/energy_exp_server/NPB3.4.3/NPB3.4-MPI/bin/mg.C.x"
1.2582445 W	2159341	"/home/boggy/ref_rapl/energy_exp_server/NPB3.4.3/NPB3.4-MPI/bin/mg.C.x"
0.94368345 W	2159320	"/home/boggy/ref_rapl/scaphandre/target/release/scaphandre"
------------------------------------------------------------

Host:	54.784783 W from 
	package 	core		dram		uncore
Socket0	52.0757 W |	46.290615 W	4.566256 W	0 W	

Top 5 consumers:
Power		PID	Exe
1.3281158 W	2159342	"/home/boggy/ref_rapl/energy_exp_server/NPB3.4.3/NPB3.4-MPI/bin/mg.C.x"
1.3281158 W	2159343	"/home/boggy/ref_rapl/energy_exp_server/NPB3.4.3/NPB3.4-MPI/bin/mg.C.x"
0.99608696 W	2159320	"/home/boggy/ref_rapl/scaphandre/target/release/scaphandre"
0.99608696 W	2159340	"/home/boggy/ref_rapl/energy_exp_server/NPB3.4.3/NPB3.4-MPI/bin/mg.C.x"
0.99608696 W	2159341	"/home/boggy/ref_rapl/energy_exp_server/NPB3.4.3/NPB3.4-MPI/bin/mg.C.x"
------------------------------------------------------------

Host:	51.162396 W from 
	package 	core		dram		uncore
Socket0	47.96952 W |	43.635216 W	4.55129 W	0 W	

Top 5 consumers:
Power		PID	Exe
1.2403004 W	2159341	"/home/boggy/ref_rapl/energy_exp_server/NPB3.4.3/NPB3.4-MPI/bin/mg.C.x"
0.9302254 W	2159342	"/home/boggy/ref_rapl/energy_exp_server/NPB3.4.3/NPB3.4-MPI/bin/mg.C.x"
0.9302254 W	2159340	"/home/boggy/ref_rapl/energy_exp_server/NPB3.4.3/NPB3.4-MPI/bin/mg.C.x"
0.9302254 W	2159343	"/home/boggy/ref_rapl/energy_exp_server/NPB3.4.3/NPB3.4-MPI/bin/mg.C.x"
0.6201502 W	2159320	"/home/boggy/ref_rapl/scaphandre/target/release/scaphandre"
------------------------------------------------------------

Host:	51.316644 W from 
	package 	core		dram		uncore
Socket0	47.017513 W |	41.202866 W	4.494557 W	0 W	

Top 5 consumers:
Power		PID	Exe
0.9330299 W	2159342	"/home/boggy/ref_rapl/energy_exp_server/NPB3.4.3/NPB3.4-MPI/bin/mg.C.x"
0.9330299 W	2159320	"/home/boggy/ref_rapl/scaphandre/target/release/scaphandre"
0.9330299 W	2159340	"/home/boggy/ref_rapl/energy_exp_server/NPB3.4.3/NPB3.4-MPI/bin/mg.C.x"
0.9330299 W	2159343	"/home/boggy/ref_rapl/energy_exp_server/NPB3.4.3/NPB3.4-MPI/bin/mg.C.x"
0.9330299 W	2159341	"/home/boggy/ref_rapl/energy_exp_server/NPB3.4.3/NPB3.4-MPI/bin/mg.C.x"
------------------------------------------------------------

Host:	53.190279 W from 
	package 	core		dram		uncore
Socket0	46.336853 W |	41.16073 W	4.565375 W	0 W	

Top 5 consumers:
Power		PID	Exe
0.9670959 W	2159342	"/home/boggy/ref_rapl/energy_exp_server/NPB3.4.3/NPB3.4-MPI/bin/mg.C.x"
0.9670959 W	2159320	"/home/boggy/ref_rapl/scaphandre/target/release/scaphandre"
0.9670959 W	2159340	"/home/boggy/ref_rapl/energy_exp_server/NPB3.4.3/NPB3.4-MPI/bin/mg.C.x"
0.9670959 W	2159343	"/home/boggy/ref_rapl/energy_exp_server/NPB3.4.3/NPB3.4-MPI/bin/mg.C.x"
0.9670959 W	2159341	"/home/boggy/ref_rapl/energy_exp_server/NPB3.4.3/NPB3.4-MPI/bin/mg.C.x"
------------------------------------------------------------

Host:	53.259488 W from 
	package 	core		dram		uncore
Socket0	48.09328 W |	42.987648 W	4.729103 W	0 W	

Top 5 consumers:
Power		PID	Exe
0.99241287 W	2159342	"/home/boggy/ref_rapl/energy_exp_server/NPB3.4.3/NPB3.4-MPI/bin/mg.C.x"
0.99241287 W	2159340	"/home/boggy/ref_rapl/energy_exp_server/NPB3.4.3/NPB3.4-MPI/bin/mg.C.x"
0.99241287 W	2159343	"/home/boggy/ref_rapl/energy_exp_server/NPB3.4.3/NPB3.4-MPI/bin/mg.C.x"
0.99241287 W	2159341	"/home/boggy/ref_rapl/energy_exp_server/NPB3.4.3/NPB3.4-MPI/bin/mg.C.x"
0.6616086 W	2159320	"/home/boggy/ref_rapl/scaphandre/target/release/scaphandre"
------------------------------------------------------------

Host:	52.864154 W from 
	package 	core		dram		uncore
Socket0	48.368458 W |	43.562145 W	4.899273 W	0 W	

Top 5 consumers:
Power		PID	Exe
1.3133951 W	2159340	"/home/boggy/ref_rapl/energy_exp_server/NPB3.4.3/NPB3.4-MPI/bin/mg.C.x"
0.9850464 W	2159342	"/home/boggy/ref_rapl/energy_exp_server/NPB3.4.3/NPB3.4-MPI/bin/mg.C.x"
0.9850464 W	2159343	"/home/boggy/ref_rapl/energy_exp_server/NPB3.4.3/NPB3.4-MPI/bin/mg.C.x"
0.9850464 W	2159341	"/home/boggy/ref_rapl/energy_exp_server/NPB3.4.3/NPB3.4-MPI/bin/mg.C.x"
0.6566976 W	2159320	"/home/boggy/ref_rapl/scaphandre/target/release/scaphandre"
------------------------------------------------------------

Host:	53.301277 W from 
	package 	core		dram		uncore
Socket0	48.25283 W |	43.443256 W	4.763042 W	0 W	

Top 5 consumers:
Power		PID	Exe
1.3242553 W	2159342	"/home/boggy/ref_rapl/energy_exp_server/NPB3.4.3/NPB3.4-MPI/bin/mg.C.x"
0.9931915 W	2159320	"/home/boggy/ref_rapl/scaphandre/target/release/scaphandre"
0.9931915 W	2159340	"/home/boggy/ref_rapl/energy_exp_server/NPB3.4.3/NPB3.4-MPI/bin/mg.C.x"
0.9931915 W	2159343	"/home/boggy/ref_rapl/energy_exp_server/NPB3.4.3/NPB3.4-MPI/bin/mg.C.x"
0.9931915 W	2159341	"/home/boggy/ref_rapl/energy_exp_server/NPB3.4.3/NPB3.4-MPI/bin/mg.C.x"
------------------------------------------------------------

Host:	52.95007 W from 
	package 	core		dram		uncore
Socket0	48.589497 W |	43.34267 W	4.777149 W	0 W	

Top 5 consumers:
Power		PID	Exe
1.3155296 W	2159343	"/home/boggy/ref_rapl/energy_exp_server/NPB3.4.3/NPB3.4-MPI/bin/mg.C.x"
1.3155296 W	2159341	"/home/boggy/ref_rapl/energy_exp_server/NPB3.4.3/NPB3.4-MPI/bin/mg.C.x"
0.9866473 W	2159342	"/home/boggy/ref_rapl/energy_exp_server/NPB3.4.3/NPB3.4-MPI/bin/mg.C.x"
0.9866473 W	2159340	"/home/boggy/ref_rapl/energy_exp_server/NPB3.4.3/NPB3.4-MPI/bin/mg.C.x"
0.6577648 W	2159320	"/home/boggy/ref_rapl/scaphandre/target/release/scaphandre"
------------------------------------------------------------

Host:	53.444196 W from 
	package 	core		dram		uncore
Socket0	49.592842 W |	43.46206 W	4.733605 W	0 W	

Top 5 consumers:
Power		PID	Exe
0.9958546 W	2159342	"/home/boggy/ref_rapl/energy_exp_server/NPB3.4.3/NPB3.4-MPI/bin/mg.C.x"
0.9958546 W	2159320	"/home/boggy/ref_rapl/scaphandre/target/release/scaphandre"
0.9958546 W	2159340	"/home/boggy/ref_rapl/energy_exp_server/NPB3.4.3/NPB3.4-MPI/bin/mg.C.x"
0.9958546 W	2159343	"/home/boggy/ref_rapl/energy_exp_server/NPB3.4.3/NPB3.4-MPI/bin/mg.C.x"
0.9958546 W	2159341	"/home/boggy/ref_rapl/energy_exp_server/NPB3.4.3/NPB3.4-MPI/bin/mg.C.x"
------------------------------------------------------------

Host:	54.179309 W from 
	package 	core		dram		uncore
Socket0	48.85055 W |	43.302433 W	4.818743 W	0 W	

Top 5 consumers:
Power		PID	Exe
1.0095524 W	2159342	"/home/boggy/ref_rapl/energy_exp_server/NPB3.4.3/NPB3.4-MPI/bin/mg.C.x"
1.0095524 W	2159340	"/home/boggy/ref_rapl/energy_exp_server/NPB3.4.3/NPB3.4-MPI/bin/mg.C.x"
1.0095524 W	2159343	"/home/boggy/ref_rapl/energy_exp_server/NPB3.4.3/NPB3.4-MPI/bin/mg.C.x"
1.0095524 W	2159341	"/home/boggy/ref_rapl/energy_exp_server/NPB3.4.3/NPB3.4-MPI/bin/mg.C.x"
0.67303485 W	2159320	"/home/boggy/ref_rapl/scaphandre/target/release/scaphandre"
------------------------------------------------------------

Host:	52.069262 W from 
	package 	core		dram		uncore
Socket0	46.38272 W |	42.14688 W	4.694905 W	0 W	

Top 5 consumers:
Power		PID	Exe
1.2936462 W	2159340	"/home/boggy/ref_rapl/energy_exp_server/NPB3.4.3/NPB3.4-MPI/bin/mg.C.x"
0.97023475 W	2159342	"/home/boggy/ref_rapl/energy_exp_server/NPB3.4.3/NPB3.4-MPI/bin/mg.C.x"
0.97023475 W	2159320	"/home/boggy/ref_rapl/scaphandre/target/release/scaphandre"
0.97023475 W	2159343	"/home/boggy/ref_rapl/energy_exp_server/NPB3.4.3/NPB3.4-MPI/bin/mg.C.x"
0.97023475 W	2159341	"/home/boggy/ref_rapl/energy_exp_server/NPB3.4.3/NPB3.4-MPI/bin/mg.C.x"
------------------------------------------------------------

Host:	54.919884 W from 
	package 	core		dram		uncore
Socket0	49.89603 W |	45.20753 W	4.250427 W	0 W	

Top 5 consumers:
Power		PID	Exe
1.2411273 W	2159342	"/home/boggy/ref_rapl/energy_exp_server/NPB3.4.3/NPB3.4-MPI/bin/mg.C.x"
0.9308455 W	2159340	"/home/boggy/ref_rapl/energy_exp_server/NPB3.4.3/NPB3.4-MPI/bin/mg.C.x"
0.9308455 W	2159343	"/home/boggy/ref_rapl/energy_exp_server/NPB3.4.3/NPB3.4-MPI/bin/mg.C.x"
0.9308455 W	2159341	"/home/boggy/ref_rapl/energy_exp_server/NPB3.4.3/NPB3.4-MPI/bin/mg.C.x"
0.6205636 W	2159320	"/home/boggy/ref_rapl/scaphandre/target/release/scaphandre"
------------------------------------------------------------

Host:	56.930278 W from 
	package 	core		dram		uncore
Socket0	52.21608 W |	45.885784 W	4.58736 W	0 W	

Top 5 consumers:
Power		PID	Exe
0.96492 W	2159342	"/home/boggy/ref_rapl/energy_exp_server/NPB3.4.3/NPB3.4-MPI/bin/mg.C.x"
0.96492 W	2159320	"/home/boggy/ref_rapl/scaphandre/target/release/scaphandre"
0.96492 W	2159340	"/home/boggy/ref_rapl/energy_exp_server/NPB3.4.3/NPB3.4-MPI/bin/mg.C.x"
0.96492 W	2159343	"/home/boggy/ref_rapl/energy_exp_server/NPB3.4.3/NPB3.4-MPI/bin/mg.C.x"
0.96492 W	2159341	"/home/boggy/ref_rapl/energy_exp_server/NPB3.4.3/NPB3.4-MPI/bin/mg.C.x"
------------------------------------------------------------

Host:	54.878291 W from 
	package 	core		dram		uncore
Socket0	50.17701 W |	46.04183 W	4.519901 W	0 W	

Top 5 consumers:
Power		PID	Exe
0.93014055 W	2159342	"/home/boggy/ref_rapl/energy_exp_server/NPB3.4.3/NPB3.4-MPI/bin/mg.C.x"
0.93014055 W	2159320	"/home/boggy/ref_rapl/scaphandre/target/release/scaphandre"
0.93014055 W	2159340	"/home/boggy/ref_rapl/energy_exp_server/NPB3.4.3/NPB3.4-MPI/bin/mg.C.x"
0.93014055 W	2159343	"/home/boggy/ref_rapl/energy_exp_server/NPB3.4.3/NPB3.4-MPI/bin/mg.C.x"
0.93014055 W	2159341	"/home/boggy/ref_rapl/energy_exp_server/NPB3.4.3/NPB3.4-MPI/bin/mg.C.x"
------------------------------------------------------------

Host:	55.048147 W from 
	package 	core		dram		uncore
Socket0	52.069977 W |	46.019657 W	4.703809 W	0 W	

Top 5 consumers:
Power		PID	Exe
1.2440258 W	2159343	"/home/boggy/ref_rapl/energy_exp_server/NPB3.4.3/NPB3.4-MPI/bin/mg.C.x"
0.93301946 W	2159342	"/home/boggy/ref_rapl/energy_exp_server/NPB3.4.3/NPB3.4-MPI/bin/mg.C.x"
0.93301946 W	2159340	"/home/boggy/ref_rapl/energy_exp_server/NPB3.4.3/NPB3.4-MPI/bin/mg.C.x"
0.93301946 W	2159341	"/home/boggy/ref_rapl/energy_exp_server/NPB3.4.3/NPB3.4-MPI/bin/mg.C.x"
0.6220129 W	2159320	"/home/boggy/ref_rapl/scaphandre/target/release/scaphandre"
------------------------------------------------------------

Host:	57.583981 W from 
	package 	core		dram		uncore
Socket0	50.615128 W |	45.977966 W	4.574817 W	0 W	

Top 5 consumers:
Power		PID	Exe
0.9759997 W	2159342	"/home/boggy/ref_rapl/energy_exp_server/NPB3.4.3/NPB3.4-MPI/bin/mg.C.x"
0.9759997 W	2159340	"/home/boggy/ref_rapl/energy_exp_server/NPB3.4.3/NPB3.4-MPI/bin/mg.C.x"
0.9759997 W	2159341	"/home/boggy/ref_rapl/energy_exp_server/NPB3.4.3/NPB3.4-MPI/bin/mg.C.x"
0.6506664 W	2159320	"/home/boggy/ref_rapl/scaphandre/target/release/scaphandre"
0.6506664 W	2159343	"/home/boggy/ref_rapl/energy_exp_server/NPB3.4.3/NPB3.4-MPI/bin/mg.C.x"
------------------------------------------------------------

Host:	52.918948 W from 
	package 	core		dram		uncore
Socket0	50.874874 W |	46.042885 W	4.575365 W	0 W	

Top 5 consumers:
Power		PID	Exe
1.1959084 W	2159343	"/home/boggy/ref_rapl/energy_exp_server/NPB3.4.3/NPB3.4-MPI/bin/mg.C.x"
1.1959084 W	2159341	"/home/boggy/ref_rapl/energy_exp_server/NPB3.4.3/NPB3.4-MPI/bin/mg.C.x"
0.8969313 W	2159342	"/home/boggy/ref_rapl/energy_exp_server/NPB3.4.3/NPB3.4-MPI/bin/mg.C.x"
0.8969313 W	2159340	"/home/boggy/ref_rapl/energy_exp_server/NPB3.4.3/NPB3.4-MPI/bin/mg.C.x"
0.5979542 W	2159320	"/home/boggy/ref_rapl/scaphandre/target/release/scaphandre"
------------------------------------------------------------

Host:	52.415254 W from 
	package 	core		dram		uncore
Socket0	48.100334 W |	43.109184 W	4.573704 W	0 W	

Top 5 consumers:
Power		PID	Exe
0.8883942 W	2159342	"/home/boggy/ref_rapl/energy_exp_server/NPB3.4.3/NPB3.4-MPI/bin/mg.C.x"
0.8883942 W	2159320	"/home/boggy/ref_rapl/scaphandre/target/release/scaphandre"
0.8883942 W	2159340	"/home/boggy/ref_rapl/energy_exp_server/NPB3.4.3/NPB3.4-MPI/bin/mg.C.x"
0.8883942 W	2159343	"/home/boggy/ref_rapl/energy_exp_server/NPB3.4.3/NPB3.4-MPI/bin/mg.C.x"
0.8883942 W	2159341	"/home/boggy/ref_rapl/energy_exp_server/NPB3.4.3/NPB3.4-MPI/bin/mg.C.x"
------------------------------------------------------------

Host:	53.221776 W from 
	package 	core		dram		uncore
Socket0	50.192806 W |	44.66972 W	3.681496 W	0 W	

Top 5 consumers:
Power		PID	Exe
0.92292094 W	2159342	"/home/boggy/ref_rapl/energy_exp_server/NPB3.4.3/NPB3.4-MPI/bin/mg.C.x"
0.92292094 W	2159340	"/home/boggy/ref_rapl/energy_exp_server/NPB3.4.3/NPB3.4-MPI/bin/mg.C.x"
0.92292094 W	2159343	"/home/boggy/ref_rapl/energy_exp_server/NPB3.4.3/NPB3.4-MPI/bin/mg.C.x"
0.92292094 W	2159341	"/home/boggy/ref_rapl/energy_exp_server/NPB3.4.3/NPB3.4-MPI/bin/mg.C.x"
0.6152806 W	2159320	"/home/boggy/ref_rapl/scaphandre/target/release/scaphandre"
------------------------------------------------------------

Host:	54.486682 W from 
	package 	core		dram		uncore
Socket0	48.549088 W |	43.51103 W	4.779062 W	0 W	

Top 5 consumers:
Power		PID	Exe
0.94485575 W	2159342	"/home/boggy/ref_rapl/energy_exp_server/NPB3.4.3/NPB3.4-MPI/bin/mg.C.x"
0.94485575 W	2159320	"/home/boggy/ref_rapl/scaphandre/target/release/scaphandre"
0.94485575 W	2159340	"/home/boggy/ref_rapl/energy_exp_server/NPB3.4.3/NPB3.4-MPI/bin/mg.C.x"
0.94485575 W	2159343	"/home/boggy/ref_rapl/energy_exp_server/NPB3.4.3/NPB3.4-MPI/bin/mg.C.x"
0.94485575 W	2159341	"/home/boggy/ref_rapl/energy_exp_server/NPB3.4.3/NPB3.4-MPI/bin/mg.C.x"
------------------------------------------------------------

Host:	53.110425 W from 
	package 	core		dram		uncore
Socket0	48.002228 W |	43.320274 W	4.722471 W	0 W	

Top 5 consumers:
Power		PID	Exe
1.2279866 W	2159342	"/home/boggy/ref_rapl/energy_exp_server/NPB3.4.3/NPB3.4-MPI/bin/mg.C.x"
1.2279866 W	2159340	"/home/boggy/ref_rapl/energy_exp_server/NPB3.4.3/NPB3.4-MPI/bin/mg.C.x"
0.92099 W	2159343	"/home/boggy/ref_rapl/energy_exp_server/NPB3.4.3/NPB3.4-MPI/bin/mg.C.x"
0.92099 W	2159341	"/home/boggy/ref_rapl/energy_exp_server/NPB3.4.3/NPB3.4-MPI/bin/mg.C.x"
0.6139933 W	2159320	"/home/boggy/ref_rapl/scaphandre/target/release/scaphandre"
------------------------------------------------------------

Host:	53.084453 W from 
	package 	core		dram		uncore
Socket0	48.524353 W |	43.514576 W	4.762037 W	0 W	

Top 5 consumers:
Power		PID	Exe
1.2273861 W	2159343	"/home/boggy/ref_rapl/energy_exp_server/NPB3.4.3/NPB3.4-MPI/bin/mg.C.x"
0.9205396 W	2159342	"/home/boggy/ref_rapl/energy_exp_server/NPB3.4.3/NPB3.4-MPI/bin/mg.C.x"
0.9205396 W	2159340	"/home/boggy/ref_rapl/energy_exp_server/NPB3.4.3/NPB3.4-MPI/bin/mg.C.x"
0.9205396 W	2159341	"/home/boggy/ref_rapl/energy_exp_server/NPB3.4.3/NPB3.4-MPI/bin/mg.C.x"
0.61369306 W	2159320	"/home/boggy/ref_rapl/scaphandre/target/release/scaphandre"
------------------------------------------------------------

Host:	53.479162 W from 
	package 	core		dram		uncore
Socket0	48.513657 W |	43.614414 W	4.902211 W	0 W	

Top 5 consumers:
Power		PID	Exe
1.2365124 W	2159341	"/home/boggy/ref_rapl/energy_exp_server/NPB3.4.3/NPB3.4-MPI/bin/mg.C.x"
0.9273843 W	2159342	"/home/boggy/ref_rapl/energy_exp_server/NPB3.4.3/NPB3.4-MPI/bin/mg.C.x"
0.9273843 W	2159320	"/home/boggy/ref_rapl/scaphandre/target/release/scaphandre"
0.9273843 W	2159340	"/home/boggy/ref_rapl/energy_exp_server/NPB3.4.3/NPB3.4-MPI/bin/mg.C.x"
0.9273843 W	2159343	"/home/boggy/ref_rapl/energy_exp_server/NPB3.4.3/NPB3.4-MPI/bin/mg.C.x"
------------------------------------------------------------

Host:	52.862764 W from 
	package 	core		dram		uncore
Socket0	48.46764 W |	43.520042 W	4.763835 W	0 W	

Top 5 consumers:
Power		PID	Exe
0.9166953 W	2159342	"/home/boggy/ref_rapl/energy_exp_server/NPB3.4.3/NPB3.4-MPI/bin/mg.C.x"
0.9166953 W	2159320	"/home/boggy/ref_rapl/scaphandre/target/release/scaphandre"
0.9166953 W	2159340	"/home/boggy/ref_rapl/energy_exp_server/NPB3.4.3/NPB3.4-MPI/bin/mg.C.x"
0.9166953 W	2159343	"/home/boggy/ref_rapl/energy_exp_server/NPB3.4.3/NPB3.4-MPI/bin/mg.C.x"
0.9166953 W	2159341	"/home/boggy/ref_rapl/energy_exp_server/NPB3.4.3/NPB3.4-MPI/bin/mg.C.x"
------------------------------------------------------------

Host:	51.529275 W from 
	package 	core		dram		uncore
Socket0	47.867256 W |	42.54382 W	4.764605 W	0 W	

Top 5 consumers:
Power		PID	Exe
0.89357126 W	2159342	"/home/boggy/ref_rapl/energy_exp_server/NPB3.4.3/NPB3.4-MPI/bin/mg.C.x"
0.89357126 W	2159320	"/home/boggy/ref_rapl/scaphandre/target/release/scaphandre"
0.89357126 W	2159340	"/home/boggy/ref_rapl/energy_exp_server/NPB3.4.3/NPB3.4-MPI/bin/mg.C.x"
0.89357126 W	2159343	"/home/boggy/ref_rapl/energy_exp_server/NPB3.4.3/NPB3.4-MPI/bin/mg.C.x"
0.89357126 W	2159341	"/home/boggy/ref_rapl/energy_exp_server/NPB3.4.3/NPB3.4-MPI/bin/mg.C.x"
------------------------------------------------------------

Host:	53.988046 W from 
	package 	core		dram		uncore
Socket0	50.07556 W |	44.05058 W	3.493277 W	0 W	

Top 5 consumers:
Power		PID	Exe
0.9471587 W	2159340	"/home/boggy/ref_rapl/energy_exp_server/NPB3.4.3/NPB3.4-MPI/bin/mg.C.x"
0.9471587 W	2159341	"/home/boggy/ref_rapl/energy_exp_server/NPB3.4.3/NPB3.4-MPI/bin/mg.C.x"
0.6314392 W	2159342	"/home/boggy/ref_rapl/energy_exp_server/NPB3.4.3/NPB3.4-MPI/bin/mg.C.x"
0.6314392 W	2159320	"/home/boggy/ref_rapl/scaphandre/target/release/scaphandre"
0.6314392 W	2159343	"/home/boggy/ref_rapl/energy_exp_server/NPB3.4.3/NPB3.4-MPI/bin/mg.C.x"
------------------------------------------------------------

Host:	53.101342 W from 
	package 	core		dram		uncore
Socket0	48.667427 W |	44.11852 W	4.298737 W	0 W	

Top 5 consumers:
Power		PID	Exe
0.9316025 W	2159342	"/home/boggy/ref_rapl/energy_exp_server/NPB3.4.3/NPB3.4-MPI/bin/mg.C.x"
0.62106836 W	2159320	"/home/boggy/ref_rapl/scaphandre/target/release/scaphandre"
0.62106836 W	2159340	"/home/boggy/ref_rapl/energy_exp_server/NPB3.4.3/NPB3.4-MPI/bin/mg.C.x"
0.62106836 W	2159343	"/home/boggy/ref_rapl/energy_exp_server/NPB3.4.3/NPB3.4-MPI/bin/mg.C.x"
0.62106836 W	2159341	"/home/boggy/ref_rapl/energy_exp_server/NPB3.4.3/NPB3.4-MPI/bin/mg.C.x"
------------------------------------------------------------

Host:	53.643976 W from 
	package 	core		dram		uncore
Socket0	48.117496 W |	43.60446 W	4.594804 W	0 W	

Top 5 consumers:
Power		PID	Exe
1.2548299 W	2159320	"/home/boggy/ref_rapl/scaphandre/target/release/scaphandre"
0.94112235 W	2159340	"/home/boggy/ref_rapl/energy_exp_server/NPB3.4.3/NPB3.4-MPI/bin/mg.C.x"
0.94112235 W	2159343	"/home/boggy/ref_rapl/energy_exp_server/NPB3.4.3/NPB3.4-MPI/bin/mg.C.x"
0.62741494 W	2159342	"/home/boggy/ref_rapl/energy_exp_server/NPB3.4.3/NPB3.4-MPI/bin/mg.C.x"
0.62741494 W	2159341	"/home/boggy/ref_rapl/energy_exp_server/NPB3.4.3/NPB3.4-MPI/bin/mg.C.x"
------------------------------------------------------------

Host:	53.2975 W from 
	package 	core		dram		uncore
Socket0	49.075657 W |	43.638493 W	4.716121 W	0 W	

Top 5 consumers:
Power		PID	Exe
0.9350439 W	2159342	"/home/boggy/ref_rapl/energy_exp_server/NPB3.4.3/NPB3.4-MPI/bin/mg.C.x"
0.9350439 W	2159341	"/home/boggy/ref_rapl/energy_exp_server/NPB3.4.3/NPB3.4-MPI/bin/mg.C.x"
0.6233626 W	2159320	"/home/boggy/ref_rapl/scaphandre/target/release/scaphandre"
0.6233626 W	2159340	"/home/boggy/ref_rapl/energy_exp_server/NPB3.4.3/NPB3.4-MPI/bin/mg.C.x"
0.6233626 W	2159343	"/home/boggy/ref_rapl/energy_exp_server/NPB3.4.3/NPB3.4-MPI/bin/mg.C.x"
------------------------------------------------------------

Host:	47.478047 W from 
	package 	core		dram		uncore
Socket0	46.958565 W |	42.161877 W	4.47238 W	0 W	

Top 5 consumers:
Power		PID	Exe
1.1105976 W	2159340	"/home/boggy/ref_rapl/energy_exp_server/NPB3.4.3/NPB3.4-MPI/bin/mg.C.x"
1.1105976 W	2159343	"/home/boggy/ref_rapl/energy_exp_server/NPB3.4.3/NPB3.4-MPI/bin/mg.C.x"
1.1105976 W	2159341	"/home/boggy/ref_rapl/energy_exp_server/NPB3.4.3/NPB3.4-MPI/bin/mg.C.x"
0.8329482 W	2159342	"/home/boggy/ref_rapl/energy_exp_server/NPB3.4.3/NPB3.4-MPI/bin/mg.C.x"
0.8329482 W	2159320	"/home/boggy/ref_rapl/scaphandre/target/release/scaphandre"
------------------------------------------------------------

Host:	45.900138 W from 
	package 	core		dram		uncore
Socket0	42.25616 W |	36.66253 W	4.503447 W	0 W	

Top 5 consumers:
Power		PID	Exe
1.6105311 W	2159342	"/home/boggy/ref_rapl/energy_exp_server/NPB3.4.3/NPB3.4-MPI/bin/mg.C.x"
1.6105311 W	2159320	"/home/boggy/ref_rapl/scaphandre/target/release/scaphandre"
1.6105311 W	2159340	"/home/boggy/ref_rapl/energy_exp_server/NPB3.4.3/NPB3.4-MPI/bin/mg.C.x"
1.6105311 W	2159343	"/home/boggy/ref_rapl/energy_exp_server/NPB3.4.3/NPB3.4-MPI/bin/mg.C.x"
1.3421093 W	2159341	"/home/boggy/ref_rapl/energy_exp_server/NPB3.4.3/NPB3.4-MPI/bin/mg.C.x"
------------------------------------------------------------

Host:	46.976136 W from 
	package 	core		dram		uncore
Socket0	41.05264 W |	36.579487 W	4.620238 W	0 W	

Top 5 consumers:
Power		PID	Exe
1.381651 W	2159342	"/home/boggy/ref_rapl/energy_exp_server/NPB3.4.3/NPB3.4-MPI/bin/mg.C.x"
1.381651 W	2159320	"/home/boggy/ref_rapl/scaphandre/target/release/scaphandre"
1.381651 W	2159340	"/home/boggy/ref_rapl/energy_exp_server/NPB3.4.3/NPB3.4-MPI/bin/mg.C.x"
1.381651 W	2159343	"/home/boggy/ref_rapl/energy_exp_server/NPB3.4.3/NPB3.4-MPI/bin/mg.C.x"
1.381651 W	2159341	"/home/boggy/ref_rapl/energy_exp_server/NPB3.4.3/NPB3.4-MPI/bin/mg.C.x"
------------------------------------------------------------

Host:	54.263929 W from 
	package 	core		dram		uncore
Socket0	44.395084 W |	39.427803 W	4.555648 W	0 W	

Top 5 consumers:
Power		PID	Exe
1.2767984 W	2159342	"/home/boggy/ref_rapl/energy_exp_server/NPB3.4.3/NPB3.4-MPI/bin/mg.C.x"
1.2767984 W	2159320	"/home/boggy/ref_rapl/scaphandre/target/release/scaphandre"
1.2767984 W	2159341	"/home/boggy/ref_rapl/energy_exp_server/NPB3.4.3/NPB3.4-MPI/bin/mg.C.x"
0.9575988 W	2159340	"/home/boggy/ref_rapl/energy_exp_server/NPB3.4.3/NPB3.4-MPI/bin/mg.C.x"
0.9575988 W	2159343	"/home/boggy/ref_rapl/energy_exp_server/NPB3.4.3/NPB3.4-MPI/bin/mg.C.x"
------------------------------------------------------------

Host:	56.240148 W from 
	package 	core		dram		uncore
Socket0	53.929825 W |	47.4733 W	4.416199 W	0 W	

Top 5 consumers:
Power		PID	Exe
1.3232976 W	2159340	"/home/boggy/ref_rapl/energy_exp_server/NPB3.4.3/NPB3.4-MPI/bin/mg.C.x"
0.99247324 W	2159342	"/home/boggy/ref_rapl/energy_exp_server/NPB3.4.3/NPB3.4-MPI/bin/mg.C.x"
0.99247324 W	2159343	"/home/boggy/ref_rapl/energy_exp_server/NPB3.4.3/NPB3.4-MPI/bin/mg.C.x"
0.99247324 W	2159341	"/home/boggy/ref_rapl/energy_exp_server/NPB3.4.3/NPB3.4-MPI/bin/mg.C.x"
0.6616488 W	2159320	"/home/boggy/ref_rapl/scaphandre/target/release/scaphandre"
------------------------------------------------------------

Host:	50.866229 W from 
	package 	core		dram		uncore
Socket0	47.946663 W |	43.04272 W	4.412869 W	0 W	

Top 5 consumers:
Power		PID	Exe
1.1968524 W	2159343	"/home/boggy/ref_rapl/energy_exp_server/NPB3.4.3/NPB3.4-MPI/bin/mg.C.x"
0.8976394 W	2159342	"/home/boggy/ref_rapl/energy_exp_server/NPB3.4.3/NPB3.4-MPI/bin/mg.C.x"
0.8976394 W	2159320	"/home/boggy/ref_rapl/scaphandre/target/release/scaphandre"
0.8976394 W	2159340	"/home/boggy/ref_rapl/energy_exp_server/NPB3.4.3/NPB3.4-MPI/bin/mg.C.x"
0.8976394 W	2159341	"/home/boggy/ref_rapl/energy_exp_server/NPB3.4.3/NPB3.4-MPI/bin/mg.C.x"
------------------------------------------------------------

Host:	51.713331 W from 
	package 	core		dram		uncore
Socket0	46.306976 W |	41.17312 W	4.560335 W	0 W	

Top 5 consumers:
Power		PID	Exe
0.91258824 W	2159342	"/home/boggy/ref_rapl/energy_exp_server/NPB3.4.3/NPB3.4-MPI/bin/mg.C.x"
0.91258824 W	2159340	"/home/boggy/ref_rapl/energy_exp_server/NPB3.4.3/NPB3.4-MPI/bin/mg.C.x"
0.91258824 W	2159343	"/home/boggy/ref_rapl/energy_exp_server/NPB3.4.3/NPB3.4-MPI/bin/mg.C.x"
0.91258824 W	2159341	"/home/boggy/ref_rapl/energy_exp_server/NPB3.4.3/NPB3.4-MPI/bin/mg.C.x"
0.6083921 W	2159320	"/home/boggy/ref_rapl/scaphandre/target/release/scaphandre"
------------------------------------------------------------

Host:	53.375797 W from 
	package 	core		dram		uncore
Socket0	47.183155 W |	41.381817 W	4.632132 W	0 W	

Top 5 consumers:
Power		PID	Exe
0.9419259 W	2159342	"/home/boggy/ref_rapl/energy_exp_server/NPB3.4.3/NPB3.4-MPI/bin/mg.C.x"
0.9419259 W	2159340	"/home/boggy/ref_rapl/energy_exp_server/NPB3.4.3/NPB3.4-MPI/bin/mg.C.x"
0.9419259 W	2159343	"/home/boggy/ref_rapl/energy_exp_server/NPB3.4.3/NPB3.4-MPI/bin/mg.C.x"
0.9419259 W	2159341	"/home/boggy/ref_rapl/energy_exp_server/NPB3.4.3/NPB3.4-MPI/bin/mg.C.x"
0.62795055 W	2159320	"/home/boggy/ref_rapl/scaphandre/target/release/scaphandre"
------------------------------------------------------------

Host:	53.690898 W from 
	package 	core		dram		uncore
Socket0	48.03592 W |	43.497986 W	4.852237 W	0 W	

Top 5 consumers:
Power		PID	Exe
0.9474865 W	2159342	"/home/boggy/ref_rapl/energy_exp_server/NPB3.4.3/NPB3.4-MPI/bin/mg.C.x"
0.9474865 W	2159320	"/home/boggy/ref_rapl/scaphandre/target/release/scaphandre"
0.9474865 W	2159340	"/home/boggy/ref_rapl/energy_exp_server/NPB3.4.3/NPB3.4-MPI/bin/mg.C.x"
0.9474865 W	2159343	"/home/boggy/ref_rapl/energy_exp_server/NPB3.4.3/NPB3.4-MPI/bin/mg.C.x"
0.3158288 W	1323	""
------------------------------------------------------------

Host:	52.537903 W from 
	package 	core		dram		uncore
Socket0	49.11339 W |	43.369057 W	4.684112 W	0 W	

Top 5 consumers:
Power		PID	Exe
0.85659623 W	2159342	"/home/boggy/ref_rapl/energy_exp_server/NPB3.4.3/NPB3.4-MPI/bin/mg.C.x"
0.85659623 W	2159340	"/home/boggy/ref_rapl/energy_exp_server/NPB3.4.3/NPB3.4-MPI/bin/mg.C.x"
0.85659623 W	2159343	"/home/boggy/ref_rapl/energy_exp_server/NPB3.4.3/NPB3.4-MPI/bin/mg.C.x"
0.85659623 W	2159341	"/home/boggy/ref_rapl/energy_exp_server/NPB3.4.3/NPB3.4-MPI/bin/mg.C.x"
0.5710641 W	2159320	"/home/boggy/ref_rapl/scaphandre/target/release/scaphandre"
------------------------------------------------------------

Host:	53.74468 W from 
	package 	core		dram		uncore
Socket0	47.84094 W |	43.528 W	4.837085 W	0 W	

Top 5 consumers:
Power		PID	Exe
1.1683626 W	2159342	"/home/boggy/ref_rapl/energy_exp_server/NPB3.4.3/NPB3.4-MPI/bin/mg.C.x"
0.87627196 W	2159320	"/home/boggy/ref_rapl/scaphandre/target/release/scaphandre"
0.87627196 W	2159340	"/home/boggy/ref_rapl/energy_exp_server/NPB3.4.3/NPB3.4-MPI/bin/mg.C.x"
0.87627196 W	2159343	"/home/boggy/ref_rapl/energy_exp_server/NPB3.4.3/NPB3.4-MPI/bin/mg.C.x"
0.87627196 W	2159341	"/home/boggy/ref_rapl/energy_exp_server/NPB3.4.3/NPB3.4-MPI/bin/mg.C.x"
------------------------------------------------------------

Host:	53.944761 W from 
	package 	core		dram		uncore
Socket0	49.142647 W |	43.53332 W	4.675298 W	0 W	

Top 5 consumers:
Power		PID	Exe
1.1727121 W	2159340	"/home/boggy/ref_rapl/energy_exp_server/NPB3.4.3/NPB3.4-MPI/bin/mg.C.x"
0.8795341 W	2159342	"/home/boggy/ref_rapl/energy_exp_server/NPB3.4.3/NPB3.4-MPI/bin/mg.C.x"
0.8795341 W	2159343	"/home/boggy/ref_rapl/energy_exp_server/NPB3.4.3/NPB3.4-MPI/bin/mg.C.x"
0.8795341 W	2159341	"/home/boggy/ref_rapl/energy_exp_server/NPB3.4.3/NPB3.4-MPI/bin/mg.C.x"
0.58635604 W	2159320	"/home/boggy/ref_rapl/scaphandre/target/release/scaphandre"
------------------------------------------------------------

Host:	53.172869 W from 
	package 	core		dram		uncore
Socket0	48.865936 W |	43.521473 W	4.796898 W	0 W	

Top 5 consumers:
Power		PID	Exe
1.1559318 W	2159343	"/home/boggy/ref_rapl/energy_exp_server/NPB3.4.3/NPB3.4-MPI/bin/mg.C.x"
0.86694896 W	2159342	"/home/boggy/ref_rapl/energy_exp_server/NPB3.4.3/NPB3.4-MPI/bin/mg.C.x"
0.86694896 W	2159320	"/home/boggy/ref_rapl/scaphandre/target/release/scaphandre"
0.86694896 W	2159340	"/home/boggy/ref_rapl/energy_exp_server/NPB3.4.3/NPB3.4-MPI/bin/mg.C.x"
0.86694896 W	2159341	"/home/boggy/ref_rapl/energy_exp_server/NPB3.4.3/NPB3.4-MPI/bin/mg.C.x"
------------------------------------------------------------

Host:	52.609075 W from 
	package 	core		dram		uncore
Socket0	48.291695 W |	43.515217 W	4.880765 W	0 W	

Top 5 consumers:
Power		PID	Exe
1.1436754 W	2159341	"/home/boggy/ref_rapl/energy_exp_server/NPB3.4.3/NPB3.4-MPI/bin/mg.C.x"
0.8577566 W	2159342	"/home/boggy/ref_rapl/energy_exp_server/NPB3.4.3/NPB3.4-MPI/bin/mg.C.x"
0.8577566 W	2159340	"/home/boggy/ref_rapl/energy_exp_server/NPB3.4.3/NPB3.4-MPI/bin/mg.C.x"
0.8577566 W	2159343	"/home/boggy/ref_rapl/energy_exp_server/NPB3.4.3/NPB3.4-MPI/bin/mg.C.x"
0.5718377 W	2159320	"/home/boggy/ref_rapl/scaphandre/target/release/scaphandre"
------------------------------------------------------------

Host:	53.060305 W from 
	package 	core		dram		uncore
Socket0	48.27123 W |	42.59204 W	4.691201 W	0 W	

Top 5 consumers:
Power		PID	Exe
1.1534848 W	2159343	"/home/boggy/ref_rapl/energy_exp_server/NPB3.4.3/NPB3.4-MPI/bin/mg.C.x"
0.8651136 W	2159342	"/home/boggy/ref_rapl/energy_exp_server/NPB3.4.3/NPB3.4-MPI/bin/mg.C.x"
0.8651136 W	2159320	"/home/boggy/ref_rapl/scaphandre/target/release/scaphandre"
0.8651136 W	2159340	"/home/boggy/ref_rapl/energy_exp_server/NPB3.4.3/NPB3.4-MPI/bin/mg.C.x"
0.8651136 W	2159341	"/home/boggy/ref_rapl/energy_exp_server/NPB3.4.3/NPB3.4-MPI/bin/mg.C.x"
------------------------------------------------------------

Host:	55.480847 W from 
	package 	core		dram		uncore
Socket0	49.0137 W |	45.021812 W	4.574996 W	0 W	

Top 5 consumers:
Power		PID	Exe
0.904579 W	2159342	"/home/boggy/ref_rapl/energy_exp_server/NPB3.4.3/NPB3.4-MPI/bin/mg.C.x"
0.904579 W	2159340	"/home/boggy/ref_rapl/energy_exp_server/NPB3.4.3/NPB3.4-MPI/bin/mg.C.x"
0.904579 W	2159343	"/home/boggy/ref_rapl/energy_exp_server/NPB3.4.3/NPB3.4-MPI/bin/mg.C.x"
0.904579 W	2159341	"/home/boggy/ref_rapl/energy_exp_server/NPB3.4.3/NPB3.4-MPI/bin/mg.C.x"
0.6030527 W	2159320	"/home/boggy/ref_rapl/scaphandre/target/release/scaphandre"
------------------------------------------------------------

Host:	56.995551 W from 
	package 	core		dram		uncore
Socket0	52.247738 W |	45.908596 W	4.579432 W	0 W	

Top 5 consumers:
Power		PID	Exe
0.9715151 W	2159342	"/home/boggy/ref_rapl/energy_exp_server/NPB3.4.3/NPB3.4-MPI/bin/mg.C.x"
0.9715151 W	2159340	"/home/boggy/ref_rapl/energy_exp_server/NPB3.4.3/NPB3.4-MPI/bin/mg.C.x"
0.9715151 W	2159343	"/home/boggy/ref_rapl/energy_exp_server/NPB3.4.3/NPB3.4-MPI/bin/mg.C.x"
0.9715151 W	2159341	"/home/boggy/ref_rapl/energy_exp_server/NPB3.4.3/NPB3.4-MPI/bin/mg.C.x"
0.6476767 W	2159320	"/home/boggy/ref_rapl/scaphandre/target/release/scaphandre"
------------------------------------------------------------

Host:	55.145708 W from 
	package 	core		dram		uncore
Socket0	50.638245 W |	45.87145 W	4.578569 W	0 W	

Top 5 consumers:
Power		PID	Exe
0.93998367 W	2159342	"/home/boggy/ref_rapl/energy_exp_server/NPB3.4.3/NPB3.4-MPI/bin/mg.C.x"
0.93998367 W	2159320	"/home/boggy/ref_rapl/scaphandre/target/release/scaphandre"
0.93998367 W	2159340	"/home/boggy/ref_rapl/energy_exp_server/NPB3.4.3/NPB3.4-MPI/bin/mg.C.x"
0.93998367 W	2159343	"/home/boggy/ref_rapl/energy_exp_server/NPB3.4.3/NPB3.4-MPI/bin/mg.C.x"
0.93998367 W	2159341	"/home/boggy/ref_rapl/energy_exp_server/NPB3.4.3/NPB3.4-MPI/bin/mg.C.x"
------------------------------------------------------------

Host:	55.529061 W from 
	package 	core		dram		uncore
Socket0	50.777424 W |	46.057568 W	4.745541 W	0 W	

Top 5 consumers:
Power		PID	Exe
0.9465181 W	2159342	"/home/boggy/ref_rapl/energy_exp_server/NPB3.4.3/NPB3.4-MPI/bin/mg.C.x"
0.9465181 W	2159320	"/home/boggy/ref_rapl/scaphandre/target/release/scaphandre"
0.9465181 W	2159340	"/home/boggy/ref_rapl/energy_exp_server/NPB3.4.3/NPB3.4-MPI/bin/mg.C.x"
0.9465181 W	2159343	"/home/boggy/ref_rapl/energy_exp_server/NPB3.4.3/NPB3.4-MPI/bin/mg.C.x"
0.9465181 W	2159341	"/home/boggy/ref_rapl/energy_exp_server/NPB3.4.3/NPB3.4-MPI/bin/mg.C.x"
------------------------------------------------------------

Host:	56.461819 W from 
	package 	core		dram		uncore
Socket0	52.089756 W |	45.914047 W	4.556281 W	0 W	

Top 5 consumers:
Power		PID	Exe
1.2832232 W	2159342	"/home/boggy/ref_rapl/energy_exp_server/NPB3.4.3/NPB3.4-MPI/bin/mg.C.x"
0.96241736 W	2159340	"/home/boggy/ref_rapl/energy_exp_server/NPB3.4.3/NPB3.4-MPI/bin/mg.C.x"
0.96241736 W	2159343	"/home/boggy/ref_rapl/energy_exp_server/NPB3.4.3/NPB3.4-MPI/bin/mg.C.x"
0.96241736 W	2159341	"/home/boggy/ref_rapl/energy_exp_server/NPB3.4.3/NPB3.4-MPI/bin/mg.C.x"
0.6416116 W	2159320	"/home/boggy/ref_rapl/scaphandre/target/release/scaphandre"
------------------------------------------------------------

Host:	53.705467 W from 
	package 	core		dram		uncore
Socket0	50.606743 W |	46.093353 W	4.549609 W	0 W	

Top 5 consumers:
Power		PID	Exe
0.9154341 W	2159342	"/home/boggy/ref_rapl/energy_exp_server/NPB3.4.3/NPB3.4-MPI/bin/mg.C.x"
0.9154341 W	2159340	"/home/boggy/ref_rapl/energy_exp_server/NPB3.4.3/NPB3.4-MPI/bin/mg.C.x"
0.9154341 W	2159343	"/home/boggy/ref_rapl/energy_exp_server/NPB3.4.3/NPB3.4-MPI/bin/mg.C.x"
0.9154341 W	2159341	"/home/boggy/ref_rapl/energy_exp_server/NPB3.4.3/NPB3.4-MPI/bin/mg.C.x"
0.6102894 W	2159320	"/home/boggy/ref_rapl/scaphandre/target/release/scaphandre"
------------------------------------------------------------

Host:	53.502935 W from 
	package 	core		dram		uncore
Socket0	48.253765 W |	43.397816 W	4.644836 W	0 W	

Top 5 consumers:
Power		PID	Exe
0.9119819 W	2159342	"/home/boggy/ref_rapl/energy_exp_server/NPB3.4.3/NPB3.4-MPI/bin/mg.C.x"
0.9119819 W	2159340	"/home/boggy/ref_rapl/energy_exp_server/NPB3.4.3/NPB3.4-MPI/bin/mg.C.x"
0.9119819 W	2159343	"/home/boggy/ref_rapl/energy_exp_server/NPB3.4.3/NPB3.4-MPI/bin/mg.C.x"
0.9119819 W	2159341	"/home/boggy/ref_rapl/energy_exp_server/NPB3.4.3/NPB3.4-MPI/bin/mg.C.x"
0.6079879 W	2159320	"/home/boggy/ref_rapl/scaphandre/target/release/scaphandre"
------------------------------------------------------------

Host:	53.200684 W from 
	package 	core		dram		uncore
Socket0	49.17996 W |	44.09434 W	4.295719 W	0 W	

Top 5 consumers:
Power		PID	Exe
1.2091064 W	2159340	"/home/boggy/ref_rapl/energy_exp_server/NPB3.4.3/NPB3.4-MPI/bin/mg.C.x"
0.9068299 W	2159342	"/home/boggy/ref_rapl/energy_exp_server/NPB3.4.3/NPB3.4-MPI/bin/mg.C.x"
0.9068299 W	2159343	"/home/boggy/ref_rapl/energy_exp_server/NPB3.4.3/NPB3.4-MPI/bin/mg.C.x"
0.9068299 W	2159341	"/home/boggy/ref_rapl/energy_exp_server/NPB3.4.3/NPB3.4-MPI/bin/mg.C.x"
0.6045532 W	2159320	"/home/boggy/ref_rapl/scaphandre/target/release/scaphandre"
------------------------------------------------------------

Host:	53.51193 W from 
	package 	core		dram		uncore
Socket0	48.567635 W |	43.705124 W	4.762175 W	0 W	

Top 5 consumers:
Power		PID	Exe
1.23727 W	2159320	"/home/boggy/ref_rapl/scaphandre/target/release/scaphandre"
1.23727 W	2159343	"/home/boggy/ref_rapl/energy_exp_server/NPB3.4.3/NPB3.4-MPI/bin/mg.C.x"
0.9279526 W	2159342	"/home/boggy/ref_rapl/energy_exp_server/NPB3.4.3/NPB3.4-MPI/bin/mg.C.x"
0.9279526 W	2159340	"/home/boggy/ref_rapl/energy_exp_server/NPB3.4.3/NPB3.4-MPI/bin/mg.C.x"
0.9279526 W	2159341	"/home/boggy/ref_rapl/energy_exp_server/NPB3.4.3/NPB3.4-MPI/bin/mg.C.x"
------------------------------------------------------------

Host:	53.293274 W from 
	package 	core		dram		uncore
Socket0	48.79744 W |	43.51792 W	4.779161 W	0 W	

Top 5 consumers:
Power		PID	Exe
1.2322143 W	2159341	"/home/boggy/ref_rapl/energy_exp_server/NPB3.4.3/NPB3.4-MPI/bin/mg.C.x"
0.92416084 W	2159342	"/home/boggy/ref_rapl/energy_exp_server/NPB3.4.3/NPB3.4-MPI/bin/mg.C.x"
0.92416084 W	2159340	"/home/boggy/ref_rapl/energy_exp_server/NPB3.4.3/NPB3.4-MPI/bin/mg.C.x"
0.92416084 W	2159343	"/home/boggy/ref_rapl/energy_exp_server/NPB3.4.3/NPB3.4-MPI/bin/mg.C.x"
0.61610717 W	2159320	"/home/boggy/ref_rapl/scaphandre/target/release/scaphandre"
------------------------------------------------------------

Host:	52.97653 W from 
	package 	core		dram		uncore
Socket0	48.375793 W |	43.508904 W	4.756265 W	0 W	

Top 5 consumers:
Power		PID	Exe
0.91866815 W	2159342	"/home/boggy/ref_rapl/energy_exp_server/NPB3.4.3/NPB3.4-MPI/bin/mg.C.x"
0.91866815 W	2159340	"/home/boggy/ref_rapl/energy_exp_server/NPB3.4.3/NPB3.4-MPI/bin/mg.C.x"
0.91866815 W	2159343	"/home/boggy/ref_rapl/energy_exp_server/NPB3.4.3/NPB3.4-MPI/bin/mg.C.x"
0.91866815 W	2159341	"/home/boggy/ref_rapl/energy_exp_server/NPB3.4.3/NPB3.4-MPI/bin/mg.C.x"
0.61244535 W	2159320	"/home/boggy/ref_rapl/scaphandre/target/release/scaphandre"
------------------------------------------------------------

Host:	54.783607 W from 
	package 	core		dram		uncore
Socket0	49.786255 W |	43.467705 W	4.742947 W	0 W	

Top 5 consumers:
Power		PID	Exe
1.2666728 W	2159342	"/home/boggy/ref_rapl/energy_exp_server/NPB3.4.3/NPB3.4-MPI/bin/mg.C.x"
0.95000476 W	2159320	"/home/boggy/ref_rapl/scaphandre/target/release/scaphandre"
0.95000476 W	2159340	"/home/boggy/ref_rapl/energy_exp_server/NPB3.4.3/NPB3.4-MPI/bin/mg.C.x"
0.95000476 W	2159343	"/home/boggy/ref_rapl/energy_exp_server/NPB3.4.3/NPB3.4-MPI/bin/mg.C.x"
0.95000476 W	2159341	"/home/boggy/ref_rapl/energy_exp_server/NPB3.4.3/NPB3.4-MPI/bin/mg.C.x"
------------------------------------------------------------

Host:	51.915615 W from 
	package 	core		dram		uncore
Socket0	48.49709 W |	43.62345 W	4.748649 W	0 W	

Top 5 consumers:
Power		PID	Exe
1.200361 W	2159340	"/home/boggy/ref_rapl/energy_exp_server/NPB3.4.3/NPB3.4-MPI/bin/mg.C.x"
0.90027076 W	2159342	"/home/boggy/ref_rapl/energy_exp_server/NPB3.4.3/NPB3.4-MPI/bin/mg.C.x"
0.90027076 W	2159343	"/home/boggy/ref_rapl/energy_exp_server/NPB3.4.3/NPB3.4-MPI/bin/mg.C.x"
0.90027076 W	2159341	"/home/boggy/ref_rapl/energy_exp_server/NPB3.4.3/NPB3.4-MPI/bin/mg.C.x"
0.6001805 W	2159320	"/home/boggy/ref_rapl/scaphandre/target/release/scaphandre"
------------------------------------------------------------

Host:	52.408705 W from 
	package 	core		dram		uncore
Socket0	48.796307 W |	43.546432 W	4.774617 W	0 W	

Top 5 consumers:
Power		PID	Exe
1.2117618 W	2159320	"/home/boggy/ref_rapl/scaphandre/target/release/scaphandre"
1.2117618 W	2159343	"/home/boggy/ref_rapl/energy_exp_server/NPB3.4.3/NPB3.4-MPI/bin/mg.C.x"
0.9088215 W	2159342	"/home/boggy/ref_rapl/energy_exp_server/NPB3.4.3/NPB3.4-MPI/bin/mg.C.x"
0.9088215 W	2159340	"/home/boggy/ref_rapl/energy_exp_server/NPB3.4.3/NPB3.4-MPI/bin/mg.C.x"
0.9088215 W	2159341	"/home/boggy/ref_rapl/energy_exp_server/NPB3.4.3/NPB3.4-MPI/bin/mg.C.x"
------------------------------------------------------------

Host:	52.206218 W from 
	package 	core		dram		uncore
Socket0	46.418125 W |	42.439545 W	3.788973 W	0 W	

Top 5 consumers:
Power		PID	Exe
0.90531015 W	2159342	"/home/boggy/ref_rapl/energy_exp_server/NPB3.4.3/NPB3.4-MPI/bin/mg.C.x"
0.90531015 W	2159340	"/home/boggy/ref_rapl/energy_exp_server/NPB3.4.3/NPB3.4-MPI/bin/mg.C.x"
0.90531015 W	2159343	"/home/boggy/ref_rapl/energy_exp_server/NPB3.4.3/NPB3.4-MPI/bin/mg.C.x"
0.90531015 W	2159341	"/home/boggy/ref_rapl/energy_exp_server/NPB3.4.3/NPB3.4-MPI/bin/mg.C.x"
0.30177003 W	2159320	"/home/boggy/ref_rapl/scaphandre/target/release/scaphandre"
------------------------------------------------------------

Host:	51.767367 W from 
	package 	core		dram		uncore
Socket0	47.214985 W |	42.15392 W	4.667138 W	0 W	

Top 5 consumers:
Power		PID	Exe
0.877413 W	2159342	"/home/boggy/ref_rapl/energy_exp_server/NPB3.4.3/NPB3.4-MPI/bin/mg.C.x"
0.877413 W	2159320	"/home/boggy/ref_rapl/scaphandre/target/release/scaphandre"
0.877413 W	2159340	"/home/boggy/ref_rapl/energy_exp_server/NPB3.4.3/NPB3.4-MPI/bin/mg.C.x"
0.877413 W	2159343	"/home/boggy/ref_rapl/energy_exp_server/NPB3.4.3/NPB3.4-MPI/bin/mg.C.x"
0.877413 W	2159341	"/home/boggy/ref_rapl/energy_exp_server/NPB3.4.3/NPB3.4-MPI/bin/mg.C.x"
------------------------------------------------------------

Host:	51.346075 W from 
	package 	core		dram		uncore
Socket0	47.05199 W |	42.096123 W	4.647535 W	0 W	

Top 5 consumers:
Power		PID	Exe
1.1603632 W	2159341	"/home/boggy/ref_rapl/energy_exp_server/NPB3.4.3/NPB3.4-MPI/bin/mg.C.x"
0.8702725 W	2159342	"/home/boggy/ref_rapl/energy_exp_server/NPB3.4.3/NPB3.4-MPI/bin/mg.C.x"
0.8702725 W	2159340	"/home/boggy/ref_rapl/energy_exp_server/NPB3.4.3/NPB3.4-MPI/bin/mg.C.x"
0.8702725 W	2159343	"/home/boggy/ref_rapl/energy_exp_server/NPB3.4.3/NPB3.4-MPI/bin/mg.C.x"
0.5801816 W	2159320	"/home/boggy/ref_rapl/scaphandre/target/release/scaphandre"
------------------------------------------------------------

Host:	46.806624 W from 
	package 	core		dram		uncore
Socket0	46.007584 W |	40.069977 W	4.316146 W	0 W	

Top 5 consumers:
Power		PID	Exe
1.0577768 W	2159342	"/home/boggy/ref_rapl/energy_exp_server/NPB3.4.3/NPB3.4-MPI/bin/mg.C.x"
1.0577768 W	2159320	"/home/boggy/ref_rapl/scaphandre/target/release/scaphandre"
1.0577768 W	2159340	"/home/boggy/ref_rapl/energy_exp_server/NPB3.4.3/NPB3.4-MPI/bin/mg.C.x"
1.0577768 W	2159343	"/home/boggy/ref_rapl/energy_exp_server/NPB3.4.3/NPB3.4-MPI/bin/mg.C.x"
1.0577768 W	2159341	"/home/boggy/ref_rapl/energy_exp_server/NPB3.4.3/NPB3.4-MPI/bin/mg.C.x"
------------------------------------------------------------

Host:	45.389282 W from 
	package 	core		dram		uncore
Socket0	41.442497 W |	36.28566 W	4.576842 W	0 W	

Top 5 consumers:
Power		PID	Exe
1.5386198 W	2159342	"/home/boggy/ref_rapl/energy_exp_server/NPB3.4.3/NPB3.4-MPI/bin/mg.C.x"
1.5386198 W	2159340	"/home/boggy/ref_rapl/energy_exp_server/NPB3.4.3/NPB3.4-MPI/bin/mg.C.x"
1.5386198 W	2159343	"/home/boggy/ref_rapl/energy_exp_server/NPB3.4.3/NPB3.4-MPI/bin/mg.C.x"
1.5386198 W	2159341	"/home/boggy/ref_rapl/energy_exp_server/NPB3.4.3/NPB3.4-MPI/bin/mg.C.x"
1.2821832 W	2159320	"/home/boggy/ref_rapl/scaphandre/target/release/scaphandre"
------------------------------------------------------------

Host:	49.655949 W from 
	package 	core		dram		uncore
Socket0	42.0748 W |	37.28364 W	4.642797 W	0 W	

Top 5 consumers:
Power		PID	Exe
1.4027103 W	2159342	"/home/boggy/ref_rapl/energy_exp_server/NPB3.4.3/NPB3.4-MPI/bin/mg.C.x"
1.1221684 W	2159320	"/home/boggy/ref_rapl/scaphandre/target/release/scaphandre"
1.1221684 W	2159340	"/home/boggy/ref_rapl/energy_exp_server/NPB3.4.3/NPB3.4-MPI/bin/mg.C.x"
1.1221684 W	2159343	"/home/boggy/ref_rapl/energy_exp_server/NPB3.4.3/NPB3.4-MPI/bin/mg.C.x"
1.1221684 W	2159341	"/home/boggy/ref_rapl/energy_exp_server/NPB3.4.3/NPB3.4-MPI/bin/mg.C.x"
------------------------------------------------------------

Host:	54.358198 W from 
	package 	core		dram		uncore
Socket0	45.774246 W |	40.849495 W	4.421033 W	0 W	

Top 5 consumers:
Power		PID	Exe
0.982377 W	2159342	"/home/boggy/ref_rapl/energy_exp_server/NPB3.4.3/NPB3.4-MPI/bin/mg.C.x"
0.982377 W	2159320	"/home/boggy/ref_rapl/scaphandre/target/release/scaphandre"
0.982377 W	2159340	"/home/boggy/ref_rapl/energy_exp_server/NPB3.4.3/NPB3.4-MPI/bin/mg.C.x"
0.982377 W	2159343	"/home/boggy/ref_rapl/energy_exp_server/NPB3.4.3/NPB3.4-MPI/bin/mg.C.x"
0.982377 W	2159341	"/home/boggy/ref_rapl/energy_exp_server/NPB3.4.3/NPB3.4-MPI/bin/mg.C.x"
------------------------------------------------------------

Host:	55.535167 W from 
	package 	core		dram		uncore
Socket0	54.01051 W |	47.860058 W	4.513931 W	0 W	

Top 5 consumers:
Power		PID	Exe
1.0036476 W	2159342	"/home/boggy/ref_rapl/energy_exp_server/NPB3.4.3/NPB3.4-MPI/bin/mg.C.x"
1.0036476 W	2159320	"/home/boggy/ref_rapl/scaphandre/target/release/scaphandre"
1.0036476 W	2159340	"/home/boggy/ref_rapl/energy_exp_server/NPB3.4.3/NPB3.4-MPI/bin/mg.C.x"
1.0036476 W	2159343	"/home/boggy/ref_rapl/energy_exp_server/NPB3.4.3/NPB3.4-MPI/bin/mg.C.x"
1.0036476 W	2159341	"/home/boggy/ref_rapl/energy_exp_server/NPB3.4.3/NPB3.4-MPI/bin/mg.C.x"
------------------------------------------------------------

Host:	52.28452 W from 
	package 	core		dram		uncore
Socket0	47.272835 W |	42.41562 W	4.359232 W	0 W	

Top 5 consumers:
Power		PID	Exe
1.2598679 W	2159340	"/home/boggy/ref_rapl/energy_exp_server/NPB3.4.3/NPB3.4-MPI/bin/mg.C.x"
0.9449009 W	2159342	"/home/boggy/ref_rapl/energy_exp_server/NPB3.4.3/NPB3.4-MPI/bin/mg.C.x"
0.9449009 W	2159343	"/home/boggy/ref_rapl/energy_exp_server/NPB3.4.3/NPB3.4-MPI/bin/mg.C.x"
0.9449009 W	2159341	"/home/boggy/ref_rapl/energy_exp_server/NPB3.4.3/NPB3.4-MPI/bin/mg.C.x"
0.62993395 W	2159320	"/home/boggy/ref_rapl/scaphandre/target/release/scaphandre"
------------------------------------------------------------

Host:	51.10034 W from 
	package 	core		dram		uncore
Socket0	46.394615 W |	41.46572 W	4.688159 W	0 W	

Top 5 consumers:
Power		PID	Exe
1.2313334 W	2159343	"/home/boggy/ref_rapl/energy_exp_server/NPB3.4.3/NPB3.4-MPI/bin/mg.C.x"
0.92350006 W	2159342	"/home/boggy/ref_rapl/energy_exp_server/NPB3.4.3/NPB3.4-MPI/bin/mg.C.x"
0.92350006 W	2159320	"/home/boggy/ref_rapl/scaphandre/target/release/scaphandre"
0.92350006 W	2159340	"/home/boggy/ref_rapl/energy_exp_server/NPB3.4.3/NPB3.4-MPI/bin/mg.C.x"
0.92350006 W	2159341	"/home/boggy/ref_rapl/energy_exp_server/NPB3.4.3/NPB3.4-MPI/bin/mg.C.x"
------------------------------------------------------------

Host:	52.119749 W from 
	package 	core		dram		uncore
Socket0	47.91056 W |	41.61578 W	4.543334 W	0 W	

Top 5 consumers:
Power		PID	Exe
1.2558975 W	2159341	"/home/boggy/ref_rapl/energy_exp_server/NPB3.4.3/NPB3.4-MPI/bin/mg.C.x"
0.94192314 W	2159342	"/home/boggy/ref_rapl/energy_exp_server/NPB3.4.3/NPB3.4-MPI/bin/mg.C.x"
0.94192314 W	2159340	"/home/boggy/ref_rapl/energy_exp_server/NPB3.4.3/NPB3.4-MPI/bin/mg.C.x"
0.94192314 W	2159343	"/home/boggy/ref_rapl/energy_exp_server/NPB3.4.3/NPB3.4-MPI/bin/mg.C.x"
0.62794876 W	2159320	"/home/boggy/ref_rapl/scaphandre/target/release/scaphandre"
------------------------------------------------------------

Host:	53.349622 W from 
	package 	core		dram		uncore
Socket0	48.53691 W |	43.3051 W	4.764981 W	0 W	

Top 5 consumers:
Power		PID	Exe
0.9641498 W	2159342	"/home/boggy/ref_rapl/energy_exp_server/NPB3.4.3/NPB3.4-MPI/bin/mg.C.x"
0.9641498 W	2159340	"/home/boggy/ref_rapl/energy_exp_server/NPB3.4.3/NPB3.4-MPI/bin/mg.C.x"
0.9641498 W	2159343	"/home/boggy/ref_rapl/energy_exp_server/NPB3.4.3/NPB3.4-MPI/bin/mg.C.x"
0.9641498 W	2159341	"/home/boggy/ref_rapl/energy_exp_server/NPB3.4.3/NPB3.4-MPI/bin/mg.C.x"
0.6427665 W	2159320	"/home/boggy/ref_rapl/scaphandre/target/release/scaphandre"
------------------------------------------------------------

Host:	54.800846 W from 
	package 	core		dram		uncore
Socket0	48.652092 W |	43.573425 W	4.77673 W	0 W	

Top 5 consumers:
Power		PID	Exe
1.3205023 W	2159342	"/home/boggy/ref_rapl/energy_exp_server/NPB3.4.3/NPB3.4-MPI/bin/mg.C.x"
0.9903767 W	2159320	"/home/boggy/ref_rapl/scaphandre/target/release/scaphandre"
0.9903767 W	2159340	"/home/boggy/ref_rapl/energy_exp_server/NPB3.4.3/NPB3.4-MPI/bin/mg.C.x"
0.9903767 W	2159343	"/home/boggy/ref_rapl/energy_exp_server/NPB3.4.3/NPB3.4-MPI/bin/mg.C.x"
0.9903767 W	2159341	"/home/boggy/ref_rapl/energy_exp_server/NPB3.4.3/NPB3.4-MPI/bin/mg.C.x"
------------------------------------------------------------

Host:	52.595384 W from 
	package 	core		dram		uncore
Socket0	48.280308 W |	43.48513 W	4.740989 W	0 W	

Top 5 consumers:
Power		PID	Exe
0.89651227 W	2159342	"/home/boggy/ref_rapl/energy_exp_server/NPB3.4.3/NPB3.4-MPI/bin/mg.C.x"
0.89651227 W	2159320	"/home/boggy/ref_rapl/scaphandre/target/release/scaphandre"
0.89651227 W	2159340	"/home/boggy/ref_rapl/energy_exp_server/NPB3.4.3/NPB3.4-MPI/bin/mg.C.x"
0.89651227 W	2159343	"/home/boggy/ref_rapl/energy_exp_server/NPB3.4.3/NPB3.4-MPI/bin/mg.C.x"
0.89651227 W	2159341	"/home/boggy/ref_rapl/energy_exp_server/NPB3.4.3/NPB3.4-MPI/bin/mg.C.x"
------------------------------------------------------------

Host:	53.029487 W from 
	package 	core		dram		uncore
Socket0	47.999176 W |	43.55211 W	4.849465 W	0 W	

Top 5 consumers:
Power		PID	Exe
1.2052156 W	2159340	"/home/boggy/ref_rapl/energy_exp_server/NPB3.4.3/NPB3.4-MPI/bin/mg.C.x"
0.90391177 W	2159342	"/home/boggy/ref_rapl/energy_exp_server/NPB3.4.3/NPB3.4-MPI/bin/mg.C.x"
0.90391177 W	2159343	"/home/boggy/ref_rapl/energy_exp_server/NPB3.4.3/NPB3.4-MPI/bin/mg.C.x"
0.90391177 W	2159341	"/home/boggy/ref_rapl/energy_exp_server/NPB3.4.3/NPB3.4-MPI/bin/mg.C.x"
0.6026078 W	2159320	"/home/boggy/ref_rapl/scaphandre/target/release/scaphandre"
------------------------------------------------------------

Host:	53.502609 W from 
	package 	core		dram		uncore
Socket0	49.737545 W |	43.604294 W	4.727593 W	0 W	

Top 5 consumers:
Power		PID	Exe
1.2159684 W	2159343	"/home/boggy/ref_rapl/energy_exp_server/NPB3.4.3/NPB3.4-MPI/bin/mg.C.x"
1.2159684 W	2159341	"/home/boggy/ref_rapl/energy_exp_server/NPB3.4.3/NPB3.4-MPI/bin/mg.C.x"
0.91197634 W	2159342	"/home/boggy/ref_rapl/energy_exp_server/NPB3.4.3/NPB3.4-MPI/bin/mg.C.x"
0.91197634 W	2159320	"/home/boggy/ref_rapl/scaphandre/target/release/scaphandre"
0.91197634 W	2159340	"/home/boggy/ref_rapl/energy_exp_server/NPB3.4.3/NPB3.4-MPI/bin/mg.C.x"
------------------------------------------------------------

Host:	54.07485 W from 
	package 	core		dram		uncore
Socket0	48.479424 W |	43.682343 W	4.745752 W	0 W	

Top 5 consumers:
Power		PID	Exe
1.2289739 W	2159342	"/home/boggy/ref_rapl/energy_exp_server/NPB3.4.3/NPB3.4-MPI/bin/mg.C.x"
0.92173046 W	2159340	"/home/boggy/ref_rapl/energy_exp_server/NPB3.4.3/NPB3.4-MPI/bin/mg.C.x"
0.92173046 W	2159343	"/home/boggy/ref_rapl/energy_exp_server/NPB3.4.3/NPB3.4-MPI/bin/mg.C.x"
0.92173046 W	2159341	"/home/boggy/ref_rapl/energy_exp_server/NPB3.4.3/NPB3.4-MPI/bin/mg.C.x"
0.61448693 W	2159320	"/home/boggy/ref_rapl/scaphandre/target/release/scaphandre"
------------------------------------------------------------

Host:	53.588493 W from 
	package 	core		dram		uncore
Socket0	47.71952 W |	42.321976 W	4.703311 W	0 W	

Top 5 consumers:
Power		PID	Exe
0.9134402 W	2159342	"/home/boggy/ref_rapl/energy_exp_server/NPB3.4.3/NPB3.4-MPI/bin/mg.C.x"
0.9134402 W	2159320	"/home/boggy/ref_rapl/scaphandre/target/release/scaphandre"
0.9134402 W	2159340	"/home/boggy/ref_rapl/energy_exp_server/NPB3.4.3/NPB3.4-MPI/bin/mg.C.x"
0.9134402 W	2159343	"/home/boggy/ref_rapl/energy_exp_server/NPB3.4.3/NPB3.4-MPI/bin/mg.C.x"
0.9134402 W	2159341	"/home/boggy/ref_rapl/energy_exp_server/NPB3.4.3/NPB3.4-MPI/bin/mg.C.x"
------------------------------------------------------------

Host:	55.290423 W from 
	package 	core		dram		uncore
Socket0	50.33152 W |	45.76369 W	4.148623 W	0 W	

Top 5 consumers:
Power		PID	Exe
0.94245046 W	2159342	"/home/boggy/ref_rapl/energy_exp_server/NPB3.4.3/NPB3.4-MPI/bin/mg.C.x"
0.94245046 W	2159320	"/home/boggy/ref_rapl/scaphandre/target/release/scaphandre"
0.94245046 W	2159340	"/home/boggy/ref_rapl/energy_exp_server/NPB3.4.3/NPB3.4-MPI/bin/mg.C.x"
0.94245046 W	2159343	"/home/boggy/ref_rapl/energy_exp_server/NPB3.4.3/NPB3.4-MPI/bin/mg.C.x"
0.94245046 W	2159341	"/home/boggy/ref_rapl/energy_exp_server/NPB3.4.3/NPB3.4-MPI/bin/mg.C.x"
------------------------------------------------------------

Host:	55.244943 W from 
	package 	core		dram		uncore
Socket0	50.866653 W |	46.0354 W	4.594471 W	0 W	

Top 5 consumers:
Power		PID	Exe
0.9416752 W	2159342	"/home/boggy/ref_rapl/energy_exp_server/NPB3.4.3/NPB3.4-MPI/bin/mg.C.x"
0.9416752 W	2159340	"/home/boggy/ref_rapl/energy_exp_server/NPB3.4.3/NPB3.4-MPI/bin/mg.C.x"
0.9416752 W	2159343	"/home/boggy/ref_rapl/energy_exp_server/NPB3.4.3/NPB3.4-MPI/bin/mg.C.x"
0.9416752 W	2159341	"/home/boggy/ref_rapl/energy_exp_server/NPB3.4.3/NPB3.4-MPI/bin/mg.C.x"
0.6277834 W	2159320	"/home/boggy/ref_rapl/scaphandre/target/release/scaphandre"
------------------------------------------------------------

Host:	55.706219 W from 
	package 	core		dram		uncore
Socket0	52.45536 W |	46.22974 W	4.713987 W	0 W	

Top 5 consumers:
Power		PID	Exe
0.9336238 W	2159342	"/home/boggy/ref_rapl/energy_exp_server/NPB3.4.3/NPB3.4-MPI/bin/mg.C.x"
0.9336238 W	2159320	"/home/boggy/ref_rapl/scaphandre/target/release/scaphandre"
0.9336238 W	2159340	"/home/boggy/ref_rapl/energy_exp_server/NPB3.4.3/NPB3.4-MPI/bin/mg.C.x"
0.9336238 W	2159343	"/home/boggy/ref_rapl/energy_exp_server/NPB3.4.3/NPB3.4-MPI/bin/mg.C.x"
0.9336238 W	2159341	"/home/boggy/ref_rapl/energy_exp_server/NPB3.4.3/NPB3.4-MPI/bin/mg.C.x"
------------------------------------------------------------

Host:	56.19344 W from 
	package 	core		dram		uncore
Socket0	50.988777 W |	46.01659 W	4.604822 W	0 W	

Top 5 consumers:
Power		PID	Exe
0.9417895 W	2159342	"/home/boggy/ref_rapl/energy_exp_server/NPB3.4.3/NPB3.4-MPI/bin/mg.C.x"
0.9417895 W	2159340	"/home/boggy/ref_rapl/energy_exp_server/NPB3.4.3/NPB3.4-MPI/bin/mg.C.x"
0.9417895 W	2159343	"/home/boggy/ref_rapl/energy_exp_server/NPB3.4.3/NPB3.4-MPI/bin/mg.C.x"
0.9417895 W	2159341	"/home/boggy/ref_rapl/energy_exp_server/NPB3.4.3/NPB3.4-MPI/bin/mg.C.x"
0.62785965 W	2159320	"/home/boggy/ref_rapl/scaphandre/target/release/scaphandre"
------------------------------------------------------------

Host:	55.21347 W from 
	package 	core		dram		uncore
Socket0	49.885338 W |	46.002644 W	4.636125 W	0 W	

Top 5 consumers:
Power		PID	Exe
0.92536545 W	2159342	"/home/boggy/ref_rapl/energy_exp_server/NPB3.4.3/NPB3.4-MPI/bin/mg.C.x"
0.92536545 W	2159340	"/home/boggy/ref_rapl/energy_exp_server/NPB3.4.3/NPB3.4-MPI/bin/mg.C.x"
0.92536545 W	2159343	"/home/boggy/ref_rapl/energy_exp_server/NPB3.4.3/NPB3.4-MPI/bin/mg.C.x"
0.92536545 W	2159341	"/home/boggy/ref_rapl/energy_exp_server/NPB3.4.3/NPB3.4-MPI/bin/mg.C.x"
0.6169103 W	2159320	"/home/boggy/ref_rapl/scaphandre/target/release/scaphandre"
------------------------------------------------------------

Host:	54.133574 W from 
	package 	core		dram		uncore
Socket0	52.293663 W |	46.018524 W	4.565214 W	0 W	

Top 5 consumers:
Power		PID	Exe
1.2096888 W	2159340	"/home/boggy/ref_rapl/energy_exp_server/NPB3.4.3/NPB3.4-MPI/bin/mg.C.x"
1.2096888 W	2159343	"/home/boggy/ref_rapl/energy_exp_server/NPB3.4.3/NPB3.4-MPI/bin/mg.C.x"
0.9072666 W	2159342	"/home/boggy/ref_rapl/energy_exp_server/NPB3.4.3/NPB3.4-MPI/bin/mg.C.x"
0.9072666 W	2159341	"/home/boggy/ref_rapl/energy_exp_server/NPB3.4.3/NPB3.4-MPI/bin/mg.C.x"
0.6048444 W	2159320	"/home/boggy/ref_rapl/scaphandre/target/release/scaphandre"
------------------------------------------------------------

Host:	53.834749 W from 
	package 	core		dram		uncore
Socket0	48.346767 W |	44.193054 W	4.296617 W	0 W	

Top 5 consumers:
Power		PID	Exe
0.9022584 W	2159342	"/home/boggy/ref_rapl/energy_exp_server/NPB3.4.3/NPB3.4-MPI/bin/mg.C.x"
0.9022584 W	2159320	"/home/boggy/ref_rapl/scaphandre/target/release/scaphandre"
0.9022584 W	2159340	"/home/boggy/ref_rapl/energy_exp_server/NPB3.4.3/NPB3.4-MPI/bin/mg.C.x"
0.9022584 W	2159343	"/home/boggy/ref_rapl/energy_exp_server/NPB3.4.3/NPB3.4-MPI/bin/mg.C.x"
0.9022584 W	2159341	"/home/boggy/ref_rapl/energy_exp_server/NPB3.4.3/NPB3.4-MPI/bin/mg.C.x"
------------------------------------------------------------

Host:	53.234112 W from 
	package 	core		dram		uncore
Socket0	48.82715 W |	43.88777 W	4.594202 W	0 W	

Top 5 consumers:
Power		PID	Exe
1.189589 W	2159341	"/home/boggy/ref_rapl/energy_exp_server/NPB3.4.3/NPB3.4-MPI/bin/mg.C.x"
0.8921919 W	2159342	"/home/boggy/ref_rapl/energy_exp_server/NPB3.4.3/NPB3.4-MPI/bin/mg.C.x"
0.8921919 W	2159340	"/home/boggy/ref_rapl/energy_exp_server/NPB3.4.3/NPB3.4-MPI/bin/mg.C.x"
0.8921919 W	2159343	"/home/boggy/ref_rapl/energy_exp_server/NPB3.4.3/NPB3.4-MPI/bin/mg.C.x"
0.5947945 W	2159320	"/home/boggy/ref_rapl/scaphandre/target/release/scaphandre"
------------------------------------------------------------

Host:	54.550998 W from 
	package 	core		dram		uncore
Socket0	49.361298 W |	43.73888 W	4.691118 W	0 W	

Top 5 consumers:
Power		PID	Exe
1.2190167 W	2159342	"/home/boggy/ref_rapl/energy_exp_server/NPB3.4.3/NPB3.4-MPI/bin/mg.C.x"
0.91426253 W	2159320	"/home/boggy/ref_rapl/scaphandre/target/release/scaphandre"
0.91426253 W	2159340	"/home/boggy/ref_rapl/energy_exp_server/NPB3.4.3/NPB3.4-MPI/bin/mg.C.x"
0.91426253 W	2159343	"/home/boggy/ref_rapl/energy_exp_server/NPB3.4.3/NPB3.4-MPI/bin/mg.C.x"
0.91426253 W	2159341	"/home/boggy/ref_rapl/energy_exp_server/NPB3.4.3/NPB3.4-MPI/bin/mg.C.x"
------------------------------------------------------------

Host:	52.734801 W from 
	package 	core		dram		uncore
Socket0	48.67993 W |	43.609455 W	4.767028 W	0 W	

Top 5 consumers:
Power		PID	Exe
0.8988887 W	2159342	"/home/boggy/ref_rapl/energy_exp_server/NPB3.4.3/NPB3.4-MPI/bin/mg.C.x"
0.8988887 W	2159320	"/home/boggy/ref_rapl/scaphandre/target/release/scaphandre"
0.8988887 W	2159340	"/home/boggy/ref_rapl/energy_exp_server/NPB3.4.3/NPB3.4-MPI/bin/mg.C.x"
0.8988887 W	2159343	"/home/boggy/ref_rapl/energy_exp_server/NPB3.4.3/NPB3.4-MPI/bin/mg.C.x"
0.8988887 W	2159341	"/home/boggy/ref_rapl/energy_exp_server/NPB3.4.3/NPB3.4-MPI/bin/mg.C.x"
------------------------------------------------------------

Host:	54.257282 W from 
	package 	core		dram		uncore
Socket0	49.226746 W |	43.47381 W	4.828224 W	0 W	

Top 5 consumers:
Power		PID	Exe
1.23312 W	2159340	"/home/boggy/ref_rapl/energy_exp_server/NPB3.4.3/NPB3.4-MPI/bin/mg.C.x"
1.23312 W	2159343	"/home/boggy/ref_rapl/energy_exp_server/NPB3.4.3/NPB3.4-MPI/bin/mg.C.x"
0.92484003 W	2159342	"/home/boggy/ref_rapl/energy_exp_server/NPB3.4.3/NPB3.4-MPI/bin/mg.C.x"
0.92484003 W	2159341	"/home/boggy/ref_rapl/energy_exp_server/NPB3.4.3/NPB3.4-MPI/bin/mg.C.x"
0.61656 W	2159320	"/home/boggy/ref_rapl/scaphandre/target/release/scaphandre"
------------------------------------------------------------

Host:	53.538247 W from 
	package 	core		dram		uncore
Socket0	48.143745 W |	43.832417 W	4.843668 W	0 W	

Top 5 consumers:
Power		PID	Exe
1.2167784 W	2159341	"/home/boggy/ref_rapl/energy_exp_server/NPB3.4.3/NPB3.4-MPI/bin/mg.C.x"
0.91258377 W	2159342	"/home/boggy/ref_rapl/energy_exp_server/NPB3.4.3/NPB3.4-MPI/bin/mg.C.x"
0.91258377 W	2159320	"/home/boggy/ref_rapl/scaphandre/target/release/scaphandre"
0.91258377 W	2159340	"/home/boggy/ref_rapl/energy_exp_server/NPB3.4.3/NPB3.4-MPI/bin/mg.C.x"
0.91258377 W	2159343	"/home/boggy/ref_rapl/energy_exp_server/NPB3.4.3/NPB3.4-MPI/bin/mg.C.x"
------------------------------------------------------------

Host:	53.300315 W from 
	package 	core		dram		uncore
Socket0	48.728928 W |	43.682625 W	4.761069 W	0 W	

Top 5 consumers:
Power		PID	Exe
1.2113707 W	2159342	"/home/boggy/ref_rapl/energy_exp_server/NPB3.4.3/NPB3.4-MPI/bin/mg.C.x"
0.90852815 W	2159340	"/home/boggy/ref_rapl/energy_exp_server/NPB3.4.3/NPB3.4-MPI/bin/mg.C.x"
0.90852815 W	2159343	"/home/boggy/ref_rapl/energy_exp_server/NPB3.4.3/NPB3.4-MPI/bin/mg.C.x"
0.90852815 W	2159341	"/home/boggy/ref_rapl/energy_exp_server/NPB3.4.3/NPB3.4-MPI/bin/mg.C.x"
0.60568535 W	2159320	"/home/boggy/ref_rapl/scaphandre/target/release/scaphandre"
------------------------------------------------------------

Host:	52.061445 W from 
	package 	core		dram		uncore
Socket0	48.92294 W |	42.473385 W	4.739373 W	0 W	

Top 5 consumers:
Power		PID	Exe
0.887411 W	2159342	"/home/boggy/ref_rapl/energy_exp_server/NPB3.4.3/NPB3.4-MPI/bin/mg.C.x"
0.887411 W	2159320	"/home/boggy/ref_rapl/scaphandre/target/release/scaphandre"
0.887411 W	2159340	"/home/boggy/ref_rapl/energy_exp_server/NPB3.4.3/NPB3.4-MPI/bin/mg.C.x"
0.887411 W	2159343	"/home/boggy/ref_rapl/energy_exp_server/NPB3.4.3/NPB3.4-MPI/bin/mg.C.x"
0.887411 W	2159341	"/home/boggy/ref_rapl/energy_exp_server/NPB3.4.3/NPB3.4-MPI/bin/mg.C.x"
------------------------------------------------------------

Host:	51.182297 W from 
	package 	core		dram		uncore
Socket0	46.306652 W |	42.72472 W	4.135923 W	0 W	

Top 5 consumers:
Power		PID	Exe
0.87242556 W	2159342	"/home/boggy/ref_rapl/energy_exp_server/NPB3.4.3/NPB3.4-MPI/bin/mg.C.x"
0.87242556 W	2159340	"/home/boggy/ref_rapl/energy_exp_server/NPB3.4.3/NPB3.4-MPI/bin/mg.C.x"
0.87242556 W	2159343	"/home/boggy/ref_rapl/energy_exp_server/NPB3.4.3/NPB3.4-MPI/bin/mg.C.x"
0.87242556 W	2159341	"/home/boggy/ref_rapl/energy_exp_server/NPB3.4.3/NPB3.4-MPI/bin/mg.C.x"
0.581617 W	2159320	"/home/boggy/ref_rapl/scaphandre/target/release/scaphandre"
------------------------------------------------------------

Host:	51.962023 W from 
	package 	core		dram		uncore
Socket0	48.3521 W |	42.38838 W	4.611395 W	0 W	

Top 5 consumers:
Power		PID	Exe
1.180955 W	2159342	"/home/boggy/ref_rapl/energy_exp_server/NPB3.4.3/NPB3.4-MPI/bin/mg.C.x"
0.8857163 W	2159340	"/home/boggy/ref_rapl/energy_exp_server/NPB3.4.3/NPB3.4-MPI/bin/mg.C.x"
0.8857163 W	2159343	"/home/boggy/ref_rapl/energy_exp_server/NPB3.4.3/NPB3.4-MPI/bin/mg.C.x"
0.8857163 W	2159341	"/home/boggy/ref_rapl/energy_exp_server/NPB3.4.3/NPB3.4-MPI/bin/mg.C.x"
0.5904775 W	2159320	"/home/boggy/ref_rapl/scaphandre/target/release/scaphandre"
------------------------------------------------------------

Host:	48.972735 W from 
	package 	core		dram		uncore
Socket0	45.929405 W |	41.812866 W	4.407544 W	0 W	

Top 5 consumers:
Power		PID	Exe
1.088283 W	2159340	"/home/boggy/ref_rapl/energy_exp_server/NPB3.4.3/NPB3.4-MPI/bin/mg.C.x"
1.088283 W	2159343	"/home/boggy/ref_rapl/energy_exp_server/NPB3.4.3/NPB3.4-MPI/bin/mg.C.x"
0.8162123 W	2159342	"/home/boggy/ref_rapl/energy_exp_server/NPB3.4.3/NPB3.4-MPI/bin/mg.C.x"
0.8162123 W	2159320	"/home/boggy/ref_rapl/scaphandre/target/release/scaphandre"
0.8162123 W	2159341	"/home/boggy/ref_rapl/energy_exp_server/NPB3.4.3/NPB3.4-MPI/bin/mg.C.x"
------------------------------------------------------------

Host:	46.430848 W from 
	package 	core		dram		uncore
Socket0	43.0904 W |	37.803505 W	4.492065 W	0 W	

Top 5 consumers:
Power		PID	Exe
1.547695 W	2159320	"/home/boggy/ref_rapl/scaphandre/target/release/scaphandre"
1.547695 W	2159341	"/home/boggy/ref_rapl/energy_exp_server/NPB3.4.3/NPB3.4-MPI/bin/mg.C.x"
1.2897459 W	2159342	"/home/boggy/ref_rapl/energy_exp_server/NPB3.4.3/NPB3.4-MPI/bin/mg.C.x"
1.2897459 W	2159340	"/home/boggy/ref_rapl/energy_exp_server/NPB3.4.3/NPB3.4-MPI/bin/mg.C.x"
1.2897459 W	2159343	"/home/boggy/ref_rapl/energy_exp_server/NPB3.4.3/NPB3.4-MPI/bin/mg.C.x"
------------------------------------------------------------

Host:	46.235053 W from 
	package 	core		dram		uncore
Socket0	41.62927 W |	36.55048 W	4.537711 W	0 W	

Top 5 consumers:
Power		PID	Exe
2.0548913 W	2159342	"/home/boggy/ref_rapl/energy_exp_server/NPB3.4.3/NPB3.4-MPI/bin/mg.C.x"
2.0548913 W	2159340	"/home/boggy/ref_rapl/energy_exp_server/NPB3.4.3/NPB3.4-MPI/bin/mg.C.x"
2.0548913 W	2159343	"/home/boggy/ref_rapl/energy_exp_server/NPB3.4.3/NPB3.4-MPI/bin/mg.C.x"
2.0548913 W	2159341	"/home/boggy/ref_rapl/energy_exp_server/NPB3.4.3/NPB3.4-MPI/bin/mg.C.x"
1.2843071 W	2159320	"/home/boggy/ref_rapl/scaphandre/target/release/scaphandre"
------------------------------------------------------------

Host:	53.088104 W from 
	package 	core		dram		uncore
Socket0	42.91487 W |	38.07612 W	4.606346 W	0 W	

Top 5 consumers:
Power		PID	Exe
1.7696035 W	2159342	"/home/boggy/ref_rapl/energy_exp_server/NPB3.4.3/NPB3.4-MPI/bin/mg.C.x"
1.7696035 W	2159340	"/home/boggy/ref_rapl/energy_exp_server/NPB3.4.3/NPB3.4-MPI/bin/mg.C.x"
1.4746696 W	2159343	"/home/boggy/ref_rapl/energy_exp_server/NPB3.4.3/NPB3.4-MPI/bin/mg.C.x"
1.4746696 W	2159341	"/home/boggy/ref_rapl/energy_exp_server/NPB3.4.3/NPB3.4-MPI/bin/mg.C.x"
0.88480175 W	2159320	"/home/boggy/ref_rapl/scaphandre/target/release/scaphandre"
------------------------------------------------------------

Host:	50.0545 W from 
	package 	core		dram		uncore
Socket0	48.857956 W |	43.58706 W	4.531659 W	0 W	

Top 5 consumers:
Power		PID	Exe
1.5245025 W	2159343	"/home/boggy/ref_rapl/energy_exp_server/NPB3.4.3/NPB3.4-MPI/bin/mg.C.x"
1.5245025 W	2159341	"/home/boggy/ref_rapl/energy_exp_server/NPB3.4.3/NPB3.4-MPI/bin/mg.C.x"
1.2704188 W	2159342	"/home/boggy/ref_rapl/energy_exp_server/NPB3.4.3/NPB3.4-MPI/bin/mg.C.x"
1.2704188 W	2159340	"/home/boggy/ref_rapl/energy_exp_server/NPB3.4.3/NPB3.4-MPI/bin/mg.C.x"
0.5081675 W	2159320	"/home/boggy/ref_rapl/scaphandre/target/release/scaphandre"
------------------------------------------------------------

Host:	51.942301 W from 
	package 	core		dram		uncore
Socket0	45.470554 W |	40.029846 W	4.58326 W	0 W	

Top 5 consumers:
Power		PID	Exe
1.581999 W	2159342	"/home/boggy/ref_rapl/energy_exp_server/NPB3.4.3/NPB3.4-MPI/bin/mg.C.x"
1.581999 W	2159340	"/home/boggy/ref_rapl/energy_exp_server/NPB3.4.3/NPB3.4-MPI/bin/mg.C.x"
1.581999 W	2159343	"/home/boggy/ref_rapl/energy_exp_server/NPB3.4.3/NPB3.4-MPI/bin/mg.C.x"
1.581999 W	2159341	"/home/boggy/ref_rapl/energy_exp_server/NPB3.4.3/NPB3.4-MPI/bin/mg.C.x"
0.7909995 W	2159320	"/home/boggy/ref_rapl/scaphandre/target/release/scaphandre"
------------------------------------------------------------

Host:	51.367704 W from 
	package 	core		dram		uncore
Socket0	46.828785 W |	41.63998 W	4.672656 W	0 W	

Top 5 consumers:
Power		PID	Exe
1.5644987 W	2159342	"/home/boggy/ref_rapl/energy_exp_server/NPB3.4.3/NPB3.4-MPI/bin/mg.C.x"
1.5644987 W	2159340	"/home/boggy/ref_rapl/energy_exp_server/NPB3.4.3/NPB3.4-MPI/bin/mg.C.x"
1.3037487 W	2159343	"/home/boggy/ref_rapl/energy_exp_server/NPB3.4.3/NPB3.4-MPI/bin/mg.C.x"
1.3037487 W	2159341	"/home/boggy/ref_rapl/energy_exp_server/NPB3.4.3/NPB3.4-MPI/bin/mg.C.x"
0.5214995 W	2159320	"/home/boggy/ref_rapl/scaphandre/target/release/scaphandre"
------------------------------------------------------------

Host:	52.577281 W from 
	package 	core		dram		uncore
Socket0	46.975212 W |	42.02179 W	4.840889 W	0 W	

Top 5 consumers:
Power		PID	Exe
1.6013385 W	2159343	"/home/boggy/ref_rapl/energy_exp_server/NPB3.4.3/NPB3.4-MPI/bin/mg.C.x"
1.6013385 W	2159341	"/home/boggy/ref_rapl/energy_exp_server/NPB3.4.3/NPB3.4-MPI/bin/mg.C.x"
1.3344486 W	2159342	"/home/boggy/ref_rapl/energy_exp_server/NPB3.4.3/NPB3.4-MPI/bin/mg.C.x"
1.3344486 W	2159340	"/home/boggy/ref_rapl/energy_exp_server/NPB3.4.3/NPB3.4-MPI/bin/mg.C.x"
0.5337795 W	2159320	"/home/boggy/ref_rapl/scaphandre/target/release/scaphandre"
------------------------------------------------------------

Host:	51.387593 W from 
	package 	core		dram		uncore
Socket0	47.46153 W |	42.005524 W	4.719695 W	0 W	

Top 5 consumers:
Power		PID	Exe
1.6666247 W	2159342	"/home/boggy/ref_rapl/energy_exp_server/NPB3.4.3/NPB3.4-MPI/bin/mg.C.x"
1.6666247 W	2159340	"/home/boggy/ref_rapl/energy_exp_server/NPB3.4.3/NPB3.4-MPI/bin/mg.C.x"
1.6666247 W	2159343	"/home/boggy/ref_rapl/energy_exp_server/NPB3.4.3/NPB3.4-MPI/bin/mg.C.x"
1.6666247 W	2159341	"/home/boggy/ref_rapl/energy_exp_server/NPB3.4.3/NPB3.4-MPI/bin/mg.C.x"
1.1110831 W	2159320	"/home/boggy/ref_rapl/scaphandre/target/release/scaphandre"
------------------------------------------------------------

Host:	52.639524 W from 
	package 	core		dram		uncore
Socket0	45.82448 W |	40.896004 W	4.806057 W	0 W	

Top 5 consumers:
Power		PID	Exe
1.9917657 W	2159340	"/home/boggy/ref_rapl/energy_exp_server/NPB3.4.3/NPB3.4-MPI/bin/mg.C.x"
1.7072277 W	2159342	"/home/boggy/ref_rapl/energy_exp_server/NPB3.4.3/NPB3.4-MPI/bin/mg.C.x"
1.7072277 W	2159343	"/home/boggy/ref_rapl/energy_exp_server/NPB3.4.3/NPB3.4-MPI/bin/mg.C.x"
1.7072277 W	2159341	"/home/boggy/ref_rapl/energy_exp_server/NPB3.4.3/NPB3.4-MPI/bin/mg.C.x"
0.284538 W	2159320	"/home/boggy/ref_rapl/scaphandre/target/release/scaphandre"
------------------------------------------------------------

Host:	53.624524 W from 
	package 	core		dram		uncore
Socket0	49.600124 W |	44.371864 W	4.30773 W	0 W	

Top 5 consumers:
Power		PID	Exe
1.7391738 W	2159342	"/home/boggy/ref_rapl/energy_exp_server/NPB3.4.3/NPB3.4-MPI/bin/mg.C.x"
1.4493115 W	2159340	"/home/boggy/ref_rapl/energy_exp_server/NPB3.4.3/NPB3.4-MPI/bin/mg.C.x"
1.4493115 W	2159343	"/home/boggy/ref_rapl/energy_exp_server/NPB3.4.3/NPB3.4-MPI/bin/mg.C.x"
1.4493115 W	2159341	"/home/boggy/ref_rapl/energy_exp_server/NPB3.4.3/NPB3.4-MPI/bin/mg.C.x"
0.8695869 W	2159320	"/home/boggy/ref_rapl/scaphandre/target/release/scaphandre"
------------------------------------------------------------

Host:	54.971477 W from 
	package 	core		dram		uncore
Socket0	49.901577 W |	44.530224 W	4.658414 W	0 W	

Top 5 consumers:
Power		PID	Exe
1.7828587 W	2159340	"/home/boggy/ref_rapl/energy_exp_server/NPB3.4.3/NPB3.4-MPI/bin/mg.C.x"
1.7828587 W	2159343	"/home/boggy/ref_rapl/energy_exp_server/NPB3.4.3/NPB3.4-MPI/bin/mg.C.x"
1.7828587 W	2159341	"/home/boggy/ref_rapl/energy_exp_server/NPB3.4.3/NPB3.4-MPI/bin/mg.C.x"
1.4857156 W	2159342	"/home/boggy/ref_rapl/energy_exp_server/NPB3.4.3/NPB3.4-MPI/bin/mg.C.x"
0.59428626 W	2159320	"/home/boggy/ref_rapl/scaphandre/target/release/scaphandre"
------------------------------------------------------------

Host:	52.365429 W from 
	package 	core		dram		uncore
Socket0	49.418816 W |	44.49827 W	4.59526 W	0 W	

Top 5 consumers:
Power		PID	Exe
1.992163 W	2159341	"/home/boggy/ref_rapl/energy_exp_server/NPB3.4.3/NPB3.4-MPI/bin/mg.C.x"
1.7075683 W	2159342	"/home/boggy/ref_rapl/energy_exp_server/NPB3.4.3/NPB3.4-MPI/bin/mg.C.x"
1.7075683 W	2159340	"/home/boggy/ref_rapl/energy_exp_server/NPB3.4.3/NPB3.4-MPI/bin/mg.C.x"
1.7075683 W	2159343	"/home/boggy/ref_rapl/energy_exp_server/NPB3.4.3/NPB3.4-MPI/bin/mg.C.x"
0.85378414 W	2159320	"/home/boggy/ref_rapl/scaphandre/target/release/scaphandre"
------------------------------------------------------------

Host:	52.09867 W from 
	package 	core		dram		uncore
Socket0	46.850693 W |	41.716755 W	4.699613 W	0 W	

Top 5 consumers:
Power		PID	Exe
1.4157248 W	2159342	"/home/boggy/ref_rapl/energy_exp_server/NPB3.4.3/NPB3.4-MPI/bin/mg.C.x"
1.4157248 W	2159340	"/home/boggy/ref_rapl/energy_exp_server/NPB3.4.3/NPB3.4-MPI/bin/mg.C.x"
1.4157248 W	2159343	"/home/boggy/ref_rapl/energy_exp_server/NPB3.4.3/NPB3.4-MPI/bin/mg.C.x"
1.4157248 W	2159341	"/home/boggy/ref_rapl/energy_exp_server/NPB3.4.3/NPB3.4-MPI/bin/mg.C.x"
0.8494348 W	2159320	"/home/boggy/ref_rapl/scaphandre/target/release/scaphandre"
------------------------------------------------------------

Host:	55.590553 W from 
	package 	core		dram		uncore
Socket0	49.57148 W |	44.828114 W	4.739702 W	0 W	

Top 5 consumers:
Power		PID	Exe
0.90636766 W	2159342	"/home/boggy/ref_rapl/energy_exp_server/NPB3.4.3/NPB3.4-MPI/bin/mg.C.x"
0.90636766 W	2159320	"/home/boggy/ref_rapl/scaphandre/target/release/scaphandre"
0.90636766 W	2159340	"/home/boggy/ref_rapl/energy_exp_server/NPB3.4.3/NPB3.4-MPI/bin/mg.C.x"
0.90636766 W	2159343	"/home/boggy/ref_rapl/energy_exp_server/NPB3.4.3/NPB3.4-MPI/bin/mg.C.x"
0.90636766 W	2159341	"/home/boggy/ref_rapl/energy_exp_server/NPB3.4.3/NPB3.4-MPI/bin/mg.C.x"
------------------------------------------------------------

Host:	53.854916 W from 
	package 	core		dram		uncore
Socket0	50.757732 W |	45.013046 W	4.846593 W	0 W	

Top 5 consumers:
Power		PID	Exe
0.5853795 W	2159342	"/home/boggy/ref_rapl/energy_exp_server/NPB3.4.3/NPB3.4-MPI/bin/mg.C.x"
0.5853795 W	2159320	"/home/boggy/ref_rapl/scaphandre/target/release/scaphandre"
0.5853795 W	2159340	"/home/boggy/ref_rapl/energy_exp_server/NPB3.4.3/NPB3.4-MPI/bin/mg.C.x"
0.5853795 W	2159343	"/home/boggy/ref_rapl/energy_exp_server/NPB3.4.3/NPB3.4-MPI/bin/mg.C.x"
0.5853795 W	2159341	"/home/boggy/ref_rapl/energy_exp_server/NPB3.4.3/NPB3.4-MPI/bin/mg.C.x"
------------------------------------------------------------

Host:	55.054874 W from 
	package 	core		dram		uncore
Socket0	49.109154 W |	44.806404 W	4.886845 W	0 W	

Top 5 consumers:
Power		PID	Exe
0.5984226 W	2159342	"/home/boggy/ref_rapl/energy_exp_server/NPB3.4.3/NPB3.4-MPI/bin/mg.C.x"
0.5984226 W	2159320	"/home/boggy/ref_rapl/scaphandre/target/release/scaphandre"
0.5984226 W	2159340	"/home/boggy/ref_rapl/energy_exp_server/NPB3.4.3/NPB3.4-MPI/bin/mg.C.x"
0.5984226 W	2159343	"/home/boggy/ref_rapl/energy_exp_server/NPB3.4.3/NPB3.4-MPI/bin/mg.C.x"
0.5984226 W	2159341	"/home/boggy/ref_rapl/energy_exp_server/NPB3.4.3/NPB3.4-MPI/bin/mg.C.x"
------------------------------------------------------------

Host:	53.849234 W from 
	package 	core		dram		uncore
Socket0	50.6301 W |	44.921177 W	4.633603 W	0 W	

Top 5 consumers:
Power		PID	Exe
0.8779766 W	2159342	"/home/boggy/ref_rapl/energy_exp_server/NPB3.4.3/NPB3.4-MPI/bin/mg.C.x"
0.58531773 W	2159320	"/home/boggy/ref_rapl/scaphandre/target/release/scaphandre"
0.58531773 W	2159340	"/home/boggy/ref_rapl/energy_exp_server/NPB3.4.3/NPB3.4-MPI/bin/mg.C.x"
0.58531773 W	2159343	"/home/boggy/ref_rapl/energy_exp_server/NPB3.4.3/NPB3.4-MPI/bin/mg.C.x"
0.58531773 W	2159341	"/home/boggy/ref_rapl/energy_exp_server/NPB3.4.3/NPB3.4-MPI/bin/mg.C.x"
------------------------------------------------------------

Host:	53.987031 W from 
	package 	core		dram		uncore
Socket0	51.07741 W |	45.145176 W	4.853384 W	0 W	

Top 5 consumers:
Power		PID	Exe
1.1736311 W	2159320	"/home/boggy/ref_rapl/scaphandre/target/release/scaphandre"
1.1736311 W	2159340	"/home/boggy/ref_rapl/energy_exp_server/NPB3.4.3/NPB3.4-MPI/bin/mg.C.x"
1.1736311 W	2159343	"/home/boggy/ref_rapl/energy_exp_server/NPB3.4.3/NPB3.4-MPI/bin/mg.C.x"
1.1736311 W	2159341	"/home/boggy/ref_rapl/energy_exp_server/NPB3.4.3/NPB3.4-MPI/bin/mg.C.x"
0.88022333 W	2159342	"/home/boggy/ref_rapl/energy_exp_server/NPB3.4.3/NPB3.4-MPI/bin/mg.C.x"
------------------------------------------------------------

Host:	53.731801 W from 
	package 	core		dram		uncore
Socket0	48.90613 W |	43.564575 W	4.795969 W	0 W	

Top 5 consumers:
Power		PID	Exe
0.9594965 W	2159342	"/home/boggy/ref_rapl/energy_exp_server/NPB3.4.3/NPB3.4-MPI/bin/mg.C.x"
0.9594965 W	2159340	"/home/boggy/ref_rapl/energy_exp_server/NPB3.4.3/NPB3.4-MPI/bin/mg.C.x"
0.9594965 W	2159343	"/home/boggy/ref_rapl/energy_exp_server/NPB3.4.3/NPB3.4-MPI/bin/mg.C.x"
0.9594965 W	2159341	"/home/boggy/ref_rapl/energy_exp_server/NPB3.4.3/NPB3.4-MPI/bin/mg.C.x"
0.31983215 W	2159320	"/home/boggy/ref_rapl/scaphandre/target/release/scaphandre"
------------------------------------------------------------

Host:	51.638417 W from 
	package 	core		dram		uncore
Socket0	46.906555 W |	41.82128 W	4.749041 W	0 W	

Top 5 consumers:
Power		PID	Exe
1.2294861 W	2159320	"/home/boggy/ref_rapl/scaphandre/target/release/scaphandre"
0.9221146 W	2159342	"/home/boggy/ref_rapl/energy_exp_server/NPB3.4.3/NPB3.4-MPI/bin/mg.C.x"
0.9221146 W	2159340	"/home/boggy/ref_rapl/energy_exp_server/NPB3.4.3/NPB3.4-MPI/bin/mg.C.x"
0.9221146 W	2159343	"/home/boggy/ref_rapl/energy_exp_server/NPB3.4.3/NPB3.4-MPI/bin/mg.C.x"
0.9221146 W	2159341	"/home/boggy/ref_rapl/energy_exp_server/NPB3.4.3/NPB3.4-MPI/bin/mg.C.x"
------------------------------------------------------------

Host:	52.403545 W from 
	package 	core		dram		uncore
Socket0	48.505386 W |	43.598953 W	4.214373 W	0 W	

Top 5 consumers:
Power		PID	Exe
0.9357776 W	2159342	"/home/boggy/ref_rapl/energy_exp_server/NPB3.4.3/NPB3.4-MPI/bin/mg.C.x"
0.9357776 W	2159340	"/home/boggy/ref_rapl/energy_exp_server/NPB3.4.3/NPB3.4-MPI/bin/mg.C.x"
0.9357776 W	2159343	"/home/boggy/ref_rapl/energy_exp_server/NPB3.4.3/NPB3.4-MPI/bin/mg.C.x"
0.9357776 W	2159341	"/home/boggy/ref_rapl/energy_exp_server/NPB3.4.3/NPB3.4-MPI/bin/mg.C.x"
0.6238518 W	2159320	"/home/boggy/ref_rapl/scaphandre/target/release/scaphandre"
------------------------------------------------------------

Host:	50.39067 W from 
	package 	core		dram		uncore
Socket0	46.257504 W |	42.34936 W	4.716801 W	0 W	

Top 5 consumers:
Power		PID	Exe
1.1997778 W	2159342	"/home/boggy/ref_rapl/energy_exp_server/NPB3.4.3/NPB3.4-MPI/bin/mg.C.x"
0.89983344 W	2159320	"/home/boggy/ref_rapl/scaphandre/target/release/scaphandre"
0.89983344 W	2159340	"/home/boggy/ref_rapl/energy_exp_server/NPB3.4.3/NPB3.4-MPI/bin/mg.C.x"
0.89983344 W	2159343	"/home/boggy/ref_rapl/energy_exp_server/NPB3.4.3/NPB3.4-MPI/bin/mg.C.x"
0.89983344 W	2159341	"/home/boggy/ref_rapl/energy_exp_server/NPB3.4.3/NPB3.4-MPI/bin/mg.C.x"
------------------------------------------------------------

Host:	48.321025 W from 
	package 	core		dram		uncore
Socket0	47.008293 W |	41.690086 W	4.502777 W	0 W	

Top 5 consumers:
Power		PID	Exe
1.1505007 W	2159340	"/home/boggy/ref_rapl/energy_exp_server/NPB3.4.3/NPB3.4-MPI/bin/mg.C.x"
1.1505007 W	2159343	"/home/boggy/ref_rapl/energy_exp_server/NPB3.4.3/NPB3.4-MPI/bin/mg.C.x"
1.1505007 W	2159341	"/home/boggy/ref_rapl/energy_exp_server/NPB3.4.3/NPB3.4-MPI/bin/mg.C.x"
0.8628755 W	2159342	"/home/boggy/ref_rapl/energy_exp_server/NPB3.4.3/NPB3.4-MPI/bin/mg.C.x"
0.8628755 W	2159320	"/home/boggy/ref_rapl/scaphandre/target/release/scaphandre"
------------------------------------------------------------

Host:	46.715204 W from 
	package 	core		dram		uncore
Socket0	42.426273 W |	36.860233 W	4.507937 W	0 W	

Top 5 consumers:
Power		PID	Exe
1.6684003 W	2159342	"/home/boggy/ref_rapl/energy_exp_server/NPB3.4.3/NPB3.4-MPI/bin/mg.C.x"
1.6684003 W	2159320	"/home/boggy/ref_rapl/scaphandre/target/release/scaphandre"
1.6684003 W	2159340	"/home/boggy/ref_rapl/energy_exp_server/NPB3.4.3/NPB3.4-MPI/bin/mg.C.x"
1.6684003 W	2159343	"/home/boggy/ref_rapl/energy_exp_server/NPB3.4.3/NPB3.4-MPI/bin/mg.C.x"
1.6684003 W	2159341	"/home/boggy/ref_rapl/energy_exp_server/NPB3.4.3/NPB3.4-MPI/bin/mg.C.x"
------------------------------------------------------------

Host:	46.406919 W from 
	package 	core		dram		uncore
Socket0	41.40121 W |	36.520737 W	4.606167 W	0 W	

Top 5 consumers:
Power		PID	Exe
1.2212348 W	2159342	"/home/boggy/ref_rapl/energy_exp_server/NPB3.4.3/NPB3.4-MPI/bin/mg.C.x"
1.2212348 W	2159340	"/home/boggy/ref_rapl/energy_exp_server/NPB3.4.3/NPB3.4-MPI/bin/mg.C.x"
1.2212348 W	2159343	"/home/boggy/ref_rapl/energy_exp_server/NPB3.4.3/NPB3.4-MPI/bin/mg.C.x"
0.97698784 W	2159320	"/home/boggy/ref_rapl/scaphandre/target/release/scaphandre"
0.97698784 W	2159341	"/home/boggy/ref_rapl/energy_exp_server/NPB3.4.3/NPB3.4-MPI/bin/mg.C.x"
------------------------------------------------------------

Host:	54.757404 W from 
	package 	core		dram		uncore
Socket0	44.845776 W |	39.079006 W	4.563523 W	0 W	

Top 5 consumers:
Power		PID	Exe
1.4409842 W	2159320	"/home/boggy/ref_rapl/scaphandre/target/release/scaphandre"
1.1527874 W	2159342	"/home/boggy/ref_rapl/energy_exp_server/NPB3.4.3/NPB3.4-MPI/bin/mg.C.x"
1.1527874 W	2159343	"/home/boggy/ref_rapl/energy_exp_server/NPB3.4.3/NPB3.4-MPI/bin/mg.C.x"
1.1527874 W	2159341	"/home/boggy/ref_rapl/energy_exp_server/NPB3.4.3/NPB3.4-MPI/bin/mg.C.x"
0.8645906 W	2159340	"/home/boggy/ref_rapl/energy_exp_server/NPB3.4.3/NPB3.4-MPI/bin/mg.C.x"
------------------------------------------------------------

Host:	55.540802 W from 
	package 	core		dram		uncore
Socket0	51.192055 W |	47.598347 W	4.490416 W	0 W	

Top 5 consumers:
Power		PID	Exe
1.1692802 W	2159340	"/home/boggy/ref_rapl/energy_exp_server/NPB3.4.3/NPB3.4-MPI/bin/mg.C.x"
1.1692802 W	2159343	"/home/boggy/ref_rapl/energy_exp_server/NPB3.4.3/NPB3.4-MPI/bin/mg.C.x"
0.87696 W	2159342	"/home/boggy/ref_rapl/energy_exp_server/NPB3.4.3/NPB3.4-MPI/bin/mg.C.x"
0.87696 W	2159341	"/home/boggy/ref_rapl/energy_exp_server/NPB3.4.3/NPB3.4-MPI/bin/mg.C.x"
0.5846401 W	2159320	"/home/boggy/ref_rapl/scaphandre/target/release/scaphandre"
------------------------------------------------------------

Host:	52.984184 W from 
	package 	core		dram		uncore
Socket0	49.258625 W |	43.40762 W	4.490782 W	0 W	

Top 5 consumers:
Power		PID	Exe
1.1154565 W	2159341	"/home/boggy/ref_rapl/energy_exp_server/NPB3.4.3/NPB3.4-MPI/bin/mg.C.x"
0.8365924 W	2159342	"/home/boggy/ref_rapl/energy_exp_server/NPB3.4.3/NPB3.4-MPI/bin/mg.C.x"
0.8365924 W	2159320	"/home/boggy/ref_rapl/scaphandre/target/release/scaphandre"
0.8365924 W	2159340	"/home/boggy/ref_rapl/energy_exp_server/NPB3.4.3/NPB3.4-MPI/bin/mg.C.x"
0.8365924 W	2159343	"/home/boggy/ref_rapl/energy_exp_server/NPB3.4.3/NPB3.4-MPI/bin/mg.C.x"
------------------------------------------------------------

Host:	51.078675 W from 
	package 	core		dram		uncore
Socket0	46.84479 W |	41.483997 W	4.571286 W	0 W	

Top 5 consumers:
Power		PID	Exe
0.8065054 W	2159342	"/home/boggy/ref_rapl/energy_exp_server/NPB3.4.3/NPB3.4-MPI/bin/mg.C.x"
0.8065054 W	2159340	"/home/boggy/ref_rapl/energy_exp_server/NPB3.4.3/NPB3.4-MPI/bin/mg.C.x"
0.8065054 W	2159343	"/home/boggy/ref_rapl/energy_exp_server/NPB3.4.3/NPB3.4-MPI/bin/mg.C.x"
0.8065054 W	2159341	"/home/boggy/ref_rapl/energy_exp_server/NPB3.4.3/NPB3.4-MPI/bin/mg.C.x"
0.5376703 W	2159320	"/home/boggy/ref_rapl/scaphandre/target/release/scaphandre"
------------------------------------------------------------

Host:	51.769762 W from 
	package 	core		dram		uncore
Socket0	47.754684 W |	41.43053 W	4.547585 W	0 W	

Top 5 consumers:
Power		PID	Exe
0.81741726 W	2159342	"/home/boggy/ref_rapl/energy_exp_server/NPB3.4.3/NPB3.4-MPI/bin/mg.C.x"
0.81741726 W	2159320	"/home/boggy/ref_rapl/scaphandre/target/release/scaphandre"
0.81741726 W	2159340	"/home/boggy/ref_rapl/energy_exp_server/NPB3.4.3/NPB3.4-MPI/bin/mg.C.x"
0.81741726 W	2159343	"/home/boggy/ref_rapl/energy_exp_server/NPB3.4.3/NPB3.4-MPI/bin/mg.C.x"
0.81741726 W	2159341	"/home/boggy/ref_rapl/energy_exp_server/NPB3.4.3/NPB3.4-MPI/bin/mg.C.x"
------------------------------------------------------------

Host:	53.5205 W from 
	package 	core		dram		uncore
Socket0	48.367695 W |	43.261333 W	4.764034 W	0 W	

Top 5 consumers:
Power		PID	Exe
0.9911204 W	2159342	"/home/boggy/ref_rapl/energy_exp_server/NPB3.4.3/NPB3.4-MPI/bin/mg.C.x"
0.9911204 W	2159340	"/home/boggy/ref_rapl/energy_exp_server/NPB3.4.3/NPB3.4-MPI/bin/mg.C.x"
0.9911204 W	2159343	"/home/boggy/ref_rapl/energy_exp_server/NPB3.4.3/NPB3.4-MPI/bin/mg.C.x"
0.9911204 W	2159341	"/home/boggy/ref_rapl/energy_exp_server/NPB3.4.3/NPB3.4-MPI/bin/mg.C.x"
0.6607469 W	2159320	"/home/boggy/ref_rapl/scaphandre/target/release/scaphandre"
------------------------------------------------------------

Host:	53.706612 W from 
	package 	core		dram		uncore
Socket0	48.89237 W |	43.666985 W	4.798348 W	0 W	

Top 5 consumers:
Power		PID	Exe
0.99456686 W	2159342	"/home/boggy/ref_rapl/energy_exp_server/NPB3.4.3/NPB3.4-MPI/bin/mg.C.x"
0.99456686 W	2159340	"/home/boggy/ref_rapl/energy_exp_server/NPB3.4.3/NPB3.4-MPI/bin/mg.C.x"
0.99456686 W	2159343	"/home/boggy/ref_rapl/energy_exp_server/NPB3.4.3/NPB3.4-MPI/bin/mg.C.x"
0.99456686 W	2159341	"/home/boggy/ref_rapl/energy_exp_server/NPB3.4.3/NPB3.4-MPI/bin/mg.C.x"
0.6630446 W	2159320	"/home/boggy/ref_rapl/scaphandre/target/release/scaphandre"
------------------------------------------------------------

Host:	53.358324 W from 
	package 	core		dram		uncore
Socket0	48.796856 W |	43.543034 W	4.787455 W	0 W	

Top 5 consumers:
Power		PID	Exe
1.3174895 W	2159342	"/home/boggy/ref_rapl/energy_exp_server/NPB3.4.3/NPB3.4-MPI/bin/mg.C.x"
1.3174895 W	2159340	"/home/boggy/ref_rapl/energy_exp_server/NPB3.4.3/NPB3.4-MPI/bin/mg.C.x"
0.9881171 W	2159320	"/home/boggy/ref_rapl/scaphandre/target/release/scaphandre"
0.9881171 W	2159343	"/home/boggy/ref_rapl/energy_exp_server/NPB3.4.3/NPB3.4-MPI/bin/mg.C.x"
0.9881171 W	2159341	"/home/boggy/ref_rapl/energy_exp_server/NPB3.4.3/NPB3.4-MPI/bin/mg.C.x"
------------------------------------------------------------

Host:	53.957088 W from 
	package 	core		dram		uncore
Socket0	47.484497 W |	43.74102 W	4.801147 W	0 W	

Top 5 consumers:
Power		PID	Exe
1.3322737 W	2159343	"/home/boggy/ref_rapl/energy_exp_server/NPB3.4.3/NPB3.4-MPI/bin/mg.C.x"
0.9992053 W	2159342	"/home/boggy/ref_rapl/energy_exp_server/NPB3.4.3/NPB3.4-MPI/bin/mg.C.x"
0.9992053 W	2159340	"/home/boggy/ref_rapl/energy_exp_server/NPB3.4.3/NPB3.4-MPI/bin/mg.C.x"
0.9992053 W	2159341	"/home/boggy/ref_rapl/energy_exp_server/NPB3.4.3/NPB3.4-MPI/bin/mg.C.x"
0.66613686 W	2159320	"/home/boggy/ref_rapl/scaphandre/target/release/scaphandre"
------------------------------------------------------------

Host:	54.105511 W from 
	package 	core		dram		uncore
Socket0	48.72997 W |	43.398495 W	4.795659 W	0 W	

Top 5 consumers:
Power		PID	Exe
1.3359385 W	2159341	"/home/boggy/ref_rapl/energy_exp_server/NPB3.4.3/NPB3.4-MPI/bin/mg.C.x"
1.0019538 W	2159342	"/home/boggy/ref_rapl/energy_exp_server/NPB3.4.3/NPB3.4-MPI/bin/mg.C.x"
1.0019538 W	2159320	"/home/boggy/ref_rapl/scaphandre/target/release/scaphandre"
1.0019538 W	2159340	"/home/boggy/ref_rapl/energy_exp_server/NPB3.4.3/NPB3.4-MPI/bin/mg.C.x"
1.0019538 W	2159343	"/home/boggy/ref_rapl/energy_exp_server/NPB3.4.3/NPB3.4-MPI/bin/mg.C.x"
------------------------------------------------------------

Host:	53.338281 W from 
	package 	core		dram		uncore
Socket0	49.20647 W |	43.554214 W	4.683493 W	0 W	

Top 5 consumers:
Power		PID	Exe
0.98774594 W	2159342	"/home/boggy/ref_rapl/energy_exp_server/NPB3.4.3/NPB3.4-MPI/bin/mg.C.x"
0.98774594 W	2159320	"/home/boggy/ref_rapl/scaphandre/target/release/scaphandre"
0.98774594 W	2159340	"/home/boggy/ref_rapl/energy_exp_server/NPB3.4.3/NPB3.4-MPI/bin/mg.C.x"
0.98774594 W	2159343	"/home/boggy/ref_rapl/energy_exp_server/NPB3.4.3/NPB3.4-MPI/bin/mg.C.x"
0.98774594 W	2159341	"/home/boggy/ref_rapl/energy_exp_server/NPB3.4.3/NPB3.4-MPI/bin/mg.C.x"
------------------------------------------------------------

Host:	51.214086 W from 
	package 	core		dram		uncore
Socket0	47.797287 W |	42.861744 W	4.887067 W	0 W	

Top 5 consumers:
Power		PID	Exe
1.2645452 W	2159342	"/home/boggy/ref_rapl/energy_exp_server/NPB3.4.3/NPB3.4-MPI/bin/mg.C.x"
0.948409 W	2159340	"/home/boggy/ref_rapl/energy_exp_server/NPB3.4.3/NPB3.4-MPI/bin/mg.C.x"
0.948409 W	2159343	"/home/boggy/ref_rapl/energy_exp_server/NPB3.4.3/NPB3.4-MPI/bin/mg.C.x"
0.948409 W	2159341	"/home/boggy/ref_rapl/energy_exp_server/NPB3.4.3/NPB3.4-MPI/bin/mg.C.x"
0.6322726 W	2159320	"/home/boggy/ref_rapl/scaphandre/target/release/scaphandre"
------------------------------------------------------------

Host:	56.96225 W from 
	package 	core		dram		uncore
Socket0	48.530045 W |	44.151016 W	4.543996 W	0 W	

Top 5 consumers:
Power		PID	Exe
0.97094744 W	2159340	"/home/boggy/ref_rapl/energy_exp_server/NPB3.4.3/NPB3.4-MPI/bin/mg.C.x"
0.97094744 W	2159343	"/home/boggy/ref_rapl/energy_exp_server/NPB3.4.3/NPB3.4-MPI/bin/mg.C.x"
0.97094744 W	2159341	"/home/boggy/ref_rapl/energy_exp_server/NPB3.4.3/NPB3.4-MPI/bin/mg.C.x"
0.64729834 W	2159342	"/home/boggy/ref_rapl/energy_exp_server/NPB3.4.3/NPB3.4-MPI/bin/mg.C.x"
0.64729834 W	2159320	"/home/boggy/ref_rapl/scaphandre/target/release/scaphandre"
------------------------------------------------------------

Host:	56.153267 W from 
	package 	core		dram		uncore
Socket0	51.980026 W |	46.110886 W	4.547194 W	0 W	

Top 5 consumers:
Power		PID	Exe
1.2762107 W	2159342	"/home/boggy/ref_rapl/energy_exp_server/NPB3.4.3/NPB3.4-MPI/bin/mg.C.x"
0.957158 W	2159320	"/home/boggy/ref_rapl/scaphandre/target/release/scaphandre"
0.957158 W	2159340	"/home/boggy/ref_rapl/energy_exp_server/NPB3.4.3/NPB3.4-MPI/bin/mg.C.x"
0.957158 W	2159343	"/home/boggy/ref_rapl/energy_exp_server/NPB3.4.3/NPB3.4-MPI/bin/mg.C.x"
0.957158 W	2159341	"/home/boggy/ref_rapl/energy_exp_server/NPB3.4.3/NPB3.4-MPI/bin/mg.C.x"
------------------------------------------------------------

Host:	55.57048 W from 
	package 	core		dram		uncore
Socket0	51.755978 W |	46.19019 W	4.665251 W	0 W	

Top 5 consumers:
Power		PID	Exe
0.94722414 W	2159342	"/home/boggy/ref_rapl/energy_exp_server/NPB3.4.3/NPB3.4-MPI/bin/mg.C.x"
0.94722414 W	2159340	"/home/boggy/ref_rapl/energy_exp_server/NPB3.4.3/NPB3.4-MPI/bin/mg.C.x"
0.94722414 W	2159343	"/home/boggy/ref_rapl/energy_exp_server/NPB3.4.3/NPB3.4-MPI/bin/mg.C.x"
0.94722414 W	2159341	"/home/boggy/ref_rapl/energy_exp_server/NPB3.4.3/NPB3.4-MPI/bin/mg.C.x"
0.6314827 W	2159320	"/home/boggy/ref_rapl/scaphandre/target/release/scaphandre"
------------------------------------------------------------

Host:	55.527956 W from 
	package 	core		dram		uncore
Socket0	50.597607 W |	46.186127 W	4.704873 W	0 W	

Top 5 consumers:
Power		PID	Exe
0.9464992 W	2159342	"/home/boggy/ref_rapl/energy_exp_server/NPB3.4.3/NPB3.4-MPI/bin/mg.C.x"
0.9464992 W	2159340	"/home/boggy/ref_rapl/energy_exp_server/NPB3.4.3/NPB3.4-MPI/bin/mg.C.x"
0.9464992 W	2159343	"/home/boggy/ref_rapl/energy_exp_server/NPB3.4.3/NPB3.4-MPI/bin/mg.C.x"
0.9464992 W	2159341	"/home/boggy/ref_rapl/energy_exp_server/NPB3.4.3/NPB3.4-MPI/bin/mg.C.x"
0.6309995 W	2159320	"/home/boggy/ref_rapl/scaphandre/target/release/scaphandre"
------------------------------------------------------------

Host:	55.327839 W from 
	package 	core		dram		uncore
Socket0	51.15679 W |	46.10552 W	4.604279 W	0 W	

Top 5 consumers:
Power		PID	Exe
0.9430882 W	2159342	"/home/boggy/ref_rapl/energy_exp_server/NPB3.4.3/NPB3.4-MPI/bin/mg.C.x"
0.9430882 W	2159320	"/home/boggy/ref_rapl/scaphandre/target/release/scaphandre"
0.9430882 W	2159340	"/home/boggy/ref_rapl/energy_exp_server/NPB3.4.3/NPB3.4-MPI/bin/mg.C.x"
0.9430882 W	2159343	"/home/boggy/ref_rapl/energy_exp_server/NPB3.4.3/NPB3.4-MPI/bin/mg.C.x"
0.9430882 W	2159341	"/home/boggy/ref_rapl/energy_exp_server/NPB3.4.3/NPB3.4-MPI/bin/mg.C.x"
------------------------------------------------------------

Host:	54.618061 W from 
	package 	core		dram		uncore
Socket0	52.60255 W |	46.170692 W	4.579697 W	0 W	

Top 5 consumers:
Power		PID	Exe
1.2413195 W	2159340	"/home/boggy/ref_rapl/energy_exp_server/NPB3.4.3/NPB3.4-MPI/bin/mg.C.x"
0.9309897 W	2159342	"/home/boggy/ref_rapl/energy_exp_server/NPB3.4.3/NPB3.4-MPI/bin/mg.C.x"
0.9309897 W	2159343	"/home/boggy/ref_rapl/energy_exp_server/NPB3.4.3/NPB3.4-MPI/bin/mg.C.x"
0.9309897 W	2159341	"/home/boggy/ref_rapl/energy_exp_server/NPB3.4.3/NPB3.4-MPI/bin/mg.C.x"
0.62065977 W	2159320	"/home/boggy/ref_rapl/scaphandre/target/release/scaphandre"
------------------------------------------------------------

Host:	52.18378 W from 
	package 	core		dram		uncore
Socket0	47.07426 W |	43.26407 W	4.285802 W	0 W	

Top 5 consumers:
Power		PID	Exe
0.88949627 W	2159342	"/home/boggy/ref_rapl/energy_exp_server/NPB3.4.3/NPB3.4-MPI/bin/mg.C.x"
0.88949627 W	2159343	"/home/boggy/ref_rapl/energy_exp_server/NPB3.4.3/NPB3.4-MPI/bin/mg.C.x"
0.88949627 W	2159341	"/home/boggy/ref_rapl/energy_exp_server/NPB3.4.3/NPB3.4-MPI/bin/mg.C.x"
0.5929975 W	2159320	"/home/boggy/ref_rapl/scaphandre/target/release/scaphandre"
0.5929975 W	2159340	"/home/boggy/ref_rapl/energy_exp_server/NPB3.4.3/NPB3.4-MPI/bin/mg.C.x"
------------------------------------------------------------

Host:	54.349435 W from 
	package 	core		dram		uncore
Socket0	50.303703 W |	44.688828 W	3.883792 W	0 W	

Top 5 consumers:
Power		PID	Exe
1.2713319 W	2159340	"/home/boggy/ref_rapl/energy_exp_server/NPB3.4.3/NPB3.4-MPI/bin/mg.C.x"
1.2713319 W	2159343	"/home/boggy/ref_rapl/energy_exp_server/NPB3.4.3/NPB3.4-MPI/bin/mg.C.x"
1.2713319 W	2159341	"/home/boggy/ref_rapl/energy_exp_server/NPB3.4.3/NPB3.4-MPI/bin/mg.C.x"
0.9534989 W	2159342	"/home/boggy/ref_rapl/energy_exp_server/NPB3.4.3/NPB3.4-MPI/bin/mg.C.x"
0.9534989 W	2159320	"/home/boggy/ref_rapl/scaphandre/target/release/scaphandre"
------------------------------------------------------------

Host:	53.847053 W from 
	package 	core		dram		uncore
Socket0	48.346104 W |	43.66331 W	4.722612 W	0 W	

Top 5 consumers:
Power		PID	Exe
0.9446851 W	2159342	"/home/boggy/ref_rapl/energy_exp_server/NPB3.4.3/NPB3.4-MPI/bin/mg.C.x"
0.9446851 W	2159340	"/home/boggy/ref_rapl/energy_exp_server/NPB3.4.3/NPB3.4-MPI/bin/mg.C.x"
0.9446851 W	2159343	"/home/boggy/ref_rapl/energy_exp_server/NPB3.4.3/NPB3.4-MPI/bin/mg.C.x"
0.9446851 W	2159341	"/home/boggy/ref_rapl/energy_exp_server/NPB3.4.3/NPB3.4-MPI/bin/mg.C.x"
0.6297901 W	2159320	"/home/boggy/ref_rapl/scaphandre/target/release/scaphandre"
------------------------------------------------------------

Host:	52.436439 W from 
	package 	core		dram		uncore
Socket0	49.11188 W |	43.648712 W	4.813658 W	0 W	

Top 5 consumers:
Power		PID	Exe
0.9199375 W	2159342	"/home/boggy/ref_rapl/energy_exp_server/NPB3.4.3/NPB3.4-MPI/bin/mg.C.x"
0.9199375 W	2159320	"/home/boggy/ref_rapl/scaphandre/target/release/scaphandre"
0.9199375 W	2159340	"/home/boggy/ref_rapl/energy_exp_server/NPB3.4.3/NPB3.4-MPI/bin/mg.C.x"
0.9199375 W	2159343	"/home/boggy/ref_rapl/energy_exp_server/NPB3.4.3/NPB3.4-MPI/bin/mg.C.x"
0.9199375 W	2159341	"/home/boggy/ref_rapl/energy_exp_server/NPB3.4.3/NPB3.4-MPI/bin/mg.C.x"
------------------------------------------------------------

Host:	55.001574 W from 
	package 	core		dram		uncore
Socket0	49.11656 W |	43.747105 W	4.797189 W	0 W	

Top 5 consumers:
Power		PID	Exe
0.9649399 W	2159342	"/home/boggy/ref_rapl/energy_exp_server/NPB3.4.3/NPB3.4-MPI/bin/mg.C.x"
0.9649399 W	2159340	"/home/boggy/ref_rapl/energy_exp_server/NPB3.4.3/NPB3.4-MPI/bin/mg.C.x"
0.9649399 W	2159343	"/home/boggy/ref_rapl/energy_exp_server/NPB3.4.3/NPB3.4-MPI/bin/mg.C.x"
0.9649399 W	2159341	"/home/boggy/ref_rapl/energy_exp_server/NPB3.4.3/NPB3.4-MPI/bin/mg.C.x"
0.6432933 W	2159320	"/home/boggy/ref_rapl/scaphandre/target/release/scaphandre"
------------------------------------------------------------

Host:	53.086071 W from 
	package 	core		dram		uncore
Socket0	48.63758 W |	43.728703 W	4.750642 W	0 W	

Top 5 consumers:
Power		PID	Exe
1.2417794 W	2159342	"/home/boggy/ref_rapl/energy_exp_server/NPB3.4.3/NPB3.4-MPI/bin/mg.C.x"
1.2417794 W	2159343	"/home/boggy/ref_rapl/energy_exp_server/NPB3.4.3/NPB3.4-MPI/bin/mg.C.x"
0.93133456 W	2159320	"/home/boggy/ref_rapl/scaphandre/target/release/scaphandre"
0.93133456 W	2159340	"/home/boggy/ref_rapl/energy_exp_server/NPB3.4.3/NPB3.4-MPI/bin/mg.C.x"
0.93133456 W	2159341	"/home/boggy/ref_rapl/energy_exp_server/NPB3.4.3/NPB3.4-MPI/bin/mg.C.x"
------------------------------------------------------------

Host:	53.249246 W from 
	package 	core		dram		uncore
Socket0	48.473614 W |	43.86391 W	4.849486 W	0 W	

Top 5 consumers:
Power		PID	Exe
1.2455965 W	2159340	"/home/boggy/ref_rapl/energy_exp_server/NPB3.4.3/NPB3.4-MPI/bin/mg.C.x"
1.2455965 W	2159341	"/home/boggy/ref_rapl/energy_exp_server/NPB3.4.3/NPB3.4-MPI/bin/mg.C.x"
0.9341973 W	2159342	"/home/boggy/ref_rapl/energy_exp_server/NPB3.4.3/NPB3.4-MPI/bin/mg.C.x"
0.9341973 W	2159320	"/home/boggy/ref_rapl/scaphandre/target/release/scaphandre"
0.9341973 W	2159343	"/home/boggy/ref_rapl/energy_exp_server/NPB3.4.3/NPB3.4-MPI/bin/mg.C.x"
------------------------------------------------------------

Host:	51.314072 W from 
	package 	core		dram		uncore
Socket0	49.771557 W |	43.599094 W	4.743168 W	0 W	

Top 5 consumers:
Power		PID	Exe
0.90024686 W	2159342	"/home/boggy/ref_rapl/energy_exp_server/NPB3.4.3/NPB3.4-MPI/bin/mg.C.x"
0.90024686 W	2159320	"/home/boggy/ref_rapl/scaphandre/target/release/scaphandre"
0.90024686 W	2159340	"/home/boggy/ref_rapl/energy_exp_server/NPB3.4.3/NPB3.4-MPI/bin/mg.C.x"
0.90024686 W	2159343	"/home/boggy/ref_rapl/energy_exp_server/NPB3.4.3/NPB3.4-MPI/bin/mg.C.x"
0.90024686 W	2159341	"/home/boggy/ref_rapl/energy_exp_server/NPB3.4.3/NPB3.4-MPI/bin/mg.C.x"
------------------------------------------------------------

Host:	52.529352 W from 
	package 	core		dram		uncore
Socket0	47.03752 W |	42.69927 W	3.64511 W	0 W	

Top 5 consumers:
Power		PID	Exe
0.88532615 W	2159342	"/home/boggy/ref_rapl/energy_exp_server/NPB3.4.3/NPB3.4-MPI/bin/mg.C.x"
0.88532615 W	2159340	"/home/boggy/ref_rapl/energy_exp_server/NPB3.4.3/NPB3.4-MPI/bin/mg.C.x"
0.88532615 W	2159343	"/home/boggy/ref_rapl/energy_exp_server/NPB3.4.3/NPB3.4-MPI/bin/mg.C.x"
0.88532615 W	2159341	"/home/boggy/ref_rapl/energy_exp_server/NPB3.4.3/NPB3.4-MPI/bin/mg.C.x"
0.5902174 W	2159320	"/home/boggy/ref_rapl/scaphandre/target/release/scaphandre"
------------------------------------------------------------

Host:	52.473465 W from 
	package 	core		dram		uncore
Socket0	47.849327 W |	42.74679 W	4.575848 W	0 W	

Top 5 consumers:
Power		PID	Exe
0.8843842 W	2159342	"/home/boggy/ref_rapl/energy_exp_server/NPB3.4.3/NPB3.4-MPI/bin/mg.C.x"
0.8843842 W	2159340	"/home/boggy/ref_rapl/energy_exp_server/NPB3.4.3/NPB3.4-MPI/bin/mg.C.x"
0.8843842 W	2159343	"/home/boggy/ref_rapl/energy_exp_server/NPB3.4.3/NPB3.4-MPI/bin/mg.C.x"
0.8843842 W	2159341	"/home/boggy/ref_rapl/energy_exp_server/NPB3.4.3/NPB3.4-MPI/bin/mg.C.x"
0.5895895 W	2159320	"/home/boggy/ref_rapl/scaphandre/target/release/scaphandre"
------------------------------------------------------------

Host:	51.325161 W from 
	package 	core		dram		uncore
Socket0	47.349968 W |	42.190655 W	4.670555 W	0 W	

Top 5 consumers:
Power		PID	Exe
0.86503077 W	2159342	"/home/boggy/ref_rapl/energy_exp_server/NPB3.4.3/NPB3.4-MPI/bin/mg.C.x"
0.86503077 W	2159340	"/home/boggy/ref_rapl/energy_exp_server/NPB3.4.3/NPB3.4-MPI/bin/mg.C.x"
0.86503077 W	2159343	"/home/boggy/ref_rapl/energy_exp_server/NPB3.4.3/NPB3.4-MPI/bin/mg.C.x"
0.86503077 W	2159341	"/home/boggy/ref_rapl/energy_exp_server/NPB3.4.3/NPB3.4-MPI/bin/mg.C.x"
0.5766872 W	2159320	"/home/boggy/ref_rapl/scaphandre/target/release/scaphandre"
------------------------------------------------------------

Host:	47.161823 W from 
	package 	core		dram		uncore
Socket0	45.36437 W |	41.00418 W	4.338046 W	0 W	

Top 5 consumers:
Power		PID	Exe
1.0598162 W	2159342	"/home/boggy/ref_rapl/energy_exp_server/NPB3.4.3/NPB3.4-MPI/bin/mg.C.x"
1.0598162 W	2159320	"/home/boggy/ref_rapl/scaphandre/target/release/scaphandre"
1.0598162 W	2159340	"/home/boggy/ref_rapl/energy_exp_server/NPB3.4.3/NPB3.4-MPI/bin/mg.C.x"
1.0598162 W	2159343	"/home/boggy/ref_rapl/energy_exp_server/NPB3.4.3/NPB3.4-MPI/bin/mg.C.x"
0.7948622 W	2159341	"/home/boggy/ref_rapl/energy_exp_server/NPB3.4.3/NPB3.4-MPI/bin/mg.C.x"
------------------------------------------------------------

Host:	46.631242 W from 
	package 	core		dram		uncore
Socket0	41.76357 W |	36.66257 W	4.518414 W	0 W	

Top 5 consumers:
Power		PID	Exe
1.5718396 W	2159342	"/home/boggy/ref_rapl/energy_exp_server/NPB3.4.3/NPB3.4-MPI/bin/mg.C.x"
1.5718396 W	2159341	"/home/boggy/ref_rapl/energy_exp_server/NPB3.4.3/NPB3.4-MPI/bin/mg.C.x"
1.3098664 W	2159320	"/home/boggy/ref_rapl/scaphandre/target/release/scaphandre"
1.3098664 W	2159340	"/home/boggy/ref_rapl/energy_exp_server/NPB3.4.3/NPB3.4-MPI/bin/mg.C.x"
1.3098664 W	2159343	"/home/boggy/ref_rapl/energy_exp_server/NPB3.4.3/NPB3.4-MPI/bin/mg.C.x"
------------------------------------------------------------

Host:	47.366258 W from 
	package 	core		dram		uncore
Socket0	41.837566 W |	36.741295 W	4.610576 W	0 W	

Top 5 consumers:
Power		PID	Exe
1.7435433 W	2159343	"/home/boggy/ref_rapl/energy_exp_server/NPB3.4.3/NPB3.4-MPI/bin/mg.C.x"
1.4529526 W	2159342	"/home/boggy/ref_rapl/energy_exp_server/NPB3.4.3/NPB3.4-MPI/bin/mg.C.x"
1.4529526 W	2159320	"/home/boggy/ref_rapl/scaphandre/target/release/scaphandre"
1.4529526 W	2159340	"/home/boggy/ref_rapl/energy_exp_server/NPB3.4.3/NPB3.4-MPI/bin/mg.C.x"
1.4529526 W	2159341	"/home/boggy/ref_rapl/energy_exp_server/NPB3.4.3/NPB3.4-MPI/bin/mg.C.x"
------------------------------------------------------------

Host:	54.974173 W from 
	package 	core		dram		uncore
Socket0	45.3234 W |	39.618187 W	4.495634 W	0 W	

Top 5 consumers:
Power		PID	Exe
1.3490593 W	2159320	"/home/boggy/ref_rapl/scaphandre/target/release/scaphandre"
1.3490593 W	2159340	"/home/boggy/ref_rapl/energy_exp_server/NPB3.4.3/NPB3.4-MPI/bin/mg.C.x"
1.3490593 W	2159341	"/home/boggy/ref_rapl/energy_exp_server/NPB3.4.3/NPB3.4-MPI/bin/mg.C.x"
1.0117946 W	2159342	"/home/boggy/ref_rapl/energy_exp_server/NPB3.4.3/NPB3.4-MPI/bin/mg.C.x"
1.0117946 W	2159343	"/home/boggy/ref_rapl/energy_exp_server/NPB3.4.3/NPB3.4-MPI/bin/mg.C.x"
------------------------------------------------------------

Host:	55.805938 W from 
	package 	core		dram		uncore
Socket0	52.249 W |	47.729 W	4.434021 W	0 W	

Top 5 consumers:
Power		PID	Exe
1.0271032 W	2159342	"/home/boggy/ref_rapl/energy_exp_server/NPB3.4.3/NPB3.4-MPI/bin/mg.C.x"
1.0271032 W	2159340	"/home/boggy/ref_rapl/energy_exp_server/NPB3.4.3/NPB3.4-MPI/bin/mg.C.x"
1.0271032 W	2159343	"/home/boggy/ref_rapl/energy_exp_server/NPB3.4.3/NPB3.4-MPI/bin/mg.C.x"
1.0271032 W	2159341	"/home/boggy/ref_rapl/energy_exp_server/NPB3.4.3/NPB3.4-MPI/bin/mg.C.x"
0.68473536 W	2159320	"/home/boggy/ref_rapl/scaphandre/target/release/scaphandre"
------------------------------------------------------------

Host:	50.925718 W from 
	package 	core		dram		uncore
Socket0	48.08743 W |	42.960392 W	4.545164 W	0 W	

Top 5 consumers:
Power		PID	Exe
0.93728316 W	2159342	"/home/boggy/ref_rapl/energy_exp_server/NPB3.4.3/NPB3.4-MPI/bin/mg.C.x"
0.93728316 W	2159320	"/home/boggy/ref_rapl/scaphandre/target/release/scaphandre"
0.93728316 W	2159340	"/home/boggy/ref_rapl/energy_exp_server/NPB3.4.3/NPB3.4-MPI/bin/mg.C.x"
0.93728316 W	2159343	"/home/boggy/ref_rapl/energy_exp_server/NPB3.4.3/NPB3.4-MPI/bin/mg.C.x"
0.93728316 W	2159341	"/home/boggy/ref_rapl/energy_exp_server/NPB3.4.3/NPB3.4-MPI/bin/mg.C.x"
------------------------------------------------------------

Host:	52.301572 W from 
	package 	core		dram		uncore
Socket0	47.83229 W |	41.51337 W	4.55103 W	0 W	

Top 5 consumers:
Power		PID	Exe
0.9626056 W	2159342	"/home/boggy/ref_rapl/energy_exp_server/NPB3.4.3/NPB3.4-MPI/bin/mg.C.x"
0.9626056 W	2159340	"/home/boggy/ref_rapl/energy_exp_server/NPB3.4.3/NPB3.4-MPI/bin/mg.C.x"
0.9626056 W	2159343	"/home/boggy/ref_rapl/energy_exp_server/NPB3.4.3/NPB3.4-MPI/bin/mg.C.x"
0.9626056 W	2159341	"/home/boggy/ref_rapl/energy_exp_server/NPB3.4.3/NPB3.4-MPI/bin/mg.C.x"
0.64173704 W	2159320	"/home/boggy/ref_rapl/scaphandre/target/release/scaphandre"
------------------------------------------------------------

Host:	51.838238 W from 
	package 	core		dram		uncore
Socket0	46.33447 W |	41.550785 W	4.665078 W	0 W	

Top 5 consumers:
Power		PID	Exe
0.954078 W	2159342	"/home/boggy/ref_rapl/energy_exp_server/NPB3.4.3/NPB3.4-MPI/bin/mg.C.x"
0.954078 W	2159340	"/home/boggy/ref_rapl/energy_exp_server/NPB3.4.3/NPB3.4-MPI/bin/mg.C.x"
0.954078 W	2159343	"/home/boggy/ref_rapl/energy_exp_server/NPB3.4.3/NPB3.4-MPI/bin/mg.C.x"
0.954078 W	2159341	"/home/boggy/ref_rapl/energy_exp_server/NPB3.4.3/NPB3.4-MPI/bin/mg.C.x"
0.63605195 W	2159320	"/home/boggy/ref_rapl/scaphandre/target/release/scaphandre"
------------------------------------------------------------

Host:	53.164756 W from 
	package 	core		dram		uncore
Socket0	48.250885 W |	43.39588 W	4.741693 W	0 W	

Top 5 consumers:
Power		PID	Exe
1.3291188 W	2159342	"/home/boggy/ref_rapl/energy_exp_server/NPB3.4.3/NPB3.4-MPI/bin/mg.C.x"
1.3291188 W	2159343	"/home/boggy/ref_rapl/energy_exp_server/NPB3.4.3/NPB3.4-MPI/bin/mg.C.x"
0.9968392 W	2159320	"/home/boggy/ref_rapl/scaphandre/target/release/scaphandre"
0.9968392 W	2159340	"/home/boggy/ref_rapl/energy_exp_server/NPB3.4.3/NPB3.4-MPI/bin/mg.C.x"
0.9968392 W	2159341	"/home/boggy/ref_rapl/energy_exp_server/NPB3.4.3/NPB3.4-MPI/bin/mg.C.x"
------------------------------------------------------------

Host:	53.450066 W from 
	package 	core		dram		uncore
Socket0	50.130608 W |	43.771797 W	4.769222 W	0 W	

Top 5 consumers:
Power		PID	Exe
1.3362516 W	2159340	"/home/boggy/ref_rapl/energy_exp_server/NPB3.4.3/NPB3.4-MPI/bin/mg.C.x"
1.3362516 W	2159341	"/home/boggy/ref_rapl/energy_exp_server/NPB3.4.3/NPB3.4-MPI/bin/mg.C.x"
1.0021888 W	2159342	"/home/boggy/ref_rapl/energy_exp_server/NPB3.4.3/NPB3.4-MPI/bin/mg.C.x"
1.0021888 W	2159320	"/home/boggy/ref_rapl/scaphandre/target/release/scaphandre"
1.0021888 W	2159343	"/home/boggy/ref_rapl/energy_exp_server/NPB3.4.3/NPB3.4-MPI/bin/mg.C.x"
------------------------------------------------------------

Host:	53.498566 W from 
	package 	core		dram		uncore
Socket0	48.348404 W |	43.521057 W	4.739939 W	0 W	

Top 5 consumers:
Power		PID	Exe
1.0030981 W	2159342	"/home/boggy/ref_rapl/energy_exp_server/NPB3.4.3/NPB3.4-MPI/bin/mg.C.x"
1.0030981 W	2159340	"/home/boggy/ref_rapl/energy_exp_server/NPB3.4.3/NPB3.4-MPI/bin/mg.C.x"
1.0030981 W	2159343	"/home/boggy/ref_rapl/energy_exp_server/NPB3.4.3/NPB3.4-MPI/bin/mg.C.x"
1.0030981 W	2159341	"/home/boggy/ref_rapl/energy_exp_server/NPB3.4.3/NPB3.4-MPI/bin/mg.C.x"
0.66873205 W	2159320	"/home/boggy/ref_rapl/scaphandre/target/release/scaphandre"
------------------------------------------------------------

Host:	54.059564 W from 
	package 	core		dram		uncore
Socket0	47.56565 W |	43.548756 W	4.820319 W	0 W	

Top 5 consumers:
Power		PID	Exe
1.0136169 W	2159342	"/home/boggy/ref_rapl/energy_exp_server/NPB3.4.3/NPB3.4-MPI/bin/mg.C.x"
1.0136169 W	2159320	"/home/boggy/ref_rapl/scaphandre/target/release/scaphandre"
1.0136169 W	2159340	"/home/boggy/ref_rapl/energy_exp_server/NPB3.4.3/NPB3.4-MPI/bin/mg.C.x"
1.0136169 W	2159343	"/home/boggy/ref_rapl/energy_exp_server/NPB3.4.3/NPB3.4-MPI/bin/mg.C.x"
1.0136169 W	2159341	"/home/boggy/ref_rapl/energy_exp_server/NPB3.4.3/NPB3.4-MPI/bin/mg.C.x"
------------------------------------------------------------

Host:	53.346653 W from 
	package 	core		dram		uncore
Socket0	49.155205 W |	43.68832 W	4.808236 W	0 W	

Top 5 consumers:
Power		PID	Exe
1.3336663 W	2159342	"/home/boggy/ref_rapl/energy_exp_server/NPB3.4.3/NPB3.4-MPI/bin/mg.C.x"
1.0002499 W	2159320	"/home/boggy/ref_rapl/scaphandre/target/release/scaphandre"
1.0002499 W	2159340	"/home/boggy/ref_rapl/energy_exp_server/NPB3.4.3/NPB3.4-MPI/bin/mg.C.x"
1.0002499 W	2159343	"/home/boggy/ref_rapl/energy_exp_server/NPB3.4.3/NPB3.4-MPI/bin/mg.C.x"
1.0002499 W	2159341	"/home/boggy/ref_rapl/energy_exp_server/NPB3.4.3/NPB3.4-MPI/bin/mg.C.x"
------------------------------------------------------------

Host:	53.47404 W from 
	package 	core		dram		uncore
Socket0	48.705406 W |	43.876965 W	4.737936 W	0 W	

Top 5 consumers:
Power		PID	Exe
1.336851 W	2159343	"/home/boggy/ref_rapl/energy_exp_server/NPB3.4.3/NPB3.4-MPI/bin/mg.C.x"
1.0026383 W	2159342	"/home/boggy/ref_rapl/energy_exp_server/NPB3.4.3/NPB3.4-MPI/bin/mg.C.x"
1.0026383 W	2159340	"/home/boggy/ref_rapl/energy_exp_server/NPB3.4.3/NPB3.4-MPI/bin/mg.C.x"
1.0026383 W	2159341	"/home/boggy/ref_rapl/energy_exp_server/NPB3.4.3/NPB3.4-MPI/bin/mg.C.x"
0.6684255 W	2159320	"/home/boggy/ref_rapl/scaphandre/target/release/scaphandre"
------------------------------------------------------------

Host:	52.945436 W from 
	package 	core		dram		uncore
Socket0	48.322285 W |	42.36981 W	4.699259 W	0 W	

Top 5 consumers:
Power		PID	Exe
1.3236358 W	2159340	"/home/boggy/ref_rapl/energy_exp_server/NPB3.4.3/NPB3.4-MPI/bin/mg.C.x"
1.3236358 W	2159341	"/home/boggy/ref_rapl/energy_exp_server/NPB3.4.3/NPB3.4-MPI/bin/mg.C.x"
0.992727 W	2159342	"/home/boggy/ref_rapl/energy_exp_server/NPB3.4.3/NPB3.4-MPI/bin/mg.C.x"
0.992727 W	2159320	"/home/boggy/ref_rapl/scaphandre/target/release/scaphandre"
0.992727 W	2159343	"/home/boggy/ref_rapl/energy_exp_server/NPB3.4.3/NPB3.4-MPI/bin/mg.C.x"
------------------------------------------------------------

Host:	55.353991 W from 
	package 	core		dram		uncore
Socket0	49.454502 W |	44.985497 W	4.289882 W	0 W	

Top 5 consumers:
Power		PID	Exe
0.9382033 W	2159342	"/home/boggy/ref_rapl/energy_exp_server/NPB3.4.3/NPB3.4-MPI/bin/mg.C.x"
0.9382033 W	2159340	"/home/boggy/ref_rapl/energy_exp_server/NPB3.4.3/NPB3.4-MPI/bin/mg.C.x"
0.9382033 W	2159343	"/home/boggy/ref_rapl/energy_exp_server/NPB3.4.3/NPB3.4-MPI/bin/mg.C.x"
0.9382033 W	2159341	"/home/boggy/ref_rapl/energy_exp_server/NPB3.4.3/NPB3.4-MPI/bin/mg.C.x"
0.6254688 W	2159320	"/home/boggy/ref_rapl/scaphandre/target/release/scaphandre"
------------------------------------------------------------

Host:	55.703395 W from 
	package 	core		dram		uncore
Socket0	51.049847 W |	46.25197 W	4.600207 W	0 W	

Top 5 consumers:
Power		PID	Exe
0.94412535 W	2159342	"/home/boggy/ref_rapl/energy_exp_server/NPB3.4.3/NPB3.4-MPI/bin/mg.C.x"
0.94412535 W	2159340	"/home/boggy/ref_rapl/energy_exp_server/NPB3.4.3/NPB3.4-MPI/bin/mg.C.x"
0.94412535 W	2159343	"/home/boggy/ref_rapl/energy_exp_server/NPB3.4.3/NPB3.4-MPI/bin/mg.C.x"
0.94412535 W	2159341	"/home/boggy/ref_rapl/energy_exp_server/NPB3.4.3/NPB3.4-MPI/bin/mg.C.x"
0.6294169 W	2159320	"/home/boggy/ref_rapl/scaphandre/target/release/scaphandre"
------------------------------------------------------------

Host:	57.165027 W from 
	package 	core		dram		uncore
Socket0	52.53542 W |	46.21506 W	4.57838 W	0 W	

Top 5 consumers:
Power		PID	Exe
0.96889883 W	2159342	"/home/boggy/ref_rapl/energy_exp_server/NPB3.4.3/NPB3.4-MPI/bin/mg.C.x"
0.96889883 W	2159320	"/home/boggy/ref_rapl/scaphandre/target/release/scaphandre"
0.96889883 W	2159340	"/home/boggy/ref_rapl/energy_exp_server/NPB3.4.3/NPB3.4-MPI/bin/mg.C.x"
0.96889883 W	2159343	"/home/boggy/ref_rapl/energy_exp_server/NPB3.4.3/NPB3.4-MPI/bin/mg.C.x"
0.96889883 W	2159341	"/home/boggy/ref_rapl/energy_exp_server/NPB3.4.3/NPB3.4-MPI/bin/mg.C.x"
------------------------------------------------------------

Host:	55.646133 W from 
	package 	core		dram		uncore
Socket0	50.879826 W |	46.089336 W	4.585712 W	0 W	

Top 5 consumers:
Power		PID	Exe
0.9431548 W	2159342	"/home/boggy/ref_rapl/energy_exp_server/NPB3.4.3/NPB3.4-MPI/bin/mg.C.x"
0.9431548 W	2159340	"/home/boggy/ref_rapl/energy_exp_server/NPB3.4.3/NPB3.4-MPI/bin/mg.C.x"
0.9431548 W	2159343	"/home/boggy/ref_rapl/energy_exp_server/NPB3.4.3/NPB3.4-MPI/bin/mg.C.x"
0.9431548 W	2159341	"/home/boggy/ref_rapl/energy_exp_server/NPB3.4.3/NPB3.4-MPI/bin/mg.C.x"
0.6287699 W	2159320	"/home/boggy/ref_rapl/scaphandre/target/release/scaphandre"
------------------------------------------------------------

Host:	55.12247 W from 
	package 	core		dram		uncore
Socket0	50.936028 W |	46.017643 W	4.593444 W	0 W	

Top 5 consumers:
Power		PID	Exe
0.9342792 W	2159342	"/home/boggy/ref_rapl/energy_exp_server/NPB3.4.3/NPB3.4-MPI/bin/mg.C.x"
0.9342792 W	2159340	"/home/boggy/ref_rapl/energy_exp_server/NPB3.4.3/NPB3.4-MPI/bin/mg.C.x"
0.9342792 W	2159343	"/home/boggy/ref_rapl/energy_exp_server/NPB3.4.3/NPB3.4-MPI/bin/mg.C.x"
0.9342792 W	2159341	"/home/boggy/ref_rapl/energy_exp_server/NPB3.4.3/NPB3.4-MPI/bin/mg.C.x"
0.62285274 W	2159320	"/home/boggy/ref_rapl/scaphandre/target/release/scaphandre"
------------------------------------------------------------

Host:	55.259004 W from 
	package 	core		dram		uncore
Socket0	50.830486 W |	46.329235 W	4.717824 W	0 W	

Top 5 consumers:
Power		PID	Exe
0.9365933 W	2159342	"/home/boggy/ref_rapl/energy_exp_server/NPB3.4.3/NPB3.4-MPI/bin/mg.C.x"
0.9365933 W	2159340	"/home/boggy/ref_rapl/energy_exp_server/NPB3.4.3/NPB3.4-MPI/bin/mg.C.x"
0.9365933 W	2159343	"/home/boggy/ref_rapl/energy_exp_server/NPB3.4.3/NPB3.4-MPI/bin/mg.C.x"
0.9365933 W	2159341	"/home/boggy/ref_rapl/energy_exp_server/NPB3.4.3/NPB3.4-MPI/bin/mg.C.x"
0.6243955 W	2159320	"/home/boggy/ref_rapl/scaphandre/target/release/scaphandre"
------------------------------------------------------------

Host:	54.34616 W from 
	package 	core		dram		uncore
Socket0	51.234623 W |	44.874767 W	4.33937 W	0 W	

Top 5 consumers:
Power		PID	Exe
1.2281617 W	2159342	"/home/boggy/ref_rapl/energy_exp_server/NPB3.4.3/NPB3.4-MPI/bin/mg.C.x"
0.92112136 W	2159320	"/home/boggy/ref_rapl/scaphandre/target/release/scaphandre"
0.92112136 W	2159340	"/home/boggy/ref_rapl/energy_exp_server/NPB3.4.3/NPB3.4-MPI/bin/mg.C.x"
0.92112136 W	2159343	"/home/boggy/ref_rapl/energy_exp_server/NPB3.4.3/NPB3.4-MPI/bin/mg.C.x"
0.92112136 W	2159341	"/home/boggy/ref_rapl/energy_exp_server/NPB3.4.3/NPB3.4-MPI/bin/mg.C.x"
------------------------------------------------------------

Host:	54.073501 W from 
	package 	core		dram		uncore
Socket0	48.242455 W |	43.707718 W	4.625586 W	0 W	

Top 5 consumers:
Power		PID	Exe
0.9891494 W	2159342	"/home/boggy/ref_rapl/energy_exp_server/NPB3.4.3/NPB3.4-MPI/bin/mg.C.x"
0.6594329 W	2159320	"/home/boggy/ref_rapl/scaphandre/target/release/scaphandre"
0.6594329 W	2159340	"/home/boggy/ref_rapl/energy_exp_server/NPB3.4.3/NPB3.4-MPI/bin/mg.C.x"
0.6594329 W	2159343	"/home/boggy/ref_rapl/energy_exp_server/NPB3.4.3/NPB3.4-MPI/bin/mg.C.x"
0.6594329 W	2159341	"/home/boggy/ref_rapl/energy_exp_server/NPB3.4.3/NPB3.4-MPI/bin/mg.C.x"
------------------------------------------------------------

Host:	55.493913 W from 
	package 	core		dram		uncore
Socket0	51.40416 W |	45.147823 W	4.903969 W	0 W	

Top 5 consumers:
Power		PID	Exe
1.0151325 W	2159320	"/home/boggy/ref_rapl/scaphandre/target/release/scaphandre"
1.0151325 W	2159343	"/home/boggy/ref_rapl/energy_exp_server/NPB3.4.3/NPB3.4-MPI/bin/mg.C.x"
0.676755 W	2159342	"/home/boggy/ref_rapl/energy_exp_server/NPB3.4.3/NPB3.4-MPI/bin/mg.C.x"
0.676755 W	2159340	"/home/boggy/ref_rapl/energy_exp_server/NPB3.4.3/NPB3.4-MPI/bin/mg.C.x"
0.676755 W	2159341	"/home/boggy/ref_rapl/energy_exp_server/NPB3.4.3/NPB3.4-MPI/bin/mg.C.x"
------------------------------------------------------------

Host:	54.753224 W from 
	package 	core		dram		uncore
Socket0	49.055305 W |	44.992916 W	4.854971 W	0 W	

Top 5 consumers:
Power		PID	Exe
1.0015833 W	2159320	"/home/boggy/ref_rapl/scaphandre/target/release/scaphandre"
1.0015833 W	2159340	"/home/boggy/ref_rapl/energy_exp_server/NPB3.4.3/NPB3.4-MPI/bin/mg.C.x"
0.66772217 W	2159342	"/home/boggy/ref_rapl/energy_exp_server/NPB3.4.3/NPB3.4-MPI/bin/mg.C.x"
0.66772217 W	2159343	"/home/boggy/ref_rapl/energy_exp_server/NPB3.4.3/NPB3.4-MPI/bin/mg.C.x"
0.33386108 W	1335	""
------------------------------------------------------------

Host:	55.142765 W from 
	package 	core		dram		uncore
Socket0	50.668526 W |	45.17967 W	4.616321 W	0 W	

Top 5 consumers:
Power		PID	Exe
0.6724727 W	2159342	"/home/boggy/ref_rapl/energy_exp_server/NPB3.4.3/NPB3.4-MPI/bin/mg.C.x"
0.6724727 W	2159320	"/home/boggy/ref_rapl/scaphandre/target/release/scaphandre"
0.6724727 W	2159340	"/home/boggy/ref_rapl/energy_exp_server/NPB3.4.3/NPB3.4-MPI/bin/mg.C.x"
0.6724727 W	2159343	"/home/boggy/ref_rapl/energy_exp_server/NPB3.4.3/NPB3.4-MPI/bin/mg.C.x"
0.6724727 W	2159341	"/home/boggy/ref_rapl/energy_exp_server/NPB3.4.3/NPB3.4-MPI/bin/mg.C.x"
------------------------------------------------------------

Host:	54.148856 W from 
	package 	core		dram		uncore
Socket0	49.940987 W |	45.241936 W	4.732548 W	0 W	

Top 5 consumers:
Power		PID	Exe
1.3207037 W	2159342	"/home/boggy/ref_rapl/energy_exp_server/NPB3.4.3/NPB3.4-MPI/bin/mg.C.x"
0.9905278 W	2159340	"/home/boggy/ref_rapl/energy_exp_server/NPB3.4.3/NPB3.4-MPI/bin/mg.C.x"
0.9905278 W	2159343	"/home/boggy/ref_rapl/energy_exp_server/NPB3.4.3/NPB3.4-MPI/bin/mg.C.x"
0.9905278 W	2159341	"/home/boggy/ref_rapl/energy_exp_server/NPB3.4.3/NPB3.4-MPI/bin/mg.C.x"
0.6603519 W	2159320	"/home/boggy/ref_rapl/scaphandre/target/release/scaphandre"
------------------------------------------------------------

Host:	52.552161 W from 
	package 	core		dram		uncore
Socket0	49.418625 W |	43.71772 W	4.83404 W	0 W	

Top 5 consumers:
Power		PID	Exe
1.2817599 W	2159320	"/home/boggy/ref_rapl/scaphandre/target/release/scaphandre"
1.2817599 W	2159343	"/home/boggy/ref_rapl/energy_exp_server/NPB3.4.3/NPB3.4-MPI/bin/mg.C.x"
0.96132 W	2159342	"/home/boggy/ref_rapl/energy_exp_server/NPB3.4.3/NPB3.4-MPI/bin/mg.C.x"
0.96132 W	2159340	"/home/boggy/ref_rapl/energy_exp_server/NPB3.4.3/NPB3.4-MPI/bin/mg.C.x"
0.96132 W	2159341	"/home/boggy/ref_rapl/energy_exp_server/NPB3.4.3/NPB3.4-MPI/bin/mg.C.x"
------------------------------------------------------------

Host:	55.068081 W from 
	package 	core		dram		uncore
Socket0	48.643593 W |	43.66353 W	4.757397 W	0 W	

Top 5 consumers:
Power		PID	Exe
1.0073428 W	2159342	"/home/boggy/ref_rapl/energy_exp_server/NPB3.4.3/NPB3.4-MPI/bin/mg.C.x"
1.0073428 W	2159340	"/home/boggy/ref_rapl/energy_exp_server/NPB3.4.3/NPB3.4-MPI/bin/mg.C.x"
1.0073428 W	2159343	"/home/boggy/ref_rapl/energy_exp_server/NPB3.4.3/NPB3.4-MPI/bin/mg.C.x"
1.0073428 W	2159341	"/home/boggy/ref_rapl/energy_exp_server/NPB3.4.3/NPB3.4-MPI/bin/mg.C.x"
0.67156196 W	2159320	"/home/boggy/ref_rapl/scaphandre/target/release/scaphandre"
------------------------------------------------------------

Host:	50.428082 W from 
	package 	core		dram		uncore
Socket0	49.004646 W |	43.6454 W	4.793472 W	0 W	

Top 5 consumers:
Power		PID	Exe
1.2451377 W	2159340	"/home/boggy/ref_rapl/energy_exp_server/NPB3.4.3/NPB3.4-MPI/bin/mg.C.x"
1.2451377 W	2159341	"/home/boggy/ref_rapl/energy_exp_server/NPB3.4.3/NPB3.4-MPI/bin/mg.C.x"
0.9338534 W	2159342	"/home/boggy/ref_rapl/energy_exp_server/NPB3.4.3/NPB3.4-MPI/bin/mg.C.x"
0.9338534 W	2159343	"/home/boggy/ref_rapl/energy_exp_server/NPB3.4.3/NPB3.4-MPI/bin/mg.C.x"
0.62256885 W	2159320	"/home/boggy/ref_rapl/scaphandre/target/release/scaphandre"
------------------------------------------------------------

Host:	53.239499 W from 
	package 	core		dram		uncore
Socket0	46.41859 W |	41.919857 W	4.594919 W	0 W	

Top 5 consumers:
Power		PID	Exe
0.9859166 W	2159342	"/home/boggy/ref_rapl/energy_exp_server/NPB3.4.3/NPB3.4-MPI/bin/mg.C.x"
0.9859166 W	2159320	"/home/boggy/ref_rapl/scaphandre/target/release/scaphandre"
0.9859166 W	2159340	"/home/boggy/ref_rapl/energy_exp_server/NPB3.4.3/NPB3.4-MPI/bin/mg.C.x"
0.9859166 W	2159343	"/home/boggy/ref_rapl/energy_exp_server/NPB3.4.3/NPB3.4-MPI/bin/mg.C.x"
0.9859166 W	2159341	"/home/boggy/ref_rapl/energy_exp_server/NPB3.4.3/NPB3.4-MPI/bin/mg.C.x"
------------------------------------------------------------

Host:	52.267383 W from 
	package 	core		dram		uncore
Socket0	47.28939 W |	42.59065 W	4.628195 W	0 W	

Top 5 consumers:
Power		PID	Exe
1.2905526 W	2159342	"/home/boggy/ref_rapl/energy_exp_server/NPB3.4.3/NPB3.4-MPI/bin/mg.C.x"
0.9679145 W	2159320	"/home/boggy/ref_rapl/scaphandre/target/release/scaphandre"
0.9679145 W	2159340	"/home/boggy/ref_rapl/energy_exp_server/NPB3.4.3/NPB3.4-MPI/bin/mg.C.x"
0.9679145 W	2159343	"/home/boggy/ref_rapl/energy_exp_server/NPB3.4.3/NPB3.4-MPI/bin/mg.C.x"
0.9679145 W	2159341	"/home/boggy/ref_rapl/energy_exp_server/NPB3.4.3/NPB3.4-MPI/bin/mg.C.x"
------------------------------------------------------------

Host:	49.480469 W from 
	package 	core		dram		uncore
Socket0	47.545914 W |	41.498657 W	4.587696 W	0 W	

Top 5 consumers:
Power		PID	Exe
1.22174 W	2159343	"/home/boggy/ref_rapl/energy_exp_server/NPB3.4.3/NPB3.4-MPI/bin/mg.C.x"
0.91630495 W	2159342	"/home/boggy/ref_rapl/energy_exp_server/NPB3.4.3/NPB3.4-MPI/bin/mg.C.x"
0.91630495 W	2159340	"/home/boggy/ref_rapl/energy_exp_server/NPB3.4.3/NPB3.4-MPI/bin/mg.C.x"
0.91630495 W	2159341	"/home/boggy/ref_rapl/energy_exp_server/NPB3.4.3/NPB3.4-MPI/bin/mg.C.x"
0.61087 W	2159320	"/home/boggy/ref_rapl/scaphandre/target/release/scaphandre"
------------------------------------------------------------

Host:	46.358312 W from 
	package 	core		dram		uncore
Socket0	44.028553 W |	39.041904 W	4.444053 W	0 W	

Top 5 consumers:
Power		PID	Exe
1.7169745 W	2159320	"/home/boggy/ref_rapl/scaphandre/target/release/scaphandre"
1.7169745 W	2159340	"/home/boggy/ref_rapl/energy_exp_server/NPB3.4.3/NPB3.4-MPI/bin/mg.C.x"
1.7169745 W	2159341	"/home/boggy/ref_rapl/energy_exp_server/NPB3.4.3/NPB3.4-MPI/bin/mg.C.x"
1.4308121 W	2159342	"/home/boggy/ref_rapl/energy_exp_server/NPB3.4.3/NPB3.4-MPI/bin/mg.C.x"
1.4308121 W	2159343	"/home/boggy/ref_rapl/energy_exp_server/NPB3.4.3/NPB3.4-MPI/bin/mg.C.x"
------------------------------------------------------------

Host:	47.133432 W from 
	package 	core		dram		uncore
Socket0	41.42444 W |	36.406197 W	4.559692 W	0 W	

Top 5 consumers:
Power		PID	Exe
1.7456826 W	2159342	"/home/boggy/ref_rapl/energy_exp_server/NPB3.4.3/NPB3.4-MPI/bin/mg.C.x"
1.4547356 W	2159340	"/home/boggy/ref_rapl/energy_exp_server/NPB3.4.3/NPB3.4-MPI/bin/mg.C.x"
1.4547356 W	2159343	"/home/boggy/ref_rapl/energy_exp_server/NPB3.4.3/NPB3.4-MPI/bin/mg.C.x"
1.4547356 W	2159341	"/home/boggy/ref_rapl/energy_exp_server/NPB3.4.3/NPB3.4-MPI/bin/mg.C.x"
1.1637883 W	2159320	"/home/boggy/ref_rapl/scaphandre/target/release/scaphandre"
------------------------------------------------------------

Host:	48.867413 W from 
	package 	core		dram		uncore
Socket0	43.826496 W |	38.56442 W	4.473226 W	0 W	

Top 5 consumers:
Power		PID	Exe
1.2066027 W	2159320	"/home/boggy/ref_rapl/scaphandre/target/release/scaphandre"
1.2066027 W	2159340	"/home/boggy/ref_rapl/energy_exp_server/NPB3.4.3/NPB3.4-MPI/bin/mg.C.x"
1.2066027 W	2159343	"/home/boggy/ref_rapl/energy_exp_server/NPB3.4.3/NPB3.4-MPI/bin/mg.C.x"
1.2066027 W	2159341	"/home/boggy/ref_rapl/energy_exp_server/NPB3.4.3/NPB3.4-MPI/bin/mg.C.x"
0.90495205 W	2159342	"/home/boggy/ref_rapl/energy_exp_server/NPB3.4.3/NPB3.4-MPI/bin/mg.C.x"
------------------------------------------------------------

Host:	57.529335 W from 
	package 	core		dram		uncore
Socket0	48.544086 W |	42.81862 W	4.610866 W	0 W	

Top 5 consumers:
Power		PID	Exe
1.065358 W	2159342	"/home/boggy/ref_rapl/energy_exp_server/NPB3.4.3/NPB3.4-MPI/bin/mg.C.x"
1.065358 W	2159340	"/home/boggy/ref_rapl/energy_exp_server/NPB3.4.3/NPB3.4-MPI/bin/mg.C.x"
1.065358 W	2159343	"/home/boggy/ref_rapl/energy_exp_server/NPB3.4.3/NPB3.4-MPI/bin/mg.C.x"
1.065358 W	2159341	"/home/boggy/ref_rapl/energy_exp_server/NPB3.4.3/NPB3.4-MPI/bin/mg.C.x"
0.7102387 W	2159320	"/home/boggy/ref_rapl/scaphandre/target/release/scaphandre"
------------------------------------------------------------

Host:	53.131246 W from 
	package 	core		dram		uncore
Socket0	51.744217 W |	46.952824 W	4.274107 W	0 W	

Top 5 consumers:
Power		PID	Exe
1.3118826 W	2159342	"/home/boggy/ref_rapl/energy_exp_server/NPB3.4.3/NPB3.4-MPI/bin/mg.C.x"
1.3118826 W	2159340	"/home/boggy/ref_rapl/energy_exp_server/NPB3.4.3/NPB3.4-MPI/bin/mg.C.x"
0.98391193 W	2159320	"/home/boggy/ref_rapl/scaphandre/target/release/scaphandre"
0.98391193 W	2159343	"/home/boggy/ref_rapl/energy_exp_server/NPB3.4.3/NPB3.4-MPI/bin/mg.C.x"
0.98391193 W	2159341	"/home/boggy/ref_rapl/energy_exp_server/NPB3.4.3/NPB3.4-MPI/bin/mg.C.x"
------------------------------------------------------------

Host:	52.299556 W from 
	package 	core		dram		uncore
Socket0	47.297516 W |	42.48908 W	4.430747 W	0 W	

Top 5 consumers:
Power		PID	Exe
0.96851027 W	2159342	"/home/boggy/ref_rapl/energy_exp_server/NPB3.4.3/NPB3.4-MPI/bin/mg.C.x"
0.96851027 W	2159340	"/home/boggy/ref_rapl/energy_exp_server/NPB3.4.3/NPB3.4-MPI/bin/mg.C.x"
0.96851027 W	2159343	"/home/boggy/ref_rapl/energy_exp_server/NPB3.4.3/NPB3.4-MPI/bin/mg.C.x"
0.96851027 W	2159341	"/home/boggy/ref_rapl/energy_exp_server/NPB3.4.3/NPB3.4-MPI/bin/mg.C.x"
0.6456735 W	2159320	"/home/boggy/ref_rapl/scaphandre/target/release/scaphandre"
------------------------------------------------------------

Host:	51.957235 W from 
	package 	core		dram		uncore
Socket0	47.48867 W |	41.625668 W	4.638113 W	0 W	

Top 5 consumers:
Power		PID	Exe
0.962171 W	2159342	"/home/boggy/ref_rapl/energy_exp_server/NPB3.4.3/NPB3.4-MPI/bin/mg.C.x"
0.962171 W	2159320	"/home/boggy/ref_rapl/scaphandre/target/release/scaphandre"
0.962171 W	2159340	"/home/boggy/ref_rapl/energy_exp_server/NPB3.4.3/NPB3.4-MPI/bin/mg.C.x"
0.962171 W	2159343	"/home/boggy/ref_rapl/energy_exp_server/NPB3.4.3/NPB3.4-MPI/bin/mg.C.x"
0.962171 W	2159341	"/home/boggy/ref_rapl/energy_exp_server/NPB3.4.3/NPB3.4-MPI/bin/mg.C.x"
------------------------------------------------------------

Host:	52.524648 W from 
	package 	core		dram		uncore
Socket0	47.41437 W |	41.84215 W	4.63197 W	0 W	

Top 5 consumers:
Power		PID	Exe
1.2969049 W	2159343	"/home/boggy/ref_rapl/energy_exp_server/NPB3.4.3/NPB3.4-MPI/bin/mg.C.x"
0.9726786 W	2159342	"/home/boggy/ref_rapl/energy_exp_server/NPB3.4.3/NPB3.4-MPI/bin/mg.C.x"
0.9726786 W	2159340	"/home/boggy/ref_rapl/energy_exp_server/NPB3.4.3/NPB3.4-MPI/bin/mg.C.x"
0.9726786 W	2159341	"/home/boggy/ref_rapl/energy_exp_server/NPB3.4.3/NPB3.4-MPI/bin/mg.C.x"
0.64845246 W	2159320	"/home/boggy/ref_rapl/scaphandre/target/release/scaphandre"
------------------------------------------------------------

Host:	53.330757 W from 
	package 	core		dram		uncore
Socket0	47.473 W |	43.710155 W	4.785616 W	0 W	

Top 5 consumers:
Power		PID	Exe
1.185128 W	2159340	"/home/boggy/ref_rapl/energy_exp_server/NPB3.4.3/NPB3.4-MPI/bin/mg.C.x"
1.185128 W	2159341	"/home/boggy/ref_rapl/energy_exp_server/NPB3.4.3/NPB3.4-MPI/bin/mg.C.x"
0.888846 W	2159342	"/home/boggy/ref_rapl/energy_exp_server/NPB3.4.3/NPB3.4-MPI/bin/mg.C.x"
0.888846 W	2159320	"/home/boggy/ref_rapl/scaphandre/target/release/scaphandre"
0.888846 W	2159343	"/home/boggy/ref_rapl/energy_exp_server/NPB3.4.3/NPB3.4-MPI/bin/mg.C.x"
------------------------------------------------------------

Host:	53.989355 W from 
	package 	core		dram		uncore
Socket0	50.029846 W |	43.61789 W	4.775239 W	0 W	

Top 5 consumers:
Power		PID	Exe
0.89982265 W	2159342	"/home/boggy/ref_rapl/energy_exp_server/NPB3.4.3/NPB3.4-MPI/bin/mg.C.x"
0.89982265 W	2159340	"/home/boggy/ref_rapl/energy_exp_server/NPB3.4.3/NPB3.4-MPI/bin/mg.C.x"
0.89982265 W	2159343	"/home/boggy/ref_rapl/energy_exp_server/NPB3.4.3/NPB3.4-MPI/bin/mg.C.x"
0.89982265 W	2159341	"/home/boggy/ref_rapl/energy_exp_server/NPB3.4.3/NPB3.4-MPI/bin/mg.C.x"
0.59988177 W	2159320	"/home/boggy/ref_rapl/scaphandre/target/release/scaphandre"
------------------------------------------------------------

Host:	53.295044 W from 
	package 	core		dram		uncore
Socket0	47.90372 W |	43.846416 W	4.797161 W	0 W	

Top 5 consumers:
Power		PID	Exe
1.1843344 W	2159342	"/home/boggy/ref_rapl/energy_exp_server/NPB3.4.3/NPB3.4-MPI/bin/mg.C.x"
0.88825077 W	2159320	"/home/boggy/ref_rapl/scaphandre/target/release/scaphandre"
0.88825077 W	2159340	"/home/boggy/ref_rapl/energy_exp_server/NPB3.4.3/NPB3.4-MPI/bin/mg.C.x"
0.88825077 W	2159343	"/home/boggy/ref_rapl/energy_exp_server/NPB3.4.3/NPB3.4-MPI/bin/mg.C.x"
0.88825077 W	2159341	"/home/boggy/ref_rapl/energy_exp_server/NPB3.4.3/NPB3.4-MPI/bin/mg.C.x"
------------------------------------------------------------

Host:	55.021348 W from 
	package 	core		dram		uncore
Socket0	49.67261 W |	43.700348 W	4.732344 W	0 W	

Top 5 consumers:
Power		PID	Exe
1.2226967 W	2159343	"/home/boggy/ref_rapl/energy_exp_server/NPB3.4.3/NPB3.4-MPI/bin/mg.C.x"
0.9170225 W	2159342	"/home/boggy/ref_rapl/energy_exp_server/NPB3.4.3/NPB3.4-MPI/bin/mg.C.x"
0.9170225 W	2159320	"/home/boggy/ref_rapl/scaphandre/target/release/scaphandre"
0.9170225 W	2159340	"/home/boggy/ref_rapl/energy_exp_server/NPB3.4.3/NPB3.4-MPI/bin/mg.C.x"
0.9170225 W	2159341	"/home/boggy/ref_rapl/energy_exp_server/NPB3.4.3/NPB3.4-MPI/bin/mg.C.x"
------------------------------------------------------------

Host:	53.433789 W from 
	package 	core		dram		uncore
Socket0	48.57364 W |	43.73303 W	4.745449 W	0 W	

Top 5 consumers:
Power		PID	Exe
0.8905632 W	2159342	"/home/boggy/ref_rapl/energy_exp_server/NPB3.4.3/NPB3.4-MPI/bin/mg.C.x"
0.8905632 W	2159340	"/home/boggy/ref_rapl/energy_exp_server/NPB3.4.3/NPB3.4-MPI/bin/mg.C.x"
0.8905632 W	2159343	"/home/boggy/ref_rapl/energy_exp_server/NPB3.4.3/NPB3.4-MPI/bin/mg.C.x"
0.8905632 W	2159341	"/home/boggy/ref_rapl/energy_exp_server/NPB3.4.3/NPB3.4-MPI/bin/mg.C.x"
0.5937088 W	2159320	"/home/boggy/ref_rapl/scaphandre/target/release/scaphandre"
------------------------------------------------------------

Host:	52.687539 W from 
	package 	core		dram		uncore
Socket0	48.586548 W |	43.63313 W	4.741794 W	0 W	

Top 5 consumers:
Power		PID	Exe
1.1708343 W	2159340	"/home/boggy/ref_rapl/energy_exp_server/NPB3.4.3/NPB3.4-MPI/bin/mg.C.x"
1.1708343 W	2159341	"/home/boggy/ref_rapl/energy_exp_server/NPB3.4.3/NPB3.4-MPI/bin/mg.C.x"
0.87812567 W	2159342	"/home/boggy/ref_rapl/energy_exp_server/NPB3.4.3/NPB3.4-MPI/bin/mg.C.x"
0.87812567 W	2159320	"/home/boggy/ref_rapl/scaphandre/target/release/scaphandre"
0.87812567 W	2159343	"/home/boggy/ref_rapl/energy_exp_server/NPB3.4.3/NPB3.4-MPI/bin/mg.C.x"
------------------------------------------------------------

Host:	54.191703 W from 
	package 	core		dram		uncore
Socket0	48.187305 W |	43.265984 W	4.711149 W	0 W	

Top 5 consumers:
Power		PID	Exe
0.9031951 W	2159342	"/home/boggy/ref_rapl/energy_exp_server/NPB3.4.3/NPB3.4-MPI/bin/mg.C.x"
0.9031951 W	2159343	"/home/boggy/ref_rapl/energy_exp_server/NPB3.4.3/NPB3.4-MPI/bin/mg.C.x"
0.9031951 W	2159341	"/home/boggy/ref_rapl/energy_exp_server/NPB3.4.3/NPB3.4-MPI/bin/mg.C.x"
0.60213006 W	2159320	"/home/boggy/ref_rapl/scaphandre/target/release/scaphandre"
0.60213006 W	2159340	"/home/boggy/ref_rapl/energy_exp_server/NPB3.4.3/NPB3.4-MPI/bin/mg.C.x"
------------------------------------------------------------

Host:	55.481213 W from 
	package 	core		dram		uncore
Socket0	50.062943 W |	44.677135 W	4.537349 W	0 W	

Top 5 consumers:
Power		PID	Exe
1.2467687 W	2159340	"/home/boggy/ref_rapl/energy_exp_server/NPB3.4.3/NPB3.4-MPI/bin/mg.C.x"
1.2467687 W	2159341	"/home/boggy/ref_rapl/energy_exp_server/NPB3.4.3/NPB3.4-MPI/bin/mg.C.x"
0.93507665 W	2159342	"/home/boggy/ref_rapl/energy_exp_server/NPB3.4.3/NPB3.4-MPI/bin/mg.C.x"
0.93507665 W	2159343	"/home/boggy/ref_rapl/energy_exp_server/NPB3.4.3/NPB3.4-MPI/bin/mg.C.x"
0.62338436 W	2159320	"/home/boggy/ref_rapl/scaphandre/target/release/scaphandre"
------------------------------------------------------------

Host:	55.950417 W from 
	package 	core		dram		uncore
Socket0	51.243793 W |	46.158234 W	4.624269 W	0 W	

Top 5 consumers:
Power		PID	Exe
0.9429846 W	2159342	"/home/boggy/ref_rapl/energy_exp_server/NPB3.4.3/NPB3.4-MPI/bin/mg.C.x"
0.9429846 W	2159320	"/home/boggy/ref_rapl/scaphandre/target/release/scaphandre"
0.9429846 W	2159340	"/home/boggy/ref_rapl/energy_exp_server/NPB3.4.3/NPB3.4-MPI/bin/mg.C.x"
0.9429846 W	2159343	"/home/boggy/ref_rapl/energy_exp_server/NPB3.4.3/NPB3.4-MPI/bin/mg.C.x"
0.9429846 W	2159341	"/home/boggy/ref_rapl/energy_exp_server/NPB3.4.3/NPB3.4-MPI/bin/mg.C.x"
------------------------------------------------------------

Host:	55.988664 W from 
	package 	core		dram		uncore
Socket0	51.19131 W |	46.236687 W	4.604959 W	0 W	

Top 5 consumers:
Power		PID	Exe
0.94362915 W	2159342	"/home/boggy/ref_rapl/energy_exp_server/NPB3.4.3/NPB3.4-MPI/bin/mg.C.x"
0.94362915 W	2159340	"/home/boggy/ref_rapl/energy_exp_server/NPB3.4.3/NPB3.4-MPI/bin/mg.C.x"
0.94362915 W	2159343	"/home/boggy/ref_rapl/energy_exp_server/NPB3.4.3/NPB3.4-MPI/bin/mg.C.x"
0.94362915 W	2159341	"/home/boggy/ref_rapl/energy_exp_server/NPB3.4.3/NPB3.4-MPI/bin/mg.C.x"
0.31454307 W	2159320	"/home/boggy/ref_rapl/scaphandre/target/release/scaphandre"
------------------------------------------------------------

Host:	55.713374 W from 
	package 	core		dram		uncore
Socket0	51.431854 W |	46.06764 W	4.633697 W	0 W	

Top 5 consumers:
Power		PID	Exe
0.93898946 W	2159342	"/home/boggy/ref_rapl/energy_exp_server/NPB3.4.3/NPB3.4-MPI/bin/mg.C.x"
0.93898946 W	2159320	"/home/boggy/ref_rapl/scaphandre/target/release/scaphandre"
0.93898946 W	2159340	"/home/boggy/ref_rapl/energy_exp_server/NPB3.4.3/NPB3.4-MPI/bin/mg.C.x"
0.93898946 W	2159343	"/home/boggy/ref_rapl/energy_exp_server/NPB3.4.3/NPB3.4-MPI/bin/mg.C.x"
0.93898946 W	2159341	"/home/boggy/ref_rapl/energy_exp_server/NPB3.4.3/NPB3.4-MPI/bin/mg.C.x"
------------------------------------------------------------

Host:	55.234475 W from 
	package 	core		dram		uncore
Socket0	51.00845 W |	46.11244 W	4.586672 W	0 W	

Top 5 consumers:
Power		PID	Exe
0.93091804 W	2159342	"/home/boggy/ref_rapl/energy_exp_server/NPB3.4.3/NPB3.4-MPI/bin/mg.C.x"
0.93091804 W	2159320	"/home/boggy/ref_rapl/scaphandre/target/release/scaphandre"
0.93091804 W	2159340	"/home/boggy/ref_rapl/energy_exp_server/NPB3.4.3/NPB3.4-MPI/bin/mg.C.x"
0.93091804 W	2159343	"/home/boggy/ref_rapl/energy_exp_server/NPB3.4.3/NPB3.4-MPI/bin/mg.C.x"
0.93091804 W	2159341	"/home/boggy/ref_rapl/energy_exp_server/NPB3.4.3/NPB3.4-MPI/bin/mg.C.x"
------------------------------------------------------------

Host:	54.105088 W from 
	package 	core		dram		uncore
Socket0	52.287495 W |	46.323833 W	4.687743 W	0 W	

Top 5 consumers:
Power		PID	Exe
0.9118835 W	2159342	"/home/boggy/ref_rapl/energy_exp_server/NPB3.4.3/NPB3.4-MPI/bin/mg.C.x"
0.9118835 W	2159340	"/home/boggy/ref_rapl/energy_exp_server/NPB3.4.3/NPB3.4-MPI/bin/mg.C.x"
0.9118835 W	2159343	"/home/boggy/ref_rapl/energy_exp_server/NPB3.4.3/NPB3.4-MPI/bin/mg.C.x"
0.9118835 W	2159341	"/home/boggy/ref_rapl/energy_exp_server/NPB3.4.3/NPB3.4-MPI/bin/mg.C.x"
0.6079223 W	2159320	"/home/boggy/ref_rapl/scaphandre/target/release/scaphandre"
------------------------------------------------------------

Host:	52.480755 W from 
	package 	core		dram		uncore
Socket0	48.246323 W |	43.726746 W	3.83461 W	0 W	

Top 5 consumers:
Power		PID	Exe
0.88450706 W	2159342	"/home/boggy/ref_rapl/energy_exp_server/NPB3.4.3/NPB3.4-MPI/bin/mg.C.x"
0.88450706 W	2159343	"/home/boggy/ref_rapl/energy_exp_server/NPB3.4.3/NPB3.4-MPI/bin/mg.C.x"
0.5896714 W	2159320	"/home/boggy/ref_rapl/scaphandre/target/release/scaphandre"
0.5896714 W	2159340	"/home/boggy/ref_rapl/energy_exp_server/NPB3.4.3/NPB3.4-MPI/bin/mg.C.x"
0.5896714 W	2159341	"/home/boggy/ref_rapl/energy_exp_server/NPB3.4.3/NPB3.4-MPI/bin/mg.C.x"
------------------------------------------------------------

Host:	54.894504 W from 
	package 	core		dram		uncore
Socket0	49.307938 W |	44.05761 W	4.395273 W	0 W	

Top 5 consumers:
Power		PID	Exe
1.2992783 W	2159340	"/home/boggy/ref_rapl/energy_exp_server/NPB3.4.3/NPB3.4-MPI/bin/mg.C.x"
1.2992783 W	2159341	"/home/boggy/ref_rapl/energy_exp_server/NPB3.4.3/NPB3.4-MPI/bin/mg.C.x"
0.97445863 W	2159342	"/home/boggy/ref_rapl/energy_exp_server/NPB3.4.3/NPB3.4-MPI/bin/mg.C.x"
0.97445863 W	2159320	"/home/boggy/ref_rapl/scaphandre/target/release/scaphandre"
0.97445863 W	2159343	"/home/boggy/ref_rapl/energy_exp_server/NPB3.4.3/NPB3.4-MPI/bin/mg.C.x"
------------------------------------------------------------

Host:	52.328458 W from 
	package 	core		dram		uncore
Socket0	48.696663 W |	43.859234 W	4.746739 W	0 W	

Top 5 consumers:
Power		PID	Exe
0.9289075 W	2159342	"/home/boggy/ref_rapl/energy_exp_server/NPB3.4.3/NPB3.4-MPI/bin/mg.C.x"
0.9289075 W	2159320	"/home/boggy/ref_rapl/scaphandre/target/release/scaphandre"
0.9289075 W	2159340	"/home/boggy/ref_rapl/energy_exp_server/NPB3.4.3/NPB3.4-MPI/bin/mg.C.x"
0.9289075 W	2159343	"/home/boggy/ref_rapl/energy_exp_server/NPB3.4.3/NPB3.4-MPI/bin/mg.C.x"
0.9289075 W	2159341	"/home/boggy/ref_rapl/energy_exp_server/NPB3.4.3/NPB3.4-MPI/bin/mg.C.x"
------------------------------------------------------------

Host:	54.2392 W from 
	package 	core		dram		uncore
Socket0	48.00916 W |	43.72036 W	4.842837 W	0 W	

Top 5 consumers:
Power		PID	Exe
1.2837682 W	2159342	"/home/boggy/ref_rapl/energy_exp_server/NPB3.4.3/NPB3.4-MPI/bin/mg.C.x"
0.962826 W	2159340	"/home/boggy/ref_rapl/energy_exp_server/NPB3.4.3/NPB3.4-MPI/bin/mg.C.x"
0.962826 W	2159343	"/home/boggy/ref_rapl/energy_exp_server/NPB3.4.3/NPB3.4-MPI/bin/mg.C.x"
0.962826 W	2159341	"/home/boggy/ref_rapl/energy_exp_server/NPB3.4.3/NPB3.4-MPI/bin/mg.C.x"
0.32094204 W	2159320	"/home/boggy/ref_rapl/scaphandre/target/release/scaphandre"
------------------------------------------------------------

Host:	53.189445 W from 
	package 	core		dram		uncore
Socket0	49.05311 W |	43.72919 W	4.795093 W	0 W	

Top 5 consumers:
Power		PID	Exe
1.2589217 W	2159320	"/home/boggy/ref_rapl/scaphandre/target/release/scaphandre"
0.94419134 W	2159342	"/home/boggy/ref_rapl/energy_exp_server/NPB3.4.3/NPB3.4-MPI/bin/mg.C.x"
0.94419134 W	2159340	"/home/boggy/ref_rapl/energy_exp_server/NPB3.4.3/NPB3.4-MPI/bin/mg.C.x"
0.94419134 W	2159343	"/home/boggy/ref_rapl/energy_exp_server/NPB3.4.3/NPB3.4-MPI/bin/mg.C.x"
0.94419134 W	2159341	"/home/boggy/ref_rapl/energy_exp_server/NPB3.4.3/NPB3.4-MPI/bin/mg.C.x"
------------------------------------------------------------

Host:	53.904309 W from 
	package 	core		dram		uncore
Socket0	50.18439 W |	43.76848 W	4.756554 W	0 W	

Top 5 consumers:
Power		PID	Exe
1.2758416 W	2159343	"/home/boggy/ref_rapl/energy_exp_server/NPB3.4.3/NPB3.4-MPI/bin/mg.C.x"
0.95688117 W	2159342	"/home/boggy/ref_rapl/energy_exp_server/NPB3.4.3/NPB3.4-MPI/bin/mg.C.x"
0.95688117 W	2159340	"/home/boggy/ref_rapl/energy_exp_server/NPB3.4.3/NPB3.4-MPI/bin/mg.C.x"
0.95688117 W	2159341	"/home/boggy/ref_rapl/energy_exp_server/NPB3.4.3/NPB3.4-MPI/bin/mg.C.x"
0.6379208 W	2159320	"/home/boggy/ref_rapl/scaphandre/target/release/scaphandre"
------------------------------------------------------------

Host:	54.69551 W from 
	package 	core		dram		uncore
Socket0	48.87357 W |	43.832043 W	4.776701 W	0 W	

Top 5 consumers:
Power		PID	Exe
1.2945684 W	2159340	"/home/boggy/ref_rapl/energy_exp_server/NPB3.4.3/NPB3.4-MPI/bin/mg.C.x"
0.97092617 W	2159342	"/home/boggy/ref_rapl/energy_exp_server/NPB3.4.3/NPB3.4-MPI/bin/mg.C.x"
0.97092617 W	2159343	"/home/boggy/ref_rapl/energy_exp_server/NPB3.4.3/NPB3.4-MPI/bin/mg.C.x"
0.97092617 W	2159341	"/home/boggy/ref_rapl/energy_exp_server/NPB3.4.3/NPB3.4-MPI/bin/mg.C.x"
0.6472842 W	2159320	"/home/boggy/ref_rapl/scaphandre/target/release/scaphandre"
------------------------------------------------------------

Host:	51.946466 W from 
	package 	core		dram		uncore
Socket0	48.00653 W |	43.5146 W	4.812347 W	0 W	

Top 5 consumers:
Power		PID	Exe
1.2295021 W	2159341	"/home/boggy/ref_rapl/energy_exp_server/NPB3.4.3/NPB3.4-MPI/bin/mg.C.x"
0.92212665 W	2159342	"/home/boggy/ref_rapl/energy_exp_server/NPB3.4.3/NPB3.4-MPI/bin/mg.C.x"
0.92212665 W	2159320	"/home/boggy/ref_rapl/scaphandre/target/release/scaphandre"
0.92212665 W	2159340	"/home/boggy/ref_rapl/energy_exp_server/NPB3.4.3/NPB3.4-MPI/bin/mg.C.x"
0.92212665 W	2159343	"/home/boggy/ref_rapl/energy_exp_server/NPB3.4.3/NPB3.4-MPI/bin/mg.C.x"
------------------------------------------------------------

Host:	51.862281 W from 
	package 	core		dram		uncore
Socket0	47.915848 W |	42.601074 W	4.297154 W	0 W	

Top 5 consumers:
Power		PID	Exe
1.1524953 W	2159343	"/home/boggy/ref_rapl/energy_exp_server/NPB3.4.3/NPB3.4-MPI/bin/mg.C.x"
0.86437136 W	2159342	"/home/boggy/ref_rapl/energy_exp_server/NPB3.4.3/NPB3.4-MPI/bin/mg.C.x"
0.86437136 W	2159340	"/home/boggy/ref_rapl/energy_exp_server/NPB3.4.3/NPB3.4-MPI/bin/mg.C.x"
0.86437136 W	2159341	"/home/boggy/ref_rapl/energy_exp_server/NPB3.4.3/NPB3.4-MPI/bin/mg.C.x"
0.57624763 W	2159320	"/home/boggy/ref_rapl/scaphandre/target/release/scaphandre"
------------------------------------------------------------

Host:	52.280568 W from 
	package 	core		dram		uncore
Socket0	47.7253 W |	42.360725 W	4.701152 W	0 W	

Top 5 consumers:
Power		PID	Exe
1.1617905 W	2159342	"/home/boggy/ref_rapl/energy_exp_server/NPB3.4.3/NPB3.4-MPI/bin/mg.C.x"
0.87134284 W	2159340	"/home/boggy/ref_rapl/energy_exp_server/NPB3.4.3/NPB3.4-MPI/bin/mg.C.x"
0.87134284 W	2159343	"/home/boggy/ref_rapl/energy_exp_server/NPB3.4.3/NPB3.4-MPI/bin/mg.C.x"
0.87134284 W	2159341	"/home/boggy/ref_rapl/energy_exp_server/NPB3.4.3/NPB3.4-MPI/bin/mg.C.x"
0.58089525 W	2159320	"/home/boggy/ref_rapl/scaphandre/target/release/scaphandre"
------------------------------------------------------------

Host:	47.875766 W from 
	package 	core		dram		uncore
Socket0	46.655296 W |	41.755627 W	4.612365 W	0 W	

Top 5 consumers:
Power		PID	Exe
1.063906 W	2159320	"/home/boggy/ref_rapl/scaphandre/target/release/scaphandre"
1.063906 W	2159343	"/home/boggy/ref_rapl/energy_exp_server/NPB3.4.3/NPB3.4-MPI/bin/mg.C.x"
0.7979295 W	2159342	"/home/boggy/ref_rapl/energy_exp_server/NPB3.4.3/NPB3.4-MPI/bin/mg.C.x"
0.7979295 W	2159340	"/home/boggy/ref_rapl/energy_exp_server/NPB3.4.3/NPB3.4-MPI/bin/mg.C.x"
0.7979295 W	2159341	"/home/boggy/ref_rapl/energy_exp_server/NPB3.4.3/NPB3.4-MPI/bin/mg.C.x"
------------------------------------------------------------

Host:	46.307599 W from 
	package 	core		dram		uncore
Socket0	42.268333 W |	37.507996 W	4.555656 W	0 W	

Top 5 consumers:
Power		PID	Exe
1.5435867 W	2159340	"/home/boggy/ref_rapl/energy_exp_server/NPB3.4.3/NPB3.4-MPI/bin/mg.C.x"
1.5435867 W	2159341	"/home/boggy/ref_rapl/energy_exp_server/NPB3.4.3/NPB3.4-MPI/bin/mg.C.x"
1.2863222 W	2159342	"/home/boggy/ref_rapl/energy_exp_server/NPB3.4.3/NPB3.4-MPI/bin/mg.C.x"
1.2863222 W	2159320	"/home/boggy/ref_rapl/scaphandre/target/release/scaphandre"
1.2863222 W	2159343	"/home/boggy/ref_rapl/energy_exp_server/NPB3.4.3/NPB3.4-MPI/bin/mg.C.x"
------------------------------------------------------------

Host:	47.224968 W from 
	package 	core		dram		uncore
Socket0	41.80977 W |	36.57867 W	4.588232 W	0 W	

Top 5 consumers:
Power		PID	Exe
1.3118048 W	2159342	"/home/boggy/ref_rapl/energy_exp_server/NPB3.4.3/NPB3.4-MPI/bin/mg.C.x"
1.3118048 W	2159340	"/home/boggy/ref_rapl/energy_exp_server/NPB3.4.3/NPB3.4-MPI/bin/mg.C.x"
1.3118048 W	2159343	"/home/boggy/ref_rapl/energy_exp_server/NPB3.4.3/NPB3.4-MPI/bin/mg.C.x"
1.3118048 W	2159341	"/home/boggy/ref_rapl/energy_exp_server/NPB3.4.3/NPB3.4-MPI/bin/mg.C.x"
1.0494437 W	2159320	"/home/boggy/ref_rapl/scaphandre/target/release/scaphandre"
------------------------------------------------------------

Host:	52.071967 W from 
	package 	core		dram		uncore
Socket0	42.999996 W |	37.857838 W	4.494241 W	0 W	

Top 5 consumers:
Power		PID	Exe
1.5315284 W	2159342	"/home/boggy/ref_rapl/energy_exp_server/NPB3.4.3/NPB3.4-MPI/bin/mg.C.x"
1.2252227 W	2159320	"/home/boggy/ref_rapl/scaphandre/target/release/scaphandre"
1.2252227 W	2159340	"/home/boggy/ref_rapl/energy_exp_server/NPB3.4.3/NPB3.4-MPI/bin/mg.C.x"
1.2252227 W	2159343	"/home/boggy/ref_rapl/energy_exp_server/NPB3.4.3/NPB3.4-MPI/bin/mg.C.x"
1.2252227 W	2159341	"/home/boggy/ref_rapl/energy_exp_server/NPB3.4.3/NPB3.4-MPI/bin/mg.C.x"
------------------------------------------------------------

Host:	55.6278 W from 
	package 	core		dram		uncore
Socket0	49.837715 W |	45.015976 W	4.490096 W	0 W	

Top 5 consumers:
Power		PID	Exe
1.3088895 W	2159343	"/home/boggy/ref_rapl/energy_exp_server/NPB3.4.3/NPB3.4-MPI/bin/mg.C.x"
0.9816671 W	2159342	"/home/boggy/ref_rapl/energy_exp_server/NPB3.4.3/NPB3.4-MPI/bin/mg.C.x"
0.9816671 W	2159340	"/home/boggy/ref_rapl/energy_exp_server/NPB3.4.3/NPB3.4-MPI/bin/mg.C.x"
0.9816671 W	2159341	"/home/boggy/ref_rapl/energy_exp_server/NPB3.4.3/NPB3.4-MPI/bin/mg.C.x"
0.65444475 W	2159320	"/home/boggy/ref_rapl/scaphandre/target/release/scaphandre"
------------------------------------------------------------

Host:	51.973627 W from 
	package 	core		dram		uncore
Socket0	51.003307 W |	45.637215 W	4.452164 W	0 W	

Top 5 consumers:
Power		PID	Exe
1.2229089 W	2159340	"/home/boggy/ref_rapl/energy_exp_server/NPB3.4.3/NPB3.4-MPI/bin/mg.C.x"
1.2229089 W	2159341	"/home/boggy/ref_rapl/energy_exp_server/NPB3.4.3/NPB3.4-MPI/bin/mg.C.x"
0.91718173 W	2159342	"/home/boggy/ref_rapl/energy_exp_server/NPB3.4.3/NPB3.4-MPI/bin/mg.C.x"
0.91718173 W	2159320	"/home/boggy/ref_rapl/scaphandre/target/release/scaphandre"
0.91718173 W	2159343	"/home/boggy/ref_rapl/energy_exp_server/NPB3.4.3/NPB3.4-MPI/bin/mg.C.x"
------------------------------------------------------------

Host:	51.065946 W from 
	package 	core		dram		uncore
Socket0	48.039963 W |	41.519905 W	4.570201 W	0 W	

Top 5 consumers:
Power		PID	Exe
0.9011638 W	2159342	"/home/boggy/ref_rapl/energy_exp_server/NPB3.4.3/NPB3.4-MPI/bin/mg.C.x"
0.9011638 W	2159320	"/home/boggy/ref_rapl/scaphandre/target/release/scaphandre"
0.9011638 W	2159340	"/home/boggy/ref_rapl/energy_exp_server/NPB3.4.3/NPB3.4-MPI/bin/mg.C.x"
0.9011638 W	2159343	"/home/boggy/ref_rapl/energy_exp_server/NPB3.4.3/NPB3.4-MPI/bin/mg.C.x"
0.9011638 W	2159341	"/home/boggy/ref_rapl/energy_exp_server/NPB3.4.3/NPB3.4-MPI/bin/mg.C.x"
------------------------------------------------------------

Host:	52.188018 W from 
	package 	core		dram		uncore
Socket0	46.526207 W |	41.58384 W	4.548228 W	0 W	

Top 5 consumers:
Power		PID	Exe
1.2279534 W	2159342	"/home/boggy/ref_rapl/energy_exp_server/NPB3.4.3/NPB3.4-MPI/bin/mg.C.x"
0.9209651 W	2159340	"/home/boggy/ref_rapl/energy_exp_server/NPB3.4.3/NPB3.4-MPI/bin/mg.C.x"
0.9209651 W	2159343	"/home/boggy/ref_rapl/energy_exp_server/NPB3.4.3/NPB3.4-MPI/bin/mg.C.x"
0.9209651 W	2159341	"/home/boggy/ref_rapl/energy_exp_server/NPB3.4.3/NPB3.4-MPI/bin/mg.C.x"
0.6139767 W	2159320	"/home/boggy/ref_rapl/scaphandre/target/release/scaphandre"
------------------------------------------------------------

Host:	54.082586 W from 
	package 	core		dram		uncore
Socket0	47.408054 W |	42.935017 W	4.767577 W	0 W	

Top 5 consumers:
Power		PID	Exe
1.2725315 W	2159343	"/home/boggy/ref_rapl/energy_exp_server/NPB3.4.3/NPB3.4-MPI/bin/mg.C.x"
0.95439863 W	2159342	"/home/boggy/ref_rapl/energy_exp_server/NPB3.4.3/NPB3.4-MPI/bin/mg.C.x"
0.95439863 W	2159340	"/home/boggy/ref_rapl/energy_exp_server/NPB3.4.3/NPB3.4-MPI/bin/mg.C.x"
0.95439863 W	2159341	"/home/boggy/ref_rapl/energy_exp_server/NPB3.4.3/NPB3.4-MPI/bin/mg.C.x"
0.63626575 W	2159320	"/home/boggy/ref_rapl/scaphandre/target/release/scaphandre"
------------------------------------------------------------

Host:	53.745867 W from 
	package 	core		dram		uncore
Socket0	49.062145 W |	43.90132 W	4.780625 W	0 W	

Top 5 consumers:
Power		PID	Exe
1.2646087 W	2159340	"/home/boggy/ref_rapl/energy_exp_server/NPB3.4.3/NPB3.4-MPI/bin/mg.C.x"
1.2646087 W	2159341	"/home/boggy/ref_rapl/energy_exp_server/NPB3.4.3/NPB3.4-MPI/bin/mg.C.x"
0.9484566 W	2159342	"/home/boggy/ref_rapl/energy_exp_server/NPB3.4.3/NPB3.4-MPI/bin/mg.C.x"
0.9484566 W	2159320	"/home/boggy/ref_rapl/scaphandre/target/release/scaphandre"
0.9484566 W	2159343	"/home/boggy/ref_rapl/energy_exp_server/NPB3.4.3/NPB3.4-MPI/bin/mg.C.x"
------------------------------------------------------------

Host:	53.856203 W from 
	package 	core		dram		uncore
Socket0	49.401497 W |	43.797146 W	4.68892 W	0 W	

Top 5 consumers:
Power		PID	Exe
0.88773966 W	2159342	"/home/boggy/ref_rapl/energy_exp_server/NPB3.4.3/NPB3.4-MPI/bin/mg.C.x"
0.88773966 W	2159320	"/home/boggy/ref_rapl/scaphandre/target/release/scaphandre"
0.88773966 W	2159340	"/home/boggy/ref_rapl/energy_exp_server/NPB3.4.3/NPB3.4-MPI/bin/mg.C.x"
0.88773966 W	2159343	"/home/boggy/ref_rapl/energy_exp_server/NPB3.4.3/NPB3.4-MPI/bin/mg.C.x"
0.88773966 W	2159341	"/home/boggy/ref_rapl/energy_exp_server/NPB3.4.3/NPB3.4-MPI/bin/mg.C.x"
------------------------------------------------------------

Host:	54.063797 W from 
	package 	core		dram		uncore
Socket0	49.070488 W |	43.908672 W	4.777686 W	0 W	

Top 5 consumers:
Power		PID	Exe
1.1882154 W	2159342	"/home/boggy/ref_rapl/energy_exp_server/NPB3.4.3/NPB3.4-MPI/bin/mg.C.x"
0.89116156 W	2159320	"/home/boggy/ref_rapl/scaphandre/target/release/scaphandre"
0.89116156 W	2159340	"/home/boggy/ref_rapl/energy_exp_server/NPB3.4.3/NPB3.4-MPI/bin/mg.C.x"
0.89116156 W	2159343	"/home/boggy/ref_rapl/energy_exp_server/NPB3.4.3/NPB3.4-MPI/bin/mg.C.x"
0.89116156 W	2159341	"/home/boggy/ref_rapl/energy_exp_server/NPB3.4.3/NPB3.4-MPI/bin/mg.C.x"
------------------------------------------------------------

Host:	52.425099 W from 
	package 	core		dram		uncore
Socket0	48.77079 W |	43.616238 W	4.776346 W	0 W	

Top 5 consumers:
Power		PID	Exe
1.1522 W	2159343	"/home/boggy/ref_rapl/energy_exp_server/NPB3.4.3/NPB3.4-MPI/bin/mg.C.x"
0.86415005 W	2159342	"/home/boggy/ref_rapl/energy_exp_server/NPB3.4.3/NPB3.4-MPI/bin/mg.C.x"
0.86415005 W	2159340	"/home/boggy/ref_rapl/energy_exp_server/NPB3.4.3/NPB3.4-MPI/bin/mg.C.x"
0.86415005 W	2159341	"/home/boggy/ref_rapl/energy_exp_server/NPB3.4.3/NPB3.4-MPI/bin/mg.C.x"
0.5761 W	2159320	"/home/boggy/ref_rapl/scaphandre/target/release/scaphandre"
------------------------------------------------------------

Host:	53.786564 W from 
	package 	core		dram		uncore
Socket0	49.676193 W |	43.84769 W	4.845014 W	0 W	

Top 5 consumers:
Power		PID	Exe
0.8865918 W	2159342	"/home/boggy/ref_rapl/energy_exp_server/NPB3.4.3/NPB3.4-MPI/bin/mg.C.x"
0.8865918 W	2159340	"/home/boggy/ref_rapl/energy_exp_server/NPB3.4.3/NPB3.4-MPI/bin/mg.C.x"
0.8865918 W	2159343	"/home/boggy/ref_rapl/energy_exp_server/NPB3.4.3/NPB3.4-MPI/bin/mg.C.x"
0.8865918 W	2159341	"/home/boggy/ref_rapl/energy_exp_server/NPB3.4.3/NPB3.4-MPI/bin/mg.C.x"
0.5910612 W	2159320	"/home/boggy/ref_rapl/scaphandre/target/release/scaphandre"
------------------------------------------------------------

Host:	51.627441 W from 
	package 	core		dram		uncore
Socket0	47.53778 W |	43.21961 W	4.814829 W	0 W	

Top 5 consumers:
Power		PID	Exe
1.1346691 W	2159340	"/home/boggy/ref_rapl/energy_exp_server/NPB3.4.3/NPB3.4-MPI/bin/mg.C.x"
1.1346691 W	2159341	"/home/boggy/ref_rapl/energy_exp_server/NPB3.4.3/NPB3.4-MPI/bin/mg.C.x"
0.85100186 W	2159342	"/home/boggy/ref_rapl/energy_exp_server/NPB3.4.3/NPB3.4-MPI/bin/mg.C.x"
0.85100186 W	2159320	"/home/boggy/ref_rapl/scaphandre/target/release/scaphandre"
0.85100186 W	2159343	"/home/boggy/ref_rapl/energy_exp_server/NPB3.4.3/NPB3.4-MPI/bin/mg.C.x"
------------------------------------------------------------

Host:	56.417113 W from 
	package 	core		dram		uncore
Socket0	48.93024 W |	43.969982 W	3.771604 W	0 W	

Top 5 consumers:
Power		PID	Exe
0.9299525 W	2159342	"/home/boggy/ref_rapl/energy_exp_server/NPB3.4.3/NPB3.4-MPI/bin/mg.C.x"
0.9299525 W	2159340	"/home/boggy/ref_rapl/energy_exp_server/NPB3.4.3/NPB3.4-MPI/bin/mg.C.x"
0.9299525 W	2159343	"/home/boggy/ref_rapl/energy_exp_server/NPB3.4.3/NPB3.4-MPI/bin/mg.C.x"
0.9299525 W	2159341	"/home/boggy/ref_rapl/energy_exp_server/NPB3.4.3/NPB3.4-MPI/bin/mg.C.x"
0.6199683 W	2159320	"/home/boggy/ref_rapl/scaphandre/target/release/scaphandre"
------------------------------------------------------------

Host:	55.625221 W from 
	package 	core		dram		uncore
Socket0	51.392776 W |	46.17985 W	4.643901 W	0 W	

Top 5 consumers:
Power		PID	Exe
0.9168993 W	2159342	"/home/boggy/ref_rapl/energy_exp_server/NPB3.4.3/NPB3.4-MPI/bin/mg.C.x"
0.9168993 W	2159320	"/home/boggy/ref_rapl/scaphandre/target/release/scaphandre"
0.9168993 W	2159340	"/home/boggy/ref_rapl/energy_exp_server/NPB3.4.3/NPB3.4-MPI/bin/mg.C.x"
0.9168993 W	2159343	"/home/boggy/ref_rapl/energy_exp_server/NPB3.4.3/NPB3.4-MPI/bin/mg.C.x"
0.9168993 W	2159341	"/home/boggy/ref_rapl/energy_exp_server/NPB3.4.3/NPB3.4-MPI/bin/mg.C.x"
------------------------------------------------------------

Host:	56.368136 W from 
	package 	core		dram		uncore
Socket0	50.875187 W |	46.2123 W	4.703404 W	0 W	

Top 5 consumers:
Power		PID	Exe
0.9553922 W	2159342	"/home/boggy/ref_rapl/energy_exp_server/NPB3.4.3/NPB3.4-MPI/bin/mg.C.x"
0.9553922 W	2159340	"/home/boggy/ref_rapl/energy_exp_server/NPB3.4.3/NPB3.4-MPI/bin/mg.C.x"
0.9553922 W	2159343	"/home/boggy/ref_rapl/energy_exp_server/NPB3.4.3/NPB3.4-MPI/bin/mg.C.x"
0.9553922 W	2159341	"/home/boggy/ref_rapl/energy_exp_server/NPB3.4.3/NPB3.4-MPI/bin/mg.C.x"
0.6369281 W	2159320	"/home/boggy/ref_rapl/scaphandre/target/release/scaphandre"
------------------------------------------------------------

Host:	55.278154 W from 
	package 	core		dram		uncore
Socket0	51.689426 W |	46.31683 W	4.508169 W	0 W	

Top 5 consumers:
Power		PID	Exe
0.9369179 W	2159342	"/home/boggy/ref_rapl/energy_exp_server/NPB3.4.3/NPB3.4-MPI/bin/mg.C.x"
0.9369179 W	2159320	"/home/boggy/ref_rapl/scaphandre/target/release/scaphandre"
0.9369179 W	2159340	"/home/boggy/ref_rapl/energy_exp_server/NPB3.4.3/NPB3.4-MPI/bin/mg.C.x"
0.9369179 W	2159343	"/home/boggy/ref_rapl/energy_exp_server/NPB3.4.3/NPB3.4-MPI/bin/mg.C.x"
0.9369179 W	2159341	"/home/boggy/ref_rapl/energy_exp_server/NPB3.4.3/NPB3.4-MPI/bin/mg.C.x"
------------------------------------------------------------

Host:	55.571401 W from 
	package 	core		dram		uncore
Socket0	52.236176 W |	46.230713 W	4.698026 W	0 W	

Top 5 consumers:
Power		PID	Exe
0.9418882 W	2159342	"/home/boggy/ref_rapl/energy_exp_server/NPB3.4.3/NPB3.4-MPI/bin/mg.C.x"
0.9418882 W	2159340	"/home/boggy/ref_rapl/energy_exp_server/NPB3.4.3/NPB3.4-MPI/bin/mg.C.x"
0.9418882 W	2159343	"/home/boggy/ref_rapl/energy_exp_server/NPB3.4.3/NPB3.4-MPI/bin/mg.C.x"
0.9418882 W	2159341	"/home/boggy/ref_rapl/energy_exp_server/NPB3.4.3/NPB3.4-MPI/bin/mg.C.x"
0.62792546 W	2159320	"/home/boggy/ref_rapl/scaphandre/target/release/scaphandre"
------------------------------------------------------------

Host:	57.435758 W from 
	package 	core		dram		uncore
Socket0	50.846535 W |	46.10893 W	4.561019 W	0 W	

Top 5 consumers:
Power		PID	Exe
1.2979833 W	2159342	"/home/boggy/ref_rapl/energy_exp_server/NPB3.4.3/NPB3.4-MPI/bin/mg.C.x"
0.97348744 W	2159340	"/home/boggy/ref_rapl/energy_exp_server/NPB3.4.3/NPB3.4-MPI/bin/mg.C.x"
0.97348744 W	2159343	"/home/boggy/ref_rapl/energy_exp_server/NPB3.4.3/NPB3.4-MPI/bin/mg.C.x"
0.97348744 W	2159341	"/home/boggy/ref_rapl/energy_exp_server/NPB3.4.3/NPB3.4-MPI/bin/mg.C.x"
0.32449582 W	2159320	"/home/boggy/ref_rapl/scaphandre/target/release/scaphandre"
------------------------------------------------------------

Host:	53.406986 W from 
	package 	core		dram		uncore
Socket0	49.403816 W |	44.834538 W	4.711637 W	0 W	

Top 5 consumers:
Power		PID	Exe
1.2069376 W	2159320	"/home/boggy/ref_rapl/scaphandre/target/release/scaphandre"
1.2069376 W	2159343	"/home/boggy/ref_rapl/energy_exp_server/NPB3.4.3/NPB3.4-MPI/bin/mg.C.x"
0.90520316 W	2159342	"/home/boggy/ref_rapl/energy_exp_server/NPB3.4.3/NPB3.4-MPI/bin/mg.C.x"
0.90520316 W	2159340	"/home/boggy/ref_rapl/energy_exp_server/NPB3.4.3/NPB3.4-MPI/bin/mg.C.x"
0.90520316 W	2159341	"/home/boggy/ref_rapl/energy_exp_server/NPB3.4.3/NPB3.4-MPI/bin/mg.C.x"
------------------------------------------------------------

Host:	53.663265 W from 
	package 	core		dram		uncore
Socket0	50.36448 W |	44.565025 W	4.344728 W	0 W	

Top 5 consumers:
Power		PID	Exe
0.90954685 W	2159342	"/home/boggy/ref_rapl/energy_exp_server/NPB3.4.3/NPB3.4-MPI/bin/mg.C.x"
0.90954685 W	2159340	"/home/boggy/ref_rapl/energy_exp_server/NPB3.4.3/NPB3.4-MPI/bin/mg.C.x"
0.90954685 W	2159343	"/home/boggy/ref_rapl/energy_exp_server/NPB3.4.3/NPB3.4-MPI/bin/mg.C.x"
0.90954685 W	2159341	"/home/boggy/ref_rapl/energy_exp_server/NPB3.4.3/NPB3.4-MPI/bin/mg.C.x"
0.60636455 W	2159320	"/home/boggy/ref_rapl/scaphandre/target/release/scaphandre"
------------------------------------------------------------

Host:	53.424341 W from 
	package 	core		dram		uncore
Socket0	48.542213 W |	43.88928 W	4.726452 W	0 W	

Top 5 consumers:
Power		PID	Exe
1.2073298 W	2159340	"/home/boggy/ref_rapl/energy_exp_server/NPB3.4.3/NPB3.4-MPI/bin/mg.C.x"
1.2073298 W	2159341	"/home/boggy/ref_rapl/energy_exp_server/NPB3.4.3/NPB3.4-MPI/bin/mg.C.x"
0.9054973 W	2159342	"/home/boggy/ref_rapl/energy_exp_server/NPB3.4.3/NPB3.4-MPI/bin/mg.C.x"
0.9054973 W	2159320	"/home/boggy/ref_rapl/scaphandre/target/release/scaphandre"
0.9054973 W	2159343	"/home/boggy/ref_rapl/energy_exp_server/NPB3.4.3/NPB3.4-MPI/bin/mg.C.x"
------------------------------------------------------------

Host:	53.237065 W from 
	package 	core		dram		uncore
Socket0	48.789967 W |	43.883904 W	4.903823 W	0 W	

Top 5 consumers:
Power		PID	Exe
1.1963385 W	2159342	"/home/boggy/ref_rapl/energy_exp_server/NPB3.4.3/NPB3.4-MPI/bin/mg.C.x"
0.8972539 W	2159340	"/home/boggy/ref_rapl/energy_exp_server/NPB3.4.3/NPB3.4-MPI/bin/mg.C.x"
0.8972539 W	2159343	"/home/boggy/ref_rapl/energy_exp_server/NPB3.4.3/NPB3.4-MPI/bin/mg.C.x"
0.8972539 W	2159341	"/home/boggy/ref_rapl/energy_exp_server/NPB3.4.3/NPB3.4-MPI/bin/mg.C.x"
0.59816927 W	2159320	"/home/boggy/ref_rapl/scaphandre/target/release/scaphandre"
------------------------------------------------------------

Host:	53.438471 W from 
	package 	core		dram		uncore
Socket0	50.04067 W |	43.840023 W	4.732833 W	0 W	

Top 5 consumers:
Power		PID	Exe
1.2008646 W	2159343	"/home/boggy/ref_rapl/energy_exp_server/NPB3.4.3/NPB3.4-MPI/bin/mg.C.x"
0.90064836 W	2159342	"/home/boggy/ref_rapl/energy_exp_server/NPB3.4.3/NPB3.4-MPI/bin/mg.C.x"
0.90064836 W	2159320	"/home/boggy/ref_rapl/scaphandre/target/release/scaphandre"
0.90064836 W	2159340	"/home/boggy/ref_rapl/energy_exp_server/NPB3.4.3/NPB3.4-MPI/bin/mg.C.x"
0.90064836 W	2159341	"/home/boggy/ref_rapl/energy_exp_server/NPB3.4.3/NPB3.4-MPI/bin/mg.C.x"
------------------------------------------------------------

Host:	54.764039 W from 
	package 	core		dram		uncore
Socket0	48.548737 W |	43.6624 W	4.745237 W	0 W	

Top 5 consumers:
Power		PID	Exe
0.92298937 W	2159342	"/home/boggy/ref_rapl/energy_exp_server/NPB3.4.3/NPB3.4-MPI/bin/mg.C.x"
0.92298937 W	2159340	"/home/boggy/ref_rapl/energy_exp_server/NPB3.4.3/NPB3.4-MPI/bin/mg.C.x"
0.92298937 W	2159343	"/home/boggy/ref_rapl/energy_exp_server/NPB3.4.3/NPB3.4-MPI/bin/mg.C.x"
0.92298937 W	2159341	"/home/boggy/ref_rapl/energy_exp_server/NPB3.4.3/NPB3.4-MPI/bin/mg.C.x"
0.6153262 W	2159320	"/home/boggy/ref_rapl/scaphandre/target/release/scaphandre"
------------------------------------------------------------

Host:	54.765559 W from 
	package 	core		dram		uncore
Socket0	48.639244 W |	44.089146 W	4.861059 W	0 W	

Top 5 consumers:
Power		PID	Exe
0.923015 W	2159320	"/home/boggy/ref_rapl/scaphandre/target/release/scaphandre"
0.923015 W	2159340	"/home/boggy/ref_rapl/energy_exp_server/NPB3.4.3/NPB3.4-MPI/bin/mg.C.x"
0.923015 W	2159341	"/home/boggy/ref_rapl/energy_exp_server/NPB3.4.3/NPB3.4-MPI/bin/mg.C.x"
0.61534333 W	2159342	"/home/boggy/ref_rapl/energy_exp_server/NPB3.4.3/NPB3.4-MPI/bin/mg.C.x"
0.61534333 W	2159343	"/home/boggy/ref_rapl/energy_exp_server/NPB3.4.3/NPB3.4-MPI/bin/mg.C.x"
------------------------------------------------------------

Host:	51.27493 W from 
	package 	core		dram		uncore
Socket0	50.005775 W |	44.91731 W	4.774029 W	0 W	

Top 5 consumers:
Power		PID	Exe
1.7283684 W	2159342	"/home/boggy/ref_rapl/energy_exp_server/NPB3.4.3/NPB3.4-MPI/bin/mg.C.x"
1.7283684 W	2159343	"/home/boggy/ref_rapl/energy_exp_server/NPB3.4.3/NPB3.4-MPI/bin/mg.C.x"
1.440307 W	2159340	"/home/boggy/ref_rapl/energy_exp_server/NPB3.4.3/NPB3.4-MPI/bin/mg.C.x"
1.440307 W	2159341	"/home/boggy/ref_rapl/energy_exp_server/NPB3.4.3/NPB3.4-MPI/bin/mg.C.x"
0.8641842 W	2159320	"/home/boggy/ref_rapl/scaphandre/target/release/scaphandre"
------------------------------------------------------------

Host:	50.050928 W from 
	package 	core		dram		uncore
Socket0	46.994972 W |	41.484917 W	4.414865 W	0 W	

Top 5 consumers:
Power		PID	Exe
1.853738 W	2159342	"/home/boggy/ref_rapl/energy_exp_server/NPB3.4.3/NPB3.4-MPI/bin/mg.C.x"
1.853738 W	2159340	"/home/boggy/ref_rapl/energy_exp_server/NPB3.4.3/NPB3.4-MPI/bin/mg.C.x"
1.853738 W	2159343	"/home/boggy/ref_rapl/energy_exp_server/NPB3.4.3/NPB3.4-MPI/bin/mg.C.x"
1.853738 W	2159341	"/home/boggy/ref_rapl/energy_exp_server/NPB3.4.3/NPB3.4-MPI/bin/mg.C.x"
0.6179127 W	2159320	"/home/boggy/ref_rapl/scaphandre/target/release/scaphandre"
------------------------------------------------------------

Host:	46.909782 W from 
	package 	core		dram		uncore
Socket0	45.370113 W |	40.572655 W	4.527266 W	0 W	

Top 5 consumers:
Power		PID	Exe
1.7373992 W	2159342	"/home/boggy/ref_rapl/energy_exp_server/NPB3.4.3/NPB3.4-MPI/bin/mg.C.x"
1.7373992 W	2159340	"/home/boggy/ref_rapl/energy_exp_server/NPB3.4.3/NPB3.4-MPI/bin/mg.C.x"
1.7373992 W	2159343	"/home/boggy/ref_rapl/energy_exp_server/NPB3.4.3/NPB3.4-MPI/bin/mg.C.x"
1.7373992 W	2159341	"/home/boggy/ref_rapl/energy_exp_server/NPB3.4.3/NPB3.4-MPI/bin/mg.C.x"
0.8686996 W	2159320	"/home/boggy/ref_rapl/scaphandre/target/release/scaphandre"
------------------------------------------------------------

Host:	45.911553 W from 
	package 	core		dram		uncore
Socket0	41.281506 W |	36.16137 W	4.576683 W	0 W	

Top 5 consumers:
Power		PID	Exe
2.2672372 W	2159342	"/home/boggy/ref_rapl/energy_exp_server/NPB3.4.3/NPB3.4-MPI/bin/mg.C.x"
2.2672372 W	2159340	"/home/boggy/ref_rapl/energy_exp_server/NPB3.4.3/NPB3.4-MPI/bin/mg.C.x"
2.2672372 W	2159343	"/home/boggy/ref_rapl/energy_exp_server/NPB3.4.3/NPB3.4-MPI/bin/mg.C.x"
2.2672372 W	2159341	"/home/boggy/ref_rapl/energy_exp_server/NPB3.4.3/NPB3.4-MPI/bin/mg.C.x"
1.7004279 W	2159320	"/home/boggy/ref_rapl/scaphandre/target/release/scaphandre"
------------------------------------------------------------

Host:	52.97087 W from 
	package 	core		dram		uncore
Socket0	42.042034 W |	36.907444 W	4.525273 W	0 W	

Top 5 consumers:
Power		PID	Exe
2.2472494 W	2159342	"/home/boggy/ref_rapl/energy_exp_server/NPB3.4.3/NPB3.4-MPI/bin/mg.C.x"
2.2472494 W	2159340	"/home/boggy/ref_rapl/energy_exp_server/NPB3.4.3/NPB3.4-MPI/bin/mg.C.x"
2.2472494 W	2159341	"/home/boggy/ref_rapl/energy_exp_server/NPB3.4.3/NPB3.4-MPI/bin/mg.C.x"
1.9262134 W	2159343	"/home/boggy/ref_rapl/energy_exp_server/NPB3.4.3/NPB3.4-MPI/bin/mg.C.x"
0.9631067 W	2159320	"/home/boggy/ref_rapl/scaphandre/target/release/scaphandre"
------------------------------------------------------------

Host:	50.070564 W from 
	package 	core		dram		uncore
Socket0	49.266335 W |	43.959797 W	4.543939 W	0 W	

Top 5 consumers:
Power		PID	Exe
1.8207477 W	2159340	"/home/boggy/ref_rapl/energy_exp_server/NPB3.4.3/NPB3.4-MPI/bin/mg.C.x"
1.8207477 W	2159343	"/home/boggy/ref_rapl/energy_exp_server/NPB3.4.3/NPB3.4-MPI/bin/mg.C.x"
1.8207477 W	2159341	"/home/boggy/ref_rapl/energy_exp_server/NPB3.4.3/NPB3.4-MPI/bin/mg.C.x"
1.5172898 W	2159342	"/home/boggy/ref_rapl/energy_exp_server/NPB3.4.3/NPB3.4-MPI/bin/mg.C.x"
1.2138318 W	2159320	"/home/boggy/ref_rapl/scaphandre/target/release/scaphandre"
------------------------------------------------------------

Host:	51.489014 W from 
	package 	core		dram		uncore
Socket0	44.919254 W |	40.186295 W	4.60155 W	0 W	

Top 5 consumers:
Power		PID	Exe
1.8723278 W	2159342	"/home/boggy/ref_rapl/energy_exp_server/NPB3.4.3/NPB3.4-MPI/bin/mg.C.x"
1.8723278 W	2159343	"/home/boggy/ref_rapl/energy_exp_server/NPB3.4.3/NPB3.4-MPI/bin/mg.C.x"
1.8723278 W	2159341	"/home/boggy/ref_rapl/energy_exp_server/NPB3.4.3/NPB3.4-MPI/bin/mg.C.x"
1.5602732 W	2159340	"/home/boggy/ref_rapl/energy_exp_server/NPB3.4.3/NPB3.4-MPI/bin/mg.C.x"
0.6241092 W	2159320	"/home/boggy/ref_rapl/scaphandre/target/release/scaphandre"
------------------------------------------------------------

Host:	51.598841 W from 
	package 	core		dram		uncore
Socket0	47.298 W |	41.78923 W	4.681279 W	0 W	

Top 5 consumers:
Power		PID	Exe
1.8763213 W	2159342	"/home/boggy/ref_rapl/energy_exp_server/NPB3.4.3/NPB3.4-MPI/bin/mg.C.x"
1.8763213 W	2159340	"/home/boggy/ref_rapl/energy_exp_server/NPB3.4.3/NPB3.4-MPI/bin/mg.C.x"
1.8763213 W	2159343	"/home/boggy/ref_rapl/energy_exp_server/NPB3.4.3/NPB3.4-MPI/bin/mg.C.x"
1.5636013 W	2159341	"/home/boggy/ref_rapl/energy_exp_server/NPB3.4.3/NPB3.4-MPI/bin/mg.C.x"
0.93816066 W	2159320	"/home/boggy/ref_rapl/scaphandre/target/release/scaphandre"
------------------------------------------------------------

Host:	52.378373 W from 
	package 	core		dram		uncore
Socket0	47.6448 W |	42.219524 W	4.805836 W	0 W	

Top 5 consumers:
Power		PID	Exe
1.6716503 W	2159342	"/home/boggy/ref_rapl/energy_exp_server/NPB3.4.3/NPB3.4-MPI/bin/mg.C.x"
1.6716503 W	2159340	"/home/boggy/ref_rapl/energy_exp_server/NPB3.4.3/NPB3.4-MPI/bin/mg.C.x"
1.6716503 W	2159343	"/home/boggy/ref_rapl/energy_exp_server/NPB3.4.3/NPB3.4-MPI/bin/mg.C.x"
1.6716503 W	2159341	"/home/boggy/ref_rapl/energy_exp_server/NPB3.4.3/NPB3.4-MPI/bin/mg.C.x"
0.83582515 W	2159320	"/home/boggy/ref_rapl/scaphandre/target/release/scaphandre"
------------------------------------------------------------

Host:	52.45445 W from 
	package 	core		dram		uncore
Socket0	47.58112 W |	42.164593 W	4.792772 W	0 W	

Top 5 consumers:
Power		PID	Exe
1.6740782 W	2159340	"/home/boggy/ref_rapl/energy_exp_server/NPB3.4.3/NPB3.4-MPI/bin/mg.C.x"
1.6740782 W	2159341	"/home/boggy/ref_rapl/energy_exp_server/NPB3.4.3/NPB3.4-MPI/bin/mg.C.x"
1.3950651 W	2159342	"/home/boggy/ref_rapl/energy_exp_server/NPB3.4.3/NPB3.4-MPI/bin/mg.C.x"
1.3950651 W	2159343	"/home/boggy/ref_rapl/energy_exp_server/NPB3.4.3/NPB3.4-MPI/bin/mg.C.x"
0.5580261 W	2159320	"/home/boggy/ref_rapl/scaphandre/target/release/scaphandre"
------------------------------------------------------------

Host:	52.779492 W from 
	package 	core		dram		uncore
Socket0	46.520657 W |	41.795334 W	4.693652 W	0 W	

Top 5 consumers:
Power		PID	Exe
1.6844518 W	2159342	"/home/boggy/ref_rapl/energy_exp_server/NPB3.4.3/NPB3.4-MPI/bin/mg.C.x"
1.6844518 W	2159343	"/home/boggy/ref_rapl/energy_exp_server/NPB3.4.3/NPB3.4-MPI/bin/mg.C.x"
1.4037099 W	2159340	"/home/boggy/ref_rapl/energy_exp_server/NPB3.4.3/NPB3.4-MPI/bin/mg.C.x"
1.4037099 W	2159341	"/home/boggy/ref_rapl/energy_exp_server/NPB3.4.3/NPB3.4-MPI/bin/mg.C.x"
0.5614839 W	2159320	"/home/boggy/ref_rapl/scaphandre/target/release/scaphandre"
------------------------------------------------------------

Host:	57.419984 W from 
	package 	core		dram		uncore
Socket0	53.054234 W |	47.669346 W	4.642381 W	0 W	

Top 5 consumers:
Power		PID	Exe
0.6108509 W	2159342	"/home/boggy/ref_rapl/energy_exp_server/NPB3.4.3/NPB3.4-MPI/bin/mg.C.x"
0.6108509 W	2159320	"/home/boggy/ref_rapl/scaphandre/target/release/scaphandre"
0.6108509 W	2159340	"/home/boggy/ref_rapl/energy_exp_server/NPB3.4.3/NPB3.4-MPI/bin/mg.C.x"
0.6108509 W	2159343	"/home/boggy/ref_rapl/energy_exp_server/NPB3.4.3/NPB3.4-MPI/bin/mg.C.x"
0.6108509 W	2159341	"/home/boggy/ref_rapl/energy_exp_server/NPB3.4.3/NPB3.4-MPI/bin/mg.C.x"
------------------------------------------------------------

Host:	57.191948 W from 
	package 	core		dram		uncore
Socket0	52.528824 W |	47.413784 W	4.587145 W	0 W	

Top 5 consumers:
Power		PID	Exe
0.9126375 W	2159320	"/home/boggy/ref_rapl/scaphandre/target/release/scaphandre"
0.9126375 W	2159341	"/home/boggy/ref_rapl/energy_exp_server/NPB3.4.3/NPB3.4-MPI/bin/mg.C.x"
0.608425 W	2159342	"/home/boggy/ref_rapl/energy_exp_server/NPB3.4.3/NPB3.4-MPI/bin/mg.C.x"
0.608425 W	2159340	"/home/boggy/ref_rapl/energy_exp_server/NPB3.4.3/NPB3.4-MPI/bin/mg.C.x"
0.608425 W	2159343	"/home/boggy/ref_rapl/energy_exp_server/NPB3.4.3/NPB3.4-MPI/bin/mg.C.x"
------------------------------------------------------------

Host:	56.024535 W from 
	package 	core		dram		uncore
Socket0	52.858795 W |	47.823185 W	4.616632 W	0 W	

Top 5 consumers:
Power		PID	Exe
0.8940086 W	2159340	"/home/boggy/ref_rapl/energy_exp_server/NPB3.4.3/NPB3.4-MPI/bin/mg.C.x"
0.5960057 W	2159342	"/home/boggy/ref_rapl/energy_exp_server/NPB3.4.3/NPB3.4-MPI/bin/mg.C.x"
0.5960057 W	2159320	"/home/boggy/ref_rapl/scaphandre/target/release/scaphandre"
0.5960057 W	2159343	"/home/boggy/ref_rapl/energy_exp_server/NPB3.4.3/NPB3.4-MPI/bin/mg.C.x"
0.5960057 W	2159341	"/home/boggy/ref_rapl/energy_exp_server/NPB3.4.3/NPB3.4-MPI/bin/mg.C.x"
------------------------------------------------------------

Host:	57.683224 W from 
	package 	core		dram		uncore
Socket0	53.769707 W |	47.6321 W	4.695592 W	0 W	

Top 5 consumers:
Power		PID	Exe
1.0748427 W	2159342	"/home/boggy/ref_rapl/energy_exp_server/NPB3.4.3/NPB3.4-MPI/bin/mg.C.x"
0.7165618 W	2159320	"/home/boggy/ref_rapl/scaphandre/target/release/scaphandre"
0.7165618 W	2159340	"/home/boggy/ref_rapl/energy_exp_server/NPB3.4.3/NPB3.4-MPI/bin/mg.C.x"
0.7165618 W	2159343	"/home/boggy/ref_rapl/energy_exp_server/NPB3.4.3/NPB3.4-MPI/bin/mg.C.x"
0.7165618 W	2159341	"/home/boggy/ref_rapl/energy_exp_server/NPB3.4.3/NPB3.4-MPI/bin/mg.C.x"
------------------------------------------------------------

Host:	55.867176 W from 
	package 	core		dram		uncore
Socket0	53.096825 W |	47.854496 W	4.612953 W	0 W	

Top 5 consumers:
Power		PID	Exe
1.0410033 W	2159342	"/home/boggy/ref_rapl/energy_exp_server/NPB3.4.3/NPB3.4-MPI/bin/mg.C.x"
1.0410033 W	2159340	"/home/boggy/ref_rapl/energy_exp_server/NPB3.4.3/NPB3.4-MPI/bin/mg.C.x"
1.0410033 W	2159343	"/home/boggy/ref_rapl/energy_exp_server/NPB3.4.3/NPB3.4-MPI/bin/mg.C.x"
1.0410033 W	2159341	"/home/boggy/ref_rapl/energy_exp_server/NPB3.4.3/NPB3.4-MPI/bin/mg.C.x"
0.6940022 W	2159320	"/home/boggy/ref_rapl/scaphandre/target/release/scaphandre"
------------------------------------------------------------

Host:	57.533386 W from 
	package 	core		dram		uncore
Socket0	51.374687 W |	46.24843 W	4.609383 W	0 W	

Top 5 consumers:
Power		PID	Exe
1.0720507 W	2159320	"/home/boggy/ref_rapl/scaphandre/target/release/scaphandre"
1.0720507 W	2159340	"/home/boggy/ref_rapl/energy_exp_server/NPB3.4.3/NPB3.4-MPI/bin/mg.C.x"
1.0720507 W	2159343	"/home/boggy/ref_rapl/energy_exp_server/NPB3.4.3/NPB3.4-MPI/bin/mg.C.x"
1.0720507 W	2159341	"/home/boggy/ref_rapl/energy_exp_server/NPB3.4.3/NPB3.4-MPI/bin/mg.C.x"
0.71470046 W	2159342	"/home/boggy/ref_rapl/energy_exp_server/NPB3.4.3/NPB3.4-MPI/bin/mg.C.x"
------------------------------------------------------------

Host:	52.418109 W from 
	package 	core		dram		uncore
Socket0	49.46295 W |	45.09313 W	4.661009 W	0 W	

Top 5 consumers:
Power		PID	Exe
1.3023132 W	2159342	"/home/boggy/ref_rapl/energy_exp_server/NPB3.4.3/NPB3.4-MPI/bin/mg.C.x"
1.3023132 W	2159343	"/home/boggy/ref_rapl/energy_exp_server/NPB3.4.3/NPB3.4-MPI/bin/mg.C.x"
0.976735 W	2159340	"/home/boggy/ref_rapl/energy_exp_server/NPB3.4.3/NPB3.4-MPI/bin/mg.C.x"
0.976735 W	2159341	"/home/boggy/ref_rapl/energy_exp_server/NPB3.4.3/NPB3.4-MPI/bin/mg.C.x"
0.6511566 W	2159320	"/home/boggy/ref_rapl/scaphandre/target/release/scaphandre"
------------------------------------------------------------

Host:	53.289848 W from 
	package 	core		dram		uncore
Socket0	48.74412 W |	44.07476 W	4.376239 W	0 W	

Top 5 consumers:
Power		PID	Exe
0.9929786 W	2159342	"/home/boggy/ref_rapl/energy_exp_server/NPB3.4.3/NPB3.4-MPI/bin/mg.C.x"
0.9929786 W	2159320	"/home/boggy/ref_rapl/scaphandre/target/release/scaphandre"
0.9929786 W	2159340	"/home/boggy/ref_rapl/energy_exp_server/NPB3.4.3/NPB3.4-MPI/bin/mg.C.x"
0.9929786 W	2159343	"/home/boggy/ref_rapl/energy_exp_server/NPB3.4.3/NPB3.4-MPI/bin/mg.C.x"
0.9929786 W	2159341	"/home/boggy/ref_rapl/energy_exp_server/NPB3.4.3/NPB3.4-MPI/bin/mg.C.x"
------------------------------------------------------------

Host:	53.516082 W from 
	package 	core		dram		uncore
Socket0	50.17479 W |	43.942703 W	4.756884 W	0 W	

Top 5 consumers:
Power		PID	Exe
0.9971941 W	2159342	"/home/boggy/ref_rapl/energy_exp_server/NPB3.4.3/NPB3.4-MPI/bin/mg.C.x"
0.9971941 W	2159340	"/home/boggy/ref_rapl/energy_exp_server/NPB3.4.3/NPB3.4-MPI/bin/mg.C.x"
0.9971941 W	2159343	"/home/boggy/ref_rapl/energy_exp_server/NPB3.4.3/NPB3.4-MPI/bin/mg.C.x"
0.9971941 W	2159341	"/home/boggy/ref_rapl/energy_exp_server/NPB3.4.3/NPB3.4-MPI/bin/mg.C.x"
0.66479605 W	2159320	"/home/boggy/ref_rapl/scaphandre/target/release/scaphandre"
------------------------------------------------------------

Host:	55.152535 W from 
	package 	core		dram		uncore
Socket0	48.879063 W |	43.99535 W	4.765943 W	0 W	

Top 5 consumers:
Power		PID	Exe
1.3702493 W	2159340	"/home/boggy/ref_rapl/energy_exp_server/NPB3.4.3/NPB3.4-MPI/bin/mg.C.x"
1.3702493 W	2159341	"/home/boggy/ref_rapl/energy_exp_server/NPB3.4.3/NPB3.4-MPI/bin/mg.C.x"
1.027687 W	2159342	"/home/boggy/ref_rapl/energy_exp_server/NPB3.4.3/NPB3.4-MPI/bin/mg.C.x"
1.027687 W	2159343	"/home/boggy/ref_rapl/energy_exp_server/NPB3.4.3/NPB3.4-MPI/bin/mg.C.x"
0.68512464 W	2159320	"/home/boggy/ref_rapl/scaphandre/target/release/scaphandre"
------------------------------------------------------------

Host:	53.835029 W from 
	package 	core		dram		uncore
Socket0	48.785496 W |	43.904564 W	4.744149 W	0 W	

Top 5 consumers:
Power		PID	Exe
1.2375869 W	2159342	"/home/boggy/ref_rapl/energy_exp_server/NPB3.4.3/NPB3.4-MPI/bin/mg.C.x"
0.9281901 W	2159320	"/home/boggy/ref_rapl/scaphandre/target/release/scaphandre"
0.9281901 W	2159340	"/home/boggy/ref_rapl/energy_exp_server/NPB3.4.3/NPB3.4-MPI/bin/mg.C.x"
0.9281901 W	2159343	"/home/boggy/ref_rapl/energy_exp_server/NPB3.4.3/NPB3.4-MPI/bin/mg.C.x"
0.9281901 W	2159341	"/home/boggy/ref_rapl/energy_exp_server/NPB3.4.3/NPB3.4-MPI/bin/mg.C.x"
------------------------------------------------------------

Host:	53.970407 W from 
	package 	core		dram		uncore
Socket0	49.07833 W |	44.002663 W	4.767532 W	0 W	

Top 5 consumers:
Power		PID	Exe
1.240699 W	2159343	"/home/boggy/ref_rapl/energy_exp_server/NPB3.4.3/NPB3.4-MPI/bin/mg.C.x"
0.93052423 W	2159342	"/home/boggy/ref_rapl/energy_exp_server/NPB3.4.3/NPB3.4-MPI/bin/mg.C.x"
0.93052423 W	2159320	"/home/boggy/ref_rapl/scaphandre/target/release/scaphandre"
0.93052423 W	2159340	"/home/boggy/ref_rapl/energy_exp_server/NPB3.4.3/NPB3.4-MPI/bin/mg.C.x"
0.93052423 W	2159341	"/home/boggy/ref_rapl/energy_exp_server/NPB3.4.3/NPB3.4-MPI/bin/mg.C.x"
------------------------------------------------------------

Host:	52.935601 W from 
	package 	core		dram		uncore
Socket0	49.28743 W |	43.94263 W	4.794067 W	0 W	

Top 5 consumers:
Power		PID	Exe
0.9126828 W	2159342	"/home/boggy/ref_rapl/energy_exp_server/NPB3.4.3/NPB3.4-MPI/bin/mg.C.x"
0.9126828 W	2159320	"/home/boggy/ref_rapl/scaphandre/target/release/scaphandre"
0.9126828 W	2159340	"/home/boggy/ref_rapl/energy_exp_server/NPB3.4.3/NPB3.4-MPI/bin/mg.C.x"
0.9126828 W	2159343	"/home/boggy/ref_rapl/energy_exp_server/NPB3.4.3/NPB3.4-MPI/bin/mg.C.x"
0.9126828 W	2159341	"/home/boggy/ref_rapl/energy_exp_server/NPB3.4.3/NPB3.4-MPI/bin/mg.C.x"
------------------------------------------------------------

Host:	53.03723 W from 
	package 	core		dram		uncore
Socket0	48.358185 W |	44.013996 W	4.79577 W	0 W	

Top 5 consumers:
Power		PID	Exe
0.914435 W	2159342	"/home/boggy/ref_rapl/energy_exp_server/NPB3.4.3/NPB3.4-MPI/bin/mg.C.x"
0.914435 W	2159340	"/home/boggy/ref_rapl/energy_exp_server/NPB3.4.3/NPB3.4-MPI/bin/mg.C.x"
0.914435 W	2159343	"/home/boggy/ref_rapl/energy_exp_server/NPB3.4.3/NPB3.4-MPI/bin/mg.C.x"
0.914435 W	2159341	"/home/boggy/ref_rapl/energy_exp_server/NPB3.4.3/NPB3.4-MPI/bin/mg.C.x"
0.6096233 W	2159320	"/home/boggy/ref_rapl/scaphandre/target/release/scaphandre"
------------------------------------------------------------

Host:	52.351752 W from 
	package 	core		dram		uncore
Socket0	48.34085 W |	42.849503 W	4.286973 W	0 W	

Top 5 consumers:
Power		PID	Exe
1.2034885 W	2159340	"/home/boggy/ref_rapl/energy_exp_server/NPB3.4.3/NPB3.4-MPI/bin/mg.C.x"
0.9026164 W	2159342	"/home/boggy/ref_rapl/energy_exp_server/NPB3.4.3/NPB3.4-MPI/bin/mg.C.x"
0.9026164 W	2159343	"/home/boggy/ref_rapl/energy_exp_server/NPB3.4.3/NPB3.4-MPI/bin/mg.C.x"
0.9026164 W	2159341	"/home/boggy/ref_rapl/energy_exp_server/NPB3.4.3/NPB3.4-MPI/bin/mg.C.x"
0.60174423 W	2159320	"/home/boggy/ref_rapl/scaphandre/target/release/scaphandre"
------------------------------------------------------------

Host:	51.768889 W from 
	package 	core		dram		uncore
Socket0	46.812088 W |	42.341805 W	4.638201 W	0 W	

Top 5 consumers:
Power		PID	Exe
1.1900893 W	2159340	"/home/boggy/ref_rapl/energy_exp_server/NPB3.4.3/NPB3.4-MPI/bin/mg.C.x"
1.1900893 W	2159341	"/home/boggy/ref_rapl/energy_exp_server/NPB3.4.3/NPB3.4-MPI/bin/mg.C.x"
0.89256704 W	2159342	"/home/boggy/ref_rapl/energy_exp_server/NPB3.4.3/NPB3.4-MPI/bin/mg.C.x"
0.89256704 W	2159320	"/home/boggy/ref_rapl/scaphandre/target/release/scaphandre"
0.89256704 W	2159343	"/home/boggy/ref_rapl/energy_exp_server/NPB3.4.3/NPB3.4-MPI/bin/mg.C.x"
------------------------------------------------------------

Host:	51.056007 W from 
	package 	core		dram		uncore
Socket0	48.88016 W |	42.588364 W	4.647471 W	0 W	

Top 5 consumers:
Power		PID	Exe
1.1737013 W	2159342	"/home/boggy/ref_rapl/energy_exp_server/NPB3.4.3/NPB3.4-MPI/bin/mg.C.x"
0.88027596 W	2159340	"/home/boggy/ref_rapl/energy_exp_server/NPB3.4.3/NPB3.4-MPI/bin/mg.C.x"
0.88027596 W	2159343	"/home/boggy/ref_rapl/energy_exp_server/NPB3.4.3/NPB3.4-MPI/bin/mg.C.x"
0.88027596 W	2159341	"/home/boggy/ref_rapl/energy_exp_server/NPB3.4.3/NPB3.4-MPI/bin/mg.C.x"
0.58685064 W	2159320	"/home/boggy/ref_rapl/scaphandre/target/release/scaphandre"
------------------------------------------------------------

Host:	47.550278 W from 
	package 	core		dram		uncore
Socket0	45.339054 W |	40.746796 W	4.377977 W	0 W	

Top 5 consumers:
Power		PID	Exe
1.0393503 W	2159320	"/home/boggy/ref_rapl/scaphandre/target/release/scaphandre"
1.0393503 W	2159340	"/home/boggy/ref_rapl/energy_exp_server/NPB3.4.3/NPB3.4-MPI/bin/mg.C.x"
1.0393503 W	2159343	"/home/boggy/ref_rapl/energy_exp_server/NPB3.4.3/NPB3.4-MPI/bin/mg.C.x"
1.0393503 W	2159341	"/home/boggy/ref_rapl/energy_exp_server/NPB3.4.3/NPB3.4-MPI/bin/mg.C.x"
0.77951276 W	2159342	"/home/boggy/ref_rapl/energy_exp_server/NPB3.4.3/NPB3.4-MPI/bin/mg.C.x"
------------------------------------------------------------

Host:	45.754975 W from 
	package 	core		dram		uncore
Socket0	41.79089 W |	36.433174 W	4.512696 W	0 W	

Top 5 consumers:
Power		PID	Exe
1.5001631 W	2159342	"/home/boggy/ref_rapl/energy_exp_server/NPB3.4.3/NPB3.4-MPI/bin/mg.C.x"
1.5001631 W	2159320	"/home/boggy/ref_rapl/scaphandre/target/release/scaphandre"
1.5001631 W	2159343	"/home/boggy/ref_rapl/energy_exp_server/NPB3.4.3/NPB3.4-MPI/bin/mg.C.x"
1.2501359 W	2159340	"/home/boggy/ref_rapl/energy_exp_server/NPB3.4.3/NPB3.4-MPI/bin/mg.C.x"
1.2501359 W	2159341	"/home/boggy/ref_rapl/energy_exp_server/NPB3.4.3/NPB3.4-MPI/bin/mg.C.x"
------------------------------------------------------------

Host:	49.408304 W from 
	package 	core		dram		uncore
Socket0	42.43963 W |	37.511013 W	4.580297 W	0 W	

Top 5 consumers:
Power		PID	Exe
1.3499537 W	2159342	"/home/boggy/ref_rapl/energy_exp_server/NPB3.4.3/NPB3.4-MPI/bin/mg.C.x"
1.3499537 W	2159320	"/home/boggy/ref_rapl/scaphandre/target/release/scaphandre"
1.3499537 W	2159340	"/home/boggy/ref_rapl/energy_exp_server/NPB3.4.3/NPB3.4-MPI/bin/mg.C.x"
1.3499537 W	2159341	"/home/boggy/ref_rapl/energy_exp_server/NPB3.4.3/NPB3.4-MPI/bin/mg.C.x"
1.0799628 W	2159343	"/home/boggy/ref_rapl/energy_exp_server/NPB3.4.3/NPB3.4-MPI/bin/mg.C.x"
------------------------------------------------------------

Host:	54.284354 W from 
	package 	core		dram		uncore
Socket0	45.726955 W |	40.275425 W	4.601846 W	0 W	

Top 5 consumers:
Power		PID	Exe
1.1865431 W	2159343	"/home/boggy/ref_rapl/energy_exp_server/NPB3.4.3/NPB3.4-MPI/bin/mg.C.x"
0.8899074 W	2159342	"/home/boggy/ref_rapl/energy_exp_server/NPB3.4.3/NPB3.4-MPI/bin/mg.C.x"
0.8899074 W	2159320	"/home/boggy/ref_rapl/scaphandre/target/release/scaphandre"
0.8899074 W	2159340	"/home/boggy/ref_rapl/energy_exp_server/NPB3.4.3/NPB3.4-MPI/bin/mg.C.x"
0.8899074 W	2159341	"/home/boggy/ref_rapl/energy_exp_server/NPB3.4.3/NPB3.4-MPI/bin/mg.C.x"
------------------------------------------------------------

Host:	56.166875 W from 
	package 	core		dram		uncore
Socket0	51.32211 W |	47.79497 W	4.418382 W	0 W	

Top 5 consumers:
Power		PID	Exe
0.92076844 W	2159342	"/home/boggy/ref_rapl/energy_exp_server/NPB3.4.3/NPB3.4-MPI/bin/mg.C.x"
0.92076844 W	2159340	"/home/boggy/ref_rapl/energy_exp_server/NPB3.4.3/NPB3.4-MPI/bin/mg.C.x"
0.92076844 W	2159343	"/home/boggy/ref_rapl/energy_exp_server/NPB3.4.3/NPB3.4-MPI/bin/mg.C.x"
0.92076844 W	2159341	"/home/boggy/ref_rapl/energy_exp_server/NPB3.4.3/NPB3.4-MPI/bin/mg.C.x"
0.6138456 W	2159320	"/home/boggy/ref_rapl/scaphandre/target/release/scaphandre"
------------------------------------------------------------

Host:	51.483344 W from 
	package 	core		dram		uncore
Socket0	50.027386 W |	43.47367 W	4.397593 W	0 W	

Top 5 consumers:
Power		PID	Exe
0.95339525 W	2159342	"/home/boggy/ref_rapl/energy_exp_server/NPB3.4.3/NPB3.4-MPI/bin/mg.C.x"
0.95339525 W	2159320	"/home/boggy/ref_rapl/scaphandre/target/release/scaphandre"
0.95339525 W	2159340	"/home/boggy/ref_rapl/energy_exp_server/NPB3.4.3/NPB3.4-MPI/bin/mg.C.x"
0.95339525 W	2159343	"/home/boggy/ref_rapl/energy_exp_server/NPB3.4.3/NPB3.4-MPI/bin/mg.C.x"
0.95339525 W	2159341	"/home/boggy/ref_rapl/energy_exp_server/NPB3.4.3/NPB3.4-MPI/bin/mg.C.x"
------------------------------------------------------------

Host:	52.070806 W from 
	package 	core		dram		uncore
Socket0	46.927914 W |	41.712715 W	4.570941 W	0 W	

Top 5 consumers:
Power		PID	Exe
1.2856989 W	2159341	"/home/boggy/ref_rapl/energy_exp_server/NPB3.4.3/NPB3.4-MPI/bin/mg.C.x"
0.96427417 W	2159342	"/home/boggy/ref_rapl/energy_exp_server/NPB3.4.3/NPB3.4-MPI/bin/mg.C.x"
0.96427417 W	2159340	"/home/boggy/ref_rapl/energy_exp_server/NPB3.4.3/NPB3.4-MPI/bin/mg.C.x"
0.96427417 W	2159343	"/home/boggy/ref_rapl/energy_exp_server/NPB3.4.3/NPB3.4-MPI/bin/mg.C.x"
0.64284945 W	2159320	"/home/boggy/ref_rapl/scaphandre/target/release/scaphandre"
------------------------------------------------------------

Host:	52.309804 W from 
	package 	core		dram		uncore
Socket0	47.30605 W |	41.681072 W	4.608962 W	0 W	

Top 5 consumers:
Power		PID	Exe
1.2916001 W	2159340	"/home/boggy/ref_rapl/energy_exp_server/NPB3.4.3/NPB3.4-MPI/bin/mg.C.x"
0.96870005 W	2159342	"/home/boggy/ref_rapl/energy_exp_server/NPB3.4.3/NPB3.4-MPI/bin/mg.C.x"
0.96870005 W	2159343	"/home/boggy/ref_rapl/energy_exp_server/NPB3.4.3/NPB3.4-MPI/bin/mg.C.x"
0.96870005 W	2159341	"/home/boggy/ref_rapl/energy_exp_server/NPB3.4.3/NPB3.4-MPI/bin/mg.C.x"
0.64580005 W	2159320	"/home/boggy/ref_rapl/scaphandre/target/release/scaphandre"
------------------------------------------------------------

Host:	54.037955 W from 
	package 	core		dram		uncore
Socket0	48.62619 W |	43.457767 W	4.755776 W	0 W	

Top 5 consumers:
Power		PID	Exe
1.3342705 W	2159342	"/home/boggy/ref_rapl/energy_exp_server/NPB3.4.3/NPB3.4-MPI/bin/mg.C.x"
1.0007029 W	2159320	"/home/boggy/ref_rapl/scaphandre/target/release/scaphandre"
1.0007029 W	2159340	"/home/boggy/ref_rapl/energy_exp_server/NPB3.4.3/NPB3.4-MPI/bin/mg.C.x"
1.0007029 W	2159343	"/home/boggy/ref_rapl/energy_exp_server/NPB3.4.3/NPB3.4-MPI/bin/mg.C.x"
1.0007029 W	2159341	"/home/boggy/ref_rapl/energy_exp_server/NPB3.4.3/NPB3.4-MPI/bin/mg.C.x"
------------------------------------------------------------

Host:	53.786952 W from 
	package 	core		dram		uncore
Socket0	49.464012 W |	44.077225 W	4.81215 W	0 W	

Top 5 consumers:
Power		PID	Exe
1.3280729 W	2159343	"/home/boggy/ref_rapl/energy_exp_server/NPB3.4.3/NPB3.4-MPI/bin/mg.C.x"
0.99605465 W	2159342	"/home/boggy/ref_rapl/energy_exp_server/NPB3.4.3/NPB3.4-MPI/bin/mg.C.x"
0.99605465 W	2159320	"/home/boggy/ref_rapl/scaphandre/target/release/scaphandre"
0.99605465 W	2159340	"/home/boggy/ref_rapl/energy_exp_server/NPB3.4.3/NPB3.4-MPI/bin/mg.C.x"
0.99605465 W	2159341	"/home/boggy/ref_rapl/energy_exp_server/NPB3.4.3/NPB3.4-MPI/bin/mg.C.x"
------------------------------------------------------------

Host:	53.859956 W from 
	package 	core		dram		uncore
Socket0	47.871742 W |	43.78532 W	4.818866 W	0 W	

Top 5 consumers:
Power		PID	Exe
0.99740654 W	2159342	"/home/boggy/ref_rapl/energy_exp_server/NPB3.4.3/NPB3.4-MPI/bin/mg.C.x"
0.99740654 W	2159340	"/home/boggy/ref_rapl/energy_exp_server/NPB3.4.3/NPB3.4-MPI/bin/mg.C.x"
0.99740654 W	2159343	"/home/boggy/ref_rapl/energy_exp_server/NPB3.4.3/NPB3.4-MPI/bin/mg.C.x"
0.99740654 W	2159341	"/home/boggy/ref_rapl/energy_exp_server/NPB3.4.3/NPB3.4-MPI/bin/mg.C.x"
0.6649377 W	2159320	"/home/boggy/ref_rapl/scaphandre/target/release/scaphandre"
------------------------------------------------------------

Host:	54.985946 W from 
	package 	core		dram		uncore
Socket0	50.235313 W |	43.95143 W	4.740946 W	0 W	

Top 5 consumers:
Power		PID	Exe
1.0182582 W	2159342	"/home/boggy/ref_rapl/energy_exp_server/NPB3.4.3/NPB3.4-MPI/bin/mg.C.x"
1.0182582 W	2159320	"/home/boggy/ref_rapl/scaphandre/target/release/scaphandre"
1.0182582 W	2159340	"/home/boggy/ref_rapl/energy_exp_server/NPB3.4.3/NPB3.4-MPI/bin/mg.C.x"
1.0182582 W	2159343	"/home/boggy/ref_rapl/energy_exp_server/NPB3.4.3/NPB3.4-MPI/bin/mg.C.x"
1.0182582 W	2159341	"/home/boggy/ref_rapl/energy_exp_server/NPB3.4.3/NPB3.4-MPI/bin/mg.C.x"
------------------------------------------------------------

Host:	53.128438 W from 
	package 	core		dram		uncore
Socket0	48.4166 W |	43.832066 W	4.72054 W	0 W	

Top 5 consumers:
Power		PID	Exe
1.1938975 W	2159342	"/home/boggy/ref_rapl/energy_exp_server/NPB3.4.3/NPB3.4-MPI/bin/mg.C.x"
1.1938975 W	2159340	"/home/boggy/ref_rapl/energy_exp_server/NPB3.4.3/NPB3.4-MPI/bin/mg.C.x"
1.1938975 W	2159341	"/home/boggy/ref_rapl/energy_exp_server/NPB3.4.3/NPB3.4-MPI/bin/mg.C.x"
0.89542305 W	2159343	"/home/boggy/ref_rapl/energy_exp_server/NPB3.4.3/NPB3.4-MPI/bin/mg.C.x"
0.59694874 W	2159320	"/home/boggy/ref_rapl/scaphandre/target/release/scaphandre"
------------------------------------------------------------

Host:	53.412852 W from 
	package 	core		dram		uncore
Socket0	48.522778 W |	43.754166 W	4.874152 W	0 W	

Top 5 consumers:
Power		PID	Exe
1.2002888 W	2159343	"/home/boggy/ref_rapl/energy_exp_server/NPB3.4.3/NPB3.4-MPI/bin/mg.C.x"
0.9002166 W	2159342	"/home/boggy/ref_rapl/energy_exp_server/NPB3.4.3/NPB3.4-MPI/bin/mg.C.x"
0.9002166 W	2159320	"/home/boggy/ref_rapl/scaphandre/target/release/scaphandre"
0.9002166 W	2159340	"/home/boggy/ref_rapl/energy_exp_server/NPB3.4.3/NPB3.4-MPI/bin/mg.C.x"
0.9002166 W	2159341	"/home/boggy/ref_rapl/energy_exp_server/NPB3.4.3/NPB3.4-MPI/bin/mg.C.x"
------------------------------------------------------------

Host:	52.52243 W from 
	package 	core		dram		uncore
Socket0	48.118828 W |	42.83289 W	4.777029 W	0 W	

Top 5 consumers:
Power		PID	Exe
1.1802793 W	2159342	"/home/boggy/ref_rapl/energy_exp_server/NPB3.4.3/NPB3.4-MPI/bin/mg.C.x"
0.8852095 W	2159340	"/home/boggy/ref_rapl/energy_exp_server/NPB3.4.3/NPB3.4-MPI/bin/mg.C.x"
0.8852095 W	2159343	"/home/boggy/ref_rapl/energy_exp_server/NPB3.4.3/NPB3.4-MPI/bin/mg.C.x"
0.8852095 W	2159341	"/home/boggy/ref_rapl/energy_exp_server/NPB3.4.3/NPB3.4-MPI/bin/mg.C.x"
0.5901396 W	2159320	"/home/boggy/ref_rapl/scaphandre/target/release/scaphandre"
------------------------------------------------------------

Host:	57.446871 W from 
	package 	core		dram		uncore
Socket0	51.098812 W |	45.750263 W	4.161856 W	0 W	

Top 5 consumers:
Power		PID	Exe
0.9682057 W	2159342	"/home/boggy/ref_rapl/energy_exp_server/NPB3.4.3/NPB3.4-MPI/bin/mg.C.x"
0.9682057 W	2159340	"/home/boggy/ref_rapl/energy_exp_server/NPB3.4.3/NPB3.4-MPI/bin/mg.C.x"
0.9682057 W	2159343	"/home/boggy/ref_rapl/energy_exp_server/NPB3.4.3/NPB3.4-MPI/bin/mg.C.x"
0.9682057 W	2159341	"/home/boggy/ref_rapl/energy_exp_server/NPB3.4.3/NPB3.4-MPI/bin/mg.C.x"
0.64547044 W	2159320	"/home/boggy/ref_rapl/scaphandre/target/release/scaphandre"
------------------------------------------------------------

Host:	55.971243 W from 
	package 	core		dram		uncore
Socket0	51.32455 W |	46.321495 W	4.61845 W	0 W	

Top 5 consumers:
Power		PID	Exe
0.94333553 W	2159342	"/home/boggy/ref_rapl/energy_exp_server/NPB3.4.3/NPB3.4-MPI/bin/mg.C.x"
0.94333553 W	2159320	"/home/boggy/ref_rapl/scaphandre/target/release/scaphandre"
0.94333553 W	2159340	"/home/boggy/ref_rapl/energy_exp_server/NPB3.4.3/NPB3.4-MPI/bin/mg.C.x"
0.94333553 W	2159343	"/home/boggy/ref_rapl/energy_exp_server/NPB3.4.3/NPB3.4-MPI/bin/mg.C.x"
0.94333553 W	2159341	"/home/boggy/ref_rapl/energy_exp_server/NPB3.4.3/NPB3.4-MPI/bin/mg.C.x"
------------------------------------------------------------

Host:	56.047248 W from 
	package 	core		dram		uncore
Socket0	51.164215 W |	46.194077 W	4.600882 W	0 W	

Top 5 consumers:
Power		PID	Exe
0.9446165 W	2159342	"/home/boggy/ref_rapl/energy_exp_server/NPB3.4.3/NPB3.4-MPI/bin/mg.C.x"
0.9446165 W	2159340	"/home/boggy/ref_rapl/energy_exp_server/NPB3.4.3/NPB3.4-MPI/bin/mg.C.x"
0.9446165 W	2159343	"/home/boggy/ref_rapl/energy_exp_server/NPB3.4.3/NPB3.4-MPI/bin/mg.C.x"
0.9446165 W	2159341	"/home/boggy/ref_rapl/energy_exp_server/NPB3.4.3/NPB3.4-MPI/bin/mg.C.x"
0.6297443 W	2159320	"/home/boggy/ref_rapl/scaphandre/target/release/scaphandre"
------------------------------------------------------------

Host:	56.034712 W from 
	package 	core		dram		uncore
Socket0	51.53704 W |	46.209713 W	4.637802 W	0 W	

Top 5 consumers:
Power		PID	Exe
0.94440526 W	2159342	"/home/boggy/ref_rapl/energy_exp_server/NPB3.4.3/NPB3.4-MPI/bin/mg.C.x"
0.94440526 W	2159320	"/home/boggy/ref_rapl/scaphandre/target/release/scaphandre"
0.94440526 W	2159340	"/home/boggy/ref_rapl/energy_exp_server/NPB3.4.3/NPB3.4-MPI/bin/mg.C.x"
0.94440526 W	2159343	"/home/boggy/ref_rapl/energy_exp_server/NPB3.4.3/NPB3.4-MPI/bin/mg.C.x"
0.94440526 W	2159341	"/home/boggy/ref_rapl/energy_exp_server/NPB3.4.3/NPB3.4-MPI/bin/mg.C.x"
------------------------------------------------------------

Host:	55.765149 W from 
	package 	core		dram		uncore
Socket0	51.362827 W |	46.39199 W	4.594212 W	0 W	

Top 5 consumers:
Power		PID	Exe
0.972648 W	2159342	"/home/boggy/ref_rapl/energy_exp_server/NPB3.4.3/NPB3.4-MPI/bin/mg.C.x"
0.972648 W	2159340	"/home/boggy/ref_rapl/energy_exp_server/NPB3.4.3/NPB3.4-MPI/bin/mg.C.x"
0.972648 W	2159343	"/home/boggy/ref_rapl/energy_exp_server/NPB3.4.3/NPB3.4-MPI/bin/mg.C.x"
0.972648 W	2159341	"/home/boggy/ref_rapl/energy_exp_server/NPB3.4.3/NPB3.4-MPI/bin/mg.C.x"
0.64843196 W	2159320	"/home/boggy/ref_rapl/scaphandre/target/release/scaphandre"
------------------------------------------------------------

Host:	55.823726 W from 
	package 	core		dram		uncore
Socket0	51.299263 W |	46.329075 W	4.592807 W	0 W	

Top 5 consumers:
Power		PID	Exe
0.9736697 W	2159342	"/home/boggy/ref_rapl/energy_exp_server/NPB3.4.3/NPB3.4-MPI/bin/mg.C.x"
0.9736697 W	2159340	"/home/boggy/ref_rapl/energy_exp_server/NPB3.4.3/NPB3.4-MPI/bin/mg.C.x"
0.9736697 W	2159343	"/home/boggy/ref_rapl/energy_exp_server/NPB3.4.3/NPB3.4-MPI/bin/mg.C.x"
0.9736697 W	2159341	"/home/boggy/ref_rapl/energy_exp_server/NPB3.4.3/NPB3.4-MPI/bin/mg.C.x"
0.64911306 W	2159320	"/home/boggy/ref_rapl/scaphandre/target/release/scaphandre"
------------------------------------------------------------

Host:	52.999424 W from 
	package 	core		dram		uncore
Socket0	49.84285 W |	44.19802 W	4.662938 W	0 W	

Top 5 consumers:
Power		PID	Exe
0.9244086 W	2159342	"/home/boggy/ref_rapl/energy_exp_server/NPB3.4.3/NPB3.4-MPI/bin/mg.C.x"
0.9244086 W	2159320	"/home/boggy/ref_rapl/scaphandre/target/release/scaphandre"
0.9244086 W	2159340	"/home/boggy/ref_rapl/energy_exp_server/NPB3.4.3/NPB3.4-MPI/bin/mg.C.x"
0.9244086 W	2159343	"/home/boggy/ref_rapl/energy_exp_server/NPB3.4.3/NPB3.4-MPI/bin/mg.C.x"
0.9244086 W	2159341	"/home/boggy/ref_rapl/energy_exp_server/NPB3.4.3/NPB3.4-MPI/bin/mg.C.x"
------------------------------------------------------------

Host:	53.596413 W from 
	package 	core		dram		uncore
Socket0	48.83131 W |	44.384945 W	4.57285 W	0 W	

Top 5 consumers:
Power		PID	Exe
1.2464281 W	2159340	"/home/boggy/ref_rapl/energy_exp_server/NPB3.4.3/NPB3.4-MPI/bin/mg.C.x"
1.2464281 W	2159341	"/home/boggy/ref_rapl/energy_exp_server/NPB3.4.3/NPB3.4-MPI/bin/mg.C.x"
0.93482125 W	2159342	"/home/boggy/ref_rapl/energy_exp_server/NPB3.4.3/NPB3.4-MPI/bin/mg.C.x"
0.93482125 W	2159343	"/home/boggy/ref_rapl/energy_exp_server/NPB3.4.3/NPB3.4-MPI/bin/mg.C.x"
0.62321407 W	2159320	"/home/boggy/ref_rapl/scaphandre/target/release/scaphandre"
------------------------------------------------------------

Host:	53.906098 W from 
	package 	core		dram		uncore
Socket0	48.883972 W |	43.97092 W	4.754292 W	0 W	

Top 5 consumers:
Power		PID	Exe
1.2536302 W	2159342	"/home/boggy/ref_rapl/energy_exp_server/NPB3.4.3/NPB3.4-MPI/bin/mg.C.x"
0.9402227 W	2159320	"/home/boggy/ref_rapl/scaphandre/target/release/scaphandre"
0.9402227 W	2159340	"/home/boggy/ref_rapl/energy_exp_server/NPB3.4.3/NPB3.4-MPI/bin/mg.C.x"
0.9402227 W	2159343	"/home/boggy/ref_rapl/energy_exp_server/NPB3.4.3/NPB3.4-MPI/bin/mg.C.x"
0.9402227 W	2159341	"/home/boggy/ref_rapl/energy_exp_server/NPB3.4.3/NPB3.4-MPI/bin/mg.C.x"
------------------------------------------------------------

Host:	54.150532 W from 
	package 	core		dram		uncore
Socket0	49.420048 W |	43.901207 W	4.81745 W	0 W	

Top 5 consumers:
Power		PID	Exe
0.9444861 W	2159342	"/home/boggy/ref_rapl/energy_exp_server/NPB3.4.3/NPB3.4-MPI/bin/mg.C.x"
0.9444861 W	2159340	"/home/boggy/ref_rapl/energy_exp_server/NPB3.4.3/NPB3.4-MPI/bin/mg.C.x"
0.9444861 W	2159343	"/home/boggy/ref_rapl/energy_exp_server/NPB3.4.3/NPB3.4-MPI/bin/mg.C.x"
0.9444861 W	2159341	"/home/boggy/ref_rapl/energy_exp_server/NPB3.4.3/NPB3.4-MPI/bin/mg.C.x"
0.6296573 W	2159320	"/home/boggy/ref_rapl/scaphandre/target/release/scaphandre"
------------------------------------------------------------

Host:	53.981772 W from 
	package 	core		dram		uncore
Socket0	49.426403 W |	43.8879 W	4.662366 W	0 W	

Top 5 consumers:
Power		PID	Exe
1.25539 W	2159343	"/home/boggy/ref_rapl/energy_exp_server/NPB3.4.3/NPB3.4-MPI/bin/mg.C.x"
0.9415426 W	2159342	"/home/boggy/ref_rapl/energy_exp_server/NPB3.4.3/NPB3.4-MPI/bin/mg.C.x"
0.9415426 W	2159320	"/home/boggy/ref_rapl/scaphandre/target/release/scaphandre"
0.9415426 W	2159340	"/home/boggy/ref_rapl/energy_exp_server/NPB3.4.3/NPB3.4-MPI/bin/mg.C.x"
0.9415426 W	2159341	"/home/boggy/ref_rapl/energy_exp_server/NPB3.4.3/NPB3.4-MPI/bin/mg.C.x"
------------------------------------------------------------

Host:	54.095286 W from 
	package 	core		dram		uncore
Socket0	49.13454 W |	43.94817 W	4.777255 W	0 W	

Top 5 consumers:
Power		PID	Exe
0.9168692 W	2159342	"/home/boggy/ref_rapl/energy_exp_server/NPB3.4.3/NPB3.4-MPI/bin/mg.C.x"
0.9168692 W	2159340	"/home/boggy/ref_rapl/energy_exp_server/NPB3.4.3/NPB3.4-MPI/bin/mg.C.x"
0.9168692 W	2159343	"/home/boggy/ref_rapl/energy_exp_server/NPB3.4.3/NPB3.4-MPI/bin/mg.C.x"
0.9168692 W	2159341	"/home/boggy/ref_rapl/energy_exp_server/NPB3.4.3/NPB3.4-MPI/bin/mg.C.x"
0.61124617 W	2159320	"/home/boggy/ref_rapl/scaphandre/target/release/scaphandre"
------------------------------------------------------------

Host:	53.692423 W from 
	package 	core		dram		uncore
Socket0	49.005535 W |	43.8453 W	4.774219 W	0 W	

Top 5 consumers:
Power		PID	Exe
0.91004103 W	2159342	"/home/boggy/ref_rapl/energy_exp_server/NPB3.4.3/NPB3.4-MPI/bin/mg.C.x"
0.91004103 W	2159320	"/home/boggy/ref_rapl/scaphandre/target/release/scaphandre"
0.91004103 W	2159340	"/home/boggy/ref_rapl/energy_exp_server/NPB3.4.3/NPB3.4-MPI/bin/mg.C.x"
0.91004103 W	2159343	"/home/boggy/ref_rapl/energy_exp_server/NPB3.4.3/NPB3.4-MPI/bin/mg.C.x"
0.91004103 W	2159341	"/home/boggy/ref_rapl/energy_exp_server/NPB3.4.3/NPB3.4-MPI/bin/mg.C.x"
------------------------------------------------------------

Host:	51.238073 W from 
	package 	core		dram		uncore
Socket0	48.78115 W |	43.211937 W	4.788414 W	0 W	

Top 5 consumers:
Power		PID	Exe
1.1579225 W	2159340	"/home/boggy/ref_rapl/energy_exp_server/NPB3.4.3/NPB3.4-MPI/bin/mg.C.x"
1.1579225 W	2159341	"/home/boggy/ref_rapl/energy_exp_server/NPB3.4.3/NPB3.4-MPI/bin/mg.C.x"
0.86844194 W	2159342	"/home/boggy/ref_rapl/energy_exp_server/NPB3.4.3/NPB3.4-MPI/bin/mg.C.x"
0.86844194 W	2159343	"/home/boggy/ref_rapl/energy_exp_server/NPB3.4.3/NPB3.4-MPI/bin/mg.C.x"
0.57896125 W	2159320	"/home/boggy/ref_rapl/scaphandre/target/release/scaphandre"
------------------------------------------------------------

Host:	52.514225 W from 
	package 	core		dram		uncore
Socket0	46.84565 W |	42.858433 W	4.085128 W	0 W	

Top 5 consumers:
Power		PID	Exe
0.89007163 W	2159342	"/home/boggy/ref_rapl/energy_exp_server/NPB3.4.3/NPB3.4-MPI/bin/mg.C.x"
0.89007163 W	2159320	"/home/boggy/ref_rapl/scaphandre/target/release/scaphandre"
0.89007163 W	2159340	"/home/boggy/ref_rapl/energy_exp_server/NPB3.4.3/NPB3.4-MPI/bin/mg.C.x"
0.89007163 W	2159343	"/home/boggy/ref_rapl/energy_exp_server/NPB3.4.3/NPB3.4-MPI/bin/mg.C.x"
0.89007163 W	2159341	"/home/boggy/ref_rapl/energy_exp_server/NPB3.4.3/NPB3.4-MPI/bin/mg.C.x"
------------------------------------------------------------

Host:	52.240927 W from 
	package 	core		dram		uncore
Socket0	47.67591 W |	42.729366 W	4.638278 W	0 W	

Top 5 consumers:
Power		PID	Exe
1.1805859 W	2159342	"/home/boggy/ref_rapl/energy_exp_server/NPB3.4.3/NPB3.4-MPI/bin/mg.C.x"
0.88543946 W	2159340	"/home/boggy/ref_rapl/energy_exp_server/NPB3.4.3/NPB3.4-MPI/bin/mg.C.x"
0.88543946 W	2159343	"/home/boggy/ref_rapl/energy_exp_server/NPB3.4.3/NPB3.4-MPI/bin/mg.C.x"
0.88543946 W	2159341	"/home/boggy/ref_rapl/energy_exp_server/NPB3.4.3/NPB3.4-MPI/bin/mg.C.x"
0.59029293 W	2159320	"/home/boggy/ref_rapl/scaphandre/target/release/scaphandre"
------------------------------------------------------------

Host:	48.863617 W from 
	package 	core		dram		uncore
Socket0	47.279533 W |	41.558983 W	4.584445 W	0 W	

Top 5 consumers:
Power		PID	Exe
1.1042625 W	2159320	"/home/boggy/ref_rapl/scaphandre/target/release/scaphandre"
1.1042625 W	2159343	"/home/boggy/ref_rapl/energy_exp_server/NPB3.4.3/NPB3.4-MPI/bin/mg.C.x"
1.1042625 W	2159341	"/home/boggy/ref_rapl/energy_exp_server/NPB3.4.3/NPB3.4-MPI/bin/mg.C.x"
0.82819694 W	2159342	"/home/boggy/ref_rapl/energy_exp_server/NPB3.4.3/NPB3.4-MPI/bin/mg.C.x"
0.82819694 W	2159340	"/home/boggy/ref_rapl/energy_exp_server/NPB3.4.3/NPB3.4-MPI/bin/mg.C.x"
------------------------------------------------------------

Host:	46.625619 W from 
	package 	core		dram		uncore
Socket0	43.61136 W |	38.477985 W	4.421191 W	0 W	

Top 5 consumers:
Power		PID	Exe
1.6170735 W	2159342	"/home/boggy/ref_rapl/energy_exp_server/NPB3.4.3/NPB3.4-MPI/bin/mg.C.x"
1.6170735 W	2159340	"/home/boggy/ref_rapl/energy_exp_server/NPB3.4.3/NPB3.4-MPI/bin/mg.C.x"
1.6170735 W	2159343	"/home/boggy/ref_rapl/energy_exp_server/NPB3.4.3/NPB3.4-MPI/bin/mg.C.x"
1.3475612 W	2159320	"/home/boggy/ref_rapl/scaphandre/target/release/scaphandre"
1.3475612 W	2159341	"/home/boggy/ref_rapl/energy_exp_server/NPB3.4.3/NPB3.4-MPI/bin/mg.C.x"
------------------------------------------------------------

Host:	46.544644 W from 
	package 	core		dram		uncore
Socket0	42.01628 W |	36.61503 W	4.542971 W	0 W	

Top 5 consumers:
Power		PID	Exe
1.3452209 W	2159342	"/home/boggy/ref_rapl/energy_exp_server/NPB3.4.3/NPB3.4-MPI/bin/mg.C.x"
1.3452209 W	2159340	"/home/boggy/ref_rapl/energy_exp_server/NPB3.4.3/NPB3.4-MPI/bin/mg.C.x"
1.3452209 W	2159343	"/home/boggy/ref_rapl/energy_exp_server/NPB3.4.3/NPB3.4-MPI/bin/mg.C.x"
1.3452209 W	2159341	"/home/boggy/ref_rapl/energy_exp_server/NPB3.4.3/NPB3.4-MPI/bin/mg.C.x"
1.0761766 W	2159320	"/home/boggy/ref_rapl/scaphandre/target/release/scaphandre"
------------------------------------------------------------

Host:	52.329768 W from 
	package 	core		dram		uncore
Socket0	42.748775 W |	37.792088 W	4.581908 W	0 W	

Top 5 consumers:
Power		PID	Exe
1.2099367 W	2159342	"/home/boggy/ref_rapl/energy_exp_server/NPB3.4.3/NPB3.4-MPI/bin/mg.C.x"
1.2099367 W	2159320	"/home/boggy/ref_rapl/scaphandre/target/release/scaphandre"
1.2099367 W	2159340	"/home/boggy/ref_rapl/energy_exp_server/NPB3.4.3/NPB3.4-MPI/bin/mg.C.x"
1.2099367 W	2159343	"/home/boggy/ref_rapl/energy_exp_server/NPB3.4.3/NPB3.4-MPI/bin/mg.C.x"
1.2099367 W	2159341	"/home/boggy/ref_rapl/energy_exp_server/NPB3.4.3/NPB3.4-MPI/bin/mg.C.x"
------------------------------------------------------------

Host:	55.092536 W from 
	package 	core		dram		uncore
Socket0	50.17414 W |	44.79592 W	4.443233 W	0 W	

Top 5 consumers:
Power		PID	Exe
1.2738158 W	2159341	"/home/boggy/ref_rapl/energy_exp_server/NPB3.4.3/NPB3.4-MPI/bin/mg.C.x"
0.9553619 W	2159342	"/home/boggy/ref_rapl/energy_exp_server/NPB3.4.3/NPB3.4-MPI/bin/mg.C.x"
0.9553619 W	2159320	"/home/boggy/ref_rapl/scaphandre/target/release/scaphandre"
0.9553619 W	2159340	"/home/boggy/ref_rapl/energy_exp_server/NPB3.4.3/NPB3.4-MPI/bin/mg.C.x"
0.9553619 W	2159343	"/home/boggy/ref_rapl/energy_exp_server/NPB3.4.3/NPB3.4-MPI/bin/mg.C.x"
------------------------------------------------------------

Host:	51.963583 W from 
	package 	core		dram		uncore
Socket0	50.946987 W |	45.670887 W	4.446626 W	0 W	

Top 5 consumers:
Power		PID	Exe
1.20147 W	2159342	"/home/boggy/ref_rapl/energy_exp_server/NPB3.4.3/NPB3.4-MPI/bin/mg.C.x"
1.20147 W	2159340	"/home/boggy/ref_rapl/energy_exp_server/NPB3.4.3/NPB3.4-MPI/bin/mg.C.x"
0.90110254 W	2159343	"/home/boggy/ref_rapl/energy_exp_server/NPB3.4.3/NPB3.4-MPI/bin/mg.C.x"
0.90110254 W	2159341	"/home/boggy/ref_rapl/energy_exp_server/NPB3.4.3/NPB3.4-MPI/bin/mg.C.x"
0.600735 W	2159320	"/home/boggy/ref_rapl/scaphandre/target/release/scaphandre"
------------------------------------------------------------

Host:	51.271596 W from 
	package 	core		dram		uncore
Socket0	46.703983 W |	41.694115 W	4.566643 W	0 W	

Top 5 consumers:
Power		PID	Exe
1.2980151 W	2159343	"/home/boggy/ref_rapl/energy_exp_server/NPB3.4.3/NPB3.4-MPI/bin/mg.C.x"
0.9735113 W	2159342	"/home/boggy/ref_rapl/energy_exp_server/NPB3.4.3/NPB3.4-MPI/bin/mg.C.x"
0.9735113 W	2159320	"/home/boggy/ref_rapl/scaphandre/target/release/scaphandre"
0.9735113 W	2159340	"/home/boggy/ref_rapl/energy_exp_server/NPB3.4.3/NPB3.4-MPI/bin/mg.C.x"
0.9735113 W	2159341	"/home/boggy/ref_rapl/energy_exp_server/NPB3.4.3/NPB3.4-MPI/bin/mg.C.x"
------------------------------------------------------------

Host:	52.835024 W from 
	package 	core		dram		uncore
Socket0	46.984814 W |	41.785255 W	4.567652 W	0 W	

Top 5 consumers:
Power		PID	Exe
1.0031966 W	2159342	"/home/boggy/ref_rapl/energy_exp_server/NPB3.4.3/NPB3.4-MPI/bin/mg.C.x"
1.0031966 W	2159340	"/home/boggy/ref_rapl/energy_exp_server/NPB3.4.3/NPB3.4-MPI/bin/mg.C.x"
1.0031966 W	2159343	"/home/boggy/ref_rapl/energy_exp_server/NPB3.4.3/NPB3.4-MPI/bin/mg.C.x"
1.0031966 W	2159341	"/home/boggy/ref_rapl/energy_exp_server/NPB3.4.3/NPB3.4-MPI/bin/mg.C.x"
0.33439887 W	2159320	"/home/boggy/ref_rapl/scaphandre/target/release/scaphandre"
------------------------------------------------------------

Host:	53.976545 W from 
	package 	core		dram		uncore
Socket0	47.75008 W |	43.101192 W	4.788153 W	0 W	

Top 5 consumers:
Power		PID	Exe
1.0248711 W	2159342	"/home/boggy/ref_rapl/energy_exp_server/NPB3.4.3/NPB3.4-MPI/bin/mg.C.x"
1.0248711 W	2159320	"/home/boggy/ref_rapl/scaphandre/target/release/scaphandre"
1.0248711 W	2159340	"/home/boggy/ref_rapl/energy_exp_server/NPB3.4.3/NPB3.4-MPI/bin/mg.C.x"
1.0248711 W	2159343	"/home/boggy/ref_rapl/energy_exp_server/NPB3.4.3/NPB3.4-MPI/bin/mg.C.x"
1.0248711 W	2159341	"/home/boggy/ref_rapl/energy_exp_server/NPB3.4.3/NPB3.4-MPI/bin/mg.C.x"
------------------------------------------------------------

Host:	53.324056 W from 
	package 	core		dram		uncore
Socket0	48.7693 W |	43.83993 W	4.763789 W	0 W	

Top 5 consumers:
Power		PID	Exe
1.3499762 W	2159340	"/home/boggy/ref_rapl/energy_exp_server/NPB3.4.3/NPB3.4-MPI/bin/mg.C.x"
1.3499762 W	2159341	"/home/boggy/ref_rapl/energy_exp_server/NPB3.4.3/NPB3.4-MPI/bin/mg.C.x"
1.012482 W	2159342	"/home/boggy/ref_rapl/energy_exp_server/NPB3.4.3/NPB3.4-MPI/bin/mg.C.x"
1.012482 W	2159320	"/home/boggy/ref_rapl/scaphandre/target/release/scaphandre"
1.012482 W	2159343	"/home/boggy/ref_rapl/energy_exp_server/NPB3.4.3/NPB3.4-MPI/bin/mg.C.x"
------------------------------------------------------------

Host:	53.735462 W from 
	package 	core		dram		uncore
Socket0	48.89316 W |	43.939663 W	4.77426 W	0 W	

Top 5 consumers:
Power		PID	Exe
1.3603914 W	2159342	"/home/boggy/ref_rapl/energy_exp_server/NPB3.4.3/NPB3.4-MPI/bin/mg.C.x"
1.0202936 W	2159340	"/home/boggy/ref_rapl/energy_exp_server/NPB3.4.3/NPB3.4-MPI/bin/mg.C.x"
1.0202936 W	2159343	"/home/boggy/ref_rapl/energy_exp_server/NPB3.4.3/NPB3.4-MPI/bin/mg.C.x"
1.0202936 W	2159341	"/home/boggy/ref_rapl/energy_exp_server/NPB3.4.3/NPB3.4-MPI/bin/mg.C.x"
0.6801957 W	2159320	"/home/boggy/ref_rapl/scaphandre/target/release/scaphandre"
------------------------------------------------------------

Host:	53.910451 W from 
	package 	core		dram		uncore
Socket0	50.788216 W |	44.008457 W	4.78214 W	0 W	

Top 5 consumers:
Power		PID	Exe
1.0236161 W	2159342	"/home/boggy/ref_rapl/energy_exp_server/NPB3.4.3/NPB3.4-MPI/bin/mg.C.x"
1.0236161 W	2159320	"/home/boggy/ref_rapl/scaphandre/target/release/scaphandre"
1.0236161 W	2159340	"/home/boggy/ref_rapl/energy_exp_server/NPB3.4.3/NPB3.4-MPI/bin/mg.C.x"
1.0236161 W	2159343	"/home/boggy/ref_rapl/energy_exp_server/NPB3.4.3/NPB3.4-MPI/bin/mg.C.x"
1.0236161 W	2159341	"/home/boggy/ref_rapl/energy_exp_server/NPB3.4.3/NPB3.4-MPI/bin/mg.C.x"
------------------------------------------------------------

Host:	54.185527 W from 
	package 	core		dram		uncore
Socket0	48.93236 W |	43.949253 W	4.763462 W	0 W	

Top 5 consumers:
Power		PID	Exe
1.3717855 W	2159343	"/home/boggy/ref_rapl/energy_exp_server/NPB3.4.3/NPB3.4-MPI/bin/mg.C.x"
1.0288391 W	2159342	"/home/boggy/ref_rapl/energy_exp_server/NPB3.4.3/NPB3.4-MPI/bin/mg.C.x"
1.0288391 W	2159320	"/home/boggy/ref_rapl/scaphandre/target/release/scaphandre"
1.0288391 W	2159340	"/home/boggy/ref_rapl/energy_exp_server/NPB3.4.3/NPB3.4-MPI/bin/mg.C.x"
1.0288391 W	2159341	"/home/boggy/ref_rapl/energy_exp_server/NPB3.4.3/NPB3.4-MPI/bin/mg.C.x"
------------------------------------------------------------

Host:	53.545366 W from 
	package 	core		dram		uncore
Socket0	49.189236 W |	44.00996 W	4.780389 W	0 W	

Top 5 consumers:
Power		PID	Exe
1.2100648 W	2159341	"/home/boggy/ref_rapl/energy_exp_server/NPB3.4.3/NPB3.4-MPI/bin/mg.C.x"
0.9075486 W	2159342	"/home/boggy/ref_rapl/energy_exp_server/NPB3.4.3/NPB3.4-MPI/bin/mg.C.x"
0.9075486 W	2159340	"/home/boggy/ref_rapl/energy_exp_server/NPB3.4.3/NPB3.4-MPI/bin/mg.C.x"
0.9075486 W	2159343	"/home/boggy/ref_rapl/energy_exp_server/NPB3.4.3/NPB3.4-MPI/bin/mg.C.x"
0.6050324 W	2159320	"/home/boggy/ref_rapl/scaphandre/target/release/scaphandre"
------------------------------------------------------------

Host:	55.354677 W from 
	package 	core		dram		uncore
Socket0	48.638653 W |	43.730213 W	4.727597 W	0 W	

Top 5 consumers:
Power		PID	Exe
0.9382149 W	2159342	"/home/boggy/ref_rapl/energy_exp_server/NPB3.4.3/NPB3.4-MPI/bin/mg.C.x"
0.9382149 W	2159340	"/home/boggy/ref_rapl/energy_exp_server/NPB3.4.3/NPB3.4-MPI/bin/mg.C.x"
0.62547654 W	2159320	"/home/boggy/ref_rapl/scaphandre/target/release/scaphandre"
0.62547654 W	2159343	"/home/boggy/ref_rapl/energy_exp_server/NPB3.4.3/NPB3.4-MPI/bin/mg.C.x"
0.62547654 W	2159341	"/home/boggy/ref_rapl/energy_exp_server/NPB3.4.3/NPB3.4-MPI/bin/mg.C.x"
------------------------------------------------------------

Host:	54.637348 W from 
	package 	core		dram		uncore
Socket0	49.720768 W |	44.614944 W	4.181838 W	0 W	

Top 5 consumers:
Power		PID	Exe
0.92605674 W	2159320	"/home/boggy/ref_rapl/scaphandre/target/release/scaphandre"
0.92605674 W	2159341	"/home/boggy/ref_rapl/energy_exp_server/NPB3.4.3/NPB3.4-MPI/bin/mg.C.x"
0.6173712 W	2159342	"/home/boggy/ref_rapl/energy_exp_server/NPB3.4.3/NPB3.4-MPI/bin/mg.C.x"
0.6173712 W	2159340	"/home/boggy/ref_rapl/energy_exp_server/NPB3.4.3/NPB3.4-MPI/bin/mg.C.x"
0.6173712 W	2159343	"/home/boggy/ref_rapl/energy_exp_server/NPB3.4.3/NPB3.4-MPI/bin/mg.C.x"
------------------------------------------------------------

Host:	58.167264 W from 
	package 	core		dram		uncore
Socket0	50.715824 W |	46.686745 W	4.52327 W	0 W	

Top 5 consumers:
Power		PID	Exe
0.6572572 W	2159342	"/home/boggy/ref_rapl/energy_exp_server/NPB3.4.3/NPB3.4-MPI/bin/mg.C.x"
0.6572572 W	2159320	"/home/boggy/ref_rapl/scaphandre/target/release/scaphandre"
0.6572572 W	2159340	"/home/boggy/ref_rapl/energy_exp_server/NPB3.4.3/NPB3.4-MPI/bin/mg.C.x"
0.6572572 W	2159343	"/home/boggy/ref_rapl/energy_exp_server/NPB3.4.3/NPB3.4-MPI/bin/mg.C.x"
0.6572572 W	2159341	"/home/boggy/ref_rapl/energy_exp_server/NPB3.4.3/NPB3.4-MPI/bin/mg.C.x"
------------------------------------------------------------

Host:	56.805179 W from 
	package 	core		dram		uncore
Socket0	53.81733 W |	47.831055 W	4.499156 W	0 W	

Top 5 consumers:
Power		PID	Exe
0.96279967 W	2159320	"/home/boggy/ref_rapl/scaphandre/target/release/scaphandre"
0.96279967 W	2159343	"/home/boggy/ref_rapl/energy_exp_server/NPB3.4.3/NPB3.4-MPI/bin/mg.C.x"
0.64186645 W	2159342	"/home/boggy/ref_rapl/energy_exp_server/NPB3.4.3/NPB3.4-MPI/bin/mg.C.x"
0.64186645 W	2159340	"/home/boggy/ref_rapl/energy_exp_server/NPB3.4.3/NPB3.4-MPI/bin/mg.C.x"
0.64186645 W	2159341	"/home/boggy/ref_rapl/energy_exp_server/NPB3.4.3/NPB3.4-MPI/bin/mg.C.x"
------------------------------------------------------------

Host:	56.323049 W from 
	package 	core		dram		uncore
Socket0	51.89892 W |	47.701687 W	4.743765 W	0 W	

Top 5 consumers:
Power		PID	Exe
1.2728373 W	2159341	"/home/boggy/ref_rapl/energy_exp_server/NPB3.4.3/NPB3.4-MPI/bin/mg.C.x"
0.954628 W	2159342	"/home/boggy/ref_rapl/energy_exp_server/NPB3.4.3/NPB3.4-MPI/bin/mg.C.x"
0.954628 W	2159340	"/home/boggy/ref_rapl/energy_exp_server/NPB3.4.3/NPB3.4-MPI/bin/mg.C.x"
0.954628 W	2159343	"/home/boggy/ref_rapl/energy_exp_server/NPB3.4.3/NPB3.4-MPI/bin/mg.C.x"
0.63641864 W	2159320	"/home/boggy/ref_rapl/scaphandre/target/release/scaphandre"
------------------------------------------------------------

Host:	54.893652 W from 
	package 	core		dram		uncore
Socket0	51.750496 W |	46.46796 W	4.500722 W	0 W	

Top 5 consumers:
Power		PID	Exe
1.2405345 W	2159340	"/home/boggy/ref_rapl/energy_exp_server/NPB3.4.3/NPB3.4-MPI/bin/mg.C.x"
0.93040085 W	2159342	"/home/boggy/ref_rapl/energy_exp_server/NPB3.4.3/NPB3.4-MPI/bin/mg.C.x"
0.93040085 W	2159320	"/home/boggy/ref_rapl/scaphandre/target/release/scaphandre"
0.93040085 W	2159343	"/home/boggy/ref_rapl/energy_exp_server/NPB3.4.3/NPB3.4-MPI/bin/mg.C.x"
0.93040085 W	2159341	"/home/boggy/ref_rapl/energy_exp_server/NPB3.4.3/NPB3.4-MPI/bin/mg.C.x"
------------------------------------------------------------

Host:	57.146244 W from 
	package 	core		dram		uncore
Socket0	51.975456 W |	46.290424 W	4.6665 W	0 W	

Top 5 consumers:
Power		PID	Exe
1.2914405 W	2159342	"/home/boggy/ref_rapl/energy_exp_server/NPB3.4.3/NPB3.4-MPI/bin/mg.C.x"
0.9685804 W	2159340	"/home/boggy/ref_rapl/energy_exp_server/NPB3.4.3/NPB3.4-MPI/bin/mg.C.x"
0.9685804 W	2159343	"/home/boggy/ref_rapl/energy_exp_server/NPB3.4.3/NPB3.4-MPI/bin/mg.C.x"
0.64572024 W	2159320	"/home/boggy/ref_rapl/scaphandre/target/release/scaphandre"
0.32286012 W	61	""
------------------------------------------------------------

Host:	55.952969 W from 
	package 	core		dram		uncore
Socket0	51.19665 W |	46.458836 W	4.58496 W	0 W	

Top 5 consumers:
Power		PID	Exe
0.97592396 W	2159340	"/home/boggy/ref_rapl/energy_exp_server/NPB3.4.3/NPB3.4-MPI/bin/mg.C.x"
0.97592396 W	2159343	"/home/boggy/ref_rapl/energy_exp_server/NPB3.4.3/NPB3.4-MPI/bin/mg.C.x"
0.97592396 W	2159341	"/home/boggy/ref_rapl/energy_exp_server/NPB3.4.3/NPB3.4-MPI/bin/mg.C.x"
0.6506159 W	2159342	"/home/boggy/ref_rapl/energy_exp_server/NPB3.4.3/NPB3.4-MPI/bin/mg.C.x"
0.6506159 W	2159320	"/home/boggy/ref_rapl/scaphandre/target/release/scaphandre"
------------------------------------------------------------

Host:	54.182987 W from 
	package 	core		dram		uncore
Socket0	50.949585 W |	46.149296 W	4.698753 W	0 W	

Top 5 consumers:
Power		PID	Exe
0.9450522 W	2159342	"/home/boggy/ref_rapl/energy_exp_server/NPB3.4.3/NPB3.4-MPI/bin/mg.C.x"
0.9450522 W	2159340	"/home/boggy/ref_rapl/energy_exp_server/NPB3.4.3/NPB3.4-MPI/bin/mg.C.x"
0.9450522 W	2159343	"/home/boggy/ref_rapl/energy_exp_server/NPB3.4.3/NPB3.4-MPI/bin/mg.C.x"
0.9450522 W	2159341	"/home/boggy/ref_rapl/energy_exp_server/NPB3.4.3/NPB3.4-MPI/bin/mg.C.x"
0.6300347 W	2159320	"/home/boggy/ref_rapl/scaphandre/target/release/scaphandre"
------------------------------------------------------------

Host:	52.792231 W from 
	package 	core		dram		uncore
Socket0	48.71406 W |	43.15861 W	4.440646 W	0 W	

Top 5 consumers:
Power		PID	Exe
1.2277262 W	2159342	"/home/boggy/ref_rapl/energy_exp_server/NPB3.4.3/NPB3.4-MPI/bin/mg.C.x"
1.2277262 W	2159343	"/home/boggy/ref_rapl/energy_exp_server/NPB3.4.3/NPB3.4-MPI/bin/mg.C.x"
0.9207948 W	2159320	"/home/boggy/ref_rapl/scaphandre/target/release/scaphandre"
0.9207948 W	2159340	"/home/boggy/ref_rapl/energy_exp_server/NPB3.4.3/NPB3.4-MPI/bin/mg.C.x"
0.9207948 W	2159341	"/home/boggy/ref_rapl/energy_exp_server/NPB3.4.3/NPB3.4-MPI/bin/mg.C.x"
------------------------------------------------------------

Host:	53.941068 W from 
	package 	core		dram		uncore
Socket0	49.97449 W |	44.16048 W	4.854855 W	0 W	

Top 5 consumers:
Power		PID	Exe
1.2544434 W	2159343	"/home/boggy/ref_rapl/energy_exp_server/NPB3.4.3/NPB3.4-MPI/bin/mg.C.x"
0.9408326 W	2159342	"/home/boggy/ref_rapl/energy_exp_server/NPB3.4.3/NPB3.4-MPI/bin/mg.C.x"
0.9408326 W	2159340	"/home/boggy/ref_rapl/energy_exp_server/NPB3.4.3/NPB3.4-MPI/bin/mg.C.x"
0.9408326 W	2159341	"/home/boggy/ref_rapl/energy_exp_server/NPB3.4.3/NPB3.4-MPI/bin/mg.C.x"
0.6272217 W	2159320	"/home/boggy/ref_rapl/scaphandre/target/release/scaphandre"
------------------------------------------------------------

Host:	54.260849 W from 
	package 	core		dram		uncore
Socket0	47.8516 W |	44.0038 W	4.784764 W	0 W	

Top 5 consumers:
Power		PID	Exe
0.94641024 W	2159342	"/home/boggy/ref_rapl/energy_exp_server/NPB3.4.3/NPB3.4-MPI/bin/mg.C.x"
0.94641024 W	2159320	"/home/boggy/ref_rapl/scaphandre/target/release/scaphandre"
0.94641024 W	2159340	"/home/boggy/ref_rapl/energy_exp_server/NPB3.4.3/NPB3.4-MPI/bin/mg.C.x"
0.94641024 W	2159343	"/home/boggy/ref_rapl/energy_exp_server/NPB3.4.3/NPB3.4-MPI/bin/mg.C.x"
0.94641024 W	2159341	"/home/boggy/ref_rapl/energy_exp_server/NPB3.4.3/NPB3.4-MPI/bin/mg.C.x"
------------------------------------------------------------

Host:	53.968454 W from 
	package 	core		dram		uncore
Socket0	49.36193 W |	44.09417 W	4.792456 W	0 W	

Top 5 consumers:
Power		PID	Exe
0.9413103 W	2159342	"/home/boggy/ref_rapl/energy_exp_server/NPB3.4.3/NPB3.4-MPI/bin/mg.C.x"
0.9413103 W	2159320	"/home/boggy/ref_rapl/scaphandre/target/release/scaphandre"
0.9413103 W	2159340	"/home/boggy/ref_rapl/energy_exp_server/NPB3.4.3/NPB3.4-MPI/bin/mg.C.x"
0.9413103 W	2159343	"/home/boggy/ref_rapl/energy_exp_server/NPB3.4.3/NPB3.4-MPI/bin/mg.C.x"
0.9413103 W	2159341	"/home/boggy/ref_rapl/energy_exp_server/NPB3.4.3/NPB3.4-MPI/bin/mg.C.x"
------------------------------------------------------------

Host:	53.392496 W from 
	package 	core		dram		uncore
Socket0	49.13408 W |	43.96161 W	4.777702 W	0 W	

Top 5 consumers:
Power		PID	Exe
1.2416859 W	2159342	"/home/boggy/ref_rapl/energy_exp_server/NPB3.4.3/NPB3.4-MPI/bin/mg.C.x"
1.2416859 W	2159340	"/home/boggy/ref_rapl/energy_exp_server/NPB3.4.3/NPB3.4-MPI/bin/mg.C.x"
1.2416859 W	2159341	"/home/boggy/ref_rapl/energy_exp_server/NPB3.4.3/NPB3.4-MPI/bin/mg.C.x"
0.9312645 W	2159320	"/home/boggy/ref_rapl/scaphandre/target/release/scaphandre"
0.9312645 W	2159343	"/home/boggy/ref_rapl/energy_exp_server/NPB3.4.3/NPB3.4-MPI/bin/mg.C.x"
------------------------------------------------------------

Host:	55.148762 W from 
	package 	core		dram		uncore
Socket0	50.1248 W |	44.05218 W	4.719653 W	0 W	

Top 5 consumers:
Power		PID	Exe
0.91914606 W	2159342	"/home/boggy/ref_rapl/energy_exp_server/NPB3.4.3/NPB3.4-MPI/bin/mg.C.x"
0.91914606 W	2159340	"/home/boggy/ref_rapl/energy_exp_server/NPB3.4.3/NPB3.4-MPI/bin/mg.C.x"
0.91914606 W	2159343	"/home/boggy/ref_rapl/energy_exp_server/NPB3.4.3/NPB3.4-MPI/bin/mg.C.x"
0.91914606 W	2159341	"/home/boggy/ref_rapl/energy_exp_server/NPB3.4.3/NPB3.4-MPI/bin/mg.C.x"
0.61276406 W	2159320	"/home/boggy/ref_rapl/scaphandre/target/release/scaphandre"
------------------------------------------------------------

Host:	51.935096 W from 
	package 	core		dram		uncore
Socket0	48.750538 W |	44.089153 W	4.724805 W	0 W	

Top 5 consumers:
Power		PID	Exe
1.1541133 W	2159343	"/home/boggy/ref_rapl/energy_exp_server/NPB3.4.3/NPB3.4-MPI/bin/mg.C.x"
0.865585 W	2159342	"/home/boggy/ref_rapl/energy_exp_server/NPB3.4.3/NPB3.4-MPI/bin/mg.C.x"
0.865585 W	2159340	"/home/boggy/ref_rapl/energy_exp_server/NPB3.4.3/NPB3.4-MPI/bin/mg.C.x"
0.865585 W	2159341	"/home/boggy/ref_rapl/energy_exp_server/NPB3.4.3/NPB3.4-MPI/bin/mg.C.x"
0.57705665 W	2159320	"/home/boggy/ref_rapl/scaphandre/target/release/scaphandre"
------------------------------------------------------------

Host:	53.274699 W from 
	package 	core		dram		uncore
Socket0	48.047558 W |	43.083054 W	4.257453 W	0 W	

Top 5 consumers:
Power		PID	Exe
0.8879117 W	2159342	"/home/boggy/ref_rapl/energy_exp_server/NPB3.4.3/NPB3.4-MPI/bin/mg.C.x"
0.8879117 W	2159320	"/home/boggy/ref_rapl/scaphandre/target/release/scaphandre"
0.8879117 W	2159340	"/home/boggy/ref_rapl/energy_exp_server/NPB3.4.3/NPB3.4-MPI/bin/mg.C.x"
0.8879117 W	2159343	"/home/boggy/ref_rapl/energy_exp_server/NPB3.4.3/NPB3.4-MPI/bin/mg.C.x"
0.8879117 W	2159341	"/home/boggy/ref_rapl/energy_exp_server/NPB3.4.3/NPB3.4-MPI/bin/mg.C.x"
------------------------------------------------------------

Host:	52.493207 W from 
	package 	core		dram		uncore
Socket0	47.368813 W |	42.7308 W	4.710759 W	0 W	

Top 5 consumers:
Power		PID	Exe
0.8748868 W	2159342	"/home/boggy/ref_rapl/energy_exp_server/NPB3.4.3/NPB3.4-MPI/bin/mg.C.x"
0.8748868 W	2159340	"/home/boggy/ref_rapl/energy_exp_server/NPB3.4.3/NPB3.4-MPI/bin/mg.C.x"
0.8748868 W	2159343	"/home/boggy/ref_rapl/energy_exp_server/NPB3.4.3/NPB3.4-MPI/bin/mg.C.x"
0.8748868 W	2159341	"/home/boggy/ref_rapl/energy_exp_server/NPB3.4.3/NPB3.4-MPI/bin/mg.C.x"
0.58325785 W	2159320	"/home/boggy/ref_rapl/scaphandre/target/release/scaphandre"
------------------------------------------------------------

Host:	50.602242 W from 
	package 	core		dram		uncore
Socket0	47.675125 W |	42.55202 W	4.670835 W	0 W	

Top 5 consumers:
Power		PID	Exe
0.84337074 W	2159342	"/home/boggy/ref_rapl/energy_exp_server/NPB3.4.3/NPB3.4-MPI/bin/mg.C.x"
0.84337074 W	2159320	"/home/boggy/ref_rapl/scaphandre/target/release/scaphandre"
0.84337074 W	2159340	"/home/boggy/ref_rapl/energy_exp_server/NPB3.4.3/NPB3.4-MPI/bin/mg.C.x"
0.84337074 W	2159343	"/home/boggy/ref_rapl/energy_exp_server/NPB3.4.3/NPB3.4-MPI/bin/mg.C.x"
0.84337074 W	2159341	"/home/boggy/ref_rapl/energy_exp_server/NPB3.4.3/NPB3.4-MPI/bin/mg.C.x"
------------------------------------------------------------

Host:	47.067722 W from 
	package 	core		dram		uncore
Socket0	47.16531 W |	41.312855 W	4.389024 W	0 W	

Top 5 consumers:
Power		PID	Exe
1.0459495 W	2159342	"/home/boggy/ref_rapl/energy_exp_server/NPB3.4.3/NPB3.4-MPI/bin/mg.C.x"
1.0459495 W	2159340	"/home/boggy/ref_rapl/energy_exp_server/NPB3.4.3/NPB3.4-MPI/bin/mg.C.x"
1.0459495 W	2159343	"/home/boggy/ref_rapl/energy_exp_server/NPB3.4.3/NPB3.4-MPI/bin/mg.C.x"
1.0459495 W	2159341	"/home/boggy/ref_rapl/energy_exp_server/NPB3.4.3/NPB3.4-MPI/bin/mg.C.x"
0.78446203 W	2159320	"/home/boggy/ref_rapl/scaphandre/target/release/scaphandre"
------------------------------------------------------------

Host:	47.044907 W from 
	package 	core		dram		uncore
Socket0	41.718895 W |	36.497787 W	4.583093 W	0 W	

Top 5 consumers:
Power		PID	Exe
1.6506985 W	2159341	"/home/boggy/ref_rapl/energy_exp_server/NPB3.4.3/NPB3.4-MPI/bin/mg.C.x"
1.3755821 W	2159342	"/home/boggy/ref_rapl/energy_exp_server/NPB3.4.3/NPB3.4-MPI/bin/mg.C.x"
1.3755821 W	2159320	"/home/boggy/ref_rapl/scaphandre/target/release/scaphandre"
1.3755821 W	2159340	"/home/boggy/ref_rapl/energy_exp_server/NPB3.4.3/NPB3.4-MPI/bin/mg.C.x"
1.3755821 W	2159343	"/home/boggy/ref_rapl/energy_exp_server/NPB3.4.3/NPB3.4-MPI/bin/mg.C.x"
------------------------------------------------------------

Host:	48.212614 W from 
	package 	core		dram		uncore
Socket0	41.62348 W |	37.39892 W	4.625286 W	0 W	

Top 5 consumers:
Power		PID	Exe
1.4097257 W	2159342	"/home/boggy/ref_rapl/energy_exp_server/NPB3.4.3/NPB3.4-MPI/bin/mg.C.x"
1.4097257 W	2159320	"/home/boggy/ref_rapl/scaphandre/target/release/scaphandre"
1.4097257 W	2159340	"/home/boggy/ref_rapl/energy_exp_server/NPB3.4.3/NPB3.4-MPI/bin/mg.C.x"
1.4097257 W	2159343	"/home/boggy/ref_rapl/energy_exp_server/NPB3.4.3/NPB3.4-MPI/bin/mg.C.x"
1.1277806 W	2159341	"/home/boggy/ref_rapl/energy_exp_server/NPB3.4.3/NPB3.4-MPI/bin/mg.C.x"
------------------------------------------------------------

Host:	55.863549 W from 
	package 	core		dram		uncore
Socket0	46.235043 W |	40.13707 W	4.514034 W	0 W	

Top 5 consumers:
Power		PID	Exe
1.3067497 W	2159342	"/home/boggy/ref_rapl/energy_exp_server/NPB3.4.3/NPB3.4-MPI/bin/mg.C.x"
1.3067497 W	2159320	"/home/boggy/ref_rapl/scaphandre/target/release/scaphandre"
1.3067497 W	2159340	"/home/boggy/ref_rapl/energy_exp_server/NPB3.4.3/NPB3.4-MPI/bin/mg.C.x"
1.3067497 W	2159341	"/home/boggy/ref_rapl/energy_exp_server/NPB3.4.3/NPB3.4-MPI/bin/mg.C.x"
0.98006225 W	2159343	"/home/boggy/ref_rapl/energy_exp_server/NPB3.4.3/NPB3.4-MPI/bin/mg.C.x"
------------------------------------------------------------

Host:	54.766435 W from 
	package 	core		dram		uncore
Socket0	53.04497 W |	47.935825 W	4.472269 W	0 W	

Top 5 consumers:
Power		PID	Exe
1.2810862 W	2159343	"/home/boggy/ref_rapl/energy_exp_server/NPB3.4.3/NPB3.4-MPI/bin/mg.C.x"
0.9608146 W	2159342	"/home/boggy/ref_rapl/energy_exp_server/NPB3.4.3/NPB3.4-MPI/bin/mg.C.x"
0.9608146 W	2159320	"/home/boggy/ref_rapl/scaphandre/target/release/scaphandre"
0.9608146 W	2159340	"/home/boggy/ref_rapl/energy_exp_server/NPB3.4.3/NPB3.4-MPI/bin/mg.C.x"
0.9608146 W	2159341	"/home/boggy/ref_rapl/energy_exp_server/NPB3.4.3/NPB3.4-MPI/bin/mg.C.x"
------------------------------------------------------------

Host:	52.734439 W from 
	package 	core		dram		uncore
Socket0	48.647697 W |	43.239056 W	4.444186 W	0 W	

Top 5 consumers:
Power		PID	Exe
0.92516553 W	2159342	"/home/boggy/ref_rapl/energy_exp_server/NPB3.4.3/NPB3.4-MPI/bin/mg.C.x"
0.92516553 W	2159340	"/home/boggy/ref_rapl/energy_exp_server/NPB3.4.3/NPB3.4-MPI/bin/mg.C.x"
0.92516553 W	2159343	"/home/boggy/ref_rapl/energy_exp_server/NPB3.4.3/NPB3.4-MPI/bin/mg.C.x"
0.92516553 W	2159341	"/home/boggy/ref_rapl/energy_exp_server/NPB3.4.3/NPB3.4-MPI/bin/mg.C.x"
0.6167771 W	2159320	"/home/boggy/ref_rapl/scaphandre/target/release/scaphandre"
------------------------------------------------------------

Host:	51.420202 W from 
	package 	core		dram		uncore
Socket0	46.625034 W |	41.917236 W	4.674266 W	0 W	

Top 5 consumers:
Power		PID	Exe
0.9021088 W	2159342	"/home/boggy/ref_rapl/energy_exp_server/NPB3.4.3/NPB3.4-MPI/bin/mg.C.x"
0.9021088 W	2159340	"/home/boggy/ref_rapl/energy_exp_server/NPB3.4.3/NPB3.4-MPI/bin/mg.C.x"
0.9021088 W	2159343	"/home/boggy/ref_rapl/energy_exp_server/NPB3.4.3/NPB3.4-MPI/bin/mg.C.x"
0.9021088 W	2159341	"/home/boggy/ref_rapl/energy_exp_server/NPB3.4.3/NPB3.4-MPI/bin/mg.C.x"
0.6014059 W	2159320	"/home/boggy/ref_rapl/scaphandre/target/release/scaphandre"
------------------------------------------------------------

Host:	53.239403 W from 
	package 	core		dram		uncore
Socket0	48.178284 W |	41.816982 W	4.53429 W	0 W	

Top 5 consumers:
Power		PID	Exe
1.2676048 W	2159341	"/home/boggy/ref_rapl/energy_exp_server/NPB3.4.3/NPB3.4-MPI/bin/mg.C.x"
0.9507037 W	2159342	"/home/boggy/ref_rapl/energy_exp_server/NPB3.4.3/NPB3.4-MPI/bin/mg.C.x"
0.9507037 W	2159320	"/home/boggy/ref_rapl/scaphandre/target/release/scaphandre"
0.9507037 W	2159340	"/home/boggy/ref_rapl/energy_exp_server/NPB3.4.3/NPB3.4-MPI/bin/mg.C.x"
0.9507037 W	2159343	"/home/boggy/ref_rapl/energy_exp_server/NPB3.4.3/NPB3.4-MPI/bin/mg.C.x"
------------------------------------------------------------

Host:	53.565991 W from 
	package 	core		dram		uncore
Socket0	48.114414 W |	43.776627 W	4.68468 W	0 W	

Top 5 consumers:
Power		PID	Exe
1.2753807 W	2159340	"/home/boggy/ref_rapl/energy_exp_server/NPB3.4.3/NPB3.4-MPI/bin/mg.C.x"
0.95653564 W	2159342	"/home/boggy/ref_rapl/energy_exp_server/NPB3.4.3/NPB3.4-MPI/bin/mg.C.x"
0.95653564 W	2159320	"/home/boggy/ref_rapl/scaphandre/target/release/scaphandre"
0.95653564 W	2159343	"/home/boggy/ref_rapl/energy_exp_server/NPB3.4.3/NPB3.4-MPI/bin/mg.C.x"
0.95653564 W	2159341	"/home/boggy/ref_rapl/energy_exp_server/NPB3.4.3/NPB3.4-MPI/bin/mg.C.x"
------------------------------------------------------------

Host:	53.14989 W from 
	package 	core		dram		uncore
Socket0	48.92327 W |	43.779938 W	4.914428 W	0 W	

Top 5 consumers:
Power		PID	Exe
1.2654735 W	2159342	"/home/boggy/ref_rapl/energy_exp_server/NPB3.4.3/NPB3.4-MPI/bin/mg.C.x"
0.94910526 W	2159320	"/home/boggy/ref_rapl/scaphandre/target/release/scaphandre"
0.94910526 W	2159340	"/home/boggy/ref_rapl/energy_exp_server/NPB3.4.3/NPB3.4-MPI/bin/mg.C.x"
0.94910526 W	2159343	"/home/boggy/ref_rapl/energy_exp_server/NPB3.4.3/NPB3.4-MPI/bin/mg.C.x"
0.94910526 W	2159341	"/home/boggy/ref_rapl/energy_exp_server/NPB3.4.3/NPB3.4-MPI/bin/mg.C.x"
------------------------------------------------------------

Host:	53.931001 W from 
	package 	core		dram		uncore
Socket0	49.800808 W |	43.952087 W	4.704326 W	0 W	

Top 5 consumers:
Power		PID	Exe
1.2840714 W	2159343	"/home/boggy/ref_rapl/energy_exp_server/NPB3.4.3/NPB3.4-MPI/bin/mg.C.x"
0.96305364 W	2159342	"/home/boggy/ref_rapl/energy_exp_server/NPB3.4.3/NPB3.4-MPI/bin/mg.C.x"
0.96305364 W	2159340	"/home/boggy/ref_rapl/energy_exp_server/NPB3.4.3/NPB3.4-MPI/bin/mg.C.x"
0.96305364 W	2159341	"/home/boggy/ref_rapl/energy_exp_server/NPB3.4.3/NPB3.4-MPI/bin/mg.C.x"
0.6420357 W	2159320	"/home/boggy/ref_rapl/scaphandre/target/release/scaphandre"
------------------------------------------------------------

Host:	53.951591 W from 
	package 	core		dram		uncore
Socket0	49.257175 W |	43.84433 W	4.801445 W	0 W	

Top 5 consumers:
Power		PID	Exe
0.9634213 W	2159342	"/home/boggy/ref_rapl/energy_exp_server/NPB3.4.3/NPB3.4-MPI/bin/mg.C.x"
0.9634213 W	2159340	"/home/boggy/ref_rapl/energy_exp_server/NPB3.4.3/NPB3.4-MPI/bin/mg.C.x"
0.9634213 W	2159343	"/home/boggy/ref_rapl/energy_exp_server/NPB3.4.3/NPB3.4-MPI/bin/mg.C.x"
0.9634213 W	2159341	"/home/boggy/ref_rapl/energy_exp_server/NPB3.4.3/NPB3.4-MPI/bin/mg.C.x"
0.6422808 W	2159320	"/home/boggy/ref_rapl/scaphandre/target/release/scaphandre"
------------------------------------------------------------

Host:	53.579163 W from 
	package 	core		dram		uncore
Socket0	47.949062 W |	44.057392 W	4.812128 W	0 W	

Top 5 consumers:
Power		PID	Exe
1.2756944 W	2159341	"/home/boggy/ref_rapl/energy_exp_server/NPB3.4.3/NPB3.4-MPI/bin/mg.C.x"
0.95677084 W	2159342	"/home/boggy/ref_rapl/energy_exp_server/NPB3.4.3/NPB3.4-MPI/bin/mg.C.x"
0.95677084 W	2159320	"/home/boggy/ref_rapl/scaphandre/target/release/scaphandre"
0.95677084 W	2159340	"/home/boggy/ref_rapl/energy_exp_server/NPB3.4.3/NPB3.4-MPI/bin/mg.C.x"
0.95677084 W	2159343	"/home/boggy/ref_rapl/energy_exp_server/NPB3.4.3/NPB3.4-MPI/bin/mg.C.x"
------------------------------------------------------------

Host:	54.642921 W from 
	package 	core		dram		uncore
Socket0	49.987816 W |	43.966602 W	4.700001 W	0 W	

Top 5 consumers:
Power		PID	Exe
1.3010219 W	2159340	"/home/boggy/ref_rapl/energy_exp_server/NPB3.4.3/NPB3.4-MPI/bin/mg.C.x"
0.9757665 W	2159342	"/home/boggy/ref_rapl/energy_exp_server/NPB3.4.3/NPB3.4-MPI/bin/mg.C.x"
0.9757665 W	2159343	"/home/boggy/ref_rapl/energy_exp_server/NPB3.4.3/NPB3.4-MPI/bin/mg.C.x"
0.9757665 W	2159341	"/home/boggy/ref_rapl/energy_exp_server/NPB3.4.3/NPB3.4-MPI/bin/mg.C.x"
0.65051097 W	2159320	"/home/boggy/ref_rapl/scaphandre/target/release/scaphandre"
------------------------------------------------------------

Host:	52.071925 W from 
	package 	core		dram		uncore
Socket0	47.830772 W |	42.214424 W	4.807614 W	0 W	

Top 5 consumers:
Power		PID	Exe
1.144438 W	2159342	"/home/boggy/ref_rapl/energy_exp_server/NPB3.4.3/NPB3.4-MPI/bin/mg.C.x"
0.8583285 W	2159320	"/home/boggy/ref_rapl/scaphandre/target/release/scaphandre"
0.8583285 W	2159340	"/home/boggy/ref_rapl/energy_exp_server/NPB3.4.3/NPB3.4-MPI/bin/mg.C.x"
0.8583285 W	2159343	"/home/boggy/ref_rapl/energy_exp_server/NPB3.4.3/NPB3.4-MPI/bin/mg.C.x"
0.8583285 W	2159341	"/home/boggy/ref_rapl/energy_exp_server/NPB3.4.3/NPB3.4-MPI/bin/mg.C.x"
------------------------------------------------------------

Host:	56.871208 W from 
	package 	core		dram		uncore
Socket0	49.339657 W |	45.951584 W	4.03383 W	0 W	

Top 5 consumers:
Power		PID	Exe
1.2499168 W	2159343	"/home/boggy/ref_rapl/energy_exp_server/NPB3.4.3/NPB3.4-MPI/bin/mg.C.x"
0.93743753 W	2159342	"/home/boggy/ref_rapl/energy_exp_server/NPB3.4.3/NPB3.4-MPI/bin/mg.C.x"
0.93743753 W	2159320	"/home/boggy/ref_rapl/scaphandre/target/release/scaphandre"
0.93743753 W	2159340	"/home/boggy/ref_rapl/energy_exp_server/NPB3.4.3/NPB3.4-MPI/bin/mg.C.x"
0.93743753 W	2159341	"/home/boggy/ref_rapl/energy_exp_server/NPB3.4.3/NPB3.4-MPI/bin/mg.C.x"
------------------------------------------------------------

Host:	55.25777 W from 
	package 	core		dram		uncore
Socket0	52.082047 W |	46.384754 W	4.530394 W	0 W	

Top 5 consumers:
Power		PID	Exe
0.9108424 W	2159342	"/home/boggy/ref_rapl/energy_exp_server/NPB3.4.3/NPB3.4-MPI/bin/mg.C.x"
0.9108424 W	2159340	"/home/boggy/ref_rapl/energy_exp_server/NPB3.4.3/NPB3.4-MPI/bin/mg.C.x"
0.9108424 W	2159343	"/home/boggy/ref_rapl/energy_exp_server/NPB3.4.3/NPB3.4-MPI/bin/mg.C.x"
0.9108424 W	2159341	"/home/boggy/ref_rapl/energy_exp_server/NPB3.4.3/NPB3.4-MPI/bin/mg.C.x"
0.6072283 W	2159320	"/home/boggy/ref_rapl/scaphandre/target/release/scaphandre"
------------------------------------------------------------

Host:	56.044414 W from 
	package 	core		dram		uncore
Socket0	52.469234 W |	46.403847 W	4.71037 W	0 W	

Top 5 consumers:
Power		PID	Exe
0.9238091 W	2159342	"/home/boggy/ref_rapl/energy_exp_server/NPB3.4.3/NPB3.4-MPI/bin/mg.C.x"
0.9238091 W	2159340	"/home/boggy/ref_rapl/energy_exp_server/NPB3.4.3/NPB3.4-MPI/bin/mg.C.x"
0.9238091 W	2159343	"/home/boggy/ref_rapl/energy_exp_server/NPB3.4.3/NPB3.4-MPI/bin/mg.C.x"
0.9238091 W	2159341	"/home/boggy/ref_rapl/energy_exp_server/NPB3.4.3/NPB3.4-MPI/bin/mg.C.x"
0.6158727 W	2159320	"/home/boggy/ref_rapl/scaphandre/target/release/scaphandre"
------------------------------------------------------------

Host:	57.091305 W from 
	package 	core		dram		uncore
Socket0	51.224968 W |	46.30785 W	4.599329 W	0 W	

Top 5 consumers:
Power		PID	Exe
0.94106555 W	2159342	"/home/boggy/ref_rapl/energy_exp_server/NPB3.4.3/NPB3.4-MPI/bin/mg.C.x"
0.94106555 W	2159320	"/home/boggy/ref_rapl/scaphandre/target/release/scaphandre"
0.94106555 W	2159340	"/home/boggy/ref_rapl/energy_exp_server/NPB3.4.3/NPB3.4-MPI/bin/mg.C.x"
0.94106555 W	2159343	"/home/boggy/ref_rapl/energy_exp_server/NPB3.4.3/NPB3.4-MPI/bin/mg.C.x"
0.94106555 W	2159341	"/home/boggy/ref_rapl/energy_exp_server/NPB3.4.3/NPB3.4-MPI/bin/mg.C.x"
------------------------------------------------------------

Host:	56.538412 W from 
	package 	core		dram		uncore
Socket0	50.668533 W |	46.33297 W	4.541946 W	0 W	

Top 5 consumers:
Power		PID	Exe
0.93195194 W	2159342	"/home/boggy/ref_rapl/energy_exp_server/NPB3.4.3/NPB3.4-MPI/bin/mg.C.x"
0.93195194 W	2159340	"/home/boggy/ref_rapl/energy_exp_server/NPB3.4.3/NPB3.4-MPI/bin/mg.C.x"
0.93195194 W	2159343	"/home/boggy/ref_rapl/energy_exp_server/NPB3.4.3/NPB3.4-MPI/bin/mg.C.x"
0.93195194 W	2159341	"/home/boggy/ref_rapl/energy_exp_server/NPB3.4.3/NPB3.4-MPI/bin/mg.C.x"
0.62130123 W	2159320	"/home/boggy/ref_rapl/scaphandre/target/release/scaphandre"
------------------------------------------------------------

Host:	54.632126 W from 
	package 	core		dram		uncore
Socket0	52.087906 W |	46.4281 W	4.657359 W	0 W	

Top 5 consumers:
Power		PID	Exe
0.9005296 W	2159342	"/home/boggy/ref_rapl/energy_exp_server/NPB3.4.3/NPB3.4-MPI/bin/mg.C.x"
0.9005296 W	2159340	"/home/boggy/ref_rapl/energy_exp_server/NPB3.4.3/NPB3.4-MPI/bin/mg.C.x"
0.9005296 W	2159343	"/home/boggy/ref_rapl/energy_exp_server/NPB3.4.3/NPB3.4-MPI/bin/mg.C.x"
0.9005296 W	2159341	"/home/boggy/ref_rapl/energy_exp_server/NPB3.4.3/NPB3.4-MPI/bin/mg.C.x"
0.60035306 W	2159320	"/home/boggy/ref_rapl/scaphandre/target/release/scaphandre"
------------------------------------------------------------

Host:	53.792683 W from 
	package 	core		dram		uncore
Socket0	49.267143 W |	44.202225 W	4.575494 W	0 W	

Top 5 consumers:
Power		PID	Exe
1.2509927 W	2159340	"/home/boggy/ref_rapl/energy_exp_server/NPB3.4.3/NPB3.4-MPI/bin/mg.C.x"
0.9382446 W	2159342	"/home/boggy/ref_rapl/energy_exp_server/NPB3.4.3/NPB3.4-MPI/bin/mg.C.x"
0.9382446 W	2159343	"/home/boggy/ref_rapl/energy_exp_server/NPB3.4.3/NPB3.4-MPI/bin/mg.C.x"
0.9382446 W	2159341	"/home/boggy/ref_rapl/energy_exp_server/NPB3.4.3/NPB3.4-MPI/bin/mg.C.x"
0.6254963 W	2159320	"/home/boggy/ref_rapl/scaphandre/target/release/scaphandre"
------------------------------------------------------------

Host:	53.467116 W from 
	package 	core		dram		uncore
Socket0	48.88557 W |	44.206635 W	4.847719 W	0 W	

Top 5 consumers:
Power		PID	Exe
1.2434212 W	2159340	"/home/boggy/ref_rapl/energy_exp_server/NPB3.4.3/NPB3.4-MPI/bin/mg.C.x"
1.2434212 W	2159341	"/home/boggy/ref_rapl/energy_exp_server/NPB3.4.3/NPB3.4-MPI/bin/mg.C.x"
0.93256605 W	2159342	"/home/boggy/ref_rapl/energy_exp_server/NPB3.4.3/NPB3.4-MPI/bin/mg.C.x"
0.93256605 W	2159320	"/home/boggy/ref_rapl/scaphandre/target/release/scaphandre"
0.93256605 W	2159343	"/home/boggy/ref_rapl/energy_exp_server/NPB3.4.3/NPB3.4-MPI/bin/mg.C.x"
------------------------------------------------------------

Host:	54.37224 W from 
	package 	core		dram		uncore
Socket0	49.4245 W |	44.151455 W	4.771826 W	0 W	

Top 5 consumers:
Power		PID	Exe
1.2644706 W	2159342	"/home/boggy/ref_rapl/energy_exp_server/NPB3.4.3/NPB3.4-MPI/bin/mg.C.x"
0.94835305 W	2159320	"/home/boggy/ref_rapl/scaphandre/target/release/scaphandre"
0.94835305 W	2159340	"/home/boggy/ref_rapl/energy_exp_server/NPB3.4.3/NPB3.4-MPI/bin/mg.C.x"
0.94835305 W	2159343	"/home/boggy/ref_rapl/energy_exp_server/NPB3.4.3/NPB3.4-MPI/bin/mg.C.x"
0.94835305 W	2159341	"/home/boggy/ref_rapl/energy_exp_server/NPB3.4.3/NPB3.4-MPI/bin/mg.C.x"
------------------------------------------------------------

Host:	53.905669 W from 
	package 	core		dram		uncore
Socket0	49.170647 W |	44.08445 W	4.775766 W	0 W	

Top 5 consumers:
Power		PID	Exe
0.94021523 W	2159342	"/home/boggy/ref_rapl/energy_exp_server/NPB3.4.3/NPB3.4-MPI/bin/mg.C.x"
0.94021523 W	2159340	"/home/boggy/ref_rapl/energy_exp_server/NPB3.4.3/NPB3.4-MPI/bin/mg.C.x"
0.94021523 W	2159343	"/home/boggy/ref_rapl/energy_exp_server/NPB3.4.3/NPB3.4-MPI/bin/mg.C.x"
0.94021523 W	2159341	"/home/boggy/ref_rapl/energy_exp_server/NPB3.4.3/NPB3.4-MPI/bin/mg.C.x"
0.6268101 W	2159320	"/home/boggy/ref_rapl/scaphandre/target/release/scaphandre"
------------------------------------------------------------

Host:	53.492973 W from 
	package 	core		dram		uncore
Socket0	49.19277 W |	44.108482 W	4.746992 W	0 W	

Top 5 consumers:
Power		PID	Exe
1.2440226 W	2159343	"/home/boggy/ref_rapl/energy_exp_server/NPB3.4.3/NPB3.4-MPI/bin/mg.C.x"
0.9330171 W	2159342	"/home/boggy/ref_rapl/energy_exp_server/NPB3.4.3/NPB3.4-MPI/bin/mg.C.x"
0.9330171 W	2159320	"/home/boggy/ref_rapl/scaphandre/target/release/scaphandre"
0.9330171 W	2159340	"/home/boggy/ref_rapl/energy_exp_server/NPB3.4.3/NPB3.4-MPI/bin/mg.C.x"
0.9330171 W	2159341	"/home/boggy/ref_rapl/energy_exp_server/NPB3.4.3/NPB3.4-MPI/bin/mg.C.x"
------------------------------------------------------------

Host:	54.359766 W from 
	package 	core		dram		uncore
Socket0	50.282505 W |	44.109764 W	4.745162 W	0 W	

Top 5 consumers:
Power		PID	Exe
0.9481355 W	2159342	"/home/boggy/ref_rapl/energy_exp_server/NPB3.4.3/NPB3.4-MPI/bin/mg.C.x"
0.9481355 W	2159340	"/home/boggy/ref_rapl/energy_exp_server/NPB3.4.3/NPB3.4-MPI/bin/mg.C.x"
0.9481355 W	2159343	"/home/boggy/ref_rapl/energy_exp_server/NPB3.4.3/NPB3.4-MPI/bin/mg.C.x"
0.9481355 W	2159341	"/home/boggy/ref_rapl/energy_exp_server/NPB3.4.3/NPB3.4-MPI/bin/mg.C.x"
0.6320903 W	2159320	"/home/boggy/ref_rapl/scaphandre/target/release/scaphandre"
------------------------------------------------------------

Host:	53.610723 W from 
	package 	core		dram		uncore
Socket0	49.217243 W |	43.886806 W	4.793037 W	0 W	

Top 5 consumers:
Power		PID	Exe
1.246761 W	2159341	"/home/boggy/ref_rapl/energy_exp_server/NPB3.4.3/NPB3.4-MPI/bin/mg.C.x"
0.9350708 W	2159342	"/home/boggy/ref_rapl/energy_exp_server/NPB3.4.3/NPB3.4-MPI/bin/mg.C.x"
0.9350708 W	2159320	"/home/boggy/ref_rapl/scaphandre/target/release/scaphandre"
0.9350708 W	2159340	"/home/boggy/ref_rapl/energy_exp_server/NPB3.4.3/NPB3.4-MPI/bin/mg.C.x"
0.9350708 W	2159343	"/home/boggy/ref_rapl/energy_exp_server/NPB3.4.3/NPB3.4-MPI/bin/mg.C.x"
------------------------------------------------------------

Host:	53.752225 W from 
	package 	core		dram		uncore
Socket0	48.251816 W |	43.132633 W	4.769247 W	0 W	

Top 5 consumers:
Power		PID	Exe
1.1878945 W	2159340	"/home/boggy/ref_rapl/energy_exp_server/NPB3.4.3/NPB3.4-MPI/bin/mg.C.x"
0.8909209 W	2159342	"/home/boggy/ref_rapl/energy_exp_server/NPB3.4.3/NPB3.4-MPI/bin/mg.C.x"
0.8909209 W	2159343	"/home/boggy/ref_rapl/energy_exp_server/NPB3.4.3/NPB3.4-MPI/bin/mg.C.x"
0.8909209 W	2159341	"/home/boggy/ref_rapl/energy_exp_server/NPB3.4.3/NPB3.4-MPI/bin/mg.C.x"
0.59394723 W	2159320	"/home/boggy/ref_rapl/scaphandre/target/release/scaphandre"
------------------------------------------------------------

Host:	52.149084 W from 
	package 	core		dram		uncore
Socket0	47.33971 W |	43.448284 W	4.612628 W	0 W	

Top 5 consumers:
Power		PID	Exe
1.1524658 W	2159342	"/home/boggy/ref_rapl/energy_exp_server/NPB3.4.3/NPB3.4-MPI/bin/mg.C.x"
0.8643494 W	2159320	"/home/boggy/ref_rapl/scaphandre/target/release/scaphandre"
0.8643494 W	2159340	"/home/boggy/ref_rapl/energy_exp_server/NPB3.4.3/NPB3.4-MPI/bin/mg.C.x"
0.8643494 W	2159343	"/home/boggy/ref_rapl/energy_exp_server/NPB3.4.3/NPB3.4-MPI/bin/mg.C.x"
0.8643494 W	2159341	"/home/boggy/ref_rapl/energy_exp_server/NPB3.4.3/NPB3.4-MPI/bin/mg.C.x"
------------------------------------------------------------

Host:	50.328148 W from 
	package 	core		dram		uncore
Socket0	47.54149 W |	42.591175 W	4.65665 W	0 W	

Top 5 consumers:
Power		PID	Exe
0.8341682 W	2159342	"/home/boggy/ref_rapl/energy_exp_server/NPB3.4.3/NPB3.4-MPI/bin/mg.C.x"
0.8341682 W	2159340	"/home/boggy/ref_rapl/energy_exp_server/NPB3.4.3/NPB3.4-MPI/bin/mg.C.x"
0.8341682 W	2159343	"/home/boggy/ref_rapl/energy_exp_server/NPB3.4.3/NPB3.4-MPI/bin/mg.C.x"
0.8341682 W	2159341	"/home/boggy/ref_rapl/energy_exp_server/NPB3.4.3/NPB3.4-MPI/bin/mg.C.x"
0.5561121 W	2159320	"/home/boggy/ref_rapl/scaphandre/target/release/scaphandre"
------------------------------------------------------------

Host:	50.473446 W from 
	package 	core		dram		uncore
Socket0	47.75503 W |	42.326057 W	4.17634 W	0 W	

Top 5 consumers:
Power		PID	Exe
0.83657646 W	2159342	"/home/boggy/ref_rapl/energy_exp_server/NPB3.4.3/NPB3.4-MPI/bin/mg.C.x"
0.83657646 W	2159320	"/home/boggy/ref_rapl/scaphandre/target/release/scaphandre"
0.83657646 W	2159340	"/home/boggy/ref_rapl/energy_exp_server/NPB3.4.3/NPB3.4-MPI/bin/mg.C.x"
0.83657646 W	2159343	"/home/boggy/ref_rapl/energy_exp_server/NPB3.4.3/NPB3.4-MPI/bin/mg.C.x"
0.83657646 W	2159341	"/home/boggy/ref_rapl/energy_exp_server/NPB3.4.3/NPB3.4-MPI/bin/mg.C.x"
------------------------------------------------------------

Host:	45.854341 W from 
	package 	core		dram		uncore
Socket0	43.431435 W |	37.826454 W	4.533412 W	0 W	

Top 5 consumers:
Power		PID	Exe
1.5200334 W	2159320	"/home/boggy/ref_rapl/scaphandre/target/release/scaphandre"
1.5200334 W	2159340	"/home/boggy/ref_rapl/energy_exp_server/NPB3.4.3/NPB3.4-MPI/bin/mg.C.x"
1.5200334 W	2159343	"/home/boggy/ref_rapl/energy_exp_server/NPB3.4.3/NPB3.4-MPI/bin/mg.C.x"
1.5200334 W	2159341	"/home/boggy/ref_rapl/energy_exp_server/NPB3.4.3/NPB3.4-MPI/bin/mg.C.x"
1.2666945 W	2159342	"/home/boggy/ref_rapl/energy_exp_server/NPB3.4.3/NPB3.4-MPI/bin/mg.C.x"
------------------------------------------------------------

Host:	48.479423 W from 
	package 	core		dram		uncore
Socket0	41.870613 W |	36.77121 W	4.629298 W	0 W	

Top 5 consumers:
Power		PID	Exe
1.8179785 W	2159342	"/home/boggy/ref_rapl/energy_exp_server/NPB3.4.3/NPB3.4-MPI/bin/mg.C.x"
1.514982 W	2159340	"/home/boggy/ref_rapl/energy_exp_server/NPB3.4.3/NPB3.4-MPI/bin/mg.C.x"
1.514982 W	2159343	"/home/boggy/ref_rapl/energy_exp_server/NPB3.4.3/NPB3.4-MPI/bin/mg.C.x"
1.514982 W	2159341	"/home/boggy/ref_rapl/energy_exp_server/NPB3.4.3/NPB3.4-MPI/bin/mg.C.x"
1.2119856 W	2159320	"/home/boggy/ref_rapl/scaphandre/target/release/scaphandre"
------------------------------------------------------------

Host:	51.858316 W from 
	package 	core		dram		uncore
Socket0	43.542553 W |	38.246464 W	4.507338 W	0 W	

Top 5 consumers:
Power		PID	Exe
1.6205723 W	2159342	"/home/boggy/ref_rapl/energy_exp_server/NPB3.4.3/NPB3.4-MPI/bin/mg.C.x"
1.2964579 W	2159320	"/home/boggy/ref_rapl/scaphandre/target/release/scaphandre"
1.2964579 W	2159340	"/home/boggy/ref_rapl/energy_exp_server/NPB3.4.3/NPB3.4-MPI/bin/mg.C.x"
1.2964579 W	2159343	"/home/boggy/ref_rapl/energy_exp_server/NPB3.4.3/NPB3.4-MPI/bin/mg.C.x"
1.2964579 W	2159341	"/home/boggy/ref_rapl/energy_exp_server/NPB3.4.3/NPB3.4-MPI/bin/mg.C.x"
------------------------------------------------------------

Host:	54.979014 W from 
	package 	core		dram		uncore
Socket0	49.381016 W |	45.764538 W	4.508632 W	0 W	

Top 5 consumers:
Power		PID	Exe
1.3744754 W	2159320	"/home/boggy/ref_rapl/scaphandre/target/release/scaphandre"
1.3744754 W	2159343	"/home/boggy/ref_rapl/energy_exp_server/NPB3.4.3/NPB3.4-MPI/bin/mg.C.x"
1.3744754 W	2159341	"/home/boggy/ref_rapl/energy_exp_server/NPB3.4.3/NPB3.4-MPI/bin/mg.C.x"
1.0308566 W	2159342	"/home/boggy/ref_rapl/energy_exp_server/NPB3.4.3/NPB3.4-MPI/bin/mg.C.x"
1.0308566 W	2159340	"/home/boggy/ref_rapl/energy_exp_server/NPB3.4.3/NPB3.4-MPI/bin/mg.C.x"
------------------------------------------------------------

Host:	51.202602 W from 
	package 	core		dram		uncore
Socket0	51.475414 W |	44.62586 W	4.548316 W	0 W	

Top 5 consumers:
Power		PID	Exe
1.280065 W	2159340	"/home/boggy/ref_rapl/energy_exp_server/NPB3.4.3/NPB3.4-MPI/bin/mg.C.x"
0.96004885 W	2159342	"/home/boggy/ref_rapl/energy_exp_server/NPB3.4.3/NPB3.4-MPI/bin/mg.C.x"
0.96004885 W	2159343	"/home/boggy/ref_rapl/energy_exp_server/NPB3.4.3/NPB3.4-MPI/bin/mg.C.x"
0.96004885 W	2159341	"/home/boggy/ref_rapl/energy_exp_server/NPB3.4.3/NPB3.4-MPI/bin/mg.C.x"
0.6400325 W	2159320	"/home/boggy/ref_rapl/scaphandre/target/release/scaphandre"
------------------------------------------------------------

Host:	51.271625 W from 
	package 	core		dram		uncore
Socket0	46.667084 W |	41.689945 W	4.555918 W	0 W	

Top 5 consumers:
Power		PID	Exe
0.961343 W	2159342	"/home/boggy/ref_rapl/energy_exp_server/NPB3.4.3/NPB3.4-MPI/bin/mg.C.x"
0.961343 W	2159320	"/home/boggy/ref_rapl/scaphandre/target/release/scaphandre"
0.961343 W	2159340	"/home/boggy/ref_rapl/energy_exp_server/NPB3.4.3/NPB3.4-MPI/bin/mg.C.x"
0.961343 W	2159343	"/home/boggy/ref_rapl/energy_exp_server/NPB3.4.3/NPB3.4-MPI/bin/mg.C.x"
0.961343 W	2159341	"/home/boggy/ref_rapl/energy_exp_server/NPB3.4.3/NPB3.4-MPI/bin/mg.C.x"
------------------------------------------------------------

Host:	53.756938 W from 
	package 	core		dram		uncore
Socket0	47.03353 W |	41.936638 W	4.555273 W	0 W	

Top 5 consumers:
Power		PID	Exe
1.3439234 W	2159342	"/home/boggy/ref_rapl/energy_exp_server/NPB3.4.3/NPB3.4-MPI/bin/mg.C.x"
1.0079427 W	2159340	"/home/boggy/ref_rapl/energy_exp_server/NPB3.4.3/NPB3.4-MPI/bin/mg.C.x"
1.0079427 W	2159343	"/home/boggy/ref_rapl/energy_exp_server/NPB3.4.3/NPB3.4-MPI/bin/mg.C.x"
1.0079427 W	2159341	"/home/boggy/ref_rapl/energy_exp_server/NPB3.4.3/NPB3.4-MPI/bin/mg.C.x"
0.6719617 W	2159320	"/home/boggy/ref_rapl/scaphandre/target/release/scaphandre"
------------------------------------------------------------

Host:	53.447925 W from 
	package 	core		dram		uncore
Socket0	48.47719 W |	43.34941 W	4.724884 W	0 W	

Top 5 consumers:
Power		PID	Exe
0.9717804 W	2159342	"/home/boggy/ref_rapl/energy_exp_server/NPB3.4.3/NPB3.4-MPI/bin/mg.C.x"
0.9717804 W	2159340	"/home/boggy/ref_rapl/energy_exp_server/NPB3.4.3/NPB3.4-MPI/bin/mg.C.x"
0.9717804 W	2159343	"/home/boggy/ref_rapl/energy_exp_server/NPB3.4.3/NPB3.4-MPI/bin/mg.C.x"
0.9717804 W	2159341	"/home/boggy/ref_rapl/energy_exp_server/NPB3.4.3/NPB3.4-MPI/bin/mg.C.x"
0.64785355 W	2159320	"/home/boggy/ref_rapl/scaphandre/target/release/scaphandre"
------------------------------------------------------------

Host:	53.816248 W from 
	package 	core		dram		uncore
Socket0	48.76818 W |	43.87846 W	4.896766 W	0 W	

Top 5 consumers:
Power		PID	Exe
1.3046362 W	2159343	"/home/boggy/ref_rapl/energy_exp_server/NPB3.4.3/NPB3.4-MPI/bin/mg.C.x"
1.3046362 W	2159341	"/home/boggy/ref_rapl/energy_exp_server/NPB3.4.3/NPB3.4-MPI/bin/mg.C.x"
0.9784772 W	2159342	"/home/boggy/ref_rapl/energy_exp_server/NPB3.4.3/NPB3.4-MPI/bin/mg.C.x"
0.9784772 W	2159320	"/home/boggy/ref_rapl/scaphandre/target/release/scaphandre"
0.9784772 W	2159340	"/home/boggy/ref_rapl/energy_exp_server/NPB3.4.3/NPB3.4-MPI/bin/mg.C.x"
------------------------------------------------------------

Host:	53.472327 W from 
	package 	core		dram		uncore
Socket0	49.181545 W |	43.95105 W	4.790559 W	0 W	

Top 5 consumers:
Power		PID	Exe
1.2962987 W	2159340	"/home/boggy/ref_rapl/energy_exp_server/NPB3.4.3/NPB3.4-MPI/bin/mg.C.x"
0.97222406 W	2159342	"/home/boggy/ref_rapl/energy_exp_server/NPB3.4.3/NPB3.4-MPI/bin/mg.C.x"
0.97222406 W	2159343	"/home/boggy/ref_rapl/energy_exp_server/NPB3.4.3/NPB3.4-MPI/bin/mg.C.x"
0.97222406 W	2159341	"/home/boggy/ref_rapl/energy_exp_server/NPB3.4.3/NPB3.4-MPI/bin/mg.C.x"
0.6481494 W	2159320	"/home/boggy/ref_rapl/scaphandre/target/release/scaphandre"
------------------------------------------------------------

Host:	54.021068 W from 
	package 	core		dram		uncore
Socket0	50.202847 W |	44.03002 W	4.733809 W	0 W	

Top 5 consumers:
Power		PID	Exe
0.98220116 W	2159342	"/home/boggy/ref_rapl/energy_exp_server/NPB3.4.3/NPB3.4-MPI/bin/mg.C.x"
0.98220116 W	2159320	"/home/boggy/ref_rapl/scaphandre/target/release/scaphandre"
0.98220116 W	2159340	"/home/boggy/ref_rapl/energy_exp_server/NPB3.4.3/NPB3.4-MPI/bin/mg.C.x"
0.98220116 W	2159343	"/home/boggy/ref_rapl/energy_exp_server/NPB3.4.3/NPB3.4-MPI/bin/mg.C.x"
0.98220116 W	2159341	"/home/boggy/ref_rapl/energy_exp_server/NPB3.4.3/NPB3.4-MPI/bin/mg.C.x"
------------------------------------------------------------

Host:	53.595046 W from 
	package 	core		dram		uncore
Socket0	47.721844 W |	43.973927 W	4.785262 W	0 W	

Top 5 consumers:
Power		PID	Exe
1.2992737 W	2159342	"/home/boggy/ref_rapl/energy_exp_server/NPB3.4.3/NPB3.4-MPI/bin/mg.C.x"
0.97445536 W	2159320	"/home/boggy/ref_rapl/scaphandre/target/release/scaphandre"
0.97445536 W	2159340	"/home/boggy/ref_rapl/energy_exp_server/NPB3.4.3/NPB3.4-MPI/bin/mg.C.x"
0.97445536 W	2159343	"/home/boggy/ref_rapl/energy_exp_server/NPB3.4.3/NPB3.4-MPI/bin/mg.C.x"
0.97445536 W	2159341	"/home/boggy/ref_rapl/energy_exp_server/NPB3.4.3/NPB3.4-MPI/bin/mg.C.x"
------------------------------------------------------------

Host:	54.993541 W from 
	package 	core		dram		uncore
Socket0	50.221497 W |	43.888577 W	4.744737 W	0 W	

Top 5 consumers:
Power		PID	Exe
0.9998825 W	2159342	"/home/boggy/ref_rapl/energy_exp_server/NPB3.4.3/NPB3.4-MPI/bin/mg.C.x"
0.9998825 W	2159340	"/home/boggy/ref_rapl/energy_exp_server/NPB3.4.3/NPB3.4-MPI/bin/mg.C.x"
0.9998825 W	2159343	"/home/boggy/ref_rapl/energy_exp_server/NPB3.4.3/NPB3.4-MPI/bin/mg.C.x"
0.9998825 W	2159341	"/home/boggy/ref_rapl/energy_exp_server/NPB3.4.3/NPB3.4-MPI/bin/mg.C.x"
0.6665883 W	2159320	"/home/boggy/ref_rapl/scaphandre/target/release/scaphandre"
------------------------------------------------------------

Host:	52.30755 W from 
	package 	core		dram		uncore
Socket0	47.98264 W |	43.46363 W	4.844082 W	0 W	

Top 5 consumers:
Power		PID	Exe
1.2680618 W	2159343	"/home/boggy/ref_rapl/energy_exp_server/NPB3.4.3/NPB3.4-MPI/bin/mg.C.x"
0.9510463 W	2159342	"/home/boggy/ref_rapl/energy_exp_server/NPB3.4.3/NPB3.4-MPI/bin/mg.C.x"
0.9510463 W	2159320	"/home/boggy/ref_rapl/scaphandre/target/release/scaphandre"
0.9510463 W	2159340	"/home/boggy/ref_rapl/energy_exp_server/NPB3.4.3/NPB3.4-MPI/bin/mg.C.x"
0.9510463 W	2159341	"/home/boggy/ref_rapl/energy_exp_server/NPB3.4.3/NPB3.4-MPI/bin/mg.C.x"
------------------------------------------------------------

Host:	55.186374 W from 
	package 	core		dram		uncore
Socket0	49.064793 W |	44.16398 W	4.46475 W	0 W	

Top 5 consumers:
Power		PID	Exe
0.93010736 W	2159342	"/home/boggy/ref_rapl/energy_exp_server/NPB3.4.3/NPB3.4-MPI/bin/mg.C.x"
0.93010736 W	2159340	"/home/boggy/ref_rapl/energy_exp_server/NPB3.4.3/NPB3.4-MPI/bin/mg.C.x"
0.93010736 W	2159343	"/home/boggy/ref_rapl/energy_exp_server/NPB3.4.3/NPB3.4-MPI/bin/mg.C.x"
0.93010736 W	2159341	"/home/boggy/ref_rapl/energy_exp_server/NPB3.4.3/NPB3.4-MPI/bin/mg.C.x"
0.62007165 W	2159320	"/home/boggy/ref_rapl/scaphandre/target/release/scaphandre"
------------------------------------------------------------

Host:	57.249172 W from 
	package 	core		dram		uncore
Socket0	52.413605 W |	46.52947 W	4.506881 W	0 W	

Top 5 consumers:
Power		PID	Exe
0.9648737 W	2159342	"/home/boggy/ref_rapl/energy_exp_server/NPB3.4.3/NPB3.4-MPI/bin/mg.C.x"
0.9648737 W	2159320	"/home/boggy/ref_rapl/scaphandre/target/release/scaphandre"
0.9648737 W	2159340	"/home/boggy/ref_rapl/energy_exp_server/NPB3.4.3/NPB3.4-MPI/bin/mg.C.x"
0.9648737 W	2159343	"/home/boggy/ref_rapl/energy_exp_server/NPB3.4.3/NPB3.4-MPI/bin/mg.C.x"
0.32162458 W	2063455	""
------------------------------------------------------------

Host:	54.116859 W from 
	package 	core		dram		uncore
Socket0	51.183594 W |	46.3018 W	4.616115 W	0 W	

Top 5 consumers:
Power		PID	Exe
0.9120819 W	2159342	"/home/boggy/ref_rapl/energy_exp_server/NPB3.4.3/NPB3.4-MPI/bin/mg.C.x"
0.9120819 W	2159340	"/home/boggy/ref_rapl/energy_exp_server/NPB3.4.3/NPB3.4-MPI/bin/mg.C.x"
0.9120819 W	2159343	"/home/boggy/ref_rapl/energy_exp_server/NPB3.4.3/NPB3.4-MPI/bin/mg.C.x"
0.9120819 W	2159341	"/home/boggy/ref_rapl/energy_exp_server/NPB3.4.3/NPB3.4-MPI/bin/mg.C.x"
0.6080546 W	2159320	"/home/boggy/ref_rapl/scaphandre/target/release/scaphandre"
------------------------------------------------------------

Host:	56.201934 W from 
	package 	core		dram		uncore
Socket0	51.123398 W |	46.28878 W	4.534227 W	0 W	

Top 5 consumers:
Power		PID	Exe
0.94722354 W	2159342	"/home/boggy/ref_rapl/energy_exp_server/NPB3.4.3/NPB3.4-MPI/bin/mg.C.x"
0.94722354 W	2159340	"/home/boggy/ref_rapl/energy_exp_server/NPB3.4.3/NPB3.4-MPI/bin/mg.C.x"
0.94722354 W	2159343	"/home/boggy/ref_rapl/energy_exp_server/NPB3.4.3/NPB3.4-MPI/bin/mg.C.x"
0.63148236 W	2159320	"/home/boggy/ref_rapl/scaphandre/target/release/scaphandre"
0.31574118 W	2063455	""
------------------------------------------------------------

Host:	56.587177 W from 
	package 	core		dram		uncore
Socket0	50.491493 W |	46.522057 W	4.693048 W	0 W	

Top 5 consumers:
Power		PID	Exe
0.95371646 W	2159342	"/home/boggy/ref_rapl/energy_exp_server/NPB3.4.3/NPB3.4-MPI/bin/mg.C.x"
0.95371646 W	2159320	"/home/boggy/ref_rapl/scaphandre/target/release/scaphandre"
0.95371646 W	2159340	"/home/boggy/ref_rapl/energy_exp_server/NPB3.4.3/NPB3.4-MPI/bin/mg.C.x"
0.95371646 W	2159343	"/home/boggy/ref_rapl/energy_exp_server/NPB3.4.3/NPB3.4-MPI/bin/mg.C.x"
0.95371646 W	2159341	"/home/boggy/ref_rapl/energy_exp_server/NPB3.4.3/NPB3.4-MPI/bin/mg.C.x"
------------------------------------------------------------

Host:	58.197212 W from 
	package 	core		dram		uncore
Socket0	51.38672 W |	46.53163 W	4.556129 W	0 W	

Top 5 consumers:
Power		PID	Exe
0.9808519 W	2159340	"/home/boggy/ref_rapl/energy_exp_server/NPB3.4.3/NPB3.4-MPI/bin/mg.C.x"
0.6539013 W	2159342	"/home/boggy/ref_rapl/energy_exp_server/NPB3.4.3/NPB3.4-MPI/bin/mg.C.x"
0.6539013 W	2159343	"/home/boggy/ref_rapl/energy_exp_server/NPB3.4.3/NPB3.4-MPI/bin/mg.C.x"
0.6539013 W	2159341	"/home/boggy/ref_rapl/energy_exp_server/NPB3.4.3/NPB3.4-MPI/bin/mg.C.x"
0.32695064 W	2159320	"/home/boggy/ref_rapl/scaphandre/target/release/scaphandre"
------------------------------------------------------------

Host:	52.247367 W from 
	package 	core		dram		uncore
Socket0	50.4116 W |	45.42177 W	4.630754 W	0 W	

Top 5 consumers:
Power		PID	Exe
0.8805736 W	2159342	"/home/boggy/ref_rapl/energy_exp_server/NPB3.4.3/NPB3.4-MPI/bin/mg.C.x"
0.8805736 W	2159320	"/home/boggy/ref_rapl/scaphandre/target/release/scaphandre"
0.58704907 W	2159340	"/home/boggy/ref_rapl/energy_exp_server/NPB3.4.3/NPB3.4-MPI/bin/mg.C.x"
0.58704907 W	2159343	"/home/boggy/ref_rapl/energy_exp_server/NPB3.4.3/NPB3.4-MPI/bin/mg.C.x"
0.58704907 W	2159341	"/home/boggy/ref_rapl/energy_exp_server/NPB3.4.3/NPB3.4-MPI/bin/mg.C.x"
------------------------------------------------------------

Host:	55.720467 W from 
	package 	core		dram		uncore
Socket0	51.3547 W |	47.17392 W	2.969966 W	0 W	

Top 5 consumers:
Power		PID	Exe
0.939109 W	2159320	"/home/boggy/ref_rapl/scaphandre/target/release/scaphandre"
0.62607265 W	2159342	"/home/boggy/ref_rapl/energy_exp_server/NPB3.4.3/NPB3.4-MPI/bin/mg.C.x"
0.62607265 W	2159340	"/home/boggy/ref_rapl/energy_exp_server/NPB3.4.3/NPB3.4-MPI/bin/mg.C.x"
0.62607265 W	2159343	"/home/boggy/ref_rapl/energy_exp_server/NPB3.4.3/NPB3.4-MPI/bin/mg.C.x"
0.31303632 W	2158973	""
------------------------------------------------------------

Host:	54.08133 W from 
	package 	core		dram		uncore
Socket0	51.09918 W |	45.068783 W	4.451623 W	0 W	

Top 5 consumers:
Power		PID	Exe
0.96002364 W	2159343	"/home/boggy/ref_rapl/energy_exp_server/NPB3.4.3/NPB3.4-MPI/bin/mg.C.x"
0.6400157 W	2159342	"/home/boggy/ref_rapl/energy_exp_server/NPB3.4.3/NPB3.4-MPI/bin/mg.C.x"
0.6400157 W	2159340	"/home/boggy/ref_rapl/energy_exp_server/NPB3.4.3/NPB3.4-MPI/bin/mg.C.x"
0.6400157 W	2159341	"/home/boggy/ref_rapl/energy_exp_server/NPB3.4.3/NPB3.4-MPI/bin/mg.C.x"
0.32000786 W	2159320	"/home/boggy/ref_rapl/scaphandre/target/release/scaphandre"
------------------------------------------------------------

Host:	54.824189 W from 
	package 	core		dram		uncore
Socket0	49.336086 W |	45.278687 W	4.895032 W	0 W	

Top 5 consumers:
Power		PID	Exe
0.97321045 W	2159320	"/home/boggy/ref_rapl/scaphandre/target/release/scaphandre"
0.97321045 W	2159340	"/home/boggy/ref_rapl/energy_exp_server/NPB3.4.3/NPB3.4-MPI/bin/mg.C.x"
0.97321045 W	2159341	"/home/boggy/ref_rapl/energy_exp_server/NPB3.4.3/NPB3.4-MPI/bin/mg.C.x"
0.648807 W	2159342	"/home/boggy/ref_rapl/energy_exp_server/NPB3.4.3/NPB3.4-MPI/bin/mg.C.x"
0.648807 W	2159343	"/home/boggy/ref_rapl/energy_exp_server/NPB3.4.3/NPB3.4-MPI/bin/mg.C.x"
------------------------------------------------------------

Host:	54.290573 W from 
	package 	core		dram		uncore
Socket0	49.91516 W |	45.171112 W	4.733947 W	0 W	

Top 5 consumers:
Power		PID	Exe
0.963738 W	2159342	"/home/boggy/ref_rapl/energy_exp_server/NPB3.4.3/NPB3.4-MPI/bin/mg.C.x"
0.642492 W	2159320	"/home/boggy/ref_rapl/scaphandre/target/release/scaphandre"
0.642492 W	2159340	"/home/boggy/ref_rapl/energy_exp_server/NPB3.4.3/NPB3.4-MPI/bin/mg.C.x"
0.642492 W	2159343	"/home/boggy/ref_rapl/energy_exp_server/NPB3.4.3/NPB3.4-MPI/bin/mg.C.x"
0.321246 W	2158973	""
------------------------------------------------------------

Host:	55.617388 W from 
	package 	core		dram		uncore
Socket0	50.82716 W |	45.547363 W	4.829921 W	0 W	

Top 5 consumers:
Power		PID	Exe
0.98729086 W	2159320	"/home/boggy/ref_rapl/scaphandre/target/release/scaphandre"
0.98729086 W	2159343	"/home/boggy/ref_rapl/energy_exp_server/NPB3.4.3/NPB3.4-MPI/bin/mg.C.x"
0.65819395 W	2159342	"/home/boggy/ref_rapl/energy_exp_server/NPB3.4.3/NPB3.4-MPI/bin/mg.C.x"
0.65819395 W	2159340	"/home/boggy/ref_rapl/energy_exp_server/NPB3.4.3/NPB3.4-MPI/bin/mg.C.x"
0.65819395 W	2159341	"/home/boggy/ref_rapl/energy_exp_server/NPB3.4.3/NPB3.4-MPI/bin/mg.C.x"
------------------------------------------------------------

Host:	55.254255 W from 
	package 	core		dram		uncore
Socket0	50.64159 W |	45.552498 W	4.738739 W	0 W	

Top 5 consumers:
Power		PID	Exe
0.98084474 W	2159320	"/home/boggy/ref_rapl/scaphandre/target/release/scaphandre"
0.98084474 W	2159340	"/home/boggy/ref_rapl/energy_exp_server/NPB3.4.3/NPB3.4-MPI/bin/mg.C.x"
0.98084474 W	2159341	"/home/boggy/ref_rapl/energy_exp_server/NPB3.4.3/NPB3.4-MPI/bin/mg.C.x"
0.6538965 W	2159342	"/home/boggy/ref_rapl/energy_exp_server/NPB3.4.3/NPB3.4-MPI/bin/mg.C.x"
0.6538965 W	2159343	"/home/boggy/ref_rapl/energy_exp_server/NPB3.4.3/NPB3.4-MPI/bin/mg.C.x"
------------------------------------------------------------

Host:	56.158599 W from 
	package 	core		dram		uncore
Socket0	51.592987 W |	45.347378 W	4.694173 W	0 W	

Top 5 consumers:
Power		PID	Exe
0.9968982 W	2159342	"/home/boggy/ref_rapl/energy_exp_server/NPB3.4.3/NPB3.4-MPI/bin/mg.C.x"
0.6645988 W	2159320	"/home/boggy/ref_rapl/scaphandre/target/release/scaphandre"
0.6645988 W	2159340	"/home/boggy/ref_rapl/energy_exp_server/NPB3.4.3/NPB3.4-MPI/bin/mg.C.x"
0.6645988 W	2159343	"/home/boggy/ref_rapl/energy_exp_server/NPB3.4.3/NPB3.4-MPI/bin/mg.C.x"
0.6645988 W	2159341	"/home/boggy/ref_rapl/energy_exp_server/NPB3.4.3/NPB3.4-MPI/bin/mg.C.x"
------------------------------------------------------------

Host:	56.749761 W from 
	package 	core		dram		uncore
Socket0	49.64411 W |	45.59366 W	4.872977 W	0 W	

Top 5 consumers:
Power		PID	Exe
1.0073922 W	2159320	"/home/boggy/ref_rapl/scaphandre/target/release/scaphandre"
1.0073922 W	2159343	"/home/boggy/ref_rapl/energy_exp_server/NPB3.4.3/NPB3.4-MPI/bin/mg.C.x"
0.6715948 W	2159342	"/home/boggy/ref_rapl/energy_exp_server/NPB3.4.3/NPB3.4-MPI/bin/mg.C.x"
0.6715948 W	2159340	"/home/boggy/ref_rapl/energy_exp_server/NPB3.4.3/NPB3.4-MPI/bin/mg.C.x"
0.6715948 W	2159341	"/home/boggy/ref_rapl/energy_exp_server/NPB3.4.3/NPB3.4-MPI/bin/mg.C.x"
------------------------------------------------------------

Host:	54.657896 W from 
	package 	core		dram		uncore
Socket0	51.176674 W |	45.296432 W	4.641739 W	0 W	

Top 5 consumers:
Power		PID	Exe
0.9702585 W	2159320	"/home/boggy/ref_rapl/scaphandre/target/release/scaphandre"
0.9702585 W	2159340	"/home/boggy/ref_rapl/energy_exp_server/NPB3.4.3/NPB3.4-MPI/bin/mg.C.x"
0.9702585 W	2159341	"/home/boggy/ref_rapl/energy_exp_server/NPB3.4.3/NPB3.4-MPI/bin/mg.C.x"
0.646839 W	2159342	"/home/boggy/ref_rapl/energy_exp_server/NPB3.4.3/NPB3.4-MPI/bin/mg.C.x"
0.646839 W	2159343	"/home/boggy/ref_rapl/energy_exp_server/NPB3.4.3/NPB3.4-MPI/bin/mg.C.x"
------------------------------------------------------------

Host:	54.479948 W from 
	package 	core		dram		uncore
Socket0	50.063396 W |	45.442867 W	4.735805 W	0 W	

Top 5 consumers:
Power		PID	Exe
0.96709967 W	2159342	"/home/boggy/ref_rapl/energy_exp_server/NPB3.4.3/NPB3.4-MPI/bin/mg.C.x"
0.64473313 W	2159320	"/home/boggy/ref_rapl/scaphandre/target/release/scaphandre"
0.64473313 W	2159340	"/home/boggy/ref_rapl/energy_exp_server/NPB3.4.3/NPB3.4-MPI/bin/mg.C.x"
0.64473313 W	2159343	"/home/boggy/ref_rapl/energy_exp_server/NPB3.4.3/NPB3.4-MPI/bin/mg.C.x"
0.64473313 W	2159341	"/home/boggy/ref_rapl/energy_exp_server/NPB3.4.3/NPB3.4-MPI/bin/mg.C.x"
------------------------------------------------------------

Host:	52.162603 W from 
	package 	core		dram		uncore
Socket0	49.213573 W |	43.523617 W	4.969331 W	0 W	

Top 5 consumers:
Power		PID	Exe
0.9259634 W	2159343	"/home/boggy/ref_rapl/energy_exp_server/NPB3.4.3/NPB3.4-MPI/bin/mg.C.x"
0.9259634 W	2159341	"/home/boggy/ref_rapl/energy_exp_server/NPB3.4.3/NPB3.4-MPI/bin/mg.C.x"
0.6173089 W	2159342	"/home/boggy/ref_rapl/energy_exp_server/NPB3.4.3/NPB3.4-MPI/bin/mg.C.x"
0.6173089 W	2159320	"/home/boggy/ref_rapl/scaphandre/target/release/scaphandre"
0.6173089 W	2159340	"/home/boggy/ref_rapl/energy_exp_server/NPB3.4.3/NPB3.4-MPI/bin/mg.C.x"
------------------------------------------------------------

Host:	57.519006 W from 
	package 	core		dram		uncore
Socket0	50.637184 W |	45.684456 W	4.103655 W	0 W	

Top 5 consumers:
Power		PID	Exe
1.0210475 W	2159320	"/home/boggy/ref_rapl/scaphandre/target/release/scaphandre"
0.68069834 W	2159342	"/home/boggy/ref_rapl/energy_exp_server/NPB3.4.3/NPB3.4-MPI/bin/mg.C.x"
0.68069834 W	2159340	"/home/boggy/ref_rapl/energy_exp_server/NPB3.4.3/NPB3.4-MPI/bin/mg.C.x"
0.68069834 W	2159343	"/home/boggy/ref_rapl/energy_exp_server/NPB3.4.3/NPB3.4-MPI/bin/mg.C.x"
0.68069834 W	2159341	"/home/boggy/ref_rapl/energy_exp_server/NPB3.4.3/NPB3.4-MPI/bin/mg.C.x"
------------------------------------------------------------

Host:	56.207791 W from 
	package 	core		dram		uncore
Socket0	52.15902 W |	48.402218 W	3.777586 W	0 W	

Top 5 consumers:
Power		PID	Exe
0.665181 W	2159342	"/home/boggy/ref_rapl/energy_exp_server/NPB3.4.3/NPB3.4-MPI/bin/mg.C.x"
0.665181 W	2159320	"/home/boggy/ref_rapl/scaphandre/target/release/scaphandre"
0.665181 W	2159340	"/home/boggy/ref_rapl/energy_exp_server/NPB3.4.3/NPB3.4-MPI/bin/mg.C.x"
0.665181 W	2159343	"/home/boggy/ref_rapl/energy_exp_server/NPB3.4.3/NPB3.4-MPI/bin/mg.C.x"
0.3325905 W	2159341	"/home/boggy/ref_rapl/energy_exp_server/NPB3.4.3/NPB3.4-MPI/bin/mg.C.x"
------------------------------------------------------------

Host:	53.555816 W from 
	package 	core		dram		uncore
Socket0	52.883263 W |	48.249664 W	3.39307 W	0 W	

Top 5 consumers:
Power		PID	Exe
0.9506949 W	2159341	"/home/boggy/ref_rapl/energy_exp_server/NPB3.4.3/NPB3.4-MPI/bin/mg.C.x"
0.63379663 W	2159342	"/home/boggy/ref_rapl/energy_exp_server/NPB3.4.3/NPB3.4-MPI/bin/mg.C.x"
0.63379663 W	2159320	"/home/boggy/ref_rapl/scaphandre/target/release/scaphandre"
0.63379663 W	2159340	"/home/boggy/ref_rapl/energy_exp_server/NPB3.4.3/NPB3.4-MPI/bin/mg.C.x"
0.63379663 W	2159343	"/home/boggy/ref_rapl/energy_exp_server/NPB3.4.3/NPB3.4-MPI/bin/mg.C.x"
------------------------------------------------------------

Host:	50.21218 W from 
	package 	core		dram		uncore
Socket0	47.877148 W |	44.11219 W	2.597635 W	0 W	

Top 5 consumers:
Power		PID	Exe
0.594227 W	2159342	"/home/boggy/ref_rapl/energy_exp_server/NPB3.4.3/NPB3.4-MPI/bin/mg.C.x"
0.594227 W	2159320	"/home/boggy/ref_rapl/scaphandre/target/release/scaphandre"
0.594227 W	2159340	"/home/boggy/ref_rapl/energy_exp_server/NPB3.4.3/NPB3.4-MPI/bin/mg.C.x"
0.594227 W	2159343	"/home/boggy/ref_rapl/energy_exp_server/NPB3.4.3/NPB3.4-MPI/bin/mg.C.x"
0.594227 W	2159341	"/home/boggy/ref_rapl/energy_exp_server/NPB3.4.3/NPB3.4-MPI/bin/mg.C.x"
------------------------------------------------------------

Host:	50.419714 W from 
	package 	core		dram		uncore
Socket0	50.334072 W |	45.10061 W	2.2476 W	0 W	

Top 5 consumers:
Power		PID	Exe
0.596683 W	2159342	"/home/boggy/ref_rapl/energy_exp_server/NPB3.4.3/NPB3.4-MPI/bin/mg.C.x"
0.596683 W	2159320	"/home/boggy/ref_rapl/scaphandre/target/release/scaphandre"
0.596683 W	2159340	"/home/boggy/ref_rapl/energy_exp_server/NPB3.4.3/NPB3.4-MPI/bin/mg.C.x"
0.596683 W	2159343	"/home/boggy/ref_rapl/energy_exp_server/NPB3.4.3/NPB3.4-MPI/bin/mg.C.x"
0.596683 W	2159341	"/home/boggy/ref_rapl/energy_exp_server/NPB3.4.3/NPB3.4-MPI/bin/mg.C.x"
------------------------------------------------------------

Host:	50.591837 W from 
	package 	core		dram		uncore
Socket0	48.12641 W |	44.734627 W	2.115652 W	0 W	

Top 5 consumers:
Power		PID	Exe
0.89807993 W	2159320	"/home/boggy/ref_rapl/scaphandre/target/release/scaphandre"
0.89807993 W	2159343	"/home/boggy/ref_rapl/energy_exp_server/NPB3.4.3/NPB3.4-MPI/bin/mg.C.x"
0.89807993 W	2159341	"/home/boggy/ref_rapl/energy_exp_server/NPB3.4.3/NPB3.4-MPI/bin/mg.C.x"
0.59872 W	2159342	"/home/boggy/ref_rapl/energy_exp_server/NPB3.4.3/NPB3.4-MPI/bin/mg.C.x"
0.59872 W	2159340	"/home/boggy/ref_rapl/energy_exp_server/NPB3.4.3/NPB3.4-MPI/bin/mg.C.x"
------------------------------------------------------------

Host:	20.898615 W from 
	package 	core		dram		uncore
Socket0	39.941036 W |	34.974167 W	1.796802 W	0 W	

Top 5 consumers:
Power		PID	Exe
0.123660445 W	2159320	"/home/boggy/ref_rapl/scaphandre/target/release/scaphandre"
0 W	2158787	""
0 W	1323	""
0 W	2159336	""
0 W	1	""
------------------------------------------------------------

Host:	20.205607 W from 
	package 	core		dram		uncore
Socket0	18.51468 W |	14.950783 W	1.17546 W	0 W	

Top 5 consumers:
Power		PID	Exe
0.2391196 W	2159320	"/home/boggy/ref_rapl/scaphandre/target/release/scaphandre"
0 W	2158787	""
0 W	1323	""
0 W	2159336	""
0 W	1	""
------------------------------------------------------------

Host:	27.525629 W from 
	package 	core		dram		uncore
Socket0	18.626677 W |	15.442993 W	1.089798 W	0 W	

Top 5 consumers:
Power		PID	Exe
0.3257471 W	2159320	"/home/boggy/ref_rapl/scaphandre/target/release/scaphandre"
0 W	2158787	""
0 W	1323	""
0 W	2159336	""
0 W	1	""
------------------------------------------------------------

Host:	23.659717 W from 
	package 	core		dram		uncore
Socket0	30.011269 W |	26.492844 W	1.752222 W	0 W	

Top 5 consumers:
Power		PID	Exe
0.13999833 W	2159320	"/home/boggy/ref_rapl/scaphandre/target/release/scaphandre"
0 W	2158787	""
0 W	1323	""
0 W	2159336	""
0 W	1	""
------------------------------------------------------------

Host:	12.750305 W from 
	package 	core		dram		uncore
Socket0	15.78335 W |	11.587769 W	1.235197 W	0 W	

Top 5 consumers:
