Delta,Time,CPU_FREQUENCY_0,CPU_FREQUENCY_1,CPU_FREQUENCY_2,CPU_FREQUENCY_3,CPU_FREQUENCY_4,CPU_FREQUENCY_5,CPU_FREQUENCY_6,CPU_FREQUENCY_7,CPU_USAGE_0,CPU_USAGE_1,CPU_USAGE_2,CPU_USAGE_3,CPU_USAGE_4,CPU_USAGE_5,CPU_USAGE_6,CPU_USAGE_7,DRAM_ENERGY (J),PACKAGE_ENERGY (J),PP0_ENERGY (J),PP1_ENERGY (J),TOTAL_MEMORY,TOTAL_SWAP,USED_MEMORY,USED_SWAP
0,1762335366015,1800,1800,800,1801,1799,1799,1799,1800,4,0,0,0,0,0,4,0,106275.64990234375,17713.29718017578,66509.83142089844,0.201904296875,33572028416,0,788389888,0
0,1762335366015,1800,1800,800,1801,1799,1799,1799,1800,4,0,0,0,0,0,4,0,106275.64990234375,17713.29718017578,66509.8334350586,0.201904296875,33572028416,0,788389888,0
0,1762335366016,1800,1800,800,1801,1799,1799,1799,1800,4,0,0,0,0,0,4,0,106275.65100097656,17713.303344726563,66509.8364868164,0.201904296875,33572028416,0,788389888,0
1,1762335366017,1800,1800,800,1801,1799,1799,1799,1800,4,0,0,0,0,0,4,0,106275.65216064453,17713.30938720703,66509.8394165039,0.201904296875,33572028416,0,788389888,0
0,1762335366018,1800,1800,800,1801,1799,1799,1799,1800,4,0,0,0,0,0,4,0,106275.654296875,17713.320251464844,66509.84210205078,0.201904296875,33572028416,0,788389888,0
0,1762335366019,1800,1800,800,1801,1799,1799,1799,1800,4,0,0,0,0,0,4,0,106275.6552734375,17713.325561523438,66509.8442993164,0.201904296875,33572028416,0,788389888,0
0,1762335366020,1800,1800,800,1801,1799,1799,1799,1800,4,0,0,0,0,0,4,0,106275.65631103516,17713.330688476563,66509.84637451172,0.201904296875,33572028416,0,788389888,0
0,1762335366022,1800,1800,800,1801,1799,1799,1799,1800,4,0,0,0,0,0,4,0,106275.65728759766,17713.335510253906,66509.84844970703,0.201904296875,33572028416,0,788389888,0
0,1762335366023,1800,1800,800,1801,1799,1799,1799,1800,4,0,0,0,0,0,4,0,106275.65832519531,17713.340759277344,66509.85040283203,0.201904296875,33572028416,0,788389888,0
0,1762335366024,1800,1800,800,1801,1799,1799,1799,1800,4,0,0,0,0,0,4,0,106275.65930175781,17713.345825195313,66509.8525390625,0.201904296875,33572028416,0,788389888,0
0,1762335366025,1800,1800,800,1801,1799,1799,1799,1800,4,0,0,0,0,0,4,0,106275.66033935547,17713.35089111328,66509.85455322266,0.201904296875,33572028416,0,788389888,0
0,1762335366026,1800,1800,800,1801,1799,1799,1799,1800,4,0,0,0,0,0,4,0,106275.66131591797,17713.355529785156,66509.85638427734,0.201904296875,33572028416,0,788389888,0
0,1762335366027,1800,1800,800,1801,1799,1799,1799,1800,4,0,0,0,0,0,4,0,106275.66229248047,17713.360412597656,66509.85809326172,0.201904296875,33572028416,0,788389888,0
0,1762335366028,1800,1800,800,1801,1799,1799,1799,1800,4,0,0,0,0,0,4,0,106275.66333007813,17713.364990234375,66509.8598022461,0.201904296875,33572028416,0,788389888,0
0,1762335366029,1800,1800,800,1801,1799,1799,1799,1800,4,0,0,0,0,0,4,0,106275.66436767578,17713.370056152344,66509.86145019531,0.201904296875,33572028416,0,788389888,0
0,1762335366030,1800,1800,800,1801,1799,1799,1799,1800,4,0,0,0,0,0,4,0,106275.66534423828,17713.374572753906,66509.86309814453,0.201904296875,33572028416,0,788389888,0
0,1762335366031,1800,1800,800,1801,1799,1799,1799,1800,4,0,0,0,0,0,4,0,106275.66638183594,17713.379272460938,66509.8646850586,0.201904296875,33572028416,0,788389888,0
0,1762335366032,1800,1800,800,1801,1799,1799,1799,1800,4,0,0,0,0,0,4,0,106275.66833496094,17713.389526367188,66509.86724853516,0.201904296875,33572028416,0,788389888,0
0,1762335366033,1800,1800,800,1801,1799,1799,1799,1800,4,0,0,0,0,0,4,0,106275.6693725586,17713.394958496094,66509.86944580078,0.201904296875,33572028416,0,788389888,0
0,1762335366034,1800,1800,800,1801,1799,1799,1799,1800,4,0,0,0,0,0,4,0,106275.6703491211,17713.399841308594,66509.8720703125,0.201904296875,33572028416,0,788389888,0
0,1762335366036,1800,1800,800,1801,1799,1799,1799,1800,4,0,0,0,0,0,4,0,106275.6713256836,17713.404846191406,66509.8740234375,0.201904296875,33572028416,0,788389888,0
0,1762335366037,1800,1800,800,1801,1799,1799,1799,1800,4,0,0,0,0,0,4,0,106275.67236328125,17713.410095214844,66509.87615966797,0.201904296875,33572028416,0,788389888,0
0,1762335366038,1800,1800,800,1801,1799,1799,1799,1800,4,0,0,0,0,0,4,0,106275.67333984375,17713.4150390625,66509.87817382813,0.201904296875,33572028416,0,788389888,0
0,1762335366039,1800,1800,800,1801,1799,1799,1799,1800,4,0,0,0,0,0,4,0,106275.6743774414,17713.420349121094,66509.88049316406,0.201904296875,33572028416,0,788389888,0
1,1762335366040,1800,1800,800,1801,1799,1799,1799,1800,4,0,0,0,0,0,4,0,106275.6753540039,17713.425720214844,66509.88269042969,0.201904296875,33572028416,0,788389888,0
1,1762335366041,1800,1800,800,1801,1799,1799,1799,1800,4,0,0,0,0,0,4,0,106275.67639160156,17713.43096923828,66509.88470458984,0.201904296875,33572028416,0,788389888,0
1,1762335366042,1800,1800,800,1801,1799,1799,1799,1800,4,0,0,0,0,0,4,0,106275.67736816406,17713.435974121094,66509.88665771484,0.201904296875,33572028416,0,788389888,0
0,1762335366043,1800,1800,800,1801,1799,1799,1799,1800,4,0,0,0,0,0,4,0,106275.67938232422,17713.44073486328,66509.88842773438,0.201904296875,33572028416,0,788389888,0
0,1762335366044,1800,1800,800,1801,1799,1799,1799,1800,4,0,0,0,0,0,4,0,106275.68035888672,17713.45086669922,66509.89086914063,0.201904296875,33572028416,0,788389888,0
0,1762335366045,1800,1800,800,1801,1799,1799,1799,1800,4,0,0,0,0,0,4,0,106275.68139648438,17713.45086669922,66509.89343261719,0.201904296875,33572028416,0,788389888,0
0,1762335366046,1800,1800,800,1801,1799,1799,1799,1800,4,0,0,0,0,0,4,0,106275.68237304688,17713.461853027344,66509.89611816406,0.201904296875,33572028416,0,788389888,0
0,1762335366047,1800,1800,800,1801,1799,1799,1799,1800,4,0,0,0,0,0,4,0,106275.68341064453,17713.46728515625,66509.89862060547,0.201904296875,33572028416,0,788389888,0
0,1762335366048,1800,1800,800,1801,1799,1799,1799,1800,4,0,0,0,0,0,4,0,106275.68438720703,17713.472595214844,66509.9008178711,0.201904296875,33572028416,0,788389888,0
0,1762335366050,1800,1800,800,1801,1799,1799,1799,1800,4,0,0,0,0,0,4,0,106275.68536376953,17713.47784423828,66509.90313720703,0.201904296875,33572028416,0,788389888,0
0,1762335366051,1800,1800,800,1801,1799,1799,1799,1800,4,0,0,0,0,0,4,0,106275.68640136719,17713.4833984375,66509.90576171875,0.201904296875,33572028416,0,788389888,0
0,1762335366052,1800,1800,800,1801,1799,1799,1799,1800,4,0,0,0,0,0,4,0,106275.68743896484,17713.489013671875,66509.908203125,0.201904296875,33572028416,0,788389888,0
1,1762335366053,1800,1800,800,1801,1799,1799,1799,1800,4,0,0,0,0,0,4,0,106275.68841552734,17713.49444580078,66509.91082763672,0.201904296875,33572028416,0,788389888,0
1,1762335366054,1800,1800,800,1801,1799,1799,1799,1800,4,0,0,0,0,0,4,0,106275.68939208984,17713.499877929688,66509.9130859375,0.201904296875,33572028416,0,788389888,0
1,1762335366055,1800,1800,800,1801,1799,1799,1799,1800,4,0,0,0,0,0,4,0,106275.6904296875,17713.505004882813,66509.9150390625,0.201904296875,33572028416,0,788389888,0
1,1762335366056,1800,1800,800,1801,1799,1799,1799,1800,4,0,0,0,0,0,4,0,106275.69140625,17713.509887695313,66509.91693115234,0.201904296875,33572028416,0,788389888,0
0,1762335366057,1800,1800,800,1801,1799,1799,1799,1800,4,0,0,0,0,0,4,0,106275.69342041016,17713.51953125,66509.91864013672,0.201904296875,33572028416,0,788389888,0
0,1762335366058,1800,1800,800,1801,1799,1799,1799,1800,4,0,0,0,0,0,4,0,106275.69342041016,17713.51953125,66509.92163085938,0.201904296875,33572028416,0,788389888,0
0,1762335366059,1800,1800,800,1801,1799,1799,1799,1800,4,0,0,0,0,0,4,0,106275.69439697266,17713.525146484375,66509.923828125,0.201904296875,33572028416,0,788389888,0
1,1762335366060,1800,1800,800,1801,1799,1799,1799,1800,4,0,0,0,0,0,4,0,106275.69641113281,17713.53582763672,66509.92602539063,0.201904296875,33572028416,0,788389888,0
0,1762335366061,1800,1800,800,1801,1799,1799,1799,1800,4,0,0,0,0,0,4,0,106275.69744873047,17713.54083251953,66509.92858886719,0.201904296875,33572028416,0,788389888,0
0,1762335366063,1800,1800,800,1801,1799,1799,1799,1800,4,0,0,0,0,0,4,0,106275.69842529297,17713.54620361328,66509.93072509766,0.201904296875,33572028416,0,788389888,0
0,1762335366064,1800,1800,800,1801,1799,1799,1799,1800,4,0,0,0,0,0,4,0,106275.69946289063,17713.551635742188,66509.93334960938,0.201904296875,33572028416,0,788389888,0
1,1762335366065,1800,1800,800,1801,1799,1799,1799,1800,4,0,0,0,0,0,4,0,106275.70043945313,17713.557067871094,66509.93603515625,0.201904296875,33572028416,0,788389888,0
1,1762335366066,1800,1800,800,1801,1799,1799,1799,1800,4,0,0,0,0,0,4,0,106275.70141601563,17713.5625,66509.93835449219,0.201904296875,33572028416,0,788389888,0
1,1762335366067,1800,1800,800,1801,1799,1799,1799,1800,4,0,0,0,0,0,4,0,106275.70245361328,17713.56768798828,66509.94018554688,0.201904296875,33572028416,0,788389888,0
0,1762335366068,1800,1800,800,1801,1799,1799,1799,1800,4,0,0,0,0,0,4,0,106275.70343017578,17713.572692871094,66509.94219970703,0.201904296875,33572028416,0,788389888,0
0,1762335366069,1800,1800,800,1801,1799,1799,1799,1800,4,0,0,0,0,0,4,0,106275.70446777344,17713.57781982422,66509.94445800781,0.201904296875,33572028416,0,788389888,0
0,1762335366070,1800,1800,800,1801,1799,1799,1799,1800,4,0,0,0,0,0,4,0,106275.70544433594,17713.583129882813,66509.94665527344,0.201904296875,33572028416,0,788389888,0
0,1762335366071,1800,1800,800,1801,1799,1799,1799,1800,4,0,0,0,0,0,4,0,106275.7064819336,17713.588439941406,66509.94891357422,0.201904296875,33572028416,0,788389888,0
0,1762335366072,1800,1800,800,1801,1799,1799,1799,1800,4,0,0,0,0,0,4,0,106275.7074584961,17713.593627929688,66509.951171875,0.201904296875,33572028416,0,788389888,0
0,1762335366073,1800,1800,800,1801,1799,1799,1799,1800,4,0,0,0,0,0,4,0,106275.7084350586,17713.598754882813,66509.95373535156,0.201904296875,33572028416,0,788389888,0
0,1762335366074,1800,1800,800,1801,1799,1799,1799,1800,4,0,0,0,0,0,4,0,106275.71044921875,17713.609313964844,66509.95581054688,0.201904296875,33572028416,0,788389888,0
0,1762335366075,1800,1800,800,1801,1799,1799,1799,1800,4,0,0,0,0,0,4,0,106275.7114868164,17713.614807128906,66509.95886230469,0.201904296875,33572028416,0,788389888,0
0,1762335366076,1800,1800,800,1801,1799,1799,1799,1800,4,0,0,0,0,0,4,0,106275.71252441406,17713.62042236328,66509.96112060547,0.201904296875,33572028416,0,788389888,0
0,1762335366078,1800,1800,800,1801,1799,1799,1799,1800,4,0,0,0,0,0,4,0,106275.71350097656,17713.62567138672,66509.96380615234,0.201904296875,33572028416,0,788389888,0
0,1762335366079,1800,1800,800,1801,1799,1799,1799,1800,4,0,0,0,0,0,4,0,106275.71447753906,17713.631286621094,66509.9662475586,0.201904296875,33572028416,0,788389888,0
1,1762335366080,1800,1800,800,1801,1799,1799,1799,1800,4,0,0,0,0,0,4,0,106275.71551513672,17713.63641357422,66509.96838378906,0.201904296875,33572028416,0,788389888,0
1,1762335366081,1800,1800,800,1801,1799,1799,1799,1800,4,0,0,0,0,0,4,0,106275.71655273438,17713.641845703125,66509.97076416016,0.201904296875,33572028416,0,788389888,0
0,1762335366082,1800,1800,800,1801,1799,1799,1799,1800,4,0,0,0,0,0,4,0,106275.71752929688,17713.646850585938,66509.97265625,0.201904296875,33572028416,0,788389888,0
0,1762335366083,1800,1800,800,1801,1799,1799,1799,1800,4,0,0,0,0,0,4,0,106275.71856689453,17713.651977539063,66509.97497558594,0.201904296875,33572028416,0,788389888,0
0,1762335366084,1800,1800,800,1801,1799,1799,1799,1800,4,0,0,0,0,0,4,0,106275.71954345703,17713.657287597656,66509.97692871094,0.201904296875,33572028416,0,788389888,0
0,1762335366085,1800,1800,800,1801,1799,1799,1799,1800,4,0,0,0,0,0,4,0,106275.72052001953,17713.662170410156,66509.97888183594,0.201904296875,33572028416,0,788389888,0
0,1762335366086,1800,1800,800,1801,1799,1799,1799,1800,4,0,0,0,0,0,4,0,106275.72259521484,17713.671875,66509.98065185547,0.201904296875,33572028416,0,788389888,0
0,1762335366087,1800,1800,800,1801,1799,1799,1799,1800,4,0,0,0,0,0,4,0,106275.72259521484,17713.671875,66509.98327636719,0.201904296875,33572028416,0,788389888,0
0,1762335366088,1800,1800,800,1801,1799,1799,1799,1800,4,0,0,0,0,0,4,0,106275.72454833984,17713.677307128906,66509.9853515625,0.201904296875,33572028416,0,788389888,0
0,1762335366089,1800,1800,800,1801,1799,1799,1799,1800,4,0,0,0,0,0,4,0,106275.7255859375,17713.687622070313,66509.98797607422,0.201904296875,33572028416,0,788389888,0
0,1762335366091,1800,1800,800,1801,1799,1799,1799,1800,4,0,0,0,0,0,4,0,106275.72662353516,17713.69366455078,66509.99102783203,0.201904296875,33572028416,0,788389888,0
0,1762335366092,1800,1800,800,1801,1799,1799,1799,1800,4,0,0,0,0,0,4,0,106275.72766113281,17713.698974609375,66509.9931640625,0.201904296875,33572028416,0,788389888,0
0,1762335366093,1800,1800,800,1801,1799,1799,1799,1800,4,0,0,0,0,0,4,0,106275.72863769531,17713.7041015625,66509.99548339844,0.201904296875,33572028416,0,788389888,0
1,1762335366094,1800,1800,800,1801,1799,1799,1799,1800,4,0,0,0,0,0,4,0,106275.72961425781,17713.709533691406,66509.99780273438,0.201904296875,33572028416,0,788389888,0
1,1762335366095,1800,1800,800,1801,1799,1799,1799,1800,4,0,0,0,0,0,4,0,106275.73065185547,17713.715087890625,66510.00024414063,0.201904296875,33572028416,0,788389888,0
1,1762335366096,1800,1800,800,1801,1799,1799,1799,1800,4,0,0,0,0,0,4,0,106275.73162841797,17713.72021484375,66510.00219726563,0.201904296875,33572028416,0,788389888,0
1,1762335366097,1800,1800,800,1801,1799,1799,1799,1800,4,0,0,0,0,0,4,0,106275.73260498047,17713.725219726563,66510.00415039063,0.201904296875,33572028416,0,788389888,0
1,1762335366098,1800,1800,800,1801,1799,1799,1799,1800,4,0,0,0,0,0,4,0,106275.73364257813,17713.73016357422,66510.00592041016,0.201904296875,33572028416,0,788389888,0
0,1762335366099,1800,1800,800,1801,1799,1799,1799,1800,4,0,0,0,0,0,4,0,106275.73559570313,17713.739501953125,66510.00793457031,0.201904296875,33572028416,0,788389888,0
0,1762335366100,1800,1800,800,1801,1799,1799,1799,1800,4,0,0,0,0,0,4,0,106275.73663330078,17713.739501953125,66510.0101928711,0.201904296875,33572028416,0,788389888,0
0,1762335366101,1800,1800,800,1801,1799,1799,1799,1800,4,0,0,0,0,0,4,0,106275.73760986328,17713.749877929688,66510.01220703125,0.201904296875,33572028416,0,788389888,0
0,1762335366102,1800,1800,800,1801,1799,1799,1799,1800,4,0,0,0,0,0,4,0,106275.73864746094,17713.755126953125,66510.01452636719,0.201904296875,33572028416,0,788389888,0
0,1762335366104,1800,1800,800,1801,1799,1799,1799,1800,4,0,0,0,0,0,4,0,106275.73962402344,17713.760498046875,66510.01690673828,0.201904296875,33572028416,0,788389888,0
0,1762335366105,1800,1800,800,1801,1799,1799,1799,1800,4,0,0,0,0,0,4,0,106275.7406616211,17713.76513671875,66510.01837158203,0.201904296875,33572028416,0,788389888,0
0,1762335366106,1800,1800,800,1801,1799,1799,1799,1800,4,0,0,0,0,0,4,0,106275.7416381836,17713.769653320313,66510.01965332031,0.201904296875,33572028416,0,788389888,0
1,1762335366107,1800,1800,800,1801,1799,1799,1799,1800,4,0,0,0,0,0,4,0,106275.74267578125,17713.774047851563,66510.0210571289,0.201904296875,33572028416,0,788389888,0
1,1762335366108,1800,1800,800,1801,1799,1799,1799,1800,4,0,0,0,0,0,4,0,106275.74365234375,17713.778564453125,66510.02239990234,0.201904296875,33572028416,0,788389888,0
1,1762335366109,1800,1800,800,1801,1799,1799,1799,1800,4,0,0,0,0,0,4,0,106275.74462890625,17713.782836914063,66510.02355957031,0.201904296875,33572028416,0,788389888,0
1,1762335366110,1800,1800,800,1801,1799,1799,1799,1800,4,0,0,0,0,0,4,0,106275.74560546875,17713.787231445313,66510.0248413086,0.201904296875,33572028416,0,788389888,0
1,1762335366111,1800,1800,800,1801,1799,1799,1799,1800,4,0,0,0,0,0,4,0,106275.7466430664,17713.79168701172,66510.02618408203,0.201904296875,33572028416,0,788389888,0
1,1762335366112,1800,1800,800,1801,1799,1799,1799,1800,4,0,0,0,0,0,4,0,106275.74755859375,17713.795959472656,66510.02770996094,0.201904296875,33572028416,0,788389888,0
1,1762335366113,1800,1800,800,1801,1799,1799,1799,1800,4,0,0,0,0,0,4,0,106275.7485961914,17713.800537109375,66510.02905273438,0.201904296875,33572028416,0,788389888,0
1,1762335366114,1800,1800,800,1801,1799,1799,1799,1800,4,0,0,0,0,0,4,0,106275.7505493164,17713.80908203125,66510.03051757813,0.201904296875,33572028416,0,788389888,0
0,1762335366116,1800,1800,800,1801,1799,1799,1799,1800,4,0,0,0,0,0,4,0,106275.75158691406,17713.8134765625,66510.03186035156,0.201904296875,33572028416,0,788389888,0
0,1762335366117,1800,1800,800,1801,1799,1799,1799,1800,4,0,0,0,0,0,4,0,106275.75256347656,17713.817993164063,66510.033203125,0.201904296875,33572028416,0,788389888,0
1,1762335366118,1800,1800,800,1801,1799,1799,1799,1800,4,0,0,0,0,0,4,0,106275.75354003906,17713.822387695313,66510.03454589844,0.201904296875,33572028416,0,788389888,0
1,1762335366119,1800,1800,800,1801,1799,1799,1799,1800,4,0,0,0,0,0,4,0,106275.75451660156,17713.826782226563,66510.03601074219,0.201904296875,33572028416,0,788389888,0
1,1762335366120,1800,1800,800,1801,1799,1799,1799,1800,4,0,0,0,0,0,4,0,106275.75555419922,17713.831298828125,66510.03741455078,0.201904296875,33572028416,0,788389888,0
1,1762335366121,1800,1800,800,1801,1799,1799,1799,1800,4,0,0,0,0,0,4,0,106275.75653076172,17713.835693359375,66510.03869628906,0.201904296875,33572028416,0,788389888,0
1,1762335366122,1800,1800,800,1801,1799,1799,1799,1800,4,0,0,0,0,0,4,0,106275.75750732422,17713.84014892578,66510.04010009766,0.201904296875,33572028416,0,788389888,0
1,1762335366123,1800,1800,800,1801,1799,1799,1799,1800,4,0,0,0,0,0,4,0,106275.75848388672,17713.844604492188,66510.04150390625,0.201904296875,33572028416,0,788389888,0
1,1762335366124,1800,1800,800,1801,1799,1799,1799,1800,4,0,0,0,0,0,4,0,106275.75952148438,17713.849182128906,66510.04315185547,0.201904296875,33572028416,0,788389888,0
0,1762335366125,1800,1800,800,1801,1799,1799,1799,1800,4,0,0,0,0,0,4,0,106275.76147460938,17713.857421875,66510.0443725586,0.201904296875,33572028416,0,788389888,0
0,1762335366127,1800,1800,800,1801,1799,1799,1799,1800,4,0,0,0,0,0,4,0,106275.76251220703,17713.86199951172,66510.04565429688,0.201904296875,33572028416,0,788389888,0
0,1762335366128,1800,1800,800,1801,1799,1799,1799,1800,4,0,0,0,0,0,4,0,106275.76342773438,17713.8662109375,66510.04693603516,0.201904296875,33572028416,0,788389888,0
1,1762335366129,1800,1800,800,1801,1799,1799,1799,1800,4,0,0,0,0,0,4,0,106275.76440429688,17713.87042236328,66510.04809570313,0.201904296875,33572028416,0,788389888,0
1,1762335366130,1800,1800,800,1801,1799,1799,1799,1800,4,0,0,0,0,0,4,0,106275.76544189453,17713.875061035156,66510.04949951172,0.201904296875,33572028416,0,788389888,0
1,1762335366131,1800,1800,800,1801,1799,1799,1799,1800,4,0,0,0,0,0,4,0,106275.76647949219,17713.87957763672,66510.05090332031,0.201904296875,33572028416,0,788389888,0
1,1762335366132,1800,1800,800,1801,1799,1799,1799,1800,4,0,0,0,0,0,4,0,106275.76739501953,17713.88397216797,66510.05267333984,0.201904296875,33572028416,0,788389888,0
1,1762335366133,1800,1800,800,1801,1799,1799,1799,1800,4,0,0,0,0,0,4,0,106275.76843261719,17713.888671875,66510.05401611328,0.201904296875,33572028416,0,788389888,0
1,1762335366134,1800,1800,800,1801,1799,1799,1799,1800,4,0,0,0,0,0,4,0,106275.76940917969,17713.89306640625,66510.05541992188,0.201904296875,33572028416,0,788389888,0
1,1762335366135,1800,1800,800,1801,1799,1799,1799,1800,4,0,0,0,0,0,4,0,106275.77038574219,17713.8974609375,66510.05670166016,0.201904296875,33572028416,0,788389888,0
0,1762335366136,1800,1800,800,1801,1799,1799,1799,1800,4,0,0,0,0,0,4,0,106275.77233886719,17713.90576171875,66510.05798339844,0.201904296875,33572028416,0,788389888,0
0,1762335366138,1800,1800,800,1801,1799,1799,1799,1800,4,0,0,0,0,0,4,0,106275.77337646484,17713.910095214844,66510.05920410156,0.201904296875,33572028416,0,788389888,0
0,1762335366139,1800,1800,800,1801,1799,1799,1799,1800,4,0,0,0,0,0,4,0,106275.77435302734,17713.914428710938,66510.060546875,0.201904296875,33572028416,0,788389888,0
1,1762335366140,1800,1800,800,1801,1799,1799,1799,1800,4,0,0,0,0,0,4,0,106275.775390625,17713.919189453125,66510.06219482422,0.201904296875,33572028416,0,788389888,0
1,1762335366141,1800,1800,800,1801,1799,1799,1799,1800,4,0,0,0,0,0,4,0,106275.7763671875,17713.923706054688,66510.06365966797,0.201904296875,33572028416,0,788389888,0
1,1762335366142,1800,1800,800,1801,1799,1799,1799,1800,4,0,0,0,0,0,4,0,106275.77734375,17713.928344726563,66510.06524658203,0.201904296875,33572028416,0,788389888,0
1,1762335366143,1800,1800,800,1801,1799,1799,1799,1800,4,0,0,0,0,0,4,0,106275.7783203125,17713.932861328125,66510.06652832031,0.201904296875,33572028416,0,788389888,0
1,1762335366144,1800,1800,800,1801,1799,1799,1799,1800,4,0,0,0,0,0,4,0,106275.77935791016,17713.937438964844,66510.06799316406,0.201904296875,33572028416,0,788389888,0
1,1762335366145,1800,1800,800,1801,1799,1799,1799,1800,4,0,0,0,0,0,4,0,106275.78033447266,17713.94171142578,66510.06927490234,0.201904296875,33572028416,0,788389888,0
1,1762335366146,1800,1800,800,1801,1799,1799,1799,1800,4,0,0,0,0,0,4,0,106275.78228759766,17713.9501953125,66510.07061767578,0.201904296875,33572028416,0,788389888,0
0,1762335366147,1800,1800,800,1801,1799,1799,1799,1800,4,0,0,0,0,0,4,0,106275.78326416016,17713.95440673828,66510.07196044922,0.201904296875,33572028416,0,788389888,0
0,1762335366149,1800,1800,800,1801,1799,1799,1799,1800,4,0,0,0,0,0,4,0,106275.78430175781,17713.95880126953,66510.07318115234,0.201904296875,33572028416,0,788389888,0
0,1762335366150,1800,1800,800,1801,1799,1799,1799,1800,4,0,0,0,0,0,4,0,106275.78527832031,17713.96319580078,66510.0746459961,0.201904296875,33572028416,0,788389888,0
1,1762335366151,1800,1800,800,1801,1799,1799,1799,1800,4,0,0,0,0,0,4,0,106275.78625488281,17713.967529296875,66510.07592773438,0.201904296875,33572028416,0,788389888,0
1,1762335366152,1800,1800,800,1801,1799,1799,1799,1800,4,0,0,0,0,0,4,0,106275.78723144531,17713.972106933594,66510.07751464844,0.201904296875,33572028416,0,788389888,0
1,1762335366153,1800,1800,800,1801,1799,1799,1799,1800,4,0,0,0,0,0,4,0,106275.78820800781,17713.976684570313,66510.07922363281,0.201904296875,33572028416,0,788389888,0
1,1762335366154,1800,1800,800,1801,1799,1799,1799,1800,4,0,0,0,0,0,4,0,106275.78924560547,17713.98162841797,66510.0806274414,0.201904296875,33572028416,0,788389888,0
1,1762335366155,1800,1800,800,1801,1799,1799,1799,1800,4,0,0,0,0,0,4,0,106275.79022216797,17713.98602294922,66510.08203125,0.201904296875,33572028416,0,788389888,0
1,1762335366156,1800,1800,800,1801,1799,1799,1799,1800,4,0,0,0,0,0,4,0,106275.79125976563,17713.99053955078,66510.08331298828,0.201904296875,33572028416,0,788389888,0
1,1762335366157,1800,1800,800,1801,1799,1799,1799,1800,4,0,0,0,0,0,4,0,106275.79321289063,17713.99871826172,66510.08447265625,0.201904296875,33572028416,0,788389888,0
0,1762335366158,1800,1800,800,1801,1799,1799,1799,1800,4,0,0,0,0,0,4,0,106275.79418945313,17714.003173828125,66510.08605957031,0.201904296875,33572028416,0,788389888,0
0,1762335366160,1800,1800,800,1801,1799,1799,1799,1800,4,0,0,0,0,0,4,0,106275.79522705078,17714.007690429688,66510.0874633789,0.201904296875,33572028416,0,788389888,0
0,1762335366161,1800,1800,800,1801,1799,1799,1799,1800,4,0,0,0,0,0,4,0,106275.79614257813,17714.012145996094,66510.08911132813,0.201904296875,33572028416,0,788389888,0
1,1762335366162,1800,1800,800,1801,1799,1799,1799,1800,4,0,0,0,0,0,4,0,106275.79718017578,17714.016723632813,66510.09051513672,0.201904296875,33572028416,0,788389888,0
1,1762335366163,1800,1800,800,1801,1799,1799,1799,1800,4,0,0,0,0,0,4,0,106275.79815673828,17714.02117919922,66510.09185791016,0.201904296875,33572028416,0,788389888,0
1,1762335366164,1800,1800,800,1801,1799,1799,1799,1800,4,0,0,0,0,0,4,0,106275.79913330078,17714.025817871094,66510.0933227539,0.201904296875,33572028416,0,788389888,0
1,1762335366165,1800,1800,800,1801,1799,1799,1799,1800,4,0,0,0,0,0,4,0,106275.80017089844,17714.030334472656,66510.09454345703,0.201904296875,33572028416,0,788389888,0
1,1762335366166,1800,1800,800,1801,1799,1799,1799,1800,4,0,0,0,0,0,4,0,106275.80108642578,17714.03466796875,66510.09606933594,0.201904296875,33572028416,0,788389888,0
1,1762335366167,1800,1800,800,1801,1799,1799,1799,1800,4,0,0,0,0,0,4,0,106275.80212402344,17714.03924560547,66510.09753417969,0.201904296875,33572028416,0,788389888,0
1,1762335366168,1800,1800,800,1801,1799,1799,1799,1800,4,0,0,0,0,0,4,0,106275.80407714844,17714.047729492188,66510.09881591797,0.201904296875,33572028416,0,788389888,0
0,1762335366169,1800,1800,800,1801,1799,1799,1799,1800,4,0,0,0,0,0,4,0,106275.8051147461,17714.05206298828,66510.10028076172,0.201904296875,33572028416,0,788389888,0
0,1762335366171,1800,1800,800,1801,1799,1799,1799,1800,4,0,0,0,0,0,4,0,106275.8060913086,17714.056518554688,66510.10174560547,0.201904296875,33572028416,0,788389888,0
0,1762335366172,1800,1800,800,1801,1799,1799,1799,1800,4,0,0,0,0,0,4,0,106275.8070678711,17714.060913085938,66510.1029663086,0.201904296875,33572028416,0,788389888,0
0,1762335366173,1800,1800,800,1801,1799,1799,1799,1800,4,0,0,0,0,0,4,0,106275.80810546875,17714.0654296875,66510.10418701172,0.201904296875,33572028416,0,788389888,0
1,1762335366174,1800,1800,800,1801,1799,1799,1799,1800,4,0,0,0,0,0,4,0,106275.8090209961,17714.069763183594,66510.1058959961,0.201904296875,33572028416,0,788389888,0
1,1762335366175,1800,1800,800,1801,1799,1799,1799,1800,4,0,0,0,0,0,4,0,106275.8099975586,17714.074340820313,66510.10754394531,0.201904296875,33572028416,0,788389888,0
1,1762335366176,1800,1800,800,1801,1799,1799,1799,1800,4,0,0,0,0,0,4,0,106275.81103515625,17714.0791015625,66510.10876464844,0.201904296875,33572028416,0,788389888,0
1,1762335366177,1800,1800,800,1801,1799,1799,1799,1800,4,0,0,0,0,0,4,0,106275.8120727539,17714.083557128906,66510.11016845703,0.201904296875,33572028416,0,788389888,0
1,1762335366178,1800,1800,800,1801,1799,1799,1799,1800,4,0,0,0,0,0,4,0,106275.8130493164,17714.087890625,66510.11151123047,0.201904296875,33572028416,0,788389888,0
1,1762335366179,1800,1800,800,1801,1799,1799,1799,1800,4,0,0,0,0,0,4,0,106275.8140258789,17714.092163085938,66510.11297607422,0.201904296875,33572028416,0,788389888,0
0,1762335366180,1800,1800,800,1801,1799,1799,1799,1800,4,0,0,0,0,0,4,0,106275.8159790039,17714.10089111328,66510.11450195313,0.201904296875,33572028416,0,788389888,0
0,1762335366182,1800,1800,800,1801,1799,1799,1799,1800,4,0,0,0,0,0,4,0,106275.8169555664,17714.105346679688,66510.11608886719,0.201904296875,33572028416,0,788389888,0
0,1762335366183,1800,1800,800,1801,1799,1799,1799,1800,4,0,0,0,0,0,4,0,106275.81799316406,17714.11004638672,66510.11743164063,0.201904296875,33572028416,0,788389888,0
1,1762335366184,1800,1800,800,1801,1799,1799,1799,1800,4,0,0,0,0,0,4,0,106275.81896972656,17714.114685058594,66510.11889648438,0.201904296875,33572028416,0,788389888,0
1,1762335366185,1800,1800,800,1801,1799,1799,1799,1800,4,0,0,0,0,0,4,0,106275.81994628906,17714.119079589844,66510.12017822266,0.201904296875,33572028416,0,788389888,0
1,1762335366186,1800,1800,800,1801,1799,1799,1799,1800,4,0,0,0,0,0,4,0,106275.82098388672,17714.123413085938,66510.12145996094,0.201904296875,33572028416,0,788389888,0
1,1762335366187,1800,1800,800,1801,1799,1799,1799,1800,4,0,0,0,0,0,4,0,106275.82196044922,17714.127868652344,66510.12286376953,0.201904296875,33572028416,0,788389888,0
1,1762335366188,1800,1800,800,1801,1799,1799,1799,1800,4,0,0,0,0,0,4,0,106275.82293701172,17714.132446289063,66510.12432861328,0.201904296875,33572028416,0,788389888,0
1,1762335366189,1800,1800,800,1801,1799,1799,1799,1800,4,0,0,0,0,0,4,0,106275.82391357422,17714.136840820313,66510.12573242188,0.201904296875,33572028416,0,788389888,0
1,1762335366190,1800,1800,800,1801,1799,1799,1799,1800,4,0,0,0,0,0,4,0,106275.82586669922,17714.145385742188,66510.12707519531,0.201904296875,33572028416,0,788389888,0
0,1762335366191,1800,1800,800,1801,1799,1799,1799,1800,4,0,0,0,0,0,4,0,106275.82690429688,17714.14959716797,66510.12841796875,0.201904296875,33572028416,0,788389888,0
0,1762335366193,1800,1800,800,1801,1799,1799,1799,1800,4,0,0,0,0,0,4,0,106275.82788085938,17714.154052734375,66510.12976074219,0.201904296875,33572028416,0,788389888,0
0,1762335366194,1800,1800,800,1801,1799,1799,1799,1800,4,0,0,0,0,0,4,0,106275.82885742188,17714.158447265625,66510.13098144531,0.201904296875,33572028416,0,788389888,0
1,1762335366195,1800,1800,800,1801,1799,1799,1799,1800,4,0,0,0,0,0,4,0,106275.82983398438,17714.162719726563,66510.13220214844,0.201904296875,33572028416,0,788389888,0
1,1762335366196,1800,1800,800,1801,1799,1799,1799,1800,4,0,0,0,0,0,4,0,106275.83081054688,17714.167114257813,66510.13366699219,0.201904296875,33572028416,0,788389888,0
1,1762335366197,1800,1800,800,1801,1799,1799,1799,1800,4,0,0,0,0,0,4,0,106275.83184814453,17714.171752929688,66510.1351928711,0.201904296875,33572028416,0,788389888,0
1,1762335366198,1800,1800,800,1801,1799,1799,1799,1800,4,0,0,0,0,0,4,0,106275.83282470703,17714.176513671875,66510.13696289063,0.201904296875,33572028416,0,788389888,0
1,1762335366199,1800,1800,800,1801,1799,1799,1799,1800,4,0,0,0,0,0,4,0,106275.83386230469,17714.181274414063,66510.13836669922,0.201904296875,33572028416,0,788389888,0
1,1762335366200,1800,1800,800,1801,1799,1799,1799,1800,4,0,0,0,0,0,4,0,106275.83483886719,17714.185607910156,66510.13983154297,0.201904296875,33572028416,0,788389888,0
1,1762335366201,1800,1800,800,1801,1799,1799,1799,1800,4,0,0,0,0,0,4,0,106275.83581542969,17714.190185546875,66510.14129638672,0.201904296875,33572028416,0,788389888,0
0,1762335366202,1800,1800,800,1801,1799,1799,1799,1800,4,0,0,0,0,0,4,0,106275.83782958984,17714.198608398438,66510.14245605469,0.201904296875,33572028416,0,788389888,0
0,1762335366204,1800,1800,800,1801,1799,1799,1799,1800,4,0,0,0,0,0,4,0,106275.83874511719,17714.202758789063,66510.14385986328,0.201904296875,33572028416,0,788389888,0
0,1762335366205,1800,1800,800,1801,1799,1799,1799,1800,4,0,0,0,0,0,4,0,106275.83978271484,17714.207275390625,66510.14514160156,0.201904296875,33572028416,0,788389888,0
1,1762335366206,1800,1800,800,1801,1799,1799,1799,1800,4,0,0,0,0,0,4,0,106275.84075927734,17714.211547851563,66510.14636230469,0.201904296875,33572028416,0,788389888,0
1,1762335366207,1800,1800,800,1801,1799,1799,1799,1800,4,0,0,0,0,0,4,0,106275.84173583984,17714.215942382813,66510.14776611328,0.201904296875,33572028416,0,788389888,0
1,1762335366208,1800,1800,800,1801,1799,1799,1799,1800,4,0,0,0,0,0,4,0,106275.84271240234,17714.220275878906,66510.14904785156,0.201904296875,33572028416,0,788389888,0
1,1762335366209,1800,1800,800,1801,1799,1799,1799,1800,4,0,0,0,0,0,4,0,106275.84375,17714.22479248047,66510.15051269531,0.201904296875,33572028416,0,788389888,0
1,1762335366210,1800,1800,800,1801,1799,1799,1799,1800,4,0,0,0,0,0,4,0,106275.8447265625,17714.229248046875,66510.1519165039,0.201904296875,33572028416,0,788389888,0
1,1762335366211,1800,1800,800,1801,1799,1799,1799,1800,4,0,0,0,0,0,4,0,106275.845703125,17714.233825683594,66510.1533203125,0.201904296875,33572028416,0,788389888,0
1,1762335366212,1800,1800,800,1801,1799,1799,1799,1800,4,0,0,0,0,0,4,0,106275.84771728516,17714.242248535156,66510.15460205078,0.201904296875,33572028416,0,788389888,0
0,1762335366213,1800,1800,800,1801,1799,1799,1799,1800,11.111111640930176,0,19.047618865966797,0,0,0,0,0,106275.84869384766,17714.246337890625,66510.15594482422,0.201904296875,33572028416,0,788389888,0
0,1762335366215,1800,1800,800,1801,1799,1799,1799,1800,11.111111640930176,0,19.047618865966797,0,0,0,0,0,106275.84967041016,17714.25067138672,66510.15710449219,0.201904296875,33572028416,0,788389888,0
0,1762335366216,1800,1800,800,1801,1799,1799,1799,1800,11.111111640930176,0,19.047618865966797,0,0,0,0,0,106275.85070800781,17714.255126953125,66510.15844726563,0.201904296875,33572028416,0,788389888,0
1,1762335366217,1800,1800,800,1801,1799,1799,1799,1800,11.111111640930176,0,19.047618865966797,0,0,0,0,0,106275.85168457031,17714.259521484375,66510.15985107422,0.201904296875,33572028416,0,788389888,0
1,1762335366218,1800,1800,800,1801,1799,1799,1799,1800,11.111111640930176,0,19.047618865966797,0,0,0,0,0,106275.85266113281,17714.263916015625,66510.16143798828,0.201904296875,33572028416,0,788389888,0
1,1762335366219,1800,1800,800,1801,1799,1799,1799,1800,11.111111640930176,0,19.047618865966797,0,0,0,0,0,106275.85363769531,17714.268615722656,66510.1630859375,0.201904296875,33572028416,0,788389888,0
1,1762335366220,1800,1800,800,1801,1799,1799,1799,1800,11.111111640930176,0,19.047618865966797,0,0,0,0,0,106275.85461425781,17714.2734375,66510.16455078125,0.201904296875,33572028416,0,788389888,0
1,1762335366221,1800,1800,800,1801,1799,1799,1799,1800,11.111111640930176,0,19.047618865966797,0,0,0,0,0,106275.85559082031,17714.277954101563,66510.16589355469,0.201904296875,33572028416,0,788389888,0
1,1762335366222,1800,1800,800,1801,1799,1799,1799,1800,11.111111640930176,0,19.047618865966797,0,0,0,0,0,106275.85656738281,17714.282165527344,66510.16717529297,0.201904296875,33572028416,0,788389888,0
1,1762335366223,1800,1800,800,1801,1799,1799,1799,1800,11.111111640930176,0,19.047618865966797,0,0,0,0,0,106275.85760498047,17714.286499023438,66510.1683959961,0.201904296875,33572028416,0,788389888,0
0,1762335366224,1800,1800,800,1801,1799,1799,1799,1800,11.111111640930176,0,19.047618865966797,0,0,0,0,0,106275.85961914063,17714.294982910156,66510.169921875,0.201904296875,33572028416,0,788389888,0
0,1762335366226,1800,1800,800,1801,1799,1799,1799,1800,11.111111640930176,0,19.047618865966797,0,0,0,0,0,106275.86053466797,17714.299194335938,66510.17120361328,0.201904296875,33572028416,0,788389888,0
0,1762335366227,1800,1800,800,1801,1799,1799,1799,1800,11.111111640930176,0,19.047618865966797,0,0,0,0,0,106275.86157226563,17714.303833007813,66510.17266845703,0.201904296875,33572028416,0,788389888,0
1,1762335366228,1800,1800,800,1801,1799,1799,1799,1800,11.111111640930176,0,19.047618865966797,0,0,0,0,0,106275.86254882813,17714.308044433594,66510.17388916016,0.201904296875,33572028416,0,788389888,0
1,1762335366229,1800,1800,800,1801,1799,1799,1799,1800,11.111111640930176,0,19.047618865966797,0,0,0,0,0,106275.86352539063,17714.312622070313,66510.1752319336,0.201904296875,33572028416,0,788389888,0
1,1762335366230,1800,1800,800,1801,1799,1799,1799,1800,11.111111640930176,0,19.047618865966797,0,0,0,0,0,106275.86450195313,17714.317016601563,66510.17681884766,0.201904296875,33572028416,0,788389888,0
1,1762335366231,1800,1800,800,1801,1799,1799,1799,1800,11.111111640930176,0,19.047618865966797,0,0,0,0,0,106275.86553955078,17714.322021484375,66510.17858886719,0.201904296875,33572028416,0,788389888,0
1,1762335366232,1800,1800,800,1801,1799,1799,1799,1800,11.111111640930176,0,19.047618865966797,0,0,0,0,0,106275.86651611328,17714.326599121094,66510.17993164063,0.201904296875,33572028416,0,788389888,0
1,1762335366233,1800,1800,800,1801,1799,1799,1799,1800,11.111111640930176,0,19.047618865966797,0,0,0,0,0,106275.86755371094,17714.330993652344,66510.18133544922,0.201904296875,33572028416,0,788389888,0
1,1762335366234,1800,1800,800,1801,1799,1799,1799,1800,11.111111640930176,0,19.047618865966797,0,0,0,0,0,106275.86950683594,17714.33514404297,66510.18249511719,0.201904296875,33572028416,0,788389888,0
0,1762335366235,1800,1800,800,1801,1799,1799,1799,1800,11.111111640930176,0,19.047618865966797,0,0,0,0,0,106275.87048339844,17714.34356689453,66510.18389892578,0.201904296875,33572028416,0,788389888,0
0,1762335366237,1800,1800,800,1801,1799,1799,1799,1800,11.111111640930176,0,19.047618865966797,0,0,0,0,0,106275.87145996094,17714.347900390625,66510.1851196289,0.201904296875,33572028416,0,788389888,0
0,1762335366238,1800,1800,800,1801,1799,1799,1799,1800,11.111111640930176,0,19.047618865966797,0,0,0,0,0,106275.8724975586,17714.3525390625,66510.18676757813,0.201904296875,33572028416,0,788389888,0
1,1762335366239,1800,1800,800,1801,1799,1799,1799,1800,11.111111640930176,0,19.047618865966797,0,0,0,0,0,106275.8734741211,17714.35711669922,66510.18835449219,0.201904296875,33572028416,0,788389888,0
1,1762335366240,1800,1800,800,1801,1799,1799,1799,1800,11.111111640930176,0,19.047618865966797,0,0,0,0,0,106275.8744506836,17714.361572265625,66510.1898803711,0.201904296875,33572028416,0,788389888,0
1,1762335366241,1800,1800,800,1801,1799,1799,1799,1800,11.111111640930176,0,19.047618865966797,0,0,0,0,0,106275.8754272461,17714.366333007813,66510.19128417969,0.201904296875,33572028416,0,788389888,0
1,1762335366242,1800,1800,800,1801,1799,1799,1799,1800,11.111111640930176,0,19.047618865966797,0,0,0,0,0,106275.8764038086,17714.370666503906,66510.19256591797,0.201904296875,33572028416,0,788389888,0
1,1762335366243,1800,1800,800,1801,1799,1799,1799,1800,11.111111640930176,0,19.047618865966797,0,0,0,0,0,106275.8773803711,17714.375122070313,66510.19409179688,0.201904296875,33572028416,0,788389888,0
1,1762335366244,1800,1800,800,1801,1799,1799,1799,1800,11.111111640930176,0,19.047618865966797,0,0,0,0,0,106275.87841796875,17714.37969970703,66510.19525146484,0.201904296875,33572028416,0,788389888,0
1,1762335366245,1800,1800,800,1801,1799,1799,1799,1800,11.111111640930176,0,19.047618865966797,0,0,0,0,0,106275.87939453125,17714.383850097656,66510.1967163086,0.201904296875,33572028416,0,788389888,0
0,1762335366246,1800,1800,800,1801,1799,1799,1799,1800,11.111111640930176,0,19.047618865966797,0,0,0,0,0,106275.88134765625,17714.392456054688,66510.19830322266,0.201904296875,33572028416,0,788389888,0
0,1762335366248,1800,1800,800,1801,1799,1799,1799,1800,11.111111640930176,0,19.047618865966797,0,0,0,0,0,106275.8823852539,17714.397033691406,66510.19970703125,0.201904296875,33572028416,0,788389888,0
0,1762335366249,1800,1800,800,1801,1799,1799,1799,1800,11.111111640930176,0,19.047618865966797,0,0,0,0,0,106275.8833618164,17714.40155029297,66510.20104980469,0.201904296875,33572028416,0,788389888,0
1,1762335366250,1800,1800,800,1801,1799,1799,1799,1800,11.111111640930176,0,19.047618865966797,0,0,0,0,0,106275.8843383789,17714.406005859375,66510.20245361328,0.201904296875,33572028416,0,788389888,0
1,1762335366251,1800,1800,800,1801,1799,1799,1799,1800,11.111111640930176,0,19.047618865966797,0,0,0,0,0,106275.88537597656,17714.41046142578,66510.20379638672,0.201904296875,33572028416,0,788389888,0
1,1762335366252,1800,1800,800,1801,1799,1799,1799,1800,11.111111640930176,0,19.047618865966797,0,0,0,0,0,106275.88635253906,17714.41485595703,66510.205078125,0.201904296875,33572028416,0,788389888,0
1,1762335366253,1800,1800,800,1801,1799,1799,1799,1800,11.111111640930176,0,19.047618865966797,0,0,0,0,0,106275.88732910156,17714.419189453125,66510.20642089844,0.201904296875,33572028416,0,788389888,0
1,1762335366254,1800,1800,800,1801,1799,1799,1799,1800,11.111111640930176,0,19.047618865966797,0,0,0,0,0,106275.88830566406,17714.42364501953,66510.20806884766,0.201904296875,33572028416,0,788389888,0
1,1762335366255,1800,1800,800,1801,1799,1799,1799,1800,11.111111640930176,0,19.047618865966797,0,0,0,0,0,106275.88928222656,17714.428283691406,66510.20947265625,0.201904296875,33572028416,0,788389888,0
1,1762335366256,1800,1800,800,1801,1799,1799,1799,1800,11.111111640930176,0,19.047618865966797,0,0,0,0,0,106275.89025878906,17714.432556152344,66510.21063232422,0.201904296875,33572028416,0,788389888,0
0,1762335366257,1800,1800,800,1801,1799,1799,1799,1800,11.111111640930176,0,19.047618865966797,0,0,0,0,0,106275.89227294922,17714.44122314453,66510.21203613281,0.201904296875,33572028416,0,788389888,0
0,1762335366259,1800,1800,800,1801,1799,1799,1799,1800,11.111111640930176,0,19.047618865966797,0,0,0,0,0,106275.89324951172,17714.445556640625,66510.21362304688,0.201904296875,33572028416,0,788389888,0
0,1762335366260,1800,1800,800,1801,1799,1799,1799,1800,11.111111640930176,0,19.047618865966797,0,0,0,0,0,106275.89422607422,17714.45001220703,66510.21502685547,0.201904296875,33572028416,0,788389888,0
1,1762335366261,1800,1800,800,1801,1799,1799,1799,1800,11.111111640930176,0,19.047618865966797,0,0,0,0,0,106275.89526367188,17714.454711914063,66510.21655273438,0.201904296875,33572028416,0,788389888,0
1,1762335366262,1800,1800,800,1801,1799,1799,1799,1800,11.111111640930176,0,19.047618865966797,0,0,0,0,0,106275.89624023438,17714.45916748047,66510.21789550781,0.201904296875,33572028416,0,788389888,0
1,1762335366263,1800,1800,800,1801,1799,1799,1799,1800,11.111111640930176,0,19.047618865966797,0,0,0,0,0,106275.89721679688,17714.463623046875,66510.2192993164,0.201904296875,33572028416,0,788389888,0
1,1762335366264,1800,1800,800,1801,1799,1799,1799,1800,11.111111640930176,0,19.047618865966797,0,0,0,0,0,106275.89819335938,17714.46795654297,66510.22052001953,0.201904296875,33572028416,0,788389888,0
1,1762335366265,1800,1800,800,1801,1799,1799,1799,1800,11.111111640930176,0,19.047618865966797,0,0,0,0,0,106275.89923095703,17714.472534179688,66510.22204589844,0.201904296875,33572028416,0,788389888,0
1,1762335366266,1800,1800,800,1801,1799,1799,1799,1800,11.111111640930176,0,19.047618865966797,0,0,0,0,0,106275.90020751953,17714.47705078125,66510.22344970703,0.201904296875,33572028416,0,788389888,0
1,1762335366267,1800,1800,800,1801,1799,1799,1799,1800,11.111111640930176,0,19.047618865966797,0,0,0,0,0,106275.90118408203,17714.481506347656,66510.22497558594,0.201904296875,33572028416,0,788389888,0
0,1762335366268,1800,1800,800,1801,1799,1799,1799,1800,11.111111640930176,0,19.047618865966797,0,0,0,0,0,106275.90313720703,17714.489868164063,66510.22631835938,0.201904296875,33572028416,0,788389888,0
0,1762335366270,1800,1800,800,1801,1799,1799,1799,1800,11.111111640930176,0,19.047618865966797,0,0,0,0,0,106275.90417480469,17714.49432373047,66510.22766113281,0.201904296875,33572028416,0,788389888,0
0,1762335366271,1800,1800,800,1801,1799,1799,1799,1800,11.111111640930176,0,19.047618865966797,0,0,0,0,0,106275.90515136719,17714.498596191406,66510.22882080078,0.201904296875,33572028416,0,788389888,0
1,1762335366272,1800,1800,800,1801,1799,1799,1799,1800,11.111111640930176,0,19.047618865966797,0,0,0,0,0,106275.90612792969,17714.502990722656,66510.2300415039,0.201904296875,33572028416,0,788389888,0
1,1762335366273,1800,1800,800,1801,1799,1799,1799,1800,11.111111640930176,0,19.047618865966797,0,0,0,0,0,106275.90710449219,17714.507446289063,66510.23156738281,0.201904296875,33572028416,0,788389888,0
1,1762335366274,1800,1800,800,1801,1799,1799,1799,1800,11.111111640930176,0,19.047618865966797,0,0,0,0,0,106275.90814208984,17714.511962890625,66510.2328491211,0.201904296875,33572028416,0,788389888,0
1,1762335366275,1800,1800,800,1801,1799,1799,1799,1800,11.111111640930176,0,19.047618865966797,0,0,0,0,0,106275.90911865234,17714.516540527344,66510.23468017578,0.201904296875,33572028416,0,788389888,0
1,1762335366276,1800,1800,800,1801,1799,1799,1799,1800,11.111111640930176,0,19.047618865966797,0,0,0,0,0,106275.91009521484,17714.52130126953,66510.23602294922,0.201904296875,33572028416,0,788389888,0
1,1762335366277,1800,1800,800,1801,1799,1799,1799,1800,11.111111640930176,0,19.047618865966797,0,0,0,0,0,106275.9111328125,17714.525756835938,66510.23742675781,0.201904296875,33572028416,0,788389888,0
1,1762335366278,1800,1800,800,1801,1799,1799,1799,1800,11.111111640930176,0,19.047618865966797,0,0,0,0,0,106275.912109375,17714.52996826172,66510.2387084961,0.201904296875,33572028416,0,788389888,0
0,1762335366279,1800,1800,800,1801,1799,1799,1799,1800,11.111111640930176,0,19.047618865966797,0,0,0,0,0,106275.9140625,17714.538635253906,66510.24005126953,0.201904296875,33572028416,0,788389888,0
0,1762335366281,1800,1800,800,1801,1799,1799,1799,1800,11.111111640930176,0,19.047618865966797,0,0,0,0,0,106275.9150390625,17714.542907714844,66510.24139404297,0.201904296875,33572028416,0,788389888,0
0,1762335366282,1800,1800,800,1801,1799,1799,1799,1800,11.111111640930176,0,19.047618865966797,0,0,0,0,0,106275.916015625,17714.54718017578,66510.2426147461,0.201904296875,33572028416,0,788389888,0
1,1762335366283,1800,1800,800,1801,1799,1799,1799,1800,11.111111640930176,0,19.047618865966797,0,0,0,0,0,106275.91705322266,17714.55157470703,66510.24401855469,0.201904296875,33572028416,0,788389888,0
1,1762335366284,1800,1800,800,1801,1799,1799,1799,1800,11.111111640930176,0,19.047618865966797,0,0,0,0,0,106275.91802978516,17714.55615234375,66510.24542236328,0.201904296875,33572028416,0,788389888,0
1,1762335366285,1800,1800,800,1801,1799,1799,1799,1800,11.111111640930176,0,19.047618865966797,0,0,0,0,0,106275.91900634766,17714.560546875,66510.24670410156,0.201904296875,33572028416,0,788389888,0
1,1762335366286,1800,1800,800,1801,1799,1799,1799,1800,11.111111640930176,0,19.047618865966797,0,0,0,0,0,106275.91998291016,17714.564819335938,66510.248046875,0.201904296875,33572028416,0,788389888,0
1,1762335366287,1800,1800,800,1801,1799,1799,1799,1800,11.111111640930176,0,19.047618865966797,0,0,0,0,0,106275.92095947266,17714.569458007813,66510.2495727539,0.201904296875,33572028416,0,788389888,0
1,1762335366288,1800,1800,800,1801,1799,1799,1799,1800,11.111111640930176,0,19.047618865966797,0,0,0,0,0,106275.92199707031,17714.573974609375,66510.2509765625,0.201904296875,33572028416,0,788389888,0
1,1762335366289,1800,1800,800,1801,1799,1799,1799,1800,11.111111640930176,0,19.047618865966797,0,0,0,0,0,106275.92297363281,17714.578186035156,66510.25231933594,0.201904296875,33572028416,0,788389888,0
0,1762335366290,1800,1800,800,1801,1799,1799,1799,1800,11.111111640930176,0,19.047618865966797,0,0,0,0,0,106275.92498779297,17714.586669921875,66510.25341796875,0.201904296875,33572028416,0,788389888,0
0,1762335366292,1800,1800,800,1801,1799,1799,1799,1800,11.111111640930176,0,19.047618865966797,0,0,0,0,0,106275.92590332031,17714.590881347656,66510.25482177734,0.201904296875,33572028416,0,788389888,0
0,1762335366293,1800,1800,800,1801,1799,1799,1799,1800,11.111111640930176,0,19.047618865966797,0,0,0,0,0,106275.92694091797,17714.59539794922,66510.25616455078,0.201904296875,33572028416,0,788389888,0
1,1762335366294,1800,1800,800,1801,1799,1799,1799,1800,11.111111640930176,0,19.047618865966797,0,0,0,0,0,106275.92791748047,17714.599670410156,66510.25744628906,0.201904296875,33572028416,0,788389888,0
1,1762335366295,1800,1800,800,1801,1799,1799,1799,1800,11.111111640930176,0,19.047618865966797,0,0,0,0,0,106275.92889404297,17714.604064941406,66510.25885009766,0.201904296875,33572028416,0,788389888,0
1,1762335366296,1800,1800,800,1801,1799,1799,1799,1800,11.111111640930176,0,19.047618865966797,0,0,0,0,0,106275.92993164063,17714.60870361328,66510.26043701172,0.201904296875,33572028416,0,788389888,0
1,1762335366297,1800,1800,800,1801,1799,1799,1799,1800,11.111111640930176,0,19.047618865966797,0,0,0,0,0,106275.93090820313,17714.613342285156,66510.26196289063,0.201904296875,33572028416,0,788389888,0
1,1762335366298,1800,1800,800,1801,1799,1799,1799,1800,11.111111640930176,0,19.047618865966797,0,0,0,0,0,106275.93188476563,17714.61785888672,66510.2632446289,0.201904296875,33572028416,0,788389888,0
1,1762335366299,1800,1800,800,1801,1799,1799,1799,1800,11.111111640930176,0,19.047618865966797,0,0,0,0,0,106275.93286132813,17714.62225341797,66510.2646484375,0.201904296875,33572028416,0,788389888,0
1,1762335366300,1800,1800,800,1801,1799,1799,1799,1800,11.111111640930176,0,19.047618865966797,0,0,0,0,0,106275.93389892578,17714.62664794922,66510.26593017578,0.201904296875,33572028416,0,788389888,0
0,1762335366301,1800,1800,800,1801,1799,1799,1799,1800,11.111111640930176,0,19.047618865966797,0,0,0,0,0,106275.93585205078,17714.635131835938,66510.26721191406,0.201904296875,33572028416,0,788389888,0
0,1762335366303,1800,1800,800,1801,1799,1799,1799,1800,11.111111640930176,0,19.047618865966797,0,0,0,0,0,106275.93682861328,17714.639221191406,66510.26849365234,0.201904296875,33572028416,0,788389888,0
0,1762335366304,1800,1800,800,1801,1799,1799,1799,1800,11.111111640930176,0,19.047618865966797,0,0,0,0,0,106275.93786621094,17714.643920898438,66510.27020263672,0.201904296875,33572028416,0,788389888,0
1,1762335366305,1800,1800,800,1801,1799,1799,1799,1800,11.111111640930176,0,19.047618865966797,0,0,0,0,0,106275.93878173828,17714.6484375,66510.27185058594,0.201904296875,33572028416,0,788389888,0
1,1762335366306,1800,1800,800,1801,1799,1799,1799,1800,11.111111640930176,0,19.047618865966797,0,0,0,0,0,106275.93981933594,17714.65313720703,66510.27319335938,0.201904296875,33572028416,0,788389888,0
1,1762335366307,1800,1800,800,1801,1799,1799,1799,1800,11.111111640930176,0,19.047618865966797,0,0,0,0,0,106275.94079589844,17714.657653808594,66510.2748413086,0.201904296875,33572028416,0,788389888,0
1,1762335366308,1800,1800,800,1801,1799,1799,1799,1800,11.111111640930176,0,19.047618865966797,0,0,0,0,0,106275.9418334961,17714.662475585938,66510.27655029297,0.201904296875,33572028416,0,788389888,0
1,1762335366309,1800,1800,800,1801,1799,1799,1799,1800,11.111111640930176,0,19.047618865966797,0,0,0,0,0,106275.9428100586,17714.667053222656,66510.27783203125,0.201904296875,33572028416,0,788389888,0
1,1762335366310,1800,1800,800,1801,1799,1799,1799,1800,11.111111640930176,0,19.047618865966797,0,0,0,0,0,106275.9437866211,17714.671447753906,66510.27923583984,0.201904296875,33572028416,0,788389888,0
1,1762335366311,1800,1800,800,1801,1799,1799,1799,1800,11.111111640930176,0,19.047618865966797,0,0,0,0,0,106275.94482421875,17714.675842285156,66510.28051757813,0.201904296875,33572028416,0,788389888,0
0,1762335366312,1800,1800,800,1801,1799,1799,1799,1800,11.111111640930176,0,19.047618865966797,0,0,0,0,0,106275.94677734375,17714.684204101563,66510.28173828125,0.201904296875,33572028416,0,788389888,0
0,1762335366314,1800,1800,800,1801,1799,1799,1799,1800,11.111111640930176,0,19.047618865966797,0,0,0,0,0,106275.94775390625,17714.688537597656,66510.283203125,0.201904296875,33572028416,0,788389888,0
0,1762335366315,1800,1800,800,1801,1799,1799,1799,1800,11.111111640930176,0,19.047618865966797,0,0,0,0,0,106275.94873046875,17714.692810058594,66510.2846069336,0.201904296875,33572028416,0,788389888,0
1,1762335366316,1800,1800,800,1801,1799,1799,1799,1800,11.111111640930176,0,19.047618865966797,0,0,0,0,0,106275.94970703125,17714.69744873047,66510.2861328125,0.201904296875,33572028416,0,788389888,0
1,1762335366317,1800,1800,800,1801,1799,1799,1799,1800,11.111111640930176,0,19.047618865966797,0,0,0,0,0,106275.9507446289,17714.702026367188,66510.28771972656,0.201904296875,33572028416,0,788389888,0
1,1762335366318,1800,1800,800,1801,1799,1799,1799,1800,11.111111640930176,0,19.047618865966797,0,0,0,0,0,106275.9517211914,17714.706787109375,66510.28918457031,0.201904296875,33572028416,0,788389888,0
1,1762335366319,1800,1800,800,1801,1799,1799,1799,1800,11.111111640930176,0,19.047618865966797,0,0,0,0,0,106275.9526977539,17714.711181640625,66510.2905883789,0.201904296875,33572028416,0,788389888,0
1,1762335366320,1800,1800,800,1801,1799,1799,1799,1800,11.111111640930176,0,19.047618865966797,0,0,0,0,0,106275.9536743164,17714.715759277344,66510.2919921875,0.201904296875,33572028416,0,788389888,0
1,1762335366321,1800,1800,800,1801,1799,1799,1799,1800,11.111111640930176,0,19.047618865966797,0,0,0,0,0,106275.95471191406,17714.720275878906,66510.29333496094,0.201904296875,33572028416,0,788389888,0
1,1762335366322,1800,1800,800,1801,1799,1799,1799,1800,11.111111640930176,0,19.047618865966797,0,0,0,0,0,106275.95666503906,17714.72442626953,66510.2944946289,0.201904296875,33572028416,0,788389888,0
0,1762335366323,1800,1800,800,1801,1799,1799,1799,1800,11.111111640930176,0,19.047618865966797,0,0,0,0,0,106275.95764160156,17714.732849121094,66510.29608154297,0.201904296875,33572028416,0,788389888,0
0,1762335366325,1800,1800,800,1801,1799,1799,1799,1800,11.111111640930176,0,19.047618865966797,0,0,0,0,0,106275.95867919922,17714.737548828125,66510.29748535156,0.201904296875,33572028416,0,788389888,0
0,1762335366326,1800,1800,800,1801,1799,1799,1799,1800,11.111111640930176,0,19.047618865966797,0,0,0,0,0,106275.95965576172,17714.74200439453,66510.2992553711,0.201904296875,33572028416,0,788389888,0
1,1762335366327,1800,1800,800,1801,1799,1799,1799,1800,11.111111640930176,0,19.047618865966797,0,0,0,0,0,106275.96063232422,17714.74688720703,66510.30065917969,0.201904296875,33572028416,0,788389888,0
1,1762335366328,1800,1800,800,1801,1799,1799,1799,1800,11.111111640930176,0,19.047618865966797,0,0,0,0,0,106275.96166992188,17714.751342773438,66510.30200195313,0.201904296875,33572028416,0,788389888,0
1,1762335366329,1800,1800,800,1801,1799,1799,1799,1800,11.111111640930176,0,19.047618865966797,0,0,0,0,0,106275.96264648438,17714.75567626953,66510.30340576172,0.201904296875,33572028416,0,788389888,0
1,1762335366330,1800,1800,800,1801,1799,1799,1799,1800,11.111111640930176,0,19.047618865966797,0,0,0,0,0,106275.96362304688,17714.760192871094,66510.30462646484,0.201904296875,33572028416,0,788389888,0
1,1762335366331,1800,1800,800,1801,1799,1799,1799,1800,11.111111640930176,0,19.047618865966797,0,0,0,0,0,106275.96459960938,17714.764587402344,66510.3060913086,0.201904296875,33572028416,0,788389888,0
1,1762335366332,1800,1800,800,1801,1799,1799,1799,1800,11.111111640930176,0,19.047618865966797,0,0,0,0,0,106275.96557617188,17714.768981933594,66510.3076171875,0.201904296875,33572028416,0,788389888,0
1,1762335366333,1800,1800,800,1801,1799,1799,1799,1800,11.111111640930176,0,19.047618865966797,0,0,0,0,0,106275.96661376953,17714.773376464844,66510.3090209961,0.201904296875,33572028416,0,788389888,0
0,1762335366334,1800,1800,800,1801,1799,1799,1799,1800,11.111111640930176,0,19.047618865966797,0,0,0,0,0,106275.96856689453,17714.782165527344,66510.31036376953,0.201904296875,33572028416,0,788389888,0
0,1762335366336,1800,1800,800,1801,1799,1799,1799,1800,11.111111640930176,0,19.047618865966797,0,0,0,0,0,106275.96960449219,17714.786743164063,66510.31188964844,0.201904296875,33572028416,0,788389888,0
0,1762335366337,1800,1800,800,1801,1799,1799,1799,1800,11.111111640930176,0,19.047618865966797,0,0,0,0,0,106275.97058105469,17714.79119873047,66510.31353759766,0.201904296875,33572028416,0,788389888,0
1,1762335366338,1800,1800,800,1801,1799,1799,1799,1800,11.111111640930176,0,19.047618865966797,0,0,0,0,0,106275.97155761719,17714.795776367188,66510.31518554688,0.201904296875,33572028416,0,788389888,0
1,1762335366339,1800,1800,800,1801,1799,1799,1799,1800,11.111111640930176,0,19.047618865966797,0,0,0,0,0,106275.97253417969,17714.800415039063,66510.31640625,0.201904296875,33572028416,0,788389888,0
1,1762335366340,1800,1800,800,1801,1799,1799,1799,1800,11.111111640930176,0,19.047618865966797,0,0,0,0,0,106275.97351074219,17714.804809570313,66510.3179321289,0.201904296875,33572028416,0,788389888,0
1,1762335366341,1800,1800,800,1801,1799,1799,1799,1800,11.111111640930176,0,19.047618865966797,0,0,0,0,0,106275.97454833984,17714.809326171875,66510.31909179688,0.201904296875,33572028416,0,788389888,0
1,1762335366342,1800,1800,800,1801,1799,1799,1799,1800,11.111111640930176,0,19.047618865966797,0,0,0,0,0,106275.97552490234,17714.813720703125,66510.32061767578,0.201904296875,33572028416,0,788389888,0
1,1762335366343,1800,1800,800,1801,1799,1799,1799,1800,11.111111640930176,0,19.047618865966797,0,0,0,0,0,106275.97650146484,17714.81817626953,66510.32189941406,0.201904296875,33572028416,0,788389888,0
1,1762335366344,1800,1800,800,1801,1799,1799,1799,1800,11.111111640930176,0,19.047618865966797,0,0,0,0,0,106275.97747802734,17714.82257080078,66510.32342529297,0.201904296875,33572028416,0,788389888,0
0,1762335366345,1800,1800,800,1801,1799,1799,1799,1800,11.111111640930176,0,19.047618865966797,0,0,0,0,0,106275.9794921875,17714.831298828125,66510.32482910156,0.201904296875,33572028416,0,788389888,0
0,1762335366347,1800,1800,800,1801,1799,1799,1799,1800,11.111111640930176,0,19.047618865966797,0,0,0,0,0,106275.98040771484,17714.835510253906,66510.32629394531,0.201904296875,33572028416,0,788389888,0
0,1762335366348,1800,1800,800,1801,1799,1799,1799,1800,11.111111640930176,0,19.047618865966797,0,0,0,0,0,106275.9814453125,17714.839965820313,66510.32751464844,0.201904296875,33572028416,0,788389888,0
1,1762335366349,1800,1800,800,1801,1799,1799,1799,1800,11.111111640930176,0,19.047618865966797,0,0,0,0,0,106275.98248291016,17714.84442138672,66510.32879638672,0.201904296875,33572028416,0,788389888,0
1,1762335366350,1800,1800,800,1801,1799,1799,1799,1800,11.111111640930176,0,19.047618865966797,0,0,0,0,0,106275.9833984375,17714.848754882813,66510.33020019531,0.201904296875,33572028416,0,788389888,0
1,1762335366351,1800,1800,800,1801,1799,1799,1799,1800,11.111111640930176,0,19.047618865966797,0,0,0,0,0,106275.98443603516,17714.853149414063,66510.33142089844,0.201904296875,33572028416,0,788389888,0
1,1762335366352,1800,1800,800,1801,1799,1799,1799,1800,11.111111640930176,0,19.047618865966797,0,0,0,0,0,106275.98541259766,17714.857482910156,66510.33282470703,0.201904296875,33572028416,0,788389888,0
1,1762335366353,1800,1800,800,1801,1799,1799,1799,1800,11.111111640930176,0,19.047618865966797,0,0,0,0,0,106275.98638916016,17714.862060546875,66510.33435058594,0.201904296875,33572028416,0,788389888,0
1,1762335366354,1800,1800,800,1801,1799,1799,1799,1800,11.111111640930176,0,19.047618865966797,0,0,0,0,0,106275.98736572266,17714.866638183594,66510.33575439453,0.201904296875,33572028416,0,788389888,0
1,1762335366355,1800,1800,800,1801,1799,1799,1799,1800,11.111111640930176,0,19.047618865966797,0,0,0,0,0,106275.98937988281,17714.875122070313,66510.33709716797,0.201904296875,33572028416,0,788389888,0
0,1762335366356,1800,1800,800,1801,1799,1799,1799,1800,11.111111640930176,0,19.047618865966797,0,0,0,0,0,106275.99035644531,17714.87939453125,66510.3384399414,0.201904296875,33572028416,0,788389888,0
0,1762335366358,1800,1800,800,1801,1799,1799,1799,1800,11.111111640930176,0,19.047618865966797,0,0,0,0,0,106275.99133300781,17714.8837890625,66510.33972167969,0.201904296875,33572028416,0,788389888,0
0,1762335366359,1800,1800,800,1801,1799,1799,1799,1800,11.111111640930176,0,19.047618865966797,0,0,0,0,0,106275.99237060547,17714.888244628906,66510.34106445313,0.201904296875,33572028416,0,788389888,0
1,1762335366360,1800,1800,800,1801,1799,1799,1799,1800,11.111111640930176,0,19.047618865966797,0,0,0,0,0,106275.99328613281,17714.892456054688,66510.34228515625,0.201904296875,33572028416,0,788389888,0
1,1762335366361,1800,1800,800,1801,1799,1799,1799,1800,11.111111640930176,0,19.047618865966797,0,0,0,0,0,106275.99432373047,17714.89678955078,66510.34356689453,0.201904296875,33572028416,0,788389888,0
1,1762335366362,1800,1800,800,1801,1799,1799,1799,1800,11.111111640930176,0,19.047618865966797,0,0,0,0,0,106275.99530029297,17714.901123046875,66510.34484863281,0.201904296875,33572028416,0,788389888,0
1,1762335366363,1800,1800,800,1801,1799,1799,1799,1800,11.111111640930176,0,19.047618865966797,0,0,0,0,0,106275.99627685547,17714.90545654297,66510.3461303711,0.201904296875,33572028416,0,788389888,0
1,1762335366364,1800,1800,800,1801,1799,1799,1799,1800,11.111111640930176,0,19.047618865966797,0,0,0,0,0,106275.99731445313,17714.90997314453,66510.34759521484,0.201904296875,33572028416,0,788389888,0
1,1762335366365,1800,1800,800,1801,1799,1799,1799,1800,11.111111640930176,0,19.047618865966797,0,0,0,0,0,106275.99829101563,17714.914611816406,66510.3490600586,0.201904296875,33572028416,0,788389888,0
1,1762335366366,1800,1800,800,1801,1799,1799,1799,1800,11.111111640930176,0,19.047618865966797,0,0,0,0,0,106276.00024414063,17714.92315673828,66510.35046386719,0.201904296875,33572028416,0,788389888,0
0,1762335366367,1800,1800,800,1801,1799,1799,1799,1800,11.111111640930176,0,19.047618865966797,0,0,0,0,0,106276.00122070313,17714.92724609375,66510.35174560547,0.201904296875,33572028416,0,788389888,0
0,1762335366369,1800,1800,800,1801,1799,1799,1799,1800,11.111111640930176,0,19.047618865966797,0,0,0,0,0,106276.00225830078,17714.931640625,66510.3530883789,0.201904296875,33572028416,0,788389888,0
0,1762335366370,1800,1800,800,1801,1799,1799,1799,1800,11.111111640930176,0,19.047618865966797,0,0,0,0,0,106276.00323486328,17714.935913085938,66510.35430908203,0.201904296875,33572028416,0,788389888,0
1,1762335366371,1800,1800,800,1801,1799,1799,1799,1800,11.111111640930176,0,19.047618865966797,0,0,0,0,0,106276.00421142578,17714.94024658203,66510.35540771484,0.201904296875,33572028416,0,788389888,0
1,1762335366372,1800,1800,800,1801,1799,1799,1799,1800,11.111111640930176,0,19.047618865966797,0,0,0,0,0,106276.00524902344,17714.94464111328,66510.35675048828,0.201904296875,33572028416,0,788389888,0
1,1762335366373,1800,1800,800,1801,1799,1799,1799,1800,11.111111640930176,0,19.047618865966797,0,0,0,0,0,106276.00616455078,17714.948974609375,66510.35815429688,0.201904296875,33572028416,0,788389888,0
1,1762335366374,1800,1800,800,1801,1799,1799,1799,1800,11.111111640930176,0,19.047618865966797,0,0,0,0,0,106276.00720214844,17714.95379638672,66510.3599243164,0.201904296875,33572028416,0,788389888,0
1,1762335366375,1800,1800,800,1801,1799,1799,1799,1800,11.111111640930176,0,19.047618865966797,0,0,0,0,0,106276.00817871094,17714.958435058594,66510.36126708984,0.201904296875,33572028416,0,788389888,0
1,1762335366376,1800,1800,800,1801,1799,1799,1799,1800,11.111111640930176,0,19.047618865966797,0,0,0,0,0,106276.00915527344,17714.962768554688,66510.3627319336,0.201904296875,33572028416,0,788389888,0
1,1762335366377,1800,1800,800,1801,1799,1799,1799,1800,11.111111640930176,0,19.047618865966797,0,0,0,0,0,106276.0111694336,17714.967041015625,66510.36407470703,0.201904296875,33572028416,0,788389888,0
0,1762335366378,1800,1800,800,1801,1799,1799,1799,1800,11.111111640930176,0,19.047618865966797,0,0,0,0,0,106276.0121459961,17714.975524902344,66510.36541748047,0.201904296875,33572028416,0,788389888,0
0,1762335366380,1800,1800,800,1801,1799,1799,1799,1800,11.111111640930176,0,19.047618865966797,0,0,0,0,0,106276.0131225586,17714.980041503906,66510.3667602539,0.201904296875,33572028416,0,788389888,0
0,1762335366381,1800,1800,800,1801,1799,1799,1799,1800,11.111111640930176,0,19.047618865966797,0,0,0,0,0,106276.0140991211,17714.984436035156,66510.36828613281,0.201904296875,33572028416,0,788389888,0
1,1762335366382,1800,1800,800,1801,1799,1799,1799,1800,11.111111640930176,0,19.047618865966797,0,0,0,0,0,106276.01513671875,17714.989135742188,66510.36987304688,0.201904296875,33572028416,0,788389888,0
1,1762335366383,1800,1800,800,1801,1799,1799,1799,1800,11.111111640930176,0,19.047618865966797,0,0,0,0,0,106276.01611328125,17714.993713378906,66510.37133789063,0.201904296875,33572028416,0,788389888,0
1,1762335366384,1800,1800,800,1801,1799,1799,1799,1800,11.111111640930176,0,19.047618865966797,0,0,0,0,0,106276.01708984375,17714.99822998047,66510.373046875,0.201904296875,33572028416,0,788389888,0
1,1762335366385,1800,1800,800,1801,1799,1799,1799,1800,11.111111640930176,0,19.047618865966797,0,0,0,0,0,106276.01806640625,17715.002807617188,66510.37426757813,0.201904296875,33572028416,0,788389888,0
1,1762335366386,1800,1800,800,1801,1799,1799,1799,1800,11.111111640930176,0,19.047618865966797,0,0,0,0,0,106276.01904296875,17715.00732421875,66510.37567138672,0.201904296875,33572028416,0,788389888,0
1,1762335366387,1800,1800,800,1801,1799,1799,1799,1800,11.111111640930176,0,19.047618865966797,0,0,0,0,0,106276.0200805664,17715.011840820313,66510.376953125,0.201904296875,33572028416,0,788389888,0
1,1762335366388,1800,1800,800,1801,1799,1799,1799,1800,11.111111640930176,0,19.047618865966797,0,0,0,0,0,106276.0220336914,17715.02032470703,66510.3783569336,0.201904296875,33572028416,0,788389888,0
0,1762335366389,1800,1800,800,1801,1799,1799,1799,1800,11.111111640930176,0,19.047618865966797,0,0,0,0,0,106276.02307128906,17715.02459716797,66510.37951660156,0.201904296875,33572028416,0,788389888,0
0,1762335366391,1800,1800,800,1801,1799,1799,1799,1800,11.111111640930176,0,19.047618865966797,0,0,0,0,0,106276.02404785156,17715.028930664063,66510.380859375,0.201904296875,33572028416,0,788389888,0
0,1762335366392,1800,1800,800,1801,1799,1799,1799,1800,11.111111640930176,0,19.047618865966797,0,0,0,0,0,106276.02502441406,17715.033142089844,66510.38220214844,0.201904296875,33572028416,0,788389888,0
1,1762335366393,1800,1800,800,1801,1799,1799,1799,1800,11.111111640930176,0,19.047618865966797,0,0,0,0,0,106276.02606201172,17715.037658691406,66510.38348388672,0.201904296875,33572028416,0,788389888,0
1,1762335366394,1800,1800,800,1801,1799,1799,1799,1800,11.111111640930176,0,19.047618865966797,0,0,0,0,0,106276.02703857422,17715.042053222656,66510.38494873047,0.201904296875,33572028416,0,788389888,0
1,1762335366395,1800,1800,800,1801,1799,1799,1799,1800,11.111111640930176,0,19.047618865966797,0,0,0,0,0,106276.02801513672,17715.046752929688,66510.38665771484,0.201904296875,33572028416,0,788389888,0
1,1762335366396,1800,1800,800,1801,1799,1799,1799,1800,11.111111640930176,0,19.047618865966797,0,0,0,0,0,106276.02899169922,17715.051330566406,66510.38830566406,0.201904296875,33572028416,0,788389888,0
1,1762335366397,1800,1800,800,1801,1799,1799,1799,1800,11.111111640930176,0,19.047618865966797,0,0,0,0,0,106276.02996826172,17715.056030273438,66510.38952636719,0.201904296875,33572028416,0,788389888,0
1,1762335366398,1800,1800,800,1801,1799,1799,1799,1800,11.111111640930176,0,19.047618865966797,0,0,0,0,0,106276.03094482422,17715.060302734375,66510.3910522461,0.201904296875,33572028416,0,788389888,0
1,1762335366399,1800,1800,800,1801,1799,1799,1799,1800,11.111111640930176,0,19.047618865966797,0,0,0,0,0,106276.03198242188,17715.064819335938,66510.3921508789,0.201904296875,33572028416,0,788389888,0
0,1762335366400,1800,1800,800,1801,1799,1799,1799,1800,11.111111640930176,0,19.047618865966797,0,0,0,0,0,106276.03393554688,17715.073120117188,66510.39373779297,0.201904296875,33572028416,0,788389888,0
0,1762335366402,1800,1800,800,1801,1799,1799,1799,1800,11.111111640930176,0,19.047618865966797,0,0,0,0,0,106276.03491210938,17715.077575683594,66510.39520263672,0.201904296875,33572028416,0,788389888,0
0,1762335366403,1800,1800,800,1801,1799,1799,1799,1800,11.111111640930176,0,19.047618865966797,0,0,0,0,0,106276.03594970703,17715.082397460938,66510.39685058594,0.201904296875,33572028416,0,788389888,0
0,1762335366404,1800,1800,800,1801,1799,1799,1799,1800,11.111111640930176,0,19.047618865966797,0,0,0,0,0,106276.03692626953,17715.0869140625,66510.3984375,0.201904296875,33572028416,0,788389888,0
1,1762335366405,1800,1800,800,1801,1799,1799,1799,1800,11.111111640930176,0,19.047618865966797,0,0,0,0,0,106276.03790283203,17715.091430664063,66510.39959716797,0.201904296875,33572028416,0,788389888,0
1,1762335366406,1800,1800,800,1801,1799,1799,1799,1800,11.111111640930176,0,19.047618865966797,0,0,0,0,0,106276.03887939453,17715.09588623047,66510.40118408203,0.201904296875,33572028416,0,788389888,0
1,1762335366407,1800,1800,800,1801,1799,1799,1799,1800,11.111111640930176,0,19.047618865966797,0,0,0,0,0,106276.03985595703,17715.10028076172,66510.40234375,0.201904296875,33572028416,0,788389888,0
1,1762335366408,1800,1800,800,1801,1799,1799,1799,1800,11.111111640930176,0,19.047618865966797,0,0,0,0,0,106276.04089355469,17715.104919433594,66510.40393066406,0.201904296875,33572028416,0,788389888,0
1,1762335366409,1800,1800,800,1801,1799,1799,1799,1800,11.111111640930176,0,19.047618865966797,0,0,0,0,0,106276.04187011719,17715.109375,66510.40533447266,0.201904296875,33572028416,0,788389888,0
1,1762335366410,1800,1800,800,1801,1799,1799,1799,1800,11.111111640930176,0,19.047618865966797,0,0,0,0,0,106276.04382324219,17715.117797851563,66510.4066772461,0.201904296875,33572028416,0,788389888,0
0,1762335366411,1800,1800,800,1801,1799,1799,1799,1800,11.111111640930176,0,19.047618865966797,0,0,0,0,0,106276.04479980469,17715.1220703125,66510.40808105469,0.201904296875,33572028416,0,788389888,0
0,1762335366413,1800,1800,800,1801,1799,1799,1799,1800,11.111111640930176,0,19.047618865966797,0,0,0,0,0,106276.04583740234,17715.126525878906,66510.40942382813,0.201904296875,33572028416,0,788389888,0
0,1762335366414,1800,1800,800,1801,1799,1799,1799,1800,22.22222328186035,0,0,0,0,0,0,0,106276.04681396484,17715.130981445313,66510.41082763672,0.201904296875,33572028416,0,788389888,0
1,1762335366415,1800,1800,800,1801,1799,1799,1799,1800,22.22222328186035,0,0,0,0,0,0,0,106276.0478515625,17715.13543701172,66510.41204833984,0.201904296875,33572028416,0,788389888,0
1,1762335366416,1800,1800,800,1801,1799,1799,1799,1800,22.22222328186035,0,0,0,0,0,0,0,106276.048828125,17715.140014648438,66510.41381835938,0.201904296875,33572028416,0,788389888,0
1,1762335366417,1800,1800,800,1801,1799,1799,1799,1800,22.22222328186035,0,0,0,0,0,0,0,106276.0498046875,17715.14471435547,66510.41534423828,0.201904296875,33572028416,0,788389888,0
1,1762335366418,1800,1800,800,1801,1799,1799,1799,1800,22.22222328186035,0,0,0,0,0,0,0,106276.05078125,17715.14910888672,66510.41662597656,0.201904296875,33572028416,0,788389888,0
1,1762335366419,1800,1800,800,1801,1799,1799,1799,1800,22.22222328186035,0,0,0,0,0,0,0,106276.0517578125,17715.15362548828,66510.41796875,0.201904296875,33572028416,0,788389888,0
1,1762335366420,1800,1800,800,1801,1799,1799,1799,1800,22.22222328186035,0,0,0,0,0,0,0,106276.05279541016,17715.158081054688,66510.4193725586,0.201904296875,33572028416,0,788389888,0
1,1762335366421,1800,1800,800,1801,1799,1799,1799,1800,22.22222328186035,0,0,0,0,0,0,0,106276.05474853516,17715.162536621094,66510.42071533203,0.201904296875,33572028416,0,788389888,0
0,1762335366422,1800,1800,800,1801,1799,1799,1799,1800,22.22222328186035,0,0,0,0,0,0,0,106276.05572509766,17715.170837402344,66510.4223022461,0.201904296875,33572028416,0,788389888,0
0,1762335366424,1800,1800,800,1801,1799,1799,1799,1800,22.22222328186035,0,0,0,0,0,0,0,106276.05670166016,17715.175354003906,66510.42376708984,0.201904296875,33572028416,0,788389888,0
0,1762335366425,1800,1800,800,1801,1799,1799,1799,1800,22.22222328186035,0,0,0,0,0,0,0,106276.05773925781,17715.17987060547,66510.42498779297,0.201904296875,33572028416,0,788389888,0
1,1762335366426,1800,1800,800,1801,1799,1799,1799,1800,22.22222328186035,0,0,0,0,0,0,0,106276.05871582031,17715.184204101563,66510.4263305664,0.201904296875,33572028416,0,788389888,0
1,1762335366427,1800,1800,800,1801,1799,1799,1799,1800,22.22222328186035,0,0,0,0,0,0,0,106276.05969238281,17715.18865966797,66510.427734375,0.201904296875,33572028416,0,788389888,0
1,1762335366428,1800,1800,800,1801,1799,1799,1799,1800,22.22222328186035,0,0,0,0,0,0,0,106276.06066894531,17715.192932128906,66510.42883300781,0.201904296875,33572028416,0,788389888,0
1,1762335366429,1800,1800,800,1801,1799,1799,1799,1800,22.22222328186035,0,0,0,0,0,0,0,106276.06164550781,17715.197387695313,66510.43029785156,0.201904296875,33572028416,0,788389888,0
1,1762335366430,1800,1800,800,1801,1799,1799,1799,1800,22.22222328186035,0,0,0,0,0,0,0,106276.06262207031,17715.20184326172,66510.43182373047,0.201904296875,33572028416,0,788389888,0
1,1762335366431,1800,1800,800,1801,1799,1799,1799,1800,22.22222328186035,0,0,0,0,0,0,0,106276.06365966797,17715.206420898438,66510.4330444336,0.201904296875,33572028416,0,788389888,0
1,1762335366432,1800,1800,800,1801,1799,1799,1799,1800,22.22222328186035,0,0,0,0,0,0,0,106276.06561279297,17715.21502685547,66510.43463134766,0.201904296875,33572028416,0,788389888,0
0,1762335366433,1800,1800,800,1801,1799,1799,1799,1800,22.22222328186035,0,0,0,0,0,0,0,106276.06665039063,17715.21923828125,66510.43579101563,0.201904296875,33572028416,0,788389888,0
0,1762335366435,1800,1800,800,1801,1799,1799,1799,1800,22.22222328186035,0,0,0,0,0,0,0,106276.06756591797,17715.22344970703,66510.43713378906,0.201904296875,33572028416,0,788389888,0
0,1762335366436,1800,1800,800,1801,1799,1799,1799,1800,22.22222328186035,0,0,0,0,0,0,0,106276.06860351563,17715.22784423828,66510.43841552734,0.201904296875,33572028416,0,788389888,0
1,1762335366437,1800,1800,800,1801,1799,1799,1799,1800,22.22222328186035,0,0,0,0,0,0,0,106276.06964111328,17715.232360839844,66510.43969726563,0.201904296875,33572028416,0,788389888,0
1,1762335366438,1800,1800,800,1801,1799,1799,1799,1800,22.22222328186035,0,0,0,0,0,0,0,106276.07055664063,17715.23663330078,66510.44116210938,0.201904296875,33572028416,0,788389888,0
1,1762335366439,1800,1800,800,1801,1799,1799,1799,1800,22.22222328186035,0,0,0,0,0,0,0,106276.07159423828,17715.24139404297,66510.4428100586,0.201904296875,33572028416,0,788389888,0
1,1762335366440,1800,1800,800,1801,1799,1799,1799,1800,22.22222328186035,0,0,0,0,0,0,0,106276.07257080078,17715.24591064453,66510.44451904297,0.201904296875,33572028416,0,788389888,0
1,1762335366441,1800,1800,800,1801,1799,1799,1799,1800,22.22222328186035,0,0,0,0,0,0,0,106276.07354736328,17715.25067138672,66510.44580078125,0.201904296875,33572028416,0,788389888,0
1,1762335366442,1800,1800,800,1801,1799,1799,1799,1800,22.22222328186035,0,0,0,0,0,0,0,106276.07452392578,17715.254943847656,66510.44714355469,0.201904296875,33572028416,0,788389888,0
1,1762335366443,1800,1800,800,1801,1799,1799,1799,1800,22.22222328186035,0,0,0,0,0,0,0,106276.07653808594,17715.263549804688,66510.44842529297,0.201904296875,33572028416,0,788389888,0
0,1762335366444,1800,1800,800,1801,1799,1799,1799,1800,22.22222328186035,0,0,0,0,0,0,0,106276.07751464844,17715.267700195313,66510.44982910156,0.201904296875,33572028416,0,788389888,0
0,1762335366446,1800,1800,800,1801,1799,1799,1799,1800,22.22222328186035,0,0,0,0,0,0,0,106276.07849121094,17715.27215576172,66510.451171875,0.201904296875,33572028416,0,788389888,0
0,1762335366447,1800,1800,800,1801,1799,1799,1799,1800,22.22222328186035,0,0,0,0,0,0,0,106276.0795288086,17715.276428222656,66510.45227050781,0.201904296875,33572028416,0,788389888,0
1,1762335366448,1800,1800,800,1801,1799,1799,1799,1800,22.22222328186035,0,0,0,0,0,0,0,106276.0805053711,17715.280822753906,66510.45349121094,0.201904296875,33572028416,0,788389888,0
1,1762335366449,1800,1800,800,1801,1799,1799,1799,1800,22.22222328186035,0,0,0,0,0,0,0,106276.0814819336,17715.28515625,66510.45495605469,0.201904296875,33572028416,0,788389888,0
1,1762335366450,1800,1800,800,1801,1799,1799,1799,1800,22.22222328186035,0,0,0,0,0,0,0,106276.0824584961,17715.289611816406,66510.45617675781,0.201904296875,33572028416,0,788389888,0
1,1762335366451,1800,1800,800,1801,1799,1799,1799,1800,22.22222328186035,0,0,0,0,0,0,0,106276.0834350586,17715.29425048828,66510.45794677734,0.201904296875,33572028416,0,788389888,0
1,1762335366452,1800,1800,800,1801,1799,1799,1799,1800,22.22222328186035,0,0,0,0,0,0,0,106276.08447265625,17715.298950195313,66510.45928955078,0.201904296875,33572028416,0,788389888,0
1,1762335366453,1800,1800,800,1801,1799,1799,1799,1800,22.22222328186035,0,0,0,0,0,0,0,106276.08544921875,17715.303283691406,66510.46069335938,0.201904296875,33572028416,0,788389888,0
1,1762335366454,1800,1800,800,1801,1799,1799,1799,1800,22.22222328186035,0,0,0,0,0,0,0,106276.0864868164,17715.307739257813,66510.46203613281,0.201904296875,33572028416,0,788389888,0
0,1762335366455,1800,1800,800,1801,1799,1799,1799,1800,22.22222328186035,0,0,0,0,0,0,0,106276.08837890625,17715.315979003906,66510.46325683594,0.201904296875,33572028416,0,788389888,0
0,1762335366457,1800,1800,800,1801,1799,1799,1799,1800,22.22222328186035,0,0,0,0,0,0,0,106276.0894165039,17715.320434570313,66510.46459960938,0.201904296875,33572028416,0,788389888,0
0,1762335366458,1800,1800,800,1801,1799,1799,1799,1800,22.22222328186035,0,0,0,0,0,0,0,106276.0903930664,17715.32470703125,66510.46588134766,0.201904296875,33572028416,0,788389888,0
1,1762335366459,1800,1800,800,1801,1799,1799,1799,1800,22.22222328186035,0,0,0,0,0,0,0,106276.0913696289,17715.329162597656,66510.4673461914,0.201904296875,33572028416,0,788389888,0
1,1762335366460,1800,1800,800,1801,1799,1799,1799,1800,22.22222328186035,0,0,0,0,0,0,0,106276.0923461914,17715.333618164063,66510.46887207031,0.201904296875,33572028416,0,788389888,0
1,1762335366461,1800,1800,800,1801,1799,1799,1799,1800,22.22222328186035,0,0,0,0,0,0,0,106276.09338378906,17715.338439941406,66510.47052001953,0.201904296875,33572028416,0,788389888,0
1,1762335366462,1800,1800,800,1801,1799,1799,1799,1800,22.22222328186035,0,0,0,0,0,0,0,106276.09436035156,17715.34307861328,66510.47192382813,0.201904296875,33572028416,0,788389888,0
1,1762335366463,1800,1800,800,1801,1799,1799,1799,1800,22.22222328186035,0,0,0,0,0,0,0,106276.09533691406,17715.347595214844,66510.47332763672,0.201904296875,33572028416,0,788389888,0
1,1762335366464,1800,1800,800,1801,1799,1799,1799,1800,22.22222328186035,0,0,0,0,0,0,0,106276.09637451172,17715.35205078125,66510.474609375,0.201904296875,33572028416,0,788389888,0
1,1762335366465,1800,1800,800,1801,1799,1799,1799,1800,22.22222328186035,0,0,0,0,0,0,0,106276.09735107422,17715.356384277344,66510.47583007813,0.201904296875,33572028416,0,788389888,0
0,1762335366466,1800,1800,800,1801,1799,1799,1799,1800,22.22222328186035,0,0,0,0,0,0,0,106276.09930419922,17715.364624023438,66510.47729492188,0.201904296875,33572028416,0,788389888,0
0,1762335366468,1800,1800,800,1801,1799,1799,1799,1800,22.22222328186035,0,0,0,0,0,0,0,106276.10028076172,17715.369140625,66510.47875976563,0.201904296875,33572028416,0,788389888,0
0,1762335366469,1800,1800,800,1801,1799,1799,1799,1800,22.22222328186035,0,0,0,0,0,0,0,106276.10131835938,17715.373779296875,66510.48028564453,0.201904296875,33572028416,0,788389888,0
1,1762335366470,1800,1800,800,1801,1799,1799,1799,1800,22.22222328186035,0,0,0,0,0,0,0,106276.10229492188,17715.378356933594,66510.48162841797,0.201904296875,33572028416,0,788389888,0
1,1762335366471,1800,1800,800,1801,1799,1799,1799,1800,22.22222328186035,0,0,0,0,0,0,0,106276.10327148438,17715.382873535156,66510.48327636719,0.201904296875,33572028416,0,788389888,0
1,1762335366472,1800,1800,800,1801,1799,1799,1799,1800,22.22222328186035,0,0,0,0,0,0,0,106276.10424804688,17715.387451171875,66510.4848022461,0.201904296875,33572028416,0,788389888,0
1,1762335366473,1800,1800,800,1801,1799,1799,1799,1800,22.22222328186035,0,0,0,0,0,0,0,106276.10522460938,17715.392211914063,66510.48663330078,0.201904296875,33572028416,0,788389888,0
1,1762335366474,1800,1800,800,1801,1799,1799,1799,1800,22.22222328186035,0,0,0,0,0,0,0,106276.10626220703,17715.396850585938,66510.48797607422,0.201904296875,33572028416,0,788389888,0
1,1762335366475,1800,1800,800,1801,1799,1799,1799,1800,22.22222328186035,0,0,0,0,0,0,0,106276.10723876953,17715.4013671875,66510.48937988281,0.201904296875,33572028416,0,788389888,0
0,1762335366476,1800,1800,800,1801,1799,1799,1799,1800,22.22222328186035,0,0,0,0,0,0,0,106276.10919189453,17715.40966796875,66510.4906616211,0.201904296875,33572028416,0,788389888,0
0,1762335366477,1800,1800,800,1801,1799,1799,1799,1800,22.22222328186035,0,0,0,0,0,0,0,106276.11022949219,17715.414184570313,66510.49194335938,0.201904296875,33572028416,0,788389888,0
0,1762335366479,1800,1800,800,1801,1799,1799,1799,1800,22.22222328186035,0,0,0,0,0,0,0,106276.11120605469,17715.418579101563,66510.49334716797,0.201904296875,33572028416,0,788389888,0
0,1762335366480,1800,1800,800,1801,1799,1799,1799,1800,22.22222328186035,0,0,0,0,0,0,0,106276.11218261719,17715.422973632813,66510.49499511719,0.201904296875,33572028416,0,788389888,0
1,1762335366481,1800,1800,800,1801,1799,1799,1799,1800,22.22222328186035,0,0,0,0,0,0,0,106276.11315917969,17715.427795410156,66510.4965209961,0.201904296875,33572028416,0,788389888,0
1,1762335366482,1800,1800,800,1801,1799,1799,1799,1800,22.22222328186035,0,0,0,0,0,0,0,106276.11419677734,17715.43243408203,66510.49786376953,0.201904296875,33572028416,0,788389888,0
1,1762335366483,1800,1800,800,1801,1799,1799,1799,1800,22.22222328186035,0,0,0,0,0,0,0,106276.11511230469,17715.43682861328,66510.49938964844,0.201904296875,33572028416,0,788389888,0
1,1762335366484,1800,1800,800,1801,1799,1799,1799,1800,22.22222328186035,0,0,0,0,0,0,0,106276.11614990234,17715.441284179688,66510.50061035156,0.201904296875,33572028416,0,788389888,0
1,1762335366485,1800,1800,800,1801,1799,1799,1799,1800,22.22222328186035,0,0,0,0,0,0,0,106276.11712646484,17715.44580078125,66510.50207519531,0.201904296875,33572028416,0,788389888,0
1,1762335366486,1800,1800,800,1801,1799,1799,1799,1800,22.22222328186035,0,0,0,0,0,0,0,106276.1181640625,17715.450256347656,66510.50329589844,0.201904296875,33572028416,0,788389888,0
1,1762335366487,1800,1800,800,1801,1799,1799,1799,1800,22.22222328186035,0,0,0,0,0,0,0,106276.119140625,17715.454528808594,66510.5048828125,0.201904296875,33572028416,0,788389888,0
0,1762335366488,1800,1800,800,1801,1799,1799,1799,1800,22.22222328186035,0,0,0,0,0,0,0,106276.12115478516,17715.463317871094,66510.50622558594,0.201904296875,33572028416,0,788389888,0
0,1762335366490,1800,1800,800,1801,1799,1799,1799,1800,22.22222328186035,0,0,0,0,0,0,0,106276.12213134766,17715.467712402344,66510.50762939453,0.201904296875,33572028416,0,788389888,0
0,1762335366491,1800,1800,800,1801,1799,1799,1799,1800,22.22222328186035,0,0,0,0,0,0,0,106276.123046875,17715.47186279297,66510.50891113281,0.201904296875,33572028416,0,788389888,0
1,1762335366492,1800,1800,800,1801,1799,1799,1799,1800,22.22222328186035,0,0,0,0,0,0,0,106276.12408447266,17715.47625732422,66510.5101928711,0.201904296875,33572028416,0,788389888,0
1,1762335366493,1800,1800,800,1801,1799,1799,1799,1800,22.22222328186035,0,0,0,0,0,0,0,106276.12506103516,17715.480834960938,66510.51153564453,0.201904296875,33572028416,0,788389888,0
1,1762335366494,1800,1800,800,1801,1799,1799,1799,1800,22.22222328186035,0,0,0,0,0,0,0,106276.12603759766,17715.485107421875,66510.51281738281,0.201904296875,33572028416,0,788389888,0
1,1762335366495,1800,1800,800,1801,1799,1799,1799,1800,22.22222328186035,0,0,0,0,0,0,0,106276.12701416016,17715.48956298828,66510.51428222656,0.201904296875,33572028416,0,788389888,0
1,1762335366496,1800,1800,800,1801,1799,1799,1799,1800,22.22222328186035,0,0,0,0,0,0,0,106276.12805175781,17715.494079589844,66510.51568603516,0.201904296875,33572028416,0,788389888,0
1,1762335366497,1800,1800,800,1801,1799,1799,1799,1800,22.22222328186035,0,0,0,0,0,0,0,106276.12902832031,17715.49853515625,66510.51721191406,0.201904296875,33572028416,0,788389888,0
1,1762335366498,1800,1800,800,1801,1799,1799,1799,1800,22.22222328186035,0,0,0,0,0,0,0,106276.13000488281,17715.503051757813,66510.5185546875,0.201904296875,33572028416,0,788389888,0
0,1762335366499,1800,1800,800,1801,1799,1799,1799,1800,22.22222328186035,0,0,0,0,0,0,0,106276.13195800781,17715.51153564453,66510.52014160156,0.201904296875,33572028416,0,788389888,0
0,1762335366501,1800,1800,800,1801,1799,1799,1799,1800,22.22222328186035,0,0,0,0,0,0,0,106276.13299560547,17715.516174316406,66510.52160644531,0.201904296875,33572028416,0,788389888,0
0,1762335366502,1800,1800,800,1801,1799,1799,1799,1800,22.22222328186035,0,0,0,0,0,0,0,106276.13397216797,17715.520629882813,66510.52313232422,0.201904296875,33572028416,0,788389888,0
1,1762335366503,1800,1800,800,1801,1799,1799,1799,1800,22.22222328186035,0,0,0,0,0,0,0,106276.13494873047,17715.52520751953,66510.52453613281,0.201904296875,33572028416,0,788389888,0
1,1762335366504,1800,1800,800,1801,1799,1799,1799,1800,22.22222328186035,0,0,0,0,0,0,0,106276.13598632813,17715.529663085938,66510.52587890625,0.201904296875,33572028416,0,788389888,0
1,1762335366505,1800,1800,800,1801,1799,1799,1799,1800,22.22222328186035,0,0,0,0,0,0,0,106276.13696289063,17715.534057617188,66510.52709960938,0.201904296875,33572028416,0,788389888,0
1,1762335366506,1800,1800,800,1801,1799,1799,1799,1800,22.22222328186035,0,0,0,0,0,0,0,106276.13793945313,17715.538452148438,66510.52844238281,0.201904296875,33572028416,0,788389888,0
1,1762335366507,1800,1800,800,1801,1799,1799,1799,1800,22.22222328186035,0,0,0,0,0,0,0,106276.13897705078,17715.543029785156,66510.52990722656,0.201904296875,33572028416,0,788389888,0
1,1762335366508,1800,1800,800,1801,1799,1799,1799,1800,22.22222328186035,0,0,0,0,0,0,0,106276.13995361328,17715.547485351563,66510.53131103516,0.201904296875,33572028416,0,788389888,0
1,1762335366509,1800,1800,800,1801,1799,1799,1799,1800,22.22222328186035,0,0,0,0,0,0,0,106276.14190673828,17715.555908203125,66510.5326538086,0.201904296875,33572028416,0,788389888,0
0,1762335366510,1800,1800,800,1801,1799,1799,1799,1800,22.22222328186035,0,0,0,0,0,0,0,106276.14294433594,17715.56024169922,66510.53387451172,0.201904296875,33572028416,0,788389888,0
0,1762335366512,1800,1800,800,1801,1799,1799,1799,1800,22.22222328186035,0,0,0,0,0,0,0,106276.14385986328,17715.564331054688,66510.53515625,0.201904296875,33572028416,0,788389888,0
0,1762335366513,1800,1800,800,1801,1799,1799,1799,1800,22.22222328186035,0,0,0,0,0,0,0,106276.14489746094,17715.568786621094,66510.53643798828,0.201904296875,33572028416,0,788389888,0
1,1762335366514,1800,1800,800,1801,1799,1799,1799,1800,22.22222328186035,0,0,0,0,0,0,0,106276.14581298828,17715.572998046875,66510.5376586914,0.201904296875,33572028416,0,788389888,0
1,1762335366515,1800,1800,800,1801,1799,1799,1799,1800,22.22222328186035,0,0,0,0,0,0,0,106276.14685058594,17715.57745361328,66510.5390625,0.201904296875,33572028416,0,788389888,0
1,1762335366516,1800,1800,800,1801,1799,1799,1799,1800,22.22222328186035,0,0,0,0,0,0,0,106276.14782714844,17715.581970214844,66510.54052734375,0.201904296875,33572028416,0,788389888,0
1,1762335366517,1800,1800,800,1801,1799,1799,1799,1800,22.22222328186035,0,0,0,0,0,0,0,106276.14880371094,17715.58673095703,66510.54235839844,0.201904296875,33572028416,0,788389888,0
1,1762335366518,1800,1800,800,1801,1799,1799,1799,1800,22.22222328186035,0,0,0,0,0,0,0,106276.1498413086,17715.591369628906,66510.54364013672,0.201904296875,33572028416,0,788389888,0
1,1762335366519,1800,1800,800,1801,1799,1799,1799,1800,22.22222328186035,0,0,0,0,0,0,0,106276.1508178711,17715.59588623047,66510.54498291016,0.201904296875,33572028416,0,788389888,0
1,1762335366520,1800,1800,800,1801,1799,1799,1799,1800,22.22222328186035,0,0,0,0,0,0,0,106276.1517944336,17715.600036621094,66510.54626464844,0.201904296875,33572028416,0,788389888,0
0,1762335366521,1800,1800,800,1801,1799,1799,1799,1800,22.22222328186035,0,0,0,0,0,0,0,106276.1537475586,17715.608459472656,66510.54760742188,0.201904296875,33572028416,0,788389888,0
0,1762335366523,1800,1800,800,1801,1799,1799,1799,1800,22.22222328186035,0,0,0,0,0,0,0,106276.15478515625,17715.61279296875,66510.54876708984,0.201904296875,33572028416,0,788389888,0
0,1762335366524,1800,1800,800,1801,1799,1799,1799,1800,22.22222328186035,0,0,0,0,0,0,0,106276.15576171875,17715.617309570313,66510.55029296875,0.201904296875,33572028416,0,788389888,0
1,1762335366525,1800,1800,800,1801,1799,1799,1799,1800,22.22222328186035,0,0,0,0,0,0,0,106276.15673828125,17715.621704101563,66510.55200195313,0.201904296875,33572028416,0,788389888,0
1,1762335366526,1800,1800,800,1801,1799,1799,1799,1800,22.22222328186035,0,0,0,0,0,0,0,106276.15771484375,17715.626342773438,66510.5532836914,0.201904296875,33572028416,0,788389888,0
1,1762335366527,1800,1800,800,1801,1799,1799,1799,1800,22.22222328186035,0,0,0,0,0,0,0,106276.1587524414,17715.630859375,66510.55456542969,0.201904296875,33572028416,0,788389888,0
1,1762335366528,1800,1800,800,1801,1799,1799,1799,1800,22.22222328186035,0,0,0,0,0,0,0,106276.1597290039,17715.635375976563,66510.55596923828,0.201904296875,33572028416,0,788389888,0
1,1762335366529,1800,1800,800,1801,1799,1799,1799,1800,22.22222328186035,0,0,0,0,0,0,0,106276.1607055664,17715.63995361328,66510.55749511719,0.201904296875,33572028416,0,788389888,0
1,1762335366530,1800,1800,800,1801,1799,1799,1799,1800,22.22222328186035,0,0,0,0,0,0,0,106276.16174316406,17715.644409179688,66510.55883789063,0.201904296875,33572028416,0,788389888,0
1,1762335366531,1800,1800,800,1801,1799,1799,1799,1800,22.22222328186035,0,0,0,0,0,0,0,106276.16271972656,17715.648681640625,66510.56024169922,0.201904296875,33572028416,0,788389888,0
0,1762335366532,1800,1800,800,1801,1799,1799,1799,1800,22.22222328186035,0,0,0,0,0,0,0,106276.16467285156,17715.6572265625,66510.56146240234,0.201904296875,33572028416,0,788389888,0
0,1762335366534,1800,1800,800,1801,1799,1799,1799,1800,22.22222328186035,0,0,0,0,0,0,0,106276.16564941406,17715.66143798828,66510.56274414063,0.201904296875,33572028416,0,788389888,0
0,1762335366535,1800,1800,800,1801,1799,1799,1799,1800,22.22222328186035,0,0,0,0,0,0,0,106276.16668701172,17715.66583251953,66510.56408691406,0.201904296875,33572028416,0,788389888,0
1,1762335366536,1800,1800,800,1801,1799,1799,1799,1800,22.22222328186035,0,0,0,0,0,0,0,106276.16766357422,17715.670166015625,66510.56536865234,0.201904296875,33572028416,0,788389888,0
1,1762335366537,1800,1800,800,1801,1799,1799,1799,1800,22.22222328186035,0,0,0,0,0,0,0,106276.16864013672,17715.67462158203,66510.5669555664,0.201904296875,33572028416,0,788389888,0
1,1762335366538,1800,1800,800,1801,1799,1799,1799,1800,22.22222328186035,0,0,0,0,0,0,0,106276.16961669922,17715.67938232422,66510.56860351563,0.201904296875,33572028416,0,788389888,0
1,1762335366539,1800,1800,800,1801,1799,1799,1799,1800,22.22222328186035,0,0,0,0,0,0,0,106276.17059326172,17715.68389892578,66510.57000732422,0.201904296875,33572028416,0,788389888,0
1,1762335366540,1800,1800,800,1801,1799,1799,1799,1800,22.22222328186035,0,0,0,0,0,0,0,106276.17163085938,17715.688537597656,66510.57141113281,0.201904296875,33572028416,0,788389888,0
1,1762335366541,1800,1800,800,1801,1799,1799,1799,1800,22.22222328186035,0,0,0,0,0,0,0,106276.17260742188,17715.69287109375,66510.57275390625,0.201904296875,33572028416,0,788389888,0
1,1762335366542,1800,1800,800,1801,1799,1799,1799,1800,22.22222328186035,0,0,0,0,0,0,0,106276.17358398438,17715.697265625,66510.57391357422,0.201904296875,33572028416,0,788389888,0
0,1762335366543,1800,1800,800,1801,1799,1799,1799,1800,22.22222328186035,0,0,0,0,0,0,0,106276.17559814453,17715.705688476563,66510.57543945313,0.201904296875,33572028416,0,788389888,0
0,1762335366545,1800,1800,800,1801,1799,1799,1799,1800,22.22222328186035,0,0,0,0,0,0,0,106276.17657470703,17715.710083007813,66510.57684326172,0.201904296875,33572028416,0,788389888,0
0,1762335366546,1800,1800,800,1801,1799,1799,1799,1800,22.22222328186035,0,0,0,0,0,0,0,106276.17755126953,17715.714782714844,66510.57843017578,0.201904296875,33572028416,0,788389888,0
1,1762335366547,1800,1800,800,1801,1799,1799,1799,1800,22.22222328186035,0,0,0,0,0,0,0,106276.17858886719,17715.719360351563,66510.57983398438,0.201904296875,33572028416,0,788389888,0
1,1762335366548,1800,1800,800,1801,1799,1799,1799,1800,22.22222328186035,0,0,0,0,0,0,0,106276.17956542969,17715.72381591797,66510.58123779297,0.201904296875,33572028416,0,788389888,0
1,1762335366549,1800,1800,800,1801,1799,1799,1799,1800,22.22222328186035,0,0,0,0,0,0,0,106276.18054199219,17715.72833251953,66510.58264160156,0.201904296875,33572028416,0,788389888,0
1,1762335366550,1800,1800,800,1801,1799,1799,1799,1800,22.22222328186035,0,0,0,0,0,0,0,106276.18151855469,17715.732666015625,66510.58386230469,0.201904296875,33572028416,0,788389888,0
1,1762335366551,1800,1800,800,1801,1799,1799,1799,1800,22.22222328186035,0,0,0,0,0,0,0,106276.18249511719,17715.73712158203,66510.58544921875,0.201904296875,33572028416,0,788389888,0
1,1762335366552,1800,1800,800,1801,1799,1799,1799,1800,22.22222328186035,0,0,0,0,0,0,0,106276.18353271484,17715.741760253906,66510.58709716797,0.201904296875,33572028416,0,788389888,0
1,1762335366553,1800,1800,800,1801,1799,1799,1799,1800,22.22222328186035,0,0,0,0,0,0,0,106276.18548583984,17715.750366210938,66510.5883178711,0.201904296875,33572028416,0,788389888,0
0,1762335366554,1800,1800,800,1801,1799,1799,1799,1800,22.22222328186035,0,0,0,0,0,0,0,106276.18646240234,17715.754638671875,66510.58972167969,0.201904296875,33572028416,0,788389888,0
0,1762335366556,1800,1800,800,1801,1799,1799,1799,1800,22.22222328186035,0,0,0,0,0,0,0,106276.1875,17715.759033203125,66510.59106445313,0.201904296875,33572028416,0,788389888,0
0,1762335366557,1800,1800,800,1801,1799,1799,1799,1800,22.22222328186035,0,0,0,0,0,0,0,106276.18841552734,17715.76336669922,66510.59259033203,0.201904296875,33572028416,0,788389888,0
1,1762335366558,1800,1800,800,1801,1799,1799,1799,1800,22.22222328186035,0,0,0,0,0,0,0,106276.189453125,17715.768188476563,66510.5941772461,0.201904296875,33572028416,0,788389888,0
1,1762335366559,1800,1800,800,1801,1799,1799,1799,1800,22.22222328186035,0,0,0,0,0,0,0,106276.1904296875,17715.772705078125,66510.59558105469,0.201904296875,33572028416,0,788389888,0
1,1762335366560,1800,1800,800,1801,1799,1799,1799,1800,22.22222328186035,0,0,0,0,0,0,0,106276.19140625,17715.777282714844,66510.59716796875,0.201904296875,33572028416,0,788389888,0
1,1762335366561,1800,1800,800,1801,1799,1799,1799,1800,22.22222328186035,0,0,0,0,0,0,0,106276.19244384766,17715.78173828125,66510.59838867188,0.201904296875,33572028416,0,788389888,0
1,1762335366562,1800,1800,800,1801,1799,1799,1799,1800,22.22222328186035,0,0,0,0,0,0,0,106276.19342041016,17715.78631591797,66510.59991455078,0.201904296875,33572028416,0,788389888,0
1,1762335366563,1800,1800,800,1801,1799,1799,1799,1800,22.22222328186035,0,0,0,0,0,0,0,106276.19439697266,17715.790588378906,66510.60119628906,0.201904296875,33572028416,0,788389888,0
1,1762335366564,1800,1800,800,1801,1799,1799,1799,1800,22.22222328186035,0,0,0,0,0,0,0,106276.19537353516,17715.794860839844,66510.60260009766,0.201904296875,33572028416,0,788389888,0
0,1762335366565,1800,1800,800,1801,1799,1799,1799,1800,22.22222328186035,0,0,0,0,0,0,0,106276.19738769531,17715.803649902344,66510.60400390625,0.201904296875,33572028416,0,788389888,0
0,1762335366567,1800,1800,800,1801,1799,1799,1799,1800,22.22222328186035,0,0,0,0,0,0,0,106276.19836425781,17715.80810546875,66510.60546875,0.201904296875,33572028416,0,788389888,0
0,1762335366568,1800,1800,800,1801,1799,1799,1799,1800,22.22222328186035,0,0,0,0,0,0,0,106276.19934082031,17715.812377929688,66510.60675048828,0.201904296875,33572028416,0,788389888,0
1,1762335366569,1800,1800,800,1801,1799,1799,1799,1800,22.22222328186035,0,0,0,0,0,0,0,106276.20031738281,17715.816772460938,66510.60821533203,0.201904296875,33572028416,0,788389888,0
0,1762335366570,1800,1800,800,1801,1799,1799,1799,1800,22.22222328186035,0,0,0,0,0,0,0,106276.20135498047,17715.821411132813,66510.60955810547,0.201904296875,33572028416,0,788389888,0
0,1762335366571,1800,1800,800,1801,1799,1799,1799,1800,22.22222328186035,0,0,0,0,0,0,0,106276.20233154297,17715.82586669922,66510.61102294922,0.201904296875,33572028416,0,788389888,0
1,1762335366572,1800,1800,800,1801,1799,1799,1799,1800,22.22222328186035,0,0,0,0,0,0,0,106276.20330810547,17715.830688476563,66510.61260986328,0.201904296875,33572028416,0,788389888,0
1,1762335366573,1800,1800,800,1801,1799,1799,1799,1800,22.22222328186035,0,0,0,0,0,0,0,106276.20428466797,17715.83526611328,66510.61413574219,0.201904296875,33572028416,0,788389888,0
1,1762335366574,1800,1800,800,1801,1799,1799,1799,1800,22.22222328186035,0,0,0,0,0,0,0,106276.20526123047,17715.839599609375,66510.61560058594,0.201904296875,33572028416,0,788389888,0
1,1762335366575,1800,1800,800,1801,1799,1799,1799,1800,22.22222328186035,0,0,0,0,0,0,0,106276.20727539063,17715.848205566406,66510.61694335938,0.201904296875,33572028416,0,788389888,0
0,1762335366576,1800,1800,800,1801,1799,1799,1799,1800,22.22222328186035,0,0,0,0,0,0,0,106276.20825195313,17715.852416992188,66510.61822509766,0.201904296875,33572028416,0,788389888,0
0,1762335366578,1800,1800,800,1801,1799,1799,1799,1800,22.22222328186035,0,0,0,0,0,0,0,106276.20928955078,17715.85693359375,66510.61962890625,0.201904296875,33572028416,0,788389888,0
0,1762335366579,1800,1800,800,1801,1799,1799,1799,1800,22.22222328186035,0,0,0,0,0,0,0,106276.21026611328,17715.861328125,66510.62097167969,0.201904296875,33572028416,0,788389888,0
1,1762335366580,1800,1800,800,1801,1799,1799,1799,1800,22.22222328186035,0,0,0,0,0,0,0,106276.21124267578,17715.865661621094,66510.6224975586,0.201904296875,33572028416,0,788389888,0
1,1762335366581,1800,1800,800,1801,1799,1799,1799,1800,22.22222328186035,0,0,0,0,0,0,0,106276.21221923828,17715.870239257813,66510.62390136719,0.201904296875,33572028416,0,788389888,0
1,1762335366582,1800,1800,800,1801,1799,1799,1799,1800,22.22222328186035,0,0,0,0,0,0,0,106276.21319580078,17715.87469482422,66510.62530517578,0.201904296875,33572028416,0,788389888,0
1,1762335366583,1800,1800,800,1801,1799,1799,1799,1800,22.22222328186035,0,0,0,0,0,0,0,106276.21423339844,17715.879272460938,66510.62658691406,0.201904296875,33572028416,0,788389888,0
1,1762335366584,1800,1800,800,1801,1799,1799,1799,1800,22.22222328186035,0,0,0,0,0,0,0,106276.21520996094,17715.8837890625,66510.62799072266,0.201904296875,33572028416,0,788389888,0
1,1762335366585,1800,1800,800,1801,1799,1799,1799,1800,22.22222328186035,0,0,0,0,0,0,0,106276.21618652344,17715.888244628906,66510.62951660156,0.201904296875,33572028416,0,788389888,0
1,1762335366586,1800,1800,800,1801,1799,1799,1799,1800,22.22222328186035,0,0,0,0,0,0,0,106276.2182006836,17715.896911621094,66510.63092041016,0.201904296875,33572028416,0,788389888,0
0,1762335366587,1800,1800,800,1801,1799,1799,1799,1800,22.22222328186035,0,0,0,0,0,0,0,106276.21911621094,17715.90106201172,66510.63244628906,0.201904296875,33572028416,0,788389888,0
0,1762335366589,1800,1800,800,1801,1799,1799,1799,1800,22.22222328186035,0,0,0,0,0,0,0,106276.2201538086,17715.905639648438,66510.6337890625,0.201904296875,33572028416,0,788389888,0
0,1762335366590,1800,1800,800,1801,1799,1799,1799,1800,22.22222328186035,0,0,0,0,0,0,0,106276.2211303711,17715.90985107422,66510.63494873047,0.201904296875,33572028416,0,788389888,0
1,1762335366591,1800,1800,800,1801,1799,1799,1799,1800,22.22222328186035,0,0,0,0,0,0,0,106276.22216796875,17715.91424560547,66510.63610839844,0.201904296875,33572028416,0,788389888,0
1,1762335366592,1800,1800,800,1801,1799,1799,1799,1800,22.22222328186035,0,0,0,0,0,0,0,106276.22314453125,17715.91864013672,66510.63745117188,0.201904296875,33572028416,0,788389888,0
1,1762335366593,1800,1800,800,1801,1799,1799,1799,1800,22.22222328186035,0,0,0,0,0,0,0,106276.22412109375,17715.923095703125,66510.63879394531,0.201904296875,33572028416,0,788389888,0
1,1762335366594,1800,1800,800,1801,1799,1799,1799,1800,22.22222328186035,0,0,0,0,0,0,0,106276.22509765625,17715.927673339844,66510.64038085938,0.201904296875,33572028416,0,788389888,0
1,1762335366595,1800,1800,800,1801,1799,1799,1799,1800,22.22222328186035,0,0,0,0,0,0,0,106276.2261352539,17715.93231201172,66510.64184570313,0.201904296875,33572028416,0,788389888,0
1,1762335366596,1800,1800,800,1801,1799,1799,1799,1800,22.22222328186035,0,0,0,0,0,0,0,106276.2271118164,17715.93670654297,66510.64318847656,0.201904296875,33572028416,0,788389888,0
1,1762335366597,1800,1800,800,1801,1799,1799,1799,1800,22.22222328186035,0,0,0,0,0,0,0,106276.2290649414,17715.94512939453,66510.64459228516,0.201904296875,33572028416,0,788389888,0
0,1762335366598,1800,1800,800,1801,1799,1799,1799,1800,22.22222328186035,0,0,0,0,0,0,0,106276.2300415039,17715.94952392578,66510.64587402344,0.201904296875,33572028416,0,788389888,0
0,1762335366600,1800,1800,800,1801,1799,1799,1799,1800,22.22222328186035,0,0,0,0,0,0,0,106276.23107910156,17715.953857421875,66510.64721679688,0.201904296875,33572028416,0,788389888,0
0,1762335366601,1800,1800,800,1801,1799,1799,1799,1800,22.22222328186035,0,0,0,0,0,0,0,106276.23205566406,17715.958129882813,66510.64849853516,0.201904296875,33572028416,0,788389888,0
1,1762335366602,1800,1800,800,1801,1799,1799,1799,1800,22.22222328186035,0,0,0,0,0,0,0,106276.23303222656,17715.962524414063,66510.65002441406,0.201904296875,33572028416,0,788389888,0
1,1762335366603,1800,1800,800,1801,1799,1799,1799,1800,22.22222328186035,0,0,0,0,0,0,0,106276.23400878906,17715.967224121094,66510.65155029297,0.201904296875,33572028416,0,788389888,0
1,1762335366604,1800,1800,800,1801,1799,1799,1799,1800,22.22222328186035,0,0,0,0,0,0,0,106276.23498535156,17715.971740722656,66510.65307617188,0.201904296875,33572028416,0,788389888,0
1,1762335366605,1800,1800,800,1801,1799,1799,1799,1800,22.22222328186035,0,0,0,0,0,0,0,106276.23602294922,17715.976440429688,66510.65447998047,0.201904296875,33572028416,0,788389888,0
1,1762335366606,1800,1800,800,1801,1799,1799,1799,1800,22.22222328186035,0,0,0,0,0,0,0,106276.23699951172,17715.981079101563,66510.65588378906,0.201904296875,33572028416,0,788389888,0
1,1762335366607,1800,1800,800,1801,1799,1799,1799,1800,22.22222328186035,0,0,0,0,0,0,0,106276.23797607422,17715.985290527344,66510.65734863281,0.201904296875,33572028416,0,788389888,0
1,1762335366608,1800,1800,800,1801,1799,1799,1799,1800,22.22222328186035,0,0,0,0,0,0,0,106276.23895263672,17715.989624023438,66510.65869140625,0.201904296875,33572028416,0,788389888,0
0,1762335366609,1800,1800,800,1801,1799,1799,1799,1800,22.22222328186035,0,0,0,0,0,0,0,106276.24096679688,17715.998168945313,66510.65997314453,0.201904296875,33572028416,0,788389888,0
0,1762335366611,1800,1800,800,1801,1799,1799,1799,1800,22.22222328186035,0,0,0,0,0,0,0,106276.24194335938,17716.00244140625,66510.66125488281,0.201904296875,33572028416,0,788389888,0
0,1762335366612,1800,1800,800,1801,1799,1799,1799,1800,22.22222328186035,0,0,0,0,0,0,0,106276.24291992188,17716.0068359375,66510.66247558594,0.201904296875,33572028416,0,788389888,0
1,1762335366613,1800,1800,800,1801,1799,1799,1799,1800,22.22222328186035,0,0,0,0,0,0,0,106276.24389648438,17716.011169433594,66510.66375732422,0.201904296875,33572028416,0,788389888,0
1,1762335366614,1800,1800,800,1801,1799,1799,1799,1800,25,0,0,0,0,0,0,0,106276.24487304688,17716.015625,66510.66534423828,0.201904296875,33572028416,0,788389888,0
1,1762335366615,1800,1800,800,1801,1799,1799,1799,1800,25,0,0,0,0,0,0,0,106276.24591064453,17716.02032470703,66510.66693115234,0.201904296875,33572028416,0,788389888,0
1,1762335366616,1800,1800,800,1801,1799,1799,1799,1800,25,0,0,0,0,0,0,0,106276.24688720703,17716.02508544922,66510.6685180664,0.201904296875,33572028416,0,788389888,0
1,1762335366617,1800,1800,800,1801,1799,1799,1799,1800,25,0,0,0,0,0,0,0,106276.24792480469,17716.029724121094,66510.66986083984,0.201904296875,33572028416,0,788389888,0
1,1762335366618,1800,1800,800,1801,1799,1799,1799,1800,25,0,0,0,0,0,0,0,106276.24890136719,17716.034118652344,66510.6713256836,0.201904296875,33572028416,0,788389888,0
1,1762335366619,1800,1800,800,1801,1799,1799,1799,1800,25,0,0,0,0,0,0,0,106276.25085449219,17716.03826904297,66510.67236328125,0.201904296875,33572028416,0,788389888,0
0,1762335366620,1800,1800,800,1801,1799,1799,1799,1800,25,0,0,0,0,0,0,0,106276.25183105469,17716.046813964844,66510.673828125,0.201904296875,33572028416,0,788389888,0
0,1762335366622,1800,1800,800,1801,1799,1799,1799,1800,25,0,0,0,0,0,0,0,106276.25280761719,17716.05096435547,66510.67510986328,0.201904296875,33572028416,0,788389888,0
0,1762335366623,1800,1800,800,1801,1799,1799,1799,1800,25,0,0,0,0,0,0,0,106276.25384521484,17716.0556640625,66510.67681884766,0.201904296875,33572028416,0,788389888,0
1,1762335366624,1800,1800,800,1801,1799,1799,1799,1800,25,0,0,0,0,0,0,0,106276.25482177734,17716.060180664063,66510.67840576172,0.201904296875,33572028416,0,788389888,0
1,1762335366625,1800,1800,800,1801,1799,1799,1799,1800,25,0,0,0,0,0,0,0,106276.25579833984,17716.06494140625,66510.67980957031,0.201904296875,33572028416,0,788389888,0
1,1762335366626,1800,1800,800,1801,1799,1799,1799,1800,25,0,0,0,0,0,0,0,106276.2568359375,17716.069458007813,66510.6812133789,0.201904296875,33572028416,0,788389888,0
1,1762335366627,1800,1800,800,1801,1799,1799,1799,1800,25,0,0,0,0,0,0,0,106276.2578125,17716.07391357422,66510.68243408203,0.201904296875,33572028416,0,788389888,0
1,1762335366628,1800,1800,800,1801,1799,1799,1799,1800,25,0,0,0,0,0,0,0,106276.2587890625,17716.07830810547,66510.68377685547,0.201904296875,33572028416,0,788389888,0
1,1762335366629,1800,1800,800,1801,1799,1799,1799,1800,25,0,0,0,0,0,0,0,106276.259765625,17716.08270263672,66510.68524169922,0.201904296875,33572028416,0,788389888,0
1,1762335366630,1800,1800,800,1801,1799,1799,1799,1800,25,0,0,0,0,0,0,0,106276.26177978516,17716.091247558594,66510.6865234375,0.201904296875,33572028416,0,788389888,0
0,1762335366631,1800,1800,800,1801,1799,1799,1799,1800,25,0,0,0,0,0,0,0,106276.26275634766,17716.095642089844,66510.68811035156,0.201904296875,33572028416,0,788389888,0
0,1762335366633,1800,1800,800,1801,1799,1799,1799,1800,25,0,0,0,0,0,0,0,106276.26373291016,17716.099975585938,66510.689453125,0.201904296875,33572028416,0,788389888,0
0,1762335366634,1800,1800,800,1801,1799,1799,1799,1800,25,0,0,0,0,0,0,0,106276.26470947266,17716.104248046875,66510.69067382813,0.201904296875,33572028416,0,788389888,0
1,1762335366635,1800,1800,800,1801,1799,1799,1799,1800,25,0,0,0,0,0,0,0,106276.26568603516,17716.108947753906,66510.69244384766,0.201904296875,33572028416,0,788389888,0
1,1762335366636,1800,1800,800,1801,1799,1799,1799,1800,25,0,0,0,0,0,0,0,106276.26666259766,17716.11346435547,66510.69384765625,0.201904296875,33572028416,0,788389888,0
1,1762335366637,1800,1800,800,1801,1799,1799,1799,1800,25,0,0,0,0,0,0,0,106276.26770019531,17716.118225097656,66510.69549560547,0.201904296875,33572028416,0,788389888,0
1,1762335366638,1800,1800,800,1801,1799,1799,1799,1800,25,0,0,0,0,0,0,0,106276.26867675781,17716.122802734375,66510.69677734375,0.201904296875,33572028416,0,788389888,0
1,1762335366639,1800,1800,800,1801,1799,1799,1799,1800,25,0,0,0,0,0,0,0,106276.26965332031,17716.12725830078,66510.69818115234,0.201904296875,33572028416,0,788389888,0
1,1762335366640,1800,1800,800,1801,1799,1799,1799,1800,25,0,0,0,0,0,0,0,106276.27062988281,17716.131591796875,66510.69952392578,0.201904296875,33572028416,0,788389888,0
1,1762335366641,1800,1800,800,1801,1799,1799,1799,1800,25,0,0,0,0,0,0,0,106276.27166748047,17716.135986328125,66510.70080566406,0.201904296875,33572028416,0,788389888,0
0,1762335366642,1800,1800,800,1801,1799,1799,1799,1800,25,0,0,0,0,0,0,0,106276.27362060547,17716.144409179688,66510.70233154297,0.201904296875,33572028416,0,788389888,0
0,1762335366644,1800,1800,800,1801,1799,1799,1799,1800,25,0,0,0,0,0,0,0,106276.27465820313,17716.149047851563,66510.70385742188,0.201904296875,33572028416,0,788389888,0
0,1762335366645,1800,1800,800,1801,1799,1799,1799,1800,25,0,0,0,0,0,0,0,106276.27563476563,17716.153442382813,66510.70520019531,0.201904296875,33572028416,0,788389888,0
1,1762335366646,1800,1800,800,1801,1799,1799,1799,1800,25,0,0,0,0,0,0,0,106276.27661132813,17716.157958984375,66510.70672607422,0.201904296875,33572028416,0,788389888,0
1,1762335366647,1800,1800,800,1801,1799,1799,1799,1800,25,0,0,0,0,0,0,0,106276.27758789063,17716.16259765625,66510.70806884766,0.201904296875,33572028416,0,788389888,0
1,1762335366648,1800,1800,800,1801,1799,1799,1799,1800,25,0,0,0,0,0,0,0,106276.27856445313,17716.1669921875,66510.70928955078,0.201904296875,33572028416,0,788389888,0
1,1762335366649,1800,1800,800,1801,1799,1799,1799,1800,25,0,0,0,0,0,0,0,106276.27960205078,17716.17138671875,66510.71057128906,0.201904296875,33572028416,0,788389888,0
1,1762335366650,1800,1800,800,1801,1799,1799,1799,1800,25,0,0,0,0,0,0,0,106276.28057861328,17716.175903320313,66510.71215820313,0.201904296875,33572028416,0,788389888,0
1,1762335366651,1800,1800,800,1801,1799,1799,1799,1800,25,0,0,0,0,0,0,0,106276.28155517578,17716.180541992188,66510.71362304688,0.201904296875,33572028416,0,788389888,0
1,1762335366652,1800,1800,800,1801,1799,1799,1799,1800,25,0,0,0,0,0,0,0,106276.28253173828,17716.184692382813,66510.71502685547,0.201904296875,33572028416,0,788389888,0
0,1762335366653,1800,1800,800,1801,1799,1799,1799,1800,25,0,0,0,0,0,0,0,106276.28454589844,17716.193237304688,66510.7163696289,0.201904296875,33572028416,0,788389888,0
0,1762335366655,1800,1800,800,1801,1799,1799,1799,1800,25,0,0,0,0,0,0,0,106276.28552246094,17716.197692871094,66510.71771240234,0.201904296875,33572028416,0,788389888,0
0,1762335366656,1800,1800,800,1801,1799,1799,1799,1800,25,0,0,0,0,0,0,0,106276.28649902344,17716.2021484375,66510.71899414063,0.201904296875,33572028416,0,788389888,0
1,1762335366657,1800,1800,800,1801,1799,1799,1799,1800,25,0,0,0,0,0,0,0,106276.28747558594,17716.20635986328,66510.72021484375,0.201904296875,33572028416,0,788389888,0
1,1762335366658,1800,1800,800,1801,1799,1799,1799,1800,25,0,0,0,0,0,0,0,106276.2885131836,17716.210876464844,66510.72155761719,0.201904296875,33572028416,0,788389888,0
1,1762335366659,1800,1800,800,1801,1799,1799,1799,1800,25,0,0,0,0,0,0,0,106276.2894897461,17716.21551513672,66510.72314453125,0.201904296875,33572028416,0,788389888,0
1,1762335366660,1800,1800,800,1801,1799,1799,1799,1800,25,0,0,0,0,0,0,0,106276.2904663086,17716.219970703125,66510.72491455078,0.201904296875,33572028416,0,788389888,0
1,1762335366661,1800,1800,800,1801,1799,1799,1799,1800,25,0,0,0,0,0,0,0,106276.2914428711,17716.22479248047,66510.72625732422,0.201904296875,33572028416,0,788389888,0
1,1762335366662,1800,1800,800,1801,1799,1799,1799,1800,25,0,0,0,0,0,0,0,106276.29248046875,17716.22918701172,66510.72869873047,0.201904296875,33572028416,0,788389888,0
1,1762335366663,1800,1800,800,1801,1799,1799,1799,1800,25,0,0,0,0,0,0,0,106276.2944946289,17716.240356445313,66510.73156738281,0.201904296875,33572028416,0,788389888,0
0,1762335366664,1800,1800,800,1801,1799,1799,1799,1800,25,0,0,0,0,0,0,0,106276.29553222656,17716.245849609375,66510.73413085938,0.201904296875,33572028416,0,788389888,0
0,1762335366666,1800,1800,800,1801,1799,1799,1799,1800,25,0,0,0,0,0,0,0,106276.2964477539,17716.251037597656,66510.73669433594,0.201904296875,33572028416,0,788389888,0
0,1762335366667,1800,1800,800,1801,1799,1799,1799,1800,25,0,0,0,0,0,0,0,106276.29748535156,17716.256591796875,66510.7392578125,0.201904296875,33572028416,0,788389888,0
1,1762335366668,1800,1800,800,1801,1799,1799,1799,1800,25,0,0,0,0,0,0,0,106276.29846191406,17716.26220703125,66510.74200439453,0.201904296875,33572028416,0,788389888,0
1,1762335366669,1800,1800,800,1801,1799,1799,1799,1800,25,0,0,0,0,0,0,0,106276.29949951172,17716.26776123047,66510.74462890625,0.201904296875,33572028416,0,788389888,0
1,1762335366670,1800,1800,800,1801,1799,1799,1799,1800,25,0,0,0,0,0,0,0,106276.30047607422,17716.273498535156,66510.7470703125,0.201904296875,33572028416,0,788389888,0
1,1762335366671,1800,1800,800,1801,1799,1799,1799,1800,25,0,0,0,0,0,0,0,106276.30151367188,17716.2783203125,66510.74896240234,0.201904296875,33572028416,0,788389888,0
0,1762335366672,1800,1800,800,1801,1799,1799,1799,1800,25,0,0,0,0,0,0,0,106276.30249023438,17716.283325195313,66510.75073242188,0.201904296875,33572028416,0,788389888,0
1,1762335366673,1800,1800,800,1801,1799,1799,1799,1800,25,0,0,0,0,0,0,0,106276.30352783203,17716.2880859375,66510.7529296875,0.201904296875,33572028416,0,788389888,0
0,1762335366674,1800,1800,800,1801,1799,1799,1799,1800,25,0,0,0,0,0,0,0,106276.30548095703,17716.29766845703,66510.75476074219,0.201904296875,33572028416,0,788389888,0
0,1762335366675,1800,1800,800,1801,1799,1799,1799,1800,25,0,0,0,0,0,0,0,106276.30651855469,17716.302856445313,66510.75708007813,0.201904296875,33572028416,0,788389888,0
0,1762335366676,1800,1800,800,1801,1799,1799,1799,1800,25,0,0,0,0,0,0,0,106276.30749511719,17716.3076171875,66510.75885009766,0.201904296875,33572028416,0,788389888,0
0,1762335366678,1800,1800,800,1801,1799,1799,1799,1800,25,0,0,0,0,0,0,0,106276.30853271484,17716.31298828125,66510.76110839844,0.201904296875,33572028416,0,788389888,0
0,1762335366679,1800,1800,800,1801,1799,1799,1799,1800,25,0,0,0,0,0,0,0,106276.30950927734,17716.318359375,66510.76379394531,0.201904296875,33572028416,0,788389888,0
0,1762335366680,1800,1800,800,1801,1799,1799,1799,1800,25,0,0,0,0,0,0,0,106276.310546875,17716.323669433594,66510.76593017578,0.201904296875,33572028416,0,788389888,0
1,1762335366681,1800,1800,800,1801,1799,1799,1799,1800,25,0,0,0,0,0,0,0,106276.31146240234,17716.328735351563,66510.76794433594,0.201904296875,33572028416,0,788389888,0
1,1762335366682,1800,1800,800,1801,1799,1799,1799,1800,25,0,0,0,0,0,0,0,106276.3125,17716.33380126953,66510.77014160156,0.201904296875,33572028416,0,788389888,0
0,1762335366683,1800,1800,800,1801,1799,1799,1799,1800,25,0,0,0,0,0,0,0,106276.3134765625,17716.339233398438,66510.77233886719,0.201904296875,33572028416,0,788389888,0
0,1762335366684,1800,1800,800,1801,1799,1799,1799,1800,25,0,0,0,0,0,0,0,106276.31451416016,17716.34423828125,66510.77404785156,0.201904296875,33572028416,0,788389888,0
0,1762335366685,1800,1800,800,1801,1799,1799,1799,1800,25,0,0,0,0,0,0,0,106276.31555175781,17716.349060058594,66510.77600097656,0.201904296875,33572028416,0,788389888,0
1,1762335366686,1800,1800,800,1801,1799,1799,1799,1800,25,0,0,0,0,0,0,0,106276.31652832031,17716.354125976563,66510.77819824219,0.201904296875,33572028416,0,788389888,0
0,1762335366687,1800,1800,800,1801,1799,1799,1799,1800,25,0,0,0,0,0,0,0,106276.31854248047,17716.36395263672,66510.78045654297,0.201904296875,33572028416,0,788389888,0
0,1762335366688,1800,1800,800,1801,1799,1799,1799,1800,25,0,0,0,0,0,0,0,106276.31958007813,17716.36962890625,66510.7826538086,0.201904296875,33572028416,0,788389888,0
0,1762335366689,1800,1800,800,1801,1799,1799,1799,1800,25,0,0,0,0,0,0,0,106276.32049560547,17716.374633789063,66510.78515625,0.201904296875,33572028416,0,788389888,0
0,1762335366690,1800,1800,800,1801,1799,1799,1799,1800,25,0,0,0,0,0,0,0,106276.32153320313,17716.380310058594,66510.78741455078,0.201904296875,33572028416,0,788389888,0
0,1762335366692,1800,1800,800,1801,1799,1799,1799,1800,25,0,0,0,0,0,0,0,106276.32250976563,17716.385620117188,66510.7900390625,0.201904296875,33572028416,0,788389888,0
0,1762335366693,1800,1800,800,1801,1799,1799,1799,1800,25,0,0,0,0,0,0,0,106276.32354736328,17716.39111328125,66510.79248046875,0.201904296875,33572028416,0,788389888,0
0,1762335366694,1800,1800,800,1801,1799,1799,1799,1800,25,0,0,0,0,0,0,0,106276.32458496094,17716.396606445313,66510.79516601563,0.201904296875,33572028416,0,788389888,0
1,1762335366695,1800,1800,800,1801,1799,1799,1799,1800,25,0,0,0,0,0,0,0,106276.32556152344,17716.40203857422,66510.79748535156,0.201904296875,33572028416,0,788389888,0
1,1762335366696,1800,1800,800,1801,1799,1799,1799,1800,25,0,0,0,0,0,0,0,106276.32653808594,17716.407348632813,66510.79974365234,0.201904296875,33572028416,0,788389888,0
1,1762335366697,1800,1800,800,1801,1799,1799,1799,1800,25,0,0,0,0,0,0,0,106276.32751464844,17716.41259765625,66510.80181884766,0.201904296875,33572028416,0,788389888,0
1,1762335366698,1800,1800,800,1801,1799,1799,1799,1800,25,0,0,0,0,0,0,0,106276.3285522461,17716.41778564453,66510.80389404297,0.201904296875,33572028416,0,788389888,0
1,1762335366699,1800,1800,800,1801,1799,1799,1799,1800,25,0,0,0,0,0,0,0,106276.3295288086,17716.422729492188,66510.80572509766,0.201904296875,33572028416,0,788389888,0
0,1762335366700,1800,1800,800,1801,1799,1799,1799,1800,25,0,0,0,0,0,0,0,106276.3314819336,17716.431762695313,66510.80773925781,0.201904296875,33572028416,0,788389888,0
0,1762335366701,1800,1800,800,1801,1799,1799,1799,1800,25,0,0,0,0,0,0,0,106276.33251953125,17716.437438964844,66510.81018066406,0.201904296875,33572028416,0,788389888,0
0,1762335366702,1800,1800,800,1801,1799,1799,1799,1800,25,0,0,0,0,0,0,0,106276.33349609375,17716.442443847656,66510.81219482422,0.201904296875,33572028416,0,788389888,0
0,1762335366703,1800,1800,800,1801,1799,1799,1799,1800,25,0,0,0,0,0,0,0,106276.3345336914,17716.447814941406,66510.81457519531,0.201904296875,33572028416,0,788389888,0
0,1762335366705,1800,1800,800,1801,1799,1799,1799,1800,25,0,0,0,0,0,0,0,106276.3355102539,17716.453002929688,66510.8168334961,0.201904296875,33572028416,0,788389888,0
0,1762335366706,1800,1800,800,1801,1799,1799,1799,1800,25,0,0,0,0,0,0,0,106276.33654785156,17716.458557128906,66510.81951904297,0.201904296875,33572028416,0,788389888,0
0,1762335366707,1800,1800,800,1801,1799,1799,1799,1800,25,0,0,0,0,0,0,0,106276.33752441406,17716.464111328125,66510.82220458984,0.201904296875,33572028416,0,788389888,0
1,1762335366708,1800,1800,800,1801,1799,1799,1799,1800,25,0,0,0,0,0,0,0,106276.33850097656,17716.469787597656,66510.8247680664,0.201904296875,33572028416,0,788389888,0
1,1762335366709,1800,1800,800,1801,1799,1799,1799,1800,25,0,0,0,0,0,0,0,106276.33953857422,17716.475219726563,66510.82702636719,0.201904296875,33572028416,0,788389888,0
1,1762335366710,1800,1800,800,1801,1799,1799,1799,1800,25,0,0,0,0,0,0,0,106276.34051513672,17716.48046875,66510.8291015625,0.201904296875,33572028416,0,788389888,0
1,1762335366711,1800,1800,800,1801,1799,1799,1799,1800,25,0,0,0,0,0,0,0,106276.34149169922,17716.4853515625,66510.83099365234,0.201904296875,33572028416,0,788389888,0
1,1762335366712,1800,1800,800,1801,1799,1799,1799,1800,25,0,0,0,0,0,0,0,106276.34252929688,17716.490295410156,66510.83270263672,0.201904296875,33572028416,0,788389888,0
0,1762335366713,1800,1800,800,1801,1799,1799,1799,1800,25,0,0,0,0,0,0,0,106276.34448242188,17716.499450683594,66510.83477783203,0.201904296875,33572028416,0,788389888,0
0,1762335366714,1800,1800,800,1801,1799,1799,1799,1800,25,0,0,0,0,0,0,0,106276.34552001953,17716.5048828125,66510.83709716797,0.201904296875,33572028416,0,788389888,0
0,1762335366715,1800,1800,800,1801,1799,1799,1799,1800,25,0,0,0,0,0,0,0,106276.34649658203,17716.51007080078,66510.83911132813,0.201904296875,33572028416,0,788389888,0
0,1762335366716,1800,1800,800,1801,1799,1799,1799,1800,25,0,0,0,0,0,0,0,106276.34747314453,17716.515258789063,66510.84149169922,0.201904296875,33572028416,0,788389888,0
0,1762335366718,1800,1800,800,1801,1799,1799,1799,1800,25,0,0,0,0,0,0,0,106276.34851074219,17716.52081298828,66510.84405517578,0.201904296875,33572028416,0,788389888,0
0,1762335366719,1800,1800,800,1801,1799,1799,1799,1800,25,0,0,0,0,0,0,0,106276.34948730469,17716.52618408203,66510.84655761719,0.201904296875,33572028416,0,788389888,0
0,1762335366720,1800,1800,800,1801,1799,1799,1799,1800,25,0,0,0,0,0,0,0,106276.35052490234,17716.531799316406,66510.84912109375,0.201904296875,33572028416,0,788389888,0
1,1762335366721,1800,1800,800,1801,1799,1799,1799,1800,25,0,0,0,0,0,0,0,106276.35150146484,17716.537170410156,66510.8515625,0.201904296875,33572028416,0,788389888,0
1,1762335366722,1800,1800,800,1801,1799,1799,1799,1800,25,0,0,0,0,0,0,0,106276.35247802734,17716.54266357422,66510.8539428711,0.201904296875,33572028416,0,788389888,0
1,1762335366723,1800,1800,800,1801,1799,1799,1799,1800,25,0,0,0,0,0,0,0,106276.353515625,17716.547973632813,66510.8558959961,0.201904296875,33572028416,0,788389888,0
1,1762335366724,1800,1800,800,1801,1799,1799,1799,1800,25,0,0,0,0,0,0,0,106276.3544921875,17716.552673339844,66510.85772705078,0.201904296875,33572028416,0,788389888,0
0,1762335366725,1800,1800,800,1801,1799,1799,1799,1800,25,0,0,0,0,0,0,0,106276.35546875,17716.557739257813,66510.85949707031,0.201904296875,33572028416,0,788389888,0
1,1762335366726,1800,1800,800,1801,1799,1799,1799,1800,25,0,0,0,0,0,0,0,106276.35650634766,17716.562377929688,66510.861328125,0.201904296875,33572028416,0,788389888,0
1,1762335366727,1800,1800,800,1801,1799,1799,1799,1800,25,0,0,0,0,0,0,0,106276.35748291016,17716.566955566406,66510.86254882813,0.201904296875,33572028416,0,788389888,0
0,1762335366728,1800,1800,800,1801,1799,1799,1799,1800,25,0,0,0,0,0,0,0,106276.35949707031,17716.575561523438,66510.86395263672,0.201904296875,33572028416,0,788389888,0
0,1762335366730,1800,1800,800,1801,1799,1799,1799,1800,25,0,0,0,0,0,0,0,106276.36047363281,17716.579956054688,66510.86541748047,0.201904296875,33572028416,0,788389888,0
0,1762335366731,1800,1800,800,1801,1799,1799,1799,1800,25,0,0,0,0,0,0,0,106276.36145019531,17716.58447265625,66510.86688232422,0.201904296875,33572028416,0,788389888,0
0,1762335366732,1800,1800,800,1801,1799,1799,1799,1800,25,0,0,0,0,0,0,0,106276.36242675781,17716.588928222656,66510.86834716797,0.201904296875,33572028416,0,788389888,0
1,1762335366733,1800,1800,800,1801,1799,1799,1799,1800,25,0,0,0,0,0,0,0,106276.36346435547,17716.59344482422,66510.86962890625,0.201904296875,33572028416,0,788389888,0
1,1762335366734,1800,1800,800,1801,1799,1799,1799,1800,25,0,0,0,0,0,0,0,106276.36437988281,17716.597717285156,66510.87078857422,0.201904296875,33572028416,0,788389888,0
1,1762335366735,1800,1800,800,1801,1799,1799,1799,1800,25,0,0,0,0,0,0,0,106276.36541748047,17716.602294921875,66510.87219238281,0.201904296875,33572028416,0,788389888,0
1,1762335366736,1800,1800,800,1801,1799,1799,1799,1800,25,0,0,0,0,0,0,0,106276.36639404297,17716.606689453125,66510.87365722656,0.201904296875,33572028416,0,788389888,0
1,1762335366737,1800,1800,800,1801,1799,1799,1799,1800,25,0,0,0,0,0,0,0,106276.36737060547,17716.61114501953,66510.87524414063,0.201904296875,33572028416,0,788389888,0
1,1762335366738,1800,1800,800,1801,1799,1799,1799,1800,25,0,0,0,0,0,0,0,106276.36834716797,17716.615478515625,66510.87683105469,0.201904296875,33572028416,0,788389888,0
0,1762335366739,1800,1800,800,1801,1799,1799,1799,1800,25,0,0,0,0,0,0,0,106276.37036132813,17716.62432861328,66510.87805175781,0.201904296875,33572028416,0,788389888,0
0,1762335366741,1800,1800,800,1801,1799,1799,1799,1800,25,0,0,0,0,0,0,0,106276.37133789063,17716.62860107422,66510.87951660156,0.201904296875,33572028416,0,788389888,0
0,1762335366742,1800,1800,800,1801,1799,1799,1799,1800,25,0,0,0,0,0,0,0,106276.37231445313,17716.63311767578,66510.880859375,0.201904296875,33572028416,0,788389888,0
1,1762335366743,1800,1800,800,1801,1799,1799,1799,1800,25,0,0,0,0,0,0,0,106276.37335205078,17716.637573242188,66510.88201904297,0.201904296875,33572028416,0,788389888,0
1,1762335366744,1800,1800,800,1801,1799,1799,1799,1800,25,0,0,0,0,0,0,0,106276.37432861328,17716.64190673828,66510.88348388672,0.201904296875,33572028416,0,788389888,0
1,1762335366745,1800,1800,800,1801,1799,1799,1799,1800,25,0,0,0,0,0,0,0,106276.37530517578,17716.64630126953,66510.88525390625,0.201904296875,33572028416,0,788389888,0
1,1762335366746,1800,1800,800,1801,1799,1799,1799,1800,25,0,0,0,0,0,0,0,106276.37628173828,17716.650939941406,66510.88641357422,0.201904296875,33572028416,0,788389888,0
1,1762335366747,1800,1800,800,1801,1799,1799,1799,1800,25,0,0,0,0,0,0,0,106276.37731933594,17716.655700683594,66510.88800048828,0.201904296875,33572028416,0,788389888,0
1,1762335366748,1800,1800,800,1801,1799,1799,1799,1800,25,0,0,0,0,0,0,0,106276.37829589844,17716.66015625,66510.88940429688,0.201904296875,33572028416,0,788389888,0
1,1762335366749,1800,1800,800,1801,1799,1799,1799,1800,25,0,0,0,0,0,0,0,106276.38024902344,17716.66455078125,66510.8910522461,0.201904296875,33572028416,0,788389888,0
0,1762335366750,1800,1800,800,1801,1799,1799,1799,1800,25,0,0,0,0,0,0,0,106276.3812866211,17716.673278808594,66510.89233398438,0.201904296875,33572028416,0,788389888,0
0,1762335366752,1800,1800,800,1801,1799,1799,1799,1800,25,0,0,0,0,0,0,0,106276.3822631836,17716.677612304688,66510.89379882813,0.201904296875,33572028416,0,788389888,0
0,1762335366753,1800,1800,800,1801,1799,1799,1799,1800,25,0,0,0,0,0,0,0,106276.3832397461,17716.68182373047,66510.89501953125,0.201904296875,33572028416,0,788389888,0
1,1762335366754,1800,1800,800,1801,1799,1799,1799,1800,25,0,0,0,0,0,0,0,106276.38427734375,17716.686279296875,66510.89624023438,0.201904296875,33572028416,0,788389888,0
1,1762335366755,1800,1800,800,1801,1799,1799,1799,1800,25,0,0,0,0,0,0,0,106276.38525390625,17716.690673828125,66510.89758300781,0.201904296875,33572028416,0,788389888,0
1,1762335366756,1800,1800,800,1801,1799,1799,1799,1800,25,0,0,0,0,0,0,0,106276.38623046875,17716.69512939453,66510.89892578125,0.201904296875,33572028416,0,788389888,0
1,1762335366757,1800,1800,800,1801,1799,1799,1799,1800,25,0,0,0,0,0,0,0,106276.38720703125,17716.699768066406,66510.90057373047,0.201904296875,33572028416,0,788389888,0
1,1762335366758,1800,1800,800,1801,1799,1799,1799,1800,25,0,0,0,0,0,0,0,106276.38818359375,17716.704223632813,66510.90203857422,0.201904296875,33572028416,0,788389888,0
1,1762335366759,1800,1800,800,1801,1799,1799,1799,1800,25,0,0,0,0,0,0,0,106276.38916015625,17716.70867919922,66510.9033203125,0.201904296875,33572028416,0,788389888,0
1,1762335366760,1800,1800,800,1801,1799,1799,1799,1800,25,0,0,0,0,0,0,0,106276.3901977539,17716.713012695313,66510.90478515625,0.201904296875,33572028416,0,788389888,0
0,1762335366762,1800,1800,800,1801,1799,1799,1799,1800,25,0,0,0,0,0,0,0,106276.3921508789,17716.721435546875,66510.90612792969,0.201904296875,33572028416,0,788389888,0
0,1762335366763,1800,1800,800,1801,1799,1799,1799,1800,25,0,0,0,0,0,0,0,106276.3931274414,17716.72589111328,66510.90740966797,0.201904296875,33572028416,0,788389888,0
0,1762335366764,1800,1800,800,1801,1799,1799,1799,1800,25,0,0,0,0,0,0,0,106276.39416503906,17716.730407714844,66510.9087524414,0.201904296875,33572028416,0,788389888,0
1,1762335366765,1800,1800,800,1801,1799,1799,1799,1800,25,0,0,0,0,0,0,0,106276.39514160156,17716.734802246094,66510.91003417969,0.201904296875,33572028416,0,788389888,0
1,1762335366766,1800,1800,800,1801,1799,1799,1799,1800,25,0,0,0,0,0,0,0,106276.39611816406,17716.7392578125,66510.9115600586,0.201904296875,33572028416,0,788389888,0
1,1762335366767,1800,1800,800,1801,1799,1799,1799,1800,25,0,0,0,0,0,0,0,106276.39709472656,17716.74395751953,66510.91326904297,0.201904296875,33572028416,0,788389888,0
1,1762335366768,1800,1800,800,1801,1799,1799,1799,1800,25,0,0,0,0,0,0,0,106276.39807128906,17716.74853515625,66510.91473388672,0.201904296875,33572028416,0,788389888,0
1,1762335366769,1800,1800,800,1801,1799,1799,1799,1800,25,0,0,0,0,0,0,0,106276.39910888672,17716.753173828125,66510.91613769531,0.201904296875,33572028416,0,788389888,0
1,1762335366770,1800,1800,800,1801,1799,1799,1799,1800,25,0,0,0,0,0,0,0,106276.40008544922,17716.757568359375,66510.91735839844,0.201904296875,33572028416,0,788389888,0
1,1762335366771,1800,1800,800,1801,1799,1799,1799,1800,25,0,0,0,0,0,0,0,106276.40106201172,17716.76171875,66510.91864013672,0.201904296875,33572028416,0,788389888,0
1,1762335366772,1800,1800,800,1801,1799,1799,1799,1800,25,0,0,0,0,0,0,0,106276.40307617188,17716.770141601563,66510.91986083984,0.201904296875,33572028416,0,788389888,0
0,1762335366774,1800,1800,800,1801,1799,1799,1799,1800,25,0,0,0,0,0,0,0,106276.40405273438,17716.77459716797,66510.92138671875,0.201904296875,33572028416,0,788389888,0
0,1762335366775,1800,1800,800,1801,1799,1799,1799,1800,25,0,0,0,0,0,0,0,106276.40502929688,17716.77880859375,66510.92260742188,0.201904296875,33572028416,0,788389888,0
1,1762335366776,1800,1800,800,1801,1799,1799,1799,1800,25,0,0,0,0,0,0,0,106276.40600585938,17716.783142089844,66510.923828125,0.201904296875,33572028416,0,788389888,0
1,1762335366777,1800,1800,800,1801,1799,1799,1799,1800,25,0,0,0,0,0,0,0,106276.40698242188,17716.787658691406,66510.92541503906,0.201904296875,33572028416,0,788389888,0
1,1762335366778,1800,1800,800,1801,1799,1799,1799,1800,25,0,0,0,0,0,0,0,106276.40802001953,17716.792358398438,66510.92681884766,0.201904296875,33572028416,0,788389888,0
1,1762335366779,1800,1800,800,1801,1799,1799,1799,1800,25,0,0,0,0,0,0,0,106276.40899658203,17716.796997070313,66510.92852783203,0.201904296875,33572028416,0,788389888,0
1,1762335366780,1800,1800,800,1801,1799,1799,1799,1800,25,0,0,0,0,0,0,0,106276.40997314453,17716.801513671875,66510.92974853516,0.201904296875,33572028416,0,788389888,0
1,1762335366781,1800,1800,800,1801,1799,1799,1799,1800,25,0,0,0,0,0,0,0,106276.41094970703,17716.80584716797,66510.9312133789,0.201904296875,33572028416,0,788389888,0
1,1762335366782,1800,1800,800,1801,1799,1799,1799,1800,25,0,0,0,0,0,0,0,106276.41198730469,17716.810302734375,66510.93249511719,0.201904296875,33572028416,0,788389888,0
0,1762335366783,1800,1800,800,1801,1799,1799,1799,1800,25,0,0,0,0,0,0,0,106276.41394042969,17716.818786621094,66510.93377685547,0.201904296875,33572028416,0,788389888,0
0,1762335366785,1800,1800,800,1801,1799,1799,1799,1800,25,0,0,0,0,0,0,0,106276.41491699219,17716.822998046875,66510.93518066406,0.201904296875,33572028416,0,788389888,0
0,1762335366786,1800,1800,800,1801,1799,1799,1799,1800,25,0,0,0,0,0,0,0,106276.41595458984,17716.827697753906,66510.93682861328,0.201904296875,33572028416,0,788389888,0
1,1762335366787,1800,1800,800,1801,1799,1799,1799,1800,25,0,0,0,0,0,0,0,106276.41693115234,17716.832153320313,66510.93841552734,0.201904296875,33572028416,0,788389888,0
1,1762335366788,1800,1800,800,1801,1799,1799,1799,1800,25,0,0,0,0,0,0,0,106276.41790771484,17716.83673095703,66510.93975830078,0.201904296875,33572028416,0,788389888,0
1,1762335366789,1800,1800,800,1801,1799,1799,1799,1800,25,0,0,0,0,0,0,0,106276.41888427734,17716.841247558594,66510.94122314453,0.201904296875,33572028416,0,788389888,0
1,1762335366790,1800,1800,800,1801,1799,1799,1799,1800,25,0,0,0,0,0,0,0,106276.41986083984,17716.845764160156,66510.94256591797,0.201904296875,33572028416,0,788389888,0
1,1762335366791,1800,1800,800,1801,1799,1799,1799,1800,25,0,0,0,0,0,0,0,106276.4208984375,17716.85028076172,66510.94396972656,0.201904296875,33572028416,0,788389888,0
1,1762335366792,1800,1800,800,1801,1799,1799,1799,1800,25,0,0,0,0,0,0,0,106276.421875,17716.854614257813,66510.9453125,0.201904296875,33572028416,0,788389888,0
1,1762335366793,1800,1800,800,1801,1799,1799,1799,1800,25,0,0,0,0,0,0,0,106276.4228515625,17716.85906982422,66510.9467163086,0.201904296875,33572028416,0,788389888,0
0,1762335366794,1800,1800,800,1801,1799,1799,1799,1800,25,0,0,0,0,0,0,0,106276.42486572266,17716.86767578125,66510.94812011719,0.201904296875,33572028416,0,788389888,0
0,1762335366796,1800,1800,800,1801,1799,1799,1799,1800,25,0,0,0,0,0,0,0,106276.42578125,17716.87188720703,66510.94958496094,0.201904296875,33572028416,0,788389888,0
0,1762335366797,1800,1800,800,1801,1799,1799,1799,1800,25,0,0,0,0,0,0,0,106276.42681884766,17716.876403808594,66510.95086669922,0.201904296875,33572028416,0,788389888,0
1,1762335366798,1800,1800,800,1801,1799,1799,1799,1800,25,0,0,0,0,0,0,0,106276.42779541016,17716.880859375,66510.95220947266,0.201904296875,33572028416,0,788389888,0
1,1762335366799,1800,1800,800,1801,1799,1799,1799,1800,25,0,0,0,0,0,0,0,106276.42883300781,17716.885314941406,66510.9535522461,0.201904296875,33572028416,0,788389888,0
1,1762335366800,1800,1800,800,1801,1799,1799,1799,1800,25,0,0,0,0,0,0,0,106276.42980957031,17716.889892578125,66510.95526123047,0.201904296875,33572028416,0,788389888,0
1,1762335366801,1800,1800,800,1801,1799,1799,1799,1800,25,0,0,0,0,0,0,0,106276.43078613281,17716.89422607422,66510.9566040039,0.201904296875,33572028416,0,788389888,0
1,1762335366802,1800,1800,800,1801,1799,1799,1799,1800,25,0,0,0,0,0,0,0,106276.43176269531,17716.898803710938,66510.95806884766,0.201904296875,33572028416,0,788389888,0
1,1762335366803,1800,1800,800,1801,1799,1799,1799,1800,25,0,0,0,0,0,0,0,106276.43280029297,17716.903381347656,66510.95935058594,0.201904296875,33572028416,0,788389888,0
1,1762335366804,1800,1800,800,1801,1799,1799,1799,1800,25,0,0,0,0,0,0,0,106276.43377685547,17716.907653808594,66510.96069335938,0.201904296875,33572028416,0,788389888,0
0,1762335366805,1800,1800,800,1801,1799,1799,1799,1800,25,0,0,0,0,0,0,0,106276.43572998047,17716.916381835938,66510.96240234375,0.201904296875,33572028416,0,788389888,0
0,1762335366807,1800,1800,800,1801,1799,1799,1799,1800,25,0,0,0,0,0,0,0,106276.43670654297,17716.920776367188,66510.9638671875,0.201904296875,33572028416,0,788389888,0
0,1762335366808,1800,1800,800,1801,1799,1799,1799,1800,25,0,0,0,0,0,0,0,106276.43768310547,17716.925170898438,66510.96533203125,0.201904296875,33572028416,0,788389888,0
1,1762335366809,1800,1800,800,1801,1799,1799,1799,1800,25,0,0,0,0,0,0,0,106276.43872070313,17716.92987060547,66510.96667480469,0.201904296875,33572028416,0,788389888,0
1,1762335366810,1800,1800,800,1801,1799,1799,1799,1800,25,0,0,0,0,0,0,0,106276.43969726563,17716.934204101563,66510.96801757813,0.201904296875,33572028416,0,788389888,0
1,1762335366811,1800,1800,800,1801,1799,1799,1799,1800,25,0,0,0,0,0,0,0,106276.44067382813,17716.938720703125,66510.96936035156,0.201904296875,33572028416,0,788389888,0
1,1762335366812,1800,1800,800,1801,1799,1799,1799,1800,25,0,0,0,0,0,0,0,106276.44171142578,17716.94317626953,66510.97064208984,0.201904296875,33572028416,0,788389888,0
1,1762335366813,1800,1800,800,1801,1799,1799,1799,1800,25,0,0,0,0,0,0,0,106276.44262695313,17716.947509765625,66510.9721069336,0.201904296875,33572028416,0,788389888,0
0,1762335366814,1800,1800,800,1801,1799,1799,1799,1800,21.052631378173828,0,14.285715103149414,0,0,0,0,0,106276.44366455078,17716.95196533203,66510.97357177734,0.201904296875,33572028416,0,788389888,0
0,1762335366815,1800,1800,800,1801,1799,1799,1799,1800,21.052631378173828,0,14.285715103149414,0,0,0,0,0,106276.44464111328,17716.95635986328,66510.97509765625,0.201904296875,33572028416,0,788389888,0
1,1762335366816,1800,1800,800,1801,1799,1799,1799,1800,21.052631378173828,0,14.285715103149414,0,0,0,0,0,106276.44665527344,17716.96551513672,66510.9765625,0.201904296875,33572028416,0,788389888,0
0,1762335366818,1800,1800,800,1801,1799,1799,1799,1800,21.052631378173828,0,14.285715103149414,0,0,0,0,0,106276.44763183594,17716.9697265625,66510.97790527344,0.201904296875,33572028416,0,788389888,0
0,1762335366819,1800,1800,800,1801,1799,1799,1799,1800,21.052631378173828,0,14.285715103149414,0,0,0,0,0,106276.44860839844,17716.974060058594,66510.97930908203,0.201904296875,33572028416,0,788389888,0
1,1762335366820,1800,1800,800,1801,1799,1799,1799,1800,21.052631378173828,0,14.285715103149414,0,0,0,0,0,106276.4496459961,17716.978515625,66510.98046875,0.201904296875,33572028416,0,788389888,0
1,1762335366821,1800,1800,800,1801,1799,1799,1799,1800,21.052631378173828,0,14.285715103149414,0,0,0,0,0,106276.4506225586,17716.98291015625,66510.9818725586,0.201904296875,33572028416,0,788389888,0
1,1762335366822,1800,1800,800,1801,1799,1799,1799,1800,21.052631378173828,0,14.285715103149414,0,0,0,0,0,106276.4515991211,17716.987426757813,66510.98333740234,0.201904296875,33572028416,0,788389888,0
1,1762335366823,1800,1800,800,1801,1799,1799,1799,1800,21.052631378173828,0,14.285715103149414,0,0,0,0,0,106276.4525756836,17716.992065429688,66510.98504638672,0.201904296875,33572028416,0,788389888,0
1,1762335366824,1800,1800,800,1801,1799,1799,1799,1800,21.052631378173828,0,14.285715103149414,0,0,0,0,0,106276.4535522461,17716.996643066406,66510.986328125,0.201904296875,33572028416,0,788389888,0
1,1762335366825,1800,1800,800,1801,1799,1799,1799,1800,21.052631378173828,0,14.285715103149414,0,0,0,0,0,106276.4545288086,17717.001037597656,66510.9878540039,0.201904296875,33572028416,0,788389888,0
1,1762335366826,1800,1800,800,1801,1799,1799,1799,1800,21.052631378173828,0,14.285715103149414,0,0,0,0,0,106276.45654296875,17717.005493164063,66510.98919677734,0.201904296875,33572028416,0,788389888,0
0,1762335366827,1800,1800,800,1801,1799,1799,1799,1800,21.052631378173828,0,14.285715103149414,0,0,0,0,0,106276.45751953125,17717.01397705078,66510.9906616211,0.201904296875,33572028416,0,788389888,0
0,1762335366829,1800,1800,800,1801,1799,1799,1799,1800,21.052631378173828,0,14.285715103149414,0,0,0,0,0,106276.45849609375,17717.01837158203,66510.99206542969,0.201904296875,33572028416,0,788389888,0
0,1762335366830,1800,1800,800,1801,1799,1799,1799,1800,21.052631378173828,0,14.285715103149414,0,0,0,0,0,106276.45947265625,17717.02276611328,66510.99322509766,0.201904296875,33572028416,0,788389888,0
1,1762335366831,1800,1800,800,1801,1799,1799,1799,1800,21.052631378173828,0,14.285715103149414,0,0,0,0,0,106276.4605102539,17717.027282714844,66510.99462890625,0.201904296875,33572028416,0,788389888,0
1,1762335366832,1800,1800,800,1801,1799,1799,1799,1800,21.052631378173828,0,14.285715103149414,0,0,0,0,0,106276.4614868164,17717.031677246094,66510.99603271484,0.201904296875,33572028416,0,788389888,0
1,1762335366833,1800,1800,800,1801,1799,1799,1799,1800,21.052631378173828,0,14.285715103149414,0,0,0,0,0,106276.46252441406,17717.0361328125,66510.99725341797,0.201904296875,33572028416,0,788389888,0
1,1762335366834,1800,1800,800,1801,1799,1799,1799,1800,21.052631378173828,0,14.285715103149414,0,0,0,0,0,106276.4634399414,17717.040405273438,66510.9985961914,0.201904296875,33572028416,0,788389888,0
1,1762335366835,1800,1800,800,1801,1799,1799,1799,1800,21.052631378173828,0,14.285715103149414,0,0,0,0,0,106276.46447753906,17717.044982910156,66511.00018310547,0.201904296875,33572028416,0,788389888,0
1,1762335366836,1800,1800,800,1801,1799,1799,1799,1800,21.052631378173828,0,14.285715103149414,0,0,0,0,0,106276.46545410156,17717.049438476563,66511.0015258789,0.201904296875,33572028416,0,788389888,0
1,1762335366837,1800,1800,800,1801,1799,1799,1799,1800,21.052631378173828,0,14.285715103149414,0,0,0,0,0,106276.46740722656,17717.058227539063,66511.00305175781,0.201904296875,33572028416,0,788389888,0
0,1762335366838,1800,1800,800,1801,1799,1799,1799,1800,21.052631378173828,0,14.285715103149414,0,0,0,0,0,106276.46844482422,17717.062377929688,66511.0043334961,0.201904296875,33572028416,0,788389888,0
0,1762335366840,1800,1800,800,1801,1799,1799,1799,1800,21.052631378173828,0,14.285715103149414,0,0,0,0,0,106276.46942138672,17717.066772460938,66511.00567626953,0.201904296875,33572028416,0,788389888,0
0,1762335366841,1800,1800,800,1801,1799,1799,1799,1800,21.052631378173828,0,14.285715103149414,0,0,0,0,0,106276.47039794922,17717.07110595703,66511.00689697266,0.201904296875,33572028416,0,788389888,0
1,1762335366842,1800,1800,800,1801,1799,1799,1799,1800,21.052631378173828,0,14.285715103149414,0,0,0,0,0,106276.47143554688,17717.075622558594,66511.00811767578,0.201904296875,33572028416,0,788389888,0
1,1762335366843,1800,1800,800,1801,1799,1799,1799,1800,21.052631378173828,0,14.285715103149414,0,0,0,0,0,106276.47241210938,17717.080017089844,66511.009765625,0.201904296875,33572028416,0,788389888,0
1,1762335366844,1800,1800,800,1801,1799,1799,1799,1800,21.052631378173828,0,14.285715103149414,0,0,0,0,0,106276.47338867188,17717.08477783203,66511.01141357422,0.201904296875,33572028416,0,788389888,0
1,1762335366845,1800,1800,800,1801,1799,1799,1799,1800,21.052631378173828,0,14.285715103149414,0,0,0,0,0,106276.47436523438,17717.089416503906,66511.0131225586,0.201904296875,33572028416,0,788389888,0
1,1762335366846,1800,1800,800,1801,1799,1799,1799,1800,21.052631378173828,0,14.285715103149414,0,0,0,0,0,106276.47534179688,17717.094177246094,66511.01446533203,0.201904296875,33572028416,0,788389888,0
1,1762335366847,1800,1800,800,1801,1799,1799,1799,1800,21.052631378173828,0,14.285715103149414,0,0,0,0,0,106276.47637939453,17717.098510742188,66511.01586914063,0.201904296875,33572028416,0,788389888,0
1,1762335366848,1800,1800,800,1801,1799,1799,1799,1800,21.052631378173828,0,14.285715103149414,0,0,0,0,0,106276.47735595703,17717.102905273438,66511.0170288086,0.201904296875,33572028416,0,788389888,0
0,1762335366850,1800,1800,800,1801,1799,1799,1799,1800,21.052631378173828,0,14.285715103149414,0,0,0,0,0,106276.47930908203,17717.11114501953,66511.01861572266,0.201904296875,33572028416,0,788389888,0
0,1762335366851,1800,1800,800,1801,1799,1799,1799,1800,21.052631378173828,0,14.285715103149414,0,0,0,0,0,106276.48034667969,17717.115844726563,66511.02001953125,0.201904296875,33572028416,0,788389888,0
0,1762335366852,1800,1800,800,1801,1799,1799,1799,1800,21.052631378173828,0,14.285715103149414,0,0,0,0,0,106276.48132324219,17717.120483398438,66511.02160644531,0.201904296875,33572028416,0,788389888,0
0,1762335366853,1800,1800,800,1801,1799,1799,1799,1800,21.052631378173828,0,14.285715103149414,0,0,0,0,0,106276.48229980469,17717.125061035156,66511.02319335938,0.201904296875,33572028416,0,788389888,0
1,1762335366854,1800,1800,800,1801,1799,1799,1799,1800,21.052631378173828,0,14.285715103149414,0,0,0,0,0,106276.48327636719,17717.129638671875,66511.02465820313,0.201904296875,33572028416,0,788389888,0
1,1762335366855,1800,1800,800,1801,1799,1799,1799,1800,21.052631378173828,0,14.285715103149414,0,0,0,0,0,106276.48431396484,17717.13446044922,66511.02630615234,0.201904296875,33572028416,0,788389888,0
1,1762335366856,1800,1800,800,1801,1799,1799,1799,1800,21.052631378173828,0,14.285715103149414,0,0,0,0,0,106276.48522949219,17717.13885498047,66511.0277709961,0.201904296875,33572028416,0,788389888,0
1,1762335366857,1800,1800,800,1801,1799,1799,1799,1800,21.052631378173828,0,14.285715103149414,0,0,0,0,0,106276.48626708984,17717.143615722656,66511.02935791016,0.201904296875,33572028416,0,788389888,0
1,1762335366858,1800,1800,800,1801,1799,1799,1799,1800,21.052631378173828,0,14.285715103149414,0,0,0,0,0,106276.48724365234,17717.14825439453,66511.03063964844,0.201904296875,33572028416,0,788389888,0
1,1762335366859,1800,1800,800,1801,1799,1799,1799,1800,21.052631378173828,0,14.285715103149414,0,0,0,0,0,106276.48822021484,17717.152465820313,66511.0317993164,0.201904296875,33572028416,0,788389888,0
1,1762335366860,1800,1800,800,1801,1799,1799,1799,1800,21.052631378173828,0,14.285715103149414,0,0,0,0,0,106276.490234375,17717.16094970703,66511.03326416016,0.201904296875,33572028416,0,788389888,0
0,1762335366862,1800,1800,800,1801,1799,1799,1799,1800,21.052631378173828,0,14.285715103149414,0,0,0,0,0,106276.4912109375,17717.164978027344,66511.03454589844,0.201904296875,33572028416,0,788389888,0
0,1762335366863,1800,1800,800,1801,1799,1799,1799,1800,21.052631378173828,0,14.285715103149414,0,0,0,0,0,106276.4921875,17717.16961669922,66511.03601074219,0.201904296875,33572028416,0,788389888,0
1,1762335366864,1800,1800,800,1801,1799,1799,1799,1800,21.052631378173828,0,14.285715103149414,0,0,0,0,0,106276.4931640625,17717.17401123047,66511.03741455078,0.201904296875,33572028416,0,788389888,0
1,1762335366865,1800,1800,800,1801,1799,1799,1799,1800,21.052631378173828,0,14.285715103149414,0,0,0,0,0,106276.49420166016,17717.178771972656,66511.0390625,0.201904296875,33572028416,0,788389888,0
1,1762335366866,1800,1800,800,1801,1799,1799,1799,1800,21.052631378173828,0,14.285715103149414,0,0,0,0,0,106276.49517822266,17717.183227539063,66511.0405883789,0.201904296875,33572028416,0,788389888,0
1,1762335366867,1800,1800,800,1801,1799,1799,1799,1800,21.052631378173828,0,14.285715103149414,0,0,0,0,0,106276.49615478516,17717.18780517578,66511.0419921875,0.201904296875,33572028416,0,788389888,0
1,1762335366868,1800,1800,800,1801,1799,1799,1799,1800,21.052631378173828,0,14.285715103149414,0,0,0,0,0,106276.49713134766,17717.192260742188,66511.04321289063,0.201904296875,33572028416,0,788389888,0
1,1762335366869,1800,1800,800,1801,1799,1799,1799,1800,21.052631378173828,0,14.285715103149414,0,0,0,0,0,106276.49810791016,17717.196533203125,66511.04467773438,0.201904296875,33572028416,0,788389888,0
1,1762335366870,1800,1800,800,1801,1799,1799,1799,1800,21.052631378173828,0,14.285715103149414,0,0,0,0,0,106276.50012207031,17717.204956054688,66511.04583740234,0.201904296875,33572028416,0,788389888,0
0,1762335366871,1800,1800,800,1801,1799,1799,1799,1800,21.052631378173828,0,14.285715103149414,0,0,0,0,0,106276.50109863281,17717.209350585938,66511.0473022461,0.201904296875,33572028416,0,788389888,0
0,1762335366873,1800,1800,800,1801,1799,1799,1799,1800,21.052631378173828,0,14.285715103149414,0,0,0,0,0,106276.50213623047,17717.213928222656,66511.048828125,0.201904296875,33572028416,0,788389888,0
0,1762335366874,1800,1800,800,1801,1799,1799,1799,1800,21.052631378173828,0,14.285715103149414,0,0,0,0,0,106276.50311279297,17717.21844482422,66511.05017089844,0.201904296875,33572028416,0,788389888,0
1,1762335366875,1800,1800,800,1801,1799,1799,1799,1800,21.052631378173828,0,14.285715103149414,0,0,0,0,0,106276.50408935547,17717.22283935547,66511.05163574219,0.201904296875,33572028416,0,788389888,0
1,1762335366876,1800,1800,800,1801,1799,1799,1799,1800,21.052631378173828,0,14.285715103149414,0,0,0,0,0,106276.50506591797,17717.227294921875,66511.05285644531,0.201904296875,33572028416,0,788389888,0
1,1762335366877,1800,1800,800,1801,1799,1799,1799,1800,21.052631378173828,0,14.285715103149414,0,0,0,0,0,106276.50604248047,17717.23162841797,66511.0541381836,0.201904296875,33572028416,0,788389888,0
1,1762335366878,1800,1800,800,1801,1799,1799,1799,1800,21.052631378173828,0,14.285715103149414,0,0,0,0,0,106276.50708007813,17717.23614501953,66511.05541992188,0.201904296875,33572028416,0,788389888,0
1,1762335366879,1800,1800,800,1801,1799,1799,1799,1800,21.052631378173828,0,14.285715103149414,0,0,0,0,0,106276.50805664063,17717.24072265625,66511.05694580078,0.201904296875,33572028416,0,788389888,0
1,1762335366880,1800,1800,800,1801,1799,1799,1799,1800,21.052631378173828,0,14.285715103149414,0,0,0,0,0,106276.50903320313,17717.245056152344,66511.05828857422,0.201904296875,33572028416,0,788389888,0
1,1762335366881,1800,1800,800,1801,1799,1799,1799,1800,21.052631378173828,0,14.285715103149414,0,0,0,0,0,106276.51098632813,17717.253662109375,66511.05987548828,0.201904296875,33572028416,0,788389888,0
0,1762335366882,1800,1800,800,1801,1799,1799,1799,1800,21.052631378173828,0,14.285715103149414,0,0,0,0,0,106276.51202392578,17717.258178710938,66511.06140136719,0.201904296875,33572028416,0,788389888,0
0,1762335366884,1800,1800,800,1801,1799,1799,1799,1800,21.052631378173828,0,14.285715103149414,0,0,0,0,0,106276.51300048828,17717.262573242188,66511.06274414063,0.201904296875,33572028416,0,788389888,0
0,1762335366885,1800,1800,800,1801,1799,1799,1799,1800,21.052631378173828,0,14.285715103149414,0,0,0,0,0,106276.51397705078,17717.26727294922,66511.06433105469,0.201904296875,33572028416,0,788389888,0
1,1762335366886,1800,1800,800,1801,1799,1799,1799,1800,21.052631378173828,0,14.285715103149414,0,0,0,0,0,106276.51495361328,17717.27178955078,66511.0658569336,0.201904296875,33572028416,0,788389888,0
1,1762335366887,1800,1800,800,1801,1799,1799,1799,1800,21.052631378173828,0,14.285715103149414,0,0,0,0,0,106276.51593017578,17717.276245117188,66511.06726074219,0.201904296875,33572028416,0,788389888,0
1,1762335366888,1800,1800,800,1801,1799,1799,1799,1800,21.052631378173828,0,14.285715103149414,0,0,0,0,0,106276.51696777344,17717.280639648438,66511.06866455078,0.201904296875,33572028416,0,788389888,0
1,1762335366889,1800,1800,800,1801,1799,1799,1799,1800,21.052631378173828,0,14.285715103149414,0,0,0,0,0,106276.51794433594,17717.285217285156,66511.06982421875,0.201904296875,33572028416,0,788389888,0
1,1762335366890,1800,1800,800,1801,1799,1799,1799,1800,21.052631378173828,0,14.285715103149414,0,0,0,0,0,106276.51892089844,17717.289672851563,66511.07141113281,0.201904296875,33572028416,0,788389888,0
1,1762335366891,1800,1800,800,1801,1799,1799,1799,1800,21.052631378173828,0,14.285715103149414,0,0,0,0,0,106276.51989746094,17717.294189453125,66511.0728149414,0.201904296875,33572028416,0,788389888,0
1,1762335366892,1800,1800,800,1801,1799,1799,1799,1800,21.052631378173828,0,14.285715103149414,0,0,0,0,0,106276.5209350586,17717.29864501953,66511.07427978516,0.201904296875,33572028416,0,788389888,0
0,1762335366893,1800,1800,800,1801,1799,1799,1799,1800,21.052631378173828,0,14.285715103149414,0,0,0,0,0,106276.52294921875,17717.307250976563,66511.07580566406,0.201904296875,33572028416,0,788389888,0
0,1762335366895,1800,1800,800,1801,1799,1799,1799,1800,21.052631378173828,0,14.285715103149414,0,0,0,0,0,106276.5238647461,17717.311401367188,66511.07702636719,0.201904296875,33572028416,0,788389888,0
0,1762335366896,1800,1800,800,1801,1799,1799,1799,1800,21.052631378173828,0,14.285715103149414,0,0,0,0,0,106276.52490234375,17717.315795898438,66511.07818603516,0.201904296875,33572028416,0,788389888,0
1,1762335366897,1800,1800,800,1801,1799,1799,1799,1800,21.052631378173828,0,14.285715103149414,0,0,0,0,0,106276.52587890625,17717.320190429688,66511.0795288086,0.201904296875,33572028416,0,788389888,0
1,1762335366898,1800,1800,800,1801,1799,1799,1799,1800,21.052631378173828,0,14.285715103149414,0,0,0,0,0,106276.52685546875,17717.324645996094,66511.08099365234,0.201904296875,33572028416,0,788389888,0
1,1762335366899,1800,1800,800,1801,1799,1799,1799,1800,21.052631378173828,0,14.285715103149414,0,0,0,0,0,106276.52783203125,17717.3291015625,66511.08215332031,0.201904296875,33572028416,0,788389888,0
1,1762335366900,1800,1800,800,1801,1799,1799,1799,1800,21.052631378173828,0,14.285715103149414,0,0,0,0,0,106276.5288696289,17717.333618164063,66511.08386230469,0.201904296875,33572028416,0,788389888,0
1,1762335366901,1800,1800,800,1801,1799,1799,1799,1800,21.052631378173828,0,14.285715103149414,0,0,0,0,0,106276.5298461914,17717.338317871094,66511.0853881836,0.201904296875,33572028416,0,788389888,0
1,1762335366902,1800,1800,800,1801,1799,1799,1799,1800,21.052631378173828,0,14.285715103149414,0,0,0,0,0,106276.5308227539,17717.3427734375,66511.08685302734,0.201904296875,33572028416,0,788389888,0
1,1762335366903,1800,1800,800,1801,1799,1799,1799,1800,21.052631378173828,0,14.285715103149414,0,0,0,0,0,106276.5327758789,17717.351318359375,66511.08813476563,0.201904296875,33572028416,0,788389888,0
0,1762335366904,1800,1800,800,1801,1799,1799,1799,1800,21.052631378173828,0,14.285715103149414,0,0,0,0,0,106276.53381347656,17717.35565185547,66511.0894165039,0.201904296875,33572028416,0,788389888,0
0,1762335366906,1800,1800,800,1801,1799,1799,1799,1800,21.052631378173828,0,14.285715103149414,0,0,0,0,0,106276.53479003906,17717.359924316406,66511.09088134766,0.201904296875,33572028416,0,788389888,0
0,1762335366907,1800,1800,800,1801,1799,1799,1799,1800,21.052631378173828,0,14.285715103149414,0,0,0,0,0,106276.53576660156,17717.364318847656,66511.09216308594,0.201904296875,33572028416,0,788389888,0
1,1762335366908,1800,1800,800,1801,1799,1799,1799,1800,21.052631378173828,0,14.285715103149414,0,0,0,0,0,106276.53674316406,17717.368591308594,66511.09338378906,0.201904296875,33572028416,0,788389888,0
1,1762335366909,1800,1800,800,1801,1799,1799,1799,1800,21.052631378173828,0,14.285715103149414,0,0,0,0,0,106276.53778076172,17717.373168945313,66511.09503173828,0.201904296875,33572028416,0,788389888,0
1,1762335366910,1800,1800,800,1801,1799,1799,1799,1800,21.052631378173828,0,14.285715103149414,0,0,0,0,0,106276.53875732422,17717.37774658203,66511.09643554688,0.201904296875,33572028416,0,788389888,0
1,1762335366911,1800,1800,800,1801,1799,1799,1799,1800,21.052631378173828,0,14.285715103149414,0,0,0,0,0,106276.53973388672,17717.382263183594,66511.09777832031,0.201904296875,33572028416,0,788389888,0
1,1762335366912,1800,1800,800,1801,1799,1799,1799,1800,21.052631378173828,0,14.285715103149414,0,0,0,0,0,106276.54077148438,17717.386840820313,66511.09924316406,0.201904296875,33572028416,0,788389888,0
1,1762335366913,1800,1800,800,1801,1799,1799,1799,1800,21.052631378173828,0,14.285715103149414,0,0,0,0,0,106276.54174804688,17717.39129638672,66511.10064697266,0.201904296875,33572028416,0,788389888,0
1,1762335366914,1800,1800,800,1801,1799,1799,1799,1800,21.052631378173828,0,14.285715103149414,0,0,0,0,0,106276.54272460938,17717.395751953125,66511.1021118164,0.201904296875,33572028416,0,788389888,0
0,1762335366915,1800,1800,800,1801,1799,1799,1799,1800,21.052631378173828,0,14.285715103149414,0,0,0,0,0,106276.54473876953,17717.404052734375,66511.10321044922,0.201904296875,33572028416,0,788389888,0
0,1762335366917,1800,1800,800,1801,1799,1799,1799,1800,21.052631378173828,0,14.285715103149414,0,0,0,0,0,106276.54571533203,17717.408325195313,66511.1044921875,0.201904296875,33572028416,0,788389888,0
0,1762335366918,1800,1800,800,1801,1799,1799,1799,1800,21.052631378173828,0,14.285715103149414,0,0,0,0,0,106276.54663085938,17717.412475585938,66511.10583496094,0.201904296875,33572028416,0,788389888,0
1,1762335366919,1800,1800,800,1801,1799,1799,1799,1800,21.052631378173828,0,14.285715103149414,0,0,0,0,0,106276.54766845703,17717.416931152344,66511.10705566406,0.201904296875,33572028416,0,788389888,0
1,1762335366920,1800,1800,800,1801,1799,1799,1799,1800,21.052631378173828,0,14.285715103149414,0,0,0,0,0,106276.54864501953,17717.42138671875,66511.10852050781,0.201904296875,33572028416,0,788389888,0
1,1762335366921,1800,1800,800,1801,1799,1799,1799,1800,21.052631378173828,0,14.285715103149414,0,0,0,0,0,106276.54962158203,17717.42596435547,66511.11004638672,0.201904296875,33572028416,0,788389888,0
1,1762335366922,1800,1800,800,1801,1799,1799,1799,1800,21.052631378173828,0,14.285715103149414,0,0,0,0,0,106276.55065917969,17717.430603027344,66511.1117553711,0.201904296875,33572028416,0,788389888,0
1,1762335366923,1800,1800,800,1801,1799,1799,1799,1800,21.052631378173828,0,14.285715103149414,0,0,0,0,0,106276.55163574219,17717.43524169922,66511.11303710938,0.201904296875,33572028416,0,788389888,0
1,1762335366924,1800,1800,800,1801,1799,1799,1799,1800,21.052631378173828,0,14.285715103149414,0,0,0,0,0,106276.55261230469,17717.439575195313,66511.11444091797,0.201904296875,33572028416,0,788389888,0
1,1762335366925,1800,1800,800,1801,1799,1799,1799,1800,21.052631378173828,0,14.285715103149414,0,0,0,0,0,106276.55462646484,17717.44403076172,66511.1156616211,0.201904296875,33572028416,0,788389888,0
0,1762335366926,1800,1800,800,1801,1799,1799,1799,1800,21.052631378173828,0,14.285715103149414,0,0,0,0,0,106276.55560302734,17717.452575683594,66511.11700439453,0.201904296875,33572028416,0,788389888,0
0,1762335366928,1800,1800,800,1801,1799,1799,1799,1800,21.052631378173828,0,14.285715103149414,0,0,0,0,0,106276.55657958984,17717.45672607422,66511.11822509766,0.201904296875,33572028416,0,788389888,0
0,1762335366929,1800,1800,800,1801,1799,1799,1799,1800,21.052631378173828,0,14.285715103149414,0,0,0,0,0,106276.5576171875,17717.461364746094,66511.11987304688,0.201904296875,33572028416,0,788389888,0
1,1762335366930,1800,1800,800,1801,1799,1799,1799,1800,21.052631378173828,0,14.285715103149414,0,0,0,0,0,106276.55853271484,17717.4658203125,66511.1215209961,0.201904296875,33572028416,0,788389888,0
1,1762335366931,1800,1800,800,1801,1799,1799,1799,1800,21.052631378173828,0,14.285715103149414,0,0,0,0,0,106276.55950927734,17717.47039794922,66511.12292480469,0.201904296875,33572028416,0,788389888,0
1,1762335366932,1800,1800,800,1801,1799,1799,1799,1800,21.052631378173828,0,14.285715103149414,0,0,0,0,0,106276.560546875,17717.475036621094,66511.12438964844,0.201904296875,33572028416,0,788389888,0
1,1762335366933,1800,1800,800,1801,1799,1799,1799,1800,21.052631378173828,0,14.285715103149414,0,0,0,0,0,106276.5615234375,17717.4794921875,66511.12567138672,0.201904296875,33572028416,0,788389888,0
1,1762335366934,1800,1800,800,1801,1799,1799,1799,1800,21.052631378173828,0,14.285715103149414,0,0,0,0,0,106276.5625,17717.484008789063,66511.12707519531,0.201904296875,33572028416,0,788389888,0
1,1762335366935,1800,1800,800,1801,1799,1799,1799,1800,21.052631378173828,0,14.285715103149414,0,0,0,0,0,106276.5634765625,17717.488403320313,66511.12854003906,0.201904296875,33572028416,0,788389888,0
1,1762335366936,1800,1800,800,1801,1799,1799,1799,1800,21.052631378173828,0,14.285715103149414,0,0,0,0,0,106276.56451416016,17717.49285888672,66511.1298828125,0.201904296875,33572028416,0,788389888,0
0,1762335366937,1800,1800,800,1801,1799,1799,1799,1800,21.052631378173828,0,14.285715103149414,0,0,0,0,0,106276.56646728516,17717.501098632813,66511.13122558594,0.201904296875,33572028416,0,788389888,0
0,1762335366939,1800,1800,800,1801,1799,1799,1799,1800,21.052631378173828,0,14.285715103149414,0,0,0,0,0,106276.56750488281,17717.50555419922,66511.13250732422,0.201904296875,33572028416,0,788389888,0
0,1762335366940,1800,1800,800,1801,1799,1799,1799,1800,21.052631378173828,0,14.285715103149414,0,0,0,0,0,106276.56842041016,17717.509765625,66511.13372802734,0.201904296875,33572028416,0,788389888,0
1,1762335366941,1800,1800,800,1801,1799,1799,1799,1800,21.052631378173828,0,14.285715103149414,0,0,0,0,0,106276.56945800781,17717.51434326172,66511.1351928711,0.201904296875,33572028416,0,788389888,0
1,1762335366942,1800,1800,800,1801,1799,1799,1799,1800,21.052631378173828,0,14.285715103149414,0,0,0,0,0,106276.57043457031,17717.51885986328,66511.13684082031,0.201904296875,33572028416,0,788389888,0
1,1762335366943,1800,1800,800,1801,1799,1799,1799,1800,21.052631378173828,0,14.285715103149414,0,0,0,0,0,106276.57141113281,17717.523559570313,66511.13848876953,0.201904296875,33572028416,0,788389888,0
1,1762335366944,1800,1800,800,1801,1799,1799,1799,1800,21.052631378173828,0,14.285715103149414,0,0,0,0,0,106276.57244873047,17717.5283203125,66511.13983154297,0.201904296875,33572028416,0,788389888,0
1,1762335366945,1800,1800,800,1801,1799,1799,1799,1800,21.052631378173828,0,14.285715103149414,0,0,0,0,0,106276.57342529297,17717.53271484375,66511.1411743164,0.201904296875,33572028416,0,788389888,0
1,1762335366946,1800,1800,800,1801,1799,1799,1799,1800,21.052631378173828,0,14.285715103149414,0,0,0,0,0,106276.57440185547,17717.537109375,66511.142578125,0.201904296875,33572028416,0,788389888,0
1,1762335366947,1800,1800,800,1801,1799,1799,1799,1800,21.052631378173828,0,14.285715103149414,0,0,0,0,0,106276.57537841797,17717.54132080078,66511.14385986328,0.201904296875,33572028416,0,788389888,0
0,1762335366948,1800,1800,800,1801,1799,1799,1799,1800,21.052631378173828,0,14.285715103149414,0,0,0,0,0,106276.57739257813,17717.54998779297,66511.14520263672,0.201904296875,33572028416,0,788389888,0
0,1762335366950,1800,1800,800,1801,1799,1799,1799,1800,21.052631378173828,0,14.285715103149414,0,0,0,0,0,106276.57836914063,17717.554443359375,66511.14678955078,0.201904296875,33572028416,0,788389888,0
0,1762335366951,1800,1800,800,1801,1799,1799,1799,1800,21.052631378173828,0,14.285715103149414,0,0,0,0,0,106276.57934570313,17717.558837890625,66511.14831542969,0.201904296875,33572028416,0,788389888,0
1,1762335366952,1800,1800,800,1801,1799,1799,1799,1800,21.052631378173828,0,14.285715103149414,0,0,0,0,0,106276.58032226563,17717.5634765625,66511.14978027344,0.201904296875,33572028416,0,788389888,0
1,1762335366953,1800,1800,800,1801,1799,1799,1799,1800,21.052631378173828,0,14.285715103149414,0,0,0,0,0,106276.58135986328,17717.567993164063,66511.15106201172,0.201904296875,33572028416,0,788389888,0
1,1762335366954,1800,1800,800,1801,1799,1799,1799,1800,21.052631378173828,0,14.285715103149414,0,0,0,0,0,106276.58233642578,17717.572509765625,66511.15258789063,0.201904296875,33572028416,0,788389888,0
1,1762335366955,1800,1800,800,1801,1799,1799,1799,1800,21.052631378173828,0,14.285715103149414,0,0,0,0,0,106276.58331298828,17717.57696533203,66511.1537475586,0.201904296875,33572028416,0,788389888,0
1,1762335366956,1800,1800,800,1801,1799,1799,1799,1800,21.052631378173828,0,14.285715103149414,0,0,0,0,0,106276.58428955078,17717.581420898438,66511.15521240234,0.201904296875,33572028416,0,788389888,0
1,1762335366957,1800,1800,800,1801,1799,1799,1799,1800,21.052631378173828,0,14.285715103149414,0,0,0,0,0,106276.58532714844,17717.5859375,66511.1566772461,0.201904296875,33572028416,0,788389888,0
1,1762335366958,1800,1800,800,1801,1799,1799,1799,1800,21.052631378173828,0,14.285715103149414,0,0,0,0,0,106276.58728027344,17717.59014892578,66511.15808105469,0.201904296875,33572028416,0,788389888,0
0,1762335366959,1800,1800,800,1801,1799,1799,1799,1800,21.052631378173828,0,14.285715103149414,0,0,0,0,0,106276.5883178711,17717.59881591797,66511.15948486328,0.201904296875,33572028416,0,788389888,0
0,1762335366961,1800,1800,800,1801,1799,1799,1799,1800,21.052631378173828,0,14.285715103149414,0,0,0,0,0,106276.58923339844,17717.60302734375,66511.1607055664,0.201904296875,33572028416,0,788389888,0
0,1762335366962,1800,1800,800,1801,1799,1799,1799,1800,21.052631378173828,0,14.285715103149414,0,0,0,0,0,106276.5902709961,17717.60760498047,66511.16204833984,0.201904296875,33572028416,0,788389888,0
1,1762335366963,1800,1800,800,1801,1799,1799,1799,1800,21.052631378173828,0,14.285715103149414,0,0,0,0,0,106276.5912475586,17717.611877441406,66511.16320800781,0.201904296875,33572028416,0,788389888,0
1,1762335366964,1800,1800,800,1801,1799,1799,1799,1800,21.052631378173828,0,14.285715103149414,0,0,0,0,0,106276.5922241211,17717.61639404297,66511.16485595703,0.201904296875,33572028416,0,788389888,0
1,1762335366965,1800,1800,800,1801,1799,1799,1799,1800,21.052631378173828,0,14.285715103149414,0,0,0,0,0,106276.5932006836,17717.62091064453,66511.16625976563,0.201904296875,33572028416,0,788389888,0
1,1762335366966,1800,1800,800,1801,1799,1799,1799,1800,21.052631378173828,0,14.285715103149414,0,0,0,0,0,106276.59423828125,17717.625366210938,66511.1675415039,0.201904296875,33572028416,0,788389888,0
1,1762335366967,1800,1800,800,1801,1799,1799,1799,1800,21.052631378173828,0,14.285715103149414,0,0,0,0,0,106276.59521484375,17717.629760742188,66511.1689453125,0.201904296875,33572028416,0,788389888,0
1,1762335366968,1800,1800,800,1801,1799,1799,1799,1800,21.052631378173828,0,14.285715103149414,0,0,0,0,0,106276.59619140625,17717.634155273438,66511.17028808594,0.201904296875,33572028416,0,788389888,0
0,1762335366969,1800,1800,800,1801,1799,1799,1799,1800,21.052631378173828,0,14.285715103149414,0,0,0,0,0,106276.59716796875,17717.638610839844,66511.17181396484,0.201904296875,33572028416,0,788389888,0
0,1762335366970,1800,1800,800,1801,1799,1799,1799,1800,21.052631378173828,0,14.285715103149414,0,0,0,0,0,106276.5991821289,17717.647399902344,66511.17321777344,0.201904296875,33572028416,0,788389888,0
0,1762335366972,1800,1800,800,1801,1799,1799,1799,1800,21.052631378173828,0,14.285715103149414,0,0,0,0,0,106276.6001586914,17717.651611328125,66511.17468261719,0.201904296875,33572028416,0,788389888,0
0,1762335366973,1800,1800,800,1801,1799,1799,1799,1800,21.052631378173828,0,14.285715103149414,0,0,0,0,0,106276.6011352539,17717.65606689453,66511.17596435547,0.201904296875,33572028416,0,788389888,0
1,1762335366974,1800,1800,800,1801,1799,1799,1799,1800,21.052631378173828,0,14.285715103149414,0,0,0,0,0,106276.60217285156,17717.660522460938,66511.1773071289,0.201904296875,33572028416,0,788389888,0
1,1762335366975,1800,1800,800,1801,1799,1799,1799,1800,21.052631378173828,0,14.285715103149414,0,0,0,0,0,106276.60314941406,17717.664916992188,66511.17864990234,0.201904296875,33572028416,0,788389888,0
1,1762335366976,1800,1800,800,1801,1799,1799,1799,1800,21.052631378173828,0,14.285715103149414,0,0,0,0,0,106276.60412597656,17717.669189453125,66511.17980957031,0.201904296875,33572028416,0,788389888,0
1,1762335366977,1800,1800,800,1801,1799,1799,1799,1800,21.052631378173828,0,14.285715103149414,0,0,0,0,0,106276.60510253906,17717.67352294922,66511.1812133789,0.201904296875,33572028416,0,788389888,0
1,1762335366978,1800,1800,800,1801,1799,1799,1799,1800,21.052631378173828,0,14.285715103149414,0,0,0,0,0,106276.60607910156,17717.678100585938,66511.18267822266,0.201904296875,33572028416,0,788389888,0
1,1762335366979,1800,1800,800,1801,1799,1799,1799,1800,21.052631378173828,0,14.285715103149414,0,0,0,0,0,106276.60711669922,17717.6826171875,66511.18408203125,0.201904296875,33572028416,0,788389888,0
1,1762335366980,1800,1800,800,1801,1799,1799,1799,1800,21.052631378173828,0,14.285715103149414,0,0,0,0,0,106276.60906982422,17717.68701171875,66511.18548583984,0.201904296875,33572028416,0,788389888,0
0,1762335366982,1800,1800,800,1801,1799,1799,1799,1800,21.052631378173828,0,14.285715103149414,0,0,0,0,0,106276.61004638672,17717.6953125,66511.18676757813,0.201904296875,33572028416,0,788389888,0
0,1762335366983,1800,1800,800,1801,1799,1799,1799,1800,21.052631378173828,0,14.285715103149414,0,0,0,0,0,106276.61108398438,17717.699951171875,66511.18829345703,0.201904296875,33572028416,0,788520960,0
0,1762335366984,1800,1800,800,1801,1799,1799,1799,1800,21.052631378173828,0,14.285715103149414,0,0,0,0,0,106276.61206054688,17717.704345703125,66511.18957519531,0.201904296875,33572028416,0,788520960,0
1,1762335366985,1800,1800,800,1801,1799,1799,1799,1800,21.052631378173828,0,14.285715103149414,0,0,0,0,0,106276.61309814453,17717.708740234375,66511.19079589844,0.201904296875,33572028416,0,788520960,0
1,1762335366986,1800,1800,800,1801,1799,1799,1799,1800,21.052631378173828,0,14.285715103149414,0,0,0,0,0,106276.61401367188,17717.713134765625,66511.19244384766,0.201904296875,33572028416,0,788520960,0
1,1762335366987,1800,1800,800,1801,1799,1799,1799,1800,21.052631378173828,0,14.285715103149414,0,0,0,0,0,106276.61499023438,17717.7177734375,66511.19409179688,0.201904296875,33572028416,0,788520960,0
1,1762335366988,1800,1800,800,1801,1799,1799,1799,1800,21.052631378173828,0,14.285715103149414,0,0,0,0,0,106276.61602783203,17717.72247314453,66511.19561767578,0.201904296875,33572028416,0,788520960,0
1,1762335366989,1800,1800,800,1801,1799,1799,1799,1800,21.052631378173828,0,14.285715103149414,0,0,0,0,0,106276.61700439453,17717.727111816406,66511.19702148438,0.201904296875,33572028416,0,788520960,0
1,1762335366990,1800,1800,800,1801,1799,1799,1799,1800,21.052631378173828,0,14.285715103149414,0,0,0,0,0,106276.61798095703,17717.731384277344,66511.19830322266,0.201904296875,33572028416,0,788520960,0
0,1762335366991,1800,1800,800,1801,1799,1799,1799,1800,21.052631378173828,0,14.285715103149414,0,0,0,0,0,106276.61999511719,17717.740234375,66511.19989013672,0.201904296875,33572028416,0,788520960,0
0,1762335366992,1800,1800,800,1801,1799,1799,1799,1800,21.052631378173828,0,14.285715103149414,0,0,0,0,0,106276.62097167969,17717.74444580078,66511.20111083984,0.201904296875,33572028416,0,788520960,0
0,1762335366994,1800,1800,800,1801,1799,1799,1799,1800,21.052631378173828,0,14.285715103149414,0,0,0,0,0,106276.62194824219,17717.748596191406,66511.2026977539,0.201904296875,33572028416,0,788520960,0
0,1762335366995,1800,1800,800,1801,1799,1799,1799,1800,21.052631378173828,0,14.285715103149414,0,0,0,0,0,106276.62298583984,17717.75311279297,66511.20373535156,0.201904296875,33572028416,0,788520960,0
1,1762335366996,1800,1800,800,1801,1799,1799,1799,1800,21.052631378173828,0,14.285715103149414,0,0,0,0,0,106276.62396240234,17717.75732421875,66511.205078125,0.201904296875,33572028416,0,788520960,0
1,1762335366997,1800,1800,800,1801,1799,1799,1799,1800,21.052631378173828,0,14.285715103149414,0,0,0,0,0,106276.62493896484,17717.76171875,66511.20654296875,0.201904296875,33572028416,0,788520960,0
1,1762335366998,1800,1800,800,1801,1799,1799,1799,1800,21.052631378173828,0,14.285715103149414,0,0,0,0,0,106276.62591552734,17717.766357421875,66511.20782470703,0.201904296875,33572028416,0,788520960,0
1,1762335366999,1800,1800,800,1801,1799,1799,1799,1800,21.052631378173828,0,14.285715103149414,0,0,0,0,0,106276.62689208984,17717.77081298828,66511.20959472656,0.201904296875,33572028416,0,788520960,0
1,1762335367000,1800,1800,800,1801,1799,1799,1799,1800,21.052631378173828,0,14.285715103149414,0,0,0,0,0,106276.6279296875,17717.775512695313,66511.2109375,0.201904296875,33572028416,0,788520960,0
1,1762335367001,1800,1800,800,1801,1799,1799,1799,1800,21.052631378173828,0,14.285715103149414,0,0,0,0,0,106276.62890625,17717.780029296875,66511.21240234375,0.201904296875,33572028416,0,788520960,0
1,1762335367002,1800,1800,800,1801,1799,1799,1799,1800,21.052631378173828,0,14.285715103149414,0,0,0,0,0,106276.630859375,17717.78857421875,66511.21374511719,0.201904296875,33572028416,0,788520960,0
0,1762335367003,1800,1800,800,1801,1799,1799,1799,1800,21.052631378173828,0,14.285715103149414,0,0,0,0,0,106276.63189697266,17717.792724609375,66511.21496582031,0.201904296875,33572028416,0,788520960,0
0,1762335367005,1800,1800,800,1801,1799,1799,1799,1800,21.052631378173828,0,14.285715103149414,0,0,0,0,0,106276.63287353516,17717.797119140625,66511.21630859375,0.201904296875,33572028416,0,788520960,0
0,1762335367006,1800,1800,800,1801,1799,1799,1799,1800,21.052631378173828,0,14.285715103149414,0,0,0,0,0,106276.63385009766,17717.801513671875,66511.21765136719,0.201904296875,33572028416,0,788520960,0
1,1762335367007,1800,1800,800,1801,1799,1799,1799,1800,21.052631378173828,0,14.285715103149414,0,0,0,0,0,106276.63482666016,17717.80596923828,66511.2191772461,0.201904296875,33572028416,0,788520960,0
1,1762335367008,1800,1800,800,1801,1799,1799,1799,1800,21.052631378173828,0,14.285715103149414,0,0,0,0,0,106276.63580322266,17717.810668945313,66511.220703125,0.201904296875,33572028416,0,788520960,0
1,1762335367009,1800,1800,800,1801,1799,1799,1799,1800,21.052631378173828,0,14.285715103149414,0,0,0,0,0,106276.63684082031,17717.815368652344,66511.22241210938,0.201904296875,33572028416,0,788520960,0
1,1762335367010,1800,1800,800,1801,1799,1799,1799,1800,21.052631378173828,0,14.285715103149414,0,0,0,0,0,106276.63781738281,17717.82000732422,66511.2236328125,0.201904296875,33572028416,0,788520960,0
1,1762335367011,1800,1800,800,1801,1799,1799,1799,1800,21.052631378173828,0,14.285715103149414,0,0,0,0,0,106276.63879394531,17717.824462890625,66511.22509765625,0.201904296875,33572028416,0,788520960,0
1,1762335367012,1800,1800,800,1801,1799,1799,1799,1800,21.052631378173828,0,14.285715103149414,0,0,0,0,0,106276.63977050781,17717.828735351563,66511.22644042969,0.201904296875,33572028416,0,788520960,0
1,1762335367013,1800,1800,800,1801,1799,1799,1799,1800,21.052631378173828,0,14.285715103149414,0,0,0,0,0,106276.64178466797,17717.83709716797,66511.22778320313,0.201904296875,33572028416,0,788520960,0
0,1762335367014,1800,1800,800,1801,1799,1799,1799,1800,22.22222328186035,0,0,0,0,0,0,0,106276.64276123047,17717.84161376953,66511.22943115234,0.201904296875,33572028416,0,788520960,0
0,1762335367016,1800,1800,800,1801,1799,1799,1799,1800,22.22222328186035,0,0,0,0,0,0,0,106276.64373779297,17717.84637451172,66511.2310180664,0.201904296875,33572028416,0,788520960,0
0,1762335367017,1800,1800,800,1801,1799,1799,1799,1800,22.22222328186035,0,0,0,0,0,0,0,106276.64471435547,17717.850708007813,66511.23236083984,0.201904296875,33572028416,0,788520960,0
1,1762335367018,1800,1800,800,1801,1799,1799,1799,1800,22.22222328186035,0,0,0,0,0,0,0,106276.64575195313,17717.855407714844,66511.23376464844,0.201904296875,33572028416,0,788520960,0
1,1762335367019,1800,1800,800,1801,1799,1799,1799,1800,22.22222328186035,0,0,0,0,0,0,0,106276.64672851563,17717.85986328125,66511.23541259766,0.201904296875,33572028416,0,788520960,0
1,1762335367020,1800,1800,800,1801,1799,1799,1799,1800,22.22222328186035,0,0,0,0,0,0,0,106276.64770507813,17717.864624023438,66511.23706054688,0.201904296875,33572028416,0,788520960,0
1,1762335367021,1800,1800,800,1801,1799,1799,1799,1800,22.22222328186035,0,0,0,0,0,0,0,106276.64868164063,17717.86932373047,66511.2387084961,0.201904296875,33572028416,0,788520960,0
1,1762335367022,1800,1800,800,1801,1799,1799,1799,1800,22.22222328186035,0,0,0,0,0,0,0,106276.64965820313,17717.873901367188,66511.24005126953,0.201904296875,33572028416,0,788520960,0
1,1762335367023,1800,1800,800,1801,1799,1799,1799,1800,22.22222328186035,0,0,0,0,0,0,0,106276.65069580078,17717.878356933594,66511.24145507813,0.201904296875,33572028416,0,788520960,0
1,1762335367024,1800,1800,800,1801,1799,1799,1799,1800,22.22222328186035,0,0,0,0,0,0,0,106276.65173339844,17717.8828125,66511.24255371094,0.201904296875,33572028416,0,788520960,0
0,1762335367025,1800,1800,800,1801,1799,1799,1799,1800,22.22222328186035,0,0,0,0,0,0,0,106276.65368652344,17717.891235351563,66511.24420166016,0.201904296875,33572028416,0,788520960,0
0,1762335367027,1800,1800,800,1801,1799,1799,1799,1800,22.22222328186035,0,0,0,0,0,0,0,106276.65466308594,17717.89569091797,66511.24560546875,0.201904296875,33572028416,0,788520960,0
0,1762335367028,1800,1800,800,1801,1799,1799,1799,1800,22.22222328186035,0,0,0,0,0,0,0,106276.65563964844,17717.900329589844,66511.24719238281,0.201904296875,33572028416,0,788520960,0
1,1762335367029,1800,1800,800,1801,1799,1799,1799,1800,22.22222328186035,0,0,0,0,0,0,0,106276.65661621094,17717.904846191406,66511.24871826172,0.201904296875,33572028416,0,788520960,0
1,1762335367030,1800,1800,800,1801,1799,1799,1799,1800,22.22222328186035,0,0,0,0,0,0,0,106276.65759277344,17717.90936279297,66511.25012207031,0.201904296875,33572028416,0,788520960,0
1,1762335367031,1800,1800,800,1801,1799,1799,1799,1800,22.22222328186035,0,0,0,0,0,0,0,106276.6586303711,17717.914001464844,66511.2515258789,0.201904296875,33572028416,0,788520960,0
1,1762335367032,1800,1800,800,1801,1799,1799,1799,1800,22.22222328186035,0,0,0,0,0,0,0,106276.6596069336,17717.91845703125,66511.25268554688,0.201904296875,33572028416,0,788520960,0
1,1762335367033,1800,1800,800,1801,1799,1799,1799,1800,22.22222328186035,0,0,0,0,0,0,0,106276.6605834961,17717.922790527344,66511.25421142578,0.201904296875,33572028416,0,788520960,0
1,1762335367034,1800,1800,800,1801,1799,1799,1799,1800,22.22222328186035,0,0,0,0,0,0,0,106276.66162109375,17717.927307128906,66511.25561523438,0.201904296875,33572028416,0,788520960,0
1,1762335367035,1800,1800,800,1801,1799,1799,1799,1800,22.22222328186035,0,0,0,0,0,0,0,106276.66357421875,17717.93585205078,66511.25701904297,0.201904296875,33572028416,0,788520960,0
0,1762335367036,1800,1800,800,1801,1799,1799,1799,1800,22.22222328186035,0,0,0,0,0,0,0,106276.66455078125,17717.94024658203,66511.2583618164,0.201904296875,33572028416,0,788520960,0
0,1762335367038,1800,1800,800,1801,1799,1799,1799,1800,22.22222328186035,0,0,0,0,0,0,0,106276.6655883789,17717.944702148438,66511.25988769531,0.201904296875,33572028416,0,788520960,0
0,1762335367039,1800,1800,800,1801,1799,1799,1799,1800,22.22222328186035,0,0,0,0,0,0,0,106276.66650390625,17717.94903564453,66511.2611694336,0.201904296875,33572028416,0,788520960,0
1,1762335367040,1800,1800,800,1801,1799,1799,1799,1800,22.22222328186035,0,0,0,0,0,0,0,106276.6675415039,17717.953552246094,66511.26257324219,0.201904296875,33572028416,0,788520960,0
1,1762335367041,1800,1800,800,1801,1799,1799,1799,1800,22.22222328186035,0,0,0,0,0,0,0,106276.6685180664,17717.957885742188,66511.26391601563,0.201904296875,33572028416,0,788520960,0
1,1762335367042,1800,1800,800,1801,1799,1799,1799,1800,22.22222328186035,0,0,0,0,0,0,0,106276.6694946289,17717.96221923828,66511.26513671875,0.201904296875,33572028416,0,788520960,0
1,1762335367043,1800,1800,800,1801,1799,1799,1799,1800,22.22222328186035,0,0,0,0,0,0,0,106276.6704711914,17717.966796875,66511.2666015625,0.201904296875,33572028416,0,788520960,0
1,1762335367044,1800,1800,800,1801,1799,1799,1799,1800,22.22222328186035,0,0,0,0,0,0,0,106276.67150878906,17717.971313476563,66511.26794433594,0.201904296875,33572028416,0,788520960,0
1,1762335367045,1800,1800,800,1801,1799,1799,1799,1800,22.22222328186035,0,0,0,0,0,0,0,106276.67248535156,17717.97576904297,66511.26959228516,0.201904296875,33572028416,0,788520960,0
1,1762335367046,1800,1800,800,1801,1799,1799,1799,1800,22.22222328186035,0,0,0,0,0,0,0,106276.67443847656,17717.984497070313,66511.27087402344,0.201904296875,33572028416,0,788520960,0
0,1762335367047,1800,1800,800,1801,1799,1799,1799,1800,22.22222328186035,0,0,0,0,0,0,0,106276.67547607422,17717.989013671875,66511.27258300781,0.201904296875,33572028416,0,788520960,0
0,1762335367049,1800,1800,800,1801,1799,1799,1799,1800,22.22222328186035,0,0,0,0,0,0,0,106276.67645263672,17717.993530273438,66511.27404785156,0.201904296875,33572028416,0,788520960,0
0,1762335367050,1800,1800,800,1801,1799,1799,1799,1800,22.22222328186035,0,0,0,0,0,0,0,106276.67742919922,17717.99774169922,66511.275390625,0.201904296875,33572028416,0,788520960,0
1,1762335367051,1800,1800,800,1801,1799,1799,1799,1800,22.22222328186035,0,0,0,0,0,0,0,106276.67840576172,17718.002380371094,66511.27685546875,0.201904296875,33572028416,0,788520960,0
1,1762335367052,1800,1800,800,1801,1799,1799,1799,1800,22.22222328186035,0,0,0,0,0,0,0,106276.67944335938,17718.0068359375,66511.27801513672,0.201904296875,33572028416,0,788520960,0
1,1762335367053,1800,1800,800,1801,1799,1799,1799,1800,22.22222328186035,0,0,0,0,0,0,0,106276.68035888672,17718.011169433594,66511.27941894531,0.201904296875,33572028416,0,788520960,0
1,1762335367054,1800,1800,800,1801,1799,1799,1799,1800,22.22222328186035,0,0,0,0,0,0,0,106276.68139648438,17718.015625,66511.28076171875,0.201904296875,33572028416,0,788520960,0
1,1762335367055,1800,1800,800,1801,1799,1799,1799,1800,22.22222328186035,0,0,0,0,0,0,0,106276.68237304688,17718.02032470703,66511.28228759766,0.201904296875,33572028416,0,788520960,0
1,1762335367056,1800,1800,800,1801,1799,1799,1799,1800,22.22222328186035,0,0,0,0,0,0,0,106276.68334960938,17718.02471923828,66511.28369140625,0.201904296875,33572028416,0,788520960,0
1,1762335367057,1800,1800,800,1801,1799,1799,1799,1800,22.22222328186035,0,0,0,0,0,0,0,106276.68536376953,17718.033142089844,66511.28497314453,0.201904296875,33572028416,0,788520960,0
0,1762335367059,1800,1800,800,1801,1799,1799,1799,1800,22.22222328186035,0,0,0,0,0,0,0,106276.68634033203,17718.037475585938,66511.28637695313,0.201904296875,33572028416,0,788520960,0
0,1762335367060,1800,1800,800,1801,1799,1799,1799,1800,22.22222328186035,0,0,0,0,0,0,0,106276.68731689453,17718.04168701172,66511.28759765625,0.201904296875,33572028416,0,788520960,0
0,1762335367061,1800,1800,800,1801,1799,1799,1799,1800,22.22222328186035,0,0,0,0,0,0,0,106276.68835449219,17718.046142578125,66511.28887939453,0.201904296875,33572028416,0,788520960,0
0,1762335367062,1800,1800,800,1801,1799,1799,1799,1800,22.22222328186035,0,0,0,0,0,0,0,106276.68933105469,17718.050659179688,66511.2904663086,0.201904296875,33572028416,0,788520960,0
1,1762335367063,1800,1800,800,1801,1799,1799,1799,1800,22.22222328186035,0,0,0,0,0,0,0,106276.69030761719,17718.055297851563,66511.2919921875,0.201904296875,33572028416,0,788520960,0
1,1762335367064,1800,1800,800,1801,1799,1799,1799,1800,22.22222328186035,0,0,0,0,0,0,0,106276.69134521484,17718.059997558594,66511.2935180664,0.201904296875,33572028416,0,788520960,0
1,1762335367065,1800,1800,800,1801,1799,1799,1799,1800,22.22222328186035,0,0,0,0,0,0,0,106276.69232177734,17718.06463623047,66511.29522705078,0.201904296875,33572028416,0,788520960,0
1,1762335367066,1800,1800,800,1801,1799,1799,1799,1800,22.22222328186035,0,0,0,0,0,0,0,106276.69329833984,17718.069274902344,66511.2964477539,0.201904296875,33572028416,0,788520960,0
1,1762335367067,1800,1800,800,1801,1799,1799,1799,1800,22.22222328186035,0,0,0,0,0,0,0,106276.69427490234,17718.073608398438,66511.2978515625,0.201904296875,33572028416,0,788520960,0
1,1762335367068,1800,1800,800,1801,1799,1799,1799,1800,22.22222328186035,0,0,0,0,0,0,0,106276.69525146484,17718.07781982422,66511.29919433594,0.201904296875,33572028416,0,788520960,0
0,1762335367069,1800,1800,800,1801,1799,1799,1799,1800,22.22222328186035,0,0,0,0,0,0,0,106276.69720458984,17718.08624267578,66511.30053710938,0.201904296875,33572028416,0,788520960,0
0,1762335367071,1800,1800,800,1801,1799,1799,1799,1800,22.22222328186035,0,0,0,0,0,0,0,106276.6982421875,17718.09063720703,66511.3017578125,0.201904296875,33572028416,0,788520960,0
0,1762335367072,1800,1800,800,1801,1799,1799,1799,1800,22.22222328186035,0,0,0,0,0,0,0,106276.69921875,17718.094970703125,66511.30346679688,0.201904296875,33572028416,0,788520960,0
1,1762335367073,1800,1800,800,1801,1799,1799,1799,1800,22.22222328186035,0,0,0,0,0,0,0,106276.70025634766,17718.09979248047,66511.30487060547,0.201904296875,33572028416,0,788520960,0
1,1762335367074,1800,1800,800,1801,1799,1799,1799,1800,22.22222328186035,0,0,0,0,0,0,0,106276.70123291016,17718.10418701172,66511.30633544922,0.201904296875,33572028416,0,788520960,0
1,1762335367075,1800,1800,800,1801,1799,1799,1799,1800,22.22222328186035,0,0,0,0,0,0,0,106276.70220947266,17718.108642578125,66511.30749511719,0.201904296875,33572028416,0,788520960,0
1,1762335367076,1800,1800,800,1801,1799,1799,1799,1800,22.22222328186035,0,0,0,0,0,0,0,106276.70318603516,17718.113220214844,66511.30895996094,0.201904296875,33572028416,0,788520960,0
1,1762335367077,1800,1800,800,1801,1799,1799,1799,1800,22.22222328186035,0,0,0,0,0,0,0,106276.70416259766,17718.117553710938,66511.31048583984,0.201904296875,33572028416,0,788520960,0
1,1762335367078,1800,1800,800,1801,1799,1799,1799,1800,22.22222328186035,0,0,0,0,0,0,0,106276.70520019531,17718.122131347656,66511.31188964844,0.201904296875,33572028416,0,788520960,0
1,1762335367079,1800,1800,800,1801,1799,1799,1799,1800,22.22222328186035,0,0,0,0,0,0,0,106276.70715332031,17718.13067626953,66511.31323242188,0.201904296875,33572028416,0,788520960,0
0,1762335367080,1800,1800,800,1801,1799,1799,1799,1800,22.22222328186035,0,0,0,0,0,0,0,106276.70812988281,17718.134704589844,66511.314453125,0.201904296875,33572028416,0,788520960,0
0,1762335367082,1800,1800,800,1801,1799,1799,1799,1800,22.22222328186035,0,0,0,0,0,0,0,106276.70910644531,17718.13916015625,66511.31573486328,0.201904296875,33572028416,0,788520960,0
0,1762335367083,1800,1800,800,1801,1799,1799,1799,1800,22.22222328186035,0,0,0,0,0,0,0,106276.71014404297,17718.143615722656,66511.31707763672,0.201904296875,33572028416,0,788520960,0
1,1762335367084,1800,1800,800,1801,1799,1799,1799,1800,22.22222328186035,0,0,0,0,0,0,0,106276.71112060547,17718.148071289063,66511.31860351563,0.201904296875,33572028416,0,788520960,0
1,1762335367085,1800,1800,800,1801,1799,1799,1799,1800,22.22222328186035,0,0,0,0,0,0,0,106276.71209716797,17718.152770996094,66511.32012939453,0.201904296875,33572028416,0,788520960,0
1,1762335367086,1800,1800,800,1801,1799,1799,1799,1800,22.22222328186035,0,0,0,0,0,0,0,106276.71307373047,17718.157287597656,66511.3218383789,0.201904296875,33572028416,0,788520960,0
1,1762335367087,1800,1800,800,1801,1799,1799,1799,1800,22.22222328186035,0,0,0,0,0,0,0,106276.71405029297,17718.162048339844,66511.32330322266,0.201904296875,33572028416,0,788520960,0
1,1762335367088,1800,1800,800,1801,1799,1799,1799,1800,22.22222328186035,0,0,0,0,0,0,0,106276.71508789063,17718.16668701172,66511.3247680664,0.201904296875,33572028416,0,788520960,0
1,1762335367089,1800,1800,800,1801,1799,1799,1799,1800,22.22222328186035,0,0,0,0,0,0,0,106276.71606445313,17718.171020507813,66511.32598876953,0.201904296875,33572028416,0,788520960,0
1,1762335367090,1800,1800,800,1801,1799,1799,1799,1800,22.22222328186035,0,0,0,0,0,0,0,106276.71801757813,17718.179443359375,66511.32720947266,0.201904296875,33572028416,0,788520960,0
0,1762335367091,1800,1800,800,1801,1799,1799,1799,1800,22.22222328186035,0,0,0,0,0,0,0,106276.71905517578,17718.184020996094,66511.32873535156,0.201904296875,33572028416,0,788520960,0
0,1762335367093,1800,1800,800,1801,1799,1799,1799,1800,22.22222328186035,0,0,0,0,0,0,0,106276.72003173828,17718.188354492188,66511.33032226563,0.201904296875,33572028416,0,788520960,0
0,1762335367094,1800,1800,800,1801,1799,1799,1799,1800,22.22222328186035,0,0,0,0,0,0,0,106276.72100830078,17718.19305419922,66511.33184814453,0.201904296875,33572028416,0,788520960,0
1,1762335367095,1800,1800,800,1801,1799,1799,1799,1800,22.22222328186035,0,0,0,0,0,0,0,106276.72198486328,17718.197509765625,66511.33331298828,0.201904296875,33572028416,0,788520960,0
1,1762335367096,1800,1800,800,1801,1799,1799,1799,1800,22.22222328186035,0,0,0,0,0,0,0,106276.72302246094,17718.2021484375,66511.3345336914,0.201904296875,33572028416,0,788520960,0
1,1762335367097,1800,1800,800,1801,1799,1799,1799,1800,22.22222328186035,0,0,0,0,0,0,0,106276.72399902344,17718.206481933594,66511.33587646484,0.201904296875,33572028416,0,788520960,0
1,1762335367098,1800,1800,800,1801,1799,1799,1799,1800,22.22222328186035,0,0,0,0,0,0,0,106276.72497558594,17718.210876464844,66511.33715820313,0.201904296875,33572028416,0,788520960,0
1,1762335367099,1800,1800,800,1801,1799,1799,1799,1800,22.22222328186035,0,0,0,0,0,0,0,106276.72595214844,17718.21533203125,66511.33868408203,0.201904296875,33572028416,0,788520960,0
1,1762335367100,1800,1800,800,1801,1799,1799,1799,1800,22.22222328186035,0,0,0,0,0,0,0,106276.72692871094,17718.2197265625,66511.34033203125,0.201904296875,33572028416,0,788520960,0
1,1762335367101,1800,1800,800,1801,1799,1799,1799,1800,22.22222328186035,0,0,0,0,0,0,0,106276.7279663086,17718.22430419922,66511.34143066406,0.201904296875,33572028416,0,788520960,0
0,1762335367102,1800,1800,800,1801,1799,1799,1799,1800,22.22222328186035,0,0,0,0,0,0,0,106276.7299194336,17718.232421875,66511.3427734375,0.201904296875,33572028416,0,788520960,0
0,1762335367104,1800,1800,800,1801,1799,1799,1799,1800,22.22222328186035,0,0,0,0,0,0,0,106276.7308959961,17718.236877441406,66511.34411621094,0.201904296875,33572028416,0,788520960,0
0,1762335367105,1800,1800,800,1801,1799,1799,1799,1800,22.22222328186035,0,0,0,0,0,0,0,106276.73193359375,17718.241455078125,66511.345703125,0.201904296875,33572028416,0,788520960,0
1,1762335367106,1800,1800,800,1801,1799,1799,1799,1800,22.22222328186035,0,0,0,0,0,0,0,106276.73291015625,17718.246154785156,66511.34735107422,0.201904296875,33572028416,0,788520960,0
1,1762335367107,1800,1800,800,1801,1799,1799,1799,1800,22.22222328186035,0,0,0,0,0,0,0,106276.73388671875,17718.25079345703,66511.34875488281,0.201904296875,33572028416,0,788520960,0
1,1762335367108,1800,1800,800,1801,1799,1799,1799,1800,22.22222328186035,0,0,0,0,0,0,0,106276.73486328125,17718.25518798828,66511.35028076172,0.201904296875,33572028416,0,788520960,0
1,1762335367109,1800,1800,800,1801,1799,1799,1799,1800,22.22222328186035,0,0,0,0,0,0,0,106276.7359008789,17718.259826660156,66511.35144042969,0.201904296875,33572028416,0,788520960,0
1,1762335367110,1800,1800,800,1801,1799,1799,1799,1800,22.22222328186035,0,0,0,0,0,0,0,106276.7368774414,17718.264221191406,66511.3530883789,0.201904296875,33572028416,0,788520960,0
1,1762335367111,1800,1800,800,1801,1799,1799,1799,1800,22.22222328186035,0,0,0,0,0,0,0,106276.7378540039,17718.26885986328,66511.35430908203,0.201904296875,33572028416,0,788520960,0
1,1762335367112,1800,1800,800,1801,1799,1799,1799,1800,22.22222328186035,0,0,0,0,0,0,0,106276.7398071289,17718.273071289063,66511.35571289063,0.201904296875,33572028416,0,788520960,0
0,1762335367113,1800,1800,800,1801,1799,1799,1799,1800,22.22222328186035,0,0,0,0,0,0,0,106276.74084472656,17718.281860351563,66511.35723876953,0.201904296875,33572028416,0,788520960,0
0,1762335367115,1800,1800,800,1801,1799,1799,1799,1800,22.22222328186035,0,0,0,0,0,0,0,106276.7417602539,17718.286071777344,66511.35888671875,0.201904296875,33572028416,0,788520960,0
0,1762335367116,1800,1800,800,1801,1799,1799,1799,1800,22.22222328186035,0,0,0,0,0,0,0,106276.74279785156,17718.290649414063,66511.35998535156,0.201904296875,33572028416,0,788520960,0
1,1762335367117,1800,1800,800,1801,1799,1799,1799,1800,22.22222328186035,0,0,0,0,0,0,0,106276.74377441406,17718.295043945313,66511.36145019531,0.201904296875,33572028416,0,788520960,0
1,1762335367118,1800,1800,800,1801,1799,1799,1799,1800,22.22222328186035,0,0,0,0,0,0,0,106276.74481201172,17718.299560546875,66511.36279296875,0.201904296875,33572028416,0,788520960,0
1,1762335367119,1800,1800,800,1801,1799,1799,1799,1800,22.22222328186035,0,0,0,0,0,0,0,106276.74578857422,17718.30401611328,66511.36401367188,0.201904296875,33572028416,0,788520960,0
1,1762335367120,1800,1800,800,1801,1799,1799,1799,1800,22.22222328186035,0,0,0,0,0,0,0,106276.74676513672,17718.30841064453,66511.36541748047,0.201904296875,33572028416,0,788520960,0
1,1762335367121,1800,1800,800,1801,1799,1799,1799,1800,22.22222328186035,0,0,0,0,0,0,0,106276.74774169922,17718.312744140625,66511.36669921875,0.201904296875,33572028416,0,788520960,0
1,1762335367122,1800,1800,800,1801,1799,1799,1799,1800,22.22222328186035,0,0,0,0,0,0,0,106276.74871826172,17718.31707763672,66511.36804199219,0.201904296875,33572028416,0,788520960,0
1,1762335367123,1800,1800,800,1801,1799,1799,1799,1800,22.22222328186035,0,0,0,0,0,0,0,106276.74975585938,17718.3212890625,66511.36926269531,0.201904296875,33572028416,0,788520960,0
0,1762335367124,1800,1800,800,1801,1799,1799,1799,1800,22.22222328186035,0,0,0,0,0,0,0,106276.75170898438,17718.329467773438,66511.37030029297,0.201904296875,33572028416,0,788520960,0
0,1762335367126,1800,1800,800,1801,1799,1799,1799,1800,22.22222328186035,0,0,0,0,0,0,0,106276.75274658203,17718.333862304688,66511.37158203125,0.201904296875,33572028416,0,788520960,0
0,1762335367127,1800,1800,800,1801,1799,1799,1799,1800,22.22222328186035,0,0,0,0,0,0,0,106276.75366210938,17718.33807373047,66511.37274169922,0.201904296875,33572028416,0,788520960,0
1,1762335367128,1800,1800,800,1801,1799,1799,1799,1800,22.22222328186035,0,0,0,0,0,0,0,106276.75469970703,17718.34259033203,66511.37420654297,0.201904296875,33572028416,0,788520960,0
1,1762335367129,1800,1800,800,1801,1799,1799,1799,1800,22.22222328186035,0,0,0,0,0,0,0,106276.75567626953,17718.346923828125,66511.3754272461,0.201904296875,33572028416,0,788520960,0
1,1762335367130,1800,1800,800,1801,1799,1799,1799,1800,22.22222328186035,0,0,0,0,0,0,0,106276.75665283203,17718.35107421875,66511.37658691406,0.201904296875,33572028416,0,788520960,0
1,1762335367131,1800,1800,800,1801,1799,1799,1799,1800,22.22222328186035,0,0,0,0,0,0,0,106276.75762939453,17718.355529785156,66511.37799072266,0.201904296875,33572028416,0,788520960,0
1,1762335367132,1800,1800,800,1801,1799,1799,1799,1800,22.22222328186035,0,0,0,0,0,0,0,106276.75866699219,17718.359924316406,66511.3793334961,0.201904296875,33572028416,0,788520960,0
1,1762335367133,1800,1800,800,1801,1799,1799,1799,1800,22.22222328186035,0,0,0,0,0,0,0,106276.75964355469,17718.3642578125,66511.38049316406,0.201904296875,33572028416,0,788520960,0
1,1762335367134,1800,1800,800,1801,1799,1799,1799,1800,22.22222328186035,0,0,0,0,0,0,0,106276.76062011719,17718.36846923828,66511.38189697266,0.201904296875,33572028416,0,788520960,0
0,1762335367135,1800,1800,800,1801,1799,1799,1799,1800,22.22222328186035,0,0,0,0,0,0,0,106276.76263427734,17718.376831054688,66511.38287353516,0.201904296875,33572028416,0,788520960,0
0,1762335367137,1800,1800,800,1801,1799,1799,1799,1800,22.22222328186035,0,0,0,0,0,0,0,106276.76361083984,17718.381103515625,66511.38415527344,0.201904296875,33572028416,0,788520960,0
0,1762335367138,1800,1800,800,1801,1799,1799,1799,1800,22.22222328186035,0,0,0,0,0,0,0,106276.76458740234,17718.385314941406,66511.38549804688,0.201904296875,33572028416,0,788520960,0
1,1762335367139,1800,1800,800,1801,1799,1799,1799,1800,22.22222328186035,0,0,0,0,0,0,0,106276.76556396484,17718.389709472656,66511.38659667969,0.201904296875,33572028416,0,788520960,0
1,1762335367140,1800,1800,800,1801,1799,1799,1799,1800,22.22222328186035,0,0,0,0,0,0,0,106276.76654052734,17718.39404296875,66511.38787841797,0.201904296875,33572028416,0,788520960,0
1,1762335367141,1800,1800,800,1801,1799,1799,1799,1800,22.22222328186035,0,0,0,0,0,0,0,106276.767578125,17718.398681640625,66511.38946533203,0.201904296875,33572028416,0,788520960,0
1,1762335367142,1800,1800,800,1801,1799,1799,1799,1800,22.22222328186035,0,0,0,0,0,0,0,106276.7685546875,17718.403198242188,66511.39111328125,0.201904296875,33572028416,0,788520960,0
1,1762335367143,1800,1800,800,1801,1799,1799,1799,1800,22.22222328186035,0,0,0,0,0,0,0,106276.76953125,17718.407775878906,66511.39227294922,0.201904296875,33572028416,0,788520960,0
1,1762335367144,1800,1800,800,1801,1799,1799,1799,1800,22.22222328186035,0,0,0,0,0,0,0,106276.7705078125,17718.411987304688,66511.39361572266,0.201904296875,33572028416,0,788520960,0
1,1762335367145,1800,1800,800,1801,1799,1799,1799,1800,22.22222328186035,0,0,0,0,0,0,0,106276.77154541016,17718.416259765625,66511.39489746094,0.201904296875,33572028416,0,788520960,0
0,1762335367146,1800,1800,800,1801,1799,1799,1799,1800,22.22222328186035,0,0,0,0,0,0,0,106276.77355957031,17718.4248046875,66511.39630126953,0.201904296875,33572028416,0,788520960,0
0,1762335367148,1800,1800,800,1801,1799,1799,1799,1800,22.22222328186035,0,0,0,0,0,0,0,106276.77453613281,17718.429138183594,66511.39776611328,0.201904296875,33572028416,0,788520960,0
0,1762335367149,1800,1800,800,1801,1799,1799,1799,1800,22.22222328186035,0,0,0,0,0,0,0,106276.77557373047,17718.43377685547,66511.39910888672,0.201904296875,33572028416,0,788520960,0
1,1762335367150,1800,1800,800,1801,1799,1799,1799,1800,22.22222328186035,0,0,0,0,0,0,0,106276.77655029297,17718.43798828125,66511.40045166016,0.201904296875,33572028416,0,788520960,0
1,1762335367151,1800,1800,800,1801,1799,1799,1799,1800,22.22222328186035,0,0,0,0,0,0,0,106276.77758789063,17718.44256591797,66511.40167236328,0.201904296875,33572028416,0,788520960,0
1,1762335367152,1800,1800,800,1801,1799,1799,1799,1800,22.22222328186035,0,0,0,0,0,0,0,106276.77856445313,17718.447021484375,66511.40313720703,0.201904296875,33572028416,0,788520960,0
1,1762335367153,1800,1800,800,1801,1799,1799,1799,1800,22.22222328186035,0,0,0,0,0,0,0,106276.77954101563,17718.45147705078,66511.404296875,0.201904296875,33572028416,0,788520960,0
1,1762335367154,1800,1800,800,1801,1799,1799,1799,1800,22.22222328186035,0,0,0,0,0,0,0,106276.78051757813,17718.455810546875,66511.4057006836,0.201904296875,33572028416,0,788520960,0
1,1762335367155,1800,1800,800,1801,1799,1799,1799,1800,22.22222328186035,0,0,0,0,0,0,0,106276.78155517578,17718.46014404297,66511.40698242188,0.201904296875,33572028416,0,788520960,0
1,1762335367156,1800,1800,800,1801,1799,1799,1799,1800,22.22222328186035,0,0,0,0,0,0,0,106276.78247070313,17718.464294433594,66511.408203125,0.201904296875,33572028416,0,788520960,0
0,1762335367157,1800,1800,800,1801,1799,1799,1799,1800,22.22222328186035,0,0,0,0,0,0,0,106276.78448486328,17718.472534179688,66511.40942382813,0.201904296875,33572028416,0,788520960,0
0,1762335367159,1800,1800,800,1801,1799,1799,1799,1800,22.22222328186035,0,0,0,0,0,0,0,106276.78546142578,17718.47686767578,66511.41064453125,0.201904296875,33572028416,0,788520960,0
0,1762335367160,1800,1800,800,1801,1799,1799,1799,1800,22.22222328186035,0,0,0,0,0,0,0,106276.78649902344,17718.48114013672,66511.41180419922,0.201904296875,33572028416,0,788520960,0
1,1762335367161,1800,1800,800,1801,1799,1799,1799,1800,22.22222328186035,0,0,0,0,0,0,0,106276.78741455078,17718.485412597656,66511.41302490234,0.201904296875,33572028416,0,788520960,0
1,1762335367162,1800,1800,800,1801,1799,1799,1799,1800,22.22222328186035,0,0,0,0,0,0,0,106276.78845214844,17718.489990234375,66511.41455078125,0.201904296875,33572028416,0,788520960,0
1,1762335367163,1800,1800,800,1801,1799,1799,1799,1800,22.22222328186035,0,0,0,0,0,0,0,106276.78942871094,17718.494506835938,66511.41595458984,0.201904296875,33572028416,0,788520960,0
1,1762335367164,1800,1800,800,1801,1799,1799,1799,1800,22.22222328186035,0,0,0,0,0,0,0,106276.79040527344,17718.498962402344,66511.41729736328,0.201904296875,33572028416,0,788520960,0
1,1762335367165,1800,1800,800,1801,1799,1799,1799,1800,22.22222328186035,0,0,0,0,0,0,0,106276.7914428711,17718.50341796875,66511.41845703125,0.201904296875,33572028416,0,788520960,0
1,1762335367166,1800,1800,800,1801,1799,1799,1799,1800,22.22222328186035,0,0,0,0,0,0,0,106276.7924194336,17718.507690429688,66511.419921875,0.201904296875,33572028416,0,788520960,0
1,1762335367167,1800,1800,800,1801,1799,1799,1799,1800,22.22222328186035,0,0,0,0,0,0,0,106276.7943725586,17718.515991210938,66511.42095947266,0.201904296875,33572028416,0,788520960,0
0,1762335367168,1800,1800,800,1801,1799,1799,1799,1800,22.22222328186035,0,0,0,0,0,0,0,106276.79541015625,17718.520263671875,66511.42236328125,0.201904296875,33572028416,0,788520960,0
0,1762335367170,1800,1800,800,1801,1799,1799,1799,1800,22.22222328186035,0,0,0,0,0,0,0,106276.7963256836,17718.5244140625,66511.42352294922,0.201904296875,33572028416,0,788520960,0
0,1762335367171,1800,1800,800,1801,1799,1799,1799,1800,22.22222328186035,0,0,0,0,0,0,0,106276.79736328125,17718.52880859375,66511.42486572266,0.201904296875,33572028416,0,788520960,0
1,1762335367172,1800,1800,800,1801,1799,1799,1799,1800,22.22222328186035,0,0,0,0,0,0,0,106276.79833984375,17718.533325195313,66511.4262084961,0.201904296875,33572028416,0,788520960,0
1,1762335367173,1800,1800,800,1801,1799,1799,1799,1800,22.22222328186035,0,0,0,0,0,0,0,106276.79931640625,17718.537658691406,66511.42749023438,0.201904296875,33572028416,0,788520960,0
1,1762335367174,1800,1800,800,1801,1799,1799,1799,1800,22.22222328186035,0,0,0,0,0,0,0,106276.80029296875,17718.54217529297,66511.42889404297,0.201904296875,33572028416,0,788520960,0
1,1762335367175,1800,1800,800,1801,1799,1799,1799,1800,22.22222328186035,0,0,0,0,0,0,0,106276.80126953125,17718.546508789063,66511.42999267578,0.201904296875,33572028416,0,788520960,0
1,1762335367176,1800,1800,800,1801,1799,1799,1799,1800,22.22222328186035,0,0,0,0,0,0,0,106276.8023071289,17718.551025390625,66511.43145751953,0.201904296875,33572028416,0,788520960,0
1,1762335367177,1800,1800,800,1801,1799,1799,1799,1800,22.22222328186035,0,0,0,0,0,0,0,106276.8032836914,17718.555236816406,66511.43273925781,0.201904296875,33572028416,0,788520960,0
1,1762335367178,1800,1800,800,1801,1799,1799,1799,1800,22.22222328186035,0,0,0,0,0,0,0,106276.80432128906,17718.5595703125,66511.43395996094,0.201904296875,33572028416,0,788520960,0
0,1762335367179,1800,1800,800,1801,1799,1799,1799,1800,22.22222328186035,0,0,0,0,0,0,0,106276.80627441406,17718.567749023438,66511.43524169922,0.201904296875,33572028416,0,788520960,0
0,1762335367181,1800,1800,800,1801,1799,1799,1799,1800,22.22222328186035,0,0,0,0,0,0,0,106276.80725097656,17718.57208251953,66511.43646240234,0.201904296875,33572028416,0,788520960,0
0,1762335367182,1800,1800,800,1801,1799,1799,1799,1800,22.22222328186035,0,0,0,0,0,0,0,106276.80822753906,17718.576538085938,66511.43786621094,0.201904296875,33572028416,0,788520960,0
1,1762335367183,1800,1800,800,1801,1799,1799,1799,1800,22.22222328186035,0,0,0,0,0,0,0,106276.80920410156,17718.580810546875,66511.43927001953,0.201904296875,33572028416,0,788520960,0
1,1762335367184,1800,1800,800,1801,1799,1799,1799,1800,22.22222328186035,0,0,0,0,0,0,0,106276.81024169922,17718.585388183594,66511.44049072266,0.201904296875,33572028416,0,788520960,0
1,1762335367185,1800,1800,800,1801,1799,1799,1799,1800,22.22222328186035,0,0,0,0,0,0,0,106276.81121826172,17718.58984375,66511.4419555664,0.201904296875,33572028416,0,788520960,0
1,1762335367186,1800,1800,800,1801,1799,1799,1799,1800,22.22222328186035,0,0,0,0,0,0,0,106276.81219482422,17718.594177246094,66511.44311523438,0.201904296875,33572028416,0,788520960,0
1,1762335367187,1800,1800,800,1801,1799,1799,1799,1800,22.22222328186035,0,0,0,0,0,0,0,106276.81317138672,17718.598571777344,66511.44445800781,0.201904296875,33572028416,0,788520960,0
1,1762335367188,1800,1800,800,1801,1799,1799,1799,1800,22.22222328186035,0,0,0,0,0,0,0,106276.81414794922,17718.60284423828,66511.4457397461,0.201904296875,33572028416,0,788520960,0
1,1762335367189,1800,1800,800,1801,1799,1799,1799,1800,22.22222328186035,0,0,0,0,0,0,0,106276.81616210938,17718.60711669922,66511.44696044922,0.201904296875,33572028416,0,788520960,0
0,1762335367190,1800,1800,800,1801,1799,1799,1799,1800,22.22222328186035,0,0,0,0,0,0,0,106276.81713867188,17718.615356445313,66511.44830322266,0.201904296875,33572028416,0,788520960,0
0,1762335367192,1800,1800,800,1801,1799,1799,1799,1800,22.22222328186035,0,0,0,0,0,0,0,106276.81811523438,17718.61962890625,66511.44946289063,0.201904296875,33572028416,0,788520960,0
0,1762335367193,1800,1800,800,1801,1799,1799,1799,1800,22.22222328186035,0,0,0,0,0,0,0,106276.81915283203,17718.623901367188,66511.4506225586,0.201904296875,33572028416,0,788520960,0
1,1762335367194,1800,1800,800,1801,1799,1799,1799,1800,22.22222328186035,0,0,0,0,0,0,0,106276.82012939453,17718.62841796875,66511.45196533203,0.201904296875,33572028416,0,788520960,0
1,1762335367195,1800,1800,800,1801,1799,1799,1799,1800,22.22222328186035,0,0,0,0,0,0,0,106276.82110595703,17718.632751464844,66511.45318603516,0.201904296875,33572028416,0,788520960,0
1,1762335367196,1800,1800,800,1801,1799,1799,1799,1800,22.22222328186035,0,0,0,0,0,0,0,106276.82208251953,17718.637084960938,66511.45446777344,0.201904296875,33572028416,0,788520960,0
1,1762335367197,1800,1800,800,1801,1799,1799,1799,1800,22.22222328186035,0,0,0,0,0,0,0,106276.82312011719,17718.64141845703,66511.45574951172,0.201904296875,33572028416,0,788520960,0
1,1762335367198,1800,1800,800,1801,1799,1799,1799,1800,22.22222328186035,0,0,0,0,0,0,0,106276.82409667969,17718.645751953125,66511.45721435547,0.201904296875,33572028416,0,788520960,0
1,1762335367199,1800,1800,800,1801,1799,1799,1799,1800,22.22222328186035,0,0,0,0,0,0,0,106276.82507324219,17718.650268554688,66511.4584350586,0.201904296875,33572028416,0,788520960,0
1,1762335367200,1800,1800,800,1801,1799,1799,1799,1800,22.22222328186035,0,0,0,0,0,0,0,106276.82702636719,17718.65447998047,66511.45965576172,0.201904296875,33572028416,0,788520960,0
0,1762335367201,1800,1800,800,1801,1799,1799,1799,1800,22.22222328186035,0,0,0,0,0,0,0,106276.82806396484,17718.662658691406,66511.46081542969,0.201904296875,33572028416,0,788520960,0
0,1762335367203,1800,1800,800,1801,1799,1799,1799,1800,22.22222328186035,0,0,0,0,0,0,0,106276.82904052734,17718.6669921875,66511.46203613281,0.201904296875,33572028416,0,788520960,0
0,1762335367204,1800,1800,800,1801,1799,1799,1799,1800,22.22222328186035,0,0,0,0,0,0,0,106276.83001708984,17718.671325683594,66511.46319580078,0.201904296875,33572028416,0,788520960,0
1,1762335367205,1800,1800,800,1801,1799,1799,1799,1800,22.22222328186035,0,0,0,0,0,0,0,106276.8310546875,17718.67559814453,66511.4642944336,0.201904296875,33572028416,0,788520960,0
1,1762335367206,1800,1800,800,1801,1799,1799,1799,1800,22.22222328186035,0,0,0,0,0,0,0,106276.83197021484,17718.67987060547,66511.46575927734,0.201904296875,33572028416,0,788520960,0
1,1762335367207,1800,1800,800,1801,1799,1799,1799,1800,22.22222328186035,0,0,0,0,0,0,0,106276.8330078125,17718.68438720703,66511.46697998047,0.201904296875,33572028416,0,788520960,0
1,1762335367208,1800,1800,800,1801,1799,1799,1799,1800,22.22222328186035,0,0,0,0,0,0,0,106276.833984375,17718.68878173828,66511.46856689453,0.201904296875,33572028416,0,788520960,0
1,1762335367209,1800,1800,800,1801,1799,1799,1799,1800,22.22222328186035,0,0,0,0,0,0,0,106276.8349609375,17718.693298339844,66511.47003173828,0.201904296875,33572028416,0,788520960,0
1,1762335367210,1800,1800,800,1801,1799,1799,1799,1800,22.22222328186035,0,0,0,0,0,0,0,106276.83599853516,17718.697875976563,66511.47137451172,0.201904296875,33572028416,0,788520960,0
0,1762335367211,1800,1800,800,1801,1799,1799,1799,1800,22.22222328186035,0,0,0,0,0,0,0,106276.83795166016,17718.70196533203,66511.47265625,0.201904296875,33572028416,0,788520960,0
0,1762335367212,1800,1800,800,1801,1799,1799,1799,1800,22.22222328186035,0,0,0,0,0,0,0,106276.83898925781,17718.71044921875,66511.47381591797,0.201904296875,33572028416,0,788520960,0
0,1762335367214,1800,1800,800,1801,1799,1799,1799,1800,22.22222328186035,0,0,0,0,0,0,0,106276.83996582031,17718.71466064453,66511.4750366211,0.201904296875,33572028416,0,788520960,0
0,1762335367215,1800,1800,800,1801,1799,1799,1799,1800,22.22222328186035,0,0,0,0,0,0,0,106276.84088134766,17718.718688964844,66511.47637939453,0.201904296875,33572028416,0,788520960,0
1,1762335367216,1800,1800,800,1801,1799,1799,1799,1800,22.22222328186035,0,0,0,0,0,0,0,106276.84191894531,17718.723205566406,66511.4775390625,0.201904296875,33572028416,0,788520960,0
1,1762335367217,1800,1800,800,1801,1799,1799,1799,1800,22.22222328186035,0,0,0,0,0,0,0,106276.84289550781,17718.727478027344,66511.47888183594,0.201904296875,33572028416,0,788520960,0
1,1762335367218,1800,1800,800,1801,1799,1799,1799,1800,22.22222328186035,0,0,0,0,0,0,0,106276.84387207031,17718.731811523438,66511.47998046875,0.201904296875,33572028416,0,788520960,0
1,1762335367219,1800,1800,800,1801,1799,1799,1799,1800,22.22222328186035,0,0,0,0,0,0,0,106276.84484863281,17718.736206054688,66511.48150634766,0.201904296875,33572028416,0,788520960,0
1,1762335367220,1800,1800,800,1801,1799,1799,1799,1800,22.22222328186035,0,0,0,0,0,0,0,106276.84588623047,17718.74072265625,66511.48266601563,0.201904296875,33572028416,0,788520960,0
1,1762335367221,1800,1800,800,1801,1799,1799,1799,1800,22.22222328186035,0,0,0,0,0,0,0,106276.84686279297,17718.7451171875,66511.48406982422,0.201904296875,33572028416,0,788520960,0
1,1762335367222,1800,1800,800,1801,1799,1799,1799,1800,22.22222328186035,0,0,0,0,0,0,0,106276.84790039063,17718.749450683594,66511.48553466797,0.201904296875,33572028416,0,788520960,0
0,1762335367223,1800,1800,800,1801,1799,1799,1799,1800,22.22222328186035,0,0,0,0,0,0,0,106276.84985351563,17718.757873535156,66511.48663330078,0.201904296875,33572028416,0,788520960,0
0,1762335367225,1800,1800,800,1801,1799,1799,1799,1800,22.22222328186035,0,0,0,0,0,0,0,106276.85083007813,17718.76202392578,66511.48791503906,0.201904296875,33572028416,0,788520960,0
0,1762335367226,1800,1800,800,1801,1799,1799,1799,1800,22.22222328186035,0,0,0,0,0,0,0,106276.85180664063,17718.76641845703,66511.48919677734,0.201904296875,33572028416,0,788520960,0
1,1762335367227,1800,1800,800,1801,1799,1799,1799,1800,22.22222328186035,0,0,0,0,0,0,0,106276.85284423828,17718.770874023438,66511.49053955078,0.201904296875,33572028416,0,788520960,0
1,1762335367228,1800,1800,800,1801,1799,1799,1799,1800,22.22222328186035,0,0,0,0,0,0,0,106276.85375976563,17718.775146484375,66511.49188232422,0.201904296875,33572028416,0,788520960,0
1,1762335367229,1800,1800,800,1801,1799,1799,1799,1800,22.22222328186035,0,0,0,0,0,0,0,106276.85479736328,17718.779663085938,66511.49334716797,0.201904296875,33572028416,0,788520960,0
1,1762335367230,1800,1800,800,1801,1799,1799,1799,1800,22.22222328186035,0,0,0,0,0,0,0,106276.85577392578,17718.78436279297,66511.49462890625,0.201904296875,33572028416,0,788520960,0
1,1762335367231,1800,1800,800,1801,1799,1799,1799,1800,22.22222328186035,0,0,0,0,0,0,0,106276.85681152344,17718.788818359375,66511.49609375,0.201904296875,33572028416,0,788520960,0
1,1762335367232,1800,1800,800,1801,1799,1799,1799,1800,22.22222328186035,0,0,0,0,0,0,0,106276.85772705078,17718.793029785156,66511.49737548828,0.201904296875,33572028416,0,788520960,0
1,1762335367233,1800,1800,800,1801,1799,1799,1799,1800,22.22222328186035,0,0,0,0,0,0,0,106276.85974121094,17718.801208496094,66511.4984741211,0.201904296875,33572028416,0,788520960,0
0,1762335367234,1800,1800,800,1801,1799,1799,1799,1800,22.22222328186035,0,0,0,0,0,0,0,106276.86071777344,17718.805541992188,66511.49987792969,0.201904296875,33572028416,0,788520960,0
0,1762335367236,1800,1800,800,1801,1799,1799,1799,1800,22.22222328186035,0,0,0,0,0,0,0,106276.86169433594,17718.80975341797,66511.50103759766,0.201904296875,33572028416,0,788520960,0
0,1762335367237,1800,1800,800,1801,1799,1799,1799,1800,22.22222328186035,0,0,0,0,0,0,0,106276.86267089844,17718.814086914063,66511.50225830078,0.201904296875,33572028416,0,788520960,0
1,1762335367238,1800,1800,800,1801,1799,1799,1799,1800,22.22222328186035,0,0,0,0,0,0,0,106276.8637084961,17718.818298339844,66511.50341796875,0.201904296875,33572028416,0,788520960,0
1,1762335367239,1800,1800,800,1801,1799,1799,1799,1800,22.22222328186035,0,0,0,0,0,0,0,106276.8646850586,17718.82275390625,66511.50482177734,0.201904296875,33572028416,0,788520960,0
1,1762335367240,1800,1800,800,1801,1799,1799,1799,1800,22.22222328186035,0,0,0,0,0,0,0,106276.8656616211,17718.827270507813,66511.50622558594,0.201904296875,33572028416,0,788520960,0
1,1762335367241,1800,1800,800,1801,1799,1799,1799,1800,22.22222328186035,0,0,0,0,0,0,0,106276.8666381836,17718.831787109375,66511.50769042969,0.201904296875,33572028416,0,788520960,0
1,1762335367242,1800,1800,800,1801,1799,1799,1799,1800,22.22222328186035,0,0,0,0,0,0,0,106276.86767578125,17718.83624267578,66511.5087890625,0.201904296875,33572028416,0,788520960,0
1,1762335367243,1800,1800,800,1801,1799,1799,1799,1800,22.22222328186035,0,0,0,0,0,0,0,106276.86865234375,17718.840454101563,66511.5101928711,0.201904296875,33572028416,0,788520960,0
1,1762335367244,1800,1800,800,1801,1799,1799,1799,1800,22.22222328186035,0,0,0,0,0,0,0,106276.86962890625,17718.844787597656,66511.51135253906,0.201904296875,33572028416,0,788520960,0
0,1762335367245,1800,1800,800,1801,1799,1799,1799,1800,22.22222328186035,0,0,0,0,0,0,0,106276.8716430664,17718.853149414063,66511.51257324219,0.201904296875,33572028416,0,788520960,0
0,1762335367247,1800,1800,800,1801,1799,1799,1799,1800,22.22222328186035,0,0,0,0,0,0,0,106276.8726196289,17718.857421875,66511.51385498047,0.201904296875,33572028416,0,788520960,0
0,1762335367248,1800,1800,800,1801,1799,1799,1799,1800,22.22222328186035,0,0,0,0,0,0,0,106276.8735961914,17718.861694335938,66511.51513671875,0.201904296875,33572028416,0,788520960,0
1,1762335367249,1800,1800,800,1801,1799,1799,1799,1800,22.22222328186035,0,0,0,0,0,0,0,106276.87463378906,17718.866271972656,66511.51666259766,0.201904296875,33572028416,0,788520960,0
1,1762335367250,1800,1800,800,1801,1799,1799,1799,1800,22.22222328186035,0,0,0,0,0,0,0,106276.8755493164,17718.87060546875,66511.51788330078,0.201904296875,33572028416,0,788520960,0
1,1762335367251,1800,1800,800,1801,1799,1799,1799,1800,22.22222328186035,0,0,0,0,0,0,0,106276.8765258789,17718.875,66511.51928710938,0.201904296875,33572028416,0,788520960,0
1,1762335367252,1800,1800,800,1801,1799,1799,1799,1800,22.22222328186035,0,0,0,0,0,0,0,106276.87756347656,17718.87957763672,66511.52056884766,0.201904296875,33572028416,0,788520960,0
1,1762335367253,1800,1800,800,1801,1799,1799,1799,1800,22.22222328186035,0,0,0,0,0,0,0,106276.87854003906,17718.883911132813,66511.52185058594,0.201904296875,33572028416,0,788520960,0
1,1762335367254,1800,1800,800,1801,1799,1799,1799,1800,22.22222328186035,0,0,0,0,0,0,0,106276.87951660156,17718.888061523438,66511.52313232422,0.201904296875,33572028416,0,788520960,0
1,1762335367255,1800,1800,800,1801,1799,1799,1799,1800,22.22222328186035,0,0,0,0,0,0,0,106276.88153076172,17718.896423339844,66511.52423095703,0.201904296875,33572028416,0,788520960,0
0,1762335367256,1800,1800,800,1801,1799,1799,1799,1800,22.22222328186035,0,0,0,0,0,0,0,106276.88250732422,17718.90057373047,66511.52557373047,0.201904296875,33572028416,0,788520960,0
0,1762335367258,1800,1800,800,1801,1799,1799,1799,1800,22.22222328186035,0,0,0,0,0,0,0,106276.88348388672,17718.904907226563,66511.5267944336,0.201904296875,33572028416,0,788520960,0
0,1762335367259,1800,1800,800,1801,1799,1799,1799,1800,22.22222328186035,0,0,0,0,0,0,0,106276.88452148438,17718.909240722656,66511.5278930664,0.201904296875,33572028416,0,788520960,0
1,1762335367260,1800,1800,800,1801,1799,1799,1799,1800,22.22222328186035,0,0,0,0,0,0,0,106276.88549804688,17718.913513183594,66511.52923583984,0.201904296875,33572028416,0,788520960,0
1,1762335367261,1800,1800,800,1801,1799,1799,1799,1800,22.22222328186035,0,0,0,0,0,0,0,106276.88647460938,17718.91796875,66511.53045654297,0.201904296875,33572028416,0,788520960,0
1,1762335367262,1800,1800,800,1801,1799,1799,1799,1800,22.22222328186035,0,0,0,0,0,0,0,106276.88745117188,17718.922241210938,66511.53186035156,0.201904296875,33572028416,0,788520960,0
1,1762335367263,1800,1800,800,1801,1799,1799,1799,1800,22.22222328186035,0,0,0,0,0,0,0,106276.88842773438,17718.926635742188,66511.53308105469,0.201904296875,33572028416,0,788520960,0
1,1762335367264,1800,1800,800,1801,1799,1799,1799,1800,22.22222328186035,0,0,0,0,0,0,0,106276.88946533203,17718.931091308594,66511.53448486328,0.201904296875,33572028416,0,788520960,0
1,1762335367265,1800,1800,800,1801,1799,1799,1799,1800,22.22222328186035,0,0,0,0,0,0,0,106276.89044189453,17718.935485839844,66511.5357055664,0.201904296875,33572028416,0,788520960,0
1,1762335367266,1800,1800,800,1801,1799,1799,1799,1800,22.22222328186035,0,0,0,0,0,0,0,106276.89141845703,17718.93963623047,66511.53698730469,0.201904296875,33572028416,0,788520960,0
0,1762335367267,1800,1800,800,1801,1799,1799,1799,1800,22.22222328186035,0,0,0,0,0,0,0,106276.89343261719,17718.94805908203,66511.53814697266,0.201904296875,33572028416,0,788520960,0
0,1762335367269,1800,1800,800,1801,1799,1799,1799,1800,22.22222328186035,0,0,0,0,0,0,0,106276.89440917969,17718.95233154297,66511.53936767578,0.201904296875,33572028416,0,788520960,0
0,1762335367270,1800,1800,800,1801,1799,1799,1799,1800,22.22222328186035,0,0,0,0,0,0,0,106276.89538574219,17718.956481933594,66511.54071044922,0.201904296875,33572028416,0,788520960,0
1,1762335367271,1800,1800,800,1801,1799,1799,1799,1800,22.22222328186035,0,0,0,0,0,0,0,106276.89636230469,17718.960998535156,66511.54205322266,0.201904296875,33572028416,0,788520960,0
1,1762335367272,1800,1800,800,1801,1799,1799,1799,1800,22.22222328186035,0,0,0,0,0,0,0,106276.89733886719,17718.965270996094,66511.54327392578,0.201904296875,33572028416,0,788520960,0
1,1762335367273,1800,1800,800,1801,1799,1799,1799,1800,22.22222328186035,0,0,0,0,0,0,0,106276.89831542969,17718.969604492188,66511.5444946289,0.201904296875,33572028416,0,788520960,0
1,1762335367274,1800,1800,800,1801,1799,1799,1799,1800,22.22222328186035,0,0,0,0,0,0,0,106276.89935302734,17718.974060058594,66511.54571533203,0.201904296875,33572028416,0,788520960,0
1,1762335367275,1800,1800,800,1801,1799,1799,1799,1800,22.22222328186035,0,0,0,0,0,0,0,106276.90032958984,17718.978454589844,66511.54718017578,0.201904296875,33572028416,0,788520960,0
1,1762335367276,1800,1800,800,1801,1799,1799,1799,1800,22.22222328186035,0,0,0,0,0,0,0,106276.90130615234,17718.982971191406,66511.54846191406,0.201904296875,33572028416,0,788520960,0
1,1762335367277,1800,1800,800,1801,1799,1799,1799,1800,22.22222328186035,0,0,0,0,0,0,0,106276.90228271484,17718.98699951172,66511.5498046875,0.201904296875,33572028416,0,788520960,0
0,1762335367278,1800,1800,800,1801,1799,1799,1799,1800,22.22222328186035,0,0,0,0,0,0,0,106276.904296875,17718.995483398438,66511.55084228516,0.201904296875,33572028416,0,788520960,0
0,1762335367280,1800,1800,800,1801,1799,1799,1799,1800,22.22222328186035,0,0,0,0,0,0,0,106276.9052734375,17718.999572753906,66511.55212402344,0.201904296875,33572028416,0,788520960,0
0,1762335367281,1800,1800,800,1801,1799,1799,1799,1800,22.22222328186035,0,0,0,0,0,0,0,106276.90631103516,17719.00390625,66511.5532836914,0.201904296875,33572028416,0,788520960,0
1,1762335367282,1800,1800,800,1801,1799,1799,1799,1800,22.22222328186035,0,0,0,0,0,0,0,106276.90728759766,17719.00811767578,66511.55432128906,0.201904296875,33572028416,0,788520960,0
1,1762335367283,1800,1800,800,1801,1799,1799,1799,1800,22.22222328186035,0,0,0,0,0,0,0,106276.908203125,17719.01239013672,66511.55572509766,0.201904296875,33572028416,0,788520960,0
1,1762335367284,1800,1800,800,1801,1799,1799,1799,1800,22.22222328186035,0,0,0,0,0,0,0,106276.90924072266,17719.016845703125,66511.55694580078,0.201904296875,33572028416,0,788520960,0
1,1762335367285,1800,1800,800,1801,1799,1799,1799,1800,22.22222328186035,0,0,0,0,0,0,0,106276.91027832031,17719.021484375,66511.55847167969,0.201904296875,33572028416,0,788520960,0
1,1762335367286,1800,1800,800,1801,1799,1799,1799,1800,22.22222328186035,0,0,0,0,0,0,0,106276.91125488281,17719.026000976563,66511.5599975586,0.201904296875,33572028416,0,788520960,0
1,1762335367287,1800,1800,800,1801,1799,1799,1799,1800,22.22222328186035,0,0,0,0,0,0,0,106276.91223144531,17719.030395507813,66511.56134033203,0.201904296875,33572028416,0,788520960,0
1,1762335367288,1800,1800,800,1801,1799,1799,1799,1800,22.22222328186035,0,0,0,0,0,0,0,106276.91320800781,17719.034729003906,66511.5625,0.201904296875,33572028416,0,788520960,0
0,1762335367289,1800,1800,800,1801,1799,1799,1799,1800,22.22222328186035,0,0,0,0,0,0,0,106276.91516113281,17719.04296875,66511.5639038086,0.201904296875,33572028416,0,788520960,0
0,1762335367291,1800,1800,800,1801,1799,1799,1799,1800,22.22222328186035,0,0,0,0,0,0,0,106276.91619873047,17719.047241210938,66511.56506347656,0.201904296875,33572028416,0,788520960,0
0,1762335367292,1800,1800,800,1801,1799,1799,1799,1800,22.22222328186035,0,0,0,0,0,0,0,106276.91717529297,17719.05157470703,66511.56622314453,0.201904296875,33572028416,0,788520960,0
1,1762335367293,1800,1800,800,1801,1799,1799,1799,1800,22.22222328186035,0,0,0,0,0,0,0,106276.91815185547,17719.055908203125,66511.56750488281,0.201904296875,33572028416,0,788520960,0
1,1762335367294,1800,1800,800,1801,1799,1799,1799,1800,22.22222328186035,0,0,0,0,0,0,0,106276.91918945313,17719.060302734375,66511.56872558594,0.201904296875,33572028416,0,788520960,0
1,1762335367295,1800,1800,800,1801,1799,1799,1799,1800,22.22222328186035,0,0,0,0,0,0,0,106276.92016601563,17719.064514160156,66511.57000732422,0.201904296875,33572028416,0,788520960,0
1,1762335367296,1800,1800,800,1801,1799,1799,1799,1800,22.22222328186035,0,0,0,0,0,0,0,106276.92114257813,17719.068969726563,66511.57135009766,0.201904296875,33572028416,0,788520960,0
1,1762335367297,1800,1800,800,1801,1799,1799,1799,1800,22.22222328186035,0,0,0,0,0,0,0,106276.92211914063,17719.073364257813,66511.57263183594,0.201904296875,33572028416,0,788520960,0
1,1762335367298,1800,1800,800,1801,1799,1799,1799,1800,22.22222328186035,0,0,0,0,0,0,0,106276.92309570313,17719.077697753906,66511.57397460938,0.201904296875,33572028416,0,788520960,0
1,1762335367299,1800,1800,800,1801,1799,1799,1799,1800,22.22222328186035,0,0,0,0,0,0,0,106276.92407226563,17719.081787109375,66511.57525634766,0.201904296875,33572028416,0,788520960,0
0,1762335367300,1800,1800,800,1801,1799,1799,1799,1800,22.22222328186035,0,0,0,0,0,0,0,106276.92608642578,17719.090209960938,66511.57629394531,0.201904296875,33572028416,0,788520960,0
0,1762335367302,1800,1800,800,1801,1799,1799,1799,1800,22.22222328186035,0,0,0,0,0,0,0,106276.92706298828,17719.094299316406,66511.5776977539,0.201904296875,33572028416,0,788520960,0
0,1762335367303,1800,1800,800,1801,1799,1799,1799,1800,22.22222328186035,0,0,0,0,0,0,0,106276.92803955078,17719.098693847656,66511.57891845703,0.201904296875,33572028416,0,788520960,0
1,1762335367304,1800,1800,800,1801,1799,1799,1799,1800,22.22222328186035,0,0,0,0,0,0,0,106276.92907714844,17719.103088378906,66511.57989501953,0.201904296875,33572028416,0,788520960,0
1,1762335367305,1800,1800,800,1801,1799,1799,1799,1800,22.22222328186035,0,0,0,0,0,0,0,106276.93005371094,17719.107482910156,66511.58142089844,0.201904296875,33572028416,0,788520960,0
1,1762335367306,1800,1800,800,1801,1799,1799,1799,1800,22.22222328186035,0,0,0,0,0,0,0,106276.93103027344,17719.11199951172,66511.58282470703,0.201904296875,33572028416,0,788520960,0
1,1762335367307,1800,1800,800,1801,1799,1799,1799,1800,22.22222328186035,0,0,0,0,0,0,0,106276.93200683594,17719.116455078125,66511.58459472656,0.201904296875,33572028416,0,788520960,0
1,1762335367308,1800,1800,800,1801,1799,1799,1799,1800,22.22222328186035,0,0,0,0,0,0,0,106276.9330444336,17719.12139892578,66511.58581542969,0.201904296875,33572028416,0,788520960,0
1,1762335367309,1800,1800,800,1801,1799,1799,1799,1800,22.22222328186035,0,0,0,0,0,0,0,106276.9340209961,17719.125610351563,66511.58721923828,0.201904296875,33572028416,0,788520960,0
1,1762335367310,1800,1800,800,1801,1799,1799,1799,1800,22.22222328186035,0,0,0,0,0,0,0,106276.9359741211,17719.133850097656,66511.5883178711,0.201904296875,33572028416,0,788520960,0
0,1762335367311,1800,1800,800,1801,1799,1799,1799,1800,22.22222328186035,0,0,0,0,0,0,0,106276.9369506836,17719.138122558594,66511.58972167969,0.201904296875,33572028416,0,788520960,0
0,1762335367313,1800,1800,800,1801,1799,1799,1799,1800,22.22222328186035,0,0,0,0,0,0,0,106276.93798828125,17719.142456054688,66511.59094238281,0.201904296875,33572028416,0,788520960,0
0,1762335367314,1800,1800,800,1801,1799,1799,1799,1800,22.22222328186035,0,0,0,0,0,0,0,106276.93896484375,17719.146850585938,66511.59228515625,0.201904296875,33572028416,0,788520960,0
1,1762335367315,1800,1800,800,1801,1799,1799,1799,1800,22.22222328186035,0,0,0,0,0,0,0,106276.93994140625,17719.151245117188,66511.59375,0.201904296875,33572028416,0,788520960,0
1,1762335367316,1800,1800,800,1801,1799,1799,1799,1800,22.22222328186035,0,0,0,0,0,0,0,106276.94091796875,17719.15576171875,66511.59503173828,0.201904296875,33572028416,0,788520960,0
1,1762335367317,1800,1800,800,1801,1799,1799,1799,1800,22.22222328186035,0,0,0,0,0,0,0,106276.9419555664,17719.160278320313,66511.59643554688,0.201904296875,33572028416,0,788520960,0
1,1762335367318,1800,1800,800,1801,1799,1799,1799,1800,22.22222328186035,0,0,0,0,0,0,0,106276.94287109375,17719.16485595703,66511.59814453125,0.201904296875,33572028416,0,788520960,0
1,1762335367319,1800,1800,800,1801,1799,1799,1799,1800,22.22222328186035,0,0,0,0,0,0,0,106276.9439086914,17719.169494628906,66511.59942626953,0.201904296875,33572028416,0,788520960,0
1,1762335367320,1800,1800,800,1801,1799,1799,1799,1800,22.22222328186035,0,0,0,0,0,0,0,106276.9448852539,17719.173706054688,66511.6005859375,0.201904296875,33572028416,0,788520960,0
1,1762335367321,1800,1800,800,1801,1799,1799,1799,1800,22.22222328186035,0,0,0,0,0,0,0,106276.9468383789,17719.182006835938,66511.60186767578,0.201904296875,33572028416,0,788520960,0
0,1762335367322,1800,1800,800,1801,1799,1799,1799,1800,22.22222328186035,0,0,0,0,0,0,0,106276.94787597656,17719.186157226563,66511.60314941406,0.201904296875,33572028416,0,788520960,0
0,1762335367324,1800,1800,800,1801,1799,1799,1799,1800,22.22222328186035,0,0,0,0,0,0,0,106276.94885253906,17719.190551757813,66511.60443115234,0.201904296875,33572028416,0,788520960,0
0,1762335367325,1800,1800,800,1801,1799,1799,1799,1800,22.22222328186035,0,0,0,0,0,0,0,106276.94982910156,17719.19482421875,66511.60565185547,0.201904296875,33572028416,0,788520960,0
0,1762335367326,1800,1800,800,1801,1799,1799,1799,1800,22.22222328186035,0,0,0,0,0,0,0,106276.95086669922,17719.199340820313,66511.60723876953,0.201904296875,33572028416,0,788520960,0
1,1762335367327,1800,1800,800,1801,1799,1799,1799,1800,22.22222328186035,0,0,0,0,0,0,0,106276.95184326172,17719.203857421875,66511.60858154297,0.201904296875,33572028416,0,788520960,0
1,1762335367328,1800,1800,800,1801,1799,1799,1799,1800,22.22222328186035,0,0,0,0,0,0,0,106276.95281982422,17719.20831298828,66511.6099243164,0.201904296875,33572028416,0,788520960,0
1,1762335367329,1800,1800,800,1801,1799,1799,1799,1800,22.22222328186035,0,0,0,0,0,0,0,106276.95379638672,17719.212829589844,66511.61114501953,0.201904296875,33572028416,0,788520960,0
1,1762335367330,1800,1800,800,1801,1799,1799,1799,1800,22.22222328186035,0,0,0,0,0,0,0,106276.95483398438,17719.217224121094,66511.61254882813,0.201904296875,33572028416,0,788520960,0
1,1762335367331,1800,1800,800,1801,1799,1799,1799,1800,22.22222328186035,0,0,0,0,0,0,0,106276.95574951172,17719.221435546875,66511.61376953125,0.201904296875,33572028416,0,788520960,0
1,1762335367332,1800,1800,800,1801,1799,1799,1799,1800,22.22222328186035,0,0,0,0,0,0,0,106276.95678710938,17719.225708007813,66511.61505126953,0.201904296875,33572028416,0,788520960,0
0,1762335367333,1800,1800,800,1801,1799,1799,1799,1800,22.22222328186035,0,0,0,0,0,0,0,106276.95880126953,17719.234252929688,66511.61633300781,0.201904296875,33572028416,0,788520960,0
0,1762335367335,1800,1800,800,1801,1799,1799,1799,1800,22.22222328186035,0,0,0,0,0,0,0,106276.95977783203,17719.238525390625,66511.61767578125,0.201904296875,33572028416,0,788520960,0
0,1762335367336,1800,1800,800,1801,1799,1799,1799,1800,22.22222328186035,0,0,0,0,0,0,0,106276.96075439453,17719.24298095703,66511.61901855469,0.201904296875,33572028416,0,788520960,0
1,1762335367337,1800,1800,800,1801,1799,1799,1799,1800,22.22222328186035,0,0,0,0,0,0,0,106276.96173095703,17719.247314453125,66511.62042236328,0.201904296875,33572028416,0,788520960,0
1,1762335367338,1800,1800,800,1801,1799,1799,1799,1800,22.22222328186035,0,0,0,0,0,0,0,106276.96270751953,17719.251708984375,66511.62158203125,0.201904296875,33572028416,0,788520960,0
1,1762335367339,1800,1800,800,1801,1799,1799,1799,1800,22.22222328186035,0,0,0,0,0,0,0,106276.96368408203,17719.256103515625,66511.62298583984,0.201904296875,33572028416,0,788520960,0
1,1762335367340,1800,1800,800,1801,1799,1799,1799,1800,22.22222328186035,0,0,0,0,0,0,0,106276.96466064453,17719.26043701172,66511.62408447266,0.201904296875,33572028416,0,788520960,0
1,1762335367341,1800,1800,800,1801,1799,1799,1799,1800,22.22222328186035,0,0,0,0,0,0,0,106276.96569824219,17719.264770507813,66511.6255493164,0.201904296875,33572028416,0,788520960,0
1,1762335367342,1800,1800,800,1801,1799,1799,1799,1800,22.22222328186035,0,0,0,0,0,0,0,106276.96667480469,17719.269165039063,66511.62670898438,0.201904296875,33572028416,0,788520960,0
1,1762335367343,1800,1800,800,1801,1799,1799,1799,1800,22.22222328186035,0,0,0,0,0,0,0,106276.96868896484,17719.277465820313,66511.62799072266,0.201904296875,33572028416,0,788520960,0
0,1762335367344,1800,1800,800,1801,1799,1799,1799,1800,22.22222328186035,0,0,0,0,0,0,0,106276.96966552734,17719.28173828125,66511.62939453125,0.201904296875,33572028416,0,788520960,0
0,1762335367346,1800,1800,800,1801,1799,1799,1799,1800,22.22222328186035,0,0,0,0,0,0,0,106276.97064208984,17719.286010742188,66511.63055419922,0.201904296875,33572028416,0,788520960,0
0,1762335367347,1800,1800,800,1801,1799,1799,1799,1800,22.22222328186035,0,0,0,0,0,0,0,106276.97161865234,17719.290466308594,66511.63195800781,0.201904296875,33572028416,0,788520960,0
1,1762335367348,1800,1800,800,1801,1799,1799,1799,1800,22.22222328186035,0,0,0,0,0,0,0,106276.97265625,17719.294921875,66511.63330078125,0.201904296875,33572028416,0,788520960,0
1,1762335367349,1800,1800,800,1801,1799,1799,1799,1800,22.22222328186035,0,0,0,0,0,0,0,106276.97357177734,17719.299194335938,66511.63452148438,0.201904296875,33572028416,0,788520960,0
1,1762335367350,1800,1800,800,1801,1799,1799,1799,1800,22.22222328186035,0,0,0,0,0,0,0,106276.974609375,17719.303649902344,66511.63586425781,0.201904296875,33572028416,0,788520960,0
1,1762335367351,1800,1800,800,1801,1799,1799,1799,1800,22.22222328186035,0,0,0,0,0,0,0,106276.9755859375,17719.30792236328,66511.63702392578,0.201904296875,33572028416,0,788520960,0
1,1762335367352,1800,1800,800,1801,1799,1799,1799,1800,22.22222328186035,0,0,0,0,0,0,0,106276.9765625,17719.312377929688,66511.63842773438,0.201904296875,33572028416,0,788520960,0
1,1762335367353,1800,1800,800,1801,1799,1799,1799,1800,22.22222328186035,0,0,0,0,0,0,0,106276.97760009766,17719.31689453125,66511.63989257813,0.201904296875,33572028416,0,788520960,0
1,1762335367354,1800,1800,800,1801,1799,1799,1799,1800,22.22222328186035,0,0,0,0,0,0,0,106276.97857666016,17719.3212890625,66511.6411743164,0.201904296875,33572028416,0,788520960,0
0,1762335367355,1800,1800,800,1801,1799,1799,1799,1800,22.22222328186035,0,0,0,0,0,0,0,106276.98052978516,17719.32958984375,66511.64251708984,0.201904296875,33572028416,0,788520960,0
0,1762335367357,1800,1800,800,1801,1799,1799,1799,1800,22.22222328186035,0,0,0,0,0,0,0,106276.98150634766,17719.333923339844,66511.64373779297,0.201904296875,33572028416,0,788520960,0
0,1762335367358,1800,1800,800,1801,1799,1799,1799,1800,22.22222328186035,0,0,0,0,0,0,0,106276.98254394531,17719.338256835938,66511.64489746094,0.201904296875,33572028416,0,788520960,0
0,1762335367359,1800,1800,800,1801,1799,1799,1799,1800,22.22222328186035,0,0,0,0,0,0,0,106276.98352050781,17719.34246826172,66511.64599609375,0.201904296875,33572028416,0,788520960,0
1,1762335367360,1800,1800,800,1801,1799,1799,1799,1800,22.22222328186035,0,0,0,0,0,0,0,106276.98449707031,17719.346740722656,66511.64721679688,0.201904296875,33572028416,0,788520960,0
1,1762335367361,1800,1800,800,1801,1799,1799,1799,1800,22.22222328186035,0,0,0,0,0,0,0,106276.98547363281,17719.351135253906,66511.64849853516,0.201904296875,33572028416,0,788520960,0
1,1762335367362,1800,1800,800,1801,1799,1799,1799,1800,22.22222328186035,0,0,0,0,0,0,0,106276.98651123047,17719.355590820313,66511.6499633789,0.201904296875,33572028416,0,788520960,0
1,1762335367363,1800,1800,800,1801,1799,1799,1799,1800,22.22222328186035,0,0,0,0,0,0,0,106276.98748779297,17719.360107421875,66511.65124511719,0.201904296875,33572028416,0,788520960,0
1,1762335367364,1800,1800,800,1801,1799,1799,1799,1800,22.22222328186035,0,0,0,0,0,0,0,106276.98846435547,17719.364318847656,66511.65258789063,0.201904296875,33572028416,0,788520960,0
1,1762335367365,1800,1800,800,1801,1799,1799,1799,1800,22.22222328186035,0,0,0,0,0,0,0,106276.98944091797,17719.36865234375,66511.65380859375,0.201904296875,33572028416,0,788520960,0
0,1762335367366,1800,1800,800,1801,1799,1799,1799,1800,22.22222328186035,0,0,0,0,0,0,0,106276.99139404297,17719.376708984375,66511.65490722656,0.201904296875,33572028416,0,788520960,0
0,1762335367368,1800,1800,800,1801,1799,1799,1799,1800,22.22222328186035,0,0,0,0,0,0,0,106276.99243164063,17719.381103515625,66511.65612792969,0.201904296875,33572028416,0,788520960,0
0,1762335367369,1800,1800,800,1801,1799,1799,1799,1800,22.22222328186035,0,0,0,0,0,0,0,106276.99340820313,17719.385314941406,66511.65740966797,0.201904296875,33572028416,0,788520960,0
1,1762335367370,1800,1800,800,1801,1799,1799,1799,1800,22.22222328186035,0,0,0,0,0,0,0,106276.99444580078,17719.38983154297,66511.65869140625,0.201904296875,33572028416,0,788520960,0
1,1762335367371,1800,1800,800,1801,1799,1799,1799,1800,22.22222328186035,0,0,0,0,0,0,0,106276.99542236328,17719.39422607422,66511.66003417969,0.201904296875,33572028416,0,788520960,0
1,1762335367372,1800,1800,800,1801,1799,1799,1799,1800,22.22222328186035,0,0,0,0,0,0,0,106276.99639892578,17719.398681640625,66511.66143798828,0.201904296875,33572028416,0,788520960,0
1,1762335367373,1800,1800,800,1801,1799,1799,1799,1800,22.22222328186035,0,0,0,0,0,0,0,106276.99737548828,17719.403076171875,66511.66278076172,0.201904296875,33572028416,0,788520960,0
1,1762335367374,1800,1800,800,1801,1799,1799,1799,1800,22.22222328186035,0,0,0,0,0,0,0,106276.99835205078,17719.40753173828,66511.66418457031,0.201904296875,33572028416,0,788520960,0
1,1762335367375,1800,1800,800,1801,1799,1799,1799,1800,22.22222328186035,0,0,0,0,0,0,0,106276.99932861328,17719.411865234375,66511.66540527344,0.201904296875,33572028416,0,788520960,0
1,1762335367376,1800,1800,800,1801,1799,1799,1799,1800,22.22222328186035,0,0,0,0,0,0,0,106277.00134277344,17719.420288085938,66511.66674804688,0.201904296875,33572028416,0,788520960,0
0,1762335367377,1800,1800,800,1801,1799,1799,1799,1800,22.22222328186035,0,0,0,0,0,0,0,106277.00231933594,17719.42431640625,66511.66790771484,0.201904296875,33572028416,0,788520960,0
0,1762335367379,1800,1800,800,1801,1799,1799,1799,1800,22.22222328186035,0,0,0,0,0,0,0,106277.00329589844,17719.428649902344,66511.66906738281,0.201904296875,33572028416,0,788520960,0
0,1762335367380,1800,1800,800,1801,1799,1799,1799,1800,22.22222328186035,0,0,0,0,0,0,0,106277.00427246094,17719.43280029297,66511.67022705078,0.201904296875,33572028416,0,788520960,0
1,1762335367381,1800,1800,800,1801,1799,1799,1799,1800,22.22222328186035,0,0,0,0,0,0,0,106277.0053100586,17719.43719482422,66511.67138671875,0.201904296875,33572028416,0,788520960,0
1,1762335367382,1800,1800,800,1801,1799,1799,1799,1800,22.22222328186035,0,0,0,0,0,0,0,106277.0062866211,17719.441467285156,66511.67266845703,0.201904296875,33572028416,0,788520960,0
1,1762335367383,1800,1800,800,1801,1799,1799,1799,1800,22.22222328186035,0,0,0,0,0,0,0,106277.0072631836,17719.445678710938,66511.67407226563,0.201904296875,33572028416,0,788520960,0
1,1762335367384,1800,1800,800,1801,1799,1799,1799,1800,22.22222328186035,0,0,0,0,0,0,0,106277.0082397461,17719.450256347656,66511.67559814453,0.201904296875,33572028416,0,788520960,0
1,1762335367385,1800,1800,800,1801,1799,1799,1799,1800,22.22222328186035,0,0,0,0,0,0,0,106277.00927734375,17719.454956054688,66511.67681884766,0.201904296875,33572028416,0,788520960,0
1,1762335367386,1800,1800,800,1801,1799,1799,1799,1800,22.22222328186035,0,0,0,0,0,0,0,106277.01025390625,17719.459228515625,66511.6781616211,0.201904296875,33572028416,0,788520960,0
1,1762335367387,1800,1800,800,1801,1799,1799,1799,1800,22.22222328186035,0,0,0,0,0,0,0,106277.01220703125,17719.467529296875,66511.67932128906,0.201904296875,33572028416,0,788520960,0
0,1762335367388,1800,1800,800,1801,1799,1799,1799,1800,22.22222328186035,0,0,0,0,0,0,0,106277.01318359375,17719.471740722656,66511.6806640625,0.201904296875,33572028416,0,788520960,0
0,1762335367390,1800,1800,800,1801,1799,1799,1799,1800,22.22222328186035,0,0,0,0,0,0,0,106277.0142211914,17719.47607421875,66511.68170166016,0.201904296875,33572028416,0,788520960,0
0,1762335367391,1800,1800,800,1801,1799,1799,1799,1800,22.22222328186035,0,0,0,0,0,0,0,106277.0151977539,17719.480407714844,66511.6831665039,0.201904296875,33572028416,0,788520960,0
1,1762335367392,1800,1800,800,1801,1799,1799,1799,1800,22.22222328186035,0,0,0,0,0,0,0,106277.01623535156,17719.484924316406,66511.68463134766,0.201904296875,33572028416,0,788520960,0
1,1762335367393,1800,1800,800,1801,1799,1799,1799,1800,22.22222328186035,0,0,0,0,0,0,0,106277.0171508789,17719.489318847656,66511.68572998047,0.201904296875,33572028416,0,788520960,0
1,1762335367394,1800,1800,800,1801,1799,1799,1799,1800,22.22222328186035,0,0,0,0,0,0,0,106277.0181274414,17719.49365234375,66511.68713378906,0.201904296875,33572028416,0,788520960,0
1,1762335367395,1800,1800,800,1801,1799,1799,1799,1800,22.22222328186035,0,0,0,0,0,0,0,106277.01916503906,17719.498046875,66511.68841552734,0.201904296875,33572028416,0,788520960,0
1,1762335367396,1800,1800,800,1801,1799,1799,1799,1800,22.22222328186035,0,0,0,0,0,0,0,106277.02014160156,17719.50244140625,66511.68981933594,0.201904296875,33572028416,0,788520960,0
1,1762335367397,1800,1800,800,1801,1799,1799,1799,1800,22.22222328186035,0,0,0,0,0,0,0,106277.02111816406,17719.506896972656,66511.6909790039,0.201904296875,33572028416,0,788520960,0
1,1762335367398,1800,1800,800,1801,1799,1799,1799,1800,22.22222328186035,0,0,0,0,0,0,0,106277.02209472656,17719.510864257813,66511.6923828125,0.201904296875,33572028416,0,788520960,0
0,1762335367399,1800,1800,800,1801,1799,1799,1799,1800,22.22222328186035,0,0,0,0,0,0,0,106277.02410888672,17719.51934814453,66511.69366455078,0.201904296875,33572028416,0,788520960,0
0,1762335367401,1800,1800,800,1801,1799,1799,1799,1800,22.22222328186035,0,0,0,0,0,0,0,106277.02508544922,17719.5234375,66511.6947631836,0.201904296875,33572028416,0,788520960,0
0,1762335367402,1800,1800,800,1801,1799,1799,1799,1800,22.22222328186035,0,0,0,0,0,0,0,106277.02606201172,17719.52783203125,66511.69604492188,0.201904296875,33572028416,0,788520960,0
1,1762335367403,1800,1800,800,1801,1799,1799,1799,1800,22.22222328186035,0,0,0,0,0,0,0,106277.02709960938,17719.5322265625,66511.697265625,0.201904296875,33572028416,0,788520960,0
1,1762335367404,1800,1800,800,1801,1799,1799,1799,1800,22.22222328186035,0,0,0,0,0,0,0,106277.02801513672,17719.536499023438,66511.69873046875,0.201904296875,33572028416,0,788520960,0
1,1762335367405,1800,1800,800,1801,1799,1799,1799,1800,22.22222328186035,0,0,0,0,0,0,0,106277.02905273438,17719.541259765625,66511.70025634766,0.201904296875,33572028416,0,788520960,0
1,1762335367406,1800,1800,800,1801,1799,1799,1799,1800,22.22222328186035,0,0,0,0,0,0,0,106277.03002929688,17719.545532226563,66511.70141601563,0.201904296875,33572028416,0,788520960,0
1,1762335367407,1800,1800,800,1801,1799,1799,1799,1800,22.22222328186035,0,0,0,0,0,0,0,106277.03100585938,17719.54998779297,66511.70281982422,0.201904296875,33572028416,0,788520960,0
1,1762335367408,1800,1800,800,1801,1799,1799,1799,1800,22.22222328186035,0,0,0,0,0,0,0,106277.03204345703,17719.55438232422,66511.70404052734,0.201904296875,33572028416,0,788520960,0
1,1762335367409,1800,1800,800,1801,1799,1799,1799,1800,22.22222328186035,0,0,0,0,0,0,0,106277.03302001953,17719.558654785156,66511.70520019531,0.201904296875,33572028416,0,788520960,0
0,1762335367410,1800,1800,800,1801,1799,1799,1799,1800,22.22222328186035,0,0,0,0,0,0,0,106277.03497314453,17719.566955566406,66511.7066040039,0.201904296875,33572028416,0,788520960,0
0,1762335367412,1800,1800,800,1801,1799,1799,1799,1800,22.22222328186035,0,0,0,0,0,0,0,106277.03601074219,17719.571228027344,66511.70782470703,0.201904296875,33572028416,0,788520960,0
0,1762335367413,1800,1800,800,1801,1799,1799,1799,1800,22.22222328186035,0,0,0,0,0,0,0,106277.03692626953,17719.57550048828,66511.70910644531,0.201904296875,33572028416,0,788520960,0
1,1762335367414,1800,1800,800,1801,1799,1799,1799,1800,22.22222328186035,0,0,0,0,0,0,0,106277.03796386719,17719.579956054688,66511.7105102539,0.201904296875,33572028416,0,788520960,0
1,1762335367415,1800,1800,800,1801,1799,1799,1799,1800,22.22222328186035,0,0,0,0,0,0,0,106277.03894042969,17719.58447265625,66511.71185302734,0.201904296875,33572028416,0,788520960,0
1,1762335367416,1800,1800,800,1801,1799,1799,1799,1800,22.22222328186035,0,0,0,0,0,0,0,106277.03997802734,17719.588989257813,66511.71313476563,0.201904296875,33572028416,0,788520960,0
1,1762335367417,1800,1800,800,1801,1799,1799,1799,1800,22.22222328186035,0,0,0,0,0,0,0,106277.04095458984,17719.593383789063,66511.7142944336,0.201904296875,33572028416,0,788520960,0
1,1762335367418,1800,1800,800,1801,1799,1799,1799,1800,22.22222328186035,0,0,0,0,0,0,0,106277.04193115234,17719.597717285156,66511.71575927734,0.201904296875,33572028416,0,788520960,0
1,1762335367419,1800,1800,800,1801,1799,1799,1799,1800,22.22222328186035,0,0,0,0,0,0,0,106277.04290771484,17719.60205078125,66511.71704101563,0.201904296875,33572028416,0,788520960,0
1,1762335367420,1800,1800,800,1801,1799,1799,1799,1800,22.22222328186035,0,0,0,0,0,0,0,106277.044921875,17719.606384277344,66511.7183227539,0.201904296875,33572028416,0,788520960,0
0,1762335367421,1800,1800,800,1801,1799,1799,1799,1800,22.22222328186035,0,0,0,0,0,0,0,106277.0458984375,17719.614685058594,66511.71954345703,0.201904296875,33572028416,0,788520960,0
0,1762335367423,1800,1800,800,1801,1799,1799,1799,1800,22.22222328186035,0,0,0,0,0,0,0,106277.046875,17719.61883544922,66511.720703125,0.201904296875,33572028416,0,788520960,0
0,1762335367424,1800,1800,800,1801,1799,1799,1799,1800,22.22222328186035,0,0,0,0,0,0,0,106277.0478515625,17719.623107910156,66511.72180175781,0.201904296875,33572028416,0,788520960,0
1,1762335367425,1800,1800,800,1801,1799,1799,1799,1800,22.22222328186035,0,0,0,0,0,0,0,106277.04888916016,17719.627502441406,66511.72296142578,0.201904296875,33572028416,0,788520960,0
1,1762335367426,1800,1800,800,1801,1799,1799,1799,1800,22.22222328186035,0,0,0,0,0,0,0,106277.04986572266,17719.6318359375,66511.72436523438,0.201904296875,33572028416,0,788520960,0
1,1762335367427,1800,1800,800,1801,1799,1799,1799,1800,22.22222328186035,0,0,0,0,0,0,0,106277.05084228516,17719.636169433594,66511.72576904297,0.201904296875,33572028416,0,788520960,0
1,1762335367428,1800,1800,800,1801,1799,1799,1799,1800,22.22222328186035,0,0,0,0,0,0,0,106277.05181884766,17719.640502929688,66511.72692871094,0.201904296875,33572028416,0,788520960,0
1,1762335367429,1800,1800,800,1801,1799,1799,1799,1800,22.22222328186035,0,0,0,0,0,0,0,106277.05279541016,17719.644897460938,66511.72827148438,0.201904296875,33572028416,0,788520960,0
0,1762335367430,1800,1800,800,1801,1799,1799,1799,1800,22.22222328186035,0,0,0,0,0,0,0,106277.05383300781,17719.649353027344,66511.72973632813,0.201904296875,33572028416,0,788520960,0
1,1762335367431,1800,1800,800,1801,1799,1799,1799,1800,22.22222328186035,0,0,0,0,0,0,0,106277.05480957031,17719.653869628906,66511.73120117188,0.201904296875,33572028416,0,788520960,0
0,1762335367432,1800,1800,800,1801,1799,1799,1799,1800,22.22222328186035,0,0,0,0,0,0,0,106277.05676269531,17719.662170410156,66511.73254394531,0.201904296875,33572028416,0,788520960,0
0,1762335367434,1800,1800,800,1801,1799,1799,1799,1800,22.22222328186035,0,0,0,0,0,0,0,106277.05780029297,17719.666564941406,66511.73376464844,0.201904296875,33572028416,0,788520960,0
0,1762335367435,1800,1800,800,1801,1799,1799,1799,1800,22.22222328186035,0,0,0,0,0,0,0,106277.05877685547,17719.670776367188,66511.73486328125,0.201904296875,33572028416,0,788520960,0
1,1762335367436,1800,1800,800,1801,1799,1799,1799,1800,22.22222328186035,0,0,0,0,0,0,0,106277.05975341797,17719.675048828125,66511.73620605469,0.201904296875,33572028416,0,788520960,0
1,1762335367437,1800,1800,800,1801,1799,1799,1799,1800,22.22222328186035,0,0,0,0,0,0,0,106277.06072998047,17719.679565429688,66511.73748779297,0.201904296875,33572028416,0,788520960,0
1,1762335367438,1800,1800,800,1801,1799,1799,1799,1800,22.22222328186035,0,0,0,0,0,0,0,106277.06170654297,17719.683837890625,66511.73864746094,0.201904296875,33572028416,0,788520960,0
1,1762335367439,1800,1800,800,1801,1799,1799,1799,1800,22.22222328186035,0,0,0,0,0,0,0,106277.06274414063,17719.68829345703,66511.73999023438,0.201904296875,33572028416,0,788520960,0
1,1762335367440,1800,1800,800,1801,1799,1799,1799,1800,22.22222328186035,0,0,0,0,0,0,0,106277.06372070313,17719.692626953125,66511.74127197266,0.201904296875,33572028416,0,788520960,0
1,1762335367441,1800,1800,800,1801,1799,1799,1799,1800,22.22222328186035,0,0,0,0,0,0,0,106277.06469726563,17719.69696044922,66511.74255371094,0.201904296875,33572028416,0,788520960,0
1,1762335367442,1800,1800,800,1801,1799,1799,1799,1800,22.22222328186035,0,0,0,0,0,0,0,106277.06567382813,17719.701232910156,66511.74389648438,0.201904296875,33572028416,0,788520960,0
0,1762335367443,1800,1800,800,1801,1799,1799,1799,1800,22.22222328186035,0,0,0,0,0,0,0,106277.06768798828,17719.709533691406,66511.7451171875,0.201904296875,33572028416,0,788520960,0
0,1762335367445,1800,1800,800,1801,1799,1799,1799,1800,22.22222328186035,0,0,0,0,0,0,0,106277.06866455078,17719.713745117188,66511.74621582031,0.201904296875,33572028416,0,788520960,0
0,1762335367446,1800,1800,800,1801,1799,1799,1799,1800,22.22222328186035,0,0,0,0,0,0,0,106277.06964111328,17719.71807861328,66511.74743652344,0.201904296875,33572028416,0,788520960,0
1,1762335367447,1800,1800,800,1801,1799,1799,1799,1800,22.22222328186035,0,0,0,0,0,0,0,106277.07061767578,17719.722290039063,66511.7485961914,0.201904296875,33572028416,0,788520960,0
1,1762335367448,1800,1800,800,1801,1799,1799,1799,1800,22.22222328186035,0,0,0,0,0,0,0,106277.07159423828,17719.7265625,66511.74993896484,0.201904296875,33572028416,0,788520960,0
1,1762335367449,1800,1800,800,1801,1799,1799,1799,1800,22.22222328186035,0,0,0,0,0,0,0,106277.07263183594,17719.73126220703,66511.7514038086,0.201904296875,33572028416,0,788520960,0
1,1762335367450,1800,1800,800,1801,1799,1799,1799,1800,22.22222328186035,0,0,0,0,0,0,0,106277.07360839844,17719.735778808594,66511.75286865234,0.201904296875,33572028416,0,788520960,0
1,1762335367451,1800,1800,800,1801,1799,1799,1799,1800,22.22222328186035,0,0,0,0,0,0,0,106277.07458496094,17719.740295410156,66511.75408935547,0.201904296875,33572028416,0,788520960,0
1,1762335367452,1800,1800,800,1801,1799,1799,1799,1800,22.22222328186035,0,0,0,0,0,0,0,106277.0756225586,17719.744567871094,66511.75537109375,0.201904296875,33572028416,0,788520960,0
1,1762335367453,1800,1800,800,1801,1799,1799,1799,1800,22.22222328186035,0,0,0,0,0,0,0,106277.0775756836,17719.752868652344,66511.75671386719,0.201904296875,33572028416,0,788520960,0
0,1762335367454,1800,1800,800,1801,1799,1799,1799,1800,22.22222328186035,0,0,0,0,0,0,0,106277.0785522461,17719.756896972656,66511.75787353516,0.201904296875,33572028416,0,788520960,0
0,1762335367456,1800,1800,800,1801,1799,1799,1799,1800,22.22222328186035,0,0,0,0,0,0,0,106277.07958984375,17719.761352539063,66511.75915527344,0.201904296875,33572028416,0,788520960,0
0,1762335367457,1800,1800,800,1801,1799,1799,1799,1800,22.22222328186035,0,0,0,0,0,0,0,106277.0805053711,17719.76544189453,66511.76025390625,0.201904296875,33572028416,0,788520960,0
0,1762335367458,1800,1800,800,1801,1799,1799,1799,1800,22.22222328186035,0,0,0,0,0,0,0,106277.08154296875,17719.769897460938,66511.76159667969,0.201904296875,33572028416,0,788520960,0
1,1762335367459,1800,1800,800,1801,1799,1799,1799,1800,22.22222328186035,0,0,0,0,0,0,0,106277.08251953125,17719.77423095703,66511.76287841797,0.201904296875,33572028416,0,788520960,0
1,1762335367460,1800,1800,800,1801,1799,1799,1799,1800,22.22222328186035,0,0,0,0,0,0,0,106277.0835571289,17719.778686523438,66511.7640991211,0.201904296875,33572028416,0,788520960,0
1,1762335367461,1800,1800,800,1801,1799,1799,1799,1800,22.22222328186035,0,0,0,0,0,0,0,106277.0845336914,17719.783081054688,66511.76556396484,0.201904296875,33572028416,0,788520960,0
1,1762335367462,1800,1800,800,1801,1799,1799,1799,1800,22.22222328186035,0,0,0,0,0,0,0,106277.0855102539,17719.787475585938,66511.76690673828,0.201904296875,33572028416,0,788520960,0
1,1762335367463,1800,1800,800,1801,1799,1799,1799,1800,22.22222328186035,0,0,0,0,0,0,0,106277.0864868164,17719.791870117188,66511.76818847656,0.201904296875,33572028416,0,788520960,0
1,1762335367464,1800,1800,800,1801,1799,1799,1799,1800,22.22222328186035,0,0,0,0,0,0,0,106277.08850097656,17719.800354003906,66511.76947021484,0.201904296875,33572028416,0,788520960,0
0,1762335367465,1800,1800,800,1801,1799,1799,1799,1800,22.22222328186035,0,0,0,0,0,0,0,106277.0894165039,17719.80438232422,66511.77069091797,0.201904296875,33572028416,0,788520960,0
0,1762335367467,1800,1800,800,1801,1799,1799,1799,1800,22.22222328186035,0,0,0,0,0,0,0,106277.09045410156,17719.808715820313,66511.7719116211,0.201904296875,33572028416,0,788520960,0
0,1762335367468,1800,1800,800,1801,1799,1799,1799,1800,22.22222328186035,0,0,0,0,0,0,0,106277.09143066406,17719.813110351563,66511.77319335938,0.201904296875,33572028416,0,788520960,0
1,1762335367469,1800,1800,800,1801,1799,1799,1799,1800,22.22222328186035,0,0,0,0,0,0,0,106277.09246826172,17719.81756591797,66511.77453613281,0.201904296875,33572028416,0,788520960,0
1,1762335367470,1800,1800,800,1801,1799,1799,1799,1800,22.22222328186035,0,0,0,0,0,0,0,106277.09344482422,17719.821838378906,66511.77569580078,0.201904296875,33572028416,0,788520960,0
1,1762335367471,1800,1800,800,1801,1799,1799,1799,1800,22.22222328186035,0,0,0,0,0,0,0,106277.09442138672,17719.826293945313,66511.77728271484,0.201904296875,33572028416,0,788520960,0
1,1762335367472,1800,1800,800,1801,1799,1799,1799,1800,22.22222328186035,0,0,0,0,0,0,0,106277.09539794922,17719.830810546875,66511.77850341797,0.201904296875,33572028416,0,788520960,0
1,1762335367473,1800,1800,800,1801,1799,1799,1799,1800,22.22222328186035,0,0,0,0,0,0,0,106277.09637451172,17719.83526611328,66511.7798461914,0.201904296875,33572028416,0,788520960,0
1,1762335367474,1800,1800,800,1801,1799,1799,1799,1800,22.22222328186035,0,0,0,0,0,0,0,106277.09735107422,17719.839477539063,66511.78118896484,0.201904296875,33572028416,0,788520960,0
1,1762335367475,1800,1800,800,1801,1799,1799,1799,1800,22.22222328186035,0,0,0,0,0,0,0,106277.09936523438,17719.847778320313,66511.78228759766,0.201904296875,33572028416,0,788520960,0
0,1762335367476,1800,1800,800,1801,1799,1799,1799,1800,22.22222328186035,0,0,0,0,0,0,0,106277.10034179688,17719.85205078125,66511.78369140625,0.201904296875,33572028416,0,788520960,0
0,1762335367478,1800,1800,800,1801,1799,1799,1799,1800,22.22222328186035,0,0,0,0,0,0,0,106277.10131835938,17719.856384277344,66511.78491210938,0.201904296875,33572028416,0,788520960,0
0,1762335367479,1800,1800,800,1801,1799,1799,1799,1800,22.22222328186035,0,0,0,0,0,0,0,106277.10235595703,17719.86083984375,66511.78625488281,0.201904296875,33572028416,0,788520960,0
1,1762335367480,1800,1800,800,1801,1799,1799,1799,1800,22.22222328186035,0,0,0,0,0,0,0,106277.10327148438,17719.86492919922,66511.78741455078,0.201904296875,33572028416,0,788520960,0
1,1762335367481,1800,1800,800,1801,1799,1799,1799,1800,22.22222328186035,0,0,0,0,0,0,0,106277.10430908203,17719.86932373047,66511.78875732422,0.201904296875,33572028416,0,788520960,0
1,1762335367482,1800,1800,800,1801,1799,1799,1799,1800,22.22222328186035,0,0,0,0,0,0,0,106277.10528564453,17719.873901367188,66511.79022216797,0.201904296875,33572028416,0,788520960,0
1,1762335367483,1800,1800,800,1801,1799,1799,1799,1800,22.22222328186035,0,0,0,0,0,0,0,106277.10632324219,17719.878479003906,66511.79162597656,0.201904296875,33572028416,0,788520960,0
1,1762335367484,1800,1800,800,1801,1799,1799,1799,1800,22.22222328186035,0,0,0,0,0,0,0,106277.10729980469,17719.882934570313,66511.79290771484,0.201904296875,33572028416,0,788520960,0
1,1762335367485,1800,1800,800,1801,1799,1799,1799,1800,22.22222328186035,0,0,0,0,0,0,0,106277.10827636719,17719.887145996094,66511.79425048828,0.201904296875,33572028416,0,788520960,0
1,1762335367486,1800,1800,800,1801,1799,1799,1799,1800,22.22222328186035,0,0,0,0,0,0,0,106277.11022949219,17719.891479492188,66511.7953491211,0.201904296875,33572028416,0,788520960,0
0,1762335367487,1800,1800,800,1801,1799,1799,1799,1800,22.22222328186035,0,0,0,0,0,0,0,106277.11120605469,17719.89971923828,66511.79675292969,0.201904296875,33572028416,0,788520960,0
0,1762335367489,1800,1800,800,1801,1799,1799,1799,1800,22.22222328186035,0,0,0,0,0,0,0,106277.11224365234,17719.90411376953,66511.79797363281,0.201904296875,33572028416,0,788520960,0
0,1762335367490,1800,1800,800,1801,1799,1799,1799,1800,22.22222328186035,0,0,0,0,0,0,0,106277.11322021484,17719.908447265625,66511.7993774414,0.201904296875,33572028416,0,788520960,0
1,1762335367491,1800,1800,800,1801,1799,1799,1799,1800,22.22222328186035,0,0,0,0,0,0,0,106277.1142578125,17719.913024902344,66511.80072021484,0.201904296875,33572028416,0,788520960,0
1,1762335367492,1800,1800,800,1801,1799,1799,1799,1800,22.22222328186035,0,0,0,0,0,0,0,106277.11517333984,17719.917358398438,66511.80206298828,0.201904296875,33572028416,0,788520960,0
1,1762335367493,1800,1800,800,1801,1799,1799,1799,1800,22.22222328186035,0,0,0,0,0,0,0,106277.1162109375,17719.921875,66511.80340576172,0.201904296875,33572028416,0,788520960,0
1,1762335367494,1800,1800,800,1801,1799,1799,1799,1800,22.22222328186035,0,0,0,0,0,0,0,106277.1171875,17719.926330566406,66511.8046875,0.201904296875,33572028416,0,788520960,0
1,1762335367495,1800,1800,800,1801,1799,1799,1799,1800,22.22222328186035,0,0,0,0,0,0,0,106277.1181640625,17719.9306640625,66511.80596923828,0.201904296875,33572028416,0,788520960,0
1,1762335367496,1800,1800,800,1801,1799,1799,1799,1800,22.22222328186035,0,0,0,0,0,0,0,106277.119140625,17719.934997558594,66511.80725097656,0.201904296875,33572028416,0,788520960,0
1,1762335367497,1800,1800,800,1801,1799,1799,1799,1800,22.22222328186035,0,0,0,0,0,0,0,106277.12115478516,17719.943237304688,66511.80847167969,0.201904296875,33572028416,0,788520960,0
0,1762335367498,1800,1800,800,1801,1799,1799,1799,1800,22.22222328186035,0,0,0,0,0,0,0,106277.12213134766,17719.947387695313,66511.80975341797,0.201904296875,33572028416,0,788520960,0
0,1762335367500,1800,1800,800,1801,1799,1799,1799,1800,22.22222328186035,0,0,0,0,0,0,0,106277.12310791016,17719.95166015625,66511.8109741211,0.201904296875,33572028416,0,788520960,0
0,1762335367501,1800,1800,800,1801,1799,1799,1799,1800,22.22222328186035,0,0,0,0,0,0,0,106277.12408447266,17719.95587158203,66511.8120727539,0.201904296875,33572028416,0,788520960,0
1,1762335367502,1800,1800,800,1801,1799,1799,1799,1800,22.22222328186035,0,0,0,0,0,0,0,106277.12512207031,17719.960388183594,66511.81335449219,0.201904296875,33572028416,0,788520960,0
1,1762335367503,1800,1800,800,1801,1799,1799,1799,1800,22.22222328186035,0,0,0,0,0,0,0,106277.12609863281,17719.964721679688,66511.81469726563,0.201904296875,33572028416,0,788520960,0
1,1762335367504,1800,1800,800,1801,1799,1799,1799,1800,22.22222328186035,0,0,0,0,0,0,0,106277.12707519531,17719.969116210938,66511.8158569336,0.201904296875,33572028416,0,788520960,0
1,1762335367505,1800,1800,800,1801,1799,1799,1799,1800,22.22222328186035,0,0,0,0,0,0,0,106277.12805175781,17719.97344970703,66511.81719970703,0.201904296875,33572028416,0,788520960,0
1,1762335367506,1800,1800,800,1801,1799,1799,1799,1800,22.22222328186035,0,0,0,0,0,0,0,106277.12908935547,17719.977783203125,66511.81854248047,0.201904296875,33572028416,0,788520960,0
1,1762335367507,1800,1800,800,1801,1799,1799,1799,1800,22.22222328186035,0,0,0,0,0,0,0,106277.13006591797,17719.98211669922,66511.8198852539,0.201904296875,33572028416,0,788520960,0
1,1762335367508,1800,1800,800,1801,1799,1799,1799,1800,22.22222328186035,0,0,0,0,0,0,0,106277.13201904297,17719.986450195313,66511.82104492188,0.201904296875,33572028416,0,788520960,0
0,1762335367509,1800,1800,800,1801,1799,1799,1799,1800,22.22222328186035,0,0,0,0,0,0,0,106277.13299560547,17719.99462890625,66511.82238769531,0.201904296875,33572028416,0,788520960,0
0,1762335367511,1800,1800,800,1801,1799,1799,1799,1800,22.22222328186035,0,0,0,0,0,0,0,106277.13403320313,17719.998962402344,66511.8236694336,0.201904296875,33572028416,0,788520960,0
0,1762335367512,1800,1800,800,1801,1799,1799,1799,1800,22.22222328186035,0,0,0,0,0,0,0,106277.13500976563,17720.003173828125,66511.82482910156,0.201904296875,33572028416,0,788520960,0
1,1762335367513,1800,1800,800,1801,1799,1799,1799,1800,22.22222328186035,0,0,0,0,0,0,0,106277.13598632813,17720.007568359375,66511.82623291016,0.201904296875,33572028416,0,788520960,0
1,1762335367514,1800,1800,800,1801,1799,1799,1799,1800,22.22222328186035,0,0,0,0,0,0,0,106277.13696289063,17720.012084960938,66511.82739257813,0.201904296875,33572028416,0,788520960,0
1,1762335367515,1800,1800,800,1801,1799,1799,1799,1800,22.22222328186035,0,0,0,0,0,0,0,106277.13793945313,17720.01629638672,66511.82861328125,0.201904296875,33572028416,0,788520960,0
1,1762335367516,1800,1800,800,1801,1799,1799,1799,1800,22.22222328186035,0,0,0,0,0,0,0,106277.13897705078,17720.02069091797,66511.82995605469,0.201904296875,33572028416,0,788520960,0
1,1762335367517,1800,1800,800,1801,1799,1799,1799,1800,22.22222328186035,0,0,0,0,0,0,0,106277.13995361328,17720.02520751953,66511.83135986328,0.201904296875,33572028416,0,788520960,0
1,1762335367518,1800,1800,800,1801,1799,1799,1799,1800,22.22222328186035,0,0,0,0,0,0,0,106277.14093017578,17720.029541015625,66511.83264160156,0.201904296875,33572028416,0,788520960,0
1,1762335367519,1800,1800,800,1801,1799,1799,1799,1800,22.22222328186035,0,0,0,0,0,0,0,106277.14294433594,17720.033813476563,66511.83392333984,0.201904296875,33572028416,0,788520960,0
0,1762335367520,1800,1800,800,1801,1799,1799,1799,1800,22.22222328186035,0,0,0,0,0,0,0,106277.14392089844,17720.0419921875,66511.83508300781,0.201904296875,33572028416,0,788520960,0
0,1762335367522,1800,1800,800,1801,1799,1799,1799,1800,22.22222328186035,0,0,0,0,0,0,0,106277.14489746094,17720.046325683594,66511.8363647461,0.201904296875,33572028416,0,788520960,0
0,1762335367523,1800,1800,800,1801,1799,1799,1799,1800,22.22222328186035,0,0,0,0,0,0,0,106277.1459350586,17720.050720214844,66511.83752441406,0.201904296875,33572028416,0,788520960,0
1,1762335367524,1800,1800,800,1801,1799,1799,1799,1800,22.22222328186035,0,0,0,0,0,0,0,106277.14685058594,17720.05487060547,66511.83868408203,0.201904296875,33572028416,0,788520960,0
1,1762335367525,1800,1800,800,1801,1799,1799,1799,1800,22.22222328186035,0,0,0,0,0,0,0,106277.1478881836,17720.05926513672,66511.83996582031,0.201904296875,33572028416,0,788520960,0
1,1762335367526,1800,1800,800,1801,1799,1799,1799,1800,22.22222328186035,0,0,0,0,0,0,0,106277.1488647461,17720.06378173828,66511.8413696289,0.201904296875,33572028416,0,788520960,0
1,1762335367527,1800,1800,800,1801,1799,1799,1799,1800,22.22222328186035,0,0,0,0,0,0,0,106277.1498413086,17720.068237304688,66511.84289550781,0.201904296875,33572028416,0,788520960,0
1,1762335367528,1800,1800,800,1801,1799,1799,1799,1800,22.22222328186035,0,0,0,0,0,0,0,106277.1508178711,17720.07275390625,66511.84405517578,0.201904296875,33572028416,0,788520960,0
1,1762335367529,1800,1800,800,1801,1799,1799,1799,1800,22.22222328186035,0,0,0,0,0,0,0,106277.1517944336,17720.077026367188,66511.84545898438,0.201904296875,33572028416,0,788520960,0
1,1762335367530,1800,1800,800,1801,1799,1799,1799,1800,22.22222328186035,0,0,0,0,0,0,0,106277.15380859375,17720.081298828125,66511.84655761719,0.201904296875,33572028416,0,788520960,0
0,1762335367531,1800,1800,800,1801,1799,1799,1799,1800,22.22222328186035,0,0,0,0,0,0,0,106277.15478515625,17720.08953857422,66511.84783935547,0.201904296875,33572028416,0,788520960,0
0,1762335367533,1800,1800,800,1801,1799,1799,1799,1800,22.22222328186035,0,0,0,0,0,0,0,106277.15576171875,17720.093811035156,66511.84930419922,0.201904296875,33572028416,0,788520960,0
0,1762335367534,1800,1800,800,1801,1799,1799,1799,1800,22.22222328186035,0,0,0,0,0,0,0,106277.1567993164,17720.098266601563,66511.8505859375,0.201904296875,33572028416,0,788520960,0
1,1762335367535,1800,1800,800,1801,1799,1799,1799,1800,22.22222328186035,0,0,0,0,0,0,0,106277.1577758789,17720.10272216797,66511.85192871094,0.201904296875,33572028416,0,788520960,0
1,1762335367536,1800,1800,800,1801,1799,1799,1799,1800,22.22222328186035,0,0,0,0,0,0,0,106277.1587524414,17720.10711669922,66511.85321044922,0.201904296875,33572028416,0,788520960,0
1,1762335367537,1800,1800,800,1801,1799,1799,1799,1800,22.22222328186035,0,0,0,0,0,0,0,106277.15979003906,17720.111389160156,66511.85437011719,0.201904296875,33572028416,0,788520960,0
1,1762335367538,1800,1800,800,1801,1799,1799,1799,1800,22.22222328186035,0,0,0,0,0,0,0,106277.16076660156,17720.115844726563,66511.85577392578,0.201904296875,33572028416,0,788520960,0
1,1762335367539,1800,1800,800,1801,1799,1799,1799,1800,22.22222328186035,0,0,0,0,0,0,0,106277.16174316406,17720.1201171875,66511.85693359375,0.201904296875,33572028416,0,788520960,0
1,1762335367540,1800,1800,800,1801,1799,1799,1799,1800,22.22222328186035,0,0,0,0,0,0,0,106277.16271972656,17720.124450683594,66511.85821533203,0.201904296875,33572028416,0,788520960,0
1,1762335367541,1800,1800,800,1801,1799,1799,1799,1800,22.22222328186035,0,0,0,0,0,0,0,106277.16375732422,17720.128784179688,66511.85955810547,0.201904296875,33572028416,0,788520960,0
0,1762335367542,1800,1800,800,1801,1799,1799,1799,1800,22.22222328186035,0,0,0,0,0,0,0,106277.16571044922,17720.136962890625,66511.86071777344,0.201904296875,33572028416,0,788520960,0
0,1762335367544,1800,1800,800,1801,1799,1799,1799,1800,22.22222328186035,0,0,0,0,0,0,0,106277.16668701172,17720.141235351563,66511.8618774414,0.201904296875,33572028416,0,788520960,0
0,1762335367545,1800,1800,800,1801,1799,1799,1799,1800,22.22222328186035,0,0,0,0,0,0,0,106277.16766357422,17720.1455078125,66511.86309814453,0.201904296875,33572028416,0,788520960,0
1,1762335367546,1800,1800,800,1801,1799,1799,1799,1800,22.22222328186035,0,0,0,0,0,0,0,106277.16870117188,17720.149963378906,66511.86431884766,0.201904296875,33572028416,0,788520960,0
1,1762335367547,1800,1800,800,1801,1799,1799,1799,1800,22.22222328186035,0,0,0,0,0,0,0,106277.16967773438,17720.154296875,66511.8656616211,0.201904296875,33572028416,0,788520960,0
1,1762335367548,1800,1800,800,1801,1799,1799,1799,1800,22.22222328186035,0,0,0,0,0,0,0,106277.17065429688,17720.158752441406,66511.86712646484,0.201904296875,33572028416,0,788520960,0
1,1762335367549,1800,1800,800,1801,1799,1799,1799,1800,22.22222328186035,0,0,0,0,0,0,0,106277.17163085938,17720.163330078125,66511.8685913086,0.201904296875,33572028416,0,788520960,0
1,1762335367550,1800,1800,800,1801,1799,1799,1799,1800,22.22222328186035,0,0,0,0,0,0,0,106277.17266845703,17720.167907714844,66511.86987304688,0.201904296875,33572028416,0,788520960,0
1,1762335367551,1800,1800,800,1801,1799,1799,1799,1800,22.22222328186035,0,0,0,0,0,0,0,106277.17358398438,17720.17205810547,66511.87127685547,0.201904296875,33572028416,0,788520960,0
1,1762335367552,1800,1800,800,1801,1799,1799,1799,1800,22.22222328186035,0,0,0,0,0,0,0,106277.17462158203,17720.17657470703,66511.87255859375,0.201904296875,33572028416,0,788520960,0
0,1762335367553,1800,1800,800,1801,1799,1799,1799,1800,22.22222328186035,0,0,0,0,0,0,0,106277.17657470703,17720.184997558594,66511.87408447266,0.201904296875,33572028416,0,788520960,0
0,1762335367555,1800,1800,800,1801,1799,1799,1799,1800,22.22222328186035,0,0,0,0,0,0,0,106277.17755126953,17720.189453125,66511.87536621094,0.201904296875,33572028416,0,788520960,0
0,1762335367556,1800,1800,800,1801,1799,1799,1799,1800,22.22222328186035,0,0,0,0,0,0,0,106277.17858886719,17720.193908691406,66511.87677001953,0.201904296875,33572028416,0,788520960,0
1,1762335367557,1800,1800,800,1801,1799,1799,1799,1800,22.22222328186035,0,0,0,0,0,0,0,106277.17956542969,17720.198486328125,66511.87817382813,0.201904296875,33572028416,0,788520960,0
1,1762335367558,1800,1800,800,1801,1799,1799,1799,1800,22.22222328186035,0,0,0,0,0,0,0,106277.18054199219,17720.20281982422,66511.87963867188,0.201904296875,33572028416,0,788520960,0
1,1762335367559,1800,1800,800,1801,1799,1799,1799,1800,22.22222328186035,0,0,0,0,0,0,0,106277.18157958984,17720.20751953125,66511.88110351563,0.201904296875,33572028416,0,788520960,0
1,1762335367560,1800,1800,800,1801,1799,1799,1799,1800,22.22222328186035,0,0,0,0,0,0,0,106277.18255615234,17720.211975097656,66511.88262939453,0.201904296875,33572028416,0,788520960,0
1,1762335367561,1800,1800,800,1801,1799,1799,1799,1800,22.22222328186035,0,0,0,0,0,0,0,106277.18353271484,17720.21649169922,66511.88372802734,0.201904296875,33572028416,0,788520960,0
1,1762335367562,1800,1800,800,1801,1799,1799,1799,1800,22.22222328186035,0,0,0,0,0,0,0,106277.18450927734,17720.220703125,66511.8851928711,0.201904296875,33572028416,0,788520960,0
1,1762335367563,1800,1800,800,1801,1799,1799,1799,1800,22.22222328186035,0,0,0,0,0,0,0,106277.18646240234,17720.22900390625,66511.8862915039,0.201904296875,33572028416,0,788520960,0
0,1762335367564,1800,1800,800,1801,1799,1799,1799,1800,22.22222328186035,0,0,0,0,0,0,0,106277.1875,17720.233337402344,66511.88763427734,0.201904296875,33572028416,0,788520960,0
0,1762335367566,1800,1800,800,1801,1799,1799,1799,1800,22.22222328186035,0,0,0,0,0,0,0,106277.1884765625,17720.237670898438,66511.88879394531,0.201904296875,33572028416,0,788520960,0
0,1762335367567,1800,1800,800,1801,1799,1799,1799,1800,22.22222328186035,0,0,0,0,0,0,0,106277.18951416016,17720.242065429688,66511.89025878906,0.201904296875,33572028416,0,788520960,0
1,1762335367568,1800,1800,800,1801,1799,1799,1799,1800,22.22222328186035,0,0,0,0,0,0,0,106277.1904296875,17720.246337890625,66511.89172363281,0.201904296875,33572028416,0,788520960,0
1,1762335367569,1800,1800,800,1801,1799,1799,1799,1800,22.22222328186035,0,0,0,0,0,0,0,106277.19140625,17720.25079345703,66511.89306640625,0.201904296875,33572028416,0,788520960,0
1,1762335367570,1800,1800,800,1801,1799,1799,1799,1800,22.22222328186035,0,0,0,0,0,0,0,106277.19244384766,17720.255432128906,66511.89447021484,0.201904296875,33572028416,0,788520960,0
1,1762335367571,1800,1800,800,1801,1799,1799,1799,1800,22.22222328186035,0,0,0,0,0,0,0,106277.19342041016,17720.259826660156,66511.89562988281,0.201904296875,33572028416,0,788520960,0
1,1762335367572,1800,1800,800,1801,1799,1799,1799,1800,22.22222328186035,0,0,0,0,0,0,0,106277.19445800781,17720.264221191406,66511.8970336914,0.201904296875,33572028416,0,788520960,0
1,1762335367573,1800,1800,800,1801,1799,1799,1799,1800,22.22222328186035,0,0,0,0,0,0,0,106277.19543457031,17720.268676757813,66511.89837646484,0.201904296875,33572028416,0,788520960,0
1,1762335367574,1800,1800,800,1801,1799,1799,1799,1800,22.22222328186035,0,0,0,0,0,0,0,106277.19641113281,17720.272705078125,66511.89959716797,0.201904296875,33572028416,0,788520960,0
0,1762335367575,1800,1800,800,1801,1799,1799,1799,1800,22.22222328186035,0,0,0,0,0,0,0,106277.19836425781,17720.28106689453,66511.90087890625,0.201904296875,33572028416,0,788520960,0
0,1762335367577,1800,1800,800,1801,1799,1799,1799,1800,22.22222328186035,0,0,0,0,0,0,0,106277.19940185547,17720.28546142578,66511.90216064453,0.201904296875,33572028416,0,788520960,0
0,1762335367578,1800,1800,800,1801,1799,1799,1799,1800,22.22222328186035,0,0,0,0,0,0,0,106277.20037841797,17720.289916992188,66511.90338134766,0.201904296875,33572028416,0,788520960,0
1,1762335367579,1800,1800,800,1801,1799,1799,1799,1800,22.22222328186035,0,0,0,0,0,0,0,106277.20135498047,17720.29425048828,66511.90478515625,0.201904296875,33572028416,0,788520960,0
1,1762335367580,1800,1800,800,1801,1799,1799,1799,1800,22.22222328186035,0,0,0,0,0,0,0,106277.20233154297,17720.298583984375,66511.90594482422,0.201904296875,33572028416,0,788520960,0
1,1762335367581,1800,1800,800,1801,1799,1799,1799,1800,22.22222328186035,0,0,0,0,0,0,0,106277.20336914063,17720.30291748047,66511.90728759766,0.201904296875,33572028416,0,788520960,0
1,1762335367582,1800,1800,800,1801,1799,1799,1799,1800,22.22222328186035,0,0,0,0,0,0,0,106277.20428466797,17720.307250976563,66511.90850830078,0.201904296875,33572028416,0,788520960,0
1,1762335367583,1800,1800,800,1801,1799,1799,1799,1800,22.22222328186035,0,0,0,0,0,0,0,106277.20532226563,17720.311767578125,66511.90991210938,0.201904296875,33572028416,0,788520960,0
1,1762335367584,1800,1800,800,1801,1799,1799,1799,1800,22.22222328186035,0,0,0,0,0,0,0,106277.20629882813,17720.315979003906,66511.91119384766,0.201904296875,33572028416,0,788520960,0
1,1762335367585,1800,1800,800,1801,1799,1799,1799,1800,22.22222328186035,0,0,0,0,0,0,0,106277.20825195313,17720.324340820313,66511.91241455078,0.201904296875,33572028416,0,788520960,0
0,1762335367586,1800,1800,800,1801,1799,1799,1799,1800,22.22222328186035,0,0,0,0,0,0,0,106277.20928955078,17720.32861328125,66511.91381835938,0.201904296875,33572028416,0,788520960,0
0,1762335367588,1800,1800,800,1801,1799,1799,1799,1800,22.22222328186035,0,0,0,0,0,0,0,106277.21026611328,17720.332946777344,66511.9150390625,0.201904296875,33572028416,0,788520960,0
0,1762335367589,1800,1800,800,1801,1799,1799,1799,1800,22.22222328186035,0,0,0,0,0,0,0,106277.21124267578,17720.33740234375,66511.91650390625,0.201904296875,33572028416,0,788520960,0
1,1762335367590,1800,1800,800,1801,1799,1799,1799,1800,22.22222328186035,0,0,0,0,0,0,0,106277.21228027344,17720.341857910156,66511.91784667969,0.201904296875,33572028416,0,788520960,0
1,1762335367591,1800,1800,800,1801,1799,1799,1799,1800,22.22222328186035,0,0,0,0,0,0,0,106277.21325683594,17720.346252441406,66511.91900634766,0.201904296875,33572028416,0,788520960,0
1,1762335367592,1800,1800,800,1801,1799,1799,1799,1800,22.22222328186035,0,0,0,0,0,0,0,106277.21423339844,17720.3505859375,66511.92041015625,0.201904296875,33572028416,0,788520960,0
1,1762335367593,1800,1800,800,1801,1799,1799,1799,1800,22.22222328186035,0,0,0,0,0,0,0,106277.21520996094,17720.35498046875,66511.92163085938,0.201904296875,33572028416,0,788520960,0
1,1762335367594,1800,1800,800,1801,1799,1799,1799,1800,22.22222328186035,0,0,0,0,0,0,0,106277.21618652344,17720.359375,66511.92315673828,0.201904296875,33572028416,0,788520960,0
1,1762335367595,1800,1800,800,1801,1799,1799,1799,1800,22.22222328186035,0,0,0,0,0,0,0,106277.2172241211,17720.363891601563,66511.92443847656,0.201904296875,33572028416,0,788520960,0
1,1762335367596,1800,1800,800,1801,1799,1799,1799,1800,22.22222328186035,0,0,0,0,0,0,0,106277.2182006836,17720.3681640625,66511.92578125,0.201904296875,33572028416,0,788520960,0
0,1762335367597,1800,1800,800,1801,1799,1799,1799,1800,22.22222328186035,0,0,0,0,0,0,0,106277.2201538086,17720.37646484375,66511.92706298828,0.201904296875,33572028416,0,788520960,0
0,1762335367599,1800,1800,800,1801,1799,1799,1799,1800,22.22222328186035,0,0,0,0,0,0,0,106277.2211303711,17720.38067626953,66511.92822265625,0.201904296875,33572028416,0,788520960,0
0,1762335367600,1800,1800,800,1801,1799,1799,1799,1800,22.22222328186035,0,0,0,0,0,0,0,106277.22216796875,17720.385131835938,66511.92938232422,0.201904296875,33572028416,0,788520960,0
1,1762335367601,1800,1800,800,1801,1799,1799,1799,1800,22.22222328186035,0,0,0,0,0,0,0,106277.22314453125,17720.389282226563,66511.93041992188,0.201904296875,33572028416,0,788520960,0
1,1762335367602,1800,1800,800,1801,1799,1799,1799,1800,22.22222328186035,0,0,0,0,0,0,0,106277.22412109375,17720.393615722656,66511.93188476563,0.201904296875,33572028416,0,788520960,0
1,1762335367603,1800,1800,800,1801,1799,1799,1799,1800,22.22222328186035,0,0,0,0,0,0,0,106277.2251586914,17720.39813232422,66511.93310546875,0.201904296875,33572028416,0,788520960,0
1,1762335367604,1800,1800,800,1801,1799,1799,1799,1800,22.22222328186035,0,0,0,0,0,0,0,106277.2261352539,17720.40252685547,66511.93450927734,0.201904296875,33572028416,0,788520960,0
1,1762335367605,1800,1800,800,1801,1799,1799,1799,1800,22.22222328186035,0,0,0,0,0,0,0,106277.2271118164,17720.40704345703,66511.93579101563,0.201904296875,33572028416,0,788520960,0
1,1762335367606,1800,1800,800,1801,1799,1799,1799,1800,22.22222328186035,0,0,0,0,0,0,0,106277.2280883789,17720.411254882813,66511.9370727539,0.201904296875,33572028416,0,788520960,0
1,1762335367607,1800,1800,800,1801,1799,1799,1799,1800,22.22222328186035,0,0,0,0,0,0,0,106277.2300415039,17720.415466308594,66511.93835449219,0.201904296875,33572028416,0,788520960,0
0,1762335367608,1800,1800,800,1801,1799,1799,1799,1800,22.22222328186035,0,0,0,0,0,0,0,106277.23107910156,17720.423706054688,66511.93951416016,0.201904296875,33572028416,0,788520960,0
0,1762335367610,1800,1800,800,1801,1799,1799,1799,1800,22.22222328186035,0,0,0,0,0,0,0,106277.23205566406,17720.42803955078,66511.94079589844,0.201904296875,33572028416,0,788520960,0
0,1762335367611,1800,1800,800,1801,1799,1799,1799,1800,22.22222328186035,0,0,0,0,0,0,0,106277.23303222656,17720.43243408203,66511.94201660156,0.201904296875,33572028416,0,788520960,0
1,1762335367612,1800,1800,800,1801,1799,1799,1799,1800,22.22222328186035,0,0,0,0,0,0,0,106277.23400878906,17720.436645507813,66511.94348144531,0.201904296875,33572028416,0,788520960,0
1,1762335367613,1800,1800,800,1801,1799,1799,1799,1800,22.22222328186035,0,0,0,0,0,0,0,106277.23498535156,17720.441040039063,66511.94470214844,0.201904296875,33572028416,0,788520960,0
1,1762335367614,1800,1800,800,1801,1799,1799,1799,1800,22.22222328186035,0,0,0,0,0,0,0,106277.23602294922,17720.445373535156,66511.9458618164,0.201904296875,33572028416,0,788520960,0
1,1762335367615,1800,1800,800,1801,1799,1799,1799,1800,30.000001907348633,0,0,0,0,0,0,0,106277.23699951172,17720.44970703125,66511.947265625,0.201904296875,33572028416,0,788520960,0
1,1762335367616,1800,1800,800,1801,1799,1799,1799,1800,30.000001907348633,0,0,0,0,0,0,0,106277.23797607422,17720.45440673828,66511.94873046875,0.201904296875,33572028416,0,788520960,0
1,1762335367617,1800,1800,800,1801,1799,1799,1799,1800,30.000001907348633,0,0,0,0,0,0,0,106277.23901367188,17720.45880126953,66511.94995117188,0.201904296875,33572028416,0,788520960,0
1,1762335367618,1800,1800,800,1801,1799,1799,1799,1800,30.000001907348633,0,0,0,0,0,0,0,106277.23992919922,17720.462890625,66511.95135498047,0.201904296875,33572028416,0,788520960,0
0,1762335367619,1800,1800,800,1801,1799,1799,1799,1800,30.000001907348633,0,0,0,0,0,0,0,106277.24194335938,17720.47119140625,66511.95227050781,0.201904296875,33572028416,0,788520960,0
0,1762335367621,1800,1800,800,1801,1799,1799,1799,1800,30.000001907348633,0,0,0,0,0,0,0,106277.24298095703,17720.475524902344,66511.9536743164,0.201904296875,33572028416,0,788520960,0
0,1762335367622,1800,1800,800,1801,1799,1799,1799,1800,30.000001907348633,0,0,0,0,0,0,0,106277.24389648438,17720.479736328125,66511.95489501953,0.201904296875,33572028416,0,788520960,0
1,1762335367623,1800,1800,800,1801,1799,1799,1799,1800,30.000001907348633,0,0,0,0,0,0,0,106277.24493408203,17720.48406982422,66511.95593261719,0.201904296875,33572028416,0,788520960,0
1,1762335367624,1800,1800,800,1801,1799,1799,1799,1800,30.000001907348633,0,0,0,0,0,0,0,106277.24591064453,17720.48846435547,66511.95739746094,0.201904296875,33572028416,0,788520960,0
1,1762335367625,1800,1800,800,1801,1799,1799,1799,1800,30.000001907348633,0,0,0,0,0,0,0,106277.24688720703,17720.492919921875,66511.95861816406,0.201904296875,33572028416,0,788520960,0
1,1762335367626,1800,1800,800,1801,1799,1799,1799,1800,30.000001907348633,0,0,0,0,0,0,0,106277.24786376953,17720.49725341797,66511.96008300781,0.201904296875,33572028416,0,788520960,0
1,1762335367627,1800,1800,800,1801,1799,1799,1799,1800,30.000001907348633,0,0,0,0,0,0,0,106277.24890136719,17720.501831054688,66511.96130371094,0.201904296875,33572028416,0,788520960,0
1,1762335367628,1800,1800,800,1801,1799,1799,1799,1800,30.000001907348633,0,0,0,0,0,0,0,106277.24987792969,17720.50604248047,66511.96270751953,0.201904296875,33572028416,0,788520960,0
1,1762335367629,1800,1800,800,1801,1799,1799,1799,1800,30.000001907348633,0,0,0,0,0,0,0,106277.25189208984,17720.514526367188,66511.96392822266,0.201904296875,33572028416,0,788520960,0
0,1762335367630,1800,1800,800,1801,1799,1799,1799,1800,30.000001907348633,0,0,0,0,0,0,0,106277.25280761719,17720.5185546875,66511.96514892578,0.201904296875,33572028416,0,788520960,0
0,1762335367632,1800,1800,800,1801,1799,1799,1799,1800,30.000001907348633,0,0,0,0,0,0,0,106277.25384521484,17720.52294921875,66511.9663696289,0.201904296875,33572028416,0,788520960,0
0,1762335367633,1800,1800,800,1801,1799,1799,1799,1800,30.000001907348633,0,0,0,0,0,0,0,106277.25482177734,17720.527465820313,66511.96783447266,0.201904296875,33572028416,0,788520960,0
1,1762335367634,1800,1800,800,1801,1799,1799,1799,1800,30.000001907348633,0,0,0,0,0,0,0,106277.25579833984,17720.531677246094,66511.9691772461,0.201904296875,33572028416,0,788520960,0
1,1762335367635,1800,1800,800,1801,1799,1799,1799,1800,30.000001907348633,0,0,0,0,0,0,0,106277.25677490234,17720.5361328125,66511.97039794922,0.201904296875,33572028416,0,788520960,0
1,1762335367636,1800,1800,800,1801,1799,1799,1799,1800,30.000001907348633,0,0,0,0,0,0,0,106277.2578125,17720.54071044922,66511.97186279297,0.201904296875,33572028416,0,788520960,0
1,1762335367637,1800,1800,800,1801,1799,1799,1799,1800,30.000001907348633,0,0,0,0,0,0,0,106277.2587890625,17720.54510498047,66511.97296142578,0.201904296875,33572028416,0,788520960,0
1,1762335367638,1800,1800,800,1801,1799,1799,1799,1800,30.000001907348633,0,0,0,0,0,0,0,106277.25982666016,17720.54962158203,66511.97454833984,0.201904296875,33572028416,0,788520960,0
1,1762335367639,1800,1800,800,1801,1799,1799,1799,1800,30.000001907348633,0,0,0,0,0,0,0,106277.2607421875,17720.55389404297,66511.97589111328,0.201904296875,33572028416,0,788520960,0
1,1762335367640,1800,1800,800,1801,1799,1799,1799,1800,30.000001907348633,0,0,0,0,0,0,0,106277.26275634766,17720.558227539063,66511.9771118164,0.201904296875,33572028416,0,788520960,0
0,1762335367641,1800,1800,800,1801,1799,1799,1799,1800,30.000001907348633,0,0,0,0,0,0,0,106277.26373291016,17720.566528320313,66511.97845458984,0.201904296875,33572028416,0,788520960,0
0,1762335367643,1800,1800,800,1801,1799,1799,1799,1800,30.000001907348633,0,0,0,0,0,0,0,106277.26477050781,17720.57080078125,66511.97955322266,0.201904296875,33572028416,0,788520960,0
0,1762335367644,1800,1800,800,1801,1799,1799,1799,1800,30.000001907348633,0,0,0,0,0,0,0,106277.26568603516,17720.575073242188,66511.9808959961,0.201904296875,33572028416,0,788520960,0
1,1762335367645,1800,1800,800,1801,1799,1799,1799,1800,30.000001907348633,0,0,0,0,0,0,0,106277.26666259766,17720.579345703125,66511.98217773438,0.201904296875,33572028416,0,788520960,0
1,1762335367646,1800,1800,800,1801,1799,1799,1799,1800,30.000001907348633,0,0,0,0,0,0,0,106277.26763916016,17720.58367919922,66511.98352050781,0.201904296875,33572028416,0,788520960,0
1,1762335367647,1800,1800,800,1801,1799,1799,1799,1800,30.000001907348633,0,0,0,0,0,0,0,106277.26867675781,17720.588317871094,66511.98498535156,0.201904296875,33572028416,0,788520960,0
1,1762335367648,1800,1800,800,1801,1799,1799,1799,1800,30.000001907348633,0,0,0,0,0,0,0,106277.26965332031,17720.5927734375,66511.98645019531,0.201904296875,33572028416,0,788520960,0
1,1762335367649,1800,1800,800,1801,1799,1799,1799,1800,30.000001907348633,0,0,0,0,0,0,0,106277.27062988281,17720.59735107422,66511.9877319336,0.201904296875,33572028416,0,788520960,0
1,1762335367650,1800,1800,800,1801,1799,1799,1799,1800,30.000001907348633,0,0,0,0,0,0,0,106277.27166748047,17720.60174560547,66511.98889160156,0.201904296875,33572028416,0,788520960,0
1,1762335367651,1800,1800,800,1801,1799,1799,1799,1800,30.000001907348633,0,0,0,0,0,0,0,106277.27362060547,17720.609741210938,66511.98999023438,0.201904296875,33572028416,0,788520960,0
0,1762335367653,1800,1800,800,1801,1799,1799,1799,1800,30.000001907348633,0,0,0,0,0,0,0,106277.27465820313,17720.614196777344,66511.99145507813,0.201904296875,33572028416,0,788520960,0
0,1762335367654,1800,1800,800,1801,1799,1799,1799,1800,30.000001907348633,0,0,0,0,0,0,0,106277.27557373047,17720.61834716797,66511.99267578125,0.201904296875,33572028416,0,788520960,0
0,1762335367655,1800,1800,800,1801,1799,1799,1799,1800,30.000001907348633,0,0,0,0,0,0,0,106277.27661132813,17720.62274169922,66511.99407958984,0.201904296875,33572028416,0,788520960,0
1,1762335367656,1800,1800,800,1801,1799,1799,1799,1800,30.000001907348633,0,0,0,0,0,0,0,106277.27758789063,17720.62725830078,66511.99548339844,0.201904296875,33572028416,0,788520960,0
1,1762335367657,1800,1800,800,1801,1799,1799,1799,1800,30.000001907348633,0,0,0,0,0,0,0,106277.27856445313,17720.63165283203,66511.9966430664,0.201904296875,33572028416,0,788520960,0
1,1762335367658,1800,1800,800,1801,1799,1799,1799,1800,30.000001907348633,0,0,0,0,0,0,0,106277.27954101563,17720.63604736328,66511.99792480469,0.201904296875,33572028416,0,788520960,0
1,1762335367659,1800,1800,800,1801,1799,1799,1799,1800,30.000001907348633,0,0,0,0,0,0,0,106277.28057861328,17720.640380859375,66511.99908447266,0.201904296875,33572028416,0,788520960,0
1,1762335367660,1800,1800,800,1801,1799,1799,1799,1800,30.000001907348633,0,0,0,0,0,0,0,106277.28155517578,17720.644958496094,66512.00061035156,0.201904296875,33572028416,0,788520960,0
1,1762335367661,1800,1800,800,1801,1799,1799,1799,1800,30.000001907348633,0,0,0,0,0,0,0,106277.28253173828,17720.64923095703,66512.00183105469,0.201904296875,33572028416,0,788520960,0
1,1762335367662,1800,1800,800,1801,1799,1799,1799,1800,30.000001907348633,0,0,0,0,0,0,0,106277.28448486328,17720.657470703125,66512.00311279297,0.201904296875,33572028416,0,788520960,0
0,1762335367663,1800,1800,800,1801,1799,1799,1799,1800,30.000001907348633,0,0,0,0,0,0,0,106277.28552246094,17720.661560058594,66512.00427246094,0.201904296875,33572028416,0,788520960,0
0,1762335367665,1800,1800,800,1801,1799,1799,1799,1800,30.000001907348633,0,0,0,0,0,0,0,106277.28649902344,17720.66583251953,66512.0054321289,0.201904296875,33572028416,0,788520960,0
0,1762335367666,1800,1800,800,1801,1799,1799,1799,1800,30.000001907348633,0,0,0,0,0,0,0,106277.2875366211,17720.670349121094,66512.0068359375,0.201904296875,33572028416,0,788520960,0
1,1762335367667,1800,1800,800,1801,1799,1799,1799,1800,30.000001907348633,0,0,0,0,0,0,0,106277.28845214844,17720.674560546875,66512.00817871094,0.201904296875,33572028416,0,788520960,0
1,1762335367668,1800,1800,800,1801,1799,1799,1799,1800,30.000001907348633,0,0,0,0,0,0,0,106277.2894897461,17720.679077148438,66512.0093383789,0.201904296875,33572028416,0,788520960,0
1,1762335367669,1800,1800,800,1801,1799,1799,1799,1800,30.000001907348633,0,0,0,0,0,0,0,106277.2904663086,17720.683471679688,66512.01080322266,0.201904296875,33572028416,0,788520960,0
1,1762335367670,1800,1800,800,1801,1799,1799,1799,1800,30.000001907348633,0,0,0,0,0,0,0,106277.2914428711,17720.687927246094,66512.01196289063,0.201904296875,33572028416,0,788520960,0
1,1762335367671,1800,1800,800,1801,1799,1799,1799,1800,30.000001907348633,0,0,0,0,0,0,0,106277.29248046875,17720.692321777344,66512.01330566406,0.201904296875,33572028416,0,788520960,0
1,1762335367672,1800,1800,800,1801,1799,1799,1799,1800,30.000001907348633,0,0,0,0,0,0,0,106277.29345703125,17720.696655273438,66512.01458740234,0.201904296875,33572028416,0,788520960,0
1,1762335367673,1800,1800,800,1801,1799,1799,1799,1800,30.000001907348633,0,0,0,0,0,0,0,106277.29443359375,17720.700744628906,66512.01586914063,0.201904296875,33572028416,0,788520960,0
0,1762335367674,1800,1800,800,1801,1799,1799,1799,1800,30.000001907348633,0,0,0,0,0,0,0,106277.29638671875,17720.709106445313,66512.0171508789,0.201904296875,33572028416,0,788520960,0
0,1762335367676,1800,1800,800,1801,1799,1799,1799,1800,30.000001907348633,0,0,0,0,0,0,0,106277.29736328125,17720.71337890625,66512.01837158203,0.201904296875,33572028416,0,788520960,0
0,1762335367677,1800,1800,800,1801,1799,1799,1799,1800,30.000001907348633,0,0,0,0,0,0,0,106277.2984008789,17720.7177734375,66512.01953125,0.201904296875,33572028416,0,788520960,0
1,1762335367678,1800,1800,800,1801,1799,1799,1799,1800,30.000001907348633,0,0,0,0,0,0,0,106277.2993774414,17720.722106933594,66512.02087402344,0.201904296875,33572028416,0,788520960,0
1,1762335367679,1800,1800,800,1801,1799,1799,1799,1800,30.000001907348633,0,0,0,0,0,0,0,106277.3003540039,17720.726440429688,66512.02215576172,0.201904296875,33572028416,0,788520960,0
1,1762335367680,1800,1800,800,1801,1799,1799,1799,1800,30.000001907348633,0,0,0,0,0,0,0,106277.30139160156,17720.730895996094,66512.02337646484,0.201904296875,33572028416,0,788520960,0
1,1762335367681,1800,1800,800,1801,1799,1799,1799,1800,30.000001907348633,0,0,0,0,0,0,0,106277.30236816406,17720.735229492188,66512.02465820313,0.201904296875,33572028416,0,788520960,0
1,1762335367682,1800,1800,800,1801,1799,1799,1799,1800,30.000001907348633,0,0,0,0,0,0,0,106277.30334472656,17720.73974609375,66512.02606201172,0.201904296875,33572028416,0,788520960,0
1,1762335367683,1800,1800,800,1801,1799,1799,1799,1800,30.000001907348633,0,0,0,0,0,0,0,106277.30432128906,17720.744079589844,66512.02722167969,0.201904296875,33572028416,0,788520960,0
1,1762335367684,1800,1800,800,1801,1799,1799,1799,1800,30.000001907348633,0,0,0,0,0,0,0,106277.30627441406,17720.748107910156,66512.02856445313,0.201904296875,33572028416,0,788520960,0
0,1762335367685,1800,1800,800,1801,1799,1799,1799,1800,30.000001907348633,0,0,0,0,0,0,0,106277.30725097656,17720.75634765625,66512.0297241211,0.201904296875,33572028416,0,788520960,0
0,1762335367687,1800,1800,800,1801,1799,1799,1799,1800,30.000001907348633,0,0,0,0,0,0,0,106277.30828857422,17720.7607421875,66512.03094482422,0.201904296875,33572028416,0,788520960,0
0,1762335367688,1800,1800,800,1801,1799,1799,1799,1800,30.000001907348633,0,0,0,0,0,0,0,106277.30926513672,17720.76495361328,66512.03216552734,0.201904296875,33572028416,0,788520960,0
1,1762335367689,1800,1800,800,1801,1799,1799,1799,1800,30.000001907348633,0,0,0,0,0,0,0,106277.31030273438,17720.76934814453,66512.033203125,0.201904296875,33572028416,0,788520960,0
1,1762335367690,1800,1800,800,1801,1799,1799,1799,1800,30.000001907348633,0,0,0,0,0,0,0,106277.31127929688,17720.773559570313,66512.0346069336,0.201904296875,33572028416,0,788520960,0
1,1762335367691,1800,1800,800,1801,1799,1799,1799,1800,30.000001907348633,0,0,0,0,0,0,0,106277.31225585938,17720.777893066406,66512.03588867188,0.201904296875,33572028416,0,788520960,0
1,1762335367692,1800,1800,800,1801,1799,1799,1799,1800,30.000001907348633,0,0,0,0,0,0,0,106277.31323242188,17720.782287597656,66512.037109375,0.201904296875,33572028416,0,788520960,0
1,1762335367693,1800,1800,800,1801,1799,1799,1799,1800,30.000001907348633,0,0,0,0,0,0,0,106277.31427001953,17720.786865234375,66512.0386352539,0.201904296875,33572028416,0,788520960,0
1,1762335367694,1800,1800,800,1801,1799,1799,1799,1800,30.000001907348633,0,0,0,0,0,0,0,106277.31518554688,17720.791137695313,66512.03991699219,0.201904296875,33572028416,0,788520960,0
1,1762335367695,1800,1800,800,1801,1799,1799,1799,1800,30.000001907348633,0,0,0,0,0,0,0,106277.31719970703,17720.795471191406,66512.04125976563,0.201904296875,33572028416,0,788520960,0
0,1762335367696,1800,1800,800,1801,1799,1799,1799,1800,30.000001907348633,0,0,0,0,0,0,0,106277.31817626953,17720.80389404297,66512.0425415039,0.201904296875,33572028416,0,788520960,0
0,1762335367698,1800,1800,800,1801,1799,1799,1799,1800,30.000001907348633,0,0,0,0,0,0,0,106277.31915283203,17720.80810546875,66512.04376220703,0.201904296875,33572028416,0,788520960,0
0,1762335367699,1800,1800,800,1801,1799,1799,1799,1800,30.000001907348633,0,0,0,0,0,0,0,106277.32019042969,17720.812438964844,66512.044921875,0.201904296875,33572028416,0,788520960,0
1,1762335367700,1800,1800,800,1801,1799,1799,1799,1800,30.000001907348633,0,0,0,0,0,0,0,106277.32116699219,17720.816650390625,66512.04608154297,0.201904296875,33572028416,0,788520960,0
1,1762335367701,1800,1800,800,1801,1799,1799,1799,1800,30.000001907348633,0,0,0,0,0,0,0,106277.32214355469,17720.821044921875,66512.04736328125,0.201904296875,33572028416,0,788520960,0
1,1762335367702,1800,1800,800,1801,1799,1799,1799,1800,30.000001907348633,0,0,0,0,0,0,0,106277.32312011719,17720.825439453125,66512.04864501953,0.201904296875,33572028416,0,788520960,0
1,1762335367703,1800,1800,800,1801,1799,1799,1799,1800,30.000001907348633,0,0,0,0,0,0,0,106277.32415771484,17720.82989501953,66512.05010986328,0.201904296875,33572028416,0,788520960,0
1,1762335367704,1800,1800,800,1801,1799,1799,1799,1800,30.000001907348633,0,0,0,0,0,0,0,106277.32513427734,17720.834350585938,66512.0513305664,0.201904296875,33572028416,0,788520960,0
1,1762335367705,1800,1800,800,1801,1799,1799,1799,1800,30.000001907348633,0,0,0,0,0,0,0,106277.32611083984,17720.83868408203,66512.05255126953,0.201904296875,33572028416,0,788520960,0
1,1762335367706,1800,1800,800,1801,1799,1799,1799,1800,30.000001907348633,0,0,0,0,0,0,0,106277.32806396484,17720.846923828125,66512.05389404297,0.201904296875,33572028416,0,788520960,0
0,1762335367707,1800,1800,800,1801,1799,1799,1799,1800,30.000001907348633,0,0,0,0,0,0,0,106277.3291015625,17720.851318359375,66512.05505371094,0.201904296875,33572028416,0,788520960,0
0,1762335367709,1800,1800,800,1801,1799,1799,1799,1800,30.000001907348633,0,0,0,0,0,0,0,106277.330078125,17720.855529785156,66512.05639648438,0.201904296875,33572028416,0,788520960,0
0,1762335367710,1800,1800,800,1801,1799,1799,1799,1800,30.000001907348633,0,0,0,0,0,0,0,106277.3310546875,17720.859802246094,66512.05767822266,0.201904296875,33572028416,0,788520960,0
1,1762335367711,1800,1800,800,1801,1799,1799,1799,1800,30.000001907348633,0,0,0,0,0,0,0,106277.33203125,17720.8642578125,66512.0590209961,0.201904296875,33572028416,0,788520960,0
1,1762335367712,1800,1800,800,1801,1799,1799,1799,1800,30.000001907348633,0,0,0,0,0,0,0,106277.33306884766,17720.868591308594,66512.06024169922,0.201904296875,33572028416,0,788520960,0
1,1762335367713,1800,1800,800,1801,1799,1799,1799,1800,30.000001907348633,0,0,0,0,0,0,0,106277.33404541016,17720.873107910156,66512.06176757813,0.201904296875,33572028416,0,788520960,0
1,1762335367714,1800,1800,800,1801,1799,1799,1799,1800,30.000001907348633,0,0,0,0,0,0,0,106277.33502197266,17720.87744140625,66512.06311035156,0.201904296875,33572028416,0,788520960,0
1,1762335367715,1800,1800,800,1801,1799,1799,1799,1800,30.000001907348633,0,0,0,0,0,0,0,106277.33599853516,17720.88201904297,66512.064453125,0.201904296875,33572028416,0,788520960,0
1,1762335367716,1800,1800,800,1801,1799,1799,1799,1800,30.000001907348633,0,0,0,0,0,0,0,106277.33703613281,17720.88641357422,66512.06579589844,0.201904296875,33572028416,0,788520960,0
1,1762335367717,1800,1800,800,1801,1799,1799,1799,1800,30.000001907348633,0,0,0,0,0,0,0,106277.33898925781,17720.890625,66512.06707763672,0.201904296875,33572028416,0,788520960,0
0,1762335367718,1800,1800,800,1801,1799,1799,1799,1800,30.000001907348633,0,0,0,0,0,0,0,106277.33996582031,17720.898803710938,66512.06829833984,0.201904296875,33572028416,0,788520960,0
0,1762335367720,1800,1800,800,1801,1799,1799,1799,1800,30.000001907348633,0,0,0,0,0,0,0,106277.34094238281,17720.90313720703,66512.06951904297,0.201904296875,33572028416,0,788520960,0
0,1762335367721,1800,1800,800,1801,1799,1799,1799,1800,30.000001907348633,0,0,0,0,0,0,0,106277.34197998047,17720.907470703125,66512.0707397461,0.201904296875,33572028416,0,788520960,0
1,1762335367722,1800,1800,800,1801,1799,1799,1799,1800,30.000001907348633,0,0,0,0,0,0,0,106277.34295654297,17720.911682128906,66512.07177734375,0.201904296875,33572028416,0,788520960,0
1,1762335367723,1800,1800,800,1801,1799,1799,1799,1800,30.000001907348633,0,0,0,0,0,0,0,106277.34393310547,17720.915954589844,66512.07318115234,0.201904296875,33572028416,0,788520960,0
1,1762335367724,1800,1800,800,1801,1799,1799,1799,1800,30.000001907348633,0,0,0,0,0,0,0,106277.34490966797,17720.920349121094,66512.07452392578,0.201904296875,33572028416,0,788520960,0
1,1762335367725,1800,1800,800,1801,1799,1799,1799,1800,30.000001907348633,0,0,0,0,0,0,0,106277.34594726563,17720.925048828125,66512.07598876953,0.201904296875,33572028416,0,788520960,0
1,1762335367726,1800,1800,800,1801,1799,1799,1799,1800,30.000001907348633,0,0,0,0,0,0,0,106277.34692382813,17720.929565429688,66512.07727050781,0.201904296875,33572028416,0,788520960,0
1,1762335367727,1800,1800,800,1801,1799,1799,1799,1800,30.000001907348633,0,0,0,0,0,0,0,106277.34790039063,17720.93377685547,66512.0786743164,0.201904296875,33572028416,0,788520960,0
1,1762335367728,1800,1800,800,1801,1799,1799,1799,1800,30.000001907348633,0,0,0,0,0,0,0,106277.34985351563,17720.94219970703,66512.07989501953,0.201904296875,33572028416,0,788520960,0
0,1762335367729,1800,1800,800,1801,1799,1799,1799,1800,30.000001907348633,0,0,0,0,0,0,0,106277.35083007813,17720.946411132813,66512.08123779297,0.201904296875,33572028416,0,788520960,0
0,1762335367731,1800,1800,800,1801,1799,1799,1799,1800,30.000001907348633,0,0,0,0,0,0,0,106277.35186767578,17720.950744628906,66512.08239746094,0.201904296875,33572028416,0,788520960,0
0,1762335367732,1800,1800,800,1801,1799,1799,1799,1800,30.000001907348633,0,0,0,0,0,0,0,106277.35284423828,17720.955200195313,66512.08380126953,0.201904296875,33572028416,0,788520960,0
1,1762335367733,1800,1800,800,1801,1799,1799,1799,1800,30.000001907348633,0,0,0,0,0,0,0,106277.35382080078,17720.95947265625,66512.08526611328,0.201904296875,33572028416,0,788520960,0
1,1762335367734,1800,1800,800,1801,1799,1799,1799,1800,30.000001907348633,0,0,0,0,0,0,0,106277.35485839844,17720.96405029297,66512.0863647461,0.201904296875,33572028416,0,788520960,0
1,1762335367735,1800,1800,800,1801,1799,1799,1799,1800,30.000001907348633,0,0,0,0,0,0,0,106277.35583496094,17720.96844482422,66512.08782958984,0.201904296875,33572028416,0,788520960,0
1,1762335367736,1800,1800,800,1801,1799,1799,1799,1800,30.000001907348633,0,0,0,0,0,0,0,106277.35681152344,17720.97283935547,66512.08911132813,0.201904296875,33572028416,0,788520960,0
1,1762335367737,1800,1800,800,1801,1799,1799,1799,1800,30.000001907348633,0,0,0,0,0,0,0,106277.35778808594,17720.977172851563,66512.09051513672,0.201904296875,33572028416,0,788520960,0
1,1762335367738,1800,1800,800,1801,1799,1799,1799,1800,30.000001907348633,0,0,0,0,0,0,0,106277.3588256836,17720.98162841797,66512.09167480469,0.201904296875,33572028416,0,788520960,0
1,1762335367739,1800,1800,800,1801,1799,1799,1799,1800,30.000001907348633,0,0,0,0,0,0,0,106277.3607788086,17720.989868164063,66512.09289550781,0.201904296875,33572028416,0,788520960,0
0,1762335367740,1800,1800,800,1801,1799,1799,1799,1800,30.000001907348633,0,0,0,0,0,0,0,106277.3617553711,17720.994140625,66512.0942993164,0.201904296875,33572028416,0,788520960,0
0,1762335367742,1800,1800,800,1801,1799,1799,1799,1800,30.000001907348633,0,0,0,0,0,0,0,106277.3627319336,17720.998474121094,66512.095703125,0.201904296875,33572028416,0,788520960,0
0,1762335367743,1800,1800,800,1801,1799,1799,1799,1800,30.000001907348633,0,0,0,0,0,0,0,106277.36376953125,17721.003051757813,66512.09704589844,0.201904296875,33572028416,0,788520960,0
1,1762335367744,1800,1800,800,1801,1799,1799,1799,1800,30.000001907348633,0,0,0,0,0,0,0,106277.3646850586,17721.00732421875,66512.09832763672,0.201904296875,33572028416,0,788520960,0
1,1762335367745,1800,1800,800,1801,1799,1799,1799,1800,30.000001907348633,0,0,0,0,0,0,0,106277.36572265625,17721.011779785156,66512.09967041016,0.201904296875,33572028416,0,788520960,0
1,1762335367746,1800,1800,800,1801,1799,1799,1799,1800,30.000001907348633,0,0,0,0,0,0,0,106277.36669921875,17721.016357421875,66512.1011352539,0.201904296875,33572028416,0,788520960,0
1,1762335367747,1800,1800,800,1801,1799,1799,1799,1800,30.000001907348633,0,0,0,0,0,0,0,106277.36767578125,17721.02081298828,66512.10235595703,0.201904296875,33572028416,0,788520960,0
1,1762335367748,1800,1800,800,1801,1799,1799,1799,1800,30.000001907348633,0,0,0,0,0,0,0,106277.36865234375,17721.02520751953,66512.10363769531,0.201904296875,33572028416,0,788520960,0
1,1762335367749,1800,1800,800,1801,1799,1799,1799,1800,30.000001907348633,0,0,0,0,0,0,0,106277.3696899414,17721.029541015625,66512.1049194336,0.201904296875,33572028416,0,788520960,0
1,1762335367750,1800,1800,800,1801,1799,1799,1799,1800,30.000001907348633,0,0,0,0,0,0,0,106277.3716430664,17721.033752441406,66512.10614013672,0.201904296875,33572028416,0,788520960,0
0,1762335367751,1800,1800,800,1801,1799,1799,1799,1800,30.000001907348633,0,0,0,0,0,0,0,106277.3726196289,17721.042053222656,66512.10754394531,0.201904296875,33572028416,0,788520960,0
0,1762335367753,1800,1800,800,1801,1799,1799,1799,1800,30.000001907348633,0,0,0,0,0,0,0,106277.37365722656,17721.04638671875,66512.10876464844,0.201904296875,33572028416,0,788520960,0
0,1762335367754,1800,1800,800,1801,1799,1799,1799,1800,30.000001907348633,0,0,0,0,0,0,0,106277.3745727539,17721.050537109375,66512.11010742188,0.201904296875,33572028416,0,788520960,0
1,1762335367755,1800,1800,800,1801,1799,1799,1799,1800,30.000001907348633,0,0,0,0,0,0,0,106277.37561035156,17721.055114746094,66512.11151123047,0.201904296875,33572028416,0,788520960,0
1,1762335367756,1800,1800,800,1801,1799,1799,1799,1800,30.000001907348633,0,0,0,0,0,0,0,106277.37658691406,17721.059448242188,66512.11267089844,0.201904296875,33572028416,0,788520960,0
1,1762335367757,1800,1800,800,1801,1799,1799,1799,1800,30.000001907348633,0,0,0,0,0,0,0,106277.37756347656,17721.063842773438,66512.11395263672,0.201904296875,33572028416,0,788520960,0
1,1762335367758,1800,1800,800,1801,1799,1799,1799,1800,30.000001907348633,0,0,0,0,0,0,0,106277.37860107422,17721.068237304688,66512.11517333984,0.201904296875,33572028416,0,788520960,0
1,1762335367759,1800,1800,800,1801,1799,1799,1799,1800,30.000001907348633,0,0,0,0,0,0,0,106277.37957763672,17721.072692871094,66512.1166381836,0.201904296875,33572028416,0,788520960,0
1,1762335367760,1800,1800,800,1801,1799,1799,1799,1800,30.000001907348633,0,0,0,0,0,0,0,106277.38055419922,17721.077087402344,66512.11798095703,0.201904296875,33572028416,0,788520960,0
1,1762335367761,1800,1800,800,1801,1799,1799,1799,1800,30.000001907348633,0,0,0,0,0,0,0,106277.38159179688,17721.081481933594,66512.11926269531,0.201904296875,33572028416,0,788520960,0
0,1762335367762,1800,1800,800,1801,1799,1799,1799,1800,30.000001907348633,0,0,0,0,0,0,0,106277.38354492188,17721.089721679688,66512.12036132813,0.201904296875,33572028416,0,788520960,0
0,1762335367764,1800,1800,800,1801,1799,1799,1799,1800,30.000001907348633,0,0,0,0,0,0,0,106277.38452148438,17721.093872070313,66512.1216430664,0.201904296875,33572028416,0,788520960,0
0,1762335367765,1800,1800,800,1801,1799,1799,1799,1800,30.000001907348633,0,0,0,0,0,0,0,106277.38549804688,17721.098205566406,66512.12280273438,0.201904296875,33572028416,0,788520960,0
1,1762335367766,1800,1800,800,1801,1799,1799,1799,1800,30.000001907348633,0,0,0,0,0,0,0,106277.38653564453,17721.102478027344,66512.12408447266,0.201904296875,33572028416,0,788520960,0
1,1762335367767,1800,1800,800,1801,1799,1799,1799,1800,30.000001907348633,0,0,0,0,0,0,0,106277.38751220703,17721.10693359375,66512.12536621094,0.201904296875,33572028416,0,788520960,0
1,1762335367768,1800,1800,800,1801,1799,1799,1799,1800,30.000001907348633,0,0,0,0,0,0,0,106277.38848876953,17721.11114501953,66512.12670898438,0.201904296875,33572028416,0,788520960,0
1,1762335367769,1800,1800,800,1801,1799,1799,1799,1800,30.000001907348633,0,0,0,0,0,0,0,106277.38946533203,17721.115478515625,66512.12786865234,0.201904296875,33572028416,0,788520960,0
1,1762335367770,1800,1800,800,1801,1799,1799,1799,1800,30.000001907348633,0,0,0,0,0,0,0,106277.39050292969,17721.119995117188,66512.12927246094,0.201904296875,33572028416,0,788520960,0
1,1762335367771,1800,1800,800,1801,1799,1799,1799,1800,30.000001907348633,0,0,0,0,0,0,0,106277.39147949219,17721.124267578125,66512.13055419922,0.201904296875,33572028416,0,788520960,0
1,1762335367772,1800,1800,800,1801,1799,1799,1799,1800,30.000001907348633,0,0,0,0,0,0,0,106277.39343261719,17721.132568359375,66512.13171386719,0.201904296875,33572028416,0,788520960,0
0,1762335367773,1800,1800,800,1801,1799,1799,1799,1800,30.000001907348633,0,0,0,0,0,0,0,106277.39440917969,17721.136840820313,66512.13305664063,0.201904296875,33572028416,0,788520960,0
0,1762335367775,1800,1800,800,1801,1799,1799,1799,1800,30.000001907348633,0,0,0,0,0,0,0,106277.39544677734,17721.141174316406,66512.1343383789,0.201904296875,33572028416,0,788520960,0
0,1762335367776,1800,1800,800,1801,1799,1799,1799,1800,30.000001907348633,0,0,0,0,0,0,0,106277.39636230469,17721.14532470703,66512.13555908203,0.201904296875,33572028416,0,788520960,0
1,1762335367777,1800,1800,800,1801,1799,1799,1799,1800,30.000001907348633,0,0,0,0,0,0,0,106277.39739990234,17721.149841308594,66512.13690185547,0.201904296875,33572028416,0,788520960,0
1,1762335367778,1800,1800,800,1801,1799,1799,1799,1800,30.000001907348633,0,0,0,0,0,0,0,106277.39837646484,17721.154174804688,66512.13818359375,0.201904296875,33572028416,0,788520960,0
1,1762335367779,1800,1800,800,1801,1799,1799,1799,1800,30.000001907348633,0,0,0,0,0,0,0,106277.3994140625,17721.158630371094,66512.13934326172,0.201904296875,33572028416,0,788520960,0
1,1762335367780,1800,1800,800,1801,1799,1799,1799,1800,30.000001907348633,0,0,0,0,0,0,0,106277.400390625,17721.162963867188,66512.14074707031,0.201904296875,33572028416,0,788520960,0
1,1762335367781,1800,1800,800,1801,1799,1799,1799,1800,30.000001907348633,0,0,0,0,0,0,0,106277.4013671875,17721.167419433594,66512.14196777344,0.201904296875,33572028416,0,788520960,0
1,1762335367782,1800,1800,800,1801,1799,1799,1799,1800,30.000001907348633,0,0,0,0,0,0,0,106277.40234375,17721.171630859375,66512.1431274414,0.201904296875,33572028416,0,788520960,0
1,1762335367783,1800,1800,800,1801,1799,1799,1799,1800,30.000001907348633,0,0,0,0,0,0,0,106277.40435791016,17721.17999267578,66512.14440917969,0.201904296875,33572028416,0,788520960,0
0,1762335367784,1800,1800,800,1801,1799,1799,1799,1800,30.000001907348633,0,0,0,0,0,0,0,106277.40533447266,17721.184020996094,66512.14556884766,0.201904296875,33572028416,0,788520960,0
0,1762335367786,1800,1800,800,1801,1799,1799,1799,1800,30.000001907348633,0,0,0,0,0,0,0,106277.40631103516,17721.188354492188,66512.14666748047,0.201904296875,33572028416,0,788520960,0
0,1762335367787,1800,1800,800,1801,1799,1799,1799,1800,30.000001907348633,0,0,0,0,0,0,0,106277.40728759766,17721.19256591797,66512.1478881836,0.201904296875,33572028416,0,788520960,0
1,1762335367788,1800,1800,800,1801,1799,1799,1799,1800,30.000001907348633,0,0,0,0,0,0,0,106277.40832519531,17721.19696044922,66512.14904785156,0.201904296875,33572028416,0,788520960,0
1,1762335367789,1800,1800,800,1801,1799,1799,1799,1800,30.000001907348633,0,0,0,0,0,0,0,106277.40924072266,17721.201171875,66512.15045166016,0.201904296875,33572028416,0,788520960,0
1,1762335367790,1800,1800,800,1801,1799,1799,1799,1800,30.000001907348633,0,0,0,0,0,0,0,106277.41027832031,17721.205688476563,66512.15197753906,0.201904296875,33572028416,0,788520960,0
1,1762335367791,1800,1800,800,1801,1799,1799,1799,1800,30.000001907348633,0,0,0,0,0,0,0,106277.41125488281,17721.21044921875,66512.15350341797,0.201904296875,33572028416,0,788520960,0
1,1762335367792,1800,1800,800,1801,1799,1799,1799,1800,30.000001907348633,0,0,0,0,0,0,0,106277.41229248047,17721.21502685547,66512.1547241211,0.201904296875,33572028416,0,788520960,0
1,1762335367793,1800,1800,800,1801,1799,1799,1799,1800,30.000001907348633,0,0,0,0,0,0,0,106277.41326904297,17721.219299316406,66512.15606689453,0.201904296875,33572028416,0,788520960,0
1,1762335367794,1800,1800,800,1801,1799,1799,1799,1800,30.000001907348633,0,0,0,0,0,0,0,106277.41522216797,17721.227478027344,66512.15728759766,0.201904296875,33572028416,0,788520960,0
0,1762335367795,1800,1800,800,1801,1799,1799,1799,1800,30.000001907348633,0,0,0,0,0,0,0,106277.41619873047,17721.231567382813,66512.15850830078,0.201904296875,33572028416,0,788520960,0
0,1762335367797,1800,1800,800,1801,1799,1799,1799,1800,30.000001907348633,0,0,0,0,0,0,0,106277.41717529297,17721.23583984375,66512.1597290039,0.201904296875,33572028416,0,788520960,0
0,1762335367798,1800,1800,800,1801,1799,1799,1799,1800,30.000001907348633,0,0,0,0,0,0,0,106277.41821289063,17721.240173339844,66512.16101074219,0.201904296875,33572028416,0,788520960,0
1,1762335367799,1800,1800,800,1801,1799,1799,1799,1800,30.000001907348633,0,0,0,0,0,0,0,106277.41918945313,17721.244689941406,66512.16247558594,0.201904296875,33572028416,0,788520960,0
1,1762335367800,1800,1800,800,1801,1799,1799,1799,1800,30.000001907348633,0,0,0,0,0,0,0,106277.42016601563,17721.249267578125,66512.16381835938,0.201904296875,33572028416,0,788520960,0
1,1762335367801,1800,1800,800,1801,1799,1799,1799,1800,30.000001907348633,0,0,0,0,0,0,0,106277.42114257813,17721.25360107422,66512.16510009766,0.201904296875,33572028416,0,788520960,0
1,1762335367802,1800,1800,800,1801,1799,1799,1799,1800,30.000001907348633,0,0,0,0,0,0,0,106277.42218017578,17721.25799560547,66512.16650390625,0.201904296875,33572028416,0,788520960,0
1,1762335367803,1800,1800,800,1801,1799,1799,1799,1800,30.000001907348633,0,0,0,0,0,0,0,106277.42315673828,17721.262634277344,66512.16778564453,0.201904296875,33572028416,0,788520960,0
1,1762335367804,1800,1800,800,1801,1799,1799,1799,1800,30.000001907348633,0,0,0,0,0,0,0,106277.42413330078,17721.266723632813,66512.16906738281,0.201904296875,33572028416,0,788520960,0
1,1762335367805,1800,1800,800,1801,1799,1799,1799,1800,30.000001907348633,0,0,0,0,0,0,0,106277.42510986328,17721.271057128906,66512.17022705078,0.201904296875,33572028416,0,788520960,0
0,1762335367806,1800,1800,800,1801,1799,1799,1799,1800,30.000001907348633,0,0,0,0,0,0,0,106277.42712402344,17721.279235839844,66512.1714477539,0.201904296875,33572028416,0,788520960,0
0,1762335367808,1800,1800,800,1801,1799,1799,1799,1800,30.000001907348633,0,0,0,0,0,0,0,106277.42810058594,17721.283569335938,66512.17266845703,0.201904296875,33572028416,0,788520960,0
0,1762335367809,1800,1800,800,1801,1799,1799,1799,1800,30.000001907348633,0,0,0,0,0,0,0,106277.4291381836,17721.2880859375,66512.17407226563,0.201904296875,33572028416,0,788520960,0
1,1762335367810,1800,1800,800,1801,1799,1799,1799,1800,30.000001907348633,0,0,0,0,0,0,0,106277.43005371094,17721.292236328125,66512.1752319336,0.201904296875,33572028416,0,788520960,0
1,1762335367811,1800,1800,800,1801,1799,1799,1799,1800,30.000001907348633,0,0,0,0,0,0,0,106277.4310913086,17721.296875,66512.17663574219,0.201904296875,33572028416,0,788520960,0
1,1762335367812,1800,1800,800,1801,1799,1799,1799,1800,30.000001907348633,0,0,0,0,0,0,0,106277.4320678711,17721.301391601563,66512.17822265625,0.201904296875,33572028416,0,788520960,0
1,1762335367813,1800,1800,800,1801,1799,1799,1799,1800,30.000001907348633,0,0,0,0,0,0,0,106277.4330444336,17721.305725097656,66512.17944335938,0.201904296875,33572028416,0,788520960,0
1,1762335367814,1800,1800,800,1801,1799,1799,1799,1800,30.000001907348633,0,0,0,0,0,0,0,106277.43408203125,17721.31024169922,66512.18072509766,0.201904296875,33572028416,0,788520960,0
1,1762335367815,1800,1800,800,1801,1799,1799,1799,1800,22.22222328186035,0,0,0,4.761904716491699,0,0,0,106277.4349975586,17721.314392089844,66512.1821899414,0.201904296875,33572028416,0,788520960,0
1,1762335367816,1800,1800,800,1801,1799,1799,1799,1800,22.22222328186035,0,0,0,4.761904716491699,0,0,0,106277.43603515625,17721.31854248047,66512.18347167969,0.201904296875,33572028416,0,788520960,0
0,1762335367817,1800,1800,800,1801,1799,1799,1799,1800,22.22222328186035,0,0,0,4.761904716491699,0,0,0,106277.43798828125,17721.327087402344,66512.18475341797,0.201904296875,33572028416,0,788520960,0
0,1762335367819,1800,1800,800,1801,1799,1799,1799,1800,22.22222328186035,0,0,0,4.761904716491699,0,0,0,106277.43896484375,17721.331481933594,66512.18591308594,0.201904296875,33572028416,0,788520960,0
0,1762335367820,1800,1800,800,1801,1799,1799,1799,1800,22.22222328186035,0,0,0,4.761904716491699,0,0,0,106277.4400024414,17721.335693359375,66512.18713378906,0.201904296875,33572028416,0,788520960,0
1,1762335367821,1800,1800,800,1801,1799,1799,1799,1800,22.22222328186035,0,0,0,4.761904716491699,0,0,0,106277.4409790039,17721.34002685547,66512.18823242188,0.201904296875,33572028416,0,788520960,0
1,1762335367822,1800,1800,800,1801,1799,1799,1799,1800,22.22222328186035,0,0,0,4.761904716491699,0,0,0,106277.4419555664,17721.344360351563,66512.18951416016,0.201904296875,33572028416,0,788520960,0
1,1762335367823,1800,1800,800,1801,1799,1799,1799,1800,22.22222328186035,0,0,0,4.761904716491699,0,0,0,106277.44299316406,17721.34881591797,66512.1909790039,0.201904296875,33572028416,0,788520960,0
1,1762335367824,1800,1800,800,1801,1799,1799,1799,1800,22.22222328186035,0,0,0,4.761904716491699,0,0,0,106277.44396972656,17721.353393554688,66512.19244384766,0.201904296875,33572028416,0,788520960,0
1,1762335367825,1800,1800,800,1801,1799,1799,1799,1800,22.22222328186035,0,0,0,4.761904716491699,0,0,0,106277.44494628906,17721.357849121094,66512.1937866211,0.201904296875,33572028416,0,788520960,0
1,1762335367826,1800,1800,800,1801,1799,1799,1799,1800,22.22222328186035,0,0,0,4.761904716491699,0,0,0,106277.44592285156,17721.362243652344,66512.19506835938,0.201904296875,33572028416,0,788520960,0
1,1762335367827,1800,1800,800,1801,1799,1799,1799,1800,22.22222328186035,0,0,0,4.761904716491699,0,0,0,106277.44787597656,17721.370483398438,66512.19616699219,0.201904296875,33572028416,0,788520960,0
0,1762335367828,1800,1800,800,1801,1799,1799,1799,1800,22.22222328186035,0,0,0,4.761904716491699,0,0,0,106277.44891357422,17721.37469482422,66512.19757080078,0.201904296875,33572028416,0,788520960,0
0,1762335367830,1800,1800,800,1801,1799,1799,1799,1800,22.22222328186035,0,0,0,4.761904716491699,0,0,0,106277.44989013672,17721.37908935547,66512.1986694336,0.201904296875,33572028416,0,788520960,0
0,1762335367831,1800,1800,800,1801,1799,1799,1799,1800,22.22222328186035,0,0,0,4.761904716491699,0,0,0,106277.45086669922,17721.383361816406,66512.20001220703,0.201904296875,33572028416,0,788520960,0
1,1762335367832,1800,1800,800,1801,1799,1799,1799,1800,22.22222328186035,0,0,0,4.761904716491699,0,0,0,106277.45190429688,17721.387939453125,66512.20147705078,0.201904296875,33572028416,0,788520960,0
1,1762335367833,1800,1800,800,1801,1799,1799,1799,1800,22.22222328186035,0,0,0,4.761904716491699,0,0,0,106277.45288085938,17721.39227294922,66512.2026977539,0.201904296875,33572028416,0,788520960,0
1,1762335367834,1800,1800,800,1801,1799,1799,1799,1800,22.22222328186035,0,0,0,4.761904716491699,0,0,0,106277.45385742188,17721.39666748047,66512.2041015625,0.201904296875,33572028416,0,788520960,0
1,1762335367835,1800,1800,800,1801,1799,1799,1799,1800,22.22222328186035,0,0,0,4.761904716491699,0,0,0,106277.45483398438,17721.401000976563,66512.20526123047,0.201904296875,33572028416,0,788520960,0
1,1762335367836,1800,1800,800,1801,1799,1799,1799,1800,22.22222328186035,0,0,0,4.761904716491699,0,0,0,106277.45587158203,17721.40557861328,66512.20672607422,0.201904296875,33572028416,0,788520960,0
1,1762335367837,1800,1800,800,1801,1799,1799,1799,1800,22.22222328186035,0,0,0,4.761904716491699,0,0,0,106277.45684814453,17721.40997314453,66512.20794677734,0.201904296875,33572028416,0,788520960,0
1,1762335367838,1800,1800,800,1801,1799,1799,1799,1800,22.22222328186035,0,0,0,4.761904716491699,0,0,0,106277.45782470703,17721.414001464844,66512.20928955078,0.201904296875,33572028416,0,788520960,0
0,1762335367839,1800,1800,800,1801,1799,1799,1799,1800,22.22222328186035,0,0,0,4.761904716491699,0,0,0,106277.45983886719,17721.422485351563,66512.21057128906,0.201904296875,33572028416,0,788520960,0
0,1762335367841,1800,1800,800,1801,1799,1799,1799,1800,22.22222328186035,0,0,0,4.761904716491699,0,0,0,106277.46081542969,17721.4267578125,66512.21173095703,0.201904296875,33572028416,0,788520960,0
0,1762335367842,1800,1800,800,1801,1799,1799,1799,1800,22.22222328186035,0,0,0,4.761904716491699,0,0,0,106277.46173095703,17721.43084716797,66512.21295166016,0.201904296875,33572028416,0,788520960,0
1,1762335367843,1800,1800,800,1801,1799,1799,1799,1800,22.22222328186035,0,0,0,4.761904716491699,0,0,0,106277.46276855469,17721.43536376953,66512.21423339844,0.201904296875,33572028416,0,788520960,0
1,1762335367844,1800,1800,800,1801,1799,1799,1799,1800,22.22222328186035,0,0,0,4.761904716491699,0,0,0,106277.46374511719,17721.43963623047,66512.21551513672,0.201904296875,33572028416,0,788520960,0
1,1762335367845,1800,1800,800,1801,1799,1799,1799,1800,22.22222328186035,0,0,0,4.761904716491699,0,0,0,106277.46472167969,17721.443969726563,66512.21697998047,0.201904296875,33572028416,0,788520960,0
0,1762335367846,1800,1800,800,1801,1799,1799,1799,1800,22.22222328186035,0,0,0,4.761904716491699,0,0,0,106277.46569824219,17721.44854736328,66512.21850585938,0.201904296875,33572028416,0,788520960,0
1,1762335367847,1800,1800,800,1801,1799,1799,1799,1800,22.22222328186035,0,0,0,4.761904716491699,0,0,0,106277.46673583984,17721.453247070313,66512.21984863281,0.201904296875,33572028416,0,788520960,0
1,1762335367848,1800,1800,800,1801,1799,1799,1799,1800,22.22222328186035,0,0,0,4.761904716491699,0,0,0,106277.46771240234,17721.45751953125,66512.22106933594,0.201904296875,33572028416,0,788520960,0
1,1762335367849,1800,1800,800,1801,1799,1799,1799,1800,22.22222328186035,0,0,0,4.761904716491699,0,0,0,106277.46966552734,17721.46173095703,66512.22216796875,0.201904296875,33572028416,0,788520960,0
0,1762335367850,1800,1800,800,1801,1799,1799,1799,1800,22.22222328186035,0,0,0,4.761904716491699,0,0,0,106277.470703125,17721.47003173828,66512.22357177734,0.201904296875,33572028416,0,788520960,0
0,1762335367852,1800,1800,800,1801,1799,1799,1799,1800,22.22222328186035,0,0,0,4.761904716491699,0,0,0,106277.4716796875,17721.47430419922,66512.22473144531,0.201904296875,33572028416,0,788520960,0
0,1762335367853,1800,1800,800,1801,1799,1799,1799,1800,22.22222328186035,0,0,0,4.761904716491699,0,0,0,106277.47265625,17721.478637695313,66512.2260131836,0.201904296875,33572028416,0,788520960,0
1,1762335367854,1800,1800,800,1801,1799,1799,1799,1800,22.22222328186035,0,0,0,4.761904716491699,0,0,0,106277.4736328125,17721.48291015625,66512.22741699219,0.201904296875,33572028416,0,788520960,0
1,1762335367855,1800,1800,800,1801,1799,1799,1799,1800,22.22222328186035,0,0,0,4.761904716491699,0,0,0,106277.474609375,17721.487365722656,66512.22863769531,0.201904296875,33572028416,0,788520960,0
1,1762335367856,1800,1800,800,1801,1799,1799,1799,1800,22.22222328186035,0,0,0,4.761904716491699,0,0,0,106277.47564697266,17721.49188232422,66512.2300415039,0.201904296875,33572028416,0,788520960,0
1,1762335367857,1800,1800,800,1801,1799,1799,1799,1800,22.22222328186035,0,0,0,4.761904716491699,0,0,0,106277.47662353516,17721.49627685547,66512.23114013672,0.201904296875,33572028416,0,788520960,0
1,1762335367858,1800,1800,800,1801,1799,1799,1799,1800,22.22222328186035,0,0,0,4.761904716491699,0,0,0,106277.47760009766,17721.50067138672,66512.23266601563,0.201904296875,33572028416,0,788520960,0
1,1762335367859,1800,1800,800,1801,1799,1799,1799,1800,22.22222328186035,0,0,0,4.761904716491699,0,0,0,106277.47857666016,17721.50506591797,66512.23413085938,0.201904296875,33572028416,0,788520960,0
1,1762335367860,1800,1800,800,1801,1799,1799,1799,1800,22.22222328186035,0,0,0,4.761904716491699,0,0,0,106277.48059082031,17721.513610839844,66512.23541259766,0.201904296875,33572028416,0,788520960,0
0,1762335367861,1800,1800,800,1801,1799,1799,1799,1800,22.22222328186035,0,0,0,4.761904716491699,0,0,0,106277.48156738281,17721.51776123047,66512.23663330078,0.201904296875,33572028416,0,788520960,0
0,1762335367863,1800,1800,800,1801,1799,1799,1799,1800,22.22222328186035,0,0,0,4.761904716491699,0,0,0,106277.48254394531,17721.522033691406,66512.2378540039,0.201904296875,33572028416,0,788520960,0
0,1762335367864,1800,1800,800,1801,1799,1799,1799,1800,22.22222328186035,0,0,0,4.761904716491699,0,0,0,106277.48352050781,17721.526428222656,66512.23907470703,0.201904296875,33572028416,0,788520960,0
1,1762335367865,1800,1800,800,1801,1799,1799,1799,1800,22.22222328186035,0,0,0,4.761904716491699,0,0,0,106277.48455810547,17721.53076171875,66512.240234375,0.201904296875,33572028416,0,788520960,0
1,1762335367866,1800,1800,800,1801,1799,1799,1799,1800,22.22222328186035,0,0,0,4.761904716491699,0,0,0,106277.48553466797,17721.535095214844,66512.2416381836,0.201904296875,33572028416,0,788520960,0
1,1762335367867,1800,1800,800,1801,1799,1799,1799,1800,22.22222328186035,0,0,0,4.761904716491699,0,0,0,106277.48651123047,17721.539489746094,66512.2427368164,0.201904296875,33572028416,0,788520960,0
1,1762335367868,1800,1800,800,1801,1799,1799,1799,1800,22.22222328186035,0,0,0,4.761904716491699,0,0,0,106277.48748779297,17721.543823242188,66512.24432373047,0.201904296875,33572028416,0,788520960,0
1,1762335367869,1800,1800,800,1801,1799,1799,1799,1800,22.22222328186035,0,0,0,4.761904716491699,0,0,0,106277.48852539063,17721.54852294922,66512.2455444336,0.201904296875,33572028416,0,788520960,0
1,1762335367870,1800,1800,800,1801,1799,1799,1799,1800,22.22222328186035,0,0,0,4.761904716491699,0,0,0,106277.48950195313,17721.552673339844,66512.24688720703,0.201904296875,33572028416,0,788520960,0
1,1762335367871,1800,1800,800,1801,1799,1799,1799,1800,22.22222328186035,0,0,0,4.761904716491699,0,0,0,106277.49145507813,17721.56103515625,66512.24810791016,0.201904296875,33572028416,0,788520960,0
0,1762335367872,1800,1800,800,1801,1799,1799,1799,1800,22.22222328186035,0,0,0,4.761904716491699,0,0,0,106277.49243164063,17721.565307617188,66512.24951171875,0.201904296875,33572028416,0,788520960,0
0,1762335367874,1800,1800,800,1801,1799,1799,1799,1800,22.22222328186035,0,0,0,4.761904716491699,0,0,0,106277.49346923828,17721.56964111328,66512.25073242188,0.201904296875,33572028416,0,788520960,0
0,1762335367875,1800,1800,800,1801,1799,1799,1799,1800,22.22222328186035,0,0,0,4.761904716491699,0,0,0,106277.49444580078,17721.573791503906,66512.251953125,0.201904296875,33572028416,0,788520960,0
1,1762335367876,1800,1800,800,1801,1799,1799,1799,1800,22.22222328186035,0,0,0,4.761904716491699,0,0,0,106277.49542236328,17721.578369140625,66512.25323486328,0.201904296875,33572028416,0,788520960,0
1,1762335367877,1800,1800,800,1801,1799,1799,1799,1800,22.22222328186035,0,0,0,4.761904716491699,0,0,0,106277.49639892578,17721.58270263672,66512.25457763672,0.201904296875,33572028416,0,788520960,0
1,1762335367878,1800,1800,800,1801,1799,1799,1799,1800,22.22222328186035,0,0,0,4.761904716491699,0,0,0,106277.49743652344,17721.58709716797,66512.25579833984,0.201904296875,33572028416,0,788520960,0
1,1762335367879,1800,1800,800,1801,1799,1799,1799,1800,22.22222328186035,0,0,0,4.761904716491699,0,0,0,106277.49841308594,17721.591552734375,66512.25708007813,0.201904296875,33572028416,0,788520960,0
1,1762335367880,1800,1800,800,1801,1799,1799,1799,1800,22.22222328186035,0,0,0,4.761904716491699,0,0,0,106277.49938964844,17721.59600830078,66512.25854492188,0.201904296875,33572028416,0,788520960,0
1,1762335367881,1800,1800,800,1801,1799,1799,1799,1800,22.22222328186035,0,0,0,4.761904716491699,0,0,0,106277.5004272461,17721.600341796875,66512.25982666016,0.201904296875,33572028416,0,788520960,0
1,1762335367882,1800,1800,800,1801,1799,1799,1799,1800,22.22222328186035,0,0,0,4.761904716491699,0,0,0,106277.5014038086,17721.60467529297,66512.26110839844,0.201904296875,33572028416,0,788520960,0
0,1762335367883,1800,1800,800,1801,1799,1799,1799,1800,22.22222328186035,0,0,0,4.761904716491699,0,0,0,106277.5033569336,17721.612854003906,66512.26208496094,0.201904296875,33572028416,0,788520960,0
0,1762335367885,1800,1800,800,1801,1799,1799,1799,1800,22.22222328186035,0,0,0,4.761904716491699,0,0,0,106277.5043334961,17721.61700439453,66512.26336669922,0.201904296875,33572028416,0,788520960,0
0,1762335367886,1800,1800,800,1801,1799,1799,1799,1800,22.22222328186035,0,0,0,4.761904716491699,0,0,0,106277.50537109375,17721.621337890625,66512.26458740234,0.201904296875,33572028416,0,788520960,0
1,1762335367887,1800,1800,800,1801,1799,1799,1799,1800,22.22222328186035,0,0,0,4.761904716491699,0,0,0,106277.50634765625,17721.625610351563,66512.265625,0.201904296875,33572028416,0,788520960,0
1,1762335367888,1800,1800,800,1801,1799,1799,1799,1800,22.22222328186035,0,0,0,4.761904716491699,0,0,0,106277.50732421875,17721.629821777344,66512.2670288086,0.201904296875,33572028416,0,788520960,0
1,1762335367889,1800,1800,800,1801,1799,1799,1799,1800,22.22222328186035,0,0,0,4.761904716491699,0,0,0,106277.50830078125,17721.63446044922,66512.26837158203,0.201904296875,33572028416,0,788520960,0
1,1762335367890,1800,1800,800,1801,1799,1799,1799,1800,22.22222328186035,0,0,0,4.761904716491699,0,0,0,106277.5093383789,17721.638916015625,66512.26983642578,0.201904296875,33572028416,0,788520960,0
1,1762335367891,1800,1800,800,1801,1799,1799,1799,1800,22.22222328186035,0,0,0,4.761904716491699,0,0,0,106277.5103149414,17721.643432617188,66512.2710571289,0.201904296875,33572028416,0,788520960,0
1,1762335367892,1800,1800,800,1801,1799,1799,1799,1800,22.22222328186035,0,0,0,4.761904716491699,0,0,0,106277.5112915039,17721.64764404297,66512.2724609375,0.201904296875,33572028416,0,788520960,0
1,1762335367893,1800,1800,800,1801,1799,1799,1799,1800,22.22222328186035,0,0,0,4.761904716491699,0,0,0,106277.5132446289,17721.651916503906,66512.27355957031,0.201904296875,33572028416,0,788520960,0
0,1762335367894,1800,1800,800,1801,1799,1799,1799,1800,22.22222328186035,0,0,0,4.761904716491699,0,0,0,106277.5142211914,17721.66015625,66512.27490234375,0.201904296875,33572028416,0,788520960,0
0,1762335367896,1800,1800,800,1801,1799,1799,1799,1800,22.22222328186035,0,0,0,4.761904716491699,0,0,0,106277.51525878906,17721.664672851563,66512.2763671875,0.201904296875,33572028416,0,788520960,0
0,1762335367897,1800,1800,800,1801,1799,1799,1799,1800,22.22222328186035,0,0,0,4.761904716491699,0,0,0,106277.51623535156,17721.669067382813,66512.27752685547,0.201904296875,33572028416,0,788520960,0
1,1762335367898,1800,1800,800,1801,1799,1799,1799,1800,22.22222328186035,0,0,0,4.761904716491699,0,0,0,106277.51721191406,17721.673400878906,66512.2788696289,0.201904296875,33572028416,0,788520960,0
1,1762335367899,1800,1800,800,1801,1799,1799,1799,1800,22.22222328186035,0,0,0,4.761904716491699,0,0,0,106277.51824951172,17721.677734375,66512.28009033203,0.201904296875,33572028416,0,788520960,0
1,1762335367900,1800,1800,800,1801,1799,1799,1799,1800,22.22222328186035,0,0,0,4.761904716491699,0,0,0,106277.51922607422,17721.68212890625,66512.28125,0.201904296875,33572028416,0,788520960,0
1,1762335367901,1800,1800,800,1801,1799,1799,1799,1800,22.22222328186035,0,0,0,4.761904716491699,0,0,0,106277.52020263672,17721.6865234375,66512.28271484375,0.201904296875,33572028416,0,788520960,0
1,1762335367902,1800,1800,800,1801,1799,1799,1799,1800,22.22222328186035,0,0,0,4.761904716491699,0,0,0,106277.52117919922,17721.691040039063,66512.28399658203,0.201904296875,33572028416,0,788520960,0
1,1762335367903,1800,1800,800,1801,1799,1799,1799,1800,22.22222328186035,0,0,0,4.761904716491699,0,0,0,106277.52215576172,17721.6953125,66512.28533935547,0.201904296875,33572028416,0,788520960,0
1,1762335367904,1800,1800,800,1801,1799,1799,1799,1800,22.22222328186035,0,0,0,4.761904716491699,0,0,0,106277.52319335938,17721.69952392578,66512.2865600586,0.201904296875,33572028416,0,788520960,0
0,1762335367905,1800,1800,800,1801,1799,1799,1799,1800,22.22222328186035,0,0,0,4.761904716491699,0,0,0,106277.52514648438,17721.70782470703,66512.28771972656,0.201904296875,33572028416,0,788520960,0
0,1762335367907,1800,1800,800,1801,1799,1799,1799,1800,22.22222328186035,0,0,0,4.761904716491699,0,0,0,106277.52612304688,17721.711975097656,66512.28887939453,0.201904296875,33572028416,0,788520960,0
0,1762335367908,1800,1800,800,1801,1799,1799,1799,1800,22.22222328186035,0,0,0,4.761904716491699,0,0,0,106277.52709960938,17721.716369628906,66512.29022216797,0.201904296875,33572028416,0,788520960,0
1,1762335367909,1800,1800,800,1801,1799,1799,1799,1800,22.22222328186035,0,0,0,4.761904716491699,0,0,0,106277.52813720703,17721.72088623047,66512.2914428711,0.201904296875,33572028416,0,788520960,0
1,1762335367910,1800,1800,800,1801,1799,1799,1799,1800,22.22222328186035,0,0,0,4.761904716491699,0,0,0,106277.52911376953,17721.725219726563,66512.29278564453,0.201904296875,33572028416,0,788520960,0
1,1762335367911,1800,1800,800,1801,1799,1799,1799,1800,22.22222328186035,0,0,0,4.761904716491699,0,0,0,106277.53009033203,17721.72967529297,66512.29431152344,0.201904296875,33572028416,0,788520960,0
1,1762335367912,1800,1800,800,1801,1799,1799,1799,1800,22.22222328186035,0,0,0,4.761904716491699,0,0,0,106277.53106689453,17721.73419189453,66512.29577636719,0.201904296875,33572028416,0,788520960,0
1,1762335367913,1800,1800,800,1801,1799,1799,1799,1800,22.22222328186035,0,0,0,4.761904716491699,0,0,0,106277.53210449219,17721.738830566406,66512.29699707031,0.201904296875,33572028416,0,788520960,0
1,1762335367914,1800,1800,800,1801,1799,1799,1799,1800,22.22222328186035,0,0,0,4.761904716491699,0,0,0,106277.53308105469,17721.743041992188,66512.29833984375,0.201904296875,33572028416,0,788520960,0
1,1762335367915,1800,1800,800,1801,1799,1799,1799,1800,22.22222328186035,0,0,0,4.761904716491699,0,0,0,106277.53503417969,17721.751403808594,66512.29943847656,0.201904296875,33572028416,0,788520960,0
0,1762335367916,1800,1800,800,1801,1799,1799,1799,1800,22.22222328186035,0,0,0,4.761904716491699,0,0,0,106277.53601074219,17721.75555419922,66512.30078125,0.201904296875,33572028416,0,788520960,0
0,1762335367918,1800,1800,800,1801,1799,1799,1799,1800,22.22222328186035,0,0,0,4.761904716491699,0,0,0,106277.53704833984,17721.759887695313,66512.30194091797,0.201904296875,33572028416,0,788520960,0
0,1762335367919,1800,1800,800,1801,1799,1799,1799,1800,22.22222328186035,0,0,0,4.761904716491699,0,0,0,106277.53802490234,17721.764221191406,66512.3032836914,0.201904296875,33572028416,0,788520960,0
1,1762335367920,1800,1800,800,1801,1799,1799,1799,1800,22.22222328186035,0,0,0,4.761904716491699,0,0,0,106277.53900146484,17721.768615722656,66512.30474853516,0.201904296875,33572028416,0,788520960,0
1,1762335367921,1800,1800,800,1801,1799,1799,1799,1800,22.22222328186035,0,0,0,4.761904716491699,0,0,0,106277.53997802734,17721.773193359375,66512.3060913086,0.201904296875,33572028416,0,788520960,0
1,1762335367922,1800,1800,800,1801,1799,1799,1799,1800,22.22222328186035,0,0,0,4.761904716491699,0,0,0,106277.54095458984,17721.777587890625,66512.30743408203,0.201904296875,33572028416,0,788520960,0
1,1762335367923,1800,1800,800,1801,1799,1799,1799,1800,22.22222328186035,0,0,0,4.761904716491699,0,0,0,106277.54193115234,17721.782104492188,66512.30908203125,0.201904296875,33572028416,0,788520960,0
1,1762335367924,1800,1800,800,1801,1799,1799,1799,1800,22.22222328186035,0,0,0,4.761904716491699,0,0,0,106277.54296875,17721.78680419922,66512.31030273438,0.201904296875,33572028416,0,788520960,0
1,1762335367925,1800,1800,800,1801,1799,1799,1799,1800,22.22222328186035,0,0,0,4.761904716491699,0,0,0,106277.5439453125,17721.791076660156,66512.31164550781,0.201904296875,33572028416,0,788520960,0
1,1762335367926,1800,1800,800,1801,1799,1799,1799,1800,22.22222328186035,0,0,0,4.761904716491699,0,0,0,106277.54498291016,17721.795349121094,66512.31286621094,0.201904296875,33572028416,0,788520960,0
0,1762335367927,1800,1800,800,1801,1799,1799,1799,1800,22.22222328186035,0,0,0,4.761904716491699,0,0,0,106277.546875,17721.803466796875,66512.31408691406,0.201904296875,33572028416,0,788520960,0
0,1762335367929,1800,1800,800,1801,1799,1799,1799,1800,22.22222328186035,0,0,0,4.761904716491699,0,0,0,106277.54791259766,17721.807983398438,66512.31524658203,0.201904296875,33572028416,0,788520960,0
0,1762335367930,1800,1800,800,1801,1799,1799,1799,1800,22.22222328186035,0,0,0,4.761904716491699,0,0,0,106277.54895019531,17721.812377929688,66512.31671142578,0.201904296875,33572028416,0,788520960,0
1,1762335367931,1800,1800,800,1801,1799,1799,1799,1800,22.22222328186035,0,0,0,4.761904716491699,0,0,0,106277.54986572266,17721.81658935547,66512.31811523438,0.201904296875,33572028416,0,788520960,0
1,1762335367932,1800,1800,800,1801,1799,1799,1799,1800,22.22222328186035,0,0,0,4.761904716491699,0,0,0,106277.55090332031,17721.821166992188,66512.31939697266,0.201904296875,33572028416,0,788520960,0
1,1762335367933,1800,1800,800,1801,1799,1799,1799,1800,22.22222328186035,0,0,0,4.761904716491699,0,0,0,106277.55187988281,17721.825622558594,66512.32080078125,0.201904296875,33572028416,0,788520960,0
1,1762335367934,1800,1800,800,1801,1799,1799,1799,1800,22.22222328186035,0,0,0,4.761904716491699,0,0,0,106277.55285644531,17721.830017089844,66512.32202148438,0.201904296875,33572028416,0,788520960,0
1,1762335367935,1800,1800,800,1801,1799,1799,1799,1800,22.22222328186035,0,0,0,4.761904716491699,0,0,0,106277.55389404297,17721.834594726563,66512.32342529297,0.201904296875,33572028416,0,788520960,0
1,1762335367936,1800,1800,800,1801,1799,1799,1799,1800,22.22222328186035,0,0,0,4.761904716491699,0,0,0,106277.55480957031,17721.838745117188,66512.3246459961,0.201904296875,33572028416,0,788520960,0
1,1762335367937,1800,1800,800,1801,1799,1799,1799,1800,22.22222328186035,0,0,0,4.761904716491699,0,0,0,106277.55584716797,17721.843017578125,66512.32586669922,0.201904296875,33572028416,0,788520960,0
0,1762335367938,1800,1800,800,1801,1799,1799,1799,1800,22.22222328186035,0,0,0,4.761904716491699,0,0,0,106277.55780029297,17721.851440429688,66512.32727050781,0.201904296875,33572028416,0,788520960,0
0,1762335367940,1800,1800,800,1801,1799,1799,1799,1800,22.22222328186035,0,0,0,4.761904716491699,0,0,0,106277.55883789063,17721.855712890625,66512.32849121094,0.201904296875,33572028416,0,788520960,0
0,1762335367941,1800,1800,800,1801,1799,1799,1799,1800,22.22222328186035,0,0,0,4.761904716491699,0,0,0,106277.55981445313,17721.860229492188,66512.32977294922,0.201904296875,33572028416,0,788520960,0
1,1762335367942,1800,1800,800,1801,1799,1799,1799,1800,22.22222328186035,0,0,0,4.761904716491699,0,0,0,106277.56079101563,17721.86456298828,66512.33154296875,0.201904296875,33572028416,0,788520960,0
1,1762335367943,1800,1800,800,1801,1799,1799,1799,1800,22.22222328186035,0,0,0,4.761904716491699,0,0,0,106277.56176757813,17721.869384765625,66512.33276367188,0.201904296875,33572028416,0,788520960,0
1,1762335367944,1800,1800,800,1801,1799,1799,1799,1800,22.22222328186035,0,0,0,4.761904716491699,0,0,0,106277.56280517578,17721.873779296875,66512.33404541016,0.201904296875,33572028416,0,788520960,0
1,1762335367945,1800,1800,800,1801,1799,1799,1799,1800,22.22222328186035,0,0,0,4.761904716491699,0,0,0,106277.56378173828,17721.878173828125,66512.33526611328,0.201904296875,33572028416,0,788520960,0
1,1762335367946,1800,1800,800,1801,1799,1799,1799,1800,22.22222328186035,0,0,0,4.761904716491699,0,0,0,106277.56475830078,17721.882446289063,66512.33660888672,0.201904296875,33572028416,0,788520960,0
1,1762335367947,1800,1800,800,1801,1799,1799,1799,1800,22.22222328186035,0,0,0,4.761904716491699,0,0,0,106277.56573486328,17721.886779785156,66512.33801269531,0.201904296875,33572028416,0,788520960,0
1,1762335367948,1800,1800,800,1801,1799,1799,1799,1800,22.22222328186035,0,0,0,4.761904716491699,0,0,0,106277.56774902344,17721.891174316406,66512.33911132813,0.201904296875,33572028416,0,788520960,0
0,1762335367949,1800,1800,800,1801,1799,1799,1799,1800,22.22222328186035,0,0,0,4.761904716491699,0,0,0,106277.56872558594,17721.8994140625,66512.3403930664,0.201904296875,33572028416,0,788520960,0
0,1762335367951,1800,1800,800,1801,1799,1799,1799,1800,22.22222328186035,0,0,0,4.761904716491699,0,0,0,106277.56970214844,17721.903564453125,66512.34173583984,0.201904296875,33572028416,0,788520960,0
0,1762335367952,1800,1800,800,1801,1799,1799,1799,1800,22.22222328186035,0,0,0,4.761904716491699,0,0,0,106277.57067871094,17721.908142089844,66512.3432006836,0.201904296875,33572028416,0,788520960,0
0,1762335367953,1800,1800,800,1801,1799,1799,1799,1800,22.22222328186035,0,0,0,4.761904716491699,0,0,0,106277.57165527344,17721.91278076172,66512.34484863281,0.201904296875,33572028416,0,788520960,0
0,1762335367954,1800,1800,800,1801,1799,1799,1799,1800,22.22222328186035,0,0,0,4.761904716491699,0,0,0,106277.5726928711,17721.917541503906,66512.34619140625,0.201904296875,33572028416,0,788520960,0
1,1762335367955,1800,1800,800,1801,1799,1799,1799,1800,22.22222328186035,0,0,0,4.761904716491699,0,0,0,106277.5736694336,17721.921875,66512.34753417969,0.201904296875,33572028416,0,788520960,0
1,1762335367956,1800,1800,800,1801,1799,1799,1799,1800,22.22222328186035,0,0,0,4.761904716491699,0,0,0,106277.5746459961,17721.92626953125,66512.34887695313,0.201904296875,33572028416,0,788520960,0
1,1762335367957,1800,1800,800,1801,1799,1799,1799,1800,22.22222328186035,0,0,0,4.761904716491699,0,0,0,106277.57568359375,17721.930725097656,66512.3501586914,0.201904296875,33572028416,0,788520960,0
1,1762335367958,1800,1800,800,1801,1799,1799,1799,1800,22.22222328186035,0,0,0,4.761904716491699,0,0,0,106277.57666015625,17721.93524169922,66512.35162353516,0.201904296875,33572028416,0,788520960,0
1,1762335367959,1800,1800,800,1801,1799,1799,1799,1800,22.22222328186035,0,0,0,4.761904716491699,0,0,0,106277.57763671875,17721.93963623047,66512.35314941406,0.201904296875,33572028416,0,788520960,0
1,1762335367960,1800,1800,800,1801,1799,1799,1799,1800,22.22222328186035,0,0,0,4.761904716491699,0,0,0,106277.5796508789,17721.94842529297,66512.35467529297,0.201904296875,33572028416,0,788520960,0
0,1762335367962,1800,1800,800,1801,1799,1799,1799,1800,22.22222328186035,0,0,0,4.761904716491699,0,0,0,106277.5806274414,17721.952880859375,66512.35620117188,0.201904296875,33572028416,0,788520960,0
0,1762335367963,1800,1800,800,1801,1799,1799,1799,1800,22.22222328186035,0,0,0,4.761904716491699,0,0,0,106277.5816040039,17721.957153320313,66512.35748291016,0.201904296875,33572028416,0,788520960,0
1,1762335367964,1800,1800,800,1801,1799,1799,1799,1800,22.22222328186035,0,0,0,4.761904716491699,0,0,0,106277.5825805664,17721.961669921875,66512.35888671875,0.201904296875,33572028416,0,788520960,0
1,1762335367965,1800,1800,800,1801,1799,1799,1799,1800,22.22222328186035,0,0,0,4.761904716491699,0,0,0,106277.5835571289,17721.96600341797,66512.36022949219,0.201904296875,33572028416,0,788520960,0
1,1762335367966,1800,1800,800,1801,1799,1799,1799,1800,22.22222328186035,0,0,0,4.761904716491699,0,0,0,106277.58459472656,17721.97052001953,66512.36157226563,0.201904296875,33572028416,0,788520960,0
1,1762335367967,1800,1800,800,1801,1799,1799,1799,1800,22.22222328186035,0,0,0,4.761904716491699,0,0,0,106277.58557128906,17721.975036621094,66512.36291503906,0.201904296875,33572028416,0,788520960,0
1,1762335367968,1800,1800,800,1801,1799,1799,1799,1800,22.22222328186035,0,0,0,4.761904716491699,0,0,0,106277.58654785156,17721.979431152344,66512.36437988281,0.201904296875,33572028416,0,788520960,0
1,1762335367969,1800,1800,800,1801,1799,1799,1799,1800,22.22222328186035,0,0,0,4.761904716491699,0,0,0,106277.58758544922,17721.984008789063,66512.3657836914,0.201904296875,33572028416,0,788520960,0
1,1762335367970,1800,1800,800,1801,1799,1799,1799,1800,22.22222328186035,0,0,0,4.761904716491699,0,0,0,106277.58953857422,17721.99237060547,66512.36712646484,0.201904296875,33572028416,0,788520960,0
0,1762335367971,1800,1800,800,1801,1799,1799,1799,1800,22.22222328186035,0,0,0,4.761904716491699,0,0,0,106277.59051513672,17721.99658203125,66512.36822509766,0.201904296875,33572028416,0,788520960,0
0,1762335367973,1800,1800,800,1801,1799,1799,1799,1800,22.22222328186035,0,0,0,4.761904716491699,0,0,0,106277.59149169922,17722.001220703125,66512.36993408203,0.201904296875,33572028416,0,788520960,0
0,1762335367974,1800,1800,800,1801,1799,1799,1799,1800,22.22222328186035,0,0,0,4.761904716491699,0,0,0,106277.59252929688,17722.005737304688,66512.37133789063,0.201904296875,33572028416,0,788520960,0
1,1762335367975,1800,1800,800,1801,1799,1799,1799,1800,22.22222328186035,0,0,0,4.761904716491699,0,0,0,106277.59350585938,17722.01025390625,66512.37274169922,0.201904296875,33572028416,0,788520960,0
1,1762335367976,1800,1800,800,1801,1799,1799,1799,1800,22.22222328186035,0,0,0,4.761904716491699,0,0,0,106277.59442138672,17722.014587402344,66512.37408447266,0.201904296875,33572028416,0,788520960,0
1,1762335367977,1800,1800,800,1801,1799,1799,1799,1800,22.22222328186035,0,0,0,4.761904716491699,0,0,0,106277.59545898438,17722.019104003906,66512.3754272461,0.201904296875,33572028416,0,788520960,0
1,1762335367978,1800,1800,800,1801,1799,1799,1799,1800,22.22222328186035,0,0,0,4.761904716491699,0,0,0,106277.59643554688,17722.023376464844,66512.37664794922,0.201904296875,33572028416,0,788520960,0
1,1762335367979,1800,1800,800,1801,1799,1799,1799,1800,22.22222328186035,0,0,0,4.761904716491699,0,0,0,106277.59741210938,17722.027893066406,66512.37823486328,0.201904296875,33572028416,0,788520960,0
1,1762335367980,1800,1800,800,1801,1799,1799,1799,1800,22.22222328186035,0,0,0,4.761904716491699,0,0,0,106277.59844970703,17722.03253173828,66512.37963867188,0.201904296875,33572028416,0,788520960,0
1,1762335367981,1800,1800,800,1801,1799,1799,1799,1800,22.22222328186035,0,0,0,4.761904716491699,0,0,0,106277.59942626953,17722.036743164063,66512.38122558594,0.201904296875,33572028416,0,788520960,0
0,1762335367982,1800,1800,800,1801,1799,1799,1799,1800,22.22222328186035,0,0,0,4.761904716491699,0,0,0,106277.60137939453,17722.045349121094,66512.38250732422,0.201904296875,33572028416,0,788520960,0
0,1762335367984,1800,1800,800,1801,1799,1799,1799,1800,22.22222328186035,0,0,0,4.761904716491699,0,0,0,106277.60241699219,17722.049743652344,66512.38385009766,0.201904296875,33572028416,0,788520960,0
0,1762335367985,1800,1800,800,1801,1799,1799,1799,1800,22.22222328186035,0,0,0,4.761904716491699,0,0,0,106277.60339355469,17722.05419921875,66512.38507080078,0.201904296875,33572028416,0,788520960,0
1,1762335367986,1800,1800,800,1801,1799,1799,1799,1800,22.22222328186035,0,0,0,4.761904716491699,0,0,0,106277.60437011719,17722.058532714844,66512.38635253906,0.201904296875,33572028416,0,788520960,0
1,1762335367987,1800,1800,800,1801,1799,1799,1799,1800,22.22222328186035,0,0,0,4.761904716491699,0,0,0,106277.60534667969,17722.062927246094,66512.38775634766,0.201904296875,33572028416,0,788520960,0
1,1762335367988,1800,1800,800,1801,1799,1799,1799,1800,22.22222328186035,0,0,0,4.761904716491699,0,0,0,106277.60632324219,17722.067321777344,66512.3890991211,0.201904296875,33572028416,0,788520960,0
1,1762335367989,1800,1800,800,1801,1799,1799,1799,1800,22.22222328186035,0,0,0,4.761904716491699,0,0,0,106277.60736083984,17722.071899414063,66512.39086914063,0.201904296875,33572028416,0,788520960,0
1,1762335367990,1800,1800,800,1801,1799,1799,1799,1800,22.22222328186035,0,0,0,4.761904716491699,0,0,0,106277.60833740234,17722.07666015625,66512.39221191406,0.201904296875,33572028416,0,788520960,0
1,1762335367991,1800,1800,800,1801,1799,1799,1799,1800,22.22222328186035,0,0,0,4.761904716491699,0,0,0,106277.60931396484,17722.0810546875,66512.3935546875,0.201904296875,33572028416,0,788520960,0
1,1762335367992,1800,1800,800,1801,1799,1799,1799,1800,22.22222328186035,0,0,0,4.761904716491699,0,0,0,106277.6103515625,17722.08544921875,66512.39483642578,0.201904296875,33572028416,0,788520960,0
0,1762335367993,1800,1800,800,1801,1799,1799,1799,1800,22.22222328186035,0,0,0,4.761904716491699,0,0,0,106277.6123046875,17722.093627929688,66512.39617919922,0.201904296875,33572028416,0,788520960,0
0,1762335367995,1800,1800,800,1801,1799,1799,1799,1800,22.22222328186035,0,0,0,4.761904716491699,0,0,0,106277.61328125,17722.098083496094,66512.39752197266,0.201904296875,33572028416,0,788520960,0
0,1762335367996,1800,1800,800,1801,1799,1799,1799,1800,22.22222328186035,0,0,0,4.761904716491699,0,0,0,106277.61431884766,17722.102600097656,66512.3988647461,0.201904296875,33572028416,0,788520960,0
1,1762335367997,1800,1800,800,1801,1799,1799,1799,1800,22.22222328186035,0,0,0,4.761904716491699,0,0,0,106277.615234375,17722.10693359375,66512.40051269531,0.201904296875,33572028416,0,788520960,0
1,1762335367998,1800,1800,800,1801,1799,1799,1799,1800,22.22222328186035,0,0,0,4.761904716491699,0,0,0,106277.61627197266,17722.11163330078,66512.40222167969,0.201904296875,33572028416,0,788520960,0
1,1762335367999,1800,1800,800,1801,1799,1799,1799,1800,22.22222328186035,0,0,0,4.761904716491699,0,0,0,106277.61724853516,17722.116455078125,66512.40350341797,0.201904296875,33572028416,0,788520960,0
1,1762335368000,1800,1800,800,1801,1799,1799,1799,1800,22.22222328186035,0,0,0,4.761904716491699,0,0,0,106277.61822509766,17722.12091064453,66512.40502929688,0.201904296875,33572028416,0,788520960,0
1,1762335368001,1800,1800,800,1801,1799,1799,1799,1800,22.22222328186035,0,0,0,4.761904716491699,0,0,0,106277.61926269531,17722.12548828125,66512.40655517578,0.201904296875,33572028416,0,788520960,0
1,1762335368002,1800,1800,800,1801,1799,1799,1799,1800,22.22222328186035,0,0,0,4.761904716491699,0,0,0,106277.62023925781,17722.13006591797,66512.40795898438,0.201904296875,33572028416,0,788520960,0
1,1762335368003,1800,1800,800,1801,1799,1799,1799,1800,22.22222328186035,0,0,0,4.761904716491699,0,0,0,106277.62219238281,17722.13848876953,66512.40924072266,0.201904296875,33572028416,0,788520960,0
0,1762335368004,1800,1800,800,1801,1799,1799,1799,1800,22.22222328186035,0,0,0,4.761904716491699,0,0,0,106277.62316894531,17722.142700195313,66512.4105834961,0.201904296875,33572028416,0,788520960,0
0,1762335368006,1800,1800,800,1801,1799,1799,1799,1800,22.22222328186035,0,0,0,4.761904716491699,0,0,0,106277.62420654297,17722.147033691406,66512.41186523438,0.201904296875,33572028416,0,788520960,0
0,1762335368007,1800,1800,800,1801,1799,1799,1799,1800,22.22222328186035,0,0,0,4.761904716491699,0,0,0,106277.62518310547,17722.1513671875,66512.41314697266,0.201904296875,33572028416,0,788590592,0
1,1762335368008,1800,1800,800,1801,1799,1799,1799,1800,22.22222328186035,0,0,0,4.761904716491699,0,0,0,106277.62615966797,17722.155639648438,66512.4144897461,0.201904296875,33572028416,0,788590592,0
1,1762335368009,1800,1800,800,1801,1799,1799,1799,1800,22.22222328186035,0,0,0,4.761904716491699,0,0,0,106277.62713623047,17722.160217285156,66512.41607666016,0.201904296875,33572028416,0,788590592,0
1,1762335368010,1800,1800,800,1801,1799,1799,1799,1800,22.22222328186035,0,0,0,4.761904716491699,0,0,0,106277.62811279297,17722.16485595703,66512.41760253906,0.201904296875,33572028416,0,788590592,0
1,1762335368011,1800,1800,800,1801,1799,1799,1799,1800,22.22222328186035,0,0,0,4.761904716491699,0,0,0,106277.62908935547,17722.169555664063,66512.41918945313,0.201904296875,33572028416,0,788590592,0
1,1762335368012,1800,1800,800,1801,1799,1799,1799,1800,22.22222328186035,0,0,0,4.761904716491699,0,0,0,106277.63012695313,17722.174194335938,66512.4204711914,0.201904296875,33572028416,0,788590592,0
1,1762335368013,1800,1800,800,1801,1799,1799,1799,1800,22.22222328186035,0,0,0,4.761904716491699,0,0,0,106277.63110351563,17722.178466796875,66512.421875,0.201904296875,33572028416,0,788590592,0
1,1762335368014,1800,1800,800,1801,1799,1799,1799,1800,22.22222328186035,0,0,0,4.761904716491699,0,0,0,106277.63311767578,17722.187072753906,66512.42315673828,0.201904296875,33572028416,0,788590592,0
0,1762335368015,1800,1800,800,1801,1799,1799,1799,1800,26.3157901763916,0,0,0,0,0,0,0,106277.63409423828,17722.191467285156,66512.4248046875,0.201904296875,33572028416,0,788590592,0
0,1762335368017,1800,1800,800,1801,1799,1799,1799,1800,26.3157901763916,0,0,0,0,0,0,0,106277.63507080078,17722.195922851563,66512.4262084961,0.201904296875,33572028416,0,788590592,0
0,1762335368018,1800,1800,800,1801,1799,1799,1799,1800,26.3157901763916,0,0,0,0,0,0,0,106277.63604736328,17722.20037841797,66512.42791748047,0.201904296875,33572028416,0,788590592,0
1,1762335368019,1800,1800,800,1801,1799,1799,1799,1800,26.3157901763916,0,0,0,0,0,0,0,106277.63708496094,17722.20526123047,66512.42938232422,0.201904296875,33572028416,0,788590592,0
1,1762335368020,1800,1800,800,1801,1799,1799,1799,1800,26.3157901763916,0,0,0,0,0,0,0,106277.63806152344,17722.209716796875,66512.43078613281,0.201904296875,33572028416,0,788590592,0
1,1762335368021,1800,1800,800,1801,1799,1799,1799,1800,26.3157901763916,0,0,0,0,0,0,0,106277.63903808594,17722.214294433594,66512.4321899414,0.201904296875,33572028416,0,788590592,0
1,1762335368022,1800,1800,800,1801,1799,1799,1799,1800,26.3157901763916,0,0,0,0,0,0,0,106277.64001464844,17722.21875,66512.43347167969,0.201904296875,33572028416,0,788590592,0
1,1762335368023,1800,1800,800,1801,1799,1799,1799,1800,26.3157901763916,0,0,0,0,0,0,0,106277.6410522461,17722.223205566406,66512.43505859375,0.201904296875,33572028416,0,788590592,0
1,1762335368024,1800,1800,800,1801,1799,1799,1799,1800,26.3157901763916,0,0,0,0,0,0,0,106277.6420288086,17722.227783203125,66512.4365234375,0.201904296875,33572028416,0,788590592,0
1,1762335368025,1800,1800,800,1801,1799,1799,1799,1800,26.3157901763916,0,0,0,0,0,0,0,106277.6439819336,17722.236450195313,66512.43786621094,0.201904296875,33572028416,0,788590592,0
0,1762335368026,1800,1800,800,1801,1799,1799,1799,1800,26.3157901763916,0,0,0,0,0,0,0,106277.6449584961,17722.24053955078,66512.43914794922,0.201904296875,33572028416,0,788590592,0
0,1762335368028,1800,1800,800,1801,1799,1799,1799,1800,26.3157901763916,0,0,0,0,0,0,0,106277.64599609375,17722.24493408203,66512.4404296875,0.201904296875,33572028416,0,788590592,0
0,1762335368029,1800,1800,800,1801,1799,1799,1799,1800,26.3157901763916,0,0,0,0,0,0,0,106277.64697265625,17722.24951171875,66512.44189453125,0.201904296875,33572028416,0,788590592,0
1,1762335368030,1800,1800,800,1801,1799,1799,1799,1800,26.3157901763916,0,0,0,0,0,0,0,106277.64794921875,17722.25390625,66512.44354248047,0.201904296875,33572028416,0,788590592,0
1,1762335368031,1800,1800,800,1801,1799,1799,1799,1800,26.3157901763916,0,0,0,0,0,0,0,106277.64892578125,17722.258666992188,66512.44512939453,0.201904296875,33572028416,0,788590592,0
1,1762335368032,1800,1800,800,1801,1799,1799,1799,1800,26.3157901763916,0,0,0,0,0,0,0,106277.64990234375,17722.26318359375,66512.44665527344,0.201904296875,33572028416,0,788590592,0
1,1762335368033,1800,1800,800,1801,1799,1799,1799,1800,26.3157901763916,0,0,0,0,0,0,0,106277.6509399414,17722.26776123047,66512.44793701172,0.201904296875,33572028416,0,788590592,0
1,1762335368034,1800,1800,800,1801,1799,1799,1799,1800,26.3157901763916,0,0,0,0,0,0,0,106277.6519165039,17722.27227783203,66512.44934082031,0.201904296875,33572028416,0,788590592,0
1,1762335368035,1800,1800,800,1801,1799,1799,1799,1800,26.3157901763916,0,0,0,0,0,0,0,106277.6528930664,17722.276611328125,66512.4506225586,0.201904296875,33572028416,0,788590592,0
1,1762335368036,1800,1800,800,1801,1799,1799,1799,1800,26.3157901763916,0,0,0,0,0,0,0,106277.6548461914,17722.28497314453,66512.45178222656,0.201904296875,33572028416,0,788590592,0
0,1762335368037,1800,1800,800,1801,1799,1799,1799,1800,26.3157901763916,0,0,0,0,0,0,0,106277.65588378906,17722.28955078125,66512.4535522461,0.201904296875,33572028416,0,788590592,0
0,1762335368039,1800,1800,800,1801,1799,1799,1799,1800,26.3157901763916,0,0,0,0,0,0,0,106277.65686035156,17722.2939453125,66512.45495605469,0.201904296875,33572028416,0,788590592,0
0,1762335368040,1800,1800,800,1801,1799,1799,1799,1800,26.3157901763916,0,0,0,0,0,0,0,106277.65783691406,17722.29852294922,66512.45642089844,0.201904296875,33572028416,0,788590592,0
1,1762335368041,1800,1800,800,1801,1799,1799,1799,1800,26.3157901763916,0,0,0,0,0,0,0,106277.65887451172,17722.303100585938,66512.45794677734,0.201904296875,33572028416,0,788590592,0
1,1762335368042,1800,1800,800,1801,1799,1799,1799,1800,26.3157901763916,0,0,0,0,0,0,0,106277.65985107422,17722.3076171875,66512.45928955078,0.201904296875,33572028416,0,788590592,0
1,1762335368043,1800,1800,800,1801,1799,1799,1799,1800,26.3157901763916,0,0,0,0,0,0,0,106277.66082763672,17722.312133789063,66512.46081542969,0.201904296875,33572028416,0,788590592,0
1,1762335368044,1800,1800,800,1801,1799,1799,1799,1800,26.3157901763916,0,0,0,0,0,0,0,106277.66180419922,17722.316833496094,66512.46228027344,0.201904296875,33572028416,0,788590592,0
1,1762335368045,1800,1800,800,1801,1799,1799,1799,1800,26.3157901763916,0,0,0,0,0,0,0,106277.66284179688,17722.32147216797,66512.46380615234,0.201904296875,33572028416,0,788590592,0
1,1762335368046,1800,1800,800,1801,1799,1799,1799,1800,26.3157901763916,0,0,0,0,0,0,0,106277.66381835938,17722.32598876953,66512.46533203125,0.201904296875,33572028416,0,788590592,0
1,1762335368047,1800,1800,800,1801,1799,1799,1799,1800,26.3157901763916,0,0,0,0,0,0,0,106277.66577148438,17722.330139160156,66512.46667480469,0.201904296875,33572028416,0,788590592,0
0,1762335368048,1800,1800,800,1801,1799,1799,1799,1800,26.3157901763916,0,0,0,0,0,0,0,106277.66674804688,17722.338623046875,66512.46789550781,0.201904296875,33572028416,0,788590592,0
0,1762335368050,1800,1800,800,1801,1799,1799,1799,1800,26.3157901763916,0,0,0,0,0,0,0,106277.66778564453,17722.34307861328,66512.46942138672,0.201904296875,33572028416,0,788590592,0
0,1762335368051,1800,1800,800,1801,1799,1799,1799,1800,26.3157901763916,0,0,0,0,0,0,0,106277.66876220703,17722.347778320313,66512.47094726563,0.201904296875,33572028416,0,788590592,0
1,1762335368052,1800,1800,800,1801,1799,1799,1799,1800,26.3157901763916,0,0,0,0,0,0,0,106277.66979980469,17722.35235595703,66512.47253417969,0.201904296875,33572028416,0,788590592,0
1,1762335368053,1800,1800,800,1801,1799,1799,1799,1800,26.3157901763916,0,0,0,0,0,0,0,106277.67071533203,17722.35662841797,66512.47381591797,0.201904296875,33572028416,0,788590592,0
1,1762335368054,1800,1800,800,1801,1799,1799,1799,1800,26.3157901763916,0,0,0,0,0,0,0,106277.67175292969,17722.361328125,66512.47546386719,0.201904296875,33572028416,0,788590592,0
1,1762335368055,1800,1800,800,1801,1799,1799,1799,1800,26.3157901763916,0,0,0,0,0,0,0,106277.67272949219,17722.365844726563,66512.47668457031,0.201904296875,33572028416,0,788590592,0
1,1762335368056,1800,1800,800,1801,1799,1799,1799,1800,26.3157901763916,0,0,0,0,0,0,0,106277.67370605469,17722.370361328125,66512.47821044922,0.201904296875,33572028416,0,788590592,0
1,1762335368057,1800,1800,800,1801,1799,1799,1799,1800,26.3157901763916,0,0,0,0,0,0,0,106277.67468261719,17722.374755859375,66512.47967529297,0.201904296875,33572028416,0,788590592,0
1,1762335368058,1800,1800,800,1801,1799,1799,1799,1800,26.3157901763916,0,0,0,0,0,0,0,106277.67669677734,17722.383544921875,66512.4810180664,0.201904296875,33572028416,0,788590592,0
0,1762335368059,1800,1800,800,1801,1799,1799,1799,1800,26.3157901763916,0,0,0,0,0,0,0,106277.67767333984,17722.387756347656,66512.48254394531,0.201904296875,33572028416,0,788590592,0
0,1762335368061,1800,1800,800,1801,1799,1799,1799,1800,26.3157901763916,0,0,0,0,0,0,0,106277.67864990234,17722.39227294922,66512.4839477539,0.201904296875,33572028416,0,788590592,0
0,1762335368062,1800,1800,800,1801,1799,1799,1799,1800,26.3157901763916,0,0,0,0,0,0,0,106277.6796875,17722.396728515625,66512.48516845703,0.201904296875,33572028416,0,788590592,0
1,1762335368063,1800,1800,800,1801,1799,1799,1799,1800,26.3157901763916,0,0,0,0,0,0,0,106277.68060302734,17722.400939941406,66512.48645019531,0.201904296875,33572028416,0,788590592,0
1,1762335368064,1800,1800,800,1801,1799,1799,1799,1800,26.3157901763916,0,0,0,0,0,0,0,106277.681640625,17722.405395507813,66512.4878540039,0.201904296875,33572028416,0,788590592,0
1,1762335368065,1800,1800,800,1801,1799,1799,1799,1800,26.3157901763916,0,0,0,0,0,0,0,106277.6826171875,17722.409790039063,66512.48901367188,0.201904296875,33572028416,0,788590592,0
1,1762335368066,1800,1800,800,1801,1799,1799,1799,1800,26.3157901763916,0,0,0,0,0,0,0,106277.68365478516,17722.41436767578,66512.4906616211,0.201904296875,33572028416,0,788590592,0
1,1762335368067,1800,1800,800,1801,1799,1799,1799,1800,26.3157901763916,0,0,0,0,0,0,0,106277.68463134766,17722.4189453125,66512.49194335938,0.201904296875,33572028416,0,788590592,0
1,1762335368068,1800,1800,800,1801,1799,1799,1799,1800,26.3157901763916,0,0,0,0,0,0,0,106277.68560791016,17722.423278808594,66512.49340820313,0.201904296875,33572028416,0,788590592,0
1,1762335368069,1800,1800,800,1801,1799,1799,1799,1800,26.3157901763916,0,0,0,0,0,0,0,106277.68762207031,17722.427490234375,66512.49475097656,0.201904296875,33572028416,0,788590592,0
0,1762335368070,1800,1800,800,1801,1799,1799,1799,1800,26.3157901763916,0,0,0,0,0,0,0,106277.68853759766,17722.43603515625,66512.49609375,0.201904296875,33572028416,0,788590592,0
0,1762335368072,1800,1800,800,1801,1799,1799,1799,1800,26.3157901763916,0,0,0,0,0,0,0,106277.68957519531,17722.4404296875,66512.49731445313,0.201904296875,33572028416,0,788590592,0
0,1762335368073,1800,1800,800,1801,1799,1799,1799,1800,26.3157901763916,0,0,0,0,0,0,0,106277.69055175781,17722.44482421875,66512.49871826172,0.201904296875,33572028416,0,788590592,0
1,1762335368074,1800,1800,800,1801,1799,1799,1799,1800,26.3157901763916,0,0,0,0,0,0,0,106277.69152832031,17722.449157714844,66512.50006103516,0.201904296875,33572028416,0,788590592,0
1,1762335368075,1800,1800,800,1801,1799,1799,1799,1800,26.3157901763916,0,0,0,0,0,0,0,106277.69256591797,17722.45379638672,66512.50158691406,0.201904296875,33572028416,0,788590592,0
1,1762335368076,1800,1800,800,1801,1799,1799,1799,1800,26.3157901763916,0,0,0,0,0,0,0,106277.69354248047,17722.458435058594,66512.5033569336,0.201904296875,33572028416,0,788590592,0
1,1762335368077,1800,1800,800,1801,1799,1799,1799,1800,26.3157901763916,0,0,0,0,0,0,0,106277.69451904297,17722.463012695313,66512.50494384766,0.201904296875,33572028416,0,788590592,0
1,1762335368078,1800,1800,800,1801,1799,1799,1799,1800,26.3157901763916,0,0,0,0,0,0,0,106277.69549560547,17722.467834472656,66512.50653076172,0.201904296875,33572028416,0,788590592,0
1,1762335368079,1800,1800,800,1801,1799,1799,1799,1800,26.3157901763916,0,0,0,0,0,0,0,106277.69647216797,17722.47235107422,66512.50793457031,0.201904296875,33572028416,0,788590592,0
1,1762335368080,1800,1800,800,1801,1799,1799,1799,1800,26.3157901763916,0,0,0,0,0,0,0,106277.69750976563,17722.476806640625,66512.50946044922,0.201904296875,33572028416,0,788590592,0
0,1762335368081,1800,1800,800,1801,1799,1799,1799,1800,26.3157901763916,0,0,0,0,0,0,0,106277.69946289063,17722.485412597656,66512.51080322266,0.201904296875,33572028416,0,788590592,0
0,1762335368083,1800,1800,800,1801,1799,1799,1799,1800,26.3157901763916,0,0,0,0,0,0,0,106277.70043945313,17722.489685058594,66512.51208496094,0.201904296875,33572028416,0,788590592,0
0,1762335368084,1800,1800,800,1801,1799,1799,1799,1800,26.3157901763916,0,0,0,0,0,0,0,106277.70141601563,17722.493896484375,66512.51330566406,0.201904296875,33572028416,0,788590592,0
1,1762335368085,1800,1800,800,1801,1799,1799,1799,1800,26.3157901763916,0,0,0,0,0,0,0,106277.70239257813,17722.49822998047,66512.51446533203,0.201904296875,33572028416,0,788590592,0
1,1762335368086,1800,1800,800,1801,1799,1799,1799,1800,26.3157901763916,0,0,0,0,0,0,0,106277.70343017578,17722.50274658203,66512.51593017578,0.201904296875,33572028416,0,788590592,0
1,1762335368087,1800,1800,800,1801,1799,1799,1799,1800,26.3157901763916,0,0,0,0,0,0,0,106277.70440673828,17722.50732421875,66512.51739501953,0.201904296875,33572028416,0,788590592,0
1,1762335368088,1800,1800,800,1801,1799,1799,1799,1800,26.3157901763916,0,0,0,0,0,0,0,106277.70544433594,17722.51202392578,66512.51922607422,0.201904296875,33572028416,0,788590592,0
1,1762335368089,1800,1800,800,1801,1799,1799,1799,1800,26.3157901763916,0,0,0,0,0,0,0,106277.70642089844,17722.516723632813,66512.52056884766,0.201904296875,33572028416,0,788590592,0
1,1762335368090,1800,1800,800,1801,1799,1799,1799,1800,26.3157901763916,0,0,0,0,0,0,0,106277.70739746094,17722.521057128906,66512.52197265625,0.201904296875,33572028416,0,788590592,0
1,1762335368091,1800,1800,800,1801,1799,1799,1799,1800,26.3157901763916,0,0,0,0,0,0,0,106277.70837402344,17722.525451660156,66512.52331542969,0.201904296875,33572028416,0,788590592,0
0,1762335368092,1800,1800,800,1801,1799,1799,1799,1800,26.3157901763916,0,0,0,0,0,0,0,106277.7103881836,17722.53399658203,66512.52459716797,0.201904296875,33572028416,0,788590592,0
0,1762335368094,1800,1800,800,1801,1799,1799,1799,1800,26.3157901763916,0,0,0,0,0,0,0,106277.71130371094,17722.538146972656,66512.5259399414,0.201904296875,33572028416,0,788590592,0
0,1762335368095,1800,1800,800,1801,1799,1799,1799,1800,26.3157901763916,0,0,0,0,0,0,0,106277.7123413086,17722.54266357422,66512.52746582031,0.201904296875,33572028416,0,788590592,0
1,1762335368096,1800,1800,800,1801,1799,1799,1799,1800,26.3157901763916,0,0,0,0,0,0,0,106277.71337890625,17722.547485351563,66512.52911376953,0.201904296875,33572028416,0,788590592,0
1,1762335368097,1800,1800,800,1801,1799,1799,1799,1800,26.3157901763916,0,0,0,0,0,0,0,106277.71435546875,17722.552001953125,66512.53057861328,0.201904296875,33572028416,0,788590592,0
1,1762335368098,1800,1800,800,1801,1799,1799,1799,1800,26.3157901763916,0,0,0,0,0,0,0,106277.71533203125,17722.556701660156,66512.53216552734,0.201904296875,33572028416,0,788590592,0
1,1762335368099,1800,1800,800,1801,1799,1799,1799,1800,26.3157901763916,0,0,0,0,0,0,0,106277.71630859375,17722.561157226563,66512.53350830078,0.201904296875,33572028416,0,788590592,0
1,1762335368100,1800,1800,800,1801,1799,1799,1799,1800,26.3157901763916,0,0,0,0,0,0,0,106277.71728515625,17722.565551757813,66512.53479003906,0.201904296875,33572028416,0,788590592,0
1,1762335368101,1800,1800,800,1801,1799,1799,1799,1800,26.3157901763916,0,0,0,0,0,0,0,106277.71826171875,17722.57000732422,66512.53625488281,0.201904296875,33572028416,0,788590592,0
1,1762335368102,1800,1800,800,1801,1799,1799,1799,1800,26.3157901763916,0,0,0,0,0,0,0,106277.7202758789,17722.578491210938,66512.5375366211,0.201904296875,33572028416,0,788590592,0
0,1762335368103,1800,1800,800,1801,1799,1799,1799,1800,26.3157901763916,0,0,0,0,0,0,0,106277.7212524414,17722.58270263672,66512.53887939453,0.201904296875,33572028416,0,788590592,0
0,1762335368105,1800,1800,800,1801,1799,1799,1799,1800,26.3157901763916,0,0,0,0,0,0,0,106277.7222290039,17722.587158203125,66512.54022216797,0.201904296875,33572028416,0,788590592,0
0,1762335368106,1800,1800,800,1801,1799,1799,1799,1800,26.3157901763916,0,0,0,0,0,0,0,106277.72326660156,17722.59161376953,66512.5415649414,0.201904296875,33572028416,0,788590592,0
1,1762335368107,1800,1800,800,1801,1799,1799,1799,1800,26.3157901763916,0,0,0,0,0,0,0,106277.72424316406,17722.59588623047,66512.54284667969,0.201904296875,33572028416,0,788590592,0
1,1762335368108,1800,1800,800,1801,1799,1799,1799,1800,26.3157901763916,0,0,0,0,0,0,0,106277.72521972656,17722.60040283203,66512.54443359375,0.201904296875,33572028416,0,788590592,0
1,1762335368109,1800,1800,800,1801,1799,1799,1799,1800,26.3157901763916,0,0,0,0,0,0,0,106277.72619628906,17722.605224609375,66512.54608154297,0.201904296875,33572028416,0,788590592,0
1,1762335368110,1800,1800,800,1801,1799,1799,1799,1800,26.3157901763916,0,0,0,0,0,0,0,106277.72717285156,17722.60968017578,66512.54754638672,0.201904296875,33572028416,0,788590592,0
1,1762335368111,1800,1800,800,1801,1799,1799,1799,1800,26.3157901763916,0,0,0,0,0,0,0,106277.72814941406,17722.6142578125,66512.54895019531,0.201904296875,33572028416,0,788590592,0
1,1762335368112,1800,1800,800,1801,1799,1799,1799,1800,26.3157901763916,0,0,0,0,0,0,0,106277.72918701172,17722.618713378906,66512.55029296875,0.201904296875,33572028416,0,788590592,0
1,1762335368113,1800,1800,800,1801,1799,1799,1799,1800,26.3157901763916,0,0,0,0,0,0,0,106277.73114013672,17722.626892089844,66512.55151367188,0.201904296875,33572028416,0,788590592,0
0,1762335368114,1800,1800,800,1801,1799,1799,1799,1800,26.3157901763916,0,0,0,0,0,0,0,106277.73217773438,17722.63153076172,66512.55291748047,0.201904296875,33572028416,0,788590592,0
0,1762335368116,1800,1800,800,1801,1799,1799,1799,1800,26.3157901763916,0,0,0,0,0,0,0,106277.73315429688,17722.63592529297,66512.55444335938,0.201904296875,33572028416,0,788590592,0
0,1762335368117,1800,1800,800,1801,1799,1799,1799,1800,26.3157901763916,0,0,0,0,0,0,0,106277.73413085938,17722.64031982422,66512.55603027344,0.201904296875,33572028416,0,788590592,0
1,1762335368118,1800,1800,800,1801,1799,1799,1799,1800,26.3157901763916,0,0,0,0,0,0,0,106277.73510742188,17722.64501953125,66512.55755615234,0.201904296875,33572028416,0,788590592,0
1,1762335368119,1800,1800,800,1801,1799,1799,1799,1800,26.3157901763916,0,0,0,0,0,0,0,106277.73608398438,17722.649536132813,66512.55883789063,0.201904296875,33572028416,0,788590592,0
1,1762335368120,1800,1800,800,1801,1799,1799,1799,1800,26.3157901763916,0,0,0,0,0,0,0,106277.73712158203,17722.65411376953,66512.56024169922,0.201904296875,33572028416,0,788590592,0
1,1762335368121,1800,1800,800,1801,1799,1799,1799,1800,26.3157901763916,0,0,0,0,0,0,0,106277.73809814453,17722.658447265625,66512.56146240234,0.201904296875,33572028416,0,788590592,0
1,1762335368122,1800,1800,800,1801,1799,1799,1799,1800,26.3157901763916,0,0,0,0,0,0,0,106277.73907470703,17722.662963867188,66512.5630493164,0.201904296875,33572028416,0,788590592,0
1,1762335368123,1800,1800,800,1801,1799,1799,1799,1800,26.3157901763916,0,0,0,0,0,0,0,106277.74011230469,17722.667541503906,66512.56451416016,0.201904296875,33572028416,0,788590592,0
1,1762335368124,1800,1800,800,1801,1799,1799,1799,1800,26.3157901763916,0,0,0,0,0,0,0,106277.74206542969,17722.67608642578,66512.56591796875,0.201904296875,33572028416,0,788590592,0
0,1762335368125,1800,1800,800,1801,1799,1799,1799,1800,26.3157901763916,0,0,0,0,0,0,0,106277.74304199219,17722.68048095703,66512.5673828125,0.201904296875,33572028416,0,788590592,0
0,1762335368127,1800,1800,800,1801,1799,1799,1799,1800,26.3157901763916,0,0,0,0,0,0,0,106277.74401855469,17722.684997558594,66512.56884765625,0.201904296875,33572028416,0,788590592,0
0,1762335368128,1800,1800,800,1801,1799,1799,1799,1800,26.3157901763916,0,0,0,0,0,0,0,106277.74499511719,17722.689331054688,66512.57000732422,0.201904296875,33572028416,0,788590592,0
0,1762335368129,1800,1800,800,1801,1799,1799,1799,1800,26.3157901763916,0,0,0,0,0,0,0,106277.74603271484,17722.69366455078,66512.5712890625,0.201904296875,33572028416,0,788590592,0
1,1762335368130,1800,1800,800,1801,1799,1799,1799,1800,26.3157901763916,0,0,0,0,0,0,0,106277.74700927734,17722.698120117188,66512.57275390625,0.201904296875,33572028416,0,788590592,0
1,1762335368131,1800,1800,800,1801,1799,1799,1799,1800,26.3157901763916,0,0,0,0,0,0,0,106277.74798583984,17722.702758789063,66512.57440185547,0.201904296875,33572028416,0,788590592,0
1,1762335368132,1800,1800,800,1801,1799,1799,1799,1800,26.3157901763916,0,0,0,0,0,0,0,106277.7490234375,17722.707275390625,66512.5756225586,0.201904296875,33572028416,0,788590592,0
1,1762335368133,1800,1800,800,1801,1799,1799,1799,1800,26.3157901763916,0,0,0,0,0,0,0,106277.74993896484,17722.71160888672,66512.5771484375,0.201904296875,33572028416,0,788590592,0
1,1762335368134,1800,1800,800,1801,1799,1799,1799,1800,26.3157901763916,0,0,0,0,0,0,0,106277.7509765625,17722.716064453125,66512.57843017578,0.201904296875,33572028416,0,788590592,0
1,1762335368135,1800,1800,800,1801,1799,1799,1799,1800,26.3157901763916,0,0,0,0,0,0,0,106277.751953125,17722.720581054688,66512.57989501953,0.201904296875,33572028416,0,788590592,0
0,1762335368136,1800,1800,800,1801,1799,1799,1799,1800,26.3157901763916,0,0,0,0,0,0,0,106277.75390625,17722.72918701172,66512.5814819336,0.201904296875,33572028416,0,788590592,0
0,1762335368138,1800,1800,800,1801,1799,1799,1799,1800,26.3157901763916,0,0,0,0,0,0,0,106277.75494384766,17722.733764648438,66512.58294677734,0.201904296875,33572028416,0,788590592,0
0,1762335368139,1800,1800,800,1801,1799,1799,1799,1800,26.3157901763916,0,0,0,0,0,0,0,106277.75592041016,17722.738159179688,66512.58435058594,0.201904296875,33572028416,0,788590592,0
1,1762335368140,1800,1800,800,1801,1799,1799,1799,1800,26.3157901763916,0,0,0,0,0,0,0,106277.75695800781,17722.742797851563,66512.58581542969,0.201904296875,33572028416,0,788590592,0
1,1762335368141,1800,1800,800,1801,1799,1799,1799,1800,26.3157901763916,0,0,0,0,0,0,0,106277.75787353516,17722.747131347656,66512.58709716797,0.201904296875,33572028416,0,788590592,0
1,1762335368142,1800,1800,800,1801,1799,1799,1799,1800,26.3157901763916,0,0,0,0,0,0,0,106277.75891113281,17722.751708984375,66512.5884399414,0.201904296875,33572028416,0,788590592,0
1,1762335368143,1800,1800,800,1801,1799,1799,1799,1800,26.3157901763916,0,0,0,0,0,0,0,106277.75988769531,17722.75604248047,66512.58972167969,0.201904296875,33572028416,0,788590592,0
1,1762335368144,1800,1800,800,1801,1799,1799,1799,1800,26.3157901763916,0,0,0,0,0,0,0,106277.76086425781,17722.76055908203,66512.59130859375,0.201904296875,33572028416,0,788590592,0
1,1762335368145,1800,1800,800,1801,1799,1799,1799,1800,26.3157901763916,0,0,0,0,0,0,0,106277.76184082031,17722.765075683594,66512.59271240234,0.201904296875,33572028416,0,788590592,0
1,1762335368146,1800,1800,800,1801,1799,1799,1799,1800,26.3157901763916,0,0,0,0,0,0,0,106277.76379394531,17722.773498535156,66512.59405517578,0.201904296875,33572028416,0,788590592,0
0,1762335368147,1800,1800,800,1801,1799,1799,1799,1800,26.3157901763916,0,0,0,0,0,0,0,106277.76483154297,17722.777709960938,66512.59533691406,0.201904296875,33572028416,0,788590592,0
0,1762335368149,1800,1800,800,1801,1799,1799,1799,1800,26.3157901763916,0,0,0,0,0,0,0,106277.76580810547,17722.782104492188,66512.59661865234,0.201904296875,33572028416,0,788590592,0
0,1762335368150,1800,1800,800,1801,1799,1799,1799,1800,26.3157901763916,0,0,0,0,0,0,0,106277.76678466797,17722.78643798828,66512.59796142578,0.201904296875,33572028416,0,788590592,0
1,1762335368151,1800,1800,800,1801,1799,1799,1799,1800,26.3157901763916,0,0,0,0,0,0,0,106277.76782226563,17722.790893554688,66512.5991821289,0.201904296875,33572028416,0,788590592,0
1,1762335368152,1800,1800,800,1801,1799,1799,1799,1800,26.3157901763916,0,0,0,0,0,0,0,106277.76879882813,17722.795349121094,66512.60052490234,0.201904296875,33572028416,0,788590592,0
1,1762335368153,1800,1800,800,1801,1799,1799,1799,1800,26.3157901763916,0,0,0,0,0,0,0,106277.76977539063,17722.7998046875,66512.6021118164,0.201904296875,33572028416,0,788590592,0
1,1762335368154,1800,1800,800,1801,1799,1799,1799,1800,26.3157901763916,0,0,0,0,0,0,0,106277.77075195313,17722.80450439453,66512.60388183594,0.201904296875,33572028416,0,788590592,0
1,1762335368155,1800,1800,800,1801,1799,1799,1799,1800,26.3157901763916,0,0,0,0,0,0,0,106277.77178955078,17722.809204101563,66512.60510253906,0.201904296875,33572028416,0,788590592,0
1,1762335368156,1800,1800,800,1801,1799,1799,1799,1800,26.3157901763916,0,0,0,0,0,0,0,106277.77276611328,17722.8134765625,66512.60650634766,0.201904296875,33572028416,0,788590592,0
1,1762335368157,1800,1800,800,1801,1799,1799,1799,1800,26.3157901763916,0,0,0,0,0,0,0,106277.77471923828,17722.822326660156,66512.60803222656,0.201904296875,33572028416,0,788590592,0
0,1762335368158,1800,1800,800,1801,1799,1799,1799,1800,26.3157901763916,0,0,0,0,0,0,0,106277.77575683594,17722.826721191406,66512.60943603516,0.201904296875,33572028416,0,788590592,0
0,1762335368160,1800,1800,800,1801,1799,1799,1799,1800,26.3157901763916,0,0,0,0,0,0,0,106277.77673339844,17722.830932617188,66512.6109008789,0.201904296875,33572028416,0,788590592,0
0,1762335368161,1800,1800,800,1801,1799,1799,1799,1800,26.3157901763916,0,0,0,0,0,0,0,106277.77770996094,17722.835388183594,66512.61212158203,0.201904296875,33572028416,0,788590592,0
1,1762335368162,1800,1800,800,1801,1799,1799,1799,1800,26.3157901763916,0,0,0,0,0,0,0,106277.77868652344,17722.83966064453,66512.61346435547,0.201904296875,33572028416,0,788590592,0
1,1762335368163,1800,1800,800,1801,1799,1799,1799,1800,26.3157901763916,0,0,0,0,0,0,0,106277.7797241211,17722.84423828125,66512.6148071289,0.201904296875,33572028416,0,788590592,0
1,1762335368164,1800,1800,800,1801,1799,1799,1799,1800,26.3157901763916,0,0,0,0,0,0,0,106277.7807006836,17722.848693847656,66512.61608886719,0.201904296875,33572028416,0,788590592,0
1,1762335368165,1800,1800,800,1801,1799,1799,1799,1800,26.3157901763916,0,0,0,0,0,0,0,106277.7816772461,17722.853149414063,66512.6177368164,0.201904296875,33572028416,0,788590592,0
1,1762335368166,1800,1800,800,1801,1799,1799,1799,1800,26.3157901763916,0,0,0,0,0,0,0,106277.7826538086,17722.857849121094,66512.619140625,0.201904296875,33572028416,0,788590592,0
1,1762335368167,1800,1800,800,1801,1799,1799,1799,1800,26.3157901763916,0,0,0,0,0,0,0,106277.7836303711,17722.862243652344,66512.62060546875,0.201904296875,33572028416,0,788590592,0
1,1762335368168,1800,1800,800,1801,1799,1799,1799,1800,26.3157901763916,0,0,0,0,0,0,0,106277.78564453125,17722.870727539063,66512.62188720703,0.201904296875,33572028416,0,788590592,0
0,1762335368169,1800,1800,800,1801,1799,1799,1799,1800,26.3157901763916,0,0,0,0,0,0,0,106277.78662109375,17722.875,66512.62322998047,0.201904296875,33572028416,0,788590592,0
0,1762335368171,1800,1800,800,1801,1799,1799,1799,1800,26.3157901763916,0,0,0,0,0,0,0,106277.78759765625,17722.87939453125,66512.62451171875,0.201904296875,33572028416,0,788590592,0
0,1762335368172,1800,1800,800,1801,1799,1799,1799,1800,26.3157901763916,0,0,0,0,0,0,0,106277.78857421875,17722.8837890625,66512.62585449219,0.201904296875,33572028416,0,788590592,0
1,1762335368173,1800,1800,800,1801,1799,1799,1799,1800,26.3157901763916,0,0,0,0,0,0,0,106277.78955078125,17722.888122558594,66512.62719726563,0.201904296875,33572028416,0,788590592,0
1,1762335368174,1800,1800,800,1801,1799,1799,1799,1800,26.3157901763916,0,0,0,0,0,0,0,106277.7905883789,17722.89276123047,66512.62884521484,0.201904296875,33572028416,0,788590592,0
1,1762335368175,1800,1800,800,1801,1799,1799,1799,1800,26.3157901763916,0,0,0,0,0,0,0,106277.7915649414,17722.8974609375,66512.6304321289,0.201904296875,33572028416,0,788590592,0
1,1762335368176,1800,1800,800,1801,1799,1799,1799,1800,26.3157901763916,0,0,0,0,0,0,0,106277.79260253906,17722.902099609375,66512.63177490234,0.201904296875,33572028416,0,788590592,0
1,1762335368177,1800,1800,800,1801,1799,1799,1799,1800,26.3157901763916,0,0,0,0,0,0,0,106277.79357910156,17722.906677246094,66512.63311767578,0.201904296875,33572028416,0,788590592,0
1,1762335368178,1800,1800,800,1801,1799,1799,1799,1800,26.3157901763916,0,0,0,0,0,0,0,106277.79455566406,17722.91094970703,66512.63446044922,0.201904296875,33572028416,0,788590592,0
1,1762335368179,1800,1800,800,1801,1799,1799,1799,1800,26.3157901763916,0,0,0,0,0,0,0,106277.79553222656,17722.91522216797,66512.63562011719,0.201904296875,33572028416,0,788590592,0
0,1762335368180,1800,1800,800,1801,1799,1799,1799,1800,26.3157901763916,0,0,0,0,0,0,0,106277.79754638672,17722.923583984375,66512.6371459961,0.201904296875,33572028416,0,788590592,0
0,1762335368182,1800,1800,800,1801,1799,1799,1799,1800,26.3157901763916,0,0,0,0,0,0,0,106277.79852294922,17722.92803955078,66512.63854980469,0.201904296875,33572028416,0,788590592,0
0,1762335368183,1800,1800,800,1801,1799,1799,1799,1800,26.3157901763916,0,0,0,0,0,0,0,106277.79949951172,17722.932556152344,66512.64001464844,0.201904296875,33572028416,0,788590592,0
1,1762335368184,1800,1800,800,1801,1799,1799,1799,1800,26.3157901763916,0,0,0,0,0,0,0,106277.80053710938,17722.93701171875,66512.64135742188,0.201904296875,33572028416,0,788590592,0
1,1762335368185,1800,1800,800,1801,1799,1799,1799,1800,26.3157901763916,0,0,0,0,0,0,0,106277.80145263672,17722.94140625,66512.64288330078,0.201904296875,33572028416,0,788590592,0
1,1762335368186,1800,1800,800,1801,1799,1799,1799,1800,26.3157901763916,0,0,0,0,0,0,0,106277.80242919922,17722.946044921875,66512.64440917969,0.201904296875,33572028416,0,788590592,0
1,1762335368187,1800,1800,800,1801,1799,1799,1799,1800,26.3157901763916,0,0,0,0,0,0,0,106277.80346679688,17722.95068359375,66512.6460571289,0.201904296875,33572028416,0,788590592,0
1,1762335368188,1800,1800,800,1801,1799,1799,1799,1800,26.3157901763916,0,0,0,0,0,0,0,106277.80444335938,17722.955322265625,66512.64727783203,0.201904296875,33572028416,0,788590592,0
1,1762335368189,1800,1800,800,1801,1799,1799,1799,1800,26.3157901763916,0,0,0,0,0,0,0,106277.80541992188,17722.95965576172,66512.64874267578,0.201904296875,33572028416,0,788590592,0
1,1762335368190,1800,1800,800,1801,1799,1799,1799,1800,26.3157901763916,0,0,0,0,0,0,0,106277.80743408203,17722.968322753906,66512.65002441406,0.201904296875,33572028416,0,788590592,0
0,1762335368192,1800,1800,800,1801,1799,1799,1799,1800,26.3157901763916,0,0,0,0,0,0,0,106277.80841064453,17722.972595214844,66512.6513671875,0.201904296875,33572028416,0,788590592,0
0,1762335368193,1800,1800,800,1801,1799,1799,1799,1800,26.3157901763916,0,0,0,0,0,0,0,106277.80938720703,17722.976928710938,66512.65258789063,0.201904296875,33572028416,0,788590592,0
0,1762335368194,1800,1800,800,1801,1799,1799,1799,1800,26.3157901763916,0,0,0,0,0,0,0,106277.81036376953,17722.98126220703,66512.65411376953,0.201904296875,33572028416,0,788590592,0
1,1762335368195,1800,1800,800,1801,1799,1799,1799,1800,26.3157901763916,0,0,0,0,0,0,0,106277.81140136719,17722.986083984375,66512.6557006836,0.201904296875,33572028416,0,788590592,0
1,1762335368196,1800,1800,800,1801,1799,1799,1799,1800,26.3157901763916,0,0,0,0,0,0,0,106277.81237792969,17722.990600585938,66512.65710449219,0.201904296875,33572028416,0,788590592,0
1,1762335368197,1800,1800,800,1801,1799,1799,1799,1800,26.3157901763916,0,0,0,0,0,0,0,106277.81335449219,17722.995056152344,66512.65869140625,0.201904296875,33572028416,0,788590592,0
1,1762335368198,1800,1800,800,1801,1799,1799,1799,1800,26.3157901763916,0,0,0,0,0,0,0,106277.81439208984,17722.99969482422,66512.65991210938,0.201904296875,33572028416,0,788590592,0
1,1762335368199,1800,1800,800,1801,1799,1799,1799,1800,26.3157901763916,0,0,0,0,0,0,0,106277.81536865234,17723.004150390625,66512.66137695313,0.201904296875,33572028416,0,788590592,0
1,1762335368200,1800,1800,800,1801,1799,1799,1799,1800,26.3157901763916,0,0,0,0,0,0,0,106277.81634521484,17723.00860595703,66512.66284179688,0.201904296875,33572028416,0,788590592,0
1,1762335368201,1800,1800,800,1801,1799,1799,1799,1800,26.3157901763916,0,0,0,0,0,0,0,106277.81829833984,17723.017150878906,66512.66412353516,0.201904296875,33572028416,0,788590592,0
0,1762335368202,1800,1800,800,1801,1799,1799,1799,1800,26.3157901763916,0,0,0,0,0,0,0,106277.8193359375,17723.02166748047,66512.66564941406,0.201904296875,33572028416,0,788590592,0
0,1762335368204,1800,1800,800,1801,1799,1799,1799,1800,26.3157901763916,0,0,0,0,0,0,0,106277.8203125,17723.02587890625,66512.66711425781,0.201904296875,33572028416,0,788590592,0
0,1762335368205,1800,1800,800,1801,1799,1799,1799,1800,26.3157901763916,0,0,0,0,0,0,0,106277.8212890625,17723.030395507813,66512.6683959961,0.201904296875,33572028416,0,788590592,0
1,1762335368206,1800,1800,800,1801,1799,1799,1799,1800,26.3157901763916,0,0,0,0,0,0,0,106277.82232666016,17723.034912109375,66512.66986083984,0.201904296875,33572028416,0,788590592,0
1,1762335368207,1800,1800,800,1801,1799,1799,1799,1800,26.3157901763916,0,0,0,0,0,0,0,106277.8232421875,17723.03924560547,66512.67120361328,0.201904296875,33572028416,0,788590592,0
1,1762335368208,1800,1800,800,1801,1799,1799,1799,1800,26.3157901763916,0,0,0,0,0,0,0,106277.82421875,17723.043579101563,66512.6724243164,0.201904296875,33572028416,0,788590592,0
1,1762335368209,1800,1800,800,1801,1799,1799,1799,1800,26.3157901763916,0,0,0,0,0,0,0,106277.82525634766,17723.047973632813,66512.67388916016,0.201904296875,33572028416,0,788590592,0
1,1762335368210,1800,1800,800,1801,1799,1799,1799,1800,26.3157901763916,0,0,0,0,0,0,0,106277.82623291016,17723.052490234375,66512.67529296875,0.201904296875,33572028416,0,788590592,0
1,1762335368211,1800,1800,800,1801,1799,1799,1799,1800,26.3157901763916,0,0,0,0,0,0,0,106277.82727050781,17723.057006835938,66512.67657470703,0.201904296875,33572028416,0,788590592,0
1,1762335368212,1800,1800,800,1801,1799,1799,1799,1800,26.3157901763916,0,0,0,0,0,0,0,106277.82824707031,17723.06134033203,66512.67791748047,0.201904296875,33572028416,0,788590592,0
0,1762335368213,1800,1800,800,1801,1799,1799,1799,1800,26.3157901763916,0,0,0,0,0,0,0,106277.83020019531,17723.07000732422,66512.67956542969,0.201904296875,33572028416,0,788590592,0
0,1762335368215,1800,1800,800,1801,1799,1799,1799,1800,26.3157901763916,0,0,0,0,0,0,0,106277.83117675781,17723.074279785156,66512.68096923828,0.201904296875,33572028416,0,788590592,0
0,1762335368216,1800,1800,800,1801,1799,1799,1799,1800,17.647058486938477,0,0,0,0,0,0,4.761904716491699,106277.83221435547,17723.078857421875,66512.68249511719,0.201904296875,33572028416,0,788590592,0
1,1762335368217,1800,1800,800,1801,1799,1799,1799,1800,17.647058486938477,0,0,0,0,0,0,4.761904716491699,106277.83312988281,17723.08331298828,66512.68395996094,0.201904296875,33572028416,0,788590592,0
1,1762335368218,1800,1800,800,1801,1799,1799,1799,1800,17.647058486938477,0,0,0,0,0,0,4.761904716491699,106277.83416748047,17723.088012695313,66512.68518066406,0.201904296875,33572028416,0,788590592,0
1,1762335368219,1800,1800,800,1801,1799,1799,1799,1800,17.647058486938477,0,0,0,0,0,0,4.761904716491699,106277.83514404297,17723.092407226563,66512.68658447266,0.201904296875,33572028416,0,788590592,0
1,1762335368220,1800,1800,800,1801,1799,1799,1799,1800,17.647058486938477,0,0,0,0,0,0,4.761904716491699,106277.83612060547,17723.09686279297,66512.68786621094,0.201904296875,33572028416,0,788590592,0
1,1762335368221,1800,1800,800,1801,1799,1799,1799,1800,17.647058486938477,0,0,0,0,0,0,4.761904716491699,106277.83715820313,17723.10125732422,66512.68933105469,0.201904296875,33572028416,0,788590592,0
1,1762335368222,1800,1800,800,1801,1799,1799,1799,1800,17.647058486938477,0,0,0,0,0,0,4.761904716491699,106277.83813476563,17723.10577392578,66512.69079589844,0.201904296875,33572028416,0,788590592,0
1,1762335368223,1800,1800,800,1801,1799,1799,1799,1800,17.647058486938477,0,0,0,0,0,0,4.761904716491699,106277.83911132813,17723.110107421875,66512.69226074219,0.201904296875,33572028416,0,788590592,0
0,1762335368224,1800,1800,800,1801,1799,1799,1799,1800,17.647058486938477,0,0,0,0,0,0,4.761904716491699,106277.84106445313,17723.118591308594,66512.69360351563,0.201904296875,33572028416,0,788590592,0
0,1762335368226,1800,1800,800,1801,1799,1799,1799,1800,17.647058486938477,0,0,0,0,0,0,4.761904716491699,106277.84204101563,17723.123046875,66512.69506835938,0.201904296875,33572028416,0,788590592,0
0,1762335368227,1800,1800,800,1801,1799,1799,1799,1800,17.647058486938477,0,0,0,0,0,0,4.761904716491699,106277.84301757813,17723.12744140625,66512.69635009766,0.201904296875,33572028416,0,788590592,0
1,1762335368228,1800,1800,800,1801,1799,1799,1799,1800,17.647058486938477,0,0,0,0,0,0,4.761904716491699,106277.84405517578,17723.13201904297,66512.6976928711,0.201904296875,33572028416,0,788590592,0
1,1762335368229,1800,1800,800,1801,1799,1799,1799,1800,17.647058486938477,0,0,0,0,0,0,4.761904716491699,106277.84503173828,17723.13641357422,66512.69915771484,0.201904296875,33572028416,0,788590592,0
1,1762335368230,1800,1800,800,1801,1799,1799,1799,1800,17.647058486938477,0,0,0,0,0,0,4.761904716491699,106277.84606933594,17723.140991210938,66512.70031738281,0.201904296875,33572028416,0,788590592,0
1,1762335368231,1800,1800,800,1801,1799,1799,1799,1800,17.647058486938477,0,0,0,0,0,0,4.761904716491699,106277.84704589844,17723.145568847656,66512.70208740234,0.201904296875,33572028416,0,788590592,0
1,1762335368232,1800,1800,800,1801,1799,1799,1799,1800,17.647058486938477,0,0,0,0,0,0,4.761904716491699,106277.84802246094,17723.150146484375,66512.70343017578,0.201904296875,33572028416,0,788590592,0
1,1762335368233,1800,1800,800,1801,1799,1799,1799,1800,17.647058486938477,0,0,0,0,0,0,4.761904716491699,106277.8490600586,17723.15460205078,66512.70483398438,0.201904296875,33572028416,0,788590592,0
1,1762335368234,1800,1800,800,1801,1799,1799,1799,1800,17.647058486938477,0,0,0,0,0,0,4.761904716491699,106277.8510131836,17723.163024902344,66512.70617675781,0.201904296875,33572028416,0,788590592,0
0,1762335368235,1800,1800,800,1801,1799,1799,1799,1800,17.647058486938477,0,0,0,0,0,0,4.761904716491699,106277.8519897461,17723.16748046875,66512.70776367188,0.201904296875,33572028416,0,788590592,0
0,1762335368237,1800,1800,800,1801,1799,1799,1799,1800,17.647058486938477,0,0,0,0,0,0,4.761904716491699,106277.8529663086,17723.171813964844,66512.70916748047,0.201904296875,33572028416,0,788590592,0
0,1762335368238,1800,1800,800,1801,1799,1799,1799,1800,17.647058486938477,0,0,0,0,0,0,4.761904716491699,106277.8539428711,17723.176391601563,66512.71044921875,0.201904296875,33572028416,0,788590592,0
1,1762335368239,1800,1800,800,1801,1799,1799,1799,1800,17.647058486938477,0,0,0,0,0,0,4.761904716491699,106277.8549194336,17723.180725097656,66512.71185302734,0.201904296875,33572028416,0,788590592,0
1,1762335368240,1800,1800,800,1801,1799,1799,1799,1800,17.647058486938477,0,0,0,0,0,0,4.761904716491699,106277.85595703125,17723.185302734375,66512.71307373047,0.201904296875,33572028416,0,788590592,0
1,1762335368241,1800,1800,800,1801,1799,1799,1799,1800,17.647058486938477,0,0,0,0,0,0,4.761904716491699,106277.85693359375,17723.189575195313,66512.71447753906,0.201904296875,33572028416,0,788590592,0
1,1762335368242,1800,1800,800,1801,1799,1799,1799,1800,17.647058486938477,0,0,0,0,0,0,4.761904716491699,106277.85791015625,17723.193969726563,66512.71569824219,0.201904296875,33572028416,0,788590592,0
1,1762335368243,1800,1800,800,1801,1799,1799,1799,1800,17.647058486938477,0,0,0,0,0,0,4.761904716491699,106277.85888671875,17723.19854736328,66512.7173461914,0.201904296875,33572028416,0,788590592,0
1,1762335368244,1800,1800,800,1801,1799,1799,1799,1800,17.647058486938477,0,0,0,0,0,0,4.761904716491699,106277.8599243164,17723.203063964844,66512.71868896484,0.201904296875,33572028416,0,788590592,0
1,1762335368245,1800,1800,800,1801,1799,1799,1799,1800,17.647058486938477,0,0,0,0,0,0,4.761904716491699,106277.8609008789,17723.20751953125,66512.7201538086,0.201904296875,33572028416,0,788590592,0
0,1762335368246,1800,1800,800,1801,1799,1799,1799,1800,17.647058486938477,0,0,0,0,0,0,4.761904716491699,106277.8628540039,17723.215881347656,66512.72143554688,0.201904296875,33572028416,0,788590592,0
0,1762335368248,1800,1800,800,1801,1799,1799,1799,1800,17.647058486938477,0,0,0,0,0,0,4.761904716491699,106277.8638305664,17723.220275878906,66512.72271728516,0.201904296875,33572028416,0,788590592,0
0,1762335368249,1800,1800,800,1801,1799,1799,1799,1800,17.647058486938477,0,0,0,0,0,0,4.761904716491699,106277.86486816406,17723.224670410156,66512.72412109375,0.201904296875,33572028416,0,788590592,0
0,1762335368250,1800,1800,800,1801,1799,1799,1799,1800,17.647058486938477,0,0,0,0,0,0,4.761904716491699,106277.86584472656,17723.229125976563,66512.72534179688,0.201904296875,33572028416,0,788590592,0
1,1762335368251,1800,1800,800,1801,1799,1799,1799,1800,17.647058486938477,0,0,0,0,0,0,4.761904716491699,106277.86682128906,17723.233459472656,66512.72674560547,0.201904296875,33572028416,0,788590592,0
1,1762335368252,1800,1800,800,1801,1799,1799,1799,1800,17.647058486938477,0,0,0,0,0,0,4.761904716491699,106277.86779785156,17723.23809814453,66512.72839355469,0.201904296875,33572028416,0,788590592,0
1,1762335368253,1800,1800,800,1801,1799,1799,1799,1800,17.647058486938477,0,0,0,0,0,0,4.761904716491699,106277.86883544922,17723.242919921875,66512.73010253906,0.201904296875,33572028416,0,788590592,0
1,1762335368254,1800,1800,800,1801,1799,1799,1799,1800,17.647058486938477,0,0,0,0,0,0,4.761904716491699,106277.86981201172,17723.247680664063,66512.7314453125,0.201904296875,33572028416,0,788590592,0
1,1762335368255,1800,1800,800,1801,1799,1799,1799,1800,17.647058486938477,0,0,0,0,0,0,4.761904716491699,106277.87078857422,17723.251953125,66512.73278808594,0.201904296875,33572028416,0,788590592,0
1,1762335368256,1800,1800,800,1801,1799,1799,1799,1800,17.647058486938477,0,0,0,0,0,0,4.761904716491699,106277.87280273438,17723.260131835938,66512.7338256836,0.201904296875,33572028416,0,788590592,0
0,1762335368257,1800,1800,800,1801,1799,1799,1799,1800,17.647058486938477,0,0,0,0,0,0,4.761904716491699,106277.87377929688,17723.264526367188,66512.7353515625,0.201904296875,33572028416,0,788590592,0
0,1762335368259,1800,1800,800,1801,1799,1799,1799,1800,17.647058486938477,0,0,0,0,0,0,4.761904716491699,106277.87475585938,17723.269104003906,66512.73669433594,0.201904296875,33572028416,0,788590592,0
0,1762335368260,1800,1800,800,1801,1799,1799,1799,1800,17.647058486938477,0,0,0,0,0,0,4.761904716491699,106277.87573242188,17723.273498535156,66512.73840332031,0.201904296875,33572028416,0,788590592,0
1,1762335368261,1800,1800,800,1801,1799,1799,1799,1800,17.647058486938477,0,0,0,0,0,0,4.761904716491699,106277.87670898438,17723.278076171875,66512.73999023438,0.201904296875,33572028416,0,788590592,0
0,1762335368262,1800,1800,800,1801,1799,1799,1799,1800,17.647058486938477,0,0,0,0,0,0,4.761904716491699,106277.87774658203,17723.282836914063,66512.74157714844,0.201904296875,33572028416,0,788590592,0
1,1762335368263,1800,1800,800,1801,1799,1799,1799,1800,17.647058486938477,0,0,0,0,0,0,4.761904716491699,106277.87872314453,17723.28759765625,66512.74304199219,0.201904296875,33572028416,0,788590592,0
1,1762335368264,1800,1800,800,1801,1799,1799,1799,1800,17.647058486938477,0,0,0,0,0,0,4.761904716491699,106277.87969970703,17723.292114257813,66512.7446899414,0.201904296875,33572028416,0,788590592,0
1,1762335368265,1800,1800,800,1801,1799,1799,1799,1800,17.647058486938477,0,0,0,0,0,0,4.761904716491699,106277.88073730469,17723.296997070313,66512.74621582031,0.201904296875,33572028416,0,788590592,0
1,1762335368266,1800,1800,800,1801,1799,1799,1799,1800,17.647058486938477,0,0,0,0,0,0,4.761904716491699,106277.88171386719,17723.301391601563,66512.7476196289,0.201904296875,33572028416,0,788590592,0
1,1762335368267,1800,1800,800,1801,1799,1799,1799,1800,17.647058486938477,0,0,0,0,0,0,4.761904716491699,106277.88269042969,17723.305603027344,66512.74884033203,0.201904296875,33572028416,0,788590592,0
0,1762335368268,1800,1800,800,1801,1799,1799,1799,1800,17.647058486938477,0,0,0,0,0,0,4.761904716491699,106277.88464355469,17723.314025878906,66512.75012207031,0.201904296875,33572028416,0,788590592,0
0,1762335368270,1800,1800,800,1801,1799,1799,1799,1800,17.647058486938477,0,0,0,0,0,0,4.761904716491699,106277.88568115234,17723.318420410156,66512.7514038086,0.201904296875,33572028416,0,788590592,0
0,1762335368271,1800,1800,800,1801,1799,1799,1799,1800,17.647058486938477,0,0,0,0,0,0,4.761904716491699,106277.88665771484,17723.32275390625,66512.75280761719,0.201904296875,33572028416,0,788590592,0
0,1762335368272,1800,1800,800,1801,1799,1799,1799,1800,17.647058486938477,0,0,0,0,0,0,4.761904716491699,106277.88763427734,17723.327209472656,66512.7543334961,0.201904296875,33572028416,0,788590592,0
1,1762335368273,1800,1800,800,1801,1799,1799,1799,1800,17.647058486938477,0,0,0,0,0,0,4.761904716491699,106277.88861083984,17723.331909179688,66512.75592041016,0.201904296875,33572028416,0,788590592,0
1,1762335368274,1800,1800,800,1801,1799,1799,1799,1800,17.647058486938477,0,0,0,0,0,0,4.761904716491699,106277.8896484375,17723.33673095703,66512.75744628906,0.201904296875,33572028416,0,788590592,0
1,1762335368275,1800,1800,800,1801,1799,1799,1799,1800,17.647058486938477,0,0,0,0,0,0,4.761904716491699,106277.890625,17723.341186523438,66512.75891113281,0.201904296875,33572028416,0,788590592,0
1,1762335368276,1800,1800,800,1801,1799,1799,1799,1800,17.647058486938477,0,0,0,0,0,0,4.761904716491699,106277.8916015625,17723.345642089844,66512.76013183594,0.201904296875,33572028416,0,788590592,0
1,1762335368277,1800,1800,800,1801,1799,1799,1799,1800,17.647058486938477,0,0,0,0,0,0,4.761904716491699,106277.892578125,17723.34991455078,66512.76159667969,0.201904296875,33572028416,0,788590592,0
1,1762335368278,1800,1800,800,1801,1799,1799,1799,1800,17.647058486938477,0,0,0,0,0,0,4.761904716491699,106277.89459228516,17723.354370117188,66512.7626953125,0.201904296875,33572028416,0,788590592,0
0,1762335368279,1800,1800,800,1801,1799,1799,1799,1800,17.647058486938477,0,0,0,0,0,0,4.761904716491699,106277.89556884766,17723.362854003906,66512.76428222656,0.201904296875,33572028416,0,788590592,0
0,1762335368281,1800,1800,800,1801,1799,1799,1799,1800,17.647058486938477,0,0,0,0,0,0,4.761904716491699,106277.89654541016,17723.367065429688,66512.765625,0.201904296875,33572028416,0,788590592,0
0,1762335368282,1800,1800,800,1801,1799,1799,1799,1800,17.647058486938477,0,0,0,0,0,0,4.761904716491699,106277.89758300781,17723.371826171875,66512.76721191406,0.201904296875,33572028416,0,788590592,0
1,1762335368283,1800,1800,800,1801,1799,1799,1799,1800,17.647058486938477,0,0,0,0,0,0,4.761904716491699,106277.89849853516,17723.376220703125,66512.76867675781,0.201904296875,33572028416,0,788590592,0
1,1762335368284,1800,1800,800,1801,1799,1799,1799,1800,17.647058486938477,0,0,0,0,0,0,4.761904716491699,106277.89953613281,17723.380737304688,66512.7699584961,0.201904296875,33572028416,0,788590592,0
1,1762335368285,1800,1800,800,1801,1799,1799,1799,1800,17.647058486938477,0,0,0,0,0,0,4.761904716491699,106277.90051269531,17723.385314941406,66512.77136230469,0.201904296875,33572028416,0,788590592,0
1,1762335368286,1800,1800,800,1801,1799,1799,1799,1800,17.647058486938477,0,0,0,0,0,0,4.761904716491699,106277.90155029297,17723.389770507813,66512.77264404297,0.201904296875,33572028416,0,788590592,0
1,1762335368287,1800,1800,800,1801,1799,1799,1799,1800,17.647058486938477,0,0,0,0,0,0,4.761904716491699,106277.90252685547,17723.39422607422,66512.77423095703,0.201904296875,33572028416,0,788590592,0
1,1762335368288,1800,1800,800,1801,1799,1799,1799,1800,17.647058486938477,0,0,0,0,0,0,4.761904716491699,106277.90350341797,17723.39874267578,66512.77587890625,0.201904296875,33572028416,0,788590592,0
1,1762335368289,1800,1800,800,1801,1799,1799,1799,1800,17.647058486938477,0,0,0,0,0,0,4.761904716491699,106277.90545654297,17723.40753173828,66512.77734375,0.201904296875,33572028416,0,788590592,0
0,1762335368290,1800,1800,800,1801,1799,1799,1799,1800,17.647058486938477,0,0,0,0,0,0,4.761904716491699,106277.90643310547,17723.411865234375,66512.77880859375,0.201904296875,33572028416,0,788590592,0
0,1762335368292,1800,1800,800,1801,1799,1799,1799,1800,17.647058486938477,0,0,0,0,0,0,4.761904716491699,106277.90747070313,17723.416381835938,66512.7802734375,0.201904296875,33572028416,0,788590592,0
0,1762335368293,1800,1800,800,1801,1799,1799,1799,1800,17.647058486938477,0,0,0,0,0,0,4.761904716491699,106277.90844726563,17723.420959472656,66512.78186035156,0.201904296875,33572028416,0,788590592,0
1,1762335368294,1800,1800,800,1801,1799,1799,1799,1800,17.647058486938477,0,0,0,0,0,0,4.761904716491699,106277.90942382813,17723.42547607422,66512.78356933594,0.201904296875,33572028416,0,788590592,0
1,1762335368295,1800,1800,800,1801,1799,1799,1799,1800,17.647058486938477,0,0,0,0,0,0,4.761904716491699,106277.91040039063,17723.430114746094,66512.78479003906,0.201904296875,33572028416,0,788590592,0
1,1762335368296,1800,1800,800,1801,1799,1799,1799,1800,17.647058486938477,0,0,0,0,0,0,4.761904716491699,106277.91137695313,17723.434631347656,66512.78637695313,0.201904296875,33572028416,0,788590592,0
1,1762335368297,1800,1800,800,1801,1799,1799,1799,1800,17.647058486938477,0,0,0,0,0,0,4.761904716491699,106277.91241455078,17723.439086914063,66512.7875366211,0.201904296875,33572028416,0,788590592,0
1,1762335368298,1800,1800,800,1801,1799,1799,1799,1800,17.647058486938477,0,0,0,0,0,0,4.761904716491699,106277.91339111328,17723.443603515625,66512.7890625,0.201904296875,33572028416,0,788590592,0
1,1762335368299,1800,1800,800,1801,1799,1799,1799,1800,17.647058486938477,0,0,0,0,0,0,4.761904716491699,106277.91436767578,17723.448181152344,66512.7905883789,0.201904296875,33572028416,0,788590592,0
1,1762335368300,1800,1800,800,1801,1799,1799,1799,1800,17.647058486938477,0,0,0,0,0,0,4.761904716491699,106277.91638183594,17723.45672607422,66512.79187011719,0.201904296875,33572028416,0,788590592,0
0,1762335368301,1800,1800,800,1801,1799,1799,1799,1800,17.647058486938477,0,0,0,0,0,0,4.761904716491699,106277.91735839844,17723.46112060547,66512.79345703125,0.201904296875,33572028416,0,788590592,0
0,1762335368303,1800,1800,800,1801,1799,1799,1799,1800,17.647058486938477,0,0,0,0,0,0,4.761904716491699,106277.91833496094,17723.465576171875,66512.79486083984,0.201904296875,33572028416,0,788590592,0
0,1762335368304,1800,1800,800,1801,1799,1799,1799,1800,17.647058486938477,0,0,0,0,0,0,4.761904716491699,106277.91931152344,17723.469848632813,66512.79608154297,0.201904296875,33572028416,0,788590592,0
1,1762335368305,1800,1800,800,1801,1799,1799,1799,1800,17.647058486938477,0,0,0,0,0,0,4.761904716491699,106277.9203491211,17723.474365234375,66512.79736328125,0.201904296875,33572028416,0,788590592,0
1,1762335368306,1800,1800,800,1801,1799,1799,1799,1800,17.647058486938477,0,0,0,0,0,0,4.761904716491699,106277.9213256836,17723.47882080078,66512.79876708984,0.201904296875,33572028416,0,788590592,0
1,1762335368307,1800,1800,800,1801,1799,1799,1799,1800,17.647058486938477,0,0,0,0,0,0,4.761904716491699,106277.9223022461,17723.483154296875,66512.80010986328,0.201904296875,33572028416,0,788590592,0
1,1762335368308,1800,1800,800,1801,1799,1799,1799,1800,17.647058486938477,0,0,0,0,0,0,4.761904716491699,106277.9232788086,17723.48760986328,66512.80151367188,0.201904296875,33572028416,0,788590592,0
1,1762335368309,1800,1800,800,1801,1799,1799,1799,1800,17.647058486938477,0,0,0,0,0,0,4.761904716491699,106277.92431640625,17723.492126464844,66512.80310058594,0.201904296875,33572028416,0,788590592,0
1,1762335368310,1800,1800,800,1801,1799,1799,1799,1800,17.647058486938477,0,0,0,0,0,0,4.761904716491699,106277.92529296875,17723.496826171875,66512.80450439453,0.201904296875,33572028416,0,788590592,0
1,1762335368311,1800,1800,800,1801,1799,1799,1799,1800,17.647058486938477,0,0,0,0,0,0,4.761904716491699,106277.92626953125,17723.5009765625,66512.80596923828,0.201904296875,33572028416,0,788590592,0
0,1762335368312,1800,1800,800,1801,1799,1799,1799,1800,17.647058486938477,0,0,0,0,0,0,4.761904716491699,106277.9282836914,17723.509643554688,66512.8070678711,0.201904296875,33572028416,0,788590592,0
0,1762335368314,1800,1800,800,1801,1799,1799,1799,1800,17.647058486938477,0,0,0,0,0,0,4.761904716491699,106277.92919921875,17723.513793945313,66512.80847167969,0.201904296875,33572028416,0,788590592,0
0,1762335368315,1800,1800,800,1801,1799,1799,1799,1800,17.647058486938477,0,0,0,0,0,0,4.761904716491699,106277.9302368164,17723.518310546875,66512.80981445313,0.201904296875,33572028416,0,788590592,0
1,1762335368316,1800,1800,800,1801,1799,1799,1799,1800,17.647058486938477,0,0,0,0,0,0,4.761904716491699,106277.9312133789,17723.522521972656,66512.8110961914,0.201904296875,33572028416,0,788590592,0
1,1762335368317,1800,1800,800,1801,1799,1799,1799,1800,17.647058486938477,0,0,0,0,0,0,4.761904716491699,106277.9321899414,17723.52685546875,66512.8125,0.201904296875,33572028416,0,788590592,0
1,1762335368318,1800,1800,800,1801,1799,1799,1799,1800,17.647058486938477,0,0,0,0,0,0,4.761904716491699,106277.93322753906,17723.531372070313,66512.81384277344,0.201904296875,33572028416,0,788590592,0
1,1762335368319,1800,1800,800,1801,1799,1799,1799,1800,17.647058486938477,0,0,0,0,0,0,4.761904716491699,106277.93420410156,17723.53582763672,66512.8150024414,0.201904296875,33572028416,0,788590592,0
1,1762335368320,1800,1800,800,1801,1799,1799,1799,1800,17.647058486938477,0,0,0,0,0,0,4.761904716491699,106277.93518066406,17723.540283203125,66512.81665039063,0.201904296875,33572028416,0,788590592,0
1,1762335368321,1800,1800,800,1801,1799,1799,1799,1800,17.647058486938477,0,0,0,0,0,0,4.761904716491699,106277.93621826172,17723.544921875,66512.81799316406,0.201904296875,33572028416,0,788590592,0
1,1762335368322,1800,1800,800,1801,1799,1799,1799,1800,17.647058486938477,0,0,0,0,0,0,4.761904716491699,106277.93817138672,17723.55352783203,66512.81958007813,0.201904296875,33572028416,0,788590592,0
0,1762335368324,1800,1800,800,1801,1799,1799,1799,1800,17.647058486938477,0,0,0,0,0,0,4.761904716491699,106277.93914794922,17723.557739257813,66512.82080078125,0.201904296875,33572028416,0,788590592,0
0,1762335368325,1800,1800,800,1801,1799,1799,1799,1800,17.647058486938477,0,0,0,0,0,0,4.761904716491699,106277.94012451172,17723.56201171875,66512.82208251953,0.201904296875,33572028416,0,788590592,0
0,1762335368326,1800,1800,800,1801,1799,1799,1799,1800,17.647058486938477,0,0,0,0,0,0,4.761904716491699,106277.94116210938,17723.56658935547,66512.82342529297,0.201904296875,33572028416,0,788590592,0
1,1762335368327,1800,1800,800,1801,1799,1799,1799,1800,17.647058486938477,0,0,0,0,0,0,4.761904716491699,106277.94207763672,17723.57080078125,66512.8246459961,0.201904296875,33572028416,0,788590592,0
1,1762335368328,1800,1800,800,1801,1799,1799,1799,1800,17.647058486938477,0,0,0,0,0,0,4.761904716491699,106277.94311523438,17723.575317382813,66512.82611083984,0.201904296875,33572028416,0,788590592,0
1,1762335368329,1800,1800,800,1801,1799,1799,1799,1800,17.647058486938477,0,0,0,0,0,0,4.761904716491699,106277.94409179688,17723.57989501953,66512.82745361328,0.201904296875,33572028416,0,788590592,0
1,1762335368330,1800,1800,800,1801,1799,1799,1799,1800,17.647058486938477,0,0,0,0,0,0,4.761904716491699,106277.94512939453,17723.584533691406,66512.82916259766,0.201904296875,33572028416,0,788590592,0
1,1762335368331,1800,1800,800,1801,1799,1799,1799,1800,17.647058486938477,0,0,0,0,0,0,4.761904716491699,106277.94610595703,17723.588989257813,66512.8305053711,0.201904296875,33572028416,0,788590592,0
1,1762335368332,1800,1800,800,1801,1799,1799,1799,1800,17.647058486938477,0,0,0,0,0,0,4.761904716491699,106277.94708251953,17723.59344482422,66512.83197021484,0.201904296875,33572028416,0,788590592,0
1,1762335368333,1800,1800,800,1801,1799,1799,1799,1800,17.647058486938477,0,0,0,0,0,0,4.761904716491699,106277.94903564453,17723.60174560547,66512.83325195313,0.201904296875,33572028416,0,788590592,0
0,1762335368334,1800,1800,800,1801,1799,1799,1799,1800,17.647058486938477,0,0,0,0,0,0,4.761904716491699,106277.95001220703,17723.606079101563,66512.83447265625,0.201904296875,33572028416,0,788590592,0
0,1762335368336,1800,1800,800,1801,1799,1799,1799,1800,17.647058486938477,0,0,0,0,0,0,4.761904716491699,106277.95104980469,17723.610412597656,66512.83569335938,0.201904296875,33572028416,0,788590592,0
0,1762335368337,1800,1800,800,1801,1799,1799,1799,1800,17.647058486938477,0,0,0,0,0,0,4.761904716491699,106277.95202636719,17723.614868164063,66512.83715820313,0.201904296875,33572028416,0,788590592,0
1,1762335368338,1800,1800,800,1801,1799,1799,1799,1800,17.647058486938477,0,0,0,0,0,0,4.761904716491699,106277.95300292969,17723.619262695313,66512.83880615234,0.201904296875,33572028416,0,788590592,0
1,1762335368339,1800,1800,800,1801,1799,1799,1799,1800,17.647058486938477,0,0,0,0,0,0,4.761904716491699,106277.95404052734,17723.624145507813,66512.8403930664,0.201904296875,33572028416,0,788590592,0
1,1762335368340,1800,1800,800,1801,1799,1799,1799,1800,17.647058486938477,0,0,0,0,0,0,4.761904716491699,106277.95501708984,17723.628784179688,66512.84185791016,0.201904296875,33572028416,0,788590592,0
1,1762335368341,1800,1800,800,1801,1799,1799,1799,1800,17.647058486938477,0,0,0,0,0,0,4.761904716491699,106277.95599365234,17723.633361816406,66512.8432006836,0.201904296875,33572028416,0,788590592,0
1,1762335368342,1800,1800,800,1801,1799,1799,1799,1800,17.647058486938477,0,0,0,0,0,0,4.761904716491699,106277.95697021484,17723.6376953125,66512.8447265625,0.201904296875,33572028416,0,788590592,0
1,1762335368343,1800,1800,800,1801,1799,1799,1799,1800,17.647058486938477,0,0,0,0,0,0,4.761904716491699,106277.95794677734,17723.642211914063,66512.8461303711,0.201904296875,33572028416,0,788590592,0
1,1762335368344,1800,1800,800,1801,1799,1799,1799,1800,17.647058486938477,0,0,0,0,0,0,4.761904716491699,106277.95989990234,17723.650756835938,66512.84741210938,0.201904296875,33572028416,0,788590592,0
0,1762335368346,1800,1800,800,1801,1799,1799,1799,1800,17.647058486938477,0,0,0,0,0,0,4.761904716491699,106277.9609375,17723.65496826172,66512.84875488281,0.201904296875,33572028416,0,788590592,0
0,1762335368347,1800,1800,800,1801,1799,1799,1799,1800,17.647058486938477,0,0,0,0,0,0,4.761904716491699,106277.9619140625,17723.659301757813,66512.8500366211,0.201904296875,33572028416,0,788590592,0
0,1762335368348,1800,1800,800,1801,1799,1799,1799,1800,17.647058486938477,0,0,0,0,0,0,4.761904716491699,106277.96295166016,17723.663696289063,66512.85131835938,0.201904296875,33572028416,0,788590592,0
1,1762335368349,1800,1800,800,1801,1799,1799,1799,1800,17.647058486938477,0,0,0,0,0,0,4.761904716491699,106277.9638671875,17723.66796875,66512.8525390625,0.201904296875,33572028416,0,788590592,0
1,1762335368350,1800,1800,800,1801,1799,1799,1799,1800,17.647058486938477,0,0,0,0,0,0,4.761904716491699,106277.96490478516,17723.672424316406,66512.85412597656,0.201904296875,33572028416,0,788590592,0
1,1762335368351,1800,1800,800,1801,1799,1799,1799,1800,17.647058486938477,0,0,0,0,0,0,4.761904716491699,106277.96588134766,17723.677124023438,66512.8558959961,0.201904296875,33572028416,0,788590592,0
1,1762335368352,1800,1800,800,1801,1799,1799,1799,1800,17.647058486938477,0,0,0,0,0,0,4.761904716491699,106277.96685791016,17723.681884765625,66512.85736083984,0.201904296875,33572028416,0,788590592,0
1,1762335368353,1800,1800,800,1801,1799,1799,1799,1800,17.647058486938477,0,0,0,0,0,0,4.761904716491699,106277.96789550781,17723.6865234375,66512.85870361328,0.201904296875,33572028416,0,788590592,0
1,1762335368354,1800,1800,800,1801,1799,1799,1799,1800,17.647058486938477,0,0,0,0,0,0,4.761904716491699,106277.96887207031,17723.69091796875,66512.86004638672,0.201904296875,33572028416,0,788590592,0
1,1762335368355,1800,1800,800,1801,1799,1799,1799,1800,17.647058486938477,0,0,0,0,0,0,4.761904716491699,106277.96984863281,17723.695251464844,66512.86120605469,0.201904296875,33572028416,0,788590592,0
0,1762335368356,1800,1800,800,1801,1799,1799,1799,1800,17.647058486938477,0,0,0,0,0,0,4.761904716491699,106277.97186279297,17723.70361328125,66512.86254882813,0.201904296875,33572028416,0,788590592,0
0,1762335368358,1800,1800,800,1801,1799,1799,1799,1800,17.647058486938477,0,0,0,0,0,0,4.761904716491699,106277.97277832031,17723.707763671875,66512.86407470703,0.201904296875,33572028416,0,788590592,0
0,1762335368359,1800,1800,800,1801,1799,1799,1799,1800,17.647058486938477,0,0,0,0,0,0,4.761904716491699,106277.97381591797,17723.712524414063,66512.8657836914,0.201904296875,33572028416,0,788590592,0
1,1762335368360,1800,1800,800,1801,1799,1799,1799,1800,17.647058486938477,0,0,0,0,0,0,4.761904716491699,106277.97479248047,17723.71697998047,66512.86724853516,0.201904296875,33572028416,0,788590592,0
1,1762335368361,1800,1800,800,1801,1799,1799,1799,1800,17.647058486938477,0,0,0,0,0,0,4.761904716491699,106277.97576904297,17723.72149658203,66512.8685913086,0.201904296875,33572028416,0,788590592,0
1,1762335368362,1800,1800,800,1801,1799,1799,1799,1800,17.647058486938477,0,0,0,0,0,0,4.761904716491699,106277.97674560547,17723.726013183594,66512.86999511719,0.201904296875,33572028416,0,788590592,0
1,1762335368363,1800,1800,800,1801,1799,1799,1799,1800,17.647058486938477,0,0,0,0,0,0,4.761904716491699,106277.97778320313,17723.730529785156,66512.87121582031,0.201904296875,33572028416,0,788590592,0
1,1762335368364,1800,1800,800,1801,1799,1799,1799,1800,17.647058486938477,0,0,0,0,0,0,4.761904716491699,106277.97875976563,17723.734924316406,66512.87274169922,0.201904296875,33572028416,0,788590592,0
1,1762335368365,1800,1800,800,1801,1799,1799,1799,1800,17.647058486938477,0,0,0,0,0,0,4.761904716491699,106277.97979736328,17723.739501953125,66512.87426757813,0.201904296875,33572028416,0,788590592,0
1,1762335368366,1800,1800,800,1801,1799,1799,1799,1800,17.647058486938477,0,0,0,0,0,0,4.761904716491699,106277.98175048828,17723.748046875,66512.87567138672,0.201904296875,33572028416,0,788590592,0
0,1762335368367,1800,1800,800,1801,1799,1799,1799,1800,17.647058486938477,0,0,0,0,0,0,4.761904716491699,106277.98272705078,17723.75244140625,66512.87707519531,0.201904296875,33572028416,0,788590592,0
0,1762335368369,1800,1800,800,1801,1799,1799,1799,1800,17.647058486938477,0,0,0,0,0,0,4.761904716491699,106277.98370361328,17723.756774902344,66512.8783569336,0.201904296875,33572028416,0,788590592,0
0,1762335368370,1800,1800,800,1801,1799,1799,1799,1800,17.647058486938477,0,0,0,0,0,0,4.761904716491699,106277.98474121094,17723.76153564453,66512.88006591797,0.201904296875,33572028416,0,788590592,0
1,1762335368371,1800,1800,800,1801,1799,1799,1799,1800,17.647058486938477,0,0,0,0,0,0,4.761904716491699,106277.98565673828,17723.766052246094,66512.88171386719,0.201904296875,33572028416,0,788590592,0
1,1762335368372,1800,1800,800,1801,1799,1799,1799,1800,17.647058486938477,0,0,0,0,0,0,4.761904716491699,106277.98669433594,17723.770751953125,66512.8832397461,0.201904296875,33572028416,0,788590592,0
1,1762335368373,1800,1800,800,1801,1799,1799,1799,1800,17.647058486938477,0,0,0,0,0,0,4.761904716491699,106277.98767089844,17723.775451660156,66512.88482666016,0.201904296875,33572028416,0,788590592,0
1,1762335368374,1800,1800,800,1801,1799,1799,1799,1800,17.647058486938477,0,0,0,0,0,0,4.761904716491699,106277.98864746094,17723.779907226563,66512.88610839844,0.201904296875,33572028416,0,788590592,0
1,1762335368375,1800,1800,800,1801,1799,1799,1799,1800,17.647058486938477,0,0,0,0,0,0,4.761904716491699,106277.98962402344,17723.784301757813,66512.88751220703,0.201904296875,33572028416,0,788590592,0
1,1762335368376,1800,1800,800,1801,1799,1799,1799,1800,17.647058486938477,0,0,0,0,0,0,4.761904716491699,106277.9906616211,17723.788818359375,66512.88885498047,0.201904296875,33572028416,0,788590592,0
1,1762335368377,1800,1800,800,1801,1799,1799,1799,1800,17.647058486938477,0,0,0,0,0,0,4.761904716491699,106277.99169921875,17723.79327392578,66512.8901977539,0.201904296875,33572028416,0,788590592,0
0,1762335368378,1800,1800,800,1801,1799,1799,1799,1800,17.647058486938477,0,0,0,0,0,0,4.761904716491699,106277.9935913086,17723.801635742188,66512.89166259766,0.201904296875,33572028416,0,788590592,0
0,1762335368380,1800,1800,800,1801,1799,1799,1799,1800,17.647058486938477,0,0,0,0,0,0,4.761904716491699,106277.99462890625,17723.806213378906,66512.89318847656,0.201904296875,33572028416,0,788590592,0
0,1762335368381,1800,1800,800,1801,1799,1799,1799,1800,17.647058486938477,0,0,0,0,0,0,4.761904716491699,106277.99560546875,17723.810485839844,66512.89447021484,0.201904296875,33572028416,0,788590592,0
1,1762335368382,1800,1800,800,1801,1799,1799,1799,1800,17.647058486938477,0,0,0,0,0,0,4.761904716491699,106277.99658203125,17723.815185546875,66512.89587402344,0.201904296875,33572028416,0,788590592,0
1,1762335368383,1800,1800,800,1801,1799,1799,1799,1800,17.647058486938477,0,0,0,0,0,0,4.761904716491699,106277.99755859375,17723.81951904297,66512.89721679688,0.201904296875,33572028416,0,788590592,0
1,1762335368384,1800,1800,800,1801,1799,1799,1799,1800,17.647058486938477,0,0,0,0,0,0,4.761904716491699,106277.99853515625,17723.82391357422,66512.89849853516,0.201904296875,33572028416,0,788590592,0
1,1762335368385,1800,1800,800,1801,1799,1799,1799,1800,17.647058486938477,0,0,0,0,0,0,4.761904716491699,106277.9995727539,17723.82830810547,66512.89971923828,0.201904296875,33572028416,0,788590592,0
1,1762335368386,1800,1800,800,1801,1799,1799,1799,1800,17.647058486938477,0,0,0,0,0,0,4.761904716491699,106278.0005493164,17723.83282470703,66512.90142822266,0.201904296875,33572028416,0,788590592,0
1,1762335368387,1800,1800,800,1801,1799,1799,1799,1800,17.647058486938477,0,0,0,0,0,0,4.761904716491699,106278.00158691406,17723.83758544922,66512.9027709961,0.201904296875,33572028416,0,788590592,0
1,1762335368388,1800,1800,800,1801,1799,1799,1799,1800,17.647058486938477,0,0,0,0,0,0,4.761904716491699,106278.00256347656,17723.841796875,66512.904296875,0.201904296875,33572028416,0,788590592,0
0,1762335368389,1800,1800,800,1801,1799,1799,1799,1800,17.647058486938477,0,0,0,0,0,0,4.761904716491699,106278.00451660156,17723.85028076172,66512.90551757813,0.201904296875,33572028416,0,788590592,0
0,1762335368391,1800,1800,800,1801,1799,1799,1799,1800,17.647058486938477,0,0,0,0,0,0,4.761904716491699,106278.00549316406,17723.85479736328,66512.90692138672,0.201904296875,33572028416,0,788590592,0
0,1762335368392,1800,1800,800,1801,1799,1799,1799,1800,17.647058486938477,0,0,0,0,0,0,4.761904716491699,106278.00646972656,17723.859130859375,66512.90826416016,0.201904296875,33572028416,0,788590592,0
1,1762335368393,1800,1800,800,1801,1799,1799,1799,1800,17.647058486938477,0,0,0,0,0,0,4.761904716491699,106278.00750732422,17723.863525390625,66512.90936279297,0.201904296875,33572028416,0,788590592,0
1,1762335368394,1800,1800,800,1801,1799,1799,1799,1800,17.647058486938477,0,0,0,0,0,0,4.761904716491699,106278.00848388672,17723.867919921875,66512.91082763672,0.201904296875,33572028416,0,788590592,0
1,1762335368395,1800,1800,800,1801,1799,1799,1799,1800,17.647058486938477,0,0,0,0,0,0,4.761904716491699,106278.00946044922,17723.872314453125,66512.91229248047,0.201904296875,33572028416,0,788590592,0
1,1762335368396,1800,1800,800,1801,1799,1799,1799,1800,17.647058486938477,0,0,0,0,0,0,4.761904716491699,106278.01043701172,17723.876953125,66512.9140625,0.201904296875,33572028416,0,788590592,0
1,1762335368397,1800,1800,800,1801,1799,1799,1799,1800,17.647058486938477,0,0,0,0,0,0,4.761904716491699,106278.01141357422,17723.8818359375,66512.91571044922,0.201904296875,33572028416,0,788590592,0
1,1762335368398,1800,1800,800,1801,1799,1799,1799,1800,17.647058486938477,0,0,0,0,0,0,4.761904716491699,106278.01245117188,17723.886352539063,66512.91705322266,0.201904296875,33572028416,0,788590592,0
1,1762335368399,1800,1800,800,1801,1799,1799,1799,1800,17.647058486938477,0,0,0,0,0,0,4.761904716491699,106278.01440429688,17723.895263671875,66512.91864013672,0.201904296875,33572028416,0,788590592,0
0,1762335368400,1800,1800,800,1801,1799,1799,1799,1800,17.647058486938477,0,0,0,0,0,0,4.761904716491699,106278.01538085938,17723.899475097656,66512.92010498047,0.201904296875,33572028416,0,788590592,0
0,1762335368402,1800,1800,800,1801,1799,1799,1799,1800,17.647058486938477,0,0,0,0,0,0,4.761904716491699,106278.01635742188,17723.90380859375,66512.92156982422,0.201904296875,33572028416,0,788590592,0
0,1762335368403,1800,1800,800,1801,1799,1799,1799,1800,17.647058486938477,0,0,0,0,0,0,4.761904716491699,106278.01739501953,17723.908203125,66512.92272949219,0.201904296875,33572028416,0,788590592,0
1,1762335368404,1800,1800,800,1801,1799,1799,1799,1800,17.647058486938477,0,0,0,0,0,0,4.761904716491699,106278.01837158203,17723.912719726563,66512.92413330078,0.201904296875,33572028416,0,788590592,0
1,1762335368405,1800,1800,800,1801,1799,1799,1799,1800,17.647058486938477,0,0,0,0,0,0,4.761904716491699,106278.01934814453,17723.91717529297,66512.92553710938,0.201904296875,33572028416,0,788590592,0
1,1762335368406,1800,1800,800,1801,1799,1799,1799,1800,17.647058486938477,0,0,0,0,0,0,4.761904716491699,106278.02032470703,17723.92156982422,66512.9267578125,0.201904296875,33572028416,0,788590592,0
1,1762335368407,1800,1800,800,1801,1799,1799,1799,1800,17.647058486938477,0,0,0,0,0,0,4.761904716491699,106278.02136230469,17723.926208496094,66512.92822265625,0.201904296875,33572028416,0,788590592,0
1,1762335368408,1800,1800,800,1801,1799,1799,1799,1800,17.647058486938477,0,0,0,0,0,0,4.761904716491699,106278.02233886719,17723.930725097656,66512.92974853516,0.201904296875,33572028416,0,788590592,0
1,1762335368409,1800,1800,800,1801,1799,1799,1799,1800,17.647058486938477,0,0,0,0,0,0,4.761904716491699,106278.02331542969,17723.935119628906,66512.9310913086,0.201904296875,33572028416,0,788590592,0
1,1762335368410,1800,1800,800,1801,1799,1799,1799,1800,17.647058486938477,0,0,0,0,0,0,4.761904716491699,106278.02532958984,17723.943725585938,66512.93243408203,0.201904296875,33572028416,0,788590592,0
0,1762335368412,1800,1800,800,1801,1799,1799,1799,1800,17.647058486938477,0,0,0,0,0,0,4.761904716491699,106278.02630615234,17723.94775390625,66512.93377685547,0.201904296875,33572028416,0,788590592,0
0,1762335368413,1800,1800,800,1801,1799,1799,1799,1800,17.647058486938477,0,0,0,0,0,0,4.761904716491699,106278.02728271484,17723.9521484375,66512.93493652344,0.201904296875,33572028416,0,788590592,0
0,1762335368414,1800,1800,800,1801,1799,1799,1799,1800,17.647058486938477,0,0,0,0,0,0,4.761904716491699,106278.02825927734,17723.956420898438,66512.93634033203,0.201904296875,33572028416,0,788590592,0
1,1762335368415,1800,1800,800,1801,1799,1799,1799,1800,17.647058486938477,0,0,0,0,0,0,4.761904716491699,106278.029296875,17723.960998535156,66512.93768310547,0.201904296875,33572028416,0,788590592,0
1,1762335368416,1800,1800,800,1801,1799,1799,1799,1800,25,0,0,0,0,0,0,0,106278.03021240234,17723.965454101563,66512.93963623047,0.201904296875,33572028416,0,788590592,0
1,1762335368417,1800,1800,800,1801,1799,1799,1799,1800,25,0,0,0,0,0,0,0,106278.03125,17723.970336914063,66512.94128417969,0.201904296875,33572028416,0,788590592,0
1,1762335368418,1800,1800,800,1801,1799,1799,1799,1800,25,0,0,0,0,0,0,0,106278.0322265625,17723.97509765625,66512.94268798828,0.201904296875,33572028416,0,788590592,0
1,1762335368419,1800,1800,800,1801,1799,1799,1799,1800,25,0,0,0,0,0,0,0,106278.03326416016,17723.98016357422,66512.94458007813,0.201904296875,33572028416,0,788590592,0
1,1762335368420,1800,1800,800,1801,1799,1799,1799,1800,25,0,0,0,0,0,0,0,106278.03424072266,17723.984497070313,66512.9458618164,0.201904296875,33572028416,0,788590592,0
1,1762335368421,1800,1800,800,1801,1799,1799,1799,1800,25,0,0,0,0,0,0,0,106278.03625488281,17723.99298095703,66512.94708251953,0.201904296875,33572028416,0,788590592,0
0,1762335368422,1800,1800,800,1801,1799,1799,1799,1800,25,0,0,0,0,0,0,0,106278.03723144531,17723.99725341797,66512.94854736328,0.201904296875,33572028416,0,788590592,0
0,1762335368424,1800,1800,800,1801,1799,1799,1799,1800,25,0,0,0,0,0,0,0,106278.03814697266,17724.00146484375,66512.94982910156,0.201904296875,33572028416,0,788590592,0
0,1762335368425,1800,1800,800,1801,1799,1799,1799,1800,25,0,0,0,0,0,0,0,106278.03918457031,17724.005981445313,66512.951171875,0.201904296875,33572028416,0,788590592,0
1,1762335368426,1800,1800,800,1801,1799,1799,1799,1800,25,0,0,0,0,0,0,0,106278.04016113281,17724.010314941406,66512.95239257813,0.201904296875,33572028416,0,788590592,0
1,1762335368427,1800,1800,800,1801,1799,1799,1799,1800,25,0,0,0,0,0,0,0,106278.04113769531,17724.014709472656,66512.95385742188,0.201904296875,33572028416,0,788590592,0
1,1762335368428,1800,1800,800,1801,1799,1799,1799,1800,25,0,0,0,0,0,0,0,106278.04211425781,17724.019287109375,66512.95544433594,0.201904296875,33572028416,0,788590592,0
1,1762335368429,1800,1800,800,1801,1799,1799,1799,1800,25,0,0,0,0,0,0,0,106278.04315185547,17724.024047851563,66512.95715332031,0.201904296875,33572028416,0,788590592,0
1,1762335368430,1800,1800,800,1801,1799,1799,1799,1800,25,0,0,0,0,0,0,0,106278.04412841797,17724.028747558594,66512.95849609375,0.201904296875,33572028416,0,788590592,0
1,1762335368431,1800,1800,800,1801,1799,1799,1799,1800,25,0,0,0,0,0,0,0,106278.04516601563,17724.033264160156,66512.9599609375,0.201904296875,33572028416,0,788590592,0
1,1762335368432,1800,1800,800,1801,1799,1799,1799,1800,25,0,0,0,0,0,0,0,106278.04711914063,17724.041564941406,66512.96105957031,0.201904296875,33572028416,0,788590592,0
0,1762335368433,1800,1800,800,1801,1799,1799,1799,1800,25,0,0,0,0,0,0,0,106278.04809570313,17724.0458984375,66512.96252441406,0.201904296875,33572028416,0,788590592,0
0,1762335368435,1800,1800,800,1801,1799,1799,1799,1800,25,0,0,0,0,0,0,0,106278.04913330078,17724.05029296875,66512.96380615234,0.201904296875,33572028416,0,788590592,0
0,1762335368436,1800,1800,800,1801,1799,1799,1799,1800,25,0,0,0,0,0,0,0,106278.05004882813,17724.054565429688,66512.9653930664,0.201904296875,33572028416,0,788590592,0
1,1762335368437,1800,1800,800,1801,1799,1799,1799,1800,25,0,0,0,0,0,0,0,106278.05108642578,17724.05926513672,66512.96697998047,0.201904296875,33572028416,0,788590592,0
1,1762335368438,1800,1800,800,1801,1799,1799,1799,1800,25,0,0,0,0,0,0,0,106278.05206298828,17724.06378173828,66512.9683227539,0.201904296875,33572028416,0,788590592,0
1,1762335368439,1800,1800,800,1801,1799,1799,1799,1800,25,0,0,0,0,0,0,0,106278.05303955078,17724.068420410156,66512.96978759766,0.201904296875,33572028416,0,788590592,0
1,1762335368440,1800,1800,800,1801,1799,1799,1799,1800,25,0,0,0,0,0,0,0,106278.05401611328,17724.072875976563,66512.97106933594,0.201904296875,33572028416,0,788590592,0
1,1762335368441,1800,1800,800,1801,1799,1799,1799,1800,25,0,0,0,0,0,0,0,106278.05505371094,17724.077392578125,66512.97253417969,0.201904296875,33572028416,0,788590592,0
1,1762335368442,1800,1800,800,1801,1799,1799,1799,1800,25,0,0,0,0,0,0,0,106278.05603027344,17724.081909179688,66512.97399902344,0.201904296875,33572028416,0,788590592,0
1,1762335368443,1800,1800,800,1801,1799,1799,1799,1800,25,0,0,0,0,0,0,0,106278.05798339844,17724.090393066406,66512.97534179688,0.201904296875,33572028416,0,788590592,0
0,1762335368444,1800,1800,800,1801,1799,1799,1799,1800,25,0,0,0,0,0,0,0,106278.05895996094,17724.094787597656,66512.97692871094,0.201904296875,33572028416,0,788590592,0
0,1762335368446,1800,1800,800,1801,1799,1799,1799,1800,25,0,0,0,0,0,0,0,106278.0599975586,17724.09942626953,66512.97839355469,0.201904296875,33572028416,0,788590592,0
0,1762335368447,1800,1800,800,1801,1799,1799,1799,1800,25,0,0,0,0,0,0,0,106278.0609741211,17724.103942871094,66512.97985839844,0.201904296875,33572028416,0,788590592,0
1,1762335368448,1800,1800,800,1801,1799,1799,1799,1800,25,0,0,0,0,0,0,0,106278.0619506836,17724.108459472656,66512.98126220703,0.201904296875,33572028416,0,788590592,0
1,1762335368449,1800,1800,800,1801,1799,1799,1799,1800,25,0,0,0,0,0,0,0,106278.0629272461,17724.11297607422,66512.98266601563,0.201904296875,33572028416,0,788590592,0
1,1762335368450,1800,1800,800,1801,1799,1799,1799,1800,25,0,0,0,0,0,0,0,106278.06396484375,17724.11767578125,66512.984375,0.201904296875,33572028416,0,788590592,0
1,1762335368451,1800,1800,800,1801,1799,1799,1799,1800,25,0,0,0,0,0,0,0,106278.06494140625,17724.122314453125,66512.9857788086,0.201904296875,33572028416,0,788590592,0
1,1762335368452,1800,1800,800,1801,1799,1799,1799,1800,25,0,0,0,0,0,0,0,106278.06591796875,17724.126708984375,66512.98706054688,0.201904296875,33572028416,0,788590592,0
1,1762335368453,1800,1800,800,1801,1799,1799,1799,1800,25,0,0,0,0,0,0,0,106278.06689453125,17724.130981445313,66512.98846435547,0.201904296875,33572028416,0,788590592,0
1,1762335368454,1800,1800,800,1801,1799,1799,1799,1800,25,0,0,0,0,0,0,0,106278.0689086914,17724.13946533203,66512.98956298828,0.201904296875,33572028416,0,788590592,0
0,1762335368455,1800,1800,800,1801,1799,1799,1799,1800,25,0,0,0,0,0,0,0,106278.0698852539,17724.143798828125,66512.99108886719,0.201904296875,33572028416,0,788590592,0
0,1762335368457,1800,1800,800,1801,1799,1799,1799,1800,25,0,0,0,0,0,0,0,106278.07092285156,17724.14825439453,66512.99243164063,0.201904296875,33572028416,0,788590592,0
0,1762335368458,1800,1800,800,1801,1799,1799,1799,1800,25,0,0,0,0,0,0,0,106278.0718383789,17724.152587890625,66512.99395751953,0.201904296875,33572028416,0,788590592,0
0,1762335368459,1800,1800,800,1801,1799,1799,1799,1800,25,0,0,0,0,0,0,0,106278.07287597656,17724.1572265625,66512.99536132813,0.201904296875,33572028416,0,788590592,0
1,1762335368460,1800,1800,800,1801,1799,1799,1799,1800,25,0,0,0,0,0,0,0,106278.07385253906,17724.16162109375,66512.9966430664,0.201904296875,33572028416,0,788590592,0
1,1762335368461,1800,1800,800,1801,1799,1799,1799,1800,25,0,0,0,0,0,0,0,106278.07482910156,17724.166076660156,66512.99798583984,0.201904296875,33572028416,0,788590592,0
1,1762335368462,1800,1800,800,1801,1799,1799,1799,1800,25,0,0,0,0,0,0,0,106278.07580566406,17724.170471191406,66512.99920654297,0.201904296875,33572028416,0,788590592,0
1,1762335368463,1800,1800,800,1801,1799,1799,1799,1800,25,0,0,0,0,0,0,0,106278.07684326172,17724.17498779297,66513.00079345703,0.201904296875,33572028416,0,788590592,0
1,1762335368464,1800,1800,800,1801,1799,1799,1799,1800,25,0,0,0,0,0,0,0,106278.07781982422,17724.179443359375,66513.00213623047,0.201904296875,33572028416,0,788590592,0
1,1762335368465,1800,1800,800,1801,1799,1799,1799,1800,25,0,0,0,0,0,0,0,106278.07885742188,17724.184020996094,66513.00390625,0.201904296875,33572028416,0,788590592,0
0,1762335368466,1800,1800,800,1801,1799,1799,1799,1800,25,0,0,0,0,0,0,0,106278.08081054688,17724.192749023438,66513.00512695313,0.201904296875,33572028416,0,788590592,0
0,1762335368468,1800,1800,800,1801,1799,1799,1799,1800,25,0,0,0,0,0,0,0,106278.08178710938,17724.19696044922,66513.00659179688,0.201904296875,33572028416,0,788590592,0
0,1762335368469,1800,1800,800,1801,1799,1799,1799,1800,25,0,0,0,0,0,0,0,106278.08276367188,17724.20147705078,66513.00793457031,0.201904296875,33572028416,0,788590592,0
0,1762335368470,1800,1800,800,1801,1799,1799,1799,1800,25,0,0,0,0,0,0,0,106278.08374023438,17724.20574951172,66513.00915527344,0.201904296875,33572028416,0,788590592,0
1,1762335368471,1800,1800,800,1801,1799,1799,1799,1800,25,0,0,0,0,0,0,0,106278.08471679688,17724.21026611328,66513.01055908203,0.201904296875,33572028416,0,788590592,0
1,1762335368472,1800,1800,800,1801,1799,1799,1799,1800,25,0,0,0,0,0,0,0,106278.08575439453,17724.214721679688,66513.01184082031,0.201904296875,33572028416,0,788590592,0
1,1762335368473,1800,1800,800,1801,1799,1799,1799,1800,25,0,0,0,0,0,0,0,106278.08673095703,17724.219177246094,66513.01354980469,0.201904296875,33572028416,0,788590592,0
1,1762335368474,1800,1800,800,1801,1799,1799,1799,1800,25,0,0,0,0,0,0,0,106278.08770751953,17724.22381591797,66513.01483154297,0.201904296875,33572028416,0,788590592,0
1,1762335368475,1800,1800,800,1801,1799,1799,1799,1800,25,0,0,0,0,0,0,0,106278.08868408203,17724.228271484375,66513.01641845703,0.201904296875,33572028416,0,788590592,0
1,1762335368476,1800,1800,800,1801,1799,1799,1799,1800,25,0,0,0,0,0,0,0,106278.08966064453,17724.232482910156,66513.01788330078,0.201904296875,33572028416,0,788590592,0
0,1762335368477,1800,1800,800,1801,1799,1799,1799,1800,25,0,0,0,0,0,0,0,106278.09167480469,17724.241149902344,66513.01928710938,0.201904296875,33572028416,0,788590592,0
0,1762335368479,1800,1800,800,1801,1799,1799,1799,1800,25,0,0,0,0,0,0,0,106278.09265136719,17724.245727539063,66513.02075195313,0.201904296875,33572028416,0,788590592,0
0,1762335368480,1800,1800,800,1801,1799,1799,1799,1800,25,0,0,0,0,0,0,0,106278.09368896484,17724.25018310547,66513.02197265625,0.201904296875,33572028416,0,788590592,0
1,1762335368481,1800,1800,800,1801,1799,1799,1799,1800,25,0,0,0,0,0,0,0,106278.09466552734,17724.254516601563,66513.02349853516,0.201904296875,33572028416,0,788590592,0
1,1762335368482,1800,1800,800,1801,1799,1799,1799,1800,25,0,0,0,0,0,0,0,106278.09564208984,17724.259033203125,66513.02478027344,0.201904296875,33572028416,0,788590592,0
1,1762335368483,1800,1800,800,1801,1799,1799,1799,1800,25,0,0,0,0,0,0,0,106278.0966796875,17724.26348876953,66513.02600097656,0.201904296875,33572028416,0,788590592,0
1,1762335368484,1800,1800,800,1801,1799,1799,1799,1800,25,0,0,0,0,0,0,0,106278.09765625,17724.26788330078,66513.02740478516,0.201904296875,33572028416,0,788590592,0
1,1762335368485,1800,1800,800,1801,1799,1799,1799,1800,25,0,0,0,0,0,0,0,106278.0986328125,17724.272399902344,66513.0288696289,0.201904296875,33572028416,0,788590592,0
1,1762335368486,1800,1800,800,1801,1799,1799,1799,1800,25,0,0,0,0,0,0,0,106278.099609375,17724.276794433594,66513.0302734375,0.201904296875,33572028416,0,788590592,0
1,1762335368487,1800,1800,800,1801,1799,1799,1799,1800,25,0,0,0,0,0,0,0,106278.1015625,17724.285278320313,66513.03161621094,0.201904296875,33572028416,0,788590592,0
0,1762335368488,1800,1800,800,1801,1799,1799,1799,1800,25,0,0,0,0,0,0,0,106278.10260009766,17724.289428710938,66513.03289794922,0.201904296875,33572028416,0,788590592,0
0,1762335368490,1800,1800,800,1801,1799,1799,1799,1800,25,0,0,0,0,0,0,0,106278.10357666016,17724.293823242188,66513.03424072266,0.201904296875,33572028416,0,788590592,0
0,1762335368491,1800,1800,800,1801,1799,1799,1799,1800,25,0,0,0,0,0,0,0,106278.10455322266,17724.29815673828,66513.03552246094,0.201904296875,33572028416,0,788590592,0
1,1762335368492,1800,1800,800,1801,1799,1799,1799,1800,25,0,0,0,0,0,0,0,106278.10552978516,17724.30255126953,66513.03674316406,0.201904296875,33572028416,0,788590592,0
1,1762335368493,1800,1800,800,1801,1799,1799,1799,1800,25,0,0,0,0,0,0,0,106278.10650634766,17724.307067871094,66513.03839111328,0.201904296875,33572028416,0,788590592,0
1,1762335368494,1800,1800,800,1801,1799,1799,1799,1800,25,0,0,0,0,0,0,0,106278.10754394531,17724.31170654297,66513.0400390625,0.201904296875,33572028416,0,788590592,0
1,1762335368495,1800,1800,800,1801,1799,1799,1799,1800,25,0,0,0,0,0,0,0,106278.10852050781,17724.316528320313,66513.04162597656,0.201904296875,33572028416,0,788590592,0
1,1762335368496,1800,1800,800,1801,1799,1799,1799,1800,25,0,0,0,0,0,0,0,106278.10949707031,17724.32110595703,66513.04290771484,0.201904296875,33572028416,0,788590592,0
1,1762335368497,1800,1800,800,1801,1799,1799,1799,1800,25,0,0,0,0,0,0,0,106278.11053466797,17724.325439453125,66513.04431152344,0.201904296875,33572028416,0,788590592,0
1,1762335368498,1800,1800,800,1801,1799,1799,1799,1800,25,0,0,0,0,0,0,0,106278.11248779297,17724.333740234375,66513.04559326172,0.201904296875,33572028416,0,788590592,0
0,1762335368499,1800,1800,800,1801,1799,1799,1799,1800,25,0,0,0,0,0,0,0,106278.11346435547,17724.338134765625,66513.046875,0.201904296875,33572028416,0,788590592,0
0,1762335368501,1800,1800,800,1801,1799,1799,1799,1800,25,0,0,0,0,0,0,0,106278.11450195313,17724.34259033203,66513.04821777344,0.201904296875,33572028416,0,788590592,0
0,1762335368502,1800,1800,800,1801,1799,1799,1799,1800,25,0,0,0,0,0,0,0,106278.11547851563,17724.347106933594,66513.04986572266,0.201904296875,33572028416,0,788590592,0
1,1762335368503,1800,1800,800,1801,1799,1799,1799,1800,25,0,0,0,0,0,0,0,106278.11639404297,17724.3515625,66513.05145263672,0.201904296875,33572028416,0,788590592,0
1,1762335368504,1800,1800,800,1801,1799,1799,1799,1800,25,0,0,0,0,0,0,0,106278.11743164063,17724.35626220703,66513.05285644531,0.201904296875,33572028416,0,788590592,0
1,1762335368505,1800,1800,800,1801,1799,1799,1799,1800,25,0,0,0,0,0,0,0,106278.11840820313,17724.360717773438,66513.0542602539,0.201904296875,33572028416,0,788590592,0
1,1762335368506,1800,1800,800,1801,1799,1799,1799,1800,25,0,0,0,0,0,0,0,106278.11938476563,17724.36541748047,66513.05596923828,0.201904296875,33572028416,0,788590592,0
1,1762335368507,1800,1800,800,1801,1799,1799,1799,1800,25,0,0,0,0,0,0,0,106278.12042236328,17724.370056152344,66513.05737304688,0.201904296875,33572028416,0,788590592,0
1,1762335368508,1800,1800,800,1801,1799,1799,1799,1800,25,0,0,0,0,0,0,0,106278.12139892578,17724.374450683594,66513.05871582031,0.201904296875,33572028416,0,788590592,0
1,1762335368509,1800,1800,800,1801,1799,1799,1799,1800,25,0,0,0,0,0,0,0,106278.12335205078,17724.38299560547,66513.0599975586,0.201904296875,33572028416,0,788590592,0
0,1762335368510,1800,1800,800,1801,1799,1799,1799,1800,25,0,0,0,0,0,0,0,106278.12438964844,17724.387268066406,66513.06140136719,0.201904296875,33572028416,0,788590592,0
0,1762335368512,1800,1800,800,1801,1799,1799,1799,1800,25,0,0,0,0,0,0,0,106278.12536621094,17724.3916015625,66513.06262207031,0.201904296875,33572028416,0,788590592,0
0,1762335368513,1800,1800,800,1801,1799,1799,1799,1800,25,0,0,0,0,0,0,0,106278.12634277344,17724.39599609375,66513.06396484375,0.201904296875,33572028416,0,788590592,0
1,1762335368514,1800,1800,800,1801,1799,1799,1799,1800,25,0,0,0,0,0,0,0,106278.12731933594,17724.400451660156,66513.06555175781,0.201904296875,33572028416,0,788590592,0
1,1762335368515,1800,1800,800,1801,1799,1799,1799,1800,25,0,0,0,0,0,0,0,106278.12829589844,17724.40509033203,66513.06713867188,0.201904296875,33572028416,0,788590592,0
1,1762335368516,1800,1800,800,1801,1799,1799,1799,1800,25,0,0,0,0,0,0,0,106278.1293334961,17724.409790039063,66513.06866455078,0.201904296875,33572028416,0,788590592,0
1,1762335368517,1800,1800,800,1801,1799,1799,1799,1800,25,0,0,0,0,0,0,0,106278.1303100586,17724.414306640625,66513.07006835938,0.201904296875,33572028416,0,788590592,0
1,1762335368518,1800,1800,800,1801,1799,1799,1799,1800,25,0,0,0,0,0,0,0,106278.1312866211,17724.4189453125,66513.07141113281,0.201904296875,33572028416,0,788590592,0
1,1762335368519,1800,1800,800,1801,1799,1799,1799,1800,25,0,0,0,0,0,0,0,106278.1322631836,17724.423278808594,66513.0726928711,0.201904296875,33572028416,0,788590592,0
1,1762335368520,1800,1800,800,1801,1799,1799,1799,1800,25,0,0,0,0,0,0,0,106278.13427734375,17724.431579589844,66513.07391357422,0.201904296875,33572028416,0,788590592,0
0,1762335368521,1800,1800,800,1801,1799,1799,1799,1800,25,0,0,0,0,0,0,0,106278.13525390625,17724.436096191406,66513.0756225586,0.201904296875,33572028416,0,788590592,0
0,1762335368523,1800,1800,800,1801,1799,1799,1799,1800,25,0,0,0,0,0,0,0,106278.13623046875,17724.44061279297,66513.07708740234,0.201904296875,33572028416,0,788590592,0
0,1762335368524,1800,1800,800,1801,1799,1799,1799,1800,25,0,0,0,0,0,0,0,106278.13720703125,17724.44500732422,66513.07843017578,0.201904296875,33572028416,0,788590592,0
1,1762335368525,1800,1800,800,1801,1799,1799,1799,1800,25,0,0,0,0,0,0,0,106278.1382446289,17724.44970703125,66513.07989501953,0.201904296875,33572028416,0,788590592,0
1,1762335368526,1800,1800,800,1801,1799,1799,1799,1800,25,0,0,0,0,0,0,0,106278.1392211914,17724.45428466797,66513.08129882813,0.201904296875,33572028416,0,788590592,0
1,1762335368527,1800,1800,800,1801,1799,1799,1799,1800,25,0,0,0,0,0,0,0,106278.1401977539,17724.45867919922,66513.0825805664,0.201904296875,33572028416,0,788590592,0
1,1762335368528,1800,1800,800,1801,1799,1799,1799,1800,25,0,0,0,0,0,0,0,106278.14123535156,17724.46319580078,66513.08392333984,0.201904296875,33572028416,0,788590592,0
1,1762335368529,1800,1800,800,1801,1799,1799,1799,1800,25,0,0,0,0,0,0,0,106278.14221191406,17724.46746826172,66513.08544921875,0.201904296875,33572028416,0,788590592,0
1,1762335368530,1800,1800,800,1801,1799,1799,1799,1800,25,0,0,0,0,0,0,0,106278.14318847656,17724.471923828125,66513.08709716797,0.201904296875,33572028416,0,788590592,0
1,1762335368531,1800,1800,800,1801,1799,1799,1799,1800,25,0,0,0,0,0,0,0,106278.14514160156,17724.48065185547,66513.08819580078,0.201904296875,33572028416,0,788590592,0
0,1762335368532,1800,1800,800,1801,1799,1799,1799,1800,25,0,0,0,0,0,0,0,106278.14617919922,17724.485107421875,66513.08978271484,0.201904296875,33572028416,0,788590592,0
0,1762335368534,1800,1800,800,1801,1799,1799,1799,1800,25,0,0,0,0,0,0,0,106278.14709472656,17724.489501953125,66513.09167480469,0.201904296875,33572028416,0,788590592,0
0,1762335368535,1800,1800,800,1801,1799,1799,1799,1800,25,0,0,0,0,0,0,0,106278.14813232422,17724.494567871094,66513.09326171875,0.201904296875,33572028416,0,788590592,0
1,1762335368536,1800,1800,800,1801,1799,1799,1799,1800,25,0,0,0,0,0,0,0,106278.14910888672,17724.4990234375,66513.09478759766,0.201904296875,33572028416,0,788590592,0
1,1762335368537,1800,1800,800,1801,1799,1799,1799,1800,25,0,0,0,0,0,0,0,106278.15008544922,17724.503479003906,66513.09606933594,0.201904296875,33572028416,0,788590592,0
1,1762335368538,1800,1800,800,1801,1799,1799,1799,1800,25,0,0,0,0,0,0,0,106278.15112304688,17724.50811767578,66513.09765625,0.201904296875,33572028416,0,788590592,0
1,1762335368539,1800,1800,800,1801,1799,1799,1799,1800,25,0,0,0,0,0,0,0,106278.15209960938,17724.5126953125,66513.09893798828,0.201904296875,33572028416,0,788590592,0
1,1762335368540,1800,1800,800,1801,1799,1799,1799,1800,25,0,0,0,0,0,0,0,106278.15307617188,17724.517150878906,66513.10040283203,0.201904296875,33572028416,0,788590592,0
1,1762335368541,1800,1800,800,1801,1799,1799,1799,1800,25,0,0,0,0,0,0,0,106278.15405273438,17724.521423339844,66513.10180664063,0.201904296875,33572028416,0,788590592,0
1,1762335368542,1800,1800,800,1801,1799,1799,1799,1800,25,0,0,0,0,0,0,0,106278.15606689453,17724.530212402344,66513.10333251953,0.201904296875,33572028416,0,788590592,0
0,1762335368543,1800,1800,800,1801,1799,1799,1799,1800,25,0,0,0,0,0,0,0,106278.15704345703,17724.534606933594,66513.10479736328,0.201904296875,33572028416,0,788590592,0
0,1762335368545,1800,1800,800,1801,1799,1799,1799,1800,25,0,0,0,0,0,0,0,106278.15802001953,17724.5390625,66513.10620117188,0.201904296875,33572028416,0,788590592,0
0,1762335368546,1800,1800,800,1801,1799,1799,1799,1800,25,0,0,0,0,0,0,0,106278.15899658203,17724.543334960938,66513.10748291016,0.201904296875,33572028416,0,788590592,0
1,1762335368547,1800,1800,800,1801,1799,1799,1799,1800,25,0,0,0,0,0,0,0,106278.16003417969,17724.547912597656,66513.10870361328,0.201904296875,33572028416,0,788590592,0
1,1762335368548,1800,1800,800,1801,1799,1799,1799,1800,25,0,0,0,0,0,0,0,106278.16101074219,17724.55224609375,66513.11016845703,0.201904296875,33572028416,0,788590592,0
1,1762335368549,1800,1800,800,1801,1799,1799,1799,1800,25,0,0,0,0,0,0,0,106278.16198730469,17724.556762695313,66513.11145019531,0.201904296875,33572028416,0,788590592,0
1,1762335368550,1800,1800,800,1801,1799,1799,1799,1800,25,0,0,0,0,0,0,0,106278.16302490234,17724.56121826172,66513.11297607422,0.201904296875,33572028416,0,788590592,0
1,1762335368551,1800,1800,800,1801,1799,1799,1799,1800,25,0,0,0,0,0,0,0,106278.16400146484,17724.565795898438,66513.11437988281,0.201904296875,33572028416,0,788590592,0
1,1762335368552,1800,1800,800,1801,1799,1799,1799,1800,25,0,0,0,0,0,0,0,106278.16497802734,17724.570190429688,66513.11590576172,0.201904296875,33572028416,0,788590592,0
1,1762335368553,1800,1800,800,1801,1799,1799,1799,1800,25,0,0,0,0,0,0,0,106278.16693115234,17724.57891845703,66513.11730957031,0.201904296875,33572028416,0,788590592,0
0,1762335368554,1800,1800,800,1801,1799,1799,1799,1800,25,0,0,0,0,0,0,0,106278.16796875,17724.58319091797,66513.11865234375,0.201904296875,33572028416,0,788590592,0
0,1762335368556,1800,1800,800,1801,1799,1799,1799,1800,25,0,0,0,0,0,0,0,106278.1689453125,17724.587524414063,66513.11987304688,0.201904296875,33572028416,0,788590592,0
0,1762335368557,1800,1800,800,1801,1799,1799,1799,1800,25,0,0,0,0,0,0,0,106278.169921875,17724.591918945313,66513.1215209961,0.201904296875,33572028416,0,788590592,0
1,1762335368558,1800,1800,800,1801,1799,1799,1799,1800,25,0,0,0,0,0,0,0,106278.1708984375,17724.596557617188,66513.12298583984,0.201904296875,33572028416,0,788590592,0
1,1762335368559,1800,1800,800,1801,1799,1799,1799,1800,25,0,0,0,0,0,0,0,106278.171875,17724.600952148438,66513.12426757813,0.201904296875,33572028416,0,788590592,0
1,1762335368560,1800,1800,800,1801,1799,1799,1799,1800,25,0,0,0,0,0,0,0,106278.17291259766,17724.605407714844,66513.12548828125,0.201904296875,33572028416,0,788590592,0
1,1762335368561,1800,1800,800,1801,1799,1799,1799,1800,25,0,0,0,0,0,0,0,106278.17388916016,17724.60986328125,66513.12683105469,0.201904296875,33572028416,0,788590592,0
1,1762335368562,1800,1800,800,1801,1799,1799,1799,1800,25,0,0,0,0,0,0,0,106278.17486572266,17724.6142578125,66513.12841796875,0.201904296875,33572028416,0,788590592,0
1,1762335368563,1800,1800,800,1801,1799,1799,1799,1800,25,0,0,0,0,0,0,0,106278.17584228516,17724.618774414063,66513.12969970703,0.201904296875,33572028416,0,788590592,0
1,1762335368564,1800,1800,800,1801,1799,1799,1799,1800,25,0,0,0,0,0,0,0,106278.17785644531,17724.623168945313,66513.13116455078,0.201904296875,33572028416,0,788590592,0
0,1762335368565,1800,1800,800,1801,1799,1799,1799,1800,25,0,0,0,0,0,0,0,106278.17883300781,17724.631774902344,66513.13256835938,0.201904296875,33572028416,0,788590592,0
0,1762335368567,1800,1800,800,1801,1799,1799,1799,1800,25,0,0,0,0,0,0,0,106278.17980957031,17724.63592529297,66513.13391113281,0.201904296875,33572028416,0,788590592,0
0,1762335368568,1800,1800,800,1801,1799,1799,1799,1800,25,0,0,0,0,0,0,0,106278.18084716797,17724.64044189453,66513.13507080078,0.201904296875,33572028416,0,788590592,0
1,1762335368569,1800,1800,800,1801,1799,1799,1799,1800,25,0,0,0,0,0,0,0,106278.18182373047,17724.644775390625,66513.13623046875,0.201904296875,33572028416,0,788590592,0
1,1762335368570,1800,1800,800,1801,1799,1799,1799,1800,25,0,0,0,0,0,0,0,106278.18280029297,17724.64923095703,66513.13775634766,0.201904296875,33572028416,0,788590592,0
1,1762335368571,1800,1800,800,1801,1799,1799,1799,1800,25,0,0,0,0,0,0,0,106278.18377685547,17724.653747558594,66513.13916015625,0.201904296875,33572028416,0,788590592,0
1,1762335368572,1800,1800,800,1801,1799,1799,1799,1800,25,0,0,0,0,0,0,0,106278.18475341797,17724.65838623047,66513.1410522461,0.201904296875,33572028416,0,788590592,0
1,1762335368573,1800,1800,800,1801,1799,1799,1799,1800,25,0,0,0,0,0,0,0,106278.18579101563,17724.6630859375,66513.14245605469,0.201904296875,33572028416,0,788590592,0
1,1762335368574,1800,1800,800,1801,1799,1799,1799,1800,25,0,0,0,0,0,0,0,106278.18676757813,17724.667541503906,66513.14385986328,0.201904296875,33572028416,0,788590592,0
1,1762335368575,1800,1800,800,1801,1799,1799,1799,1800,25,0,0,0,0,0,0,0,106278.18872070313,17724.67205810547,66513.14520263672,0.201904296875,33572028416,0,788590592,0
0,1762335368576,1800,1800,800,1801,1799,1799,1799,1800,25,0,0,0,0,0,0,0,106278.18975830078,17724.68048095703,66513.14660644531,0.201904296875,33572028416,0,788590592,0
0,1762335368578,1800,1800,800,1801,1799,1799,1799,1800,25,0,0,0,0,0,0,0,106278.19073486328,17724.68487548828,66513.1478881836,0.201904296875,33572028416,0,788590592,0
0,1762335368579,1800,1800,800,1801,1799,1799,1799,1800,25,0,0,0,0,0,0,0,106278.19171142578,17724.68914794922,66513.14929199219,0.201904296875,33572028416,0,788590592,0
1,1762335368580,1800,1800,800,1801,1799,1799,1799,1800,25,0,0,0,0,0,0,0,106278.19274902344,17724.693908691406,66513.1509399414,0.201904296875,33572028416,0,788590592,0
1,1762335368581,1800,1800,800,1801,1799,1799,1799,1800,25,0,0,0,0,0,0,0,106278.19366455078,17724.6982421875,66513.15246582031,0.201904296875,33572028416,0,788590592,0
1,1762335368582,1800,1800,800,1801,1799,1799,1799,1800,25,0,0,0,0,0,0,0,106278.19464111328,17724.70294189453,66513.15393066406,0.201904296875,33572028416,0,788590592,0
1,1762335368583,1800,1800,800,1801,1799,1799,1799,1800,25,0,0,0,0,0,0,0,106278.19567871094,17724.70751953125,66513.1552734375,0.201904296875,33572028416,0,788590592,0
1,1762335368584,1800,1800,800,1801,1799,1799,1799,1800,25,0,0,0,0,0,0,0,106278.19665527344,17724.712158203125,66513.15686035156,0.201904296875,33572028416,0,788590592,0
1,1762335368585,1800,1800,800,1801,1799,1799,1799,1800,25,0,0,0,0,0,0,0,106278.19763183594,17724.716552734375,66513.158203125,0.201904296875,33572028416,0,788590592,0
1,1762335368586,1800,1800,800,1801,1799,1799,1799,1800,25,0,0,0,0,0,0,0,106278.1996459961,17724.725219726563,66513.15954589844,0.201904296875,33572028416,0,788590592,0
0,1762335368587,1800,1800,800,1801,1799,1799,1799,1800,25,0,0,0,0,0,0,0,106278.2006225586,17724.72930908203,66513.16082763672,0.201904296875,33572028416,0,788590592,0
0,1762335368589,1800,1800,800,1801,1799,1799,1799,1800,25,0,0,0,0,0,0,0,106278.2015991211,17724.73358154297,66513.16204833984,0.201904296875,33572028416,0,788590592,0
0,1762335368590,1800,1800,800,1801,1799,1799,1799,1800,25,0,0,0,0,0,0,0,106278.2025756836,17724.73797607422,66513.16339111328,0.201904296875,33572028416,0,788590592,0
1,1762335368591,1800,1800,800,1801,1799,1799,1799,1800,25,0,0,0,0,0,0,0,106278.20361328125,17724.742614746094,66513.16473388672,0.201904296875,33572028416,0,788590592,0
1,1762335368592,1800,1800,800,1801,1799,1799,1799,1800,25,0,0,0,0,0,0,0,106278.20458984375,17724.746948242188,66513.16638183594,0.201904296875,33572028416,0,788590592,0
1,1762335368593,1800,1800,800,1801,1799,1799,1799,1800,25,0,0,0,0,0,0,0,106278.20556640625,17724.751708984375,66513.16815185547,0.201904296875,33572028416,0,788590592,0
1,1762335368594,1800,1800,800,1801,1799,1799,1799,1800,25,0,0,0,0,0,0,0,106278.20654296875,17724.756469726563,66513.16961669922,0.201904296875,33572028416,0,788590592,0
1,1762335368595,1800,1800,800,1801,1799,1799,1799,1800,25,0,0,0,0,0,0,0,106278.20751953125,17724.76104736328,66513.17095947266,0.201904296875,33572028416,0,788590592,0
1,1762335368596,1800,1800,800,1801,1799,1799,1799,1800,25,0,0,0,0,0,0,0,106278.2085571289,17724.765563964844,66513.17236328125,0.201904296875,33572028416,0,788590592,0
1,1762335368597,1800,1800,800,1801,1799,1799,1799,1800,25,0,0,0,0,0,0,0,106278.20959472656,17724.769958496094,66513.17352294922,0.201904296875,33572028416,0,788590592,0
0,1762335368598,1800,1800,800,1801,1799,1799,1799,1800,25,0,0,0,0,0,0,0,106278.2114868164,17724.778198242188,66513.17498779297,0.201904296875,33572028416,0,788590592,0
0,1762335368600,1800,1800,800,1801,1799,1799,1799,1800,25,0,0,0,0,0,0,0,106278.21252441406,17724.782592773438,66513.17639160156,0.201904296875,33572028416,0,788590592,0
0,1762335368601,1800,1800,800,1801,1799,1799,1799,1800,25,0,0,0,0,0,0,0,106278.21350097656,17724.787353515625,66513.17803955078,0.201904296875,33572028416,0,788590592,0
1,1762335368602,1800,1800,800,1801,1799,1799,1799,1800,25,0,0,0,0,0,0,0,106278.21447753906,17724.791870117188,66513.17956542969,0.201904296875,33572028416,0,788590592,0
1,1762335368603,1800,1800,800,1801,1799,1799,1799,1800,25,0,0,0,0,0,0,0,106278.21545410156,17724.796325683594,66513.18084716797,0.201904296875,33572028416,0,788590592,0
1,1762335368604,1800,1800,800,1801,1799,1799,1799,1800,25,0,0,0,0,0,0,0,106278.21643066406,17724.80078125,66513.18225097656,0.201904296875,33572028416,0,788590592,0
1,1762335368605,1800,1800,800,1801,1799,1799,1799,1800,25,0,0,0,0,0,0,0,106278.21746826172,17724.805236816406,66513.18341064453,0.201904296875,33572028416,0,788590592,0
1,1762335368606,1800,1800,800,1801,1799,1799,1799,1800,25,0,0,0,0,0,0,0,106278.21844482422,17724.80975341797,66513.1849975586,0.201904296875,33572028416,0,788590592,0
1,1762335368607,1800,1800,800,1801,1799,1799,1799,1800,25,0,0,0,0,0,0,0,106278.21942138672,17724.81427001953,66513.18640136719,0.201904296875,33572028416,0,788590592,0
1,1762335368608,1800,1800,800,1801,1799,1799,1799,1800,25,0,0,0,0,0,0,0,106278.22045898438,17724.818725585938,66513.1879272461,0.201904296875,33572028416,0,788590592,0
0,1762335368609,1800,1800,800,1801,1799,1799,1799,1800,25,0,0,0,0,0,0,0,106278.22241210938,17724.827270507813,66513.18933105469,0.201904296875,33572028416,0,788590592,0
0,1762335368611,1800,1800,800,1801,1799,1799,1799,1800,25,0,0,0,0,0,0,0,106278.22338867188,17724.83172607422,66513.19073486328,0.201904296875,33572028416,0,788590592,0
0,1762335368612,1800,1800,800,1801,1799,1799,1799,1800,25,0,0,0,0,0,0,0,106278.22436523438,17724.836181640625,66513.1923828125,0.201904296875,33572028416,0,788590592,0
1,1762335368613,1800,1800,800,1801,1799,1799,1799,1800,25,0,0,0,0,0,0,0,106278.22540283203,17724.840881347656,66513.19403076172,0.201904296875,33572028416,0,788590592,0
1,1762335368614,1800,1800,800,1801,1799,1799,1799,1800,25,0,0,0,0,0,0,0,106278.22637939453,17724.845458984375,66513.19549560547,0.201904296875,33572028416,0,788590592,0
1,1762335368615,1800,1800,800,1801,1799,1799,1799,1800,25,0,0,0,0,0,0,0,106278.22735595703,17724.85009765625,66513.19696044922,0.201904296875,33572028416,0,788590592,0
1,1762335368616,1800,1800,800,1801,1799,1799,1799,1800,26.3157901763916,0,0,0,0,0,0,0,106278.22833251953,17724.854553222656,66513.19842529297,0.201904296875,33572028416,0,788590592,0
1,1762335368617,1800,1800,800,1801,1799,1799,1799,1800,26.3157901763916,0,0,0,0,0,0,0,106278.22937011719,17724.85919189453,66513.1996459961,0.201904296875,33572028416,0,788590592,0
1,1762335368618,1800,1800,800,1801,1799,1799,1799,1800,26.3157901763916,0,0,0,0,0,0,0,106278.23034667969,17724.86358642578,66513.20104980469,0.201904296875,33572028416,0,788590592,0
1,1762335368619,1800,1800,800,1801,1799,1799,1799,1800,26.3157901763916,0,0,0,0,0,0,0,106278.23229980469,17724.872131347656,66513.20233154297,0.201904296875,33572028416,0,788590592,0
0,1762335368620,1800,1800,800,1801,1799,1799,1799,1800,26.3157901763916,0,0,0,0,0,0,0,106278.23333740234,17724.876586914063,66513.20404052734,0.201904296875,33572028416,0,788590592,0
0,1762335368622,1800,1800,800,1801,1799,1799,1799,1800,26.3157901763916,0,0,0,0,0,0,0,106278.23425292969,17724.880859375,66513.2055053711,0.201904296875,33572028416,0,788590592,0
0,1762335368623,1800,1800,800,1801,1799,1799,1799,1800,26.3157901763916,0,0,0,0,0,0,0,106278.23529052734,17724.885498046875,66513.20684814453,0.201904296875,33572028416,0,788590592,0
1,1762335368624,1800,1800,800,1801,1799,1799,1799,1800,26.3157901763916,0,0,0,0,0,0,0,106278.23626708984,17724.890075683594,66513.20831298828,0.201904296875,33572028416,0,788590592,0
1,1762335368625,1800,1800,800,1801,1799,1799,1799,1800,26.3157901763916,0,0,0,0,0,0,0,106278.23724365234,17724.89453125,66513.2095336914,0.201904296875,33572028416,0,788590592,0
1,1762335368626,1800,1800,800,1801,1799,1799,1799,1800,26.3157901763916,0,0,0,0,0,0,0,106278.23828125,17724.89892578125,66513.21081542969,0.201904296875,33572028416,0,788590592,0
1,1762335368627,1800,1800,800,1801,1799,1799,1799,1800,26.3157901763916,0,0,0,0,0,0,0,106278.2392578125,17724.903259277344,66513.21221923828,0.201904296875,33572028416,0,788590592,0
1,1762335368628,1800,1800,800,1801,1799,1799,1799,1800,26.3157901763916,0,0,0,0,0,0,0,106278.240234375,17724.90771484375,66513.21368408203,0.201904296875,33572028416,0,788590592,0
1,1762335368629,1800,1800,800,1801,1799,1799,1799,1800,26.3157901763916,0,0,0,0,0,0,0,106278.24127197266,17724.91229248047,66513.21508789063,0.201904296875,33572028416,0,788590592,0
1,1762335368630,1800,1800,800,1801,1799,1799,1799,1800,26.3157901763916,0,0,0,0,0,0,0,106278.2431640625,17724.920654296875,66513.21655273438,0.201904296875,33572028416,0,788590592,0
0,1762335368631,1800,1800,800,1801,1799,1799,1799,1800,26.3157901763916,0,0,0,0,0,0,0,106278.24420166016,17724.924926757813,66513.21789550781,0.201904296875,33572028416,0,788590592,0
0,1762335368633,1800,1800,800,1801,1799,1799,1799,1800,26.3157901763916,0,0,0,0,0,0,0,106278.24517822266,17724.929260253906,66513.21905517578,0.201904296875,33572028416,0,788590592,0
0,1762335368634,1800,1800,800,1801,1799,1799,1799,1800,26.3157901763916,0,0,0,0,0,0,0,106278.24621582031,17724.93377685547,66513.22039794922,0.201904296875,33572028416,0,788590592,0
1,1762335368635,1800,1800,800,1801,1799,1799,1799,1800,26.3157901763916,0,0,0,0,0,0,0,106278.24719238281,17724.938232421875,66513.22161865234,0.201904296875,33572028416,0,788590592,0
1,1762335368636,1800,1800,800,1801,1799,1799,1799,1800,26.3157901763916,0,0,0,0,0,0,0,106278.24816894531,17724.94256591797,66513.22314453125,0.201904296875,33572028416,0,788590592,0
1,1762335368637,1800,1800,800,1801,1799,1799,1799,1800,26.3157901763916,0,0,0,0,0,0,0,106278.24914550781,17724.947021484375,66513.224609375,0.201904296875,33572028416,0,788590592,0
1,1762335368638,1800,1800,800,1801,1799,1799,1799,1800,26.3157901763916,0,0,0,0,0,0,0,106278.25012207031,17724.951721191406,66513.22644042969,0.201904296875,33572028416,0,788590592,0
1,1762335368639,1800,1800,800,1801,1799,1799,1799,1800,26.3157901763916,0,0,0,0,0,0,0,106278.25115966797,17724.956604003906,66513.22790527344,0.201904296875,33572028416,0,788590592,0
1,1762335368640,1800,1800,800,1801,1799,1799,1799,1800,26.3157901763916,0,0,0,0,0,0,0,106278.25213623047,17724.961059570313,66513.22930908203,0.201904296875,33572028416,0,788590592,0
1,1762335368641,1800,1800,800,1801,1799,1799,1799,1800,26.3157901763916,0,0,0,0,0,0,0,106278.25408935547,17724.969665527344,66513.2308959961,0.201904296875,33572028416,0,788590592,0
0,1762335368642,1800,1800,800,1801,1799,1799,1799,1800,26.3157901763916,0,0,0,0,0,0,0,106278.25506591797,17724.97393798828,66513.23217773438,0.201904296875,33572028416,0,788590592,0
0,1762335368644,1800,1800,800,1801,1799,1799,1799,1800,26.3157901763916,0,0,0,0,0,0,0,106278.25610351563,17724.978271484375,66513.23352050781,0.201904296875,33572028416,0,788590592,0
0,1762335368645,1800,1800,800,1801,1799,1799,1799,1800,26.3157901763916,0,0,0,0,0,0,0,106278.25708007813,17724.982482910156,66513.23474121094,0.201904296875,33572028416,0,788590592,0
1,1762335368646,1800,1800,800,1801,1799,1799,1799,1800,26.3157901763916,0,0,0,0,0,0,0,106278.25805664063,17724.98699951172,66513.23596191406,0.201904296875,33572028416,0,788590592,0
1,1762335368647,1800,1800,800,1801,1799,1799,1799,1800,26.3157901763916,0,0,0,0,0,0,0,106278.25903320313,17724.99139404297,66513.23736572266,0.201904296875,33572028416,0,788590592,0
1,1762335368648,1800,1800,800,1801,1799,1799,1799,1800,26.3157901763916,0,0,0,0,0,0,0,106278.26000976563,17724.995727539063,66513.23852539063,0.201904296875,33572028416,0,788590592,0
1,1762335368649,1800,1800,800,1801,1799,1799,1799,1800,26.3157901763916,0,0,0,0,0,0,0,106278.26104736328,17725.000244140625,66513.240234375,0.201904296875,33572028416,0,788590592,0
1,1762335368650,1800,1800,800,1801,1799,1799,1799,1800,26.3157901763916,0,0,0,0,0,0,0,106278.26202392578,17725.0048828125,66513.2417602539,0.201904296875,33572028416,0,788590592,0
1,1762335368651,1800,1800,800,1801,1799,1799,1799,1800,26.3157901763916,0,0,0,0,0,0,0,106278.26300048828,17725.00946044922,66513.24304199219,0.201904296875,33572028416,0,788590592,0
1,1762335368652,1800,1800,800,1801,1799,1799,1799,1800,26.3157901763916,0,0,0,0,0,0,0,106278.26495361328,17725.01776123047,66513.24426269531,0.201904296875,33572028416,0,788590592,0
0,1762335368653,1800,1800,800,1801,1799,1799,1799,1800,26.3157901763916,0,0,0,0,0,0,0,106278.26599121094,17725.022094726563,66513.24572753906,0.201904296875,33572028416,0,788590592,0
0,1762335368655,1800,1800,800,1801,1799,1799,1799,1800,26.3157901763916,0,0,0,0,0,0,0,106278.26696777344,17725.02655029297,66513.24700927734,0.201904296875,33572028416,0,788590592,0
0,1762335368656,1800,1800,800,1801,1799,1799,1799,1800,26.3157901763916,0,0,0,0,0,0,0,106278.2680053711,17725.03094482422,66513.24835205078,0.201904296875,33572028416,0,788590592,0
1,1762335368657,1800,1800,800,1801,1799,1799,1799,1800,26.3157901763916,0,0,0,0,0,0,0,106278.26892089844,17725.03533935547,66513.24987792969,0.201904296875,33572028416,0,788590592,0
1,1762335368658,1800,1800,800,1801,1799,1799,1799,1800,26.3157901763916,0,0,0,0,0,0,0,106278.2699584961,17725.040100097656,66513.25146484375,0.201904296875,33572028416,0,788590592,0
1,1762335368659,1800,1800,800,1801,1799,1799,1799,1800,26.3157901763916,0,0,0,0,0,0,0,106278.2709350586,17725.044799804688,66513.25317382813,0.201904296875,33572028416,0,788590592,0
1,1762335368660,1800,1800,800,1801,1799,1799,1799,1800,26.3157901763916,0,0,0,0,0,0,0,106278.2719116211,17725.04931640625,66513.25451660156,0.201904296875,33572028416,0,788590592,0
1,1762335368661,1800,1800,800,1801,1799,1799,1799,1800,26.3157901763916,0,0,0,0,0,0,0,106278.27294921875,17725.053955078125,66513.25598144531,0.201904296875,33572028416,0,788590592,0
1,1762335368662,1800,1800,800,1801,1799,1799,1799,1800,26.3157901763916,0,0,0,0,0,0,0,106278.27392578125,17725.05841064453,66513.2572631836,0.201904296875,33572028416,0,788590592,0
1,1762335368663,1800,1800,800,1801,1799,1799,1799,1800,26.3157901763916,0,0,0,0,0,0,0,106278.27587890625,17725.0625,66513.2583618164,0.201904296875,33572028416,0,788590592,0
0,1762335368664,1800,1800,800,1801,1799,1799,1799,1800,26.3157901763916,0,0,0,0,0,0,0,106278.2769165039,17725.07110595703,66513.26000976563,0.201904296875,33572028416,0,788590592,0
0,1762335368666,1800,1800,800,1801,1799,1799,1799,1800,26.3157901763916,0,0,0,0,0,0,0,106278.27783203125,17725.075256347656,66513.2612915039,0.201904296875,33572028416,0,788590592,0
0,1762335368667,1800,1800,800,1801,1799,1799,1799,1800,26.3157901763916,0,0,0,0,0,0,0,106278.2788696289,17725.079711914063,66513.26251220703,0.201904296875,33572028416,0,788590592,0
1,1762335368668,1800,1800,800,1801,1799,1799,1799,1800,26.3157901763916,0,0,0,0,0,0,0,106278.2798461914,17725.083984375,66513.26385498047,0.201904296875,33572028416,0,788590592,0
1,1762335368669,1800,1800,800,1801,1799,1799,1799,1800,26.3157901763916,0,0,0,0,0,0,0,106278.2808227539,17725.088623046875,66513.26538085938,0.201904296875,33572028416,0,788590592,0
1,1762335368670,1800,1800,800,1801,1799,1799,1799,1800,26.3157901763916,0,0,0,0,0,0,0,106278.28186035156,17725.093322753906,66513.26690673828,0.201904296875,33572028416,0,788590592,0
1,1762335368671,1800,1800,800,1801,1799,1799,1799,1800,26.3157901763916,0,0,0,0,0,0,0,106278.28283691406,17725.098022460938,66513.26849365234,0.201904296875,33572028416,0,788590592,0
1,1762335368672,1800,1800,800,1801,1799,1799,1799,1800,26.3157901763916,0,0,0,0,0,0,0,106278.28381347656,17725.102416992188,66513.26971435547,0.201904296875,33572028416,0,788590592,0
1,1762335368673,1800,1800,800,1801,1799,1799,1799,1800,26.3157901763916,0,0,0,0,0,0,0,106278.28485107422,17725.106872558594,66513.27111816406,0.201904296875,33572028416,0,788590592,0
1,1762335368674,1800,1800,800,1801,1799,1799,1799,1800,26.3157901763916,0,0,0,0,0,0,0,106278.28680419922,17725.115295410156,66513.27233886719,0.201904296875,33572028416,0,788590592,0
0,1762335368675,1800,1800,800,1801,1799,1799,1799,1800,26.3157901763916,0,0,0,0,0,0,0,106278.28778076172,17725.119567871094,66513.27374267578,0.201904296875,33572028416,0,788590592,0
0,1762335368677,1800,1800,800,1801,1799,1799,1799,1800,26.3157901763916,0,0,0,0,0,0,0,106278.28875732422,17725.123962402344,66513.27502441406,0.201904296875,33572028416,0,788590592,0
0,1762335368678,1800,1800,800,1801,1799,1799,1799,1800,26.3157901763916,0,0,0,0,0,0,0,106278.28973388672,17725.12823486328,66513.27661132813,0.201904296875,33572028416,0,788590592,0
1,1762335368679,1800,1800,800,1801,1799,1799,1799,1800,26.3157901763916,0,0,0,0,0,0,0,106278.29077148438,17725.13311767578,66513.27819824219,0.201904296875,33572028416,0,788590592,0
1,1762335368680,1800,1800,800,1801,1799,1799,1799,1800,26.3157901763916,0,0,0,0,0,0,0,106278.29174804688,17725.13751220703,66513.27954101563,0.201904296875,33572028416,0,788590592,0
1,1762335368681,1800,1800,800,1801,1799,1799,1799,1800,26.3157901763916,0,0,0,0,0,0,0,106278.29272460938,17725.14208984375,66513.28112792969,0.201904296875,33572028416,0,788590592,0
1,1762335368682,1800,1800,800,1801,1799,1799,1799,1800,26.3157901763916,0,0,0,0,0,0,0,106278.29370117188,17725.146606445313,66513.28234863281,0.201904296875,33572028416,0,788590592,0
1,1762335368683,1800,1800,800,1801,1799,1799,1799,1800,26.3157901763916,0,0,0,0,0,0,0,106278.29467773438,17725.15106201172,66513.28381347656,0.201904296875,33572028416,0,788590592,0
1,1762335368684,1800,1800,800,1801,1799,1799,1799,1800,26.3157901763916,0,0,0,0,0,0,0,106278.29571533203,17725.15557861328,66513.28515625,0.201904296875,33572028416,0,788590592,0
1,1762335368685,1800,1800,800,1801,1799,1799,1799,1800,26.3157901763916,0,0,0,0,0,0,0,106278.29766845703,17725.164001464844,66513.2866821289,0.201904296875,33572028416,0,788590592,0
0,1762335368686,1800,1800,800,1801,1799,1799,1799,1800,26.3157901763916,0,0,0,0,0,0,0,106278.29864501953,17725.16845703125,66513.28814697266,0.201904296875,33572028416,0,788590592,0
0,1762335368688,1800,1800,800,1801,1799,1799,1799,1800,26.3157901763916,0,0,0,0,0,0,0,106278.29962158203,17725.1728515625,66513.2894897461,0.201904296875,33572028416,0,788590592,0
0,1762335368689,1800,1800,800,1801,1799,1799,1799,1800,26.3157901763916,0,0,0,0,0,0,0,106278.30065917969,17725.17742919922,66513.29077148438,0.201904296875,33572028416,0,788590592,0
1,1762335368690,1800,1800,800,1801,1799,1799,1799,1800,26.3157901763916,0,0,0,0,0,0,0,106278.30163574219,17725.181762695313,66513.29217529297,0.201904296875,33572028416,0,788590592,0
1,1762335368691,1800,1800,800,1801,1799,1799,1799,1800,26.3157901763916,0,0,0,0,0,0,0,106278.30261230469,17725.18621826172,66513.29357910156,0.201904296875,33572028416,0,788590592,0
1,1762335368692,1800,1800,800,1801,1799,1799,1799,1800,26.3157901763916,0,0,0,0,0,0,0,106278.30358886719,17725.190795898438,66513.29541015625,0.201904296875,33572028416,0,788590592,0
1,1762335368693,1800,1800,800,1801,1799,1799,1799,1800,26.3157901763916,0,0,0,0,0,0,0,106278.30462646484,17725.195434570313,66513.29675292969,0.201904296875,33572028416,0,788590592,0
1,1762335368694,1800,1800,800,1801,1799,1799,1799,1800,26.3157901763916,0,0,0,0,0,0,0,106278.30560302734,17725.20001220703,66513.29821777344,0.201904296875,33572028416,0,788590592,0
1,1762335368695,1800,1800,800,1801,1799,1799,1799,1800,26.3157901763916,0,0,0,0,0,0,0,106278.30657958984,17725.20440673828,66513.29943847656,0.201904296875,33572028416,0,788590592,0
1,1762335368696,1800,1800,800,1801,1799,1799,1799,1800,26.3157901763916,0,0,0,0,0,0,0,106278.3076171875,17725.20880126953,66513.30072021484,0.201904296875,33572028416,0,788590592,0
0,1762335368697,1800,1800,800,1801,1799,1799,1799,1800,26.3157901763916,0,0,0,0,0,0,0,106278.3095703125,17725.217407226563,66513.30236816406,0.201904296875,33572028416,0,788590592,0
0,1762335368699,1800,1800,800,1801,1799,1799,1799,1800,26.3157901763916,0,0,0,0,0,0,0,106278.310546875,17725.221740722656,66513.3037109375,0.201904296875,33572028416,0,788590592,0
0,1762335368700,1800,1800,800,1801,1799,1799,1799,1800,26.3157901763916,0,0,0,0,0,0,0,106278.31158447266,17725.22637939453,66513.3052368164,0.201904296875,33572028416,0,788590592,0
1,1762335368701,1800,1800,800,1801,1799,1799,1799,1800,26.3157901763916,0,0,0,0,0,0,0,106278.31256103516,17725.230895996094,66513.306640625,0.201904296875,33572028416,0,788590592,0
1,1762335368702,1800,1800,800,1801,1799,1799,1799,1800,26.3157901763916,0,0,0,0,0,0,0,106278.31353759766,17725.2353515625,66513.30798339844,0.201904296875,33572028416,0,788590592,0
1,1762335368703,1800,1800,800,1801,1799,1799,1799,1800,26.3157901763916,0,0,0,0,0,0,0,106278.31451416016,17725.239807128906,66513.30932617188,0.201904296875,33572028416,0,788590592,0
1,1762335368704,1800,1800,800,1801,1799,1799,1799,1800,26.3157901763916,0,0,0,0,0,0,0,106278.31555175781,17725.244262695313,66513.31060791016,0.201904296875,33572028416,0,788590592,0
1,1762335368705,1800,1800,800,1801,1799,1799,1799,1800,26.3157901763916,0,0,0,0,0,0,0,106278.31652832031,17725.24871826172,66513.3120727539,0.201904296875,33572028416,0,788590592,0
1,1762335368706,1800,1800,800,1801,1799,1799,1799,1800,26.3157901763916,0,0,0,0,0,0,0,106278.31750488281,17725.253051757813,66513.3134765625,0.201904296875,33572028416,0,788590592,0
1,1762335368707,1800,1800,800,1801,1799,1799,1799,1800,26.3157901763916,0,0,0,0,0,0,0,106278.31848144531,17725.257446289063,66513.31494140625,0.201904296875,33572028416,0,788590592,0
0,1762335368708,1800,1800,800,1801,1799,1799,1799,1800,26.3157901763916,0,0,0,0,0,0,0,106278.32043457031,17725.265686035156,66513.31610107422,0.201904296875,33572028416,0,788590592,0
0,1762335368710,1800,1800,800,1801,1799,1799,1799,1800,26.3157901763916,0,0,0,0,0,0,0,106278.32141113281,17725.270141601563,66513.31756591797,0.201904296875,33572028416,0,788590592,0
0,1762335368711,1800,1800,800,1801,1799,1799,1799,1800,26.3157901763916,0,0,0,0,0,0,0,106278.32244873047,17725.274658203125,66513.31872558594,0.201904296875,33572028416,0,788590592,0
1,1762335368712,1800,1800,800,1801,1799,1799,1799,1800,26.3157901763916,0,0,0,0,0,0,0,106278.32342529297,17725.278869628906,66513.32000732422,0.201904296875,33572028416,0,788590592,0
1,1762335368713,1800,1800,800,1801,1799,1799,1799,1800,26.3157901763916,0,0,0,0,0,0,0,106278.32446289063,17725.28350830078,66513.32153320313,0.201904296875,33572028416,0,788590592,0
1,1762335368714,1800,1800,800,1801,1799,1799,1799,1800,26.3157901763916,0,0,0,0,0,0,0,106278.32537841797,17725.28778076172,66513.3228149414,0.201904296875,33572028416,0,788590592,0
1,1762335368715,1800,1800,800,1801,1799,1799,1799,1800,26.3157901763916,0,0,0,0,0,0,0,106278.32635498047,17725.292358398438,66513.32452392578,0.201904296875,33572028416,0,788590592,0
1,1762335368716,1800,1800,800,1801,1799,1799,1799,1800,26.3157901763916,0,0,0,0,0,0,0,106278.32739257813,17725.29718017578,66513.32586669922,0.201904296875,33572028416,0,788590592,0
1,1762335368717,1800,1800,800,1801,1799,1799,1799,1800,26.3157901763916,0,0,0,0,0,0,0,106278.32836914063,17725.301513671875,66513.32720947266,0.201904296875,33572028416,0,788590592,0
1,1762335368718,1800,1800,800,1801,1799,1799,1799,1800,26.3157901763916,0,0,0,0,0,0,0,106278.33032226563,17725.309997558594,66513.3286743164,0.201904296875,33572028416,0,788590592,0
0,1762335368720,1800,1800,800,1801,1799,1799,1799,1800,26.3157901763916,0,0,0,0,0,0,0,106278.33135986328,17725.314331054688,66513.33020019531,0.201904296875,33572028416,0,788590592,0
0,1762335368721,1800,1800,800,1801,1799,1799,1799,1800,26.3157901763916,0,0,0,0,0,0,0,106278.33233642578,17725.31884765625,66513.33154296875,0.201904296875,33572028416,0,788590592,0
0,1762335368722,1800,1800,800,1801,1799,1799,1799,1800,26.3157901763916,0,0,0,0,0,0,0,106278.33337402344,17725.323364257813,66513.33282470703,0.201904296875,33572028416,0,788590592,0
1,1762335368723,1800,1800,800,1801,1799,1799,1799,1800,26.3157901763916,0,0,0,0,0,0,0,106278.33435058594,17725.327575683594,66513.33410644531,0.201904296875,33572028416,0,788590592,0
1,1762335368724,1800,1800,800,1801,1799,1799,1799,1800,26.3157901763916,0,0,0,0,0,0,0,106278.33532714844,17725.331970214844,66513.33544921875,0.201904296875,33572028416,0,788590592,0
1,1762335368725,1800,1800,800,1801,1799,1799,1799,1800,26.3157901763916,0,0,0,0,0,0,0,106278.33630371094,17725.336486816406,66513.33685302734,0.201904296875,33572028416,0,788590592,0
1,1762335368726,1800,1800,800,1801,1799,1799,1799,1800,26.3157901763916,0,0,0,0,0,0,0,106278.33728027344,17725.341064453125,66513.33825683594,0.201904296875,33572028416,0,788590592,0
1,1762335368727,1800,1800,800,1801,1799,1799,1799,1800,26.3157901763916,0,0,0,0,0,0,0,106278.3383178711,17725.345581054688,66513.33966064453,0.201904296875,33572028416,0,788590592,0
1,1762335368728,1800,1800,800,1801,1799,1799,1799,1800,26.3157901763916,0,0,0,0,0,0,0,106278.3392944336,17725.35009765625,66513.34118652344,0.201904296875,33572028416,0,788590592,0
1,1762335368729,1800,1800,800,1801,1799,1799,1799,1800,26.3157901763916,0,0,0,0,0,0,0,106278.3412475586,17725.358825683594,66513.34259033203,0.201904296875,33572028416,0,788590592,0
0,1762335368730,1800,1800,800,1801,1799,1799,1799,1800,26.3157901763916,0,0,0,0,0,0,0,106278.3422241211,17725.362915039063,66513.34381103516,0.201904296875,33572028416,0,788590592,0
0,1762335368732,1800,1800,800,1801,1799,1799,1799,1800,26.3157901763916,0,0,0,0,0,0,0,106278.34326171875,17725.367309570313,66513.3451538086,0.201904296875,33572028416,0,788590592,0
0,1762335368733,1800,1800,800,1801,1799,1799,1799,1800,26.3157901763916,0,0,0,0,0,0,0,106278.34423828125,17725.37158203125,66513.34643554688,0.201904296875,33572028416,0,788590592,0
1,1762335368734,1800,1800,800,1801,1799,1799,1799,1800,26.3157901763916,0,0,0,0,0,0,0,106278.34521484375,17725.37615966797,66513.34765625,0.201904296875,33572028416,0,788590592,0
1,1762335368735,1800,1800,800,1801,1799,1799,1799,1800,26.3157901763916,0,0,0,0,0,0,0,106278.34619140625,17725.38037109375,66513.34924316406,0.201904296875,33572028416,0,788590592,0
1,1762335368736,1800,1800,800,1801,1799,1799,1799,1800,26.3157901763916,0,0,0,0,0,0,0,106278.34716796875,17725.38507080078,66513.35095214844,0.201904296875,33572028416,0,788590592,0
1,1762335368737,1800,1800,800,1801,1799,1799,1799,1800,26.3157901763916,0,0,0,0,0,0,0,106278.3482055664,17725.38983154297,66513.3525390625,0.201904296875,33572028416,0,788590592,0
1,1762335368738,1800,1800,800,1801,1799,1799,1799,1800,26.3157901763916,0,0,0,0,0,0,0,106278.3491821289,17725.394592285156,66513.35382080078,0.201904296875,33572028416,0,788590592,0
1,1762335368739,1800,1800,800,1801,1799,1799,1799,1800,26.3157901763916,0,0,0,0,0,0,0,106278.3501586914,17725.39892578125,66513.35534667969,0.201904296875,33572028416,0,788590592,0
1,1762335368740,1800,1800,800,1801,1799,1799,1799,1800,26.3157901763916,0,0,0,0,0,0,0,106278.3511352539,17725.40313720703,66513.35650634766,0.201904296875,33572028416,0,788590592,0
0,1762335368741,1800,1800,800,1801,1799,1799,1799,1800,26.3157901763916,0,0,0,0,0,0,0,106278.35314941406,17725.411560058594,66513.35809326172,0.201904296875,33572028416,0,788590592,0
0,1762335368743,1800,1800,800,1801,1799,1799,1799,1800,26.3157901763916,0,0,0,0,0,0,0,106278.35412597656,17725.416137695313,66513.35943603516,0.201904296875,33572028416,0,788590592,0
0,1762335368744,1800,1800,800,1801,1799,1799,1799,1800,26.3157901763916,0,0,0,0,0,0,0,106278.35516357422,17725.4208984375,66513.36108398438,0.201904296875,33572028416,0,788590592,0
1,1762335368745,1800,1800,800,1801,1799,1799,1799,1800,26.3157901763916,0,0,0,0,0,0,0,106278.35614013672,17725.425415039063,66513.3627319336,0.201904296875,33572028416,0,788590592,0
1,1762335368746,1800,1800,800,1801,1799,1799,1799,1800,26.3157901763916,0,0,0,0,0,0,0,106278.35705566406,17725.42999267578,66513.36413574219,0.201904296875,33572028416,0,788590592,0
1,1762335368747,1800,1800,800,1801,1799,1799,1799,1800,26.3157901763916,0,0,0,0,0,0,0,106278.35809326172,17725.4345703125,66513.36560058594,0.201904296875,33572028416,0,788590592,0
1,1762335368748,1800,1800,800,1801,1799,1799,1799,1800,26.3157901763916,0,0,0,0,0,0,0,106278.35906982422,17725.439331054688,66513.36737060547,0.201904296875,33572028416,0,788590592,0
1,1762335368749,1800,1800,800,1801,1799,1799,1799,1800,26.3157901763916,0,0,0,0,0,0,0,106278.36004638672,17725.443786621094,66513.3687133789,0.201904296875,33572028416,0,788590592,0
1,1762335368750,1800,1800,800,1801,1799,1799,1799,1800,26.3157901763916,0,0,0,0,0,0,0,106278.36108398438,17725.448364257813,66513.37017822266,0.201904296875,33572028416,0,788590592,0
1,1762335368751,1800,1800,800,1801,1799,1799,1799,1800,26.3157901763916,0,0,0,0,0,0,0,106278.36303710938,17725.45263671875,66513.37139892578,0.201904296875,33572028416,0,788590592,0
0,1762335368752,1800,1800,800,1801,1799,1799,1799,1800,26.3157901763916,0,0,0,0,0,0,0,106278.36401367188,17725.4609375,66513.37268066406,0.201904296875,33572028416,0,788590592,0
0,1762335368754,1800,1800,800,1801,1799,1799,1799,1800,26.3157901763916,0,0,0,0,0,0,0,106278.36499023438,17725.46533203125,66513.37408447266,0.201904296875,33572028416,0,788590592,0
0,1762335368755,1800,1800,800,1801,1799,1799,1799,1800,26.3157901763916,0,0,0,0,0,0,0,106278.36602783203,17725.47003173828,66513.37573242188,0.201904296875,33572028416,0,788590592,0
1,1762335368756,1800,1800,800,1801,1799,1799,1799,1800,26.3157901763916,0,0,0,0,0,0,0,106278.36700439453,17725.474670410156,66513.37725830078,0.201904296875,33572028416,0,788590592,0
1,1762335368757,1800,1800,800,1801,1799,1799,1799,1800,26.3157901763916,0,0,0,0,0,0,0,106278.36798095703,17725.479064941406,66513.37884521484,0.201904296875,33572028416,0,788590592,0
1,1762335368758,1800,1800,800,1801,1799,1799,1799,1800,26.3157901763916,0,0,0,0,0,0,0,106278.36895751953,17725.483825683594,66513.3803100586,0.201904296875,33572028416,0,788590592,0
1,1762335368759,1800,1800,800,1801,1799,1799,1799,1800,26.3157901763916,0,0,0,0,0,0,0,106278.36993408203,17725.48828125,66513.38165283203,0.201904296875,33572028416,0,788590592,0
1,1762335368760,1800,1800,800,1801,1799,1799,1799,1800,26.3157901763916,0,0,0,0,0,0,0,106278.37097167969,17725.49267578125,66513.38299560547,0.201904296875,33572028416,0,788590592,0
1,1762335368761,1800,1800,800,1801,1799,1799,1799,1800,26.3157901763916,0,0,0,0,0,0,0,106278.37194824219,17725.4970703125,66513.3843383789,0.201904296875,33572028416,0,788590592,0
1,1762335368762,1800,1800,800,1801,1799,1799,1799,1800,26.3157901763916,0,0,0,0,0,0,0,106278.37396240234,17725.505615234375,66513.38549804688,0.201904296875,33572028416,0,788590592,0
0,1762335368764,1800,1800,800,1801,1799,1799,1799,1800,26.3157901763916,0,0,0,0,0,0,0,106278.37493896484,17725.509826660156,66513.38720703125,0.201904296875,33572028416,0,788590592,0
0,1762335368765,1800,1800,800,1801,1799,1799,1799,1800,26.3157901763916,0,0,0,0,0,0,0,106278.37591552734,17725.514404296875,66513.38861083984,0.201904296875,33572028416,0,788590592,0
0,1762335368766,1800,1800,800,1801,1799,1799,1799,1800,26.3157901763916,0,0,0,0,0,0,0,106278.37689208984,17725.518920898438,66513.39001464844,0.201904296875,33572028416,0,788590592,0
1,1762335368767,1800,1800,800,1801,1799,1799,1799,1800,26.3157901763916,0,0,0,0,0,0,0,106278.37786865234,17725.5234375,66513.39141845703,0.201904296875,33572028416,0,788590592,0
1,1762335368768,1800,1800,800,1801,1799,1799,1799,1800,26.3157901763916,0,0,0,0,0,0,0,106278.37884521484,17725.527954101563,66513.39276123047,0.201904296875,33572028416,0,788590592,0
1,1762335368769,1800,1800,800,1801,1799,1799,1799,1800,26.3157901763916,0,0,0,0,0,0,0,106278.3798828125,17725.532348632813,66513.39404296875,0.201904296875,33572028416,0,788590592,0
1,1762335368770,1800,1800,800,1801,1799,1799,1799,1800,26.3157901763916,0,0,0,0,0,0,0,106278.380859375,17725.53680419922,66513.39538574219,0.201904296875,33572028416,0,788590592,0
1,1762335368771,1800,1800,800,1801,1799,1799,1799,1800,26.3157901763916,0,0,0,0,0,0,0,106278.38189697266,17725.541381835938,66513.39685058594,0.201904296875,33572028416,0,788590592,0
1,1762335368772,1800,1800,800,1801,1799,1799,1799,1800,26.3157901763916,0,0,0,0,0,0,0,106278.38287353516,17725.5458984375,66513.39837646484,0.201904296875,33572028416,0,788590592,0
1,1762335368773,1800,1800,800,1801,1799,1799,1799,1800,26.3157901763916,0,0,0,0,0,0,0,106278.38482666016,17725.554626464844,66513.39990234375,0.201904296875,33572028416,0,788590592,0
0,1762335368774,1800,1800,800,1801,1799,1799,1799,1800,26.3157901763916,0,0,0,0,0,0,0,106278.38586425781,17725.55926513672,66513.40148925781,0.201904296875,33572028416,0,788590592,0
0,1762335368776,1800,1800,800,1801,1799,1799,1799,1800,26.3157901763916,0,0,0,0,0,0,0,106278.38684082031,17725.563720703125,66513.40307617188,0.201904296875,33572028416,0,788590592,0
0,1762335368777,1800,1800,800,1801,1799,1799,1799,1800,26.3157901763916,0,0,0,0,0,0,0,106278.38781738281,17725.56805419922,66513.40460205078,0.201904296875,33572028416,0,788590592,0
1,1762335368778,1800,1800,800,1801,1799,1799,1799,1800,26.3157901763916,0,0,0,0,0,0,0,106278.38879394531,17725.572631835938,66513.40606689453,0.201904296875,33572028416,0,788590592,0
1,1762335368779,1800,1800,800,1801,1799,1799,1799,1800,26.3157901763916,0,0,0,0,0,0,0,106278.38983154297,17725.577392578125,66513.40740966797,0.201904296875,33572028416,0,788590592,0
1,1762335368780,1800,1800,800,1801,1799,1799,1799,1800,26.3157901763916,0,0,0,0,0,0,0,106278.39080810547,17725.58203125,66513.40905761719,0.201904296875,33572028416,0,788590592,0
1,1762335368781,1800,1800,800,1801,1799,1799,1799,1800,26.3157901763916,0,0,0,0,0,0,0,106278.39172363281,17725.586364746094,66513.41027832031,0.201904296875,33572028416,0,788590592,0
1,1762335368782,1800,1800,800,1801,1799,1799,1799,1800,26.3157901763916,0,0,0,0,0,0,0,106278.39276123047,17725.590942382813,66513.41192626953,0.201904296875,33572028416,0,788590592,0
1,1762335368783,1800,1800,800,1801,1799,1799,1799,1800,26.3157901763916,0,0,0,0,0,0,0,106278.39373779297,17725.59539794922,66513.41339111328,0.201904296875,33572028416,0,788590592,0
1,1762335368784,1800,1800,800,1801,1799,1799,1799,1800,26.3157901763916,0,0,0,0,0,0,0,106278.39575195313,17725.60418701172,66513.41479492188,0.201904296875,33572028416,0,788590592,0
0,1762335368785,1800,1800,800,1801,1799,1799,1799,1800,26.3157901763916,0,0,0,0,0,0,0,106278.39672851563,17725.608337402344,66513.41613769531,0.201904296875,33572028416,0,788590592,0
0,1762335368787,1800,1800,800,1801,1799,1799,1799,1800,26.3157901763916,0,0,0,0,0,0,0,106278.39770507813,17725.61279296875,66513.41748046875,0.201904296875,33572028416,0,788590592,0
0,1762335368788,1800,1800,800,1801,1799,1799,1799,1800,26.3157901763916,0,0,0,0,0,0,0,106278.39868164063,17725.617065429688,66513.41870117188,0.201904296875,33572028416,0,788590592,0
1,1762335368789,1800,1800,800,1801,1799,1799,1799,1800,26.3157901763916,0,0,0,0,0,0,0,106278.39971923828,17725.621520996094,66513.42010498047,0.201904296875,33572028416,0,788590592,0
1,1762335368790,1800,1800,800,1801,1799,1799,1799,1800,26.3157901763916,0,0,0,0,0,0,0,106278.40069580078,17725.626220703125,66513.42163085938,0.201904296875,33572028416,0,788590592,0
1,1762335368791,1800,1800,800,1801,1799,1799,1799,1800,26.3157901763916,0,0,0,0,0,0,0,106278.40167236328,17725.630493164063,66513.42297363281,0.201904296875,33572028416,0,788590592,0
1,1762335368792,1800,1800,800,1801,1799,1799,1799,1800,26.3157901763916,0,0,0,0,0,0,0,106278.40264892578,17725.63507080078,66513.42449951172,0.201904296875,33572028416,0,788590592,0
1,1762335368793,1800,1800,800,1801,1799,1799,1799,1800,26.3157901763916,0,0,0,0,0,0,0,106278.40362548828,17725.6396484375,66513.42596435547,0.201904296875,33572028416,0,788590592,0
1,1762335368794,1800,1800,800,1801,1799,1799,1799,1800,26.3157901763916,0,0,0,0,0,0,0,106278.40466308594,17725.64422607422,66513.42742919922,0.201904296875,33572028416,0,788590592,0
1,1762335368795,1800,1800,800,1801,1799,1799,1799,1800,26.3157901763916,0,0,0,0,0,0,0,106278.40661621094,17725.65264892578,66513.42877197266,0.201904296875,33572028416,0,788590592,0
0,1762335368796,1800,1800,800,1801,1799,1799,1799,1800,26.3157901763916,0,0,0,0,0,0,0,106278.40759277344,17725.65692138672,66513.42999267578,0.201904296875,33572028416,0,788590592,0
0,1762335368798,1800,1800,800,1801,1799,1799,1799,1800,26.3157901763916,0,0,0,0,0,0,0,106278.4086303711,17725.66131591797,66513.43127441406,0.201904296875,33572028416,0,788590592,0
0,1762335368799,1800,1800,800,1801,1799,1799,1799,1800,26.3157901763916,0,0,0,0,0,0,0,106278.4096069336,17725.66571044922,66513.4326171875,0.201904296875,33572028416,0,788590592,0
1,1762335368800,1800,1800,800,1801,1799,1799,1799,1800,26.3157901763916,0,0,0,0,0,0,0,106278.4105834961,17725.669921875,66513.43395996094,0.201904296875,33572028416,0,788590592,0
1,1762335368801,1800,1800,800,1801,1799,1799,1799,1800,26.3157901763916,0,0,0,0,0,0,0,106278.4115600586,17725.674438476563,66513.43530273438,0.201904296875,33572028416,0,788590592,0
1,1762335368802,1800,1800,800,1801,1799,1799,1799,1800,26.3157901763916,0,0,0,0,0,0,0,106278.41259765625,17725.678771972656,66513.43646240234,0.201904296875,33572028416,0,788590592,0
1,1762335368803,1800,1800,800,1801,1799,1799,1799,1800,26.3157901763916,0,0,0,0,0,0,0,106278.41357421875,17725.683227539063,66513.43780517578,0.201904296875,33572028416,0,788590592,0
1,1762335368804,1800,1800,800,1801,1799,1799,1799,1800,26.3157901763916,0,0,0,0,0,0,0,106278.41455078125,17725.687622070313,66513.43908691406,0.201904296875,33572028416,0,788590592,0
1,1762335368805,1800,1800,800,1801,1799,1799,1799,1800,26.3157901763916,0,0,0,0,0,0,0,106278.41552734375,17725.69189453125,66513.44030761719,0.201904296875,33572028416,0,788590592,0
1,1762335368806,1800,1800,800,1801,1799,1799,1799,1800,26.3157901763916,0,0,0,0,0,0,0,106278.4175415039,17725.700256347656,66513.44158935547,0.201904296875,33572028416,0,788590592,0
0,1762335368807,1800,1800,800,1801,1799,1799,1799,1800,26.3157901763916,0,0,0,0,0,0,0,106278.4185180664,17725.70440673828,66513.4429321289,0.201904296875,33572028416,0,788590592,0
0,1762335368809,1800,1800,800,1801,1799,1799,1799,1800,26.3157901763916,0,0,0,0,0,0,0,106278.4194946289,17725.708923339844,66513.44415283203,0.201904296875,33572028416,0,788590592,0
0,1762335368810,1800,1800,800,1801,1799,1799,1799,1800,26.3157901763916,0,0,0,0,0,0,0,106278.42053222656,17725.71319580078,66513.44543457031,0.201904296875,33572028416,0,788590592,0
1,1762335368811,1800,1800,800,1801,1799,1799,1799,1800,26.3157901763916,0,0,0,0,0,0,0,106278.4214477539,17725.717346191406,66513.44659423828,0.201904296875,33572028416,0,788590592,0
1,1762335368812,1800,1800,800,1801,1799,1799,1799,1800,26.3157901763916,0,0,0,0,0,0,0,106278.42248535156,17725.721801757813,66513.44787597656,0.201904296875,33572028416,0,788590592,0
1,1762335368813,1800,1800,800,1801,1799,1799,1799,1800,26.3157901763916,0,0,0,0,0,0,0,106278.42346191406,17725.726196289063,66513.44934082031,0.201904296875,33572028416,0,788590592,0
1,1762335368814,1800,1800,800,1801,1799,1799,1799,1800,26.3157901763916,0,0,0,0,0,0,0,106278.42443847656,17725.73077392578,66513.45080566406,0.201904296875,33572028416,0,788590592,0
1,1762335368815,1800,1800,800,1801,1799,1799,1799,1800,26.3157901763916,0,0,0,0,0,0,0,106278.42541503906,17725.735290527344,66513.4521484375,0.201904296875,33572028416,0,788590592,0
