Delta,Time,CPU_FREQUENCY_0,CPU_FREQUENCY_1,CPU_FREQUENCY_2,CPU_FREQUENCY_3,CPU_FREQUENCY_4,CPU_FREQUENCY_5,CPU_FREQUENCY_6,CPU_FREQUENCY_7,CPU_USAGE_0,CPU_USAGE_1,CPU_USAGE_2,CPU_USAGE_3,CPU_USAGE_4,CPU_USAGE_5,CPU_USAGE_6,CPU_USAGE_7,DRAM_ENERGY (J),PACKAGE_ENERGY (J),PP0_ENERGY (J),PP1_ENERGY (J),TOTAL_MEMORY,TOTAL_SWAP,USED_MEMORY,USED_SWAP
0,1762395857391,1600,1599,1600,1599,1602,1601,1600,1635,0,0,0,0,0,0,0,0,214428.25274658203,233046.61932373047,76920.6704711914,0.3406982421875,33572028416,0,866549760,0
0,1762395857391,1600,1599,1600,1599,1602,1601,1600,1635,0,0,0,0,0,0,0,0,214428.25384521484,233046.62548828125,76920.67315673828,0.3406982421875,33572028416,0,866549760,0
0,1762395857392,1600,1599,1600,1599,1602,1601,1600,1635,0,0,0,0,0,0,0,0,214428.2550048828,233046.63189697266,76920.67614746094,0.3406982421875,33572028416,0,866549760,0
0,1762395857393,1600,1599,1600,1599,1602,1601,1600,1635,0,0,0,0,0,0,0,0,214428.25610351563,233046.6385498047,76920.68017578125,0.3406982421875,33572028416,0,866549760,0
0,1762395857394,1600,1599,1600,1599,1602,1601,1600,1635,0,0,0,0,0,0,0,0,214428.25714111328,233046.64392089844,76920.68280029297,0.3406982421875,33572028416,0,866549760,0
0,1762395857395,1600,1599,1600,1599,1602,1601,1600,1635,0,0,0,0,0,0,0,0,214428.25811767578,233046.6492919922,76920.68505859375,0.3406982421875,33572028416,0,866549760,0
0,1762395857397,1600,1599,1600,1599,1602,1601,1600,1635,0,0,0,0,0,0,0,0,214428.25909423828,233046.6544189453,76920.68719482422,0.3406982421875,33572028416,0,866549760,0
0,1762395857398,1600,1599,1600,1599,1602,1601,1600,1635,0,0,0,0,0,0,0,0,214428.2601928711,233046.65985107422,76920.68927001953,0.3406982421875,33572028416,0,866549760,0
0,1762395857399,1600,1599,1600,1599,1602,1601,1600,1635,0,0,0,0,0,0,0,0,214428.26110839844,233046.66479492188,76920.69128417969,0.3406982421875,33572028416,0,866549760,0
0,1762395857400,1600,1599,1600,1599,1602,1601,1600,1635,0,0,0,0,0,0,0,0,214428.2621459961,233046.669921875,76920.69329833984,0.3406982421875,33572028416,0,866549760,0
0,1762395857401,1600,1599,1600,1599,1602,1601,1600,1635,0,0,0,0,0,0,0,0,214428.2631225586,233046.6748046875,76920.69543457031,0.3406982421875,33572028416,0,866549760,0
0,1762395857402,1600,1599,1600,1599,1602,1601,1600,1635,0,0,0,0,0,0,0,0,214428.26416015625,233046.68035888672,76920.69793701172,0.3406982421875,33572028416,0,866549760,0
0,1762395857403,1600,1599,1600,1599,1602,1601,1600,1635,0,0,0,0,0,0,0,0,214428.2651977539,233046.6854248047,76920.69989013672,0.3406982421875,33572028416,0,866549760,0
0,1762395857404,1600,1599,1600,1599,1602,1601,1600,1635,0,0,0,0,0,0,0,0,214428.2661743164,233046.6905517578,76920.70153808594,0.3406982421875,33572028416,0,866549760,0
0,1762395857405,1600,1599,1600,1599,1602,1601,1600,1635,0,0,0,0,0,0,0,0,214428.26721191406,233046.6953125,76920.7036743164,0.3406982421875,33572028416,0,866549760,0
0,1762395857406,1600,1599,1600,1599,1602,1601,1600,1635,0,0,0,0,0,0,0,0,214428.26916503906,233046.70574951172,76920.70611572266,0.3406982421875,33572028416,0,866549760,0
0,1762395857407,1600,1599,1600,1599,1602,1601,1600,1635,0,0,0,0,0,0,0,0,214428.27020263672,233046.71130371094,76920.70910644531,0.3406982421875,33572028416,0,866549760,0
0,1762395857408,1600,1599,1600,1599,1602,1601,1600,1635,0,0,0,0,0,0,0,0,214428.27117919922,233046.71643066406,76920.71124267578,0.3406982421875,33572028416,0,866549760,0
0,1762395857409,1600,1599,1600,1599,1602,1601,1600,1635,0,0,0,0,0,0,0,0,214428.27221679688,233046.72161865234,76920.7133178711,0.3406982421875,33572028416,0,866549760,0
0,1762395857410,1600,1599,1600,1599,1602,1601,1600,1635,0,0,0,0,0,0,0,0,214428.27319335938,233046.72674560547,76920.71533203125,0.3406982421875,33572028416,0,866549760,0
0,1762395857411,1600,1599,1600,1599,1602,1601,1600,1635,0,0,0,0,0,0,0,0,214428.27423095703,233046.73193359375,76920.71746826172,0.3406982421875,33572028416,0,866549760,0
0,1762395857413,1600,1599,1600,1599,1602,1601,1600,1635,0,0,0,0,0,0,0,0,214428.27520751953,233046.73699951172,76920.71948242188,0.3406982421875,33572028416,0,866549760,0
0,1762395857414,1600,1599,1600,1599,1602,1601,1600,1635,0,0,0,0,0,0,0,0,214428.2762451172,233046.74224853516,76920.72192382813,0.3406982421875,33572028416,0,866549760,0
0,1762395857415,1600,1599,1600,1599,1602,1601,1600,1635,0,0,0,0,0,0,0,0,214428.2772216797,233046.7476196289,76920.72430419922,0.3406982421875,33572028416,0,866549760,0
1,1762395857416,1600,1599,1600,1599,1602,1601,1600,1635,0,0,0,0,0,0,0,0,214428.2781982422,233046.75268554688,76920.72631835938,0.3406982421875,33572028416,0,866549760,0
0,1762395857417,1600,1599,1600,1599,1602,1601,1600,1635,0,0,0,0,0,0,0,0,214428.27923583984,233046.7578125,76920.72827148438,0.3406982421875,33572028416,0,866549760,0
1,1762395857418,1600,1599,1600,1599,1602,1601,1600,1635,0,0,0,0,0,0,0,0,214428.28021240234,233046.76275634766,76920.7300415039,0.3406982421875,33572028416,0,866549760,0
1,1762395857419,1600,1599,1600,1599,1602,1601,1600,1635,0,0,0,0,0,0,0,0,214428.28125,233046.76776123047,76920.73193359375,0.3406982421875,33572028416,0,866549760,0
1,1762395857420,1600,1599,1600,1599,1602,1601,1600,1635,0,0,0,0,0,0,0,0,214428.2822265625,233046.7724609375,76920.73358154297,0.3406982421875,33572028416,0,866549760,0
0,1762395857421,1600,1599,1600,1599,1602,1601,1600,1635,0,0,0,0,0,0,0,0,214428.2841796875,233046.78161621094,76920.7359008789,0.3406982421875,33572028416,0,866549760,0
0,1762395857422,1600,1599,1600,1599,1602,1601,1600,1635,0,0,0,0,0,0,0,0,214428.28521728516,233046.78741455078,76920.73797607422,0.3406982421875,33572028416,0,866549760,0
0,1762395857423,1600,1599,1600,1599,1602,1601,1600,1635,0,0,0,0,0,0,0,0,214428.28619384766,233046.7925415039,76920.74072265625,0.3406982421875,33572028416,0,866549760,0
0,1762395857424,1600,1599,1600,1599,1602,1601,1600,1635,0,0,0,0,0,0,0,0,214428.2872314453,233046.7982788086,76920.74304199219,0.3406982421875,33572028416,0,866549760,0
0,1762395857426,1600,1599,1600,1599,1602,1601,1600,1635,0,0,0,0,0,0,0,0,214428.2882080078,233046.8037109375,76920.74578857422,0.3406982421875,33572028416,0,866549760,0
0,1762395857427,1600,1599,1600,1599,1602,1601,1600,1635,0,0,0,0,0,0,0,0,214428.28924560547,233046.80926513672,76920.74829101563,0.3406982421875,33572028416,0,866549760,0
0,1762395857428,1600,1599,1600,1599,1602,1601,1600,1635,0,0,0,0,0,0,0,0,214428.29028320313,233046.81506347656,76920.75115966797,0.3406982421875,33572028416,0,866549760,0
1,1762395857429,1600,1599,1600,1599,1602,1601,1600,1635,0,0,0,0,0,0,0,0,214428.29125976563,233046.82061767578,76920.75378417969,0.3406982421875,33572028416,0,866549760,0
1,1762395857430,1600,1599,1600,1599,1602,1601,1600,1635,0,0,0,0,0,0,0,0,214428.29223632813,233046.82641601563,76920.75622558594,0.3406982421875,33572028416,0,866549760,0
1,1762395857431,1600,1599,1600,1599,1602,1601,1600,1635,0,0,0,0,0,0,0,0,214428.29327392578,233046.83178710938,76920.75848388672,0.3406982421875,33572028416,0,866549760,0
1,1762395857432,1600,1599,1600,1599,1602,1601,1600,1635,0,0,0,0,0,0,0,0,214428.29425048828,233046.83660888672,76920.76025390625,0.3406982421875,33572028416,0,866549760,0
1,1762395857433,1600,1599,1600,1599,1602,1601,1600,1635,0,0,0,0,0,0,0,0,214428.29528808594,233046.8416748047,76920.76196289063,0.3406982421875,33572028416,0,866549760,0
1,1762395857434,1600,1599,1600,1599,1602,1601,1600,1635,0,0,0,0,0,0,0,0,214428.29724121094,233046.85089111328,76920.76416015625,0.3406982421875,33572028416,0,866549760,0
0,1762395857435,1600,1599,1600,1599,1602,1601,1600,1635,0,0,0,0,0,0,0,0,214428.29821777344,233046.85614013672,76920.76684570313,0.3406982421875,33572028416,0,866549760,0
0,1762395857436,1600,1599,1600,1599,1602,1601,1600,1635,0,0,0,0,0,0,0,0,214428.2992553711,233046.86151123047,76920.7689819336,0.3406982421875,33572028416,0,866549760,0
0,1762395857438,1600,1599,1600,1599,1602,1601,1600,1635,0,0,0,0,0,0,0,0,214428.3002319336,233046.8670654297,76920.77142333984,0.3406982421875,33572028416,0,866549760,0
0,1762395857439,1600,1599,1600,1599,1602,1601,1600,1635,0,0,0,0,0,0,0,0,214428.30126953125,233046.87255859375,76920.77392578125,0.3406982421875,33572028416,0,866549760,0
0,1762395857440,1600,1599,1600,1599,1602,1601,1600,1635,0,0,0,0,0,0,0,0,214428.30224609375,233046.87786865234,76920.77648925781,0.3406982421875,33572028416,0,866549760,0
1,1762395857441,1600,1599,1600,1599,1602,1601,1600,1635,0,0,0,0,0,0,0,0,214428.3032836914,233046.8833618164,76920.7788696289,0.3406982421875,33572028416,0,866549760,0
1,1762395857442,1600,1599,1600,1599,1602,1601,1600,1635,0,0,0,0,0,0,0,0,214428.3042602539,233046.88885498047,76920.78137207031,0.3406982421875,33572028416,0,866549760,0
1,1762395857443,1600,1599,1600,1599,1602,1601,1600,1635,0,0,0,0,0,0,0,0,214428.3052368164,233046.89428710938,76920.7836303711,0.3406982421875,33572028416,0,866549760,0
0,1762395857444,1600,1599,1600,1599,1602,1601,1600,1635,0,0,0,0,0,0,0,0,214428.3062133789,233046.89959716797,76920.7857055664,0.3406982421875,33572028416,0,866549760,0
1,1762395857445,1600,1599,1600,1599,1602,1601,1600,1635,0,0,0,0,0,0,0,0,214428.30725097656,233046.90460205078,76920.78814697266,0.3406982421875,33572028416,0,866549760,0
0,1762395857446,1600,1599,1600,1599,1602,1601,1600,1635,0,0,0,0,0,0,0,0,214428.30920410156,233046.91467285156,76920.7900390625,0.3406982421875,33572028416,0,866549760,0
0,1762395857447,1600,1599,1600,1599,1602,1601,1600,1635,0,0,0,0,0,0,0,0,214428.31024169922,233046.9200439453,76920.79266357422,0.3406982421875,33572028416,0,866549760,0
0,1762395857448,1600,1599,1600,1599,1602,1601,1600,1635,0,0,0,0,0,0,0,0,214428.31121826172,233046.9253540039,76920.79498291016,0.3406982421875,33572028416,0,866549760,0
0,1762395857449,1600,1599,1600,1599,1602,1601,1600,1635,0,0,0,0,0,0,0,0,214428.31225585938,233046.93096923828,76920.79803466797,0.3406982421875,33572028416,0,866549760,0
0,1762395857451,1600,1599,1600,1599,1602,1601,1600,1635,0,0,0,0,0,0,0,0,214428.31323242188,233046.93676757813,76920.80047607422,0.3406982421875,33572028416,0,866549760,0
0,1762395857452,1600,1599,1600,1599,1602,1601,1600,1635,0,0,0,0,0,0,0,0,214428.31427001953,233046.94219970703,76920.80310058594,0.3406982421875,33572028416,0,866549760,0
0,1762395857453,1600,1599,1600,1599,1602,1601,1600,1635,0,0,0,0,0,0,0,0,214428.31524658203,233046.94775390625,76920.8056640625,0.3406982421875,33572028416,0,866549760,0
1,1762395857454,1600,1599,1600,1599,1602,1601,1600,1635,0,0,0,0,0,0,0,0,214428.3162841797,233046.953125,76920.80822753906,0.3406982421875,33572028416,0,866549760,0
1,1762395857455,1600,1599,1600,1599,1602,1601,1600,1635,0,0,0,0,0,0,0,0,214428.3172607422,233046.95867919922,76920.81048583984,0.3406982421875,33572028416,0,866549760,0
1,1762395857456,1600,1599,1600,1599,1602,1601,1600,1635,0,0,0,0,0,0,0,0,214428.31829833984,233046.96411132813,76920.81280517578,0.3406982421875,33572028416,0,866549760,0
0,1762395857457,1600,1599,1600,1599,1602,1601,1600,1635,0,0,0,0,0,0,0,0,214428.3192138672,233046.9691772461,76920.8148803711,0.3406982421875,33572028416,0,866549760,0
1,1762395857458,1600,1599,1600,1599,1602,1601,1600,1635,0,0,0,0,0,0,0,0,214428.32025146484,233046.97442626953,76920.81701660156,0.3406982421875,33572028416,0,866549760,0
0,1762395857459,1600,1599,1600,1599,1602,1601,1600,1635,0,0,0,0,0,0,0,0,214428.322265625,233046.98388671875,76920.81872558594,0.3406982421875,33572028416,0,866549760,0
0,1762395857460,1600,1599,1600,1599,1602,1601,1600,1635,0,0,0,0,0,0,0,0,214428.3232421875,233046.98901367188,76920.82104492188,0.3406982421875,33572028416,0,866549760,0
0,1762395857461,1600,1599,1600,1599,1602,1601,1600,1635,0,0,0,0,0,0,0,0,214428.32427978516,233046.99450683594,76920.8236694336,0.3406982421875,33572028416,0,866549760,0
0,1762395857462,1600,1599,1600,1599,1602,1601,1600,1635,0,0,0,0,0,0,0,0,214428.32525634766,233047.0001220703,76920.82623291016,0.3406982421875,33572028416,0,866549760,0
0,1762395857464,1600,1599,1600,1599,1602,1601,1600,1635,0,0,0,0,0,0,0,0,214428.3262939453,233047.00555419922,76920.82885742188,0.3406982421875,33572028416,0,866549760,0
0,1762395857465,1600,1599,1600,1599,1602,1601,1600,1635,0,0,0,0,0,0,0,0,214428.3272705078,233047.01110839844,76920.8316040039,0.3406982421875,33572028416,0,866549760,0
0,1762395857466,1600,1599,1600,1599,1602,1601,1600,1635,0,0,0,0,0,0,0,0,214428.32830810547,233047.01696777344,76920.83447265625,0.3406982421875,33572028416,0,866549760,0
1,1762395857467,1600,1599,1600,1599,1602,1601,1600,1635,0,0,0,0,0,0,0,0,214428.32934570313,233047.0228881836,76920.8369140625,0.3406982421875,33572028416,0,866549760,0
1,1762395857468,1600,1599,1600,1599,1602,1601,1600,1635,0,0,0,0,0,0,0,0,214428.33032226563,233047.02825927734,76920.8394165039,0.3406982421875,33572028416,0,866549760,0
1,1762395857469,1600,1599,1600,1599,1602,1601,1600,1635,0,0,0,0,0,0,0,0,214428.33135986328,233047.03381347656,76920.84167480469,0.3406982421875,33572028416,0,866549760,0
1,1762395857470,1600,1599,1600,1599,1602,1601,1600,1635,0,0,0,0,0,0,0,0,214428.33227539063,233047.03887939453,76920.84387207031,0.3406982421875,33572028416,0,866549760,0
1,1762395857471,1600,1599,1600,1599,1602,1601,1600,1635,0,0,0,0,0,0,0,0,214428.33331298828,233047.0438232422,76920.84564208984,0.3406982421875,33572028416,0,866549760,0
1,1762395857472,1600,1599,1600,1599,1602,1601,1600,1635,0,0,0,0,0,0,0,0,214428.33532714844,233047.0532836914,76920.84783935547,0.3406982421875,33572028416,0,866549760,0
0,1762395857473,1600,1599,1600,1599,1602,1601,1600,1635,0,0,0,0,0,0,0,0,214428.33630371094,233047.05834960938,76920.8500366211,0.3406982421875,33572028416,0,866549760,0
0,1762395857474,1600,1599,1600,1599,1602,1601,1600,1635,0,0,0,0,0,0,0,0,214428.33728027344,233047.06365966797,76920.85235595703,0.3406982421875,33572028416,0,866549760,0
0,1762395857475,1600,1599,1600,1599,1602,1601,1600,1635,0,0,0,0,0,0,0,0,214428.3383178711,233047.06903076172,76920.85455322266,0.3406982421875,33572028416,0,866549760,0
0,1762395857477,1600,1599,1600,1599,1602,1601,1600,1635,0,0,0,0,0,0,0,0,214428.33935546875,233047.07470703125,76920.85723876953,0.3406982421875,33572028416,0,866549760,0
0,1762395857478,1600,1599,1600,1599,1602,1601,1600,1635,0,0,0,0,0,0,0,0,214428.34033203125,233047.08026123047,76920.86004638672,0.3406982421875,33572028416,0,866549760,0
0,1762395857479,1600,1599,1600,1599,1602,1601,1600,1635,0,0,0,0,0,0,0,0,214428.34130859375,233047.08587646484,76920.86279296875,0.3406982421875,33572028416,0,866549760,0
1,1762395857480,1600,1599,1600,1599,1602,1601,1600,1635,0,0,0,0,0,0,0,0,214428.3423461914,233047.09173583984,76920.86535644531,0.3406982421875,33572028416,0,866549760,0
1,1762395857481,1600,1599,1600,1599,1602,1601,1600,1635,0,0,0,0,0,0,0,0,214428.3433227539,233047.09741210938,76920.86779785156,0.3406982421875,33572028416,0,866549760,0
1,1762395857482,1600,1599,1600,1599,1602,1601,1600,1635,0,0,0,0,0,0,0,0,214428.34436035156,233047.10278320313,76920.86999511719,0.3406982421875,33572028416,0,866549760,0
0,1762395857483,1600,1599,1600,1599,1602,1601,1600,1635,0,0,0,0,0,0,0,0,214428.34533691406,233047.1075439453,76920.87176513672,0.3406982421875,33572028416,0,866549760,0
0,1762395857484,1600,1599,1600,1599,1602,1601,1600,1635,0,0,0,0,0,0,0,0,214428.34631347656,233047.11254882813,76920.87371826172,0.3406982421875,33572028416,0,866549760,0
0,1762395857485,1600,1599,1600,1599,1602,1601,1600,1635,0,0,0,0,0,0,0,0,214428.34735107422,233047.11737060547,76920.87567138672,0.3406982421875,33572028416,0,866549760,0
0,1762395857486,1600,1599,1600,1599,1602,1601,1600,1635,0,0,0,0,0,0,0,0,214428.34936523438,233047.12744140625,76920.8779296875,0.3406982421875,33572028416,0,866549760,0
0,1762395857487,1600,1599,1600,1599,1602,1601,1600,1635,0,0,0,0,0,0,0,0,214428.35040283203,233047.13311767578,76920.8804321289,0.3406982421875,33572028416,0,866549760,0
0,1762395857488,1600,1599,1600,1599,1602,1601,1600,1635,0,0,0,0,0,0,0,0,214428.35137939453,233047.13861083984,76920.88330078125,0.3406982421875,33572028416,0,866549760,0
0,1762395857489,1600,1599,1600,1599,1602,1601,1600,1635,0,0,0,0,0,0,0,0,214428.35235595703,233047.14392089844,76920.88610839844,0.3406982421875,33572028416,0,866549760,0
0,1762395857490,1600,1599,1600,1599,1602,1601,1600,1635,0,0,0,0,0,0,0,0,214428.35333251953,233047.14965820313,76920.88848876953,0.3406982421875,33572028416,0,866549760,0
0,1762395857492,1600,1599,1600,1599,1602,1601,1600,1635,0,0,0,0,0,0,0,0,214428.3543701172,233047.15551757813,76920.89099121094,0.3406982421875,33572028416,0,866549760,0
0,1762395857493,1600,1599,1600,1599,1602,1601,1600,1635,0,0,0,0,0,0,0,0,214428.3553466797,233047.16088867188,76920.89379882813,0.3406982421875,33572028416,0,866549760,0
0,1762395857494,1600,1599,1600,1599,1602,1601,1600,1635,0,0,0,0,0,0,0,0,214428.35638427734,233047.16662597656,76920.896484375,0.3406982421875,33572028416,0,866549760,0
1,1762395857495,1600,1599,1600,1599,1602,1601,1600,1635,0,0,0,0,0,0,0,0,214428.357421875,233047.17224121094,76920.8989868164,0.3406982421875,33572028416,0,866549760,0
1,1762395857496,1600,1599,1600,1599,1602,1601,1600,1635,0,0,0,0,0,0,0,0,214428.3583984375,233047.1778564453,76920.9013671875,0.3406982421875,33572028416,0,866549760,0
1,1762395857497,1600,1599,1600,1599,1602,1601,1600,1635,0,0,0,0,0,0,0,0,214428.359375,233047.1831665039,76920.90368652344,0.3406982421875,33572028416,0,866549760,0
0,1762395857498,1600,1599,1600,1599,1602,1601,1600,1635,0,0,0,0,0,0,0,0,214428.3603515625,233047.18823242188,76920.9057006836,0.3406982421875,33572028416,0,866549760,0
0,1762395857499,1600,1599,1600,1599,1602,1601,1600,1635,0,0,0,0,0,0,0,0,214428.36138916016,233047.19329833984,76920.90795898438,0.3406982421875,33572028416,0,866549760,0
0,1762395857500,1600,1599,1600,1599,1602,1601,1600,1635,0,0,0,0,0,0,0,0,214428.36236572266,233047.1982421875,76920.91015625,0.3406982421875,33572028416,0,866549760,0
0,1762395857501,1600,1599,1600,1599,1602,1601,1600,1635,0,0,0,0,0,0,0,0,214428.3643798828,233047.20867919922,76920.91223144531,0.3406982421875,33572028416,0,866549760,0
0,1762395857502,1600,1599,1600,1599,1602,1601,1600,1635,0,0,0,0,0,0,0,0,214428.36541748047,233047.21411132813,76920.91479492188,0.3406982421875,33572028416,0,866549760,0
0,1762395857503,1600,1599,1600,1599,1602,1601,1600,1635,0,0,0,0,0,0,0,0,214428.36639404297,233047.21942138672,76920.91723632813,0.3406982421875,33572028416,0,866549760,0
1,1762395857504,1600,1599,1600,1599,1602,1601,1600,1635,0,0,0,0,0,0,0,0,214428.36743164063,233047.2250366211,76920.92010498047,0.3406982421875,33572028416,0,866549760,0
0,1762395857506,1600,1599,1600,1599,1602,1601,1600,1635,0,0,0,0,0,0,0,0,214428.36840820313,233047.2305908203,76920.92279052734,0.3406982421875,33572028416,0,866549760,0
0,1762395857507,1600,1599,1600,1599,1602,1601,1600,1635,0,0,0,0,0,0,0,0,214428.36938476563,233047.23608398438,76920.92529296875,0.3406982421875,33572028416,0,866549760,0
0,1762395857508,1600,1599,1600,1599,1602,1601,1600,1635,0,0,0,0,0,0,0,0,214428.37042236328,233047.24151611328,76920.92791748047,0.3406982421875,33572028416,0,866549760,0
1,1762395857509,1600,1599,1600,1599,1602,1601,1600,1635,0,0,0,0,0,0,0,0,214428.37145996094,233047.2476196289,76920.9306640625,0.3406982421875,33572028416,0,866549760,0
1,1762395857510,1600,1599,1600,1599,1602,1601,1600,1635,0,0,0,0,0,0,0,0,214428.37243652344,233047.25311279297,76920.93310546875,0.3406982421875,33572028416,0,866549760,0
1,1762395857511,1600,1599,1600,1599,1602,1601,1600,1635,0,0,0,0,0,0,0,0,214428.37341308594,233047.25854492188,76920.93530273438,0.3406982421875,33572028416,0,866549760,0
1,1762395857512,1600,1599,1600,1599,1602,1601,1600,1635,0,0,0,0,0,0,0,0,214428.3744506836,233047.26385498047,76920.93743896484,0.3406982421875,33572028416,0,866549760,0
1,1762395857513,1600,1599,1600,1599,1602,1601,1600,1635,0,0,0,0,0,0,0,0,214428.3754272461,233047.26873779297,76920.93939208984,0.3406982421875,33572028416,0,866549760,0
1,1762395857514,1600,1599,1600,1599,1602,1601,1600,1635,0,0,0,0,0,0,0,0,214428.3773803711,233047.27813720703,76920.94134521484,0.3406982421875,33572028416,0,866549760,0
0,1762395857515,1600,1599,1600,1599,1602,1601,1600,1635,0,0,0,0,0,0,0,0,214428.37841796875,233047.28350830078,76920.9437866211,0.3406982421875,33572028416,0,866549760,0
0,1762395857516,1600,1599,1600,1599,1602,1601,1600,1635,0,0,0,0,0,0,0,0,214428.37939453125,233047.2886352539,76920.94610595703,0.3406982421875,33572028416,0,866549760,0
0,1762395857518,1600,1599,1600,1599,1602,1601,1600,1635,0,0,0,0,0,0,0,0,214428.38037109375,233047.29388427734,76920.94830322266,0.3406982421875,33572028416,0,866549760,0
0,1762395857519,1600,1599,1600,1599,1602,1601,1600,1635,0,0,0,0,0,0,0,0,214428.38134765625,233047.2993774414,76920.95098876953,0.3406982421875,33572028416,0,866549760,0
0,1762395857520,1600,1599,1600,1599,1602,1601,1600,1635,0,0,0,0,0,0,0,0,214428.3823852539,233047.30499267578,76920.9536743164,0.3406982421875,33572028416,0,866549760,0
1,1762395857521,1600,1599,1600,1599,1602,1601,1600,1635,0,0,0,0,0,0,0,0,214428.38342285156,233047.31079101563,76920.95623779297,0.3406982421875,33572028416,0,866549760,0
1,1762395857522,1600,1599,1600,1599,1602,1601,1600,1635,0,0,0,0,0,0,0,0,214428.38439941406,233047.3162841797,76920.95886230469,0.3406982421875,33572028416,0,866549760,0
1,1762395857523,1600,1599,1600,1599,1602,1601,1600,1635,0,0,0,0,0,0,0,0,214428.38543701172,233047.3217163086,76920.96069335938,0.3406982421875,33572028416,0,866549760,0
1,1762395857524,1600,1599,1600,1599,1602,1601,1600,1635,0,0,0,0,0,0,0,0,214428.38641357422,233047.3265991211,76920.96264648438,0.3406982421875,33572028416,0,866549760,0
0,1762395857525,1600,1599,1600,1599,1602,1601,1600,1635,0,0,0,0,0,0,0,0,214428.38836669922,233047.33612060547,76920.96466064453,0.3406982421875,33572028416,0,866549760,0
0,1762395857526,1600,1599,1600,1599,1602,1601,1600,1635,0,0,0,0,0,0,0,0,214428.38934326172,233047.34143066406,76920.96716308594,0.3406982421875,33572028416,0,866549760,0
0,1762395857527,1600,1599,1600,1599,1602,1601,1600,1635,0,0,0,0,0,0,0,0,214428.39038085938,233047.34698486328,76920.9692993164,0.3406982421875,33572028416,0,866549760,0
1,1762395857528,1600,1599,1600,1599,1602,1601,1600,1635,0,0,0,0,0,0,0,0,214428.39141845703,233047.35229492188,76920.97216796875,0.3406982421875,33572028416,0,866549760,0
0,1762395857530,1600,1599,1600,1599,1602,1601,1600,1635,0,0,0,0,0,0,0,0,214428.39239501953,233047.3579711914,76920.97485351563,0.3406982421875,33572028416,0,866549760,0
0,1762395857531,1600,1599,1600,1599,1602,1601,1600,1635,0,0,0,0,0,0,0,0,214428.39337158203,233047.36267089844,76920.97625732422,0.3406982421875,33572028416,0,866549760,0
0,1762395857532,1600,1599,1600,1599,1602,1601,1600,1635,0,0,0,0,0,0,0,0,214428.3944091797,233047.3671875,76920.9775390625,0.3406982421875,33572028416,0,866549760,0
1,1762395857533,1600,1599,1600,1599,1602,1601,1600,1635,0,0,0,0,0,0,0,0,214428.3953857422,233047.3716430664,76920.97882080078,0.3406982421875,33572028416,0,866549760,0
1,1762395857534,1600,1599,1600,1599,1602,1601,1600,1635,0,0,0,0,0,0,0,0,214428.3963623047,233047.37603759766,76920.98022460938,0.3406982421875,33572028416,0,866549760,0
1,1762395857535,1600,1599,1600,1599,1602,1601,1600,1635,0,0,0,0,0,0,0,0,214428.39739990234,233047.38067626953,76920.9818725586,0.3406982421875,33572028416,0,866549760,0
1,1762395857536,1600,1599,1600,1599,1602,1601,1600,1635,0,0,0,0,0,0,0,0,214428.39837646484,233047.38543701172,76920.98352050781,0.3406982421875,33572028416,0,866549760,0
1,1762395857537,1600,1599,1600,1599,1602,1601,1600,1635,0,0,0,0,0,0,0,0,214428.39935302734,233047.39013671875,76920.98504638672,0.3406982421875,33572028416,0,866549760,0
1,1762395857538,1600,1599,1600,1599,1602,1601,1600,1635,0,0,0,0,0,0,0,0,214428.40032958984,233047.39453125,76920.98645019531,0.3406982421875,33572028416,0,866549760,0
1,1762395857539,1600,1599,1600,1599,1602,1601,1600,1635,0,0,0,0,0,0,0,0,214428.40130615234,233047.3988647461,76920.98779296875,0.3406982421875,33572028416,0,866549760,0
1,1762395857540,1600,1599,1600,1599,1602,1601,1600,1635,0,0,0,0,0,0,0,0,214428.4033203125,233047.40728759766,76920.98913574219,0.3406982421875,33572028416,0,866549760,0
0,1762395857542,1600,1599,1600,1599,1602,1601,1600,1635,0,0,0,0,0,0,0,0,214428.404296875,233047.41162109375,76920.99084472656,0.3406982421875,33572028416,0,866549760,0
1,1762395857543,1600,1599,1600,1599,1602,1601,1600,1635,0,0,0,0,0,0,0,0,214428.4052734375,233047.41717529297,76920.9937133789,0.3406982421875,33572028416,0,866549760,0
1,1762395857544,1600,1599,1600,1599,1602,1601,1600,1635,0,0,0,0,0,0,0,0,214428.40631103516,233047.42291259766,76920.99627685547,0.3406982421875,33572028416,0,866549760,0
1,1762395857545,1600,1599,1600,1599,1602,1601,1600,1635,0,0,0,0,0,0,0,0,214428.4073486328,233047.42840576172,76920.99829101563,0.3406982421875,33572028416,0,866549760,0
1,1762395857546,1600,1599,1600,1599,1602,1601,1600,1635,0,0,0,0,0,0,0,0,214428.4083251953,233047.4334716797,76921.0004272461,0.3406982421875,33572028416,0,866549760,0
1,1762395857547,1600,1599,1600,1599,1602,1601,1600,1635,0,0,0,0,0,0,0,0,214428.4093017578,233047.43829345703,76921.00213623047,0.3406982421875,33572028416,0,866549760,0
0,1762395857548,1600,1599,1600,1599,1602,1601,1600,1635,0,0,0,0,0,0,0,0,214428.41131591797,233047.44757080078,76921.00366210938,0.3406982421875,33572028416,0,866549760,0
0,1762395857549,1600,1599,1600,1599,1602,1601,1600,1635,0,0,0,0,0,0,0,0,214428.41229248047,233047.45318603516,76921.00622558594,0.3406982421875,33572028416,0,866549760,0
0,1762395857550,1600,1599,1600,1599,1602,1601,1600,1635,0,0,0,0,0,0,0,0,214428.41333007813,233047.4584350586,76921.00848388672,0.3406982421875,33572028416,0,866549760,0
0,1762395857551,1600,1599,1600,1599,1602,1601,1600,1635,0,0,0,0,0,0,0,0,214428.41430664063,233047.4637451172,76921.01110839844,0.3406982421875,33572028416,0,866549760,0
0,1762395857552,1600,1599,1600,1599,1602,1601,1600,1635,0,0,0,0,0,0,0,0,214428.41528320313,233047.46911621094,76921.01361083984,0.3406982421875,33572028416,0,866549760,0
0,1762395857554,1600,1599,1600,1599,1602,1601,1600,1635,0,0,0,0,0,0,0,0,214428.41632080078,233047.47424316406,76921.01574707031,0.3406982421875,33572028416,0,866549760,0
0,1762395857555,1600,1599,1600,1599,1602,1601,1600,1635,0,0,0,0,0,0,0,0,214428.41729736328,233047.47967529297,76921.01861572266,0.3406982421875,33572028416,0,866549760,0
0,1762395857556,1600,1599,1600,1599,1602,1601,1600,1635,0,0,0,0,0,0,0,0,214428.41833496094,233047.48571777344,76921.02130126953,0.3406982421875,33572028416,0,866549760,0
1,1762395857557,1600,1599,1600,1599,1602,1601,1600,1635,0,0,0,0,0,0,0,0,214428.4193725586,233047.49145507813,76921.0239868164,0.3406982421875,33572028416,0,866549760,0
1,1762395857558,1600,1599,1600,1599,1602,1601,1600,1635,0,0,0,0,0,0,0,0,214428.4203491211,233047.49713134766,76921.0263671875,0.3406982421875,33572028416,0,866549760,0
1,1762395857559,1600,1599,1600,1599,1602,1601,1600,1635,0,0,0,0,0,0,0,0,214428.4213256836,233047.5023803711,76921.02850341797,0.3406982421875,33572028416,0,866549760,0
1,1762395857560,1600,1599,1600,1599,1602,1601,1600,1635,0,0,0,0,0,0,0,0,214428.42236328125,233047.5073852539,76921.03045654297,0.3406982421875,33572028416,0,866549760,0
1,1762395857561,1600,1599,1600,1599,1602,1601,1600,1635,0,0,0,0,0,0,0,0,214428.42333984375,233047.51220703125,76921.03204345703,0.3406982421875,33572028416,0,866549760,0
1,1762395857562,1600,1599,1600,1599,1602,1601,1600,1635,0,0,0,0,0,0,0,0,214428.42529296875,233047.52166748047,76921.03430175781,0.3406982421875,33572028416,0,866549760,0
0,1762395857563,1600,1599,1600,1599,1602,1601,1600,1635,0,0,0,0,0,0,0,0,214428.42626953125,233047.52667236328,76921.03686523438,0.3406982421875,33572028416,0,866549760,0
0,1762395857564,1600,1599,1600,1599,1602,1601,1600,1635,0,0,0,0,0,0,0,0,214428.4273071289,233047.53240966797,76921.03924560547,0.3406982421875,33572028416,0,866549760,0
0,1762395857566,1600,1599,1600,1599,1602,1601,1600,1635,0,0,0,0,0,0,0,0,214428.42834472656,233047.53790283203,76921.04168701172,0.3406982421875,33572028416,0,866549760,0
0,1762395857567,1600,1599,1600,1599,1602,1601,1600,1635,0,0,0,0,0,0,0,0,214428.42932128906,233047.54333496094,76921.04400634766,0.3406982421875,33572028416,0,866549760,0
0,1762395857568,1600,1599,1600,1599,1602,1601,1600,1635,0,0,0,0,0,0,0,0,214428.43029785156,233047.54876708984,76921.04675292969,0.3406982421875,33572028416,0,866549760,0
1,1762395857569,1600,1599,1600,1599,1602,1601,1600,1635,0,0,0,0,0,0,0,0,214428.43133544922,233047.55432128906,76921.0492553711,0.3406982421875,33572028416,0,866549760,0
1,1762395857570,1600,1599,1600,1599,1602,1601,1600,1635,0,0,0,0,0,0,0,0,214428.43231201172,233047.55987548828,76921.05157470703,0.3406982421875,33572028416,0,866549760,0
1,1762395857571,1600,1599,1600,1599,1602,1601,1600,1635,0,0,0,0,0,0,0,0,214428.43328857422,233047.56506347656,76921.05383300781,0.3406982421875,33572028416,0,866549760,0
1,1762395857572,1600,1599,1600,1599,1602,1601,1600,1635,0,0,0,0,0,0,0,0,214428.43432617188,233047.5701904297,76921.05578613281,0.3406982421875,33572028416,0,866549760,0
0,1762395857573,1600,1599,1600,1599,1602,1601,1600,1635,0,0,0,0,0,0,0,0,214428.43634033203,233047.57983398438,76921.0576171875,0.3406982421875,33572028416,0,866549760,0
0,1762395857574,1600,1599,1600,1599,1602,1601,1600,1635,0,0,0,0,0,0,0,0,214428.43731689453,233047.58532714844,76921.06024169922,0.3406982421875,33572028416,0,866549760,0
0,1762395857575,1600,1599,1600,1599,1602,1601,1600,1635,0,0,0,0,0,0,0,0,214428.43731689453,233047.58532714844,76921.06237792969,0.3406982421875,33572028416,0,866549760,0
0,1762395857576,1600,1599,1600,1599,1602,1601,1600,1635,0,0,0,0,0,0,0,0,214428.4393310547,233047.59619140625,76921.0654296875,0.3406982421875,33572028416,0,866549760,0
0,1762395857577,1600,1599,1600,1599,1602,1601,1600,1635,0,0,0,0,0,0,0,0,214428.4403076172,233047.6015625,76921.06799316406,0.3406982421875,33572028416,0,866549760,0
0,1762395857578,1600,1599,1600,1599,1602,1601,1600,1635,0,0,0,0,0,0,0,0,214428.4412841797,233047.60693359375,76921.0703125,0.3406982421875,33572028416,0,866549760,0
0,1762395857580,1600,1599,1600,1599,1602,1601,1600,1635,0,0,0,0,0,0,0,0,214428.44232177734,233047.61260986328,76921.0728149414,0.3406982421875,33572028416,0,866549760,0
0,1762395857581,1600,1599,1600,1599,1602,1601,1600,1635,0,0,0,0,0,0,0,0,214428.443359375,233047.61822509766,76921.07531738281,0.3406982421875,33572028416,0,866549760,0
1,1762395857582,1600,1599,1600,1599,1602,1601,1600,1635,0,0,0,0,0,0,0,0,214428.4443359375,233047.6234741211,76921.07775878906,0.3406982421875,33572028416,0,866549760,0
1,1762395857583,1600,1599,1600,1599,1602,1601,1600,1635,0,0,0,0,0,0,0,0,214428.4453125,233047.62896728516,76921.080078125,0.3406982421875,33572028416,0,866549760,0
1,1762395857584,1600,1599,1600,1599,1602,1601,1600,1635,0,0,0,0,0,0,0,0,214428.44635009766,233047.63439941406,76921.08239746094,0.3406982421875,33572028416,0,866549760,0
1,1762395857585,1600,1599,1600,1599,1602,1601,1600,1635,0,0,0,0,0,0,0,0,214428.44732666016,233047.63958740234,76921.0845336914,0.3406982421875,33572028416,0,866549760,0
0,1762395857586,1600,1599,1600,1599,1602,1601,1600,1635,0,0,0,0,0,0,0,0,214428.44830322266,233047.64453125,76921.08654785156,0.3406982421875,33572028416,0,866549760,0
0,1762395857587,1600,1599,1600,1599,1602,1601,1600,1635,0,0,0,0,0,0,0,0,214428.4503173828,233047.65478515625,76921.08892822266,0.3406982421875,33572028416,0,866549760,0
0,1762395857588,1600,1599,1600,1599,1602,1601,1600,1635,0,0,0,0,0,0,0,0,214428.45135498047,233047.6602783203,76921.09143066406,0.3406982421875,33572028416,0,866549760,0
0,1762395857589,1600,1599,1600,1599,1602,1601,1600,1635,0,21.052631378173828,0,0,0,0,0,14.285715103149414,214428.45233154297,233047.66552734375,76921.09381103516,0.3406982421875,33572028416,0,866549760,0
0,1762395857590,1600,1599,1600,1599,1602,1601,1600,1635,0,21.052631378173828,0,0,0,0,0,14.285715103149414,214428.45336914063,233047.67108154297,76921.09649658203,0.3406982421875,33572028416,0,866549760,0
0,1762395857592,1600,1599,1600,1599,1602,1601,1600,1635,0,21.052631378173828,0,0,0,0,0,14.285715103149414,214428.45434570313,233047.67681884766,76921.09930419922,0.3406982421875,33572028416,0,866549760,0
0,1762395857593,1600,1599,1600,1599,1602,1601,1600,1635,0,21.052631378173828,0,0,0,0,0,14.285715103149414,214428.45532226563,233047.68200683594,76921.10162353516,0.3406982421875,33572028416,0,866549760,0
0,1762395857594,1600,1599,1600,1599,1602,1601,1600,1635,0,21.052631378173828,0,0,0,0,0,14.285715103149414,214428.45635986328,233047.68756103516,76921.10412597656,0.3406982421875,33572028416,0,866549760,0
0,1762395857595,1600,1599,1600,1599,1602,1601,1600,1635,0,21.052631378173828,0,0,0,0,0,14.285715103149414,214428.45733642578,233047.6929321289,76921.10662841797,0.3406982421875,33572028416,0,866549760,0
1,1762395857596,1600,1599,1600,1599,1602,1601,1600,1635,0,21.052631378173828,0,0,0,0,0,14.285715103149414,214428.45837402344,233047.69848632813,76921.10913085938,0.3406982421875,33572028416,0,866549760,0
0,1762395857597,1600,1599,1600,1599,1602,1601,1600,1635,0,21.052631378173828,0,0,0,0,0,14.285715103149414,214428.45935058594,233047.7041015625,76921.11138916016,0.3406982421875,33572028416,0,866549760,0
1,1762395857598,1600,1599,1600,1599,1602,1601,1600,1635,0,21.052631378173828,0,0,0,0,0,14.285715103149414,214428.46032714844,233047.7094116211,76921.11389160156,0.3406982421875,33572028416,0,866549760,0
0,1762395857599,1600,1599,1600,1599,1602,1601,1600,1635,0,21.052631378173828,0,0,0,0,0,14.285715103149414,214428.4613647461,233047.7147216797,76921.11584472656,0.3406982421875,33572028416,0,866549760,0
1,1762395857600,1600,1599,1600,1599,1602,1601,1600,1635,0,21.052631378173828,0,0,0,0,0,14.285715103149414,214428.4623413086,233047.71966552734,76921.11822509766,0.3406982421875,33572028416,0,866549760,0
0,1762395857601,1600,1599,1600,1599,1602,1601,1600,1635,0,21.052631378173828,0,0,0,0,0,14.285715103149414,214428.46435546875,233047.7296142578,76921.12023925781,0.3406982421875,33572028416,0,866549760,0
0,1762395857602,1600,1599,1600,1599,1602,1601,1600,1635,0,21.052631378173828,0,0,0,0,0,14.285715103149414,214428.46533203125,233047.73474121094,76921.12255859375,0.3406982421875,33572028416,0,866549760,0
0,1762395857603,1600,1599,1600,1599,1602,1601,1600,1635,0,21.052631378173828,0,0,0,0,0,14.285715103149414,214428.4663696289,233047.74005126953,76921.12463378906,0.3406982421875,33572028416,0,866549760,0
0,1762395857604,1600,1599,1600,1599,1602,1601,1600,1635,0,21.052631378173828,0,0,0,0,0,14.285715103149414,214428.4673461914,233047.74548339844,76921.126953125,0.3406982421875,33572028416,0,866549760,0
0,1762395857606,1600,1599,1600,1599,1602,1601,1600,1635,0,21.052631378173828,0,0,0,0,0,14.285715103149414,214428.4683227539,233047.7509765625,76921.12976074219,0.3406982421875,33572028416,0,866549760,0
0,1762395857607,1600,1599,1600,1599,1602,1601,1600,1635,0,21.052631378173828,0,0,0,0,0,14.285715103149414,214428.46936035156,233047.75653076172,76921.13232421875,0.3406982421875,33572028416,0,866549760,0
0,1762395857608,1600,1599,1600,1599,1602,1601,1600,1635,0,21.052631378173828,0,0,0,0,0,14.285715103149414,214428.47039794922,233047.76232910156,76921.13507080078,0.3406982421875,33572028416,0,866549760,0
1,1762395857609,1600,1599,1600,1599,1602,1601,1600,1635,0,21.052631378173828,0,0,0,0,0,14.285715103149414,214428.47137451172,233047.76782226563,76921.13781738281,0.3406982421875,33572028416,0,866549760,0
1,1762395857610,1600,1599,1600,1599,1602,1601,1600,1635,0,21.052631378173828,0,0,0,0,0,14.285715103149414,214428.47235107422,233047.7735595703,76921.14025878906,0.3406982421875,33572028416,0,866549760,0
1,1762395857611,1600,1599,1600,1599,1602,1601,1600,1635,0,21.052631378173828,0,0,0,0,0,14.285715103149414,214428.47338867188,233047.77893066406,76921.14227294922,0.3406982421875,33572028416,0,866549760,0
1,1762395857612,1600,1599,1600,1599,1602,1601,1600,1635,0,21.052631378173828,0,0,0,0,0,14.285715103149414,214428.47436523438,233047.78393554688,76921.14416503906,0.3406982421875,33572028416,0,866549760,0
0,1762395857613,1600,1599,1600,1599,1602,1601,1600,1635,0,21.052631378173828,0,0,0,0,0,14.285715103149414,214428.47534179688,233047.78869628906,76921.14611816406,0.3406982421875,33572028416,0,866549760,0
1,1762395857614,1600,1599,1600,1599,1602,1601,1600,1635,0,21.052631378173828,0,0,0,0,0,14.285715103149414,214428.47631835938,233047.7935180664,76921.14831542969,0.3406982421875,33572028416,0,866549760,0
0,1762395857615,1600,1599,1600,1599,1602,1601,1600,1635,0,21.052631378173828,0,0,0,0,0,14.285715103149414,214428.47833251953,233047.80352783203,76921.15051269531,0.3406982421875,33572028416,0,866549760,0
0,1762395857616,1600,1599,1600,1599,1602,1601,1600,1635,0,21.052631378173828,0,0,0,0,0,14.285715103149414,214428.4793701172,233047.80895996094,76921.1528930664,0.3406982421875,33572028416,0,866549760,0
0,1762395857617,1600,1599,1600,1599,1602,1601,1600,1635,0,21.052631378173828,0,0,0,0,0,14.285715103149414,214428.4803466797,233047.81427001953,76921.15502929688,0.3406982421875,33572028416,0,866549760,0
0,1762395857619,1600,1599,1600,1599,1602,1601,1600,1635,0,21.052631378173828,0,0,0,0,0,14.285715103149414,214428.48138427734,233047.81970214844,76921.15759277344,0.3406982421875,33572028416,0,866549760,0
0,1762395857620,1600,1599,1600,1599,1602,1601,1600,1635,0,21.052631378173828,0,0,0,0,0,14.285715103149414,214428.48236083984,233047.82482910156,76921.15997314453,0.3406982421875,33572028416,0,866549760,0
0,1762395857621,1600,1599,1600,1599,1602,1601,1600,1635,0,21.052631378173828,0,0,0,0,0,14.285715103149414,214428.4833984375,233047.83044433594,76921.1625366211,0.3406982421875,33572028416,0,866549760,0
1,1762395857622,1600,1599,1600,1599,1602,1601,1600,1635,0,21.052631378173828,0,0,0,0,0,14.285715103149414,214428.484375,233047.8359375,76921.16510009766,0.3406982421875,33572028416,0,866549760,0
1,1762395857623,1600,1599,1600,1599,1602,1601,1600,1635,0,21.052631378173828,0,0,0,0,0,14.285715103149414,214428.4853515625,233047.84149169922,76921.1674194336,0.3406982421875,33572028416,0,866549760,0
1,1762395857624,1600,1599,1600,1599,1602,1601,1600,1635,0,21.052631378173828,0,0,0,0,0,14.285715103149414,214428.48638916016,233047.84686279297,76921.16943359375,0.3406982421875,33572028416,0,866549760,0
0,1762395857625,1600,1599,1600,1599,1602,1601,1600,1635,0,21.052631378173828,0,0,0,0,0,14.285715103149414,214428.48736572266,233047.85186767578,76921.17138671875,0.3406982421875,33572028416,0,866549760,0
1,1762395857626,1600,1599,1600,1599,1602,1601,1600,1635,0,21.052631378173828,0,0,0,0,0,14.285715103149414,214428.4884033203,233047.85675048828,76921.17358398438,0.3406982421875,33572028416,0,866549760,0
0,1762395857627,1600,1599,1600,1599,1602,1601,1600,1635,0,21.052631378173828,0,0,0,0,0,14.285715103149414,214428.4903564453,233047.86669921875,76921.17590332031,0.3406982421875,33572028416,0,866549760,0
0,1762395857628,1600,1599,1600,1599,1602,1601,1600,1635,0,21.052631378173828,0,0,0,0,0,14.285715103149414,214428.49139404297,233047.87255859375,76921.1782836914,0.3406982421875,33572028416,0,866549760,0
0,1762395857629,1600,1599,1600,1599,1602,1601,1600,1635,0,21.052631378173828,0,0,0,0,0,14.285715103149414,214428.49237060547,233047.87811279297,76921.18103027344,0.3406982421875,33572028416,0,866549760,0
0,1762395857630,1600,1599,1600,1599,1602,1601,1600,1635,0,21.052631378173828,0,0,0,0,0,14.285715103149414,214428.49340820313,233047.88348388672,76921.18383789063,0.3406982421875,33572028416,0,866549760,0
0,1762395857631,1600,1599,1600,1599,1602,1601,1600,1635,0,21.052631378173828,0,0,0,0,0,14.285715103149414,214428.49438476563,233047.88897705078,76921.1865234375,0.3406982421875,33572028416,0,866549760,0
0,1762395857633,1600,1599,1600,1599,1602,1601,1600,1635,0,21.052631378173828,0,0,0,0,0,14.285715103149414,214428.49536132813,233047.89459228516,76921.18865966797,0.3406982421875,33572028416,0,866549760,0
0,1762395857634,1600,1599,1600,1599,1602,1601,1600,1635,0,21.052631378173828,0,0,0,0,0,14.285715103149414,214428.49639892578,233047.90008544922,76921.19134521484,0.3406982421875,33572028416,0,866549760,0
0,1762395857635,1600,1599,1600,1599,1602,1601,1600,1635,0,21.052631378173828,0,0,0,0,0,14.285715103149414,214428.49737548828,233047.90557861328,76921.19396972656,0.3406982421875,33572028416,0,866549760,0
1,1762395857636,1600,1599,1600,1599,1602,1601,1600,1635,0,21.052631378173828,0,0,0,0,0,14.285715103149414,214428.49841308594,233047.91107177734,76921.19653320313,0.3406982421875,33572028416,0,866549760,0
1,1762395857637,1600,1599,1600,1599,1602,1601,1600,1635,0,21.052631378173828,0,0,0,0,0,14.285715103149414,214428.49938964844,233047.91693115234,76921.19903564453,0.3406982421875,33572028416,0,866549760,0
1,1762395857638,1600,1599,1600,1599,1602,1601,1600,1635,0,21.052631378173828,0,0,0,0,0,14.285715103149414,214428.5004272461,233047.92218017578,76921.20129394531,0.3406982421875,33572028416,0,866549760,0
1,1762395857639,1600,1599,1600,1599,1602,1601,1600,1635,0,21.052631378173828,0,0,0,0,0,14.285715103149414,214428.5014038086,233047.92724609375,76921.20318603516,0.3406982421875,33572028416,0,866549760,0
1,1762395857640,1600,1599,1600,1599,1602,1601,1600,1635,0,21.052631378173828,0,0,0,0,0,14.285715103149414,214428.5023803711,233047.93225097656,76921.205078125,0.3406982421875,33572028416,0,866549760,0
0,1762395857641,1600,1599,1600,1599,1602,1601,1600,1635,0,21.052631378173828,0,0,0,0,0,14.285715103149414,214428.5043334961,233047.94171142578,76921.20727539063,0.3406982421875,33572028416,0,866549760,0
0,1762395857642,1600,1599,1600,1599,1602,1601,1600,1635,0,21.052631378173828,0,0,0,0,0,14.285715103149414,214428.50537109375,233047.94708251953,76921.2095336914,0.3406982421875,33572028416,0,866549760,0
0,1762395857643,1600,1599,1600,1599,1602,1601,1600,1635,0,21.052631378173828,0,0,0,0,0,14.285715103149414,214428.50634765625,233047.95220947266,76921.21173095703,0.3406982421875,33572028416,0,866549760,0
0,1762395857644,1600,1599,1600,1599,1602,1601,1600,1635,0,21.052631378173828,0,0,0,0,0,14.285715103149414,214428.5073852539,233047.9575805664,76921.21411132813,0.3406982421875,33572028416,0,866549760,0
0,1762395857646,1600,1599,1600,1599,1602,1601,1600,1635,0,21.052631378173828,0,0,0,0,0,14.285715103149414,214428.5083618164,233047.962890625,76921.21643066406,0.3406982421875,33572028416,0,866549760,0
0,1762395857647,1600,1599,1600,1599,1602,1601,1600,1635,0,21.052631378173828,0,0,0,0,0,14.285715103149414,214428.50939941406,233047.9683227539,76921.21887207031,0.3406982421875,33572028416,0,866549760,0
0,1762395857648,1600,1599,1600,1599,1602,1601,1600,1635,0,21.052631378173828,0,0,0,0,0,14.285715103149414,214428.51037597656,233047.9736328125,76921.22155761719,0.3406982421875,33572028416,0,866549760,0
1,1762395857649,1600,1599,1600,1599,1602,1601,1600,1635,0,21.052631378173828,0,0,0,0,0,14.285715103149414,214428.51141357422,233047.9794921875,76921.22412109375,0.3406982421875,33572028416,0,866549760,0
1,1762395857650,1600,1599,1600,1599,1602,1601,1600,1635,0,21.052631378173828,0,0,0,0,0,14.285715103149414,214428.51239013672,233047.9849243164,76921.22644042969,0.3406982421875,33572028416,0,866549760,0
1,1762395857651,1600,1599,1600,1599,1602,1601,1600,1635,0,21.052631378173828,0,0,0,0,0,14.285715103149414,214428.51336669922,233047.99029541016,76921.22863769531,0.3406982421875,33572028416,0,866549760,0
1,1762395857652,1600,1599,1600,1599,1602,1601,1600,1635,0,21.052631378173828,0,0,0,0,0,14.285715103149414,214428.51434326172,233047.99517822266,76921.23052978516,0.3406982421875,33572028416,0,866549760,0
1,1762395857653,1600,1599,1600,1599,1602,1601,1600,1635,0,21.052631378173828,0,0,0,0,0,14.285715103149414,214428.51538085938,233048.00036621094,76921.23229980469,0.3406982421875,33572028416,0,866549760,0
1,1762395857654,1600,1599,1600,1599,1602,1601,1600,1635,0,21.052631378173828,0,0,0,0,0,14.285715103149414,214428.51733398438,233048.00946044922,76921.234375,0.3406982421875,33572028416,0,866549760,0
0,1762395857655,1600,1599,1600,1599,1602,1601,1600,1635,0,21.052631378173828,0,0,0,0,0,14.285715103149414,214428.51837158203,233048.01489257813,76921.23663330078,0.3406982421875,33572028416,0,866549760,0
0,1762395857656,1600,1599,1600,1599,1602,1601,1600,1635,0,21.052631378173828,0,0,0,0,0,14.285715103149414,214428.51934814453,233048.0199584961,76921.23913574219,0.3406982421875,33572028416,0,866549760,0
0,1762395857658,1600,1599,1600,1599,1602,1601,1600,1635,0,21.052631378173828,0,0,0,0,0,14.285715103149414,214428.5203857422,233048.02557373047,76921.24133300781,0.3406982421875,33572028416,0,866549760,0
0,1762395857659,1600,1599,1600,1599,1602,1601,1600,1635,0,21.052631378173828,0,0,0,0,0,14.285715103149414,214428.5213623047,233048.03106689453,76921.24395751953,0.3406982421875,33572028416,0,866549760,0
0,1762395857660,1600,1599,1600,1599,1602,1601,1600,1635,0,21.052631378173828,0,0,0,0,0,14.285715103149414,214428.5223388672,233048.03631591797,76921.24645996094,0.3406982421875,33572028416,0,866549760,0
1,1762395857661,1600,1599,1600,1599,1602,1601,1600,1635,0,21.052631378173828,0,0,0,0,0,14.285715103149414,214428.52337646484,233048.04193115234,76921.24896240234,0.3406982421875,33572028416,0,866549760,0
1,1762395857662,1600,1599,1600,1599,1602,1601,1600,1635,0,21.052631378173828,0,0,0,0,0,14.285715103149414,214428.5244140625,233048.04748535156,76921.2514038086,0.3406982421875,33572028416,0,866549760,0
1,1762395857663,1600,1599,1600,1599,1602,1601,1600,1635,0,21.052631378173828,0,0,0,0,0,14.285715103149414,214428.52532958984,233048.05267333984,76921.25360107422,0.3406982421875,33572028416,0,866549760,0
0,1762395857664,1600,1599,1600,1599,1602,1601,1600,1635,0,21.052631378173828,0,0,0,0,0,14.285715103149414,214428.5263671875,233048.05767822266,76921.25537109375,0.3406982421875,33572028416,0,866549760,0
1,1762395857665,1600,1599,1600,1599,1602,1601,1600,1635,0,21.052631378173828,0,0,0,0,0,14.285715103149414,214428.52740478516,233048.06286621094,76921.25762939453,0.3406982421875,33572028416,0,866549760,0
0,1762395857666,1600,1599,1600,1599,1602,1601,1600,1635,0,21.052631378173828,0,0,0,0,0,14.285715103149414,214428.52935791016,233048.07250976563,76921.25958251953,0.3406982421875,33572028416,0,866549760,0
0,1762395857667,1600,1599,1600,1599,1602,1601,1600,1635,0,21.052631378173828,0,0,0,0,0,14.285715103149414,214428.5303955078,233048.0775756836,76921.26190185547,0.3406982421875,33572028416,0,866549760,0
0,1762395857668,1600,1599,1600,1599,1602,1601,1600,1635,0,21.052631378173828,0,0,0,0,0,14.285715103149414,214428.5313720703,233048.08264160156,76921.26391601563,0.3406982421875,33572028416,0,866549760,0
0,1762395857669,1600,1599,1600,1599,1602,1601,1600,1635,0,21.052631378173828,0,0,0,0,0,14.285715103149414,214428.5323486328,233048.08807373047,76921.26690673828,0.3406982421875,33572028416,0,866549760,0
0,1762395857670,1600,1599,1600,1599,1602,1601,1600,1635,0,21.052631378173828,0,0,0,0,0,14.285715103149414,214428.53338623047,233048.09405517578,76921.26934814453,0.3406982421875,33572028416,0,866549760,0
0,1762395857672,1600,1599,1600,1599,1602,1601,1600,1635,0,21.052631378173828,0,0,0,0,0,14.285715103149414,214428.53436279297,233048.099609375,76921.27178955078,0.3406982421875,33572028416,0,866549760,0
0,1762395857673,1600,1599,1600,1599,1602,1601,1600,1635,0,21.052631378173828,0,0,0,0,0,14.285715103149414,214428.53540039063,233048.10516357422,76921.27447509766,0.3406982421875,33572028416,0,866549760,0
0,1762395857674,1600,1599,1600,1599,1602,1601,1600,1635,0,21.052631378173828,0,0,0,0,0,14.285715103149414,214428.53637695313,233048.11083984375,76921.27709960938,0.3406982421875,33572028416,0,866549760,0
1,1762395857675,1600,1599,1600,1599,1602,1601,1600,1635,0,21.052631378173828,0,0,0,0,0,14.285715103149414,214428.53735351563,233048.1163330078,76921.27966308594,0.3406982421875,33572028416,0,866549760,0
1,1762395857676,1600,1599,1600,1599,1602,1601,1600,1635,0,21.052631378173828,0,0,0,0,0,14.285715103149414,214428.53839111328,233048.1220703125,76921.28198242188,0.3406982421875,33572028416,0,866549760,0
1,1762395857677,1600,1599,1600,1599,1602,1601,1600,1635,0,21.052631378173828,0,0,0,0,0,14.285715103149414,214428.53936767578,233048.12719726563,76921.28424072266,0.3406982421875,33572028416,0,866549760,0
1,1762395857678,1600,1599,1600,1599,1602,1601,1600,1635,0,21.052631378173828,0,0,0,0,0,14.285715103149414,214428.54040527344,233048.13232421875,76921.28619384766,0.3406982421875,33572028416,0,866549760,0
0,1762395857679,1600,1599,1600,1599,1602,1601,1600,1635,0,21.052631378173828,0,0,0,0,0,14.285715103149414,214428.54235839844,233048.1421508789,76921.28820800781,0.3406982421875,33572028416,0,866549760,0
0,1762395857680,1600,1599,1600,1599,1602,1601,1600,1635,0,21.052631378173828,0,0,0,0,0,14.285715103149414,214428.54235839844,233048.1421508789,76921.29071044922,0.3406982421875,33572028416,0,866549760,0
0,1762395857681,1600,1599,1600,1599,1602,1601,1600,1635,0,21.052631378173828,0,0,0,0,0,14.285715103149414,214428.5443725586,233048.14776611328,76921.29309082031,0.3406982421875,33572028416,0,866549760,0
0,1762395857682,1600,1599,1600,1599,1602,1601,1600,1635,0,21.052631378173828,0,0,0,0,0,14.285715103149414,214428.54541015625,233048.15850830078,76921.29541015625,0.3406982421875,33572028416,0,866549760,0
0,1762395857683,1600,1599,1600,1599,1602,1601,1600,1635,0,21.052631378173828,0,0,0,0,0,14.285715103149414,214428.54638671875,233048.16387939453,76921.29864501953,0.3406982421875,33572028416,0,866549760,0
0,1762395857685,1600,1599,1600,1599,1602,1601,1600,1635,0,21.052631378173828,0,0,0,0,0,14.285715103149414,214428.5474243164,233048.16955566406,76921.30096435547,0.3406982421875,33572028416,0,866549760,0
0,1762395857686,1600,1599,1600,1599,1602,1601,1600,1635,0,21.052631378173828,0,0,0,0,0,14.285715103149414,214428.5484008789,233048.1749267578,76921.3031616211,0.3406982421875,33572028416,0,866549760,0
0,1762395857687,1600,1599,1600,1599,1602,1601,1600,1635,0,21.052631378173828,0,0,0,0,0,14.285715103149414,214428.54943847656,233048.18041992188,76921.3056640625,0.3406982421875,33572028416,0,866549760,0
0,1762395857688,1600,1599,1600,1599,1602,1601,1600,1635,0,21.052631378173828,0,0,0,0,0,14.285715103149414,214428.5503540039,233048.18579101563,76921.30841064453,0.3406982421875,33572028416,0,866549760,0
1,1762395857689,1600,1599,1600,1599,1602,1601,1600,1635,0,21.052631378173828,0,0,0,0,0,14.285715103149414,214428.55139160156,233048.19146728516,76921.31103515625,0.3406982421875,33572028416,0,866549760,0
1,1762395857690,1600,1599,1600,1599,1602,1601,1600,1635,0,21.052631378173828,0,0,0,0,0,14.285715103149414,214428.55236816406,233048.19702148438,76921.31329345703,0.3406982421875,33572028416,0,866549760,0
1,1762395857691,1600,1599,1600,1599,1602,1601,1600,1635,0,21.052631378173828,0,0,0,0,0,14.285715103149414,214428.55340576172,233048.20245361328,76921.31567382813,0.3406982421875,33572028416,0,866549760,0
0,1762395857692,1600,1599,1600,1599,1602,1601,1600,1635,0,21.052631378173828,0,0,0,0,0,14.285715103149414,214428.55438232422,233048.20782470703,76921.3178100586,0.3406982421875,33572028416,0,866549760,0
0,1762395857693,1600,1599,1600,1599,1602,1601,1600,1635,0,21.052631378173828,0,0,0,0,0,14.285715103149414,214428.55541992188,233048.21282958984,76921.32012939453,0.3406982421875,33572028416,0,866549760,0
0,1762395857694,1600,1599,1600,1599,1602,1601,1600,1635,0,21.052631378173828,0,0,0,0,0,14.285715103149414,214428.55639648438,233048.2182006836,76921.32250976563,0.3406982421875,33572028416,0,866549760,0
0,1762395857695,1600,1599,1600,1599,1602,1601,1600,1635,0,21.052631378173828,0,0,0,0,0,14.285715103149414,214428.55737304688,233048.2235107422,76921.32446289063,0.3406982421875,33572028416,0,866549760,0
0,1762395857696,1600,1599,1600,1599,1602,1601,1600,1635,0,21.052631378173828,0,0,0,0,0,14.285715103149414,214428.55938720703,233048.22821044922,76921.3265991211,0.3406982421875,33572028416,0,866549760,0
0,1762395857697,1600,1599,1600,1599,1602,1601,1600,1635,0,21.052631378173828,0,0,0,0,0,14.285715103149414,214428.5604248047,233048.2388305664,76921.32916259766,0.3406982421875,33572028416,0,866549760,0
0,1762395857698,1600,1599,1600,1599,1602,1601,1600,1635,0,21.052631378173828,0,0,0,0,0,14.285715103149414,214428.5614013672,233048.24420166016,76921.33190917969,0.3406982421875,33572028416,0,866549760,0
0,1762395857699,1600,1599,1600,1599,1602,1601,1600,1635,0,21.052631378173828,0,0,0,0,0,14.285715103149414,214428.56243896484,233048.24951171875,76921.33410644531,0.3406982421875,33572028416,0,866549760,0
0,1762395857701,1600,1599,1600,1599,1602,1601,1600,1635,0,21.052631378173828,0,0,0,0,0,14.285715103149414,214428.56341552734,233048.25494384766,76921.33654785156,0.3406982421875,33572028416,0,866549760,0
0,1762395857702,1600,1599,1600,1599,1602,1601,1600,1635,0,21.052631378173828,0,0,0,0,0,14.285715103149414,214428.564453125,233048.26043701172,76921.33898925781,0.3406982421875,33572028416,0,866549760,0
0,1762395857703,1600,1599,1600,1599,1602,1601,1600,1635,0,21.052631378173828,0,0,0,0,0,14.285715103149414,214428.5654296875,233048.2657470703,76921.34149169922,0.3406982421875,33572028416,0,866549760,0
1,1762395857704,1600,1599,1600,1599,1602,1601,1600,1635,0,21.052631378173828,0,0,0,0,0,14.285715103149414,214428.56646728516,233048.27142333984,76921.34405517578,0.3406982421875,33572028416,0,866549760,0
1,1762395857705,1600,1599,1600,1599,1602,1601,1600,1635,0,21.052631378173828,0,0,0,0,0,14.285715103149414,214428.56744384766,233048.27697753906,76921.34637451172,0.3406982421875,33572028416,0,866549760,0
1,1762395857706,1600,1599,1600,1599,1602,1601,1600,1635,0,21.052631378173828,0,0,0,0,0,14.285715103149414,214428.56842041016,233048.28228759766,76921.34869384766,0.3406982421875,33572028416,0,866549760,0
1,1762395857707,1600,1599,1600,1599,1602,1601,1600,1635,0,21.052631378173828,0,0,0,0,0,14.285715103149414,214428.56939697266,233048.28735351563,76921.35052490234,0.3406982421875,33572028416,0,866549760,0
0,1762395857708,1600,1599,1600,1599,1602,1601,1600,1635,0,21.052631378173828,0,0,0,0,0,14.285715103149414,214428.57147216797,233048.2924194336,76921.35235595703,0.3406982421875,33572028416,0,866549760,0
0,1762395857709,1600,1599,1600,1599,1602,1601,1600,1635,0,21.052631378173828,0,0,0,0,0,14.285715103149414,214428.5723876953,233048.30249023438,76921.3550415039,0.3406982421875,33572028416,0,866549760,0
0,1762395857710,1600,1599,1600,1599,1602,1601,1600,1635,0,21.052631378173828,0,0,0,0,0,14.285715103149414,214428.57342529297,233048.30798339844,76921.35766601563,0.3406982421875,33572028416,0,866549760,0
1,1762395857711,1600,1599,1600,1599,1602,1601,1600,1635,0,21.052631378173828,0,0,0,0,0,14.285715103149414,214428.57440185547,233048.31329345703,76921.35986328125,0.3406982421875,33572028416,0,866549760,0
0,1762395857712,1600,1599,1600,1599,1602,1601,1600,1635,0,21.052631378173828,0,0,0,0,0,14.285715103149414,214428.57543945313,233048.318359375,76921.36212158203,0.3406982421875,33572028416,0,866549760,0
0,1762395857714,1600,1599,1600,1599,1602,1601,1600,1635,0,21.052631378173828,0,0,0,0,0,14.285715103149414,214428.57647705078,233048.32373046875,76921.36444091797,0.3406982421875,33572028416,0,866549760,0
0,1762395857715,1600,1599,1600,1599,1602,1601,1600,1635,0,21.052631378173828,0,0,0,0,0,14.285715103149414,214428.57745361328,233048.32873535156,76921.3662109375,0.3406982421875,33572028416,0,866549760,0
1,1762395857716,1600,1599,1600,1599,1602,1601,1600,1635,0,21.052631378173828,0,0,0,0,0,14.285715103149414,214428.57843017578,233048.33337402344,76921.36785888672,0.3406982421875,33572028416,0,866549760,0
1,1762395857717,1600,1599,1600,1599,1602,1601,1600,1635,0,21.052631378173828,0,0,0,0,0,14.285715103149414,214428.57946777344,233048.33819580078,76921.36944580078,0.3406982421875,33572028416,0,866549760,0
1,1762395857718,1600,1599,1600,1599,1602,1601,1600,1635,0,21.052631378173828,0,0,0,0,0,14.285715103149414,214428.58038330078,233048.3427734375,76921.37091064453,0.3406982421875,33572028416,0,866549760,0
1,1762395857719,1600,1599,1600,1599,1602,1601,1600,1635,0,21.052631378173828,0,0,0,0,0,14.285715103149414,214428.58142089844,233048.34735107422,76921.37213134766,0.3406982421875,33572028416,0,866549760,0
1,1762395857720,1600,1599,1600,1599,1602,1601,1600,1635,0,21.052631378173828,0,0,0,0,0,14.285715103149414,214428.58239746094,233048.35174560547,76921.37365722656,0.3406982421875,33572028416,0,866549760,0
1,1762395857721,1600,1599,1600,1599,1602,1601,1600,1635,0,21.052631378173828,0,0,0,0,0,14.285715103149414,214428.58337402344,233048.35620117188,76921.37524414063,0.3406982421875,33572028416,0,866549760,0
1,1762395857722,1600,1599,1600,1599,1602,1601,1600,1635,0,21.052631378173828,0,0,0,0,0,14.285715103149414,214428.5853881836,233048.36492919922,76921.37658691406,0.3406982421875,33572028416,0,866549760,0
0,1762395857723,1600,1599,1600,1599,1602,1601,1600,1635,0,21.052631378173828,0,0,0,0,0,14.285715103149414,214428.5863647461,233048.369140625,76921.3779296875,0.3406982421875,33572028416,0,866549760,0
0,1762395857725,1600,1599,1600,1599,1602,1601,1600,1635,0,21.052631378173828,0,0,0,0,0,14.285715103149414,214428.5873413086,233048.37329101563,76921.37908935547,0.3406982421875,33572028416,0,866549760,0
0,1762395857726,1600,1599,1600,1599,1602,1601,1600,1635,0,21.052631378173828,0,0,0,0,0,14.285715103149414,214428.5883178711,233048.37768554688,76921.3804321289,0.3406982421875,33572028416,0,866549760,0
1,1762395857727,1600,1599,1600,1599,1602,1601,1600,1635,0,21.052631378173828,0,0,0,0,0,14.285715103149414,214428.5892944336,233048.38220214844,76921.38220214844,0.3406982421875,33572028416,0,866549760,0
1,1762395857728,1600,1599,1600,1599,1602,1601,1600,1635,0,21.052631378173828,0,0,0,0,0,14.285715103149414,214428.59033203125,233048.3871459961,76921.38397216797,0.3406982421875,33572028416,0,866549760,0
1,1762395857729,1600,1599,1600,1599,1602,1601,1600,1635,0,21.052631378173828,0,0,0,0,0,14.285715103149414,214428.59130859375,233048.3917236328,76921.38543701172,0.3406982421875,33572028416,0,866549760,0
1,1762395857730,1600,1599,1600,1599,1602,1601,1600,1635,0,21.052631378173828,0,0,0,0,0,14.285715103149414,214428.5923461914,233048.396484375,76921.38677978516,0.3406982421875,33572028416,0,866549760,0
1,1762395857731,1600,1599,1600,1599,1602,1601,1600,1635,0,21.052631378173828,0,0,0,0,0,14.285715103149414,214428.5933227539,233048.4009399414,76921.3881225586,0.3406982421875,33572028416,0,866549760,0
1,1762395857732,1600,1599,1600,1599,1602,1601,1600,1635,0,21.052631378173828,0,0,0,0,0,14.285715103149414,214428.5942993164,233048.4051513672,76921.38946533203,0.3406982421875,33572028416,0,866549760,0
1,1762395857733,1600,1599,1600,1599,1602,1601,1600,1635,0,21.052631378173828,0,0,0,0,0,14.285715103149414,214428.5962524414,233048.41345214844,76921.390625,0.3406982421875,33572028416,0,866549760,0
0,1762395857734,1600,1599,1600,1599,1602,1601,1600,1635,0,21.052631378173828,0,0,0,0,0,14.285715103149414,214428.5972290039,233048.41778564453,76921.3921508789,0.3406982421875,33572028416,0,866549760,0
0,1762395857736,1600,1599,1600,1599,1602,1601,1600,1635,0,21.052631378173828,0,0,0,0,0,14.285715103149414,214428.59826660156,233048.4223022461,76921.39361572266,0.3406982421875,33572028416,0,866549760,0
1,1762395857737,1600,1599,1600,1599,1602,1601,1600,1635,0,21.052631378173828,0,0,0,0,0,14.285715103149414,214428.59924316406,233048.42706298828,76921.39514160156,0.3406982421875,33572028416,0,866549760,0
1,1762395857738,1600,1599,1600,1599,1602,1601,1600,1635,0,21.052631378173828,0,0,0,0,0,14.285715103149414,214428.60021972656,233048.4315185547,76921.39654541016,0.3406982421875,33572028416,0,866549760,0
1,1762395857739,1600,1599,1600,1599,1602,1601,1600,1635,0,21.052631378173828,0,0,0,0,0,14.285715103149414,214428.60119628906,233048.4359741211,76921.39782714844,0.3406982421875,33572028416,0,866549760,0
1,1762395857740,1600,1599,1600,1599,1602,1601,1600,1635,0,21.052631378173828,0,0,0,0,0,14.285715103149414,214428.60223388672,233048.4404296875,76921.39916992188,0.3406982421875,33572028416,0,866549760,0
1,1762395857741,1600,1599,1600,1599,1602,1601,1600,1635,0,21.052631378173828,0,0,0,0,0,14.285715103149414,214428.60321044922,233048.44500732422,76921.4008178711,0.3406982421875,33572028416,0,866549760,0
1,1762395857742,1600,1599,1600,1599,1602,1601,1600,1635,0,21.052631378173828,0,0,0,0,0,14.285715103149414,214428.60418701172,233048.44952392578,76921.40216064453,0.3406982421875,33572028416,0,866549760,0
1,1762395857743,1600,1599,1600,1599,1602,1601,1600,1635,0,21.052631378173828,0,0,0,0,0,14.285715103149414,214428.60614013672,233048.45776367188,76921.40344238281,0.3406982421875,33572028416,0,866549760,0
0,1762395857744,1600,1599,1600,1599,1602,1601,1600,1635,0,21.052631378173828,0,0,0,0,0,14.285715103149414,214428.60711669922,233048.46197509766,76921.40478515625,0.3406982421875,33572028416,0,866549760,0
0,1762395857746,1600,1599,1600,1599,1602,1601,1600,1635,0,21.052631378173828,0,0,0,0,0,14.285715103149414,214428.60815429688,233048.46630859375,76921.40594482422,0.3406982421875,33572028416,0,866549760,0
0,1762395857747,1600,1599,1600,1599,1602,1601,1600,1635,0,21.052631378173828,0,0,0,0,0,14.285715103149414,214428.60913085938,233048.470703125,76921.4072265625,0.3406982421875,33572028416,0,866549760,0
1,1762395857748,1600,1599,1600,1599,1602,1601,1600,1635,0,21.052631378173828,0,0,0,0,0,14.285715103149414,214428.61010742188,233048.4750366211,76921.40869140625,0.3406982421875,33572028416,0,866549760,0
1,1762395857749,1600,1599,1600,1599,1602,1601,1600,1635,0,21.052631378173828,0,0,0,0,0,14.285715103149414,214428.61114501953,233048.47967529297,76921.41027832031,0.3406982421875,33572028416,0,866549760,0
1,1762395857750,1600,1599,1600,1599,1602,1601,1600,1635,0,21.052631378173828,0,0,0,0,0,14.285715103149414,214428.61212158203,233048.48443603516,76921.41198730469,0.3406982421875,33572028416,0,866549760,0
1,1762395857751,1600,1599,1600,1599,1602,1601,1600,1635,0,21.052631378173828,0,0,0,0,0,14.285715103149414,214428.61309814453,233048.48919677734,76921.41333007813,0.3406982421875,33572028416,0,866549760,0
1,1762395857752,1600,1599,1600,1599,1602,1601,1600,1635,0,21.052631378173828,0,0,0,0,0,14.285715103149414,214428.61407470703,233048.4937133789,76921.41473388672,0.3406982421875,33572028416,0,866549760,0
1,1762395857753,1600,1599,1600,1599,1602,1601,1600,1635,0,21.052631378173828,0,0,0,0,0,14.285715103149414,214428.61505126953,233048.4979248047,76921.41613769531,0.3406982421875,33572028416,0,866549760,0
1,1762395857754,1600,1599,1600,1599,1602,1601,1600,1635,0,21.052631378173828,0,0,0,0,0,14.285715103149414,214428.6170654297,233048.50616455078,76921.41723632813,0.3406982421875,33572028416,0,866549760,0
0,1762395857755,1600,1599,1600,1599,1602,1601,1600,1635,0,21.052631378173828,0,0,0,0,0,14.285715103149414,214428.6180419922,233048.5106201172,76921.41882324219,0.3406982421875,33572028416,0,866549760,0
0,1762395857757,1600,1599,1600,1599,1602,1601,1600,1635,0,21.052631378173828,0,0,0,0,0,14.285715103149414,214428.61907958984,233048.51513671875,76921.42016601563,0.3406982421875,33572028416,0,866549760,0
0,1762395857758,1600,1599,1600,1599,1602,1601,1600,1635,0,21.052631378173828,0,0,0,0,0,14.285715103149414,214428.6199951172,233048.51953125,76921.42169189453,0.3406982421875,33572028416,0,866549760,0
1,1762395857759,1600,1599,1600,1599,1602,1601,1600,1635,0,21.052631378173828,0,0,0,0,0,14.285715103149414,214428.62103271484,233048.5242919922,76921.42333984375,0.3406982421875,33572028416,0,866549760,0
1,1762395857760,1600,1599,1600,1599,1602,1601,1600,1635,0,21.052631378173828,0,0,0,0,0,14.285715103149414,214428.62200927734,233048.5288696289,76921.42462158203,0.3406982421875,33572028416,0,866549760,0
1,1762395857761,1600,1599,1600,1599,1602,1601,1600,1635,0,21.052631378173828,0,0,0,0,0,14.285715103149414,214428.62298583984,233048.53338623047,76921.42608642578,0.3406982421875,33572028416,0,866549760,0
1,1762395857762,1600,1599,1600,1599,1602,1601,1600,1635,0,21.052631378173828,0,0,0,0,0,14.285715103149414,214428.6240234375,233048.53784179688,76921.42749023438,0.3406982421875,33572028416,0,866549760,0
1,1762395857763,1600,1599,1600,1599,1602,1601,1600,1635,0,21.052631378173828,0,0,0,0,0,14.285715103149414,214428.625,233048.54229736328,76921.42889404297,0.3406982421875,33572028416,0,866549760,0
1,1762395857764,1600,1599,1600,1599,1602,1601,1600,1635,0,21.052631378173828,0,0,0,0,0,14.285715103149414,214428.6259765625,233048.54681396484,76921.43029785156,0.3406982421875,33572028416,0,866549760,0
1,1762395857765,1600,1599,1600,1599,1602,1601,1600,1635,0,21.052631378173828,0,0,0,0,0,14.285715103149414,214428.62799072266,233048.55517578125,76921.43151855469,0.3406982421875,33572028416,0,866549760,0
0,1762395857766,1600,1599,1600,1599,1602,1601,1600,1635,0,21.052631378173828,0,0,0,0,0,14.285715103149414,214428.62896728516,233048.5594482422,76921.43286132813,0.3406982421875,33572028416,0,866549760,0
0,1762395857768,1600,1599,1600,1599,1602,1601,1600,1635,0,21.052631378173828,0,0,0,0,0,14.285715103149414,214428.62994384766,233048.56384277344,76921.43408203125,0.3406982421875,33572028416,0,866549760,0
0,1762395857769,1600,1599,1600,1599,1602,1601,1600,1635,0,21.052631378173828,0,0,0,0,0,14.285715103149414,214428.63092041016,233048.56811523438,76921.43548583984,0.3406982421875,33572028416,0,866549760,0
1,1762395857770,1600,1599,1600,1599,1602,1601,1600,1635,0,21.052631378173828,0,0,0,0,0,14.285715103149414,214428.6319580078,233048.57275390625,76921.43713378906,0.3406982421875,33572028416,0,866549760,0
1,1762395857771,1600,1599,1600,1599,1602,1601,1600,1635,0,21.052631378173828,0,0,0,0,0,14.285715103149414,214428.6329345703,233048.57739257813,76921.43872070313,0.3406982421875,33572028416,0,866549760,0
1,1762395857772,1600,1599,1600,1599,1602,1601,1600,1635,0,21.052631378173828,0,0,0,0,0,14.285715103149414,214428.6339111328,233048.58203125,76921.44018554688,0.3406982421875,33572028416,0,866549760,0
1,1762395857773,1600,1599,1600,1599,1602,1601,1600,1635,0,21.052631378173828,0,0,0,0,0,14.285715103149414,214428.6348876953,233048.5867919922,76921.44165039063,0.3406982421875,33572028416,0,866549760,0
0,1762395857774,1600,1599,1600,1599,1602,1601,1600,1635,0,21.052631378173828,0,0,0,0,0,14.285715103149414,214428.63592529297,233048.59118652344,76921.4429321289,0.3406982421875,33572028416,0,866549760,0
1,1762395857775,1600,1599,1600,1599,1602,1601,1600,1635,0,21.052631378173828,0,0,0,0,0,14.285715103149414,214428.63690185547,233048.59539794922,76921.44427490234,0.3406982421875,33572028416,0,866549760,0
1,1762395857776,1600,1599,1600,1599,1602,1601,1600,1635,0,21.052631378173828,0,0,0,0,0,14.285715103149414,214428.63885498047,233048.60357666016,76921.4453125,0.3406982421875,33572028416,0,866549760,0
0,1762395857778,1600,1599,1600,1599,1602,1601,1600,1635,0,21.052631378173828,0,0,0,0,0,14.285715103149414,214428.63983154297,233048.6079711914,76921.4468383789,0.3406982421875,33572028416,0,866549760,0
0,1762395857779,1600,1599,1600,1599,1602,1601,1600,1635,0,21.052631378173828,0,0,0,0,0,14.285715103149414,214428.64080810547,233048.61248779297,76921.44836425781,0.3406982421875,33572028416,0,866549760,0
0,1762395857780,1600,1599,1600,1599,1602,1601,1600,1635,0,21.052631378173828,0,0,0,0,0,14.285715103149414,214428.64184570313,233048.61712646484,76921.44982910156,0.3406982421875,33572028416,0,866549760,0
1,1762395857781,1600,1599,1600,1599,1602,1601,1600,1635,0,21.052631378173828,0,0,0,0,0,14.285715103149414,214428.64282226563,233048.62170410156,76921.45135498047,0.3406982421875,33572028416,0,866549760,0
1,1762395857782,1600,1599,1600,1599,1602,1601,1600,1635,0,21.052631378173828,0,0,0,0,0,14.285715103149414,214428.64379882813,233048.62615966797,76921.45251464844,0.3406982421875,33572028416,0,866549760,0
1,1762395857783,1600,1599,1600,1599,1602,1601,1600,1635,0,21.052631378173828,0,0,0,0,0,14.285715103149414,214428.64477539063,233048.63061523438,76921.45397949219,0.3406982421875,33572028416,0,866549760,0
1,1762395857784,1600,1599,1600,1599,1602,1601,1600,1635,0,21.052631378173828,0,0,0,0,0,14.285715103149414,214428.64581298828,233048.63525390625,76921.45556640625,0.3406982421875,33572028416,0,866549760,0
1,1762395857785,1600,1599,1600,1599,1602,1601,1600,1635,0,21.052631378173828,0,0,0,0,0,14.285715103149414,214428.64678955078,233048.63989257813,76921.45684814453,0.3406982421875,33572028416,0,866549760,0
1,1762395857786,1600,1599,1600,1599,1602,1601,1600,1635,0,21.052631378173828,0,0,0,0,0,14.285715103149414,214428.64776611328,233048.6441040039,76921.45819091797,0.3406982421875,33572028416,0,866549760,0
1,1762395857787,1600,1599,1600,1599,1602,1601,1600,1635,0,21.052631378173828,0,0,0,0,0,14.285715103149414,214428.64978027344,233048.65252685547,76921.45947265625,0.3406982421875,33572028416,0,866549760,0
0,1762395857788,1600,1599,1600,1599,1602,1601,1600,1635,0,21.052631378173828,0,0,0,0,0,14.285715103149414,214428.65075683594,233048.65673828125,76921.46081542969,0.3406982421875,33572028416,0,866549760,0
0,1762395857790,1600,1599,1600,1599,1602,1601,1600,1635,10.526315689086914,0,0,0,0,0,0,15.789472579956055,214428.65173339844,233048.66094970703,76921.46215820313,0.3406982421875,33572028416,0,866549760,0
0,1762395857791,1600,1599,1600,1599,1602,1601,1600,1635,10.526315689086914,0,0,0,0,0,0,15.789472579956055,214428.65270996094,233048.6655883789,76921.46362304688,0.3406982421875,33572028416,0,866549760,0
1,1762395857792,1600,1599,1600,1599,1602,1601,1600,1635,10.526315689086914,0,0,0,0,0,0,15.789472579956055,214428.65368652344,233048.67016601563,76921.4652709961,0.3406982421875,33572028416,0,866549760,0
1,1762395857793,1600,1599,1600,1599,1602,1601,1600,1635,10.526315689086914,0,0,0,0,0,0,15.789472579956055,214428.6547241211,233048.67486572266,76921.46667480469,0.3406982421875,33572028416,0,866549760,0
1,1762395857794,1600,1599,1600,1599,1602,1601,1600,1635,10.526315689086914,0,0,0,0,0,0,15.789472579956055,214428.6557006836,233048.67950439453,76921.46826171875,0.3406982421875,33572028416,0,866549760,0
1,1762395857795,1600,1599,1600,1599,1602,1601,1600,1635,10.526315689086914,0,0,0,0,0,0,15.789472579956055,214428.6566772461,233048.68408203125,76921.46954345703,0.3406982421875,33572028416,0,866549760,0
1,1762395857796,1600,1599,1600,1599,1602,1601,1600,1635,10.526315689086914,0,0,0,0,0,0,15.789472579956055,214428.6576538086,233048.68841552734,76921.47088623047,0.3406982421875,33572028416,0,866549760,0
1,1762395857797,1600,1599,1600,1599,1602,1601,1600,1635,10.526315689086914,0,0,0,0,0,0,15.789472579956055,214428.6586303711,233048.69274902344,76921.47216796875,0.3406982421875,33572028416,0,866549760,0
1,1762395857798,1600,1599,1600,1599,1602,1601,1600,1635,10.526315689086914,0,0,0,0,0,0,15.789472579956055,214428.66064453125,233048.7012939453,76921.47357177734,0.3406982421875,33572028416,0,866549760,0
0,1762395857799,1600,1599,1600,1599,1602,1601,1600,1635,10.526315689086914,0,0,0,0,0,0,15.789472579956055,214428.66162109375,233048.7056274414,76921.4751586914,0.3406982421875,33572028416,0,866549760,0
0,1762395857801,1600,1599,1600,1599,1602,1601,1600,1635,10.526315689086914,0,0,0,0,0,0,15.789472579956055,214428.66259765625,233048.7099609375,76921.47650146484,0.3406982421875,33572028416,0,866549760,0
0,1762395857802,1600,1599,1600,1599,1602,1601,1600,1635,10.526315689086914,0,0,0,0,0,0,15.789472579956055,214428.6636352539,233048.71459960938,76921.47784423828,0.3406982421875,33572028416,0,866549760,0
1,1762395857803,1600,1599,1600,1599,1602,1601,1600,1635,10.526315689086914,0,0,0,0,0,0,15.789472579956055,214428.6646118164,233048.71899414063,76921.47937011719,0.3406982421875,33572028416,0,866549760,0
1,1762395857804,1600,1599,1600,1599,1602,1601,1600,1635,10.526315689086914,0,0,0,0,0,0,15.789472579956055,214428.66564941406,233048.7236328125,76921.48071289063,0.3406982421875,33572028416,0,866549760,0
1,1762395857805,1600,1599,1600,1599,1602,1601,1600,1635,10.526315689086914,0,0,0,0,0,0,15.789472579956055,214428.66662597656,233048.7280883789,76921.48236083984,0.3406982421875,33572028416,0,866549760,0
1,1762395857806,1600,1599,1600,1599,1602,1601,1600,1635,10.526315689086914,0,0,0,0,0,0,15.789472579956055,214428.66760253906,233048.73272705078,76921.48376464844,0.3406982421875,33572028416,0,866549760,0
1,1762395857807,1600,1599,1600,1599,1602,1601,1600,1635,10.526315689086914,0,0,0,0,0,0,15.789472579956055,214428.66857910156,233048.73724365234,76921.48510742188,0.3406982421875,33572028416,0,866549760,0
1,1762395857808,1600,1599,1600,1599,1602,1601,1600,1635,10.526315689086914,0,0,0,0,0,0,15.789472579956055,214428.66955566406,233048.74145507813,76921.48638916016,0.3406982421875,33572028416,0,866549760,0
1,1762395857809,1600,1599,1600,1599,1602,1601,1600,1635,10.526315689086914,0,0,0,0,0,0,15.789472579956055,214428.67156982422,233048.74993896484,76921.48748779297,0.3406982421875,33572028416,0,866549760,0
0,1762395857810,1600,1599,1600,1599,1602,1601,1600,1635,10.526315689086914,0,0,0,0,0,0,15.789472579956055,214428.67254638672,233048.75408935547,76921.48901367188,0.3406982421875,33572028416,0,866549760,0
0,1762395857812,1600,1599,1600,1599,1602,1601,1600,1635,10.526315689086914,0,0,0,0,0,0,15.789472579956055,214428.67352294922,233048.75842285156,76921.49017333984,0.3406982421875,33572028416,0,866549760,0
0,1762395857813,1600,1599,1600,1599,1602,1601,1600,1635,10.526315689086914,0,0,0,0,0,0,15.789472579956055,214428.67449951172,233048.76300048828,76921.49188232422,0.3406982421875,33572028416,0,866549760,0
1,1762395857814,1600,1599,1600,1599,1602,1601,1600,1635,10.526315689086914,0,0,0,0,0,0,15.789472579956055,214428.67547607422,233048.76751708984,76921.49377441406,0.3406982421875,33572028416,0,866549760,0
1,1762395857815,1600,1599,1600,1599,1602,1601,1600,1635,10.526315689086914,0,0,0,0,0,0,15.789472579956055,214428.67651367188,233048.7725830078,76921.4951171875,0.3406982421875,33572028416,0,866549760,0
1,1762395857816,1600,1599,1600,1599,1602,1601,1600,1635,10.526315689086914,0,0,0,0,0,0,15.789472579956055,214428.67749023438,233048.77716064453,76921.4965209961,0.3406982421875,33572028416,0,866549760,0
1,1762395857817,1600,1599,1600,1599,1602,1601,1600,1635,10.526315689086914,0,0,0,0,0,0,15.789472579956055,214428.67852783203,233048.7816772461,76921.49786376953,0.3406982421875,33572028416,0,866549760,0
1,1762395857818,1600,1599,1600,1599,1602,1601,1600,1635,10.526315689086914,0,0,0,0,0,0,15.789472579956055,214428.67944335938,233048.78594970703,76921.49920654297,0.3406982421875,33572028416,0,866549760,0
1,1762395857819,1600,1599,1600,1599,1602,1601,1600,1635,10.526315689086914,0,0,0,0,0,0,15.789472579956055,214428.68048095703,233048.7904663086,76921.50067138672,0.3406982421875,33572028416,0,866549760,0
1,1762395857820,1600,1599,1600,1599,1602,1601,1600,1635,10.526315689086914,0,0,0,0,0,0,15.789472579956055,214428.68243408203,233048.798828125,76921.501953125,0.3406982421875,33572028416,0,866549760,0
0,1762395857821,1600,1599,1600,1599,1602,1601,1600,1635,10.526315689086914,0,0,0,0,0,0,15.789472579956055,214428.68341064453,233048.80310058594,76921.50341796875,0.3406982421875,33572028416,0,866549760,0
0,1762395857823,1600,1599,1600,1599,1602,1601,1600,1635,10.526315689086914,0,0,0,0,0,0,15.789472579956055,214428.68438720703,233048.80755615234,76921.50482177734,0.3406982421875,33572028416,0,866549760,0
0,1762395857824,1600,1599,1600,1599,1602,1601,1600,1635,10.526315689086914,0,0,0,0,0,0,15.789472579956055,214428.6854248047,233048.81213378906,76921.50604248047,0.3406982421875,33572028416,0,866549760,0
1,1762395857825,1600,1599,1600,1599,1602,1601,1600,1635,10.526315689086914,0,0,0,0,0,0,15.789472579956055,214428.6864013672,233048.81646728516,76921.5073852539,0.3406982421875,33572028416,0,866549760,0
1,1762395857826,1600,1599,1600,1599,1602,1601,1600,1635,10.526315689086914,0,0,0,0,0,0,15.789472579956055,214428.6873779297,233048.82080078125,76921.50897216797,0.3406982421875,33572028416,0,866549760,0
1,1762395857827,1600,1599,1600,1599,1602,1601,1600,1635,10.526315689086914,0,0,0,0,0,0,15.789472579956055,214428.68841552734,233048.8257446289,76921.51068115234,0.3406982421875,33572028416,0,866549760,0
1,1762395857828,1600,1599,1600,1599,1602,1601,1600,1635,10.526315689086914,0,0,0,0,0,0,15.789472579956055,214428.68939208984,233048.83026123047,76921.51196289063,0.3406982421875,33572028416,0,866549760,0
1,1762395857829,1600,1599,1600,1599,1602,1601,1600,1635,10.526315689086914,0,0,0,0,0,0,15.789472579956055,214428.69036865234,233048.8348388672,76921.51330566406,0.3406982421875,33572028416,0,866549760,0
1,1762395857830,1600,1599,1600,1599,1602,1601,1600,1635,10.526315689086914,0,0,0,0,0,0,15.789472579956055,214428.69140625,233048.8392944336,76921.51470947266,0.3406982421875,33572028416,0,866549760,0
1,1762395857831,1600,1599,1600,1599,1602,1601,1600,1635,10.526315689086914,0,0,0,0,0,0,15.789472579956055,214428.693359375,233048.8475341797,76921.51593017578,0.3406982421875,33572028416,0,866549760,0
0,1762395857832,1600,1599,1600,1599,1602,1601,1600,1635,10.526315689086914,0,0,0,0,0,0,15.789472579956055,214428.6943359375,233048.8516845703,76921.51733398438,0.3406982421875,33572028416,0,866549760,0
0,1762395857834,1600,1599,1600,1599,1602,1601,1600,1635,10.526315689086914,0,0,0,0,0,0,15.789472579956055,214428.6953125,233048.85614013672,76921.51873779297,0.3406982421875,33572028416,0,866549760,0
0,1762395857835,1600,1599,1600,1599,1602,1601,1600,1635,10.526315689086914,0,0,0,0,0,0,15.789472579956055,214428.6962890625,233048.8607788086,76921.52032470703,0.3406982421875,33572028416,0,866549760,0
1,1762395857836,1600,1599,1600,1599,1602,1601,1600,1635,10.526315689086914,0,0,0,0,0,0,15.789472579956055,214428.697265625,233048.86529541016,76921.52185058594,0.3406982421875,33572028416,0,866549760,0
1,1762395857837,1600,1599,1600,1599,1602,1601,1600,1635,10.526315689086914,0,0,0,0,0,0,15.789472579956055,214428.69830322266,233048.8699951172,76921.52307128906,0.3406982421875,33572028416,0,866549760,0
1,1762395857838,1600,1599,1600,1599,1602,1601,1600,1635,10.526315689086914,0,0,0,0,0,0,15.789472579956055,214428.69927978516,233048.8744506836,76921.5244140625,0.3406982421875,33572028416,0,866549760,0
1,1762395857839,1600,1599,1600,1599,1602,1601,1600,1635,10.526315689086914,0,0,0,0,0,0,15.789472579956055,214428.7003173828,233048.87890625,76921.52563476563,0.3406982421875,33572028416,0,866549760,0
1,1762395857840,1600,1599,1600,1599,1602,1601,1600,1635,10.526315689086914,0,0,0,0,0,0,15.789472579956055,214428.7012939453,233048.8833618164,76921.52716064453,0.3406982421875,33572028416,0,866549760,0
1,1762395857841,1600,1599,1600,1599,1602,1601,1600,1635,10.526315689086914,0,0,0,0,0,0,15.789472579956055,214428.7022705078,233048.88763427734,76921.52844238281,0.3406982421875,33572028416,0,866549760,0
1,1762395857842,1600,1599,1600,1599,1602,1601,1600,1635,10.526315689086914,0,0,0,0,0,0,15.789472579956055,214428.70428466797,233048.89630126953,76921.52978515625,0.3406982421875,33572028416,0,866549760,0
0,1762395857843,1600,1599,1600,1599,1602,1601,1600,1635,10.526315689086914,0,0,0,0,0,0,15.789472579956055,214428.7052001953,233048.90045166016,76921.53131103516,0.3406982421875,33572028416,0,866549760,0
0,1762395857845,1600,1599,1600,1599,1602,1601,1600,1635,10.526315689086914,0,0,0,0,0,0,15.789472579956055,214428.70623779297,233048.90496826172,76921.5327758789,0.3406982421875,33572028416,0,866549760,0
0,1762395857846,1600,1599,1600,1599,1602,1601,1600,1635,10.526315689086914,0,0,0,0,0,0,15.789472579956055,214428.70721435547,233048.90942382813,76921.53405761719,0.3406982421875,33572028416,0,866549760,0
1,1762395857847,1600,1599,1600,1599,1602,1601,1600,1635,10.526315689086914,0,0,0,0,0,0,15.789472579956055,214428.70819091797,233048.91400146484,76921.53564453125,0.3406982421875,33572028416,0,866549760,0
1,1762395857848,1600,1599,1600,1599,1602,1601,1600,1635,10.526315689086914,0,0,0,0,0,0,15.789472579956055,214428.70916748047,233048.9185180664,76921.53717041016,0.3406982421875,33572028416,0,866549760,0
1,1762395857849,1600,1599,1600,1599,1602,1601,1600,1635,10.526315689086914,0,0,0,0,0,0,15.789472579956055,214428.71020507813,233048.92321777344,76921.53875732422,0.3406982421875,33572028416,0,866549760,0
1,1762395857850,1600,1599,1600,1599,1602,1601,1600,1635,10.526315689086914,0,0,0,0,0,0,15.789472579956055,214428.71118164063,233048.927734375,76921.5400390625,0.3406982421875,33572028416,0,866549760,0
1,1762395857851,1600,1599,1600,1599,1602,1601,1600,1635,10.526315689086914,0,0,0,0,0,0,15.789472579956055,214428.71215820313,233048.9321899414,76921.54138183594,0.3406982421875,33572028416,0,866549760,0
1,1762395857852,1600,1599,1600,1599,1602,1601,1600,1635,10.526315689086914,0,0,0,0,0,0,15.789472579956055,214428.71319580078,233048.93670654297,76921.54266357422,0.3406982421875,33572028416,0,866549760,0
1,1762395857853,1600,1599,1600,1599,1602,1601,1600,1635,10.526315689086914,0,0,0,0,0,0,15.789472579956055,214428.71514892578,233048.94494628906,76921.5439453125,0.3406982421875,33572028416,0,866549760,0
0,1762395857854,1600,1599,1600,1599,1602,1601,1600,1635,10.526315689086914,0,0,0,0,0,0,15.789472579956055,214428.71612548828,233048.94927978516,76921.5454711914,0.3406982421875,33572028416,0,866549760,0
0,1762395857856,1600,1599,1600,1599,1602,1601,1600,1635,10.526315689086914,0,0,0,0,0,0,15.789472579956055,214428.71710205078,233048.95379638672,76921.546875,0.3406982421875,33572028416,0,866549760,0
0,1762395857857,1600,1599,1600,1599,1602,1601,1600,1635,10.526315689086914,0,0,0,0,0,0,15.789472579956055,214428.71813964844,233048.95849609375,76921.54846191406,0.3406982421875,33572028416,0,866549760,0
1,1762395857858,1600,1599,1600,1599,1602,1601,1600,1635,10.526315689086914,0,0,0,0,0,0,15.789472579956055,214428.71905517578,233048.96295166016,76921.54986572266,0.3406982421875,33572028416,0,866549760,0
1,1762395857859,1600,1599,1600,1599,1602,1601,1600,1635,10.526315689086914,0,0,0,0,0,0,15.789472579956055,214428.72009277344,233048.96746826172,76921.55108642578,0.3406982421875,33572028416,0,866549760,0
1,1762395857860,1600,1599,1600,1599,1602,1601,1600,1635,10.526315689086914,0,0,0,0,0,0,15.789472579956055,214428.72106933594,233048.97198486328,76921.55261230469,0.3406982421875,33572028416,0,866549760,0
1,1762395857861,1600,1599,1600,1599,1602,1601,1600,1635,10.526315689086914,0,0,0,0,0,0,15.789472579956055,214428.72204589844,233048.9764404297,76921.5537109375,0.3406982421875,33572028416,0,866549760,0
1,1762395857862,1600,1599,1600,1599,1602,1601,1600,1635,10.526315689086914,0,0,0,0,0,0,15.789472579956055,214428.7230834961,233048.98083496094,76921.55529785156,0.3406982421875,33572028416,0,866549760,0
1,1762395857863,1600,1599,1600,1599,1602,1601,1600,1635,10.526315689086914,0,0,0,0,0,0,15.789472579956055,214428.7240600586,233048.98516845703,76921.55657958984,0.3406982421875,33572028416,0,866549760,0
1,1762395857864,1600,1599,1600,1599,1602,1601,1600,1635,10.526315689086914,0,0,0,0,0,0,15.789472579956055,214428.7260131836,233048.99383544922,76921.55810546875,0.3406982421875,33572028416,0,866549760,0
0,1762395857865,1600,1599,1600,1599,1602,1601,1600,1635,10.526315689086914,0,0,0,0,0,0,15.789472579956055,214428.72705078125,233048.99810791016,76921.55932617188,0.3406982421875,33572028416,0,866549760,0
0,1762395857867,1600,1599,1600,1599,1602,1601,1600,1635,10.526315689086914,0,0,0,0,0,0,15.789472579956055,214428.7279663086,233049.00225830078,76921.560546875,0.3406982421875,33572028416,0,866549760,0
0,1762395857868,1600,1599,1600,1599,1602,1601,1600,1635,10.526315689086914,0,0,0,0,0,0,15.789472579956055,214428.72900390625,233049.00677490234,76921.56213378906,0.3406982421875,33572028416,0,866549760,0
1,1762395857869,1600,1599,1600,1599,1602,1601,1600,1635,10.526315689086914,0,0,0,0,0,0,15.789472579956055,214428.72998046875,233049.01153564453,76921.56378173828,0.3406982421875,33572028416,0,866549760,0
1,1762395857870,1600,1599,1600,1599,1602,1601,1600,1635,10.526315689086914,0,0,0,0,0,0,15.789472579956055,214428.7310180664,233049.01611328125,76921.56524658203,0.3406982421875,33572028416,0,866549760,0
1,1762395857871,1600,1599,1600,1599,1602,1601,1600,1635,10.526315689086914,0,0,0,0,0,0,15.789472579956055,214428.7319946289,233049.02075195313,76921.5668334961,0.3406982421875,33572028416,0,866549760,0
1,1762395857872,1600,1599,1600,1599,1602,1601,1600,1635,10.526315689086914,0,0,0,0,0,0,15.789472579956055,214428.7329711914,233049.0252685547,76921.56799316406,0.3406982421875,33572028416,0,866549760,0
1,1762395857873,1600,1599,1600,1599,1602,1601,1600,1635,10.526315689086914,0,0,0,0,0,0,15.789472579956055,214428.7339477539,233049.0297241211,76921.56994628906,0.3406982421875,33572028416,0,866549760,0
1,1762395857874,1600,1599,1600,1599,1602,1601,1600,1635,10.526315689086914,0,0,0,0,0,0,15.789472579956055,214428.73498535156,233049.0347290039,76921.5712890625,0.3406982421875,33572028416,0,866549760,0
1,1762395857875,1600,1599,1600,1599,1602,1601,1600,1635,10.526315689086914,0,0,0,0,0,0,15.789472579956055,214428.73693847656,233049.04315185547,76921.5726928711,0.3406982421875,33572028416,0,866549760,0
0,1762395857876,1600,1599,1600,1599,1602,1601,1600,1635,10.526315689086914,0,0,0,0,0,0,15.789472579956055,214428.73797607422,233049.04754638672,76921.57415771484,0.3406982421875,33572028416,0,866549760,0
0,1762395857878,1600,1599,1600,1599,1602,1601,1600,1635,10.526315689086914,0,0,0,0,0,0,15.789472579956055,214428.73889160156,233049.0518798828,76921.57568359375,0.3406982421875,33572028416,0,866549760,0
0,1762395857879,1600,1599,1600,1599,1602,1601,1600,1635,10.526315689086914,0,0,0,0,0,0,15.789472579956055,214428.73992919922,233049.056640625,76921.57720947266,0.3406982421875,33572028416,0,866549760,0
1,1762395857880,1600,1599,1600,1599,1602,1601,1600,1635,10.526315689086914,0,0,0,0,0,0,15.789472579956055,214428.74090576172,233049.06115722656,76921.5785522461,0.3406982421875,33572028416,0,866549760,0
1,1762395857881,1600,1599,1600,1599,1602,1601,1600,1635,10.526315689086914,0,0,0,0,0,0,15.789472579956055,214428.74188232422,233049.0655517578,76921.57977294922,0.3406982421875,33572028416,0,866549760,0
1,1762395857882,1600,1599,1600,1599,1602,1601,1600,1635,10.526315689086914,0,0,0,0,0,0,15.789472579956055,214428.74291992188,233049.07000732422,76921.58099365234,0.3406982421875,33572028416,0,866549760,0
1,1762395857883,1600,1599,1600,1599,1602,1601,1600,1635,10.526315689086914,0,0,0,0,0,0,15.789472579956055,214428.74389648438,233049.07440185547,76921.58233642578,0.3406982421875,33572028416,0,866549760,0
1,1762395857884,1600,1599,1600,1599,1602,1601,1600,1635,10.526315689086914,0,0,0,0,0,0,15.789472579956055,214428.74487304688,233049.07891845703,76921.58386230469,0.3406982421875,33572028416,0,866549760,0
1,1762395857885,1600,1599,1600,1599,1602,1601,1600,1635,10.526315689086914,0,0,0,0,0,0,15.789472579956055,214428.74584960938,233049.08337402344,76921.58520507813,0.3406982421875,33572028416,0,866549760,0
1,1762395857886,1600,1599,1600,1599,1602,1601,1600,1635,10.526315689086914,0,0,0,0,0,0,15.789472579956055,214428.74780273438,233049.0919189453,76921.58685302734,0.3406982421875,33572028416,0,866549760,0
0,1762395857887,1600,1599,1600,1599,1602,1601,1600,1635,10.526315689086914,0,0,0,0,0,0,15.789472579956055,214428.74884033203,233049.09631347656,76921.58813476563,0.3406982421875,33572028416,0,866549760,0
0,1762395857889,1600,1599,1600,1599,1602,1601,1600,1635,10.526315689086914,0,0,0,0,0,0,15.789472579956055,214428.74981689453,233049.10064697266,76921.5894165039,0.3406982421875,33572028416,0,866549760,0
0,1762395857890,1600,1599,1600,1599,1602,1601,1600,1635,10.526315689086914,0,0,0,0,0,0,15.789472579956055,214428.75079345703,233049.1049194336,76921.59094238281,0.3406982421875,33572028416,0,866549760,0
1,1762395857891,1600,1599,1600,1599,1602,1601,1600,1635,10.526315689086914,0,0,0,0,0,0,15.789472579956055,214428.7518310547,233049.10961914063,76921.59252929688,0.3406982421875,33572028416,0,866549760,0
1,1762395857892,1600,1599,1600,1599,1602,1601,1600,1635,10.526315689086914,0,0,0,0,0,0,15.789472579956055,214428.7528076172,233049.1141357422,76921.59399414063,0.3406982421875,33572028416,0,866549760,0
1,1762395857893,1600,1599,1600,1599,1602,1601,1600,1635,10.526315689086914,0,0,0,0,0,0,15.789472579956055,214428.7537841797,233049.11895751953,76921.59545898438,0.3406982421875,33572028416,0,866549760,0
1,1762395857894,1600,1599,1600,1599,1602,1601,1600,1635,10.526315689086914,0,0,0,0,0,0,15.789472579956055,214428.75482177734,233049.12335205078,76921.5966796875,0.3406982421875,33572028416,0,866549760,0
1,1762395857895,1600,1599,1600,1599,1602,1601,1600,1635,10.526315689086914,0,0,0,0,0,0,15.789472579956055,214428.75579833984,233049.1278076172,76921.59814453125,0.3406982421875,33572028416,0,866549760,0
1,1762395857896,1600,1599,1600,1599,1602,1601,1600,1635,10.526315689086914,0,0,0,0,0,0,15.789472579956055,214428.75677490234,233049.13214111328,76921.59942626953,0.3406982421875,33572028416,0,866549760,0
1,1762395857897,1600,1599,1600,1599,1602,1601,1600,1635,10.526315689086914,0,0,0,0,0,0,15.789472579956055,214428.75872802734,233049.1405029297,76921.60070800781,0.3406982421875,33572028416,0,866549760,0
0,1762395857898,1600,1599,1600,1599,1602,1601,1600,1635,10.526315689086914,0,0,0,0,0,0,15.789472579956055,214428.75970458984,233049.14483642578,76921.60229492188,0.3406982421875,33572028416,0,866549760,0
0,1762395857900,1600,1599,1600,1599,1602,1601,1600,1635,10.526315689086914,0,0,0,0,0,0,15.789472579956055,214428.76068115234,233049.1494140625,76921.60369873047,0.3406982421875,33572028416,0,866549760,0
0,1762395857901,1600,1599,1600,1599,1602,1601,1600,1635,10.526315689086914,0,0,0,0,0,0,15.789472579956055,214428.76171875,233049.15405273438,76921.6050415039,0.3406982421875,33572028416,0,866549760,0
1,1762395857902,1600,1599,1600,1599,1602,1601,1600,1635,10.526315689086914,0,0,0,0,0,0,15.789472579956055,214428.7626953125,233049.15850830078,76921.6064453125,0.3406982421875,33572028416,0,866549760,0
1,1762395857903,1600,1599,1600,1599,1602,1601,1600,1635,10.526315689086914,0,0,0,0,0,0,15.789472579956055,214428.763671875,233049.1629638672,76921.60778808594,0.3406982421875,33572028416,0,866549760,0
1,1762395857904,1600,1599,1600,1599,1602,1601,1600,1635,10.526315689086914,0,0,0,0,0,0,15.789472579956055,214428.7646484375,233049.16729736328,76921.60900878906,0.3406982421875,33572028416,0,866549760,0
1,1762395857905,1600,1599,1600,1599,1602,1601,1600,1635,10.526315689086914,0,0,0,0,0,0,15.789472579956055,214428.76568603516,233049.1717529297,76921.61029052734,0.3406982421875,33572028416,0,866549760,0
1,1762395857906,1600,1599,1600,1599,1602,1601,1600,1635,10.526315689086914,0,0,0,0,0,0,15.789472579956055,214428.76666259766,233049.1762084961,76921.6118774414,0.3406982421875,33572028416,0,866549760,0
1,1762395857907,1600,1599,1600,1599,1602,1601,1600,1635,10.526315689086914,0,0,0,0,0,0,15.789472579956055,214428.76763916016,233049.1806640625,76921.61346435547,0.3406982421875,33572028416,0,866549760,0
1,1762395857908,1600,1599,1600,1599,1602,1601,1600,1635,10.526315689086914,0,0,0,0,0,0,15.789472579956055,214428.7696533203,233049.18908691406,76921.61456298828,0.3406982421875,33572028416,0,866549760,0
0,1762395857909,1600,1599,1600,1599,1602,1601,1600,1635,10.526315689086914,0,0,0,0,0,0,15.789472579956055,214428.7706298828,233049.19342041016,76921.61602783203,0.3406982421875,33572028416,0,866549760,0
0,1762395857911,1600,1599,1600,1599,1602,1601,1600,1635,10.526315689086914,0,0,0,0,0,0,15.789472579956055,214428.7716064453,233049.19775390625,76921.61724853516,0.3406982421875,33572028416,0,866549760,0
0,1762395857912,1600,1599,1600,1599,1602,1601,1600,1635,10.526315689086914,0,0,0,0,0,0,15.789472579956055,214428.77264404297,233049.2022705078,76921.61883544922,0.3406982421875,33572028416,0,866549760,0
1,1762395857913,1600,1599,1600,1599,1602,1601,1600,1635,10.526315689086914,0,0,0,0,0,0,15.789472579956055,214428.7735595703,233049.20678710938,76921.62042236328,0.3406982421875,33572028416,0,866549760,0
1,1762395857914,1600,1599,1600,1599,1602,1601,1600,1635,10.526315689086914,0,0,0,0,0,0,15.789472579956055,214428.77459716797,233049.2113647461,76921.62170410156,0.3406982421875,33572028416,0,866549760,0
1,1762395857915,1600,1599,1600,1599,1602,1601,1600,1635,10.526315689086914,0,0,0,0,0,0,15.789472579956055,214428.77557373047,233049.21588134766,76921.62316894531,0.3406982421875,33572028416,0,866549760,0
1,1762395857916,1600,1599,1600,1599,1602,1601,1600,1635,10.526315689086914,0,0,0,0,0,0,15.789472579956055,214428.77661132813,233049.22052001953,76921.62432861328,0.3406982421875,33572028416,0,866549760,0
1,1762395857917,1600,1599,1600,1599,1602,1601,1600,1635,10.526315689086914,0,0,0,0,0,0,15.789472579956055,214428.77758789063,233049.22485351563,76921.62579345703,0.3406982421875,33572028416,0,866549760,0
1,1762395857918,1600,1599,1600,1599,1602,1601,1600,1635,10.526315689086914,0,0,0,0,0,0,15.789472579956055,214428.77856445313,233049.22912597656,76921.62707519531,0.3406982421875,33572028416,0,866549760,0
1,1762395857919,1600,1599,1600,1599,1602,1601,1600,1635,10.526315689086914,0,0,0,0,0,0,15.789472579956055,214428.78057861328,233049.23779296875,76921.62854003906,0.3406982421875,33572028416,0,866549760,0
0,1762395857920,1600,1599,1600,1599,1602,1601,1600,1635,10.526315689086914,0,0,0,0,0,0,15.789472579956055,214428.78149414063,233049.24200439453,76921.63000488281,0.3406982421875,33572028416,0,866549760,0
0,1762395857922,1600,1599,1600,1599,1602,1601,1600,1635,10.526315689086914,0,0,0,0,0,0,15.789472579956055,214428.78253173828,233049.24645996094,76921.63134765625,0.3406982421875,33572028416,0,866549760,0
0,1762395857923,1600,1599,1600,1599,1602,1601,1600,1635,10.526315689086914,0,0,0,0,0,0,15.789472579956055,214428.78350830078,233049.25091552734,76921.63256835938,0.3406982421875,33572028416,0,866549760,0
1,1762395857924,1600,1599,1600,1599,1602,1601,1600,1635,10.526315689086914,0,0,0,0,0,0,15.789472579956055,214428.78448486328,233049.25524902344,76921.63391113281,0.3406982421875,33572028416,0,866549760,0
1,1762395857925,1600,1599,1600,1599,1602,1601,1600,1635,10.526315689086914,0,0,0,0,0,0,15.789472579956055,214428.78552246094,233049.2598876953,76921.6353149414,0.3406982421875,33572028416,0,866549760,0
1,1762395857926,1600,1599,1600,1599,1602,1601,1600,1635,10.526315689086914,0,0,0,0,0,0,15.789472579956055,214428.78649902344,233049.26403808594,76921.63647460938,0.3406982421875,33572028416,0,866549760,0
1,1762395857927,1600,1599,1600,1599,1602,1601,1600,1635,10.526315689086914,0,0,0,0,0,0,15.789472579956055,214428.78747558594,233049.2685546875,76921.63787841797,0.3406982421875,33572028416,0,866549760,0
1,1762395857928,1600,1599,1600,1599,1602,1601,1600,1635,10.526315689086914,0,0,0,0,0,0,15.789472579956055,214428.78845214844,233049.27282714844,76921.63916015625,0.3406982421875,33572028416,0,866549760,0
1,1762395857929,1600,1599,1600,1599,1602,1601,1600,1635,10.526315689086914,0,0,0,0,0,0,15.789472579956055,214428.7894897461,233049.27740478516,76921.64056396484,0.3406982421875,33572028416,0,866549760,0
1,1762395857930,1600,1599,1600,1599,1602,1601,1600,1635,10.526315689086914,0,0,0,0,0,0,15.789472579956055,214428.7914428711,233049.2857055664,76921.64166259766,0.3406982421875,33572028416,0,866549760,0
0,1762395857931,1600,1599,1600,1599,1602,1601,1600,1635,10.526315689086914,0,0,0,0,0,0,15.789472579956055,214428.7924194336,233049.2900390625,76921.64318847656,0.3406982421875,33572028416,0,866549760,0
0,1762395857933,1600,1599,1600,1599,1602,1601,1600,1635,10.526315689086914,0,0,0,0,0,0,15.789472579956055,214428.7933959961,233049.2943725586,76921.64465332031,0.3406982421875,33572028416,0,866549760,0
0,1762395857934,1600,1599,1600,1599,1602,1601,1600,1635,10.526315689086914,0,0,0,0,0,0,15.789472579956055,214428.7943725586,233049.29876708984,76921.64611816406,0.3406982421875,33572028416,0,866549760,0
1,1762395857935,1600,1599,1600,1599,1602,1601,1600,1635,10.526315689086914,0,0,0,0,0,0,15.789472579956055,214428.79541015625,233049.30352783203,76921.64776611328,0.3406982421875,33572028416,0,866549760,0
1,1762395857936,1600,1599,1600,1599,1602,1601,1600,1635,10.526315689086914,0,0,0,0,0,0,15.789472579956055,214428.79638671875,233049.3081665039,76921.6489868164,0.3406982421875,33572028416,0,866549760,0
1,1762395857937,1600,1599,1600,1599,1602,1601,1600,1635,10.526315689086914,0,0,0,0,0,0,15.789472579956055,214428.79736328125,233049.31256103516,76921.65051269531,0.3406982421875,33572028416,0,866549760,0
1,1762395857938,1600,1599,1600,1599,1602,1601,1600,1635,10.526315689086914,0,0,0,0,0,0,15.789472579956055,214428.7984008789,233049.31707763672,76921.65167236328,0.3406982421875,33572028416,0,866549760,0
1,1762395857939,1600,1599,1600,1599,1602,1601,1600,1635,10.526315689086914,0,0,0,0,0,0,15.789472579956055,214428.7993774414,233049.32153320313,76921.65319824219,0.3406982421875,33572028416,0,866549760,0
1,1762395857940,1600,1599,1600,1599,1602,1601,1600,1635,10.526315689086914,0,0,0,0,0,0,15.789472579956055,214428.8003540039,233049.32586669922,76921.65447998047,0.3406982421875,33572028416,0,866549760,0
1,1762395857941,1600,1599,1600,1599,1602,1601,1600,1635,10.526315689086914,0,0,0,0,0,0,15.789472579956055,214428.8023071289,233049.3344116211,76921.65594482422,0.3406982421875,33572028416,0,866549760,0
0,1762395857942,1600,1599,1600,1599,1602,1601,1600,1635,10.526315689086914,0,0,0,0,0,0,15.789472579956055,214428.80334472656,233049.3387451172,76921.65734863281,0.3406982421875,33572028416,0,866549760,0
0,1762395857944,1600,1599,1600,1599,1602,1601,1600,1635,10.526315689086914,0,0,0,0,0,0,15.789472579956055,214428.80432128906,233049.34313964844,76921.6587524414,0.3406982421875,33572028416,0,866549760,0
0,1762395857945,1600,1599,1600,1599,1602,1601,1600,1635,10.526315689086914,0,0,0,0,0,0,15.789472579956055,214428.80529785156,233049.34747314453,76921.65991210938,0.3406982421875,33572028416,0,866549760,0
1,1762395857946,1600,1599,1600,1599,1602,1601,1600,1635,10.526315689086914,0,0,0,0,0,0,15.789472579956055,214428.80633544922,233049.35192871094,76921.66131591797,0.3406982421875,33572028416,0,866549760,0
1,1762395857947,1600,1599,1600,1599,1602,1601,1600,1635,10.526315689086914,0,0,0,0,0,0,15.789472579956055,214428.80731201172,233049.35638427734,76921.66259765625,0.3406982421875,33572028416,0,866549760,0
1,1762395857948,1600,1599,1600,1599,1602,1601,1600,1635,10.526315689086914,0,0,0,0,0,0,15.789472579956055,214428.80822753906,233049.36053466797,76921.66369628906,0.3406982421875,33572028416,0,866549760,0
1,1762395857949,1600,1599,1600,1599,1602,1601,1600,1635,10.526315689086914,0,0,0,0,0,0,15.789472579956055,214428.80926513672,233049.36505126953,76921.66522216797,0.3406982421875,33572028416,0,866549760,0
1,1762395857950,1600,1599,1600,1599,1602,1601,1600,1635,10.526315689086914,0,0,0,0,0,0,15.789472579956055,214428.81024169922,233049.36932373047,76921.66650390625,0.3406982421875,33572028416,0,866549760,0
1,1762395857951,1600,1599,1600,1599,1602,1601,1600,1635,10.526315689086914,0,0,0,0,0,0,15.789472579956055,214428.81127929688,233049.37377929688,76921.66784667969,0.3406982421875,33572028416,0,866549760,0
1,1762395857952,1600,1599,1600,1599,1602,1601,1600,1635,10.526315689086914,0,0,0,0,0,0,15.789472579956055,214428.81323242188,233049.38189697266,76921.6689453125,0.3406982421875,33572028416,0,866549760,0
0,1762395857953,1600,1599,1600,1599,1602,1601,1600,1635,10.526315689086914,0,0,0,0,0,0,15.789472579956055,214428.81420898438,233049.38641357422,76921.67053222656,0.3406982421875,33572028416,0,866549760,0
0,1762395857955,1600,1599,1600,1599,1602,1601,1600,1635,10.526315689086914,0,0,0,0,0,0,15.789472579956055,214428.81518554688,233049.39068603516,76921.671875,0.3406982421875,33572028416,0,866549760,0
0,1762395857956,1600,1599,1600,1599,1602,1601,1600,1635,10.526315689086914,0,0,0,0,0,0,15.789472579956055,214428.81622314453,233049.3953857422,76921.6734008789,0.3406982421875,33572028416,0,866549760,0
1,1762395857957,1600,1599,1600,1599,1602,1601,1600,1635,10.526315689086914,0,0,0,0,0,0,15.789472579956055,214428.81719970703,233049.4002685547,76921.6752319336,0.3406982421875,33572028416,0,866549760,0
1,1762395857958,1600,1599,1600,1599,1602,1601,1600,1635,10.526315689086914,0,0,0,0,0,0,15.789472579956055,214428.81817626953,233049.40521240234,76921.67681884766,0.3406982421875,33572028416,0,866549760,0
1,1762395857959,1600,1599,1600,1599,1602,1601,1600,1635,10.526315689086914,0,0,0,0,0,0,15.789472579956055,214428.8192138672,233049.4096069336,76921.6781616211,0.3406982421875,33572028416,0,866549760,0
1,1762395857960,1600,1599,1600,1599,1602,1601,1600,1635,10.526315689086914,0,0,0,0,0,0,15.789472579956055,214428.8201904297,233049.41400146484,76921.67938232422,0.3406982421875,33572028416,0,866549760,0
1,1762395857961,1600,1599,1600,1599,1602,1601,1600,1635,10.526315689086914,0,0,0,0,0,0,15.789472579956055,214428.8211669922,233049.4185180664,76921.68084716797,0.3406982421875,33572028416,0,866549760,0
1,1762395857962,1600,1599,1600,1599,1602,1601,1600,1635,10.526315689086914,0,0,0,0,0,0,15.789472579956055,214428.8221435547,233049.4229736328,76921.6821899414,0.3406982421875,33572028416,0,866549760,0
1,1762395857963,1600,1599,1600,1599,1602,1601,1600,1635,10.526315689086914,0,0,0,0,0,0,15.789472579956055,214428.8240966797,233049.43145751953,76921.68371582031,0.3406982421875,33572028416,0,866549760,0
0,1762395857964,1600,1599,1600,1599,1602,1601,1600,1635,10.526315689086914,0,0,0,0,0,0,15.789472579956055,214428.8250732422,233049.43572998047,76921.68505859375,0.3406982421875,33572028416,0,866549760,0
0,1762395857966,1600,1599,1600,1599,1602,1601,1600,1635,10.526315689086914,0,0,0,0,0,0,15.789472579956055,214428.82611083984,233049.44012451172,76921.68634033203,0.3406982421875,33572028416,0,866549760,0
0,1762395857967,1600,1599,1600,1599,1602,1601,1600,1635,10.526315689086914,0,0,0,0,0,0,15.789472579956055,214428.82708740234,233049.44458007813,76921.68762207031,0.3406982421875,33572028416,0,866549760,0
1,1762395857968,1600,1599,1600,1599,1602,1601,1600,1635,10.526315689086914,0,0,0,0,0,0,15.789472579956055,214428.82806396484,233049.4490966797,76921.68908691406,0.3406982421875,33572028416,0,866549760,0
1,1762395857969,1600,1599,1600,1599,1602,1601,1600,1635,10.526315689086914,0,0,0,0,0,0,15.789472579956055,214428.8291015625,233049.4536743164,76921.69049072266,0.3406982421875,33572028416,0,866549760,0
1,1762395857970,1600,1599,1600,1599,1602,1601,1600,1635,10.526315689086914,0,0,0,0,0,0,15.789472579956055,214428.830078125,233049.45806884766,76921.69201660156,0.3406982421875,33572028416,0,866549760,0
1,1762395857971,1600,1599,1600,1599,1602,1601,1600,1635,10.526315689086914,0,0,0,0,0,0,15.789472579956055,214428.8310546875,233049.46258544922,76921.69329833984,0.3406982421875,33572028416,0,866549760,0
1,1762395857972,1600,1599,1600,1599,1602,1601,1600,1635,10.526315689086914,0,0,0,0,0,0,15.789472579956055,214428.83209228516,233049.46710205078,76921.69482421875,0.3406982421875,33572028416,0,866549760,0
1,1762395857973,1600,1599,1600,1599,1602,1601,1600,1635,10.526315689086914,0,0,0,0,0,0,15.789472579956055,214428.83306884766,233049.47149658203,76921.69604492188,0.3406982421875,33572028416,0,866549760,0
1,1762395857974,1600,1599,1600,1599,1602,1601,1600,1635,10.526315689086914,0,0,0,0,0,0,15.789472579956055,214428.83502197266,233049.47985839844,76921.69744873047,0.3406982421875,33572028416,0,866549760,0
0,1762395857975,1600,1599,1600,1599,1602,1601,1600,1635,10.526315689086914,0,0,0,0,0,0,15.789472579956055,214428.83599853516,233049.484375,76921.69897460938,0.3406982421875,33572028416,0,866549760,0
0,1762395857977,1600,1599,1600,1599,1602,1601,1600,1635,10.526315689086914,0,0,0,0,0,0,15.789472579956055,214428.83697509766,233049.48864746094,76921.70043945313,0.3406982421875,33572028416,0,866549760,0
0,1762395857978,1600,1599,1600,1599,1602,1601,1600,1635,10.526315689086914,0,0,0,0,0,0,15.789472579956055,214428.8380126953,233049.4931640625,76921.7017211914,0.3406982421875,33572028416,0,866549760,0
1,1762395857979,1600,1599,1600,1599,1602,1601,1600,1635,10.526315689086914,0,0,0,0,0,0,15.789472579956055,214428.8389892578,233049.49774169922,76921.70324707031,0.3406982421875,33572028416,0,866549760,0
1,1762395857980,1600,1599,1600,1599,1602,1601,1600,1635,10.526315689086914,0,0,0,0,0,0,15.789472579956055,214428.8399658203,233049.50225830078,76921.7045288086,0.3406982421875,33572028416,0,866549760,0
1,1762395857981,1600,1599,1600,1599,1602,1601,1600,1635,10.526315689086914,0,0,0,0,0,0,15.789472579956055,214428.84100341797,233049.50665283203,76921.70568847656,0.3406982421875,33572028416,0,866549760,0
1,1762395857982,1600,1599,1600,1599,1602,1601,1600,1635,10.526315689086914,0,0,0,0,0,0,15.789472579956055,214428.84197998047,233049.51104736328,76921.70697021484,0.3406982421875,33572028416,0,866549760,0
1,1762395857983,1600,1599,1600,1599,1602,1601,1600,1635,10.526315689086914,0,0,0,0,0,0,15.789472579956055,214428.84295654297,233049.5155029297,76921.7084350586,0.3406982421875,33572028416,0,866549760,0
1,1762395857984,1600,1599,1600,1599,1602,1601,1600,1635,10.526315689086914,0,0,0,0,0,0,15.789472579956055,214428.84393310547,233049.5199584961,76921.70983886719,0.3406982421875,33572028416,0,866549760,0
1,1762395857985,1600,1599,1600,1599,1602,1601,1600,1635,10.526315689086914,0,0,0,0,0,0,15.789472579956055,214428.84594726563,233049.52856445313,76921.7113647461,0.3406982421875,33572028416,0,866549760,0
0,1762395857986,1600,1599,1600,1599,1602,1601,1600,1635,10.526315689086914,0,0,0,0,0,0,15.789472579956055,214428.84692382813,233049.53271484375,76921.7124633789,0.3406982421875,33572028416,0,866549760,0
0,1762395857988,1600,1599,1600,1599,1602,1601,1600,1635,10.526315689086914,0,0,0,0,0,0,15.789472579956055,214428.84790039063,233049.537109375,76921.71392822266,0.3406982421875,33572028416,0,866549760,0
0,1762395857989,1600,1599,1600,1599,1602,1601,1600,1635,10.526315689086914,0,0,0,0,0,0,15.789472579956055,214428.84887695313,233049.54132080078,76921.71514892578,0.3406982421875,33572028416,0,866549760,0
1,1762395857990,1600,1599,1600,1599,1602,1601,1600,1635,16.666667938232422,0,0,0,0,0,0,0,214428.84991455078,233049.5457763672,76921.71661376953,0.3406982421875,33572028416,0,866525184,0
1,1762395857991,1600,1599,1600,1599,1602,1601,1600,1635,16.666667938232422,0,0,0,0,0,0,0,214428.85089111328,233049.55041503906,76921.71813964844,0.3406982421875,33572028416,0,866525184,0
1,1762395857992,1600,1599,1600,1599,1602,1601,1600,1635,16.666667938232422,0,0,0,0,0,0,0,214428.85186767578,233049.55499267578,76921.71966552734,0.3406982421875,33572028416,0,866525184,0
1,1762395857993,1600,1599,1600,1599,1602,1601,1600,1635,16.666667938232422,0,0,0,0,0,0,0,214428.85284423828,233049.55938720703,76921.72088623047,0.3406982421875,33572028416,0,866525184,0
1,1762395857994,1600,1599,1600,1599,1602,1601,1600,1635,16.666667938232422,0,0,0,0,0,0,0,214428.85388183594,233049.56396484375,76921.72229003906,0.3406982421875,33572028416,0,866525184,0
1,1762395857995,1600,1599,1600,1599,1602,1601,1600,1635,16.666667938232422,0,0,0,0,0,0,0,214428.85485839844,233049.56842041016,76921.72369384766,0.3406982421875,33572028416,0,866525184,0
1,1762395857996,1600,1599,1600,1599,1602,1601,1600,1635,16.666667938232422,0,0,0,0,0,0,0,214428.85681152344,233049.57690429688,76921.72509765625,0.3406982421875,33572028416,0,866525184,0
0,1762395857997,1600,1599,1600,1599,1602,1601,1600,1635,16.666667938232422,0,0,0,0,0,0,0,214428.85778808594,233049.58099365234,76921.72650146484,0.3406982421875,33572028416,0,866525184,0
0,1762395857999,1600,1599,1600,1599,1602,1601,1600,1635,16.666667938232422,0,0,0,0,0,0,0,214428.8588256836,233049.5855102539,76921.7279663086,0.3406982421875,33572028416,0,866525184,0
0,1762395858000,1600,1599,1600,1599,1602,1601,1600,1635,16.666667938232422,0,0,0,0,0,0,0,214428.8598022461,233049.59008789063,76921.72924804688,0.3406982421875,33572028416,0,866525184,0
1,1762395858001,1600,1599,1600,1599,1602,1601,1600,1635,16.666667938232422,0,0,0,0,0,0,0,214428.8607788086,233049.59442138672,76921.73065185547,0.3406982421875,33572028416,0,866525184,0
1,1762395858002,1600,1599,1600,1599,1602,1601,1600,1635,16.666667938232422,0,0,0,0,0,0,0,214428.86181640625,233049.5990600586,76921.73193359375,0.3406982421875,33572028416,0,866525184,0
1,1762395858003,1600,1599,1600,1599,1602,1601,1600,1635,16.666667938232422,0,0,0,0,0,0,0,214428.86279296875,233049.60333251953,76921.73315429688,0.3406982421875,33572028416,0,866525184,0
1,1762395858004,1600,1599,1600,1599,1602,1601,1600,1635,16.666667938232422,0,0,0,0,0,0,0,214428.86376953125,233049.60778808594,76921.73449707031,0.3406982421875,33572028416,0,866525184,0
1,1762395858005,1600,1599,1600,1599,1602,1601,1600,1635,16.666667938232422,0,0,0,0,0,0,0,214428.86474609375,233049.6123046875,76921.73602294922,0.3406982421875,33572028416,0,866525184,0
1,1762395858006,1600,1599,1600,1599,1602,1601,1600,1635,16.666667938232422,0,0,0,0,0,0,0,214428.86572265625,233049.6166381836,76921.73742675781,0.3406982421875,33572028416,0,866525184,0
1,1762395858007,1600,1599,1600,1599,1602,1601,1600,1635,16.666667938232422,0,0,0,0,0,0,0,214428.86767578125,233049.62524414063,76921.73889160156,0.3406982421875,33572028416,0,866525184,0
0,1762395858008,1600,1599,1600,1599,1602,1601,1600,1635,16.666667938232422,0,0,0,0,0,0,0,214428.8687133789,233049.6294555664,76921.74011230469,0.3406982421875,33572028416,0,866525184,0
0,1762395858010,1600,1599,1600,1599,1602,1601,1600,1635,16.666667938232422,0,0,0,0,0,0,0,214428.8696899414,233049.6337890625,76921.74133300781,0.3406982421875,33572028416,0,866525184,0
0,1762395858011,1600,1599,1600,1599,1602,1601,1600,1635,16.666667938232422,0,0,0,0,0,0,0,214428.87072753906,233049.63818359375,76921.74255371094,0.3406982421875,33572028416,0,866525184,0
1,1762395858012,1600,1599,1600,1599,1602,1601,1600,1635,16.666667938232422,0,0,0,0,0,0,0,214428.8716430664,233049.64233398438,76921.74407958984,0.3406982421875,33572028416,0,866525184,0
1,1762395858013,1600,1599,1600,1599,1602,1601,1600,1635,16.666667938232422,0,0,0,0,0,0,0,214428.87268066406,233049.64697265625,76921.74536132813,0.3406982421875,33572028416,0,866525184,0
1,1762395858014,1600,1599,1600,1599,1602,1601,1600,1635,16.666667938232422,0,0,0,0,0,0,0,214428.87365722656,233049.65142822266,76921.74676513672,0.3406982421875,33572028416,0,866525184,0
1,1762395858015,1600,1599,1600,1599,1602,1601,1600,1635,16.666667938232422,0,0,0,0,0,0,0,214428.87463378906,233049.6558227539,76921.74798583984,0.3406982421875,33572028416,0,866525184,0
1,1762395858016,1600,1599,1600,1599,1602,1601,1600,1635,16.666667938232422,0,0,0,0,0,0,0,214428.87567138672,233049.66033935547,76921.74951171875,0.3406982421875,33572028416,0,866525184,0
1,1762395858017,1600,1599,1600,1599,1602,1601,1600,1635,16.666667938232422,0,0,0,0,0,0,0,214428.87664794922,233049.66467285156,76921.75085449219,0.3406982421875,33572028416,0,866525184,0
1,1762395858018,1600,1599,1600,1599,1602,1601,1600,1635,16.666667938232422,0,0,0,0,0,0,0,214428.87866210938,233049.6734008789,76921.75219726563,0.3406982421875,33572028416,0,866525184,0
0,1762395858020,1600,1599,1600,1599,1602,1601,1600,1635,16.666667938232422,0,0,0,0,0,0,0,214428.87957763672,233049.67742919922,76921.75372314453,0.3406982421875,33572028416,0,866525184,0
0,1762395858021,1600,1599,1600,1599,1602,1601,1600,1635,16.666667938232422,0,0,0,0,0,0,0,214428.88061523438,233049.6820678711,76921.75518798828,0.3406982421875,33572028416,0,866525184,0
0,1762395858022,1600,1599,1600,1599,1602,1601,1600,1635,16.666667938232422,0,0,0,0,0,0,0,214428.88159179688,233049.68646240234,76921.75634765625,0.3406982421875,33572028416,0,866525184,0
1,1762395858023,1600,1599,1600,1599,1602,1601,1600,1635,16.666667938232422,0,0,0,0,0,0,0,214428.88256835938,233049.69091796875,76921.75775146484,0.3406982421875,33572028416,0,866525184,0
1,1762395858024,1600,1599,1600,1599,1602,1601,1600,1635,16.666667938232422,0,0,0,0,0,0,0,214428.88354492188,233049.6953125,76921.75903320313,0.3406982421875,33572028416,0,866525184,0
1,1762395858025,1600,1599,1600,1599,1602,1601,1600,1635,16.666667938232422,0,0,0,0,0,0,0,214428.88458251953,233049.69970703125,76921.7603149414,0.3406982421875,33572028416,0,866525184,0
1,1762395858026,1600,1599,1600,1599,1602,1601,1600,1635,16.666667938232422,0,0,0,0,0,0,0,214428.88555908203,233049.7041015625,76921.76165771484,0.3406982421875,33572028416,0,866525184,0
1,1762395858027,1600,1599,1600,1599,1602,1601,1600,1635,16.666667938232422,0,0,0,0,0,0,0,214428.88653564453,233049.70849609375,76921.76318359375,0.3406982421875,33572028416,0,866525184,0
1,1762395858028,1600,1599,1600,1599,1602,1601,1600,1635,16.666667938232422,0,0,0,0,0,0,0,214428.8875732422,233049.71313476563,76921.76452636719,0.3406982421875,33572028416,0,866525184,0
1,1762395858029,1600,1599,1600,1599,1602,1601,1600,1635,16.666667938232422,0,0,0,0,0,0,0,214428.8895263672,233049.72149658203,76921.76593017578,0.3406982421875,33572028416,0,866525184,0
0,1762395858030,1600,1599,1600,1599,1602,1601,1600,1635,16.666667938232422,0,0,0,0,0,0,0,214428.8905029297,233049.7257080078,76921.7670288086,0.3406982421875,33572028416,0,866525184,0
0,1762395858032,1600,1599,1600,1599,1602,1601,1600,1635,16.666667938232422,0,0,0,0,0,0,0,214428.8914794922,233049.7300415039,76921.76837158203,0.3406982421875,33572028416,0,866525184,0
0,1762395858033,1600,1599,1600,1599,1602,1601,1600,1635,16.666667938232422,0,0,0,0,0,0,0,214428.8924560547,233049.73455810547,76921.7700805664,0.3406982421875,33572028416,0,866525184,0
1,1762395858034,1600,1599,1600,1599,1602,1601,1600,1635,16.666667938232422,0,0,0,0,0,0,0,214428.8934326172,233049.73895263672,76921.771484375,0.3406982421875,33572028416,0,866525184,0
1,1762395858035,1600,1599,1600,1599,1602,1601,1600,1635,16.666667938232422,0,0,0,0,0,0,0,214428.89447021484,233049.74353027344,76921.77270507813,0.3406982421875,33572028416,0,866525184,0
1,1762395858036,1600,1599,1600,1599,1602,1601,1600,1635,16.666667938232422,0,0,0,0,0,0,0,214428.89544677734,233049.74798583984,76921.77410888672,0.3406982421875,33572028416,0,866525184,0
1,1762395858037,1600,1599,1600,1599,1602,1601,1600,1635,16.666667938232422,0,0,0,0,0,0,0,214428.896484375,233049.7523803711,76921.77526855469,0.3406982421875,33572028416,0,866525184,0
1,1762395858038,1600,1599,1600,1599,1602,1601,1600,1635,16.666667938232422,0,0,0,0,0,0,0,214428.8974609375,233049.75677490234,76921.77673339844,0.3406982421875,33572028416,0,866525184,0
1,1762395858039,1600,1599,1600,1599,1602,1601,1600,1635,16.666667938232422,0,0,0,0,0,0,0,214428.8984375,233049.76110839844,76921.77807617188,0.3406982421875,33572028416,0,866525184,0
1,1762395858040,1600,1599,1600,1599,1602,1601,1600,1635,16.666667938232422,0,0,0,0,0,0,0,214428.900390625,233049.76971435547,76921.77954101563,0.3406982421875,33572028416,0,866525184,0
0,1762395858041,1600,1599,1600,1599,1602,1601,1600,1635,16.666667938232422,0,0,0,0,0,0,0,214428.90142822266,233049.77404785156,76921.78100585938,0.3406982421875,33572028416,0,866525184,0
0,1762395858043,1600,1599,1600,1599,1602,1601,1600,1635,16.666667938232422,0,0,0,0,0,0,0,214428.90240478516,233049.7784423828,76921.78228759766,0.3406982421875,33572028416,0,866525184,0
0,1762395858044,1600,1599,1600,1599,1602,1601,1600,1635,16.666667938232422,0,0,0,0,0,0,0,214428.90338134766,233049.7827758789,76921.78350830078,0.3406982421875,33572028416,0,866525184,0
1,1762395858045,1600,1599,1600,1599,1602,1601,1600,1635,16.666667938232422,0,0,0,0,0,0,0,214428.90435791016,233049.7872314453,76921.78485107422,0.3406982421875,33572028416,0,866525184,0
1,1762395858046,1600,1599,1600,1599,1602,1601,1600,1635,16.666667938232422,0,0,0,0,0,0,0,214428.9053955078,233049.79168701172,76921.78625488281,0.3406982421875,33572028416,0,866525184,0
1,1762395858047,1600,1599,1600,1599,1602,1601,1600,1635,16.666667938232422,0,0,0,0,0,0,0,214428.9063720703,233049.79614257813,76921.78747558594,0.3406982421875,33572028416,0,866525184,0
1,1762395858048,1600,1599,1600,1599,1602,1601,1600,1635,16.666667938232422,0,0,0,0,0,0,0,214428.9073486328,233049.80053710938,76921.78900146484,0.3406982421875,33572028416,0,866525184,0
1,1762395858049,1600,1599,1600,1599,1602,1601,1600,1635,16.666667938232422,0,0,0,0,0,0,0,214428.9083251953,233049.8051147461,76921.79040527344,0.3406982421875,33572028416,0,866525184,0
1,1762395858050,1600,1599,1600,1599,1602,1601,1600,1635,16.666667938232422,0,0,0,0,0,0,0,214428.9093017578,233049.8094482422,76921.79174804688,0.3406982421875,33572028416,0,866525184,0
1,1762395858051,1600,1599,1600,1599,1602,1601,1600,1635,16.666667938232422,0,0,0,0,0,0,0,214428.91131591797,233049.8179321289,76921.79315185547,0.3406982421875,33572028416,0,866525184,0
0,1762395858052,1600,1599,1600,1599,1602,1601,1600,1635,16.666667938232422,0,0,0,0,0,0,0,214428.91229248047,233049.82220458984,76921.7943725586,0.3406982421875,33572028416,0,866525184,0
0,1762395858054,1600,1599,1600,1599,1602,1601,1600,1635,16.666667938232422,0,0,0,0,0,0,0,214428.91333007813,233049.82690429688,76921.79620361328,0.3406982421875,33572028416,0,866525184,0
0,1762395858055,1600,1599,1600,1599,1602,1601,1600,1635,16.666667938232422,0,0,0,0,0,0,0,214428.91424560547,233049.83233642578,76921.79888916016,0.3406982421875,33572028416,0,866525184,0
1,1762395858056,1600,1599,1600,1599,1602,1601,1600,1635,16.666667938232422,0,0,0,0,0,0,0,214428.91528320313,233049.83819580078,76921.80163574219,0.3406982421875,33572028416,0,866525184,0
1,1762395858057,1600,1599,1600,1599,1602,1601,1600,1635,16.666667938232422,0,0,0,0,0,0,0,214428.91625976563,233049.8436279297,76921.80419921875,0.3406982421875,33572028416,0,866525184,0
1,1762395858058,1600,1599,1600,1599,1602,1601,1600,1635,16.666667938232422,0,0,0,0,0,0,0,214428.91729736328,233049.84912109375,76921.80657958984,0.3406982421875,33572028416,0,866525184,0
1,1762395858059,1600,1599,1600,1599,1602,1601,1600,1635,16.666667938232422,0,0,0,0,0,0,0,214428.91827392578,233049.8546142578,76921.80938720703,0.3406982421875,33572028416,0,866525184,0
1,1762395858060,1600,1599,1600,1599,1602,1601,1600,1635,16.666667938232422,0,0,0,0,0,0,0,214428.91931152344,233049.8604736328,76921.81231689453,0.3406982421875,33572028416,0,866525184,0
1,1762395858061,1600,1599,1600,1599,1602,1601,1600,1635,16.666667938232422,0,0,0,0,0,0,0,214428.92028808594,233049.86596679688,76921.81451416016,0.3406982421875,33572028416,0,866525184,0
1,1762395858062,1600,1599,1600,1599,1602,1601,1600,1635,16.666667938232422,0,0,0,0,0,0,0,214428.9223022461,233049.87536621094,76921.81616210938,0.3406982421875,33572028416,0,866525184,0
0,1762395858063,1600,1599,1600,1599,1602,1601,1600,1635,16.666667938232422,0,0,0,0,0,0,0,214428.9232788086,233049.87957763672,76921.81744384766,0.3406982421875,33572028416,0,866525184,0
0,1762395858065,1600,1599,1600,1599,1602,1601,1600,1635,16.666667938232422,0,0,0,0,0,0,0,214428.9242553711,233049.8839111328,76921.8187866211,0.3406982421875,33572028416,0,866525184,0
0,1762395858066,1600,1599,1600,1599,1602,1601,1600,1635,16.666667938232422,0,0,0,0,0,0,0,214428.9252319336,233049.8882446289,76921.8198852539,0.3406982421875,33572028416,0,866525184,0
1,1762395858067,1600,1599,1600,1599,1602,1601,1600,1635,16.666667938232422,0,0,0,0,0,0,0,214428.92626953125,233049.89251708984,76921.82104492188,0.3406982421875,33572028416,0,866525184,0
1,1762395858068,1600,1599,1600,1599,1602,1601,1600,1635,16.666667938232422,0,0,0,0,0,0,0,214428.92724609375,233049.89697265625,76921.82263183594,0.3406982421875,33572028416,0,866525184,0
1,1762395858069,1600,1599,1600,1599,1602,1601,1600,1635,16.666667938232422,0,0,0,0,0,0,0,214428.92822265625,233049.9014892578,76921.82385253906,0.3406982421875,33572028416,0,866525184,0
1,1762395858070,1600,1599,1600,1599,1602,1601,1600,1635,16.666667938232422,0,0,0,0,0,0,0,214428.92919921875,233049.90594482422,76921.82556152344,0.3406982421875,33572028416,0,866525184,0
1,1762395858071,1600,1599,1600,1599,1602,1601,1600,1635,16.666667938232422,0,0,0,0,0,0,0,214428.9302368164,233049.9107055664,76921.82696533203,0.3406982421875,33572028416,0,866525184,0
1,1762395858072,1600,1599,1600,1599,1602,1601,1600,1635,16.666667938232422,0,0,0,0,0,0,0,214428.9312133789,233049.91497802734,76921.82830810547,0.3406982421875,33572028416,0,866525184,0
1,1762395858073,1600,1599,1600,1599,1602,1601,1600,1635,16.666667938232422,0,0,0,0,0,0,0,214428.9331665039,233049.9234008789,76921.82958984375,0.3406982421875,33572028416,0,866525184,0
0,1762395858074,1600,1599,1600,1599,1602,1601,1600,1635,16.666667938232422,0,0,0,0,0,0,0,214428.93420410156,233049.9278564453,76921.83111572266,0.3406982421875,33572028416,0,866525184,0
0,1762395858076,1600,1599,1600,1599,1602,1601,1600,1635,16.666667938232422,0,0,0,0,0,0,0,214428.93518066406,233049.93237304688,76921.83270263672,0.3406982421875,33572028416,0,866525184,0
0,1762395858077,1600,1599,1600,1599,1602,1601,1600,1635,16.666667938232422,0,0,0,0,0,0,0,214428.93615722656,233049.93676757813,76921.833984375,0.3406982421875,33572028416,0,866525184,0
1,1762395858078,1600,1599,1600,1599,1602,1601,1600,1635,16.666667938232422,0,0,0,0,0,0,0,214428.93713378906,233049.94134521484,76921.8355102539,0.3406982421875,33572028416,0,866525184,0
1,1762395858079,1600,1599,1600,1599,1602,1601,1600,1635,16.666667938232422,0,0,0,0,0,0,0,214428.93817138672,233049.94592285156,76921.83679199219,0.3406982421875,33572028416,0,866525184,0
1,1762395858080,1600,1599,1600,1599,1602,1601,1600,1635,16.666667938232422,0,0,0,0,0,0,0,214428.93914794922,233049.9503173828,76921.83801269531,0.3406982421875,33572028416,0,866525184,0
1,1762395858081,1600,1599,1600,1599,1602,1601,1600,1635,16.666667938232422,0,0,0,0,0,0,0,214428.94012451172,233049.95477294922,76921.83947753906,0.3406982421875,33572028416,0,866525184,0
1,1762395858082,1600,1599,1600,1599,1602,1601,1600,1635,16.666667938232422,0,0,0,0,0,0,0,214428.94110107422,233049.9591064453,76921.84088134766,0.3406982421875,33572028416,0,866525184,0
1,1762395858083,1600,1599,1600,1599,1602,1601,1600,1635,16.666667938232422,0,0,0,0,0,0,0,214428.94213867188,233049.9637451172,76921.8423461914,0.3406982421875,33572028416,0,866525184,0
1,1762395858084,1600,1599,1600,1599,1602,1601,1600,1635,16.666667938232422,0,0,0,0,0,0,0,214428.94409179688,233049.9721069336,76921.84368896484,0.3406982421875,33572028416,0,866525184,0
0,1762395858085,1600,1599,1600,1599,1602,1601,1600,1635,16.666667938232422,0,0,0,0,0,0,0,214428.94512939453,233049.97631835938,76921.8451538086,0.3406982421875,33572028416,0,866525184,0
0,1762395858087,1600,1599,1600,1599,1602,1601,1600,1635,16.666667938232422,0,0,0,0,0,0,0,214428.9461669922,233049.98114013672,76921.84655761719,0.3406982421875,33572028416,0,866525184,0
0,1762395858088,1600,1599,1600,1599,1602,1601,1600,1635,16.666667938232422,0,0,0,0,0,0,0,214428.94708251953,233049.98541259766,76921.84783935547,0.3406982421875,33572028416,0,866525184,0
1,1762395858089,1600,1599,1600,1599,1602,1601,1600,1635,16.666667938232422,0,0,0,0,0,0,0,214428.9481201172,233049.9896850586,76921.84887695313,0.3406982421875,33572028416,0,866525184,0
1,1762395858090,1600,1599,1600,1599,1602,1601,1600,1635,16.666667938232422,0,0,0,0,0,0,0,214428.9490966797,233049.99395751953,76921.85034179688,0.3406982421875,33572028416,0,866525184,0
1,1762395858091,1600,1599,1600,1599,1602,1601,1600,1635,16.666667938232422,0,0,0,0,0,0,0,214428.95013427734,233049.9985961914,76921.85174560547,0.3406982421875,33572028416,0,866525184,0
1,1762395858092,1600,1599,1600,1599,1602,1601,1600,1635,16.666667938232422,0,0,0,0,0,0,0,214428.95111083984,233050.00329589844,76921.85357666016,0.3406982421875,33572028416,0,866525184,0
1,1762395858093,1600,1599,1600,1599,1602,1601,1600,1635,16.666667938232422,0,0,0,0,0,0,0,214428.95208740234,233050.00799560547,76921.85485839844,0.3406982421875,33572028416,0,866525184,0
1,1762395858094,1600,1599,1600,1599,1602,1601,1600,1635,16.666667938232422,0,0,0,0,0,0,0,214428.95306396484,233050.01220703125,76921.85620117188,0.3406982421875,33572028416,0,866525184,0
1,1762395858095,1600,1599,1600,1599,1602,1601,1600,1635,16.666667938232422,0,0,0,0,0,0,0,214428.955078125,233050.02099609375,76921.85778808594,0.3406982421875,33572028416,0,866525184,0
0,1762395858096,1600,1599,1600,1599,1602,1601,1600,1635,16.666667938232422,0,0,0,0,0,0,0,214428.95599365234,233050.02520751953,76921.85925292969,0.3406982421875,33572028416,0,866525184,0
0,1762395858098,1600,1599,1600,1599,1602,1601,1600,1635,16.666667938232422,0,0,0,0,0,0,0,214428.95703125,233050.02966308594,76921.86065673828,0.3406982421875,33572028416,0,866525184,0
0,1762395858099,1600,1599,1600,1599,1602,1601,1600,1635,16.666667938232422,0,0,0,0,0,0,0,214428.9580078125,233050.0340576172,76921.86181640625,0.3406982421875,33572028416,0,866525184,0
1,1762395858100,1600,1599,1600,1599,1602,1601,1600,1635,16.666667938232422,0,0,0,0,0,0,0,214428.95904541016,233050.0385131836,76921.86315917969,0.3406982421875,33572028416,0,866525184,0
1,1762395858101,1600,1599,1600,1599,1602,1601,1600,1635,16.666667938232422,0,0,0,0,0,0,0,214428.96002197266,233050.04290771484,76921.86437988281,0.3406982421875,33572028416,0,866525184,0
1,1762395858102,1600,1599,1600,1599,1602,1601,1600,1635,16.666667938232422,0,0,0,0,0,0,0,214428.96099853516,233050.04718017578,76921.8656616211,0.3406982421875,33572028416,0,866525184,0
1,1762395858103,1600,1599,1600,1599,1602,1601,1600,1635,16.666667938232422,0,0,0,0,0,0,0,214428.96197509766,233050.0517578125,76921.86706542969,0.3406982421875,33572028416,0,866525184,0
1,1762395858104,1600,1599,1600,1599,1602,1601,1600,1635,16.666667938232422,0,0,0,0,0,0,0,214428.96295166016,233050.0560913086,76921.86853027344,0.3406982421875,33572028416,0,866525184,0
1,1762395858105,1600,1599,1600,1599,1602,1601,1600,1635,16.666667938232422,0,0,0,0,0,0,0,214428.9639892578,233050.06072998047,76921.86987304688,0.3406982421875,33572028416,0,866525184,0
1,1762395858106,1600,1599,1600,1599,1602,1601,1600,1635,16.666667938232422,0,0,0,0,0,0,0,214428.9659423828,233050.06927490234,76921.87139892578,0.3406982421875,33572028416,0,866525184,0
0,1762395858107,1600,1599,1600,1599,1602,1601,1600,1635,16.666667938232422,0,0,0,0,0,0,0,214428.9669189453,233050.0733642578,76921.87255859375,0.3406982421875,33572028416,0,866525184,0
0,1762395858109,1600,1599,1600,1599,1602,1601,1600,1635,16.666667938232422,0,0,0,0,0,0,0,214428.9678955078,233050.07775878906,76921.87390136719,0.3406982421875,33572028416,0,866525184,0
0,1762395858110,1600,1599,1600,1599,1602,1601,1600,1635,16.666667938232422,0,0,0,0,0,0,0,214428.96893310547,233050.08209228516,76921.87512207031,0.3406982421875,33572028416,0,866525184,0
1,1762395858111,1600,1599,1600,1599,1602,1601,1600,1635,16.666667938232422,0,0,0,0,0,0,0,214428.96990966797,233050.0864868164,76921.87634277344,0.3406982421875,33572028416,0,866525184,0
1,1762395858112,1600,1599,1600,1599,1602,1601,1600,1635,16.666667938232422,0,0,0,0,0,0,0,214428.97088623047,233050.09088134766,76921.87774658203,0.3406982421875,33572028416,0,866525184,0
1,1762395858113,1600,1599,1600,1599,1602,1601,1600,1635,16.666667938232422,0,0,0,0,0,0,0,214428.97186279297,233050.09539794922,76921.8793334961,0.3406982421875,33572028416,0,866525184,0
1,1762395858114,1600,1599,1600,1599,1602,1601,1600,1635,16.666667938232422,0,0,0,0,0,0,0,214428.97290039063,233050.1000366211,76921.88104248047,0.3406982421875,33572028416,0,866525184,0
1,1762395858115,1600,1599,1600,1599,1602,1601,1600,1635,16.666667938232422,0,0,0,0,0,0,0,214428.97387695313,233050.10485839844,76921.8823852539,0.3406982421875,33572028416,0,866525184,0
1,1762395858116,1600,1599,1600,1599,1602,1601,1600,1635,16.666667938232422,0,0,0,0,0,0,0,214428.97485351563,233050.10906982422,76921.8837890625,0.3406982421875,33572028416,0,866525184,0
1,1762395858117,1600,1599,1600,1599,1602,1601,1600,1635,16.666667938232422,0,0,0,0,0,0,0,214428.97686767578,233050.11785888672,76921.8853149414,0.3406982421875,33572028416,0,866525184,0
0,1762395858118,1600,1599,1600,1599,1602,1601,1600,1635,16.666667938232422,0,0,0,0,0,0,0,214428.97784423828,233050.12213134766,76921.88665771484,0.3406982421875,33572028416,0,866525184,0
0,1762395858120,1600,1599,1600,1599,1602,1601,1600,1635,16.666667938232422,0,0,0,0,0,0,0,214428.97882080078,233050.12646484375,76921.88806152344,0.3406982421875,33572028416,0,866525184,0
0,1762395858121,1600,1599,1600,1599,1602,1601,1600,1635,16.666667938232422,0,0,0,0,0,0,0,214428.97979736328,233050.1307373047,76921.8890991211,0.3406982421875,33572028416,0,866525184,0
1,1762395858122,1600,1599,1600,1599,1602,1601,1600,1635,16.666667938232422,0,0,0,0,0,0,0,214428.98083496094,233050.1351928711,76921.89044189453,0.3406982421875,33572028416,0,866525184,0
1,1762395858123,1600,1599,1600,1599,1602,1601,1600,1635,16.666667938232422,0,0,0,0,0,0,0,214428.98181152344,233050.13958740234,76921.89172363281,0.3406982421875,33572028416,0,866525184,0
1,1762395858124,1600,1599,1600,1599,1602,1601,1600,1635,16.666667938232422,0,0,0,0,0,0,0,214428.98278808594,233050.1439819336,76921.89306640625,0.3406982421875,33572028416,0,866525184,0
1,1762395858125,1600,1599,1600,1599,1602,1601,1600,1635,16.666667938232422,0,0,0,0,0,0,0,214428.98376464844,233050.1484375,76921.89459228516,0.3406982421875,33572028416,0,866525184,0
1,1762395858126,1600,1599,1600,1599,1602,1601,1600,1635,16.666667938232422,0,0,0,0,0,0,0,214428.98474121094,233050.1528930664,76921.8959350586,0.3406982421875,33572028416,0,866525184,0
1,1762395858127,1600,1599,1600,1599,1602,1601,1600,1635,16.666667938232422,0,0,0,0,0,0,0,214428.9857788086,233050.15747070313,76921.8974609375,0.3406982421875,33572028416,0,866525184,0
1,1762395858128,1600,1599,1600,1599,1602,1601,1600,1635,16.666667938232422,0,0,0,0,0,0,0,214428.9877319336,233050.16607666016,76921.8988647461,0.3406982421875,33572028416,0,866525184,0
0,1762395858129,1600,1599,1600,1599,1602,1601,1600,1635,16.666667938232422,0,0,0,0,0,0,0,214428.9887084961,233050.17016601563,76921.90002441406,0.3406982421875,33572028416,0,866525184,0
0,1762395858131,1600,1599,1600,1599,1602,1601,1600,1635,16.666667938232422,0,0,0,0,0,0,0,214428.9896850586,233050.17449951172,76921.90130615234,0.3406982421875,33572028416,0,866525184,0
0,1762395858132,1600,1599,1600,1599,1602,1601,1600,1635,16.666667938232422,0,0,0,0,0,0,0,214428.99072265625,233050.1788330078,76921.90252685547,0.3406982421875,33572028416,0,866525184,0
1,1762395858133,1600,1599,1600,1599,1602,1601,1600,1635,16.666667938232422,0,0,0,0,0,0,0,214428.9916381836,233050.1830444336,76921.90368652344,0.3406982421875,33572028416,0,866525184,0
1,1762395858134,1600,1599,1600,1599,1602,1601,1600,1635,16.666667938232422,0,0,0,0,0,0,0,214428.99267578125,233050.18756103516,76921.9052734375,0.3406982421875,33572028416,0,866525184,0
1,1762395858135,1600,1599,1600,1599,1602,1601,1600,1635,16.666667938232422,0,0,0,0,0,0,0,214428.99365234375,233050.19219970703,76921.90698242188,0.3406982421875,33572028416,0,866525184,0
1,1762395858136,1600,1599,1600,1599,1602,1601,1600,1635,16.666667938232422,0,0,0,0,0,0,0,214428.9946899414,233050.19702148438,76921.90850830078,0.3406982421875,33572028416,0,866525184,0
1,1762395858137,1600,1599,1600,1599,1602,1601,1600,1635,16.666667938232422,0,0,0,0,0,0,0,214428.9956665039,233050.20166015625,76921.90997314453,0.3406982421875,33572028416,0,866525184,0
1,1762395858138,1600,1599,1600,1599,1602,1601,1600,1635,16.666667938232422,0,0,0,0,0,0,0,214428.9966430664,233050.20599365234,76921.91131591797,0.3406982421875,33572028416,0,866525184,0
1,1762395858139,1600,1599,1600,1599,1602,1601,1600,1635,16.666667938232422,0,0,0,0,0,0,0,214428.9985961914,233050.2147216797,76921.91284179688,0.3406982421875,33572028416,0,866525184,0
0,1762395858140,1600,1599,1600,1599,1602,1601,1600,1635,16.666667938232422,0,0,0,0,0,0,0,214428.99963378906,233050.21893310547,76921.91424560547,0.3406982421875,33572028416,0,866525184,0
0,1762395858142,1600,1599,1600,1599,1602,1601,1600,1635,16.666667938232422,0,0,0,0,0,0,0,214429.00061035156,233050.22326660156,76921.91552734375,0.3406982421875,33572028416,0,866525184,0
0,1762395858143,1600,1599,1600,1599,1602,1601,1600,1635,16.666667938232422,0,0,0,0,0,0,0,214429.00158691406,233050.2276611328,76921.91668701172,0.3406982421875,33572028416,0,866525184,0
1,1762395858144,1600,1599,1600,1599,1602,1601,1600,1635,16.666667938232422,0,0,0,0,0,0,0,214429.00256347656,233050.23181152344,76921.91778564453,0.3406982421875,33572028416,0,866525184,0
1,1762395858145,1600,1599,1600,1599,1602,1601,1600,1635,16.666667938232422,0,0,0,0,0,0,0,214429.00354003906,233050.2362060547,76921.91912841797,0.3406982421875,33572028416,0,866525184,0
1,1762395858146,1600,1599,1600,1599,1602,1601,1600,1635,16.666667938232422,0,0,0,0,0,0,0,214429.00451660156,233050.24060058594,76921.9203491211,0.3406982421875,33572028416,0,866525184,0
1,1762395858147,1600,1599,1600,1599,1602,1601,1600,1635,16.666667938232422,0,0,0,0,0,0,0,214429.00555419922,233050.24530029297,76921.92205810547,0.3406982421875,33572028416,0,866525184,0
1,1762395858148,1600,1599,1600,1599,1602,1601,1600,1635,16.666667938232422,0,0,0,0,0,0,0,214429.00659179688,233050.24993896484,76921.92358398438,0.3406982421875,33572028416,0,866525184,0
1,1762395858149,1600,1599,1600,1599,1602,1601,1600,1635,16.666667938232422,0,0,0,0,0,0,0,214429.00750732422,233050.25427246094,76921.92486572266,0.3406982421875,33572028416,0,866525184,0
1,1762395858150,1600,1599,1600,1599,1602,1601,1600,1635,16.666667938232422,0,0,0,0,0,0,0,214429.00952148438,233050.26275634766,76921.92626953125,0.3406982421875,33572028416,0,866525184,0
0,1762395858151,1600,1599,1600,1599,1602,1601,1600,1635,16.666667938232422,0,0,0,0,0,0,0,214429.01049804688,233050.2670288086,76921.92755126953,0.3406982421875,33572028416,0,866525184,0
0,1762395858153,1600,1599,1600,1599,1602,1601,1600,1635,16.666667938232422,0,0,0,0,0,0,0,214429.01147460938,233050.2713623047,76921.92877197266,0.3406982421875,33572028416,0,866525184,0
0,1762395858154,1600,1599,1600,1599,1602,1601,1600,1635,16.666667938232422,0,0,0,0,0,0,0,214429.01245117188,233050.2755126953,76921.92993164063,0.3406982421875,33572028416,0,866525184,0
1,1762395858155,1600,1599,1600,1599,1602,1601,1600,1635,16.666667938232422,0,0,0,0,0,0,0,214429.01348876953,233050.27996826172,76921.93127441406,0.3406982421875,33572028416,0,866525184,0
1,1762395858156,1600,1599,1600,1599,1602,1601,1600,1635,16.666667938232422,0,0,0,0,0,0,0,214429.01446533203,233050.28436279297,76921.93273925781,0.3406982421875,33572028416,0,866525184,0
1,1762395858157,1600,1599,1600,1599,1602,1601,1600,1635,16.666667938232422,0,0,0,0,0,0,0,214429.01544189453,233050.2890625,76921.93444824219,0.3406982421875,33572028416,0,866525184,0
1,1762395858158,1600,1599,1600,1599,1602,1601,1600,1635,16.666667938232422,0,0,0,0,0,0,0,214429.0164794922,233050.2938232422,76921.93591308594,0.3406982421875,33572028416,0,866525184,0
1,1762395858159,1600,1599,1600,1599,1602,1601,1600,1635,16.666667938232422,0,0,0,0,0,0,0,214429.0174560547,233050.2984008789,76921.93737792969,0.3406982421875,33572028416,0,866525184,0
1,1762395858160,1600,1599,1600,1599,1602,1601,1600,1635,16.666667938232422,0,0,0,0,0,0,0,214429.0184326172,233050.30267333984,76921.93872070313,0.3406982421875,33572028416,0,866525184,0
1,1762395858161,1600,1599,1600,1599,1602,1601,1600,1635,16.666667938232422,0,0,0,0,0,0,0,214429.02044677734,233050.31127929688,76921.94018554688,0.3406982421875,33572028416,0,866525184,0
0,1762395858162,1600,1599,1600,1599,1602,1601,1600,1635,16.666667938232422,0,0,0,0,0,0,0,214429.02142333984,233050.31536865234,76921.94128417969,0.3406982421875,33572028416,0,866525184,0
0,1762395858164,1600,1599,1600,1599,1602,1601,1600,1635,16.666667938232422,0,0,0,0,0,0,0,214429.0223388672,233050.31958007813,76921.94262695313,0.3406982421875,33572028416,0,866525184,0
0,1762395858165,1600,1599,1600,1599,1602,1601,1600,1635,16.666667938232422,0,0,0,0,0,0,0,214429.02337646484,233050.32403564453,76921.94384765625,0.3406982421875,33572028416,0,866525184,0
1,1762395858166,1600,1599,1600,1599,1602,1601,1600,1635,16.666667938232422,0,0,0,0,0,0,0,214429.02435302734,233050.32836914063,76921.94512939453,0.3406982421875,33572028416,0,866525184,0
1,1762395858167,1600,1599,1600,1599,1602,1601,1600,1635,16.666667938232422,0,0,0,0,0,0,0,214429.02532958984,233050.3328857422,76921.94665527344,0.3406982421875,33572028416,0,866525184,0
1,1762395858168,1600,1599,1600,1599,1602,1601,1600,1635,16.666667938232422,0,0,0,0,0,0,0,214429.0263671875,233050.33758544922,76921.94793701172,0.3406982421875,33572028416,0,866525184,0
1,1762395858169,1600,1599,1600,1599,1602,1601,1600,1635,16.666667938232422,0,0,0,0,0,0,0,214429.02734375,233050.34197998047,76921.94958496094,0.3406982421875,33572028416,0,866525184,0
1,1762395858170,1600,1599,1600,1599,1602,1601,1600,1635,16.666667938232422,0,0,0,0,0,0,0,214429.0283203125,233050.3466796875,76921.95098876953,0.3406982421875,33572028416,0,866525184,0
1,1762395858171,1600,1599,1600,1599,1602,1601,1600,1635,16.666667938232422,0,0,0,0,0,0,0,214429.029296875,233050.35095214844,76921.95239257813,0.3406982421875,33572028416,0,866525184,0
1,1762395858172,1600,1599,1600,1599,1602,1601,1600,1635,16.666667938232422,0,0,0,0,0,0,0,214429.03131103516,233050.3594970703,76921.95373535156,0.3406982421875,33572028416,0,866525184,0
0,1762395858173,1600,1599,1600,1599,1602,1601,1600,1635,16.666667938232422,0,0,0,0,0,0,0,214429.03228759766,233050.36376953125,76921.95489501953,0.3406982421875,33572028416,0,866525184,0
0,1762395858175,1600,1599,1600,1599,1602,1601,1600,1635,16.666667938232422,0,0,0,0,0,0,0,214429.03326416016,233050.36798095703,76921.95611572266,0.3406982421875,33572028416,0,866525184,0
0,1762395858176,1600,1599,1600,1599,1602,1601,1600,1635,16.666667938232422,0,0,0,0,0,0,0,214429.0343017578,233050.37231445313,76921.9574584961,0.3406982421875,33572028416,0,866525184,0
1,1762395858177,1600,1599,1600,1599,1602,1601,1600,1635,16.666667938232422,0,0,0,0,0,0,0,214429.03521728516,233050.37664794922,76921.958984375,0.3406982421875,33572028416,0,866525184,0
1,1762395858178,1600,1599,1600,1599,1602,1601,1600,1635,16.666667938232422,0,0,0,0,0,0,0,214429.0362548828,233050.38134765625,76921.9605102539,0.3406982421875,33572028416,0,866525184,0
1,1762395858179,1600,1599,1600,1599,1602,1601,1600,1635,16.666667938232422,0,0,0,0,0,0,0,214429.03729248047,233050.3858642578,76921.96166992188,0.3406982421875,33572028416,0,866525184,0
1,1762395858180,1600,1599,1600,1599,1602,1601,1600,1635,16.666667938232422,0,0,0,0,0,0,0,214429.0382080078,233050.3901977539,76921.96307373047,0.3406982421875,33572028416,0,866525184,0
1,1762395858181,1600,1599,1600,1599,1602,1601,1600,1635,16.666667938232422,0,0,0,0,0,0,0,214429.03924560547,233050.39483642578,76921.96459960938,0.3406982421875,33572028416,0,866525184,0
1,1762395858182,1600,1599,1600,1599,1602,1601,1600,1635,16.666667938232422,0,0,0,0,0,0,0,214429.04022216797,233050.39935302734,76921.96618652344,0.3406982421875,33572028416,0,866525184,0
1,1762395858183,1600,1599,1600,1599,1602,1601,1600,1635,16.666667938232422,0,0,0,0,0,0,0,214429.04217529297,233050.408203125,76921.9677734375,0.3406982421875,33572028416,0,866525184,0
0,1762395858184,1600,1599,1600,1599,1602,1601,1600,1635,16.666667938232422,0,0,0,0,0,0,0,214429.04321289063,233050.41235351563,76921.96893310547,0.3406982421875,33572028416,0,866525184,0
0,1762395858186,1600,1599,1600,1599,1602,1601,1600,1635,16.666667938232422,0,0,0,0,0,0,0,214429.04418945313,233050.41668701172,76921.9702758789,0.3406982421875,33572028416,0,866525184,0
0,1762395858187,1600,1599,1600,1599,1602,1601,1600,1635,16.666667938232422,0,0,0,0,0,0,0,214429.04516601563,233050.4210205078,76921.97149658203,0.3406982421875,33572028416,0,866525184,0
1,1762395858188,1600,1599,1600,1599,1602,1601,1600,1635,16.666667938232422,0,0,0,0,0,0,0,214429.04614257813,233050.42517089844,76921.97265625,0.3406982421875,33572028416,0,866525184,0
1,1762395858189,1600,1599,1600,1599,1602,1601,1600,1635,16.666667938232422,0,0,0,0,0,0,0,214429.04718017578,233050.4296875,76921.97399902344,0.3406982421875,33572028416,0,866525184,0
1,1762395858190,1600,1599,1600,1599,1602,1601,1600,1635,22.22222328186035,0,0,5,0,0,0,0,214429.04815673828,233050.43420410156,76921.97576904297,0.3406982421875,33572028416,0,866525184,0
1,1762395858191,1600,1599,1600,1599,1602,1601,1600,1635,22.22222328186035,0,0,5,0,0,0,0,214429.04913330078,233050.43884277344,76921.97729492188,0.3406982421875,33572028416,0,866525184,0
1,1762395858192,1600,1599,1600,1599,1602,1601,1600,1635,22.22222328186035,0,0,5,0,0,0,0,214429.05010986328,233050.44354248047,76921.978515625,0.3406982421875,33572028416,0,866525184,0
1,1762395858193,1600,1599,1600,1599,1602,1601,1600,1635,22.22222328186035,0,0,5,0,0,0,0,214429.05114746094,233050.44799804688,76921.9799194336,0.3406982421875,33572028416,0,866525184,0
1,1762395858194,1600,1599,1600,1599,1602,1601,1600,1635,22.22222328186035,0,0,5,0,0,0,0,214429.05310058594,233050.45635986328,76921.98126220703,0.3406982421875,33572028416,0,866525184,0
0,1762395858195,1600,1599,1600,1599,1602,1601,1600,1635,22.22222328186035,0,0,5,0,0,0,0,214429.05407714844,233050.46069335938,76921.98248291016,0.3406982421875,33572028416,0,866525184,0
0,1762395858197,1600,1599,1600,1599,1602,1601,1600,1635,22.22222328186035,0,0,5,0,0,0,0,214429.05505371094,233050.46508789063,76921.98388671875,0.3406982421875,33572028416,0,866525184,0
0,1762395858198,1600,1599,1600,1599,1602,1601,1600,1635,22.22222328186035,0,0,5,0,0,0,0,214429.05603027344,233050.46936035156,76921.98510742188,0.3406982421875,33572028416,0,866525184,0
1,1762395858199,1600,1599,1600,1599,1602,1601,1600,1635,22.22222328186035,0,0,5,0,0,0,0,214429.0570678711,233050.47393798828,76921.98663330078,0.3406982421875,33572028416,0,866525184,0
1,1762395858200,1600,1599,1600,1599,1602,1601,1600,1635,22.22222328186035,0,0,5,0,0,0,0,214429.0580444336,233050.4783935547,76921.98791503906,0.3406982421875,33572028416,0,866525184,0
1,1762395858201,1600,1599,1600,1599,1602,1601,1600,1635,22.22222328186035,0,0,5,0,0,0,0,214429.0590209961,233050.48278808594,76921.9892578125,0.3406982421875,33572028416,0,866525184,0
1,1762395858202,1600,1599,1600,1599,1602,1601,1600,1635,22.22222328186035,0,0,5,0,0,0,0,214429.06005859375,233050.48736572266,76921.99084472656,0.3406982421875,33572028416,0,866525184,0
1,1762395858203,1600,1599,1600,1599,1602,1601,1600,1635,22.22222328186035,0,0,5,0,0,0,0,214429.06103515625,233050.4921875,76921.99267578125,0.3406982421875,33572028416,0,866525184,0
1,1762395858204,1600,1599,1600,1599,1602,1601,1600,1635,22.22222328186035,0,0,5,0,0,0,0,214429.0620727539,233050.49688720703,76921.99401855469,0.3406982421875,33572028416,0,866525184,0
1,1762395858205,1600,1599,1600,1599,1602,1601,1600,1635,22.22222328186035,0,0,5,0,0,0,0,214429.0640258789,233050.50524902344,76921.99542236328,0.3406982421875,33572028416,0,866525184,0
0,1762395858206,1600,1599,1600,1599,1602,1601,1600,1635,22.22222328186035,0,0,5,0,0,0,0,214429.0650024414,233050.50939941406,76921.9965209961,0.3406982421875,33572028416,0,866525184,0
0,1762395858208,1600,1599,1600,1599,1602,1601,1600,1635,22.22222328186035,0,0,5,0,0,0,0,214429.0659790039,233050.513671875,76921.99786376953,0.3406982421875,33572028416,0,866525184,0
0,1762395858209,1600,1599,1600,1599,1602,1601,1600,1635,22.22222328186035,0,0,5,0,0,0,0,214429.0669555664,233050.51794433594,76921.99896240234,0.3406982421875,33572028416,0,866525184,0
1,1762395858210,1600,1599,1600,1599,1602,1601,1600,1635,22.22222328186035,0,0,5,0,0,0,0,214429.06799316406,233050.5223388672,76922.00018310547,0.3406982421875,33572028416,0,866525184,0
1,1762395858211,1600,1599,1600,1599,1602,1601,1600,1635,22.22222328186035,0,0,5,0,0,0,0,214429.06896972656,233050.5267944336,76922.00170898438,0.3406982421875,33572028416,0,866525184,0
1,1762395858212,1600,1599,1600,1599,1602,1601,1600,1635,22.22222328186035,0,0,5,0,0,0,0,214429.06994628906,233050.53143310547,76922.00329589844,0.3406982421875,33572028416,0,866525184,0
1,1762395858213,1600,1599,1600,1599,1602,1601,1600,1635,22.22222328186035,0,0,5,0,0,0,0,214429.07092285156,233050.53619384766,76922.00506591797,0.3406982421875,33572028416,0,866525184,0
1,1762395858214,1600,1599,1600,1599,1602,1601,1600,1635,22.22222328186035,0,0,5,0,0,0,0,214429.07196044922,233050.54083251953,76922.00622558594,0.3406982421875,33572028416,0,866525184,0
1,1762395858215,1600,1599,1600,1599,1602,1601,1600,1635,22.22222328186035,0,0,5,0,0,0,0,214429.07293701172,233050.5450439453,76922.00756835938,0.3406982421875,33572028416,0,866525184,0
1,1762395858216,1600,1599,1600,1599,1602,1601,1600,1635,22.22222328186035,0,0,5,0,0,0,0,214429.07489013672,233050.5535888672,76922.00897216797,0.3406982421875,33572028416,0,866525184,0
0,1762395858217,1600,1599,1600,1599,1602,1601,1600,1635,22.22222328186035,0,0,5,0,0,0,0,214429.07586669922,233050.5577392578,76922.01025390625,0.3406982421875,33572028416,0,866525184,0
0,1762395858219,1600,1599,1600,1599,1602,1601,1600,1635,22.22222328186035,0,0,5,0,0,0,0,214429.07684326172,233050.56213378906,76922.01147460938,0.3406982421875,33572028416,0,866525184,0
0,1762395858220,1600,1599,1600,1599,1602,1601,1600,1635,22.22222328186035,0,0,5,0,0,0,0,214429.07788085938,233050.56658935547,76922.01287841797,0.3406982421875,33572028416,0,866525184,0
1,1762395858221,1600,1599,1600,1599,1602,1601,1600,1635,22.22222328186035,0,0,5,0,0,0,0,214429.07885742188,233050.57080078125,76922.01416015625,0.3406982421875,33572028416,0,866525184,0
1,1762395858222,1600,1599,1600,1599,1602,1601,1600,1635,22.22222328186035,0,0,5,0,0,0,0,214429.07983398438,233050.57537841797,76922.01544189453,0.3406982421875,33572028416,0,866525184,0
1,1762395858223,1600,1599,1600,1599,1602,1601,1600,1635,22.22222328186035,0,0,5,0,0,0,0,214429.08087158203,233050.57977294922,76922.01678466797,0.3406982421875,33572028416,0,866525184,0
1,1762395858224,1600,1599,1600,1599,1602,1601,1600,1635,22.22222328186035,0,0,5,0,0,0,0,214429.08184814453,233050.58428955078,76922.01824951172,0.3406982421875,33572028416,0,866525184,0
1,1762395858225,1600,1599,1600,1599,1602,1601,1600,1635,22.22222328186035,0,0,5,0,0,0,0,214429.08282470703,233050.58880615234,76922.01971435547,0.3406982421875,33572028416,0,866525184,0
1,1762395858226,1600,1599,1600,1599,1602,1601,1600,1635,22.22222328186035,0,0,5,0,0,0,0,214429.08380126953,233050.59313964844,76922.0210571289,0.3406982421875,33572028416,0,866525184,0
1,1762395858227,1600,1599,1600,1599,1602,1601,1600,1635,22.22222328186035,0,0,5,0,0,0,0,214429.0858154297,233050.6016845703,76922.0224609375,0.3406982421875,33572028416,0,866525184,0
0,1762395858228,1600,1599,1600,1599,1602,1601,1600,1635,22.22222328186035,0,0,5,0,0,0,0,214429.0867919922,233050.6058959961,76922.02355957031,0.3406982421875,33572028416,0,866525184,0
0,1762395858230,1600,1599,1600,1599,1602,1601,1600,1635,22.22222328186035,0,0,5,0,0,0,0,214429.0877685547,233050.6102294922,76922.02490234375,0.3406982421875,33572028416,0,866525184,0
0,1762395858231,1600,1599,1600,1599,1602,1601,1600,1635,22.22222328186035,0,0,5,0,0,0,0,214429.0887451172,233050.61462402344,76922.02618408203,0.3406982421875,33572028416,0,866525184,0
1,1762395858232,1600,1599,1600,1599,1602,1601,1600,1635,22.22222328186035,0,0,5,0,0,0,0,214429.0897216797,233050.61889648438,76922.02734375,0.3406982421875,33572028416,0,866525184,0
1,1762395858233,1600,1599,1600,1599,1602,1601,1600,1635,22.22222328186035,0,0,5,0,0,0,0,214429.09075927734,233050.6234741211,76922.02893066406,0.3406982421875,33572028416,0,866525184,0
1,1762395858234,1600,1599,1600,1599,1602,1601,1600,1635,22.22222328186035,0,0,5,0,0,0,0,214429.09173583984,233050.6280517578,76922.03063964844,0.3406982421875,33572028416,0,866525184,0
1,1762395858235,1600,1599,1600,1599,1602,1601,1600,1635,22.22222328186035,0,0,5,0,0,0,0,214429.09271240234,233050.6328125,76922.0322265625,0.3406982421875,33572028416,0,866525184,0
1,1762395858236,1600,1599,1600,1599,1602,1601,1600,1635,22.22222328186035,0,0,5,0,0,0,0,214429.09375,233050.63751220703,76922.03344726563,0.3406982421875,33572028416,0,866525184,0
1,1762395858237,1600,1599,1600,1599,1602,1601,1600,1635,22.22222328186035,0,0,5,0,0,0,0,214429.0947265625,233050.64166259766,76922.03485107422,0.3406982421875,33572028416,0,866525184,0
1,1762395858238,1600,1599,1600,1599,1602,1601,1600,1635,22.22222328186035,0,0,5,0,0,0,0,214429.0966796875,233050.65008544922,76922.03607177734,0.3406982421875,33572028416,0,866525184,0
0,1762395858239,1600,1599,1600,1599,1602,1601,1600,1635,22.22222328186035,0,0,5,0,0,0,0,214429.09765625,233050.6541748047,76922.03735351563,0.3406982421875,33572028416,0,866525184,0
0,1762395858241,1600,1599,1600,1599,1602,1601,1600,1635,22.22222328186035,0,0,5,0,0,0,0,214429.0986328125,233050.6587524414,76922.03887939453,0.3406982421875,33572028416,0,866525184,0
0,1762395858242,1600,1599,1600,1599,1602,1601,1600,1635,22.22222328186035,0,0,5,0,0,0,0,214429.09967041016,233050.6632080078,76922.04010009766,0.3406982421875,33572028416,0,866525184,0
1,1762395858243,1600,1599,1600,1599,1602,1601,1600,1635,22.22222328186035,0,0,5,0,0,0,0,214429.10064697266,233050.6674194336,76922.04125976563,0.3406982421875,33572028416,0,866525184,0
1,1762395858244,1600,1599,1600,1599,1602,1601,1600,1635,22.22222328186035,0,0,5,0,0,0,0,214429.10162353516,233050.67193603516,76922.04272460938,0.3406982421875,33572028416,0,866525184,0
1,1762395858245,1600,1599,1600,1599,1602,1601,1600,1635,22.22222328186035,0,0,5,0,0,0,0,214429.10260009766,233050.67626953125,76922.04388427734,0.3406982421875,33572028416,0,866525184,0
1,1762395858246,1600,1599,1600,1599,1602,1601,1600,1635,22.22222328186035,0,0,5,0,0,0,0,214429.1036376953,233050.68096923828,76922.04553222656,0.3406982421875,33572028416,0,866525184,0
1,1762395858247,1600,1599,1600,1599,1602,1601,1600,1635,22.22222328186035,0,0,5,0,0,0,0,214429.1046142578,233050.68536376953,76922.04681396484,0.3406982421875,33572028416,0,866525184,0
1,1762395858248,1600,1599,1600,1599,1602,1601,1600,1635,22.22222328186035,0,0,5,0,0,0,0,214429.10565185547,233050.68994140625,76922.04815673828,0.3406982421875,33572028416,0,866525184,0
1,1762395858249,1600,1599,1600,1599,1602,1601,1600,1635,22.22222328186035,0,0,5,0,0,0,0,214429.10760498047,233050.69830322266,76922.04956054688,0.3406982421875,33572028416,0,866525184,0
0,1762395858250,1600,1599,1600,1599,1602,1601,1600,1635,22.22222328186035,0,0,5,0,0,0,0,214429.10858154297,233050.70251464844,76922.05065917969,0.3406982421875,33572028416,0,866525184,0
0,1762395858252,1600,1599,1600,1599,1602,1601,1600,1635,22.22222328186035,0,0,5,0,0,0,0,214429.10955810547,233050.70678710938,76922.05200195313,0.3406982421875,33572028416,0,866525184,0
0,1762395858253,1600,1599,1600,1599,1602,1601,1600,1635,22.22222328186035,0,0,5,0,0,0,0,214429.11053466797,233050.71118164063,76922.0532836914,0.3406982421875,33572028416,0,866525184,0
1,1762395858254,1600,1599,1600,1599,1602,1601,1600,1635,22.22222328186035,0,0,5,0,0,0,0,214429.11151123047,233050.71551513672,76922.05474853516,0.3406982421875,33572028416,0,866525184,0
1,1762395858255,1600,1599,1600,1599,1602,1601,1600,1635,22.22222328186035,0,0,5,0,0,0,0,214429.11254882813,233050.7201538086,76922.05627441406,0.3406982421875,33572028416,0,866525184,0
1,1762395858256,1600,1599,1600,1599,1602,1601,1600,1635,22.22222328186035,0,0,5,0,0,0,0,214429.11352539063,233050.72479248047,76922.0580444336,0.3406982421875,33572028416,0,866525184,0
1,1762395858257,1600,1599,1600,1599,1602,1601,1600,1635,22.22222328186035,0,0,5,0,0,0,0,214429.11450195313,233050.7296142578,76922.05944824219,0.3406982421875,33572028416,0,866525184,0
1,1762395858258,1600,1599,1600,1599,1602,1601,1600,1635,22.22222328186035,0,0,5,0,0,0,0,214429.11553955078,233050.73413085938,76922.06066894531,0.3406982421875,33572028416,0,866525184,0
1,1762395858259,1600,1599,1600,1599,1602,1601,1600,1635,22.22222328186035,0,0,5,0,0,0,0,214429.11651611328,233050.73846435547,76922.06219482422,0.3406982421875,33572028416,0,866525184,0
1,1762395858260,1600,1599,1600,1599,1602,1601,1600,1635,22.22222328186035,0,0,5,0,0,0,0,214429.11846923828,233050.74658203125,76922.06329345703,0.3406982421875,33572028416,0,866525184,0
0,1762395858261,1600,1599,1600,1599,1602,1601,1600,1635,22.22222328186035,0,0,5,0,0,0,0,214429.11950683594,233050.7508544922,76922.06451416016,0.3406982421875,33572028416,0,866525184,0
0,1762395858263,1600,1599,1600,1599,1602,1601,1600,1635,22.22222328186035,0,0,5,0,0,0,0,214429.12048339844,233050.75512695313,76922.06561279297,0.3406982421875,33572028416,0,866525184,0
0,1762395858264,1600,1599,1600,1599,1602,1601,1600,1635,22.22222328186035,0,0,5,0,0,0,0,214429.12139892578,233050.75927734375,76922.06677246094,0.3406982421875,33572028416,0,866525184,0
1,1762395858265,1600,1599,1600,1599,1602,1601,1600,1635,22.22222328186035,0,0,5,0,0,0,0,214429.12243652344,233050.76361083984,76922.0679321289,0.3406982421875,33572028416,0,866525184,0
1,1762395858266,1600,1599,1600,1599,1602,1601,1600,1635,22.22222328186035,0,0,5,0,0,0,0,214429.12341308594,233050.7680053711,76922.06927490234,0.3406982421875,33572028416,0,866525184,0
1,1762395858267,1600,1599,1600,1599,1602,1601,1600,1635,22.22222328186035,0,0,5,0,0,0,0,214429.12438964844,233050.7724609375,76922.0708618164,0.3406982421875,33572028416,0,866525184,0
1,1762395858268,1600,1599,1600,1599,1602,1601,1600,1635,22.22222328186035,0,0,5,0,0,0,0,214429.12536621094,233050.77716064453,76922.07263183594,0.3406982421875,33572028416,0,866525184,0
1,1762395858269,1600,1599,1600,1599,1602,1601,1600,1635,22.22222328186035,0,0,5,0,0,0,0,214429.1264038086,233050.78186035156,76922.07391357422,0.3406982421875,33572028416,0,866525184,0
1,1762395858270,1600,1599,1600,1599,1602,1601,1600,1635,22.22222328186035,0,0,5,0,0,0,0,214429.1273803711,233050.78637695313,76922.07531738281,0.3406982421875,33572028416,0,866525184,0
1,1762395858271,1600,1599,1600,1599,1602,1601,1600,1635,22.22222328186035,0,0,5,0,0,0,0,214429.1293334961,233050.79455566406,76922.07653808594,0.3406982421875,33572028416,0,866525184,0
0,1762395858272,1600,1599,1600,1599,1602,1601,1600,1635,22.22222328186035,0,0,5,0,0,0,0,214429.13037109375,233050.79888916016,76922.07775878906,0.3406982421875,33572028416,0,866525184,0
0,1762395858274,1600,1599,1600,1599,1602,1601,1600,1635,22.22222328186035,0,0,5,0,0,0,0,214429.13134765625,233050.8031616211,76922.07904052734,0.3406982421875,33572028416,0,866525184,0
0,1762395858275,1600,1599,1600,1599,1602,1601,1600,1635,22.22222328186035,0,0,5,0,0,0,0,214429.1323852539,233050.80755615234,76922.08032226563,0.3406982421875,33572028416,0,866525184,0
1,1762395858276,1600,1599,1600,1599,1602,1601,1600,1635,22.22222328186035,0,0,5,0,0,0,0,214429.13330078125,233050.8119506836,76922.08190917969,0.3406982421875,33572028416,0,866525184,0
1,1762395858277,1600,1599,1600,1599,1602,1601,1600,1635,22.22222328186035,0,0,5,0,0,0,0,214429.1343383789,233050.8165283203,76922.0834350586,0.3406982421875,33572028416,0,866525184,0
1,1762395858278,1600,1599,1600,1599,1602,1601,1600,1635,22.22222328186035,0,0,5,0,0,0,0,214429.1353149414,233050.82122802734,76922.08502197266,0.3406982421875,33572028416,0,866525184,0
1,1762395858279,1600,1599,1600,1599,1602,1601,1600,1635,22.22222328186035,0,0,5,0,0,0,0,214429.1362915039,233050.82580566406,76922.0863647461,0.3406982421875,33572028416,0,866525184,0
1,1762395858280,1600,1599,1600,1599,1602,1601,1600,1635,22.22222328186035,0,0,5,0,0,0,0,214429.13732910156,233050.83038330078,76922.08776855469,0.3406982421875,33572028416,0,866525184,0
1,1762395858281,1600,1599,1600,1599,1602,1601,1600,1635,22.22222328186035,0,0,5,0,0,0,0,214429.13830566406,233050.83465576172,76922.08898925781,0.3406982421875,33572028416,0,866525184,0
1,1762395858282,1600,1599,1600,1599,1602,1601,1600,1635,22.22222328186035,0,0,5,0,0,0,0,214429.14025878906,233050.8432006836,76922.09051513672,0.3406982421875,33572028416,0,866525184,0
0,1762395858283,1600,1599,1600,1599,1602,1601,1600,1635,22.22222328186035,0,0,5,0,0,0,0,214429.14123535156,233050.84729003906,76922.09161376953,0.3406982421875,33572028416,0,866525184,0
0,1762395858285,1600,1599,1600,1599,1602,1601,1600,1635,22.22222328186035,0,0,5,0,0,0,0,214429.14227294922,233050.85162353516,76922.09283447266,0.3406982421875,33572028416,0,866525184,0
0,1762395858286,1600,1599,1600,1599,1602,1601,1600,1635,22.22222328186035,0,0,5,0,0,0,0,214429.14318847656,233050.8558959961,76922.09411621094,0.3406982421875,33572028416,0,866525184,0
1,1762395858287,1600,1599,1600,1599,1602,1601,1600,1635,22.22222328186035,0,0,5,0,0,0,0,214429.14422607422,233050.8603515625,76922.09533691406,0.3406982421875,33572028416,0,866525184,0
1,1762395858288,1600,1599,1600,1599,1602,1601,1600,1635,22.22222328186035,0,0,5,0,0,0,0,214429.14520263672,233050.86474609375,76922.09686279297,0.3406982421875,33572028416,0,866525184,0
1,1762395858289,1600,1599,1600,1599,1602,1601,1600,1635,22.22222328186035,0,0,5,0,0,0,0,214429.14624023438,233050.86944580078,76922.09832763672,0.3406982421875,33572028416,0,866525184,0
1,1762395858290,1600,1599,1600,1599,1602,1601,1600,1635,22.22222328186035,0,0,5,0,0,0,0,214429.14721679688,233050.87408447266,76922.10009765625,0.3406982421875,33572028416,0,866525184,0
1,1762395858291,1600,1599,1600,1599,1602,1601,1600,1635,22.22222328186035,0,0,5,0,0,0,0,214429.14819335938,233050.8787841797,76922.10150146484,0.3406982421875,33572028416,0,866525184,0
1,1762395858292,1600,1599,1600,1599,1602,1601,1600,1635,22.22222328186035,0,0,5,0,0,0,0,214429.14916992188,233050.88311767578,76922.1029663086,0.3406982421875,33572028416,0,866525184,0
1,1762395858293,1600,1599,1600,1599,1602,1601,1600,1635,22.22222328186035,0,0,5,0,0,0,0,214429.15118408203,233050.89154052734,76922.10412597656,0.3406982421875,33572028416,0,866525184,0
0,1762395858294,1600,1599,1600,1599,1602,1601,1600,1635,22.22222328186035,0,0,5,0,0,0,0,214429.15216064453,233050.8959350586,76922.10552978516,0.3406982421875,33572028416,0,866525184,0
0,1762395858296,1600,1599,1600,1599,1602,1601,1600,1635,22.22222328186035,0,0,5,0,0,0,0,214429.15313720703,233050.90032958984,76922.1068725586,0.3406982421875,33572028416,0,866525184,0
0,1762395858297,1600,1599,1600,1599,1602,1601,1600,1635,22.22222328186035,0,0,5,0,0,0,0,214429.15411376953,233050.90454101563,76922.10821533203,0.3406982421875,33572028416,0,866525184,0
1,1762395858298,1600,1599,1600,1599,1602,1601,1600,1635,22.22222328186035,0,0,5,0,0,0,0,214429.15509033203,233050.90911865234,76922.10974121094,0.3406982421875,33572028416,0,866525184,0
1,1762395858299,1600,1599,1600,1599,1602,1601,1600,1635,22.22222328186035,0,0,5,0,0,0,0,214429.1561279297,233050.91369628906,76922.111328125,0.3406982421875,33572028416,0,866525184,0
1,1762395858300,1600,1599,1600,1599,1602,1601,1600,1635,22.22222328186035,0,0,5,0,0,0,0,214429.1571044922,233050.91845703125,76922.11291503906,0.3406982421875,33572028416,0,866525184,0
1,1762395858301,1600,1599,1600,1599,1602,1601,1600,1635,22.22222328186035,0,0,5,0,0,0,0,214429.1580810547,233050.92309570313,76922.11407470703,0.3406982421875,33572028416,0,866525184,0
1,1762395858302,1600,1599,1600,1599,1602,1601,1600,1635,22.22222328186035,0,0,5,0,0,0,0,214429.15911865234,233050.92749023438,76922.11560058594,0.3406982421875,33572028416,0,866525184,0
1,1762395858303,1600,1599,1600,1599,1602,1601,1600,1635,22.22222328186035,0,0,5,0,0,0,0,214429.16009521484,233050.93182373047,76922.11694335938,0.3406982421875,33572028416,0,866525184,0
1,1762395858304,1600,1599,1600,1599,1602,1601,1600,1635,22.22222328186035,0,0,5,0,0,0,0,214429.16204833984,233050.94049072266,76922.11840820313,0.3406982421875,33572028416,0,866525184,0
0,1762395858305,1600,1599,1600,1599,1602,1601,1600,1635,22.22222328186035,0,0,5,0,0,0,0,214429.1630859375,233050.94458007813,76922.11944580078,0.3406982421875,33572028416,0,866525184,0
0,1762395858307,1600,1599,1600,1599,1602,1601,1600,1635,22.22222328186035,0,0,5,0,0,0,0,214429.1640625,233050.94891357422,76922.12084960938,0.3406982421875,33572028416,0,866525184,0
0,1762395858308,1600,1599,1600,1599,1602,1601,1600,1635,22.22222328186035,0,0,5,0,0,0,0,214429.1650390625,233050.95318603516,76922.12200927734,0.3406982421875,33572028416,0,866525184,0
1,1762395858309,1600,1599,1600,1599,1602,1601,1600,1635,22.22222328186035,0,0,5,0,0,0,0,214429.166015625,233050.95764160156,76922.12329101563,0.3406982421875,33572028416,0,866525184,0
1,1762395858310,1600,1599,1600,1599,1602,1601,1600,1635,22.22222328186035,0,0,5,0,0,0,0,214429.16705322266,233050.96215820313,76922.12487792969,0.3406982421875,33572028416,0,866525184,0
1,1762395858311,1600,1599,1600,1599,1602,1601,1600,1635,22.22222328186035,0,0,5,0,0,0,0,214429.16802978516,233050.9669189453,76922.12658691406,0.3406982421875,33572028416,0,866525184,0
1,1762395858312,1600,1599,1600,1599,1602,1601,1600,1635,22.22222328186035,0,0,5,0,0,0,0,214429.16900634766,233050.97161865234,76922.12823486328,0.3406982421875,33572028416,0,866525184,0
1,1762395858313,1600,1599,1600,1599,1602,1601,1600,1635,22.22222328186035,0,0,5,0,0,0,0,214429.16998291016,233050.97631835938,76922.12939453125,0.3406982421875,33572028416,0,866525184,0
1,1762395858314,1600,1599,1600,1599,1602,1601,1600,1635,22.22222328186035,0,0,5,0,0,0,0,214429.17095947266,233050.9805908203,76922.13092041016,0.3406982421875,33572028416,0,866525184,0
1,1762395858315,1600,1599,1600,1599,1602,1601,1600,1635,22.22222328186035,0,0,5,0,0,0,0,214429.17291259766,233050.98864746094,76922.13195800781,0.3406982421875,33572028416,0,866525184,0
0,1762395858316,1600,1599,1600,1599,1602,1601,1600,1635,22.22222328186035,0,0,5,0,0,0,0,214429.17388916016,233050.99291992188,76922.13330078125,0.3406982421875,33572028416,0,866525184,0
0,1762395858318,1600,1599,1600,1599,1602,1601,1600,1635,22.22222328186035,0,0,5,0,0,0,0,214429.1749267578,233050.99725341797,76922.13446044922,0.3406982421875,33572028416,0,866525184,0
0,1762395858319,1600,1599,1600,1599,1602,1601,1600,1635,22.22222328186035,0,0,5,0,0,0,0,214429.1759033203,233051.00177001953,76922.13604736328,0.3406982421875,33572028416,0,866525184,0
1,1762395858320,1600,1599,1600,1599,1602,1601,1600,1635,22.22222328186035,0,0,5,0,0,0,0,214429.1768798828,233051.0062866211,76922.13775634766,0.3406982421875,33572028416,0,866525184,0
1,1762395858321,1600,1599,1600,1599,1602,1601,1600,1635,22.22222328186035,0,0,5,0,0,0,0,214429.17791748047,233051.01110839844,76922.13903808594,0.3406982421875,33572028416,0,866525184,0
1,1762395858322,1600,1599,1600,1599,1602,1601,1600,1635,22.22222328186035,0,0,5,0,0,0,0,214429.17889404297,233051.01568603516,76922.140625,0.3406982421875,33572028416,0,866525184,0
1,1762395858323,1600,1599,1600,1599,1602,1601,1600,1635,22.22222328186035,0,0,5,0,0,0,0,214429.17987060547,233051.02032470703,76922.14233398438,0.3406982421875,33572028416,0,866525184,0
1,1762395858324,1600,1599,1600,1599,1602,1601,1600,1635,22.22222328186035,0,0,5,0,0,0,0,214429.18084716797,233051.02490234375,76922.14367675781,0.3406982421875,33572028416,0,866525184,0
1,1762395858325,1600,1599,1600,1599,1602,1601,1600,1635,22.22222328186035,0,0,5,0,0,0,0,214429.18188476563,233051.0294189453,76922.1450805664,0.3406982421875,33572028416,0,866525184,0
1,1762395858326,1600,1599,1600,1599,1602,1601,1600,1635,22.22222328186035,0,0,5,0,0,0,0,214429.18383789063,233051.03784179688,76922.146484375,0.3406982421875,33572028416,0,866525184,0
0,1762395858327,1600,1599,1600,1599,1602,1601,1600,1635,22.22222328186035,0,0,5,0,0,0,0,214429.18487548828,233051.04205322266,76922.14776611328,0.3406982421875,33572028416,0,866525184,0
0,1762395858329,1600,1599,1600,1599,1602,1601,1600,1635,22.22222328186035,0,0,5,0,0,0,0,214429.18579101563,233051.0463256836,76922.1489868164,0.3406982421875,33572028416,0,866525184,0
0,1762395858330,1600,1599,1600,1599,1602,1601,1600,1635,22.22222328186035,0,0,5,0,0,0,0,214429.18682861328,233051.05072021484,76922.15026855469,0.3406982421875,33572028416,0,866525184,0
1,1762395858331,1600,1599,1600,1599,1602,1601,1600,1635,22.22222328186035,0,0,5,0,0,0,0,214429.18780517578,233051.05493164063,76922.15142822266,0.3406982421875,33572028416,0,866525184,0
1,1762395858332,1600,1599,1600,1599,1602,1601,1600,1635,22.22222328186035,0,0,5,0,0,0,0,214429.18884277344,233051.05963134766,76922.15307617188,0.3406982421875,33572028416,0,866525184,0
1,1762395858333,1600,1599,1600,1599,1602,1601,1600,1635,22.22222328186035,0,0,5,0,0,0,0,214429.18981933594,233051.06420898438,76922.15478515625,0.3406982421875,33572028416,0,866525184,0
1,1762395858334,1600,1599,1600,1599,1602,1601,1600,1635,22.22222328186035,0,0,5,0,0,0,0,214429.19079589844,233051.0689086914,76922.15618896484,0.3406982421875,33572028416,0,866525184,0
1,1762395858335,1600,1599,1600,1599,1602,1601,1600,1635,22.22222328186035,0,0,5,0,0,0,0,214429.19177246094,233051.07342529297,76922.15753173828,0.3406982421875,33572028416,0,866525184,0
1,1762395858336,1600,1599,1600,1599,1602,1601,1600,1635,22.22222328186035,0,0,5,0,0,0,0,214429.19274902344,233051.0776977539,76922.15893554688,0.3406982421875,33572028416,0,866525184,0
1,1762395858337,1600,1599,1600,1599,1602,1601,1600,1635,22.22222328186035,0,0,5,0,0,0,0,214429.1947631836,233051.08612060547,76922.16009521484,0.3406982421875,33572028416,0,866525184,0
0,1762395858338,1600,1599,1600,1599,1602,1601,1600,1635,22.22222328186035,0,0,5,0,0,0,0,214429.1957397461,233051.09051513672,76922.16143798828,0.3406982421875,33572028416,0,866525184,0
0,1762395858340,1600,1599,1600,1599,1602,1601,1600,1635,22.22222328186035,0,0,5,0,0,0,0,214429.1967163086,233051.09490966797,76922.16271972656,0.3406982421875,33572028416,0,866525184,0
0,1762395858341,1600,1599,1600,1599,1602,1601,1600,1635,22.22222328186035,0,0,5,0,0,0,0,214429.1976928711,233051.0991821289,76922.16442871094,0.3406982421875,33572028416,0,866525184,0
1,1762395858342,1600,1599,1600,1599,1602,1601,1600,1635,22.22222328186035,0,0,5,0,0,0,0,214429.1986694336,233051.10388183594,76922.16589355469,0.3406982421875,33572028416,0,866525184,0
1,1762395858343,1600,1599,1600,1599,1602,1601,1600,1635,22.22222328186035,0,0,5,0,0,0,0,214429.19970703125,233051.10864257813,76922.1675415039,0.3406982421875,33572028416,0,866525184,0
1,1762395858344,1600,1599,1600,1599,1602,1601,1600,1635,22.22222328186035,0,0,5,0,0,0,0,214429.20068359375,233051.11322021484,76922.16888427734,0.3406982421875,33572028416,0,866525184,0
1,1762395858345,1600,1599,1600,1599,1602,1601,1600,1635,22.22222328186035,0,0,5,0,0,0,0,214429.20166015625,233051.1177368164,76922.17053222656,0.3406982421875,33572028416,0,866525184,0
1,1762395858346,1600,1599,1600,1599,1602,1601,1600,1635,22.22222328186035,0,0,5,0,0,0,0,214429.2026977539,233051.12243652344,76922.171875,0.3406982421875,33572028416,0,866525184,0
1,1762395858347,1600,1599,1600,1599,1602,1601,1600,1635,22.22222328186035,0,0,5,0,0,0,0,214429.2036743164,233051.1268310547,76922.17333984375,0.3406982421875,33572028416,0,866525184,0
1,1762395858348,1600,1599,1600,1599,1602,1601,1600,1635,22.22222328186035,0,0,5,0,0,0,0,214429.2056274414,233051.13525390625,76922.17468261719,0.3406982421875,33572028416,0,866525184,0
0,1762395858349,1600,1599,1600,1599,1602,1601,1600,1635,22.22222328186035,0,0,5,0,0,0,0,214429.2066040039,233051.1395263672,76922.17596435547,0.3406982421875,33572028416,0,866525184,0
0,1762395858351,1600,1599,1600,1599,1602,1601,1600,1635,22.22222328186035,0,0,5,0,0,0,0,214429.20764160156,233051.14385986328,76922.1771850586,0.3406982421875,33572028416,0,866525184,0
0,1762395858352,1600,1599,1600,1599,1602,1601,1600,1635,22.22222328186035,0,0,5,0,0,0,0,214429.2085571289,233051.14813232422,76922.17852783203,0.3406982421875,33572028416,0,866525184,0
1,1762395858353,1600,1599,1600,1599,1602,1601,1600,1635,22.22222328186035,0,0,5,0,0,0,0,214429.20959472656,233051.15258789063,76922.17974853516,0.3406982421875,33572028416,0,866525184,0
1,1762395858354,1600,1599,1600,1599,1602,1601,1600,1635,22.22222328186035,0,0,5,0,0,0,0,214429.21057128906,233051.15692138672,76922.18133544922,0.3406982421875,33572028416,0,866525184,0
1,1762395858355,1600,1599,1600,1599,1602,1601,1600,1635,22.22222328186035,0,0,5,0,0,0,0,214429.21160888672,233051.16186523438,76922.1830444336,0.3406982421875,33572028416,0,866525184,0
1,1762395858356,1600,1599,1600,1599,1602,1601,1600,1635,22.22222328186035,0,0,5,0,0,0,0,214429.21258544922,233051.1665649414,76922.18444824219,0.3406982421875,33572028416,0,866525184,0
1,1762395858357,1600,1599,1600,1599,1602,1601,1600,1635,22.22222328186035,0,0,5,0,0,0,0,214429.21356201172,233051.17108154297,76922.18585205078,0.3406982421875,33572028416,0,866525184,0
1,1762395858358,1600,1599,1600,1599,1602,1601,1600,1635,22.22222328186035,0,0,5,0,0,0,0,214429.21453857422,233051.1753540039,76922.18719482422,0.3406982421875,33572028416,0,866525184,0
0,1762395858359,1600,1599,1600,1599,1602,1601,1600,1635,22.22222328186035,0,0,5,0,0,0,0,214429.21655273438,233051.18365478516,76922.18835449219,0.3406982421875,33572028416,0,866525184,0
0,1762395858360,1600,1599,1600,1599,1602,1601,1600,1635,22.22222328186035,0,0,5,0,0,0,0,214429.21752929688,233051.18798828125,76922.18981933594,0.3406982421875,33572028416,0,866525184,0
0,1762395858362,1600,1599,1600,1599,1602,1601,1600,1635,22.22222328186035,0,0,5,0,0,0,0,214429.21850585938,233051.19244384766,76922.19116210938,0.3406982421875,33572028416,0,866525184,0
0,1762395858363,1600,1599,1600,1599,1602,1601,1600,1635,22.22222328186035,0,0,5,0,0,0,0,214429.21948242188,233051.19689941406,76922.19262695313,0.3406982421875,33572028416,0,866525184,0
1,1762395858364,1600,1599,1600,1599,1602,1601,1600,1635,22.22222328186035,0,0,5,0,0,0,0,214429.22052001953,233051.20166015625,76922.19403076172,0.3406982421875,33572028416,0,866525184,0
1,1762395858365,1600,1599,1600,1599,1602,1601,1600,1635,22.22222328186035,0,0,5,0,0,0,0,214429.22149658203,233051.20611572266,76922.19543457031,0.3406982421875,33572028416,0,866525184,0
1,1762395858366,1600,1599,1600,1599,1602,1601,1600,1635,22.22222328186035,0,0,5,0,0,0,0,214429.22247314453,233051.2105102539,76922.19696044922,0.3406982421875,33572028416,0,866525184,0
1,1762395858367,1600,1599,1600,1599,1602,1601,1600,1635,22.22222328186035,0,0,5,0,0,0,0,214429.22344970703,233051.2152709961,76922.19873046875,0.3406982421875,33572028416,0,866525184,0
1,1762395858368,1600,1599,1600,1599,1602,1601,1600,1635,22.22222328186035,0,0,5,0,0,0,0,214429.2244873047,233051.22003173828,76922.20001220703,0.3406982421875,33572028416,0,866525184,0
1,1762395858369,1600,1599,1600,1599,1602,1601,1600,1635,22.22222328186035,0,0,5,0,0,0,0,214429.2254638672,233051.22424316406,76922.20135498047,0.3406982421875,33572028416,0,866525184,0
1,1762395858370,1600,1599,1600,1599,1602,1601,1600,1635,22.22222328186035,0,0,5,0,0,0,0,214429.2274169922,233051.23266601563,76922.20263671875,0.3406982421875,33572028416,0,866525184,0
0,1762395858371,1600,1599,1600,1599,1602,1601,1600,1635,22.22222328186035,0,0,5,0,0,0,0,214429.22845458984,233051.23699951172,76922.20404052734,0.3406982421875,33572028416,0,866525184,0
0,1762395858373,1600,1599,1600,1599,1602,1601,1600,1635,22.22222328186035,0,0,5,0,0,0,0,214429.22943115234,233051.24145507813,76922.20526123047,0.3406982421875,33572028416,0,866525184,0
0,1762395858374,1600,1599,1600,1599,1602,1601,1600,1635,22.22222328186035,0,0,5,0,0,0,0,214429.2303466797,233051.24572753906,76922.20684814453,0.3406982421875,33572028416,0,866525184,0
1,1762395858375,1600,1599,1600,1599,1602,1601,1600,1635,22.22222328186035,0,0,5,0,0,0,0,214429.23138427734,233051.25036621094,76922.20837402344,0.3406982421875,33572028416,0,866525184,0
1,1762395858376,1600,1599,1600,1599,1602,1601,1600,1635,22.22222328186035,0,0,5,0,0,0,0,214429.232421875,233051.25512695313,76922.2099609375,0.3406982421875,33572028416,0,866525184,0
1,1762395858377,1600,1599,1600,1599,1602,1601,1600,1635,22.22222328186035,0,0,5,0,0,0,0,214429.2333984375,233051.25982666016,76922.21160888672,0.3406982421875,33572028416,0,866525184,0
1,1762395858378,1600,1599,1600,1599,1602,1601,1600,1635,22.22222328186035,0,0,5,0,0,0,0,214429.234375,233051.26440429688,76922.21276855469,0.3406982421875,33572028416,0,866525184,0
1,1762395858379,1600,1599,1600,1599,1602,1601,1600,1635,22.22222328186035,0,0,5,0,0,0,0,214429.2353515625,233051.26885986328,76922.21417236328,0.3406982421875,33572028416,0,866525184,0
1,1762395858380,1600,1599,1600,1599,1602,1601,1600,1635,22.22222328186035,0,0,5,0,0,0,0,214429.236328125,233051.27313232422,76922.21545410156,0.3406982421875,33572028416,0,866525184,0
1,1762395858381,1600,1599,1600,1599,1602,1601,1600,1635,22.22222328186035,0,0,5,0,0,0,0,214429.23834228516,233051.28161621094,76922.21661376953,0.3406982421875,33572028416,0,866525184,0
0,1762395858382,1600,1599,1600,1599,1602,1601,1600,1635,22.22222328186035,0,0,5,0,0,0,0,214429.23931884766,233051.2857055664,76922.21813964844,0.3406982421875,33572028416,0,866525184,0
0,1762395858384,1600,1599,1600,1599,1602,1601,1600,1635,22.22222328186035,0,0,5,0,0,0,0,214429.24029541016,233051.29028320313,76922.21960449219,0.3406982421875,33572028416,0,866525184,0
0,1762395858385,1600,1599,1600,1599,1602,1601,1600,1635,22.22222328186035,0,0,5,0,0,0,0,214429.24127197266,233051.2947998047,76922.22094726563,0.3406982421875,33572028416,0,866525184,0
1,1762395858386,1600,1599,1600,1599,1602,1601,1600,1635,22.22222328186035,0,0,5,0,0,0,0,214429.2423095703,233051.2992553711,76922.2222290039,0.3406982421875,33572028416,0,866525184,0
1,1762395858387,1600,1599,1600,1599,1602,1601,1600,1635,22.22222328186035,0,0,5,0,0,0,0,214429.2432861328,233051.30364990234,76922.22375488281,0.3406982421875,33572028416,0,866525184,0
1,1762395858388,1600,1599,1600,1599,1602,1601,1600,1635,22.22222328186035,0,0,5,0,0,0,0,214429.2442626953,233051.30841064453,76922.22528076172,0.3406982421875,33572028416,0,866525184,0
1,1762395858389,1600,1599,1600,1599,1602,1601,1600,1635,22.22222328186035,0,0,5,0,0,0,0,214429.2452392578,233051.31280517578,76922.22686767578,0.3406982421875,33572028416,0,866525184,0
1,1762395858390,1600,1599,1600,1599,1602,1601,1600,1635,22.22222328186035,0,0,0,0,0,0,0,214429.24627685547,233051.31756591797,76922.22821044922,0.3406982421875,33572028416,0,866525184,0
1,1762395858391,1600,1599,1600,1599,1602,1601,1600,1635,22.22222328186035,0,0,0,0,0,0,0,214429.24725341797,233051.3217163086,76922.2294921875,0.3406982421875,33572028416,0,866525184,0
1,1762395858392,1600,1599,1600,1599,1602,1601,1600,1635,22.22222328186035,0,0,0,0,0,0,0,214429.24920654297,233051.3302001953,76922.23083496094,0.3406982421875,33572028416,0,866525184,0
0,1762395858393,1600,1599,1600,1599,1602,1601,1600,1635,22.22222328186035,0,0,0,0,0,0,0,214429.25024414063,233051.33447265625,76922.23205566406,0.3406982421875,33572028416,0,866525184,0
0,1762395858395,1600,1599,1600,1599,1602,1601,1600,1635,22.22222328186035,0,0,0,0,0,0,0,214429.25122070313,233051.3388671875,76922.2333984375,0.3406982421875,33572028416,0,866525184,0
0,1762395858396,1600,1599,1600,1599,1602,1601,1600,1635,22.22222328186035,0,0,0,0,0,0,0,214429.25213623047,233051.34307861328,76922.23468017578,0.3406982421875,33572028416,0,866525184,0
1,1762395858397,1600,1599,1600,1599,1602,1601,1600,1635,22.22222328186035,0,0,0,0,0,0,0,214429.25317382813,233051.34765625,76922.23638916016,0.3406982421875,33572028416,0,866525184,0
1,1762395858398,1600,1599,1600,1599,1602,1601,1600,1635,22.22222328186035,0,0,0,0,0,0,0,214429.25415039063,233051.35223388672,76922.23797607422,0.3406982421875,33572028416,0,866525184,0
1,1762395858399,1600,1599,1600,1599,1602,1601,1600,1635,22.22222328186035,0,0,0,0,0,0,0,214429.25518798828,233051.35705566406,76922.23950195313,0.3406982421875,33572028416,0,866525184,0
1,1762395858400,1600,1599,1600,1599,1602,1601,1600,1635,22.22222328186035,0,0,0,0,0,0,0,214429.25616455078,233051.36163330078,76922.24072265625,0.3406982421875,33572028416,0,866525184,0
1,1762395858401,1600,1599,1600,1599,1602,1601,1600,1635,22.22222328186035,0,0,0,0,0,0,0,214429.25714111328,233051.36602783203,76922.24212646484,0.3406982421875,33572028416,0,866525184,0
1,1762395858402,1600,1599,1600,1599,1602,1601,1600,1635,22.22222328186035,0,0,0,0,0,0,0,214429.25817871094,233051.37048339844,76922.24334716797,0.3406982421875,33572028416,0,866525184,0
1,1762395858403,1600,1599,1600,1599,1602,1601,1600,1635,22.22222328186035,0,0,0,0,0,0,0,214429.26013183594,233051.3784790039,76922.2445678711,0.3406982421875,33572028416,0,866525184,0
0,1762395858404,1600,1599,1600,1599,1602,1601,1600,1635,22.22222328186035,0,0,0,0,0,0,0,214429.26110839844,233051.38287353516,76922.24609375,0.3406982421875,33572028416,0,866525184,0
0,1762395858406,1600,1599,1600,1599,1602,1601,1600,1635,22.22222328186035,0,0,0,0,0,0,0,214429.26208496094,233051.38732910156,76922.24737548828,0.3406982421875,33572028416,0,866525184,0
0,1762395858407,1600,1599,1600,1599,1602,1601,1600,1635,22.22222328186035,0,0,0,0,0,0,0,214429.26306152344,233051.3917236328,76922.24865722656,0.3406982421875,33572028416,0,866525184,0
1,1762395858408,1600,1599,1600,1599,1602,1601,1600,1635,22.22222328186035,0,0,0,0,0,0,0,214429.2640991211,233051.39611816406,76922.24975585938,0.3406982421875,33572028416,0,866525184,0
1,1762395858409,1600,1599,1600,1599,1602,1601,1600,1635,22.22222328186035,0,0,0,0,0,0,0,214429.2650756836,233051.4005126953,76922.2514038086,0.3406982421875,33572028416,0,866525184,0
1,1762395858410,1600,1599,1600,1599,1602,1601,1600,1635,22.22222328186035,0,0,0,0,0,0,0,214429.2660522461,233051.40502929688,76922.25299072266,0.3406982421875,33572028416,0,866525184,0
1,1762395858411,1600,1599,1600,1599,1602,1601,1600,1635,22.22222328186035,0,0,0,0,0,0,0,214429.26708984375,233051.4100341797,76922.25482177734,0.3406982421875,33572028416,0,866525184,0
1,1762395858412,1600,1599,1600,1599,1602,1601,1600,1635,22.22222328186035,0,0,0,0,0,0,0,214429.2680053711,233051.4146118164,76922.25604248047,0.3406982421875,33572028416,0,866525184,0
1,1762395858413,1600,1599,1600,1599,1602,1601,1600,1635,22.22222328186035,0,0,0,0,0,0,0,214429.26904296875,233051.4190673828,76922.25744628906,0.3406982421875,33572028416,0,866525184,0
1,1762395858414,1600,1599,1600,1599,1602,1601,1600,1635,22.22222328186035,0,0,0,0,0,0,0,214429.27099609375,233051.42724609375,76922.25860595703,0.3406982421875,33572028416,0,866525184,0
0,1762395858415,1600,1599,1600,1599,1602,1601,1600,1635,22.22222328186035,0,0,0,0,0,0,0,214429.27197265625,233051.43139648438,76922.25994873047,0.3406982421875,33572028416,0,866525184,0
0,1762395858417,1600,1599,1600,1599,1602,1601,1600,1635,22.22222328186035,0,0,0,0,0,0,0,214429.27294921875,233051.4359741211,76922.2612915039,0.3406982421875,33572028416,0,866525184,0
0,1762395858418,1600,1599,1600,1599,1602,1601,1600,1635,22.22222328186035,0,0,0,0,0,0,0,214429.2739868164,233051.44049072266,76922.26300048828,0.3406982421875,33572028416,0,866525184,0
1,1762395858419,1600,1599,1600,1599,1602,1601,1600,1635,22.22222328186035,0,0,0,0,0,0,0,214429.2749633789,233051.44500732422,76922.26452636719,0.3406982421875,33572028416,0,866525184,0
1,1762395858420,1600,1599,1600,1599,1602,1601,1600,1635,22.22222328186035,0,0,0,0,0,0,0,214429.27600097656,233051.44982910156,76922.2660522461,0.3406982421875,33572028416,0,866525184,0
1,1762395858421,1600,1599,1600,1599,1602,1601,1600,1635,22.22222328186035,0,0,0,0,0,0,0,214429.27697753906,233051.4545288086,76922.26751708984,0.3406982421875,33572028416,0,866525184,0
1,1762395858422,1600,1599,1600,1599,1602,1601,1600,1635,22.22222328186035,0,0,0,0,0,0,0,214429.27795410156,233051.4588623047,76922.26861572266,0.3406982421875,33572028416,0,866525184,0
1,1762395858423,1600,1599,1600,1599,1602,1601,1600,1635,22.22222328186035,0,0,0,0,0,0,0,214429.27893066406,233051.4633178711,76922.27014160156,0.3406982421875,33572028416,0,866525184,0
1,1762395858424,1600,1599,1600,1599,1602,1601,1600,1635,22.22222328186035,0,0,0,0,0,0,0,214429.27990722656,233051.46759033203,76922.27142333984,0.3406982421875,33572028416,0,866525184,0
1,1762395858425,1600,1599,1600,1599,1602,1601,1600,1635,22.22222328186035,0,0,0,0,0,0,0,214429.28192138672,233051.47607421875,76922.27276611328,0.3406982421875,33572028416,0,866525184,0
0,1762395858426,1600,1599,1600,1599,1602,1601,1600,1635,22.22222328186035,0,0,0,0,0,0,0,214429.28289794922,233051.48028564453,76922.2739868164,0.3406982421875,33572028416,0,866525184,0
0,1762395858428,1600,1599,1600,1599,1602,1601,1600,1635,22.22222328186035,0,0,0,0,0,0,0,214429.28387451172,233051.48461914063,76922.27532958984,0.3406982421875,33572028416,0,866525184,0
0,1762395858429,1600,1599,1600,1599,1602,1601,1600,1635,22.22222328186035,0,0,0,0,0,0,0,214429.28491210938,233051.4891357422,76922.27667236328,0.3406982421875,33572028416,0,866525184,0
1,1762395858430,1600,1599,1600,1599,1602,1601,1600,1635,22.22222328186035,0,0,0,0,0,0,0,214429.28582763672,233051.49346923828,76922.27807617188,0.3406982421875,33572028416,0,866525184,0
1,1762395858431,1600,1599,1600,1599,1602,1601,1600,1635,22.22222328186035,0,0,0,0,0,0,0,214429.28680419922,233051.4979248047,76922.27966308594,0.3406982421875,33572028416,0,866525184,0
1,1762395858432,1600,1599,1600,1599,1602,1601,1600,1635,22.22222328186035,0,0,0,0,0,0,0,214429.28784179688,233051.5029296875,76922.28137207031,0.3406982421875,33572028416,0,866525184,0
1,1762395858433,1600,1599,1600,1599,1602,1601,1600,1635,22.22222328186035,0,0,0,0,0,0,0,214429.28887939453,233051.50762939453,76922.2827758789,0.3406982421875,33572028416,0,866525184,0
1,1762395858434,1600,1599,1600,1599,1602,1601,1600,1635,22.22222328186035,0,0,0,0,0,0,0,214429.28979492188,233051.51190185547,76922.28405761719,0.3406982421875,33572028416,0,866525184,0
1,1762395858435,1600,1599,1600,1599,1602,1601,1600,1635,22.22222328186035,0,0,0,0,0,0,0,214429.29083251953,233051.51635742188,76922.28552246094,0.3406982421875,33572028416,0,866525184,0
1,1762395858436,1600,1599,1600,1599,1602,1601,1600,1635,22.22222328186035,0,0,0,0,0,0,0,214429.29278564453,233051.52478027344,76922.28674316406,0.3406982421875,33572028416,0,866525184,0
0,1762395858437,1600,1599,1600,1599,1602,1601,1600,1635,22.22222328186035,0,0,0,0,0,0,0,214429.29376220703,233051.5288696289,76922.2880859375,0.3406982421875,33572028416,0,866525184,0
0,1762395858439,1600,1599,1600,1599,1602,1601,1600,1635,22.22222328186035,0,0,0,0,0,0,0,214429.29473876953,233051.53326416016,76922.28942871094,0.3406982421875,33572028416,0,866525184,0
0,1762395858440,1600,1599,1600,1599,1602,1601,1600,1635,22.22222328186035,0,0,0,0,0,0,0,214429.2957763672,233051.53790283203,76922.291015625,0.3406982421875,33572028416,0,866525184,0
1,1762395858441,1600,1599,1600,1599,1602,1601,1600,1635,22.22222328186035,0,0,0,0,0,0,0,214429.2967529297,233051.5424194336,76922.2925415039,0.3406982421875,33572028416,0,866525184,0
1,1762395858442,1600,1599,1600,1599,1602,1601,1600,1635,22.22222328186035,0,0,0,0,0,0,0,214429.2977294922,233051.54705810547,76922.29370117188,0.3406982421875,33572028416,0,866525184,0
1,1762395858443,1600,1599,1600,1599,1602,1601,1600,1635,22.22222328186035,0,0,0,0,0,0,0,214429.29876708984,233051.55151367188,76922.29516601563,0.3406982421875,33572028416,0,866525184,0
1,1762395858444,1600,1599,1600,1599,1602,1601,1600,1635,22.22222328186035,0,0,0,0,0,0,0,214429.29974365234,233051.55596923828,76922.2963256836,0.3406982421875,33572028416,0,866525184,0
1,1762395858445,1600,1599,1600,1599,1602,1601,1600,1635,22.22222328186035,0,0,0,0,0,0,0,214429.30072021484,233051.5604248047,76922.2978515625,0.3406982421875,33572028416,0,866525184,0
1,1762395858446,1600,1599,1600,1599,1602,1601,1600,1635,22.22222328186035,0,0,0,0,0,0,0,214429.30169677734,233051.56469726563,76922.29907226563,0.3406982421875,33572028416,0,866525184,0
1,1762395858447,1600,1599,1600,1599,1602,1601,1600,1635,22.22222328186035,0,0,0,0,0,0,0,214429.30364990234,233051.5732421875,76922.30059814453,0.3406982421875,33572028416,0,866525184,0
0,1762395858448,1600,1599,1600,1599,1602,1601,1600,1635,22.22222328186035,0,0,0,0,0,0,0,214429.3046875,233051.57806396484,76922.3023071289,0.3406982421875,33572028416,0,866525184,0
0,1762395858450,1600,1599,1600,1599,1602,1601,1600,1635,22.22222328186035,0,0,0,0,0,0,0,214429.3056640625,233051.58227539063,76922.30352783203,0.3406982421875,33572028416,0,866525184,0
0,1762395858451,1600,1599,1600,1599,1602,1601,1600,1635,22.22222328186035,0,0,0,0,0,0,0,214429.306640625,233051.58666992188,76922.30487060547,0.3406982421875,33572028416,0,866525184,0
1,1762395858452,1600,1599,1600,1599,1602,1601,1600,1635,22.22222328186035,0,0,0,0,0,0,0,214429.30767822266,233051.59118652344,76922.30633544922,0.3406982421875,33572028416,0,866525184,0
1,1762395858453,1600,1599,1600,1599,1602,1601,1600,1635,22.22222328186035,0,0,0,0,0,0,0,214429.30865478516,233051.59552001953,76922.30792236328,0.3406982421875,33572028416,0,866525184,0
1,1762395858454,1600,1599,1600,1599,1602,1601,1600,1635,22.22222328186035,0,0,0,0,0,0,0,214429.30963134766,233051.60021972656,76922.30950927734,0.3406982421875,33572028416,0,866525184,0
1,1762395858455,1600,1599,1600,1599,1602,1601,1600,1635,22.22222328186035,0,0,0,0,0,0,0,214429.3106689453,233051.6050415039,76922.31085205078,0.3406982421875,33572028416,0,866525184,0
1,1762395858456,1600,1599,1600,1599,1602,1601,1600,1635,22.22222328186035,0,0,0,0,0,0,0,214429.31158447266,233051.609375,76922.31225585938,0.3406982421875,33572028416,0,866525184,0
1,1762395858457,1600,1599,1600,1599,1602,1601,1600,1635,22.22222328186035,0,0,0,0,0,0,0,214429.3126220703,233051.61389160156,76922.31359863281,0.3406982421875,33572028416,0,866525184,0
1,1762395858458,1600,1599,1600,1599,1602,1601,1600,1635,22.22222328186035,0,0,0,0,0,0,0,214429.3145751953,233051.62225341797,76922.3148803711,0.3406982421875,33572028416,0,866525184,0
0,1762395858459,1600,1599,1600,1599,1602,1601,1600,1635,22.22222328186035,0,0,0,0,0,0,0,214429.31561279297,233051.6265258789,76922.31634521484,0.3406982421875,33572028416,0,866525184,0
0,1762395858461,1600,1599,1600,1599,1602,1601,1600,1635,22.22222328186035,0,0,0,0,0,0,0,214429.31658935547,233051.63104248047,76922.31787109375,0.3406982421875,33572028416,0,866525184,0
0,1762395858462,1600,1599,1600,1599,1602,1601,1600,1635,22.22222328186035,0,0,0,0,0,0,0,214429.3175048828,233051.63537597656,76922.3193359375,0.3406982421875,33572028416,0,866525184,0
1,1762395858463,1600,1599,1600,1599,1602,1601,1600,1635,22.22222328186035,0,0,0,0,0,0,0,214429.31854248047,233051.6400756836,76922.3207397461,0.3406982421875,33572028416,0,866525184,0
1,1762395858464,1600,1599,1600,1599,1602,1601,1600,1635,22.22222328186035,0,0,0,0,0,0,0,214429.31958007813,233051.64477539063,76922.32214355469,0.3406982421875,33572028416,0,866525184,0
1,1762395858465,1600,1599,1600,1599,1602,1601,1600,1635,22.22222328186035,0,0,0,0,0,0,0,214429.32049560547,233051.64916992188,76922.32354736328,0.3406982421875,33572028416,0,866525184,0
1,1762395858466,1600,1599,1600,1599,1602,1601,1600,1635,22.22222328186035,0,0,0,0,0,0,0,214429.32153320313,233051.65356445313,76922.3247680664,0.3406982421875,33572028416,0,866525184,0
1,1762395858467,1600,1599,1600,1599,1602,1601,1600,1635,22.22222328186035,0,0,0,0,0,0,0,214429.32250976563,233051.65795898438,76922.32629394531,0.3406982421875,33572028416,0,866525184,0
1,1762395858468,1600,1599,1600,1599,1602,1601,1600,1635,22.22222328186035,0,0,0,0,0,0,0,214429.32354736328,233051.66259765625,76922.32763671875,0.3406982421875,33572028416,0,866525184,0
1,1762395858469,1600,1599,1600,1599,1602,1601,1600,1635,22.22222328186035,0,0,0,0,0,0,0,214429.32550048828,233051.6708984375,76922.32891845703,0.3406982421875,33572028416,0,866525184,0
0,1762395858470,1600,1599,1600,1599,1602,1601,1600,1635,22.22222328186035,0,0,0,0,0,0,0,214429.32647705078,233051.67510986328,76922.33013916016,0.3406982421875,33572028416,0,866525184,0
0,1762395858472,1600,1599,1600,1599,1602,1601,1600,1635,22.22222328186035,0,0,0,0,0,0,0,214429.32751464844,233051.67944335938,76922.33135986328,0.3406982421875,33572028416,0,866525184,0
0,1762395858473,1600,1599,1600,1599,1602,1601,1600,1635,22.22222328186035,0,0,0,0,0,0,0,214429.32843017578,233051.6837158203,76922.33276367188,0.3406982421875,33572028416,0,866525184,0
1,1762395858474,1600,1599,1600,1599,1602,1601,1600,1635,22.22222328186035,0,0,0,0,0,0,0,214429.32946777344,233051.68841552734,76922.33435058594,0.3406982421875,33572028416,0,866525184,0
1,1762395858475,1600,1599,1600,1599,1602,1601,1600,1635,22.22222328186035,0,0,0,0,0,0,0,214429.33044433594,233051.69287109375,76922.3359375,0.3406982421875,33572028416,0,866525184,0
1,1762395858476,1600,1599,1600,1599,1602,1601,1600,1635,22.22222328186035,0,0,0,0,0,0,0,214429.33142089844,233051.69757080078,76922.33752441406,0.3406982421875,33572028416,0,866525184,0
1,1762395858477,1600,1599,1600,1599,1602,1601,1600,1635,22.22222328186035,0,0,0,0,0,0,0,214429.33239746094,233051.70220947266,76922.3388671875,0.3406982421875,33572028416,0,866525184,0
1,1762395858478,1600,1599,1600,1599,1602,1601,1600,1635,22.22222328186035,0,0,0,0,0,0,0,214429.33337402344,233051.70666503906,76922.3402709961,0.3406982421875,33572028416,0,866525184,0
1,1762395858479,1600,1599,1600,1599,1602,1601,1600,1635,22.22222328186035,0,0,0,0,0,0,0,214429.3344116211,233051.71112060547,76922.34161376953,0.3406982421875,33572028416,0,866525184,0
1,1762395858480,1600,1599,1600,1599,1602,1601,1600,1635,22.22222328186035,0,0,0,0,0,0,0,214429.3363647461,233051.71942138672,76922.34271240234,0.3406982421875,33572028416,0,866525184,0
0,1762395858481,1600,1599,1600,1599,1602,1601,1600,1635,22.22222328186035,0,0,0,0,0,0,0,214429.33740234375,233051.72393798828,76922.34423828125,0.3406982421875,33572028416,0,866525184,0
0,1762395858483,1600,1599,1600,1599,1602,1601,1600,1635,22.22222328186035,0,0,0,0,0,0,0,214429.3383178711,233051.72814941406,76922.345703125,0.3406982421875,33572028416,0,866525184,0
0,1762395858484,1600,1599,1600,1599,1602,1601,1600,1635,22.22222328186035,0,0,0,0,0,0,0,214429.33935546875,233051.73278808594,76922.34716796875,0.3406982421875,33572028416,0,866525184,0
1,1762395858485,1600,1599,1600,1599,1602,1601,1600,1635,22.22222328186035,0,0,0,0,0,0,0,214429.34033203125,233051.73748779297,76922.3486328125,0.3406982421875,33572028416,0,866525184,0
1,1762395858486,1600,1599,1600,1599,1602,1601,1600,1635,22.22222328186035,0,0,0,0,0,0,0,214429.34130859375,233051.74194335938,76922.34997558594,0.3406982421875,33572028416,0,866525184,0
1,1762395858487,1600,1599,1600,1599,1602,1601,1600,1635,22.22222328186035,0,0,0,0,0,0,0,214429.3423461914,233051.7465209961,76922.35131835938,0.3406982421875,33572028416,0,866525184,0
1,1762395858488,1600,1599,1600,1599,1602,1601,1600,1635,22.22222328186035,0,0,0,0,0,0,0,214429.3433227539,233051.75103759766,76922.3529663086,0.3406982421875,33572028416,0,866525184,0
1,1762395858489,1600,1599,1600,1599,1602,1601,1600,1635,22.22222328186035,0,0,0,0,0,0,0,214429.3442993164,233051.75537109375,76922.35412597656,0.3406982421875,33572028416,0,866525184,0
1,1762395858490,1600,1599,1600,1599,1602,1601,1600,1635,22.22222328186035,0,0,0,0,0,0,0,214429.34533691406,233051.75982666016,76922.35559082031,0.3406982421875,33572028416,0,866525184,0
1,1762395858491,1600,1599,1600,1599,1602,1601,1600,1635,22.22222328186035,0,0,0,0,0,0,0,214429.34729003906,233051.7680053711,76922.35668945313,0.3406982421875,33572028416,0,866525184,0
0,1762395858492,1600,1599,1600,1599,1602,1601,1600,1635,22.22222328186035,0,0,0,0,0,0,0,214429.34826660156,233051.77227783203,76922.35809326172,0.3406982421875,33572028416,0,866525184,0
0,1762395858494,1600,1599,1600,1599,1602,1601,1600,1635,22.22222328186035,0,0,0,0,0,0,0,214429.34924316406,233051.77661132813,76922.35925292969,0.3406982421875,33572028416,0,866525184,0
0,1762395858495,1600,1599,1600,1599,1602,1601,1600,1635,22.22222328186035,0,0,0,0,0,0,0,214429.35028076172,233051.7811279297,76922.36083984375,0.3406982421875,33572028416,0,866525184,0
1,1762395858496,1600,1599,1600,1599,1602,1601,1600,1635,22.22222328186035,0,0,0,0,0,0,0,214429.35119628906,233051.78552246094,76922.36236572266,0.3406982421875,33572028416,0,866525184,0
1,1762395858497,1600,1599,1600,1599,1602,1601,1600,1635,22.22222328186035,0,0,0,0,0,0,0,214429.35223388672,233051.7901611328,76922.3638305664,0.3406982421875,33572028416,0,866525184,0
1,1762395858498,1600,1599,1600,1599,1602,1601,1600,1635,22.22222328186035,0,0,0,0,0,0,0,214429.35327148438,233051.794921875,76922.36529541016,0.3406982421875,33572028416,0,866525184,0
1,1762395858499,1600,1599,1600,1599,1602,1601,1600,1635,22.22222328186035,0,0,0,0,0,0,0,214429.35424804688,233051.79943847656,76922.36657714844,0.3406982421875,33572028416,0,866525184,0
1,1762395858500,1600,1599,1600,1599,1602,1601,1600,1635,22.22222328186035,0,0,0,0,0,0,0,214429.35522460938,233051.80389404297,76922.36791992188,0.3406982421875,33572028416,0,866525184,0
1,1762395858501,1600,1599,1600,1599,1602,1601,1600,1635,22.22222328186035,0,0,0,0,0,0,0,214429.35620117188,233051.8081665039,76922.36932373047,0.3406982421875,33572028416,0,866525184,0
1,1762395858502,1600,1599,1600,1599,1602,1601,1600,1635,22.22222328186035,0,0,0,0,0,0,0,214429.35815429688,233051.8165283203,76922.3706665039,0.3406982421875,33572028416,0,866525184,0
0,1762395858503,1600,1599,1600,1599,1602,1601,1600,1635,22.22222328186035,0,0,0,0,0,0,0,214429.35919189453,233051.82098388672,76922.37225341797,0.3406982421875,33572028416,0,866525184,0
0,1762395858505,1600,1599,1600,1599,1602,1601,1600,1635,22.22222328186035,0,0,0,0,0,0,0,214429.36016845703,233051.82550048828,76922.37353515625,0.3406982421875,33572028416,0,866525184,0
0,1762395858506,1600,1599,1600,1599,1602,1601,1600,1635,22.22222328186035,0,0,0,0,0,0,0,214429.36114501953,233051.83001708984,76922.37487792969,0.3406982421875,33572028416,0,866525184,0
1,1762395858507,1600,1599,1600,1599,1602,1601,1600,1635,22.22222328186035,0,0,0,0,0,0,0,214429.36212158203,233051.8344116211,76922.37628173828,0.3406982421875,33572028416,0,866525184,0
1,1762395858508,1600,1599,1600,1599,1602,1601,1600,1635,22.22222328186035,0,0,0,0,0,0,0,214429.36309814453,233051.8388671875,76922.37762451172,0.3406982421875,33572028416,0,866525184,0
1,1762395858509,1600,1599,1600,1599,1602,1601,1600,1635,22.22222328186035,0,0,0,0,0,0,0,214429.36407470703,233051.84326171875,76922.37939453125,0.3406982421875,33572028416,0,866525184,0
1,1762395858510,1600,1599,1600,1599,1602,1601,1600,1635,22.22222328186035,0,0,0,0,0,0,0,214429.3651123047,233051.84802246094,76922.38104248047,0.3406982421875,33572028416,0,866525184,0
1,1762395858511,1600,1599,1600,1599,1602,1601,1600,1635,22.22222328186035,0,0,0,0,0,0,0,214429.3660888672,233051.85278320313,76922.3822631836,0.3406982421875,33572028416,0,866525184,0
1,1762395858512,1600,1599,1600,1599,1602,1601,1600,1635,22.22222328186035,0,0,0,0,0,0,0,214429.36712646484,233051.85723876953,76922.38360595703,0.3406982421875,33572028416,0,866525184,0
1,1762395858513,1600,1599,1600,1599,1602,1601,1600,1635,22.22222328186035,0,0,0,0,0,0,0,214429.36907958984,233051.86541748047,76922.38488769531,0.3406982421875,33572028416,0,866525184,0
0,1762395858514,1600,1599,1600,1599,1602,1601,1600,1635,22.22222328186035,0,0,0,0,0,0,0,214429.37005615234,233051.86975097656,76922.38623046875,0.3406982421875,33572028416,0,866525184,0
0,1762395858516,1600,1599,1600,1599,1602,1601,1600,1635,22.22222328186035,0,0,0,0,0,0,0,214429.37109375,233051.8741455078,76922.38745117188,0.3406982421875,33572028416,0,866525184,0
0,1762395858517,1600,1599,1600,1599,1602,1601,1600,1635,22.22222328186035,0,0,0,0,0,0,0,214429.37200927734,233051.8784790039,76922.3890991211,0.3406982421875,33572028416,0,866525184,0
1,1762395858518,1600,1599,1600,1599,1602,1601,1600,1635,22.22222328186035,0,0,0,0,0,0,0,214429.373046875,233051.88317871094,76922.39068603516,0.3406982421875,33572028416,0,866525184,0
1,1762395858519,1600,1599,1600,1599,1602,1601,1600,1635,22.22222328186035,0,0,0,0,0,0,0,214429.3740234375,233051.8878173828,76922.3921508789,0.3406982421875,33572028416,0,866525184,0
1,1762395858520,1600,1599,1600,1599,1602,1601,1600,1635,22.22222328186035,0,0,0,0,0,0,0,214429.375,233051.89233398438,76922.3935546875,0.3406982421875,33572028416,0,866525184,0
1,1762395858521,1600,1599,1600,1599,1602,1601,1600,1635,22.22222328186035,0,0,0,0,0,0,0,214429.3759765625,233051.89678955078,76922.39477539063,0.3406982421875,33572028416,0,866525184,0
1,1762395858522,1600,1599,1600,1599,1602,1601,1600,1635,22.22222328186035,0,0,0,0,0,0,0,214429.37701416016,233051.9013671875,76922.39624023438,0.3406982421875,33572028416,0,866525184,0
1,1762395858523,1600,1599,1600,1599,1602,1601,1600,1635,22.22222328186035,0,0,0,0,0,0,0,214429.37799072266,233051.90557861328,76922.39752197266,0.3406982421875,33572028416,0,866525184,0
1,1762395858524,1600,1599,1600,1599,1602,1601,1600,1635,22.22222328186035,0,0,0,0,0,0,0,214429.37994384766,233051.9140625,76922.39892578125,0.3406982421875,33572028416,0,866525184,0
0,1762395858525,1600,1599,1600,1599,1602,1601,1600,1635,22.22222328186035,0,0,0,0,0,0,0,214429.3809814453,233051.9183959961,76922.40032958984,0.3406982421875,33572028416,0,866525184,0
0,1762395858527,1600,1599,1600,1599,1602,1601,1600,1635,22.22222328186035,0,0,0,0,0,0,0,214429.3819580078,233051.92291259766,76922.40173339844,0.3406982421875,33572028416,0,866525184,0
0,1762395858528,1600,1599,1600,1599,1602,1601,1600,1635,22.22222328186035,0,0,0,0,0,0,0,214429.38287353516,233051.92724609375,76922.40307617188,0.3406982421875,33572028416,0,866525184,0
1,1762395858529,1600,1599,1600,1599,1602,1601,1600,1635,22.22222328186035,0,0,0,0,0,0,0,214429.3839111328,233051.9317626953,76922.40441894531,0.3406982421875,33572028416,0,866525184,0
1,1762395858530,1600,1599,1600,1599,1602,1601,1600,1635,22.22222328186035,0,0,0,0,0,0,0,214429.3848876953,233051.9360961914,76922.40600585938,0.3406982421875,33572028416,0,866525184,0
1,1762395858531,1600,1599,1600,1599,1602,1601,1600,1635,22.22222328186035,0,0,0,0,0,0,0,214429.38592529297,233051.94104003906,76922.4076538086,0.3406982421875,33572028416,0,866525184,0
1,1762395858532,1600,1599,1600,1599,1602,1601,1600,1635,22.22222328186035,0,0,0,0,0,0,0,214429.38690185547,233051.94567871094,76922.40899658203,0.3406982421875,33572028416,0,866525184,0
1,1762395858533,1600,1599,1600,1599,1602,1601,1600,1635,22.22222328186035,0,0,0,0,0,0,0,214429.38787841797,233051.95013427734,76922.41033935547,0.3406982421875,33572028416,0,866525184,0
1,1762395858534,1600,1599,1600,1599,1602,1601,1600,1635,22.22222328186035,0,0,0,0,0,0,0,214429.38885498047,233051.95434570313,76922.4116821289,0.3406982421875,33572028416,0,866525184,0
1,1762395858535,1600,1599,1600,1599,1602,1601,1600,1635,22.22222328186035,0,0,0,0,0,0,0,214429.39086914063,233051.9627685547,76922.41290283203,0.3406982421875,33572028416,0,866525184,0
0,1762395858536,1600,1599,1600,1599,1602,1601,1600,1635,22.22222328186035,0,0,0,0,0,0,0,214429.39184570313,233051.96685791016,76922.41430664063,0.3406982421875,33572028416,0,866525184,0
0,1762395858538,1600,1599,1600,1599,1602,1601,1600,1635,22.22222328186035,0,0,0,0,0,0,0,214429.39282226563,233051.97131347656,76922.41564941406,0.3406982421875,33572028416,0,866525184,0
0,1762395858539,1600,1599,1600,1599,1602,1601,1600,1635,22.22222328186035,0,0,0,0,0,0,0,214429.39379882813,233051.9760131836,76922.41729736328,0.3406982421875,33572028416,0,866525184,0
1,1762395858540,1600,1599,1600,1599,1602,1601,1600,1635,22.22222328186035,0,0,0,0,0,0,0,214429.39483642578,233051.98071289063,76922.4189453125,0.3406982421875,33572028416,0,866525184,0
1,1762395858541,1600,1599,1600,1599,1602,1601,1600,1635,22.22222328186035,0,0,0,0,0,0,0,214429.39581298828,233051.98529052734,76922.42010498047,0.3406982421875,33572028416,0,866525184,0
1,1762395858542,1600,1599,1600,1599,1602,1601,1600,1635,22.22222328186035,0,0,0,0,0,0,0,214429.39678955078,233051.98974609375,76922.42156982422,0.3406982421875,33572028416,0,866525184,0
1,1762395858543,1600,1599,1600,1599,1602,1601,1600,1635,22.22222328186035,0,0,0,0,0,0,0,214429.39776611328,233051.994140625,76922.4228515625,0.3406982421875,33572028416,0,866525184,0
1,1762395858544,1600,1599,1600,1599,1602,1601,1600,1635,22.22222328186035,0,0,0,0,0,0,0,214429.39880371094,233051.9985961914,76922.4242553711,0.3406982421875,33572028416,0,866525184,0
1,1762395858545,1600,1599,1600,1599,1602,1601,1600,1635,22.22222328186035,0,0,0,0,0,0,0,214429.39978027344,233052.0029296875,76922.42559814453,0.3406982421875,33572028416,0,866525184,0
1,1762395858546,1600,1599,1600,1599,1602,1601,1600,1635,22.22222328186035,0,0,0,0,0,0,0,214429.40173339844,233052.01153564453,76922.42712402344,0.3406982421875,33572028416,0,866525184,0
0,1762395858547,1600,1599,1600,1599,1602,1601,1600,1635,22.22222328186035,0,0,0,0,0,0,0,214429.40270996094,233052.01599121094,76922.42858886719,0.3406982421875,33572028416,0,866525184,0
0,1762395858549,1600,1599,1600,1599,1602,1601,1600,1635,22.22222328186035,0,0,0,0,0,0,0,214429.4037475586,233052.0205078125,76922.42999267578,0.3406982421875,33572028416,0,866525184,0
0,1762395858550,1600,1599,1600,1599,1602,1601,1600,1635,22.22222328186035,0,0,0,0,0,0,0,214429.4047241211,233052.0249633789,76922.43133544922,0.3406982421875,33572028416,0,866525184,0
1,1762395858551,1600,1599,1600,1599,1602,1601,1600,1635,22.22222328186035,0,0,0,0,0,0,0,214429.4057006836,233052.02935791016,76922.43280029297,0.3406982421875,33572028416,0,866525184,0
1,1762395858552,1600,1599,1600,1599,1602,1601,1600,1635,22.22222328186035,0,0,0,0,0,0,0,214429.40673828125,233052.03399658203,76922.43426513672,0.3406982421875,33572028416,0,866525184,0
1,1762395858553,1600,1599,1600,1599,1602,1601,1600,1635,22.22222328186035,0,0,0,0,0,0,0,214429.4076538086,233052.03845214844,76922.4359741211,0.3406982421875,33572028416,0,866525184,0
1,1762395858554,1600,1599,1600,1599,1602,1601,1600,1635,22.22222328186035,0,0,0,0,0,0,0,214429.40869140625,233052.04315185547,76922.43743896484,0.3406982421875,33572028416,0,866525184,0
1,1762395858555,1600,1599,1600,1599,1602,1601,1600,1635,22.22222328186035,0,0,0,0,0,0,0,214429.40966796875,233052.04779052734,76922.43878173828,0.3406982421875,33572028416,0,866525184,0
1,1762395858556,1600,1599,1600,1599,1602,1601,1600,1635,22.22222328186035,0,0,0,0,0,0,0,214429.41064453125,233052.05212402344,76922.4400024414,0.3406982421875,33572028416,0,866525184,0
1,1762395858557,1600,1599,1600,1599,1602,1601,1600,1635,22.22222328186035,0,0,0,0,0,0,0,214429.4126586914,233052.06036376953,76922.44122314453,0.3406982421875,33572028416,0,866525184,0
0,1762395858558,1600,1599,1600,1599,1602,1601,1600,1635,22.22222328186035,0,0,0,0,0,0,0,214429.4136352539,233052.06475830078,76922.44262695313,0.3406982421875,33572028416,0,866525184,0
0,1762395858560,1600,1599,1600,1599,1602,1601,1600,1635,22.22222328186035,0,0,0,0,0,0,0,214429.41467285156,233052.06915283203,76922.44409179688,0.3406982421875,33572028416,0,866525184,0
0,1762395858561,1600,1599,1600,1599,1602,1601,1600,1635,22.22222328186035,0,0,0,0,0,0,0,214429.41564941406,233052.07385253906,76922.44567871094,0.3406982421875,33572028416,0,866525184,0
1,1762395858562,1600,1599,1600,1599,1602,1601,1600,1635,22.22222328186035,0,0,0,0,0,0,0,214429.41662597656,233052.07836914063,76922.44708251953,0.3406982421875,33572028416,0,866525184,0
1,1762395858563,1600,1599,1600,1599,1602,1601,1600,1635,22.22222328186035,0,0,0,0,0,0,0,214429.41760253906,233052.08282470703,76922.44842529297,0.3406982421875,33572028416,0,866525184,0
1,1762395858564,1600,1599,1600,1599,1602,1601,1600,1635,22.22222328186035,0,0,0,0,0,0,0,214429.41864013672,233052.0874633789,76922.44982910156,0.3406982421875,33572028416,0,866525184,0
1,1762395858565,1600,1599,1600,1599,1602,1601,1600,1635,22.22222328186035,0,0,0,0,0,0,0,214429.41961669922,233052.09173583984,76922.45104980469,0.3406982421875,33572028416,0,866525184,0
1,1762395858566,1600,1599,1600,1599,1602,1601,1600,1635,22.22222328186035,0,0,0,0,0,0,0,214429.42059326172,233052.09619140625,76922.45251464844,0.3406982421875,33572028416,0,866525184,0
1,1762395858567,1600,1599,1600,1599,1602,1601,1600,1635,22.22222328186035,0,0,0,0,0,0,0,214429.42163085938,233052.10076904297,76922.45391845703,0.3406982421875,33572028416,0,866525184,0
1,1762395858568,1600,1599,1600,1599,1602,1601,1600,1635,22.22222328186035,0,0,0,0,0,0,0,214429.42358398438,233052.10913085938,76922.45526123047,0.3406982421875,33572028416,0,866525184,0
0,1762395858569,1600,1599,1600,1599,1602,1601,1600,1635,22.22222328186035,0,0,0,0,0,0,0,214429.42456054688,233052.11364746094,76922.45684814453,0.3406982421875,33572028416,0,866525184,0
0,1762395858571,1600,1599,1600,1599,1602,1601,1600,1635,22.22222328186035,0,0,0,0,0,0,0,214429.42553710938,233052.1180419922,76922.4580078125,0.3406982421875,33572028416,0,866525184,0
0,1762395858572,1600,1599,1600,1599,1602,1601,1600,1635,22.22222328186035,0,0,0,0,0,0,0,214429.42657470703,233052.12243652344,76922.45947265625,0.3406982421875,33572028416,0,866525184,0
1,1762395858573,1600,1599,1600,1599,1602,1601,1600,1635,22.22222328186035,0,0,0,0,0,0,0,214429.42755126953,233052.12677001953,76922.46099853516,0.3406982421875,33572028416,0,866525184,0
1,1762395858574,1600,1599,1600,1599,1602,1601,1600,1635,22.22222328186035,0,0,0,0,0,0,0,214429.42852783203,233052.13134765625,76922.46240234375,0.3406982421875,33572028416,0,866525184,0
1,1762395858575,1600,1599,1600,1599,1602,1601,1600,1635,22.22222328186035,0,0,0,0,0,0,0,214429.42950439453,233052.13598632813,76922.46398925781,0.3406982421875,33572028416,0,866525184,0
1,1762395858576,1600,1599,1600,1599,1602,1601,1600,1635,22.22222328186035,0,0,0,0,0,0,0,214429.43048095703,233052.1405029297,76922.4653930664,0.3406982421875,33572028416,0,866525184,0
1,1762395858577,1600,1599,1600,1599,1602,1601,1600,1635,22.22222328186035,0,0,0,0,0,0,0,214429.43145751953,233052.1450805664,76922.46673583984,0.3406982421875,33572028416,0,866525184,0
1,1762395858578,1600,1599,1600,1599,1602,1601,1600,1635,22.22222328186035,0,0,0,0,0,0,0,214429.4324951172,233052.14959716797,76922.46807861328,0.3406982421875,33572028416,0,866525184,0
1,1762395858579,1600,1599,1600,1599,1602,1601,1600,1635,22.22222328186035,0,0,0,0,0,0,0,214429.4344482422,233052.1577758789,76922.4692993164,0.3406982421875,33572028416,0,866525184,0
0,1762395858580,1600,1599,1600,1599,1602,1601,1600,1635,22.22222328186035,0,0,0,0,0,0,0,214429.4354248047,233052.16217041016,76922.47082519531,0.3406982421875,33572028416,0,866525184,0
0,1762395858582,1600,1599,1600,1599,1602,1601,1600,1635,22.22222328186035,0,0,0,0,0,0,0,214429.43646240234,233052.16668701172,76922.47216796875,0.3406982421875,33572028416,0,866525184,0
0,1762395858583,1600,1599,1600,1599,1602,1601,1600,1635,22.22222328186035,0,0,0,0,0,0,0,214429.4373779297,233052.1710205078,76922.47357177734,0.3406982421875,33572028416,0,866525184,0
1,1762395858584,1600,1599,1600,1599,1602,1601,1600,1635,22.22222328186035,0,0,0,0,0,0,0,214429.43841552734,233052.17572021484,76922.47509765625,0.3406982421875,33572028416,0,866525184,0
1,1762395858585,1600,1599,1600,1599,1602,1601,1600,1635,22.22222328186035,0,0,0,0,0,0,0,214429.43939208984,233052.18017578125,76922.47631835938,0.3406982421875,33572028416,0,866525184,0
1,1762395858586,1600,1599,1600,1599,1602,1601,1600,1635,22.22222328186035,0,0,0,0,0,0,0,214429.4404296875,233052.1846923828,76922.47760009766,0.3406982421875,33572028416,0,866525184,0
1,1762395858587,1600,1599,1600,1599,1602,1601,1600,1635,22.22222328186035,0,0,0,0,0,0,0,214429.44140625,233052.18908691406,76922.4789428711,0.3406982421875,33572028416,0,866525184,0
1,1762395858588,1600,1599,1600,1599,1602,1601,1600,1635,22.22222328186035,0,0,0,0,0,0,0,214429.4423828125,233052.19342041016,76922.48046875,0.3406982421875,33572028416,0,866525184,0
1,1762395858589,1600,1599,1600,1599,1602,1601,1600,1635,22.22222328186035,0,0,0,0,0,0,0,214429.44342041016,233052.19805908203,76922.48211669922,0.3406982421875,33572028416,0,866525184,0
1,1762395858590,1600,1599,1600,1599,1602,1601,1600,1635,26.3157901763916,0,0,0,0,0,0,0,214429.44537353516,233052.20654296875,76922.48352050781,0.3406982421875,33572028416,0,866525184,0
0,1762395858591,1600,1599,1600,1599,1602,1601,1600,1635,26.3157901763916,0,0,0,0,0,0,0,214429.44635009766,233052.21087646484,76922.48468017578,0.3406982421875,33572028416,0,866525184,0
0,1762395858593,1600,1599,1600,1599,1602,1601,1600,1635,26.3157901763916,0,0,0,0,0,0,0,214429.44732666016,233052.21533203125,76922.48596191406,0.3406982421875,33572028416,0,866525184,0
0,1762395858594,1600,1599,1600,1599,1602,1601,1600,1635,26.3157901763916,0,0,0,0,0,0,0,214429.44830322266,233052.21954345703,76922.48760986328,0.3406982421875,33572028416,0,866525184,0
1,1762395858595,1600,1599,1600,1599,1602,1601,1600,1635,26.3157901763916,0,0,0,0,0,0,0,214429.4493408203,233052.22424316406,76922.48907470703,0.3406982421875,33572028416,0,866525184,0
1,1762395858596,1600,1599,1600,1599,1602,1601,1600,1635,26.3157901763916,0,0,0,0,0,0,0,214429.4503173828,233052.22875976563,76922.4906616211,0.3406982421875,33572028416,0,866525184,0
1,1762395858597,1600,1599,1600,1599,1602,1601,1600,1635,26.3157901763916,0,0,0,0,0,0,0,214429.4512939453,233052.23345947266,76922.49212646484,0.3406982421875,33572028416,0,866525184,0
1,1762395858598,1600,1599,1600,1599,1602,1601,1600,1635,26.3157901763916,0,0,0,0,0,0,0,214429.45233154297,233052.23809814453,76922.49340820313,0.3406982421875,33572028416,0,866525184,0
1,1762395858599,1600,1599,1600,1599,1602,1601,1600,1635,26.3157901763916,0,0,0,0,0,0,0,214429.45330810547,233052.2426147461,76922.49481201172,0.3406982421875,33572028416,0,866525184,0
1,1762395858600,1600,1599,1600,1599,1602,1601,1600,1635,26.3157901763916,0,0,0,0,0,0,0,214429.45428466797,233052.24682617188,76922.49609375,0.3406982421875,33572028416,0,866525184,0
1,1762395858601,1600,1599,1600,1599,1602,1601,1600,1635,26.3157901763916,0,0,0,0,0,0,0,214429.45623779297,233052.25518798828,76922.49731445313,0.3406982421875,33572028416,0,866525184,0
0,1762395858602,1600,1599,1600,1599,1602,1601,1600,1635,26.3157901763916,0,0,0,0,0,0,0,214429.45721435547,233052.2593383789,76922.49871826172,0.3406982421875,33572028416,0,866525184,0
0,1762395858604,1600,1599,1600,1599,1602,1601,1600,1635,26.3157901763916,0,0,0,0,0,0,0,214429.45819091797,233052.26397705078,76922.50030517578,0.3406982421875,33572028416,0,866525184,0
0,1762395858605,1600,1599,1600,1599,1602,1601,1600,1635,26.3157901763916,0,0,0,0,0,0,0,214429.45922851563,233052.26873779297,76922.50177001953,0.3406982421875,33572028416,0,866525184,0
0,1762395858606,1600,1599,1600,1599,1602,1601,1600,1635,26.3157901763916,0,0,0,0,0,0,0,214429.46020507813,233052.27325439453,76922.5034790039,0.3406982421875,33572028416,0,866525184,0
1,1762395858607,1600,1599,1600,1599,1602,1601,1600,1635,26.3157901763916,0,0,0,0,0,0,0,214429.46118164063,233052.27795410156,76922.50476074219,0.3406982421875,33572028416,0,866525184,0
1,1762395858608,1600,1599,1600,1599,1602,1601,1600,1635,26.3157901763916,0,0,0,0,0,0,0,214429.46221923828,233052.28240966797,76922.50610351563,0.3406982421875,33572028416,0,866525184,0
1,1762395858609,1600,1599,1600,1599,1602,1601,1600,1635,26.3157901763916,0,0,0,0,0,0,0,214429.46319580078,233052.28692626953,76922.50750732422,0.3406982421875,33572028416,0,866525184,0
1,1762395858610,1600,1599,1600,1599,1602,1601,1600,1635,26.3157901763916,0,0,0,0,0,0,0,214429.46417236328,233052.29132080078,76922.50872802734,0.3406982421875,33572028416,0,866525184,0
1,1762395858611,1600,1599,1600,1599,1602,1601,1600,1635,26.3157901763916,0,0,0,0,0,0,0,214429.46514892578,233052.2954711914,76922.5101928711,0.3406982421875,33572028416,0,866525184,0
1,1762395858612,1600,1599,1600,1599,1602,1601,1600,1635,26.3157901763916,0,0,0,0,0,0,0,214429.46716308594,233052.30401611328,76922.51141357422,0.3406982421875,33572028416,0,866525184,0
0,1762395858613,1600,1599,1600,1599,1602,1601,1600,1635,26.3157901763916,0,0,0,0,0,0,0,214429.46813964844,233052.30834960938,76922.51263427734,0.3406982421875,33572028416,0,866525184,0
0,1762395858615,1600,1599,1600,1599,1602,1601,1600,1635,26.3157901763916,0,0,0,0,0,0,0,214429.46911621094,233052.31256103516,76922.51385498047,0.3406982421875,33572028416,0,866525184,0
0,1762395858616,1600,1599,1600,1599,1602,1601,1600,1635,26.3157901763916,0,0,0,0,0,0,0,214429.47009277344,233052.3168334961,76922.51531982422,0.3406982421875,33572028416,0,866525184,0
1,1762395858617,1600,1599,1600,1599,1602,1601,1600,1635,26.3157901763916,0,0,0,0,0,0,0,214429.4711303711,233052.32165527344,76922.51696777344,0.3406982421875,33572028416,0,866525184,0
1,1762395858618,1600,1599,1600,1599,1602,1601,1600,1635,26.3157901763916,0,0,0,0,0,0,0,214429.4721069336,233052.326171875,76922.51843261719,0.3406982421875,33572028416,0,866525184,0
1,1762395858619,1600,1599,1600,1599,1602,1601,1600,1635,26.3157901763916,0,0,0,0,0,0,0,214429.47314453125,233052.33099365234,76922.5199584961,0.3406982421875,33572028416,0,866525184,0
1,1762395858620,1600,1599,1600,1599,1602,1601,1600,1635,26.3157901763916,0,0,0,0,0,0,0,214429.4740600586,233052.3353881836,76922.52124023438,0.3406982421875,33572028416,0,866525184,0
1,1762395858621,1600,1599,1600,1599,1602,1601,1600,1635,26.3157901763916,0,0,0,0,0,0,0,214429.47509765625,233052.3399658203,76922.52264404297,0.3406982421875,33572028416,0,866525184,0
1,1762395858622,1600,1599,1600,1599,1602,1601,1600,1635,26.3157901763916,0,0,0,0,0,0,0,214429.47607421875,233052.3442993164,76922.52404785156,0.3406982421875,33572028416,0,866525184,0
1,1762395858623,1600,1599,1600,1599,1602,1601,1600,1635,26.3157901763916,0,0,0,0,0,0,0,214429.47802734375,233052.35272216797,76922.52532958984,0.3406982421875,33572028416,0,866525184,0
0,1762395858624,1600,1599,1600,1599,1602,1601,1600,1635,26.3157901763916,0,0,0,0,0,0,0,214429.47900390625,233052.35717773438,76922.52697753906,0.3406982421875,33572028416,0,866525184,0
0,1762395858626,1600,1599,1600,1599,1602,1601,1600,1635,26.3157901763916,0,0,0,0,0,0,0,214429.47998046875,233052.36163330078,76922.5283203125,0.3406982421875,33572028416,0,866525184,0
0,1762395858627,1600,1599,1600,1599,1602,1601,1600,1635,26.3157901763916,0,0,0,0,0,0,0,214429.4810180664,233052.36614990234,76922.52966308594,0.3406982421875,33572028416,0,866525184,0
1,1762395858628,1600,1599,1600,1599,1602,1601,1600,1635,26.3157901763916,0,0,0,0,0,0,0,214429.4819946289,233052.37078857422,76922.53118896484,0.3406982421875,33572028416,0,866525184,0
1,1762395858629,1600,1599,1600,1599,1602,1601,1600,1635,26.3157901763916,0,0,0,0,0,0,0,214429.48303222656,233052.37524414063,76922.53240966797,0.3406982421875,33572028416,0,866525184,0
1,1762395858630,1600,1599,1600,1599,1602,1601,1600,1635,26.3157901763916,0,0,0,0,0,0,0,214429.48400878906,233052.37969970703,76922.53424072266,0.3406982421875,33572028416,0,866525184,0
1,1762395858631,1600,1599,1600,1599,1602,1601,1600,1635,26.3157901763916,0,0,0,0,0,0,0,214429.48498535156,233052.38446044922,76922.53576660156,0.3406982421875,33572028416,0,866525184,0
1,1762395858632,1600,1599,1600,1599,1602,1601,1600,1635,26.3157901763916,0,0,0,0,0,0,0,214429.48596191406,233052.38891601563,76922.53698730469,0.3406982421875,33572028416,0,866525184,0
1,1762395858633,1600,1599,1600,1599,1602,1601,1600,1635,26.3157901763916,0,0,0,0,0,0,0,214429.48699951172,233052.3934326172,76922.53845214844,0.3406982421875,33572028416,0,866525184,0
1,1762395858634,1600,1599,1600,1599,1602,1601,1600,1635,26.3157901763916,0,0,0,0,0,0,0,214429.48895263672,233052.4017944336,76922.53955078125,0.3406982421875,33572028416,0,866525184,0
0,1762395858635,1600,1599,1600,1599,1602,1601,1600,1635,26.3157901763916,0,0,0,0,0,0,0,214429.48992919922,233052.40594482422,76922.54107666016,0.3406982421875,33572028416,0,866525184,0
0,1762395858637,1600,1599,1600,1599,1602,1601,1600,1635,26.3157901763916,0,0,0,0,0,0,0,214429.49090576172,233052.41052246094,76922.54260253906,0.3406982421875,33572028416,0,866525184,0
0,1762395858638,1600,1599,1600,1599,1602,1601,1600,1635,26.3157901763916,0,0,0,0,0,0,0,214429.49188232422,233052.4151611328,76922.54418945313,0.3406982421875,33572028416,0,866525184,0
1,1762395858639,1600,1599,1600,1599,1602,1601,1600,1635,26.3157901763916,0,0,0,0,0,0,0,214429.49291992188,233052.41986083984,76922.54577636719,0.3406982421875,33572028416,0,866525184,0
1,1762395858640,1600,1599,1600,1599,1602,1601,1600,1635,26.3157901763916,0,0,0,0,0,0,0,214429.49389648438,233052.42449951172,76922.54711914063,0.3406982421875,33572028416,0,866525184,0
1,1762395858641,1600,1599,1600,1599,1602,1601,1600,1635,26.3157901763916,0,0,0,0,0,0,0,214429.49487304688,233052.42907714844,76922.54858398438,0.3406982421875,33572028416,0,866525184,0
1,1762395858642,1600,1599,1600,1599,1602,1601,1600,1635,26.3157901763916,0,0,0,0,0,0,0,214429.49584960938,233052.43334960938,76922.54986572266,0.3406982421875,33572028416,0,866525184,0
1,1762395858643,1600,1599,1600,1599,1602,1601,1600,1635,26.3157901763916,0,0,0,0,0,0,0,214429.49688720703,233052.4379272461,76922.55126953125,0.3406982421875,33572028416,0,866525184,0
1,1762395858644,1600,1599,1600,1599,1602,1601,1600,1635,26.3157901763916,0,0,0,0,0,0,0,214429.49786376953,233052.44232177734,76922.55261230469,0.3406982421875,33572028416,0,866525184,0
1,1762395858645,1600,1599,1600,1599,1602,1601,1600,1635,26.3157901763916,0,0,0,0,0,0,0,214429.49981689453,233052.45056152344,76922.55389404297,0.3406982421875,33572028416,0,866525184,0
0,1762395858646,1600,1599,1600,1599,1602,1601,1600,1635,26.3157901763916,0,0,0,0,0,0,0,214429.50079345703,233052.45489501953,76922.55541992188,0.3406982421875,33572028416,0,866525184,0
0,1762395858648,1600,1599,1600,1599,1602,1601,1600,1635,26.3157901763916,0,0,0,0,0,0,0,214429.5018310547,233052.45959472656,76922.55688476563,0.3406982421875,33572028416,0,866525184,0
0,1762395858649,1600,1599,1600,1599,1602,1601,1600,1635,26.3157901763916,0,0,0,0,0,0,0,214429.5028076172,233052.46405029297,76922.5581665039,0.3406982421875,33572028416,0,866525184,0
1,1762395858650,1600,1599,1600,1599,1602,1601,1600,1635,26.3157901763916,0,0,0,0,0,0,0,214429.5037841797,233052.4686279297,76922.55969238281,0.3406982421875,33572028416,0,866525184,0
1,1762395858651,1600,1599,1600,1599,1602,1601,1600,1635,26.3157901763916,0,0,0,0,0,0,0,214429.5047607422,233052.47302246094,76922.56121826172,0.3406982421875,33572028416,0,866525184,0
1,1762395858652,1600,1599,1600,1599,1602,1601,1600,1635,26.3157901763916,0,0,0,0,0,0,0,214429.5057373047,233052.47760009766,76922.56280517578,0.3406982421875,33572028416,0,866525184,0
1,1762395858653,1600,1599,1600,1599,1602,1601,1600,1635,26.3157901763916,0,0,0,0,0,0,0,214429.50677490234,233052.48236083984,76922.56427001953,0.3406982421875,33572028416,0,866525184,0
1,1762395858654,1600,1599,1600,1599,1602,1601,1600,1635,26.3157901763916,0,0,0,0,0,0,0,214429.50775146484,233052.48681640625,76922.56549072266,0.3406982421875,33572028416,0,866525184,0
1,1762395858655,1600,1599,1600,1599,1602,1601,1600,1635,26.3157901763916,0,0,0,0,0,0,0,214429.5087890625,233052.4913330078,76922.56689453125,0.3406982421875,33572028416,0,866525184,0
1,1762395858656,1600,1599,1600,1599,1602,1601,1600,1635,26.3157901763916,0,0,0,0,0,0,0,214429.5107421875,233052.49963378906,76922.5679321289,0.3406982421875,33572028416,0,866525184,0
0,1762395858657,1600,1599,1600,1599,1602,1601,1600,1635,26.3157901763916,0,0,0,0,0,0,0,214429.51171875,233052.50372314453,76922.56945800781,0.3406982421875,33572028416,0,866525184,0
0,1762395858659,1600,1599,1600,1599,1602,1601,1600,1635,26.3157901763916,0,0,0,0,0,0,0,214429.5126953125,233052.5082397461,76922.57092285156,0.3406982421875,33572028416,0,866525184,0
0,1762395858660,1600,1599,1600,1599,1602,1601,1600,1635,26.3157901763916,0,0,0,0,0,0,0,214429.513671875,233052.51293945313,76922.57257080078,0.3406982421875,33572028416,0,866525184,0
1,1762395858661,1600,1599,1600,1599,1602,1601,1600,1635,26.3157901763916,0,0,0,0,0,0,0,214429.51470947266,233052.51763916016,76922.57403564453,0.3406982421875,33572028416,0,866525184,0
1,1762395858662,1600,1599,1600,1599,1602,1601,1600,1635,26.3157901763916,0,0,0,0,0,0,0,214429.51568603516,233052.52209472656,76922.5751953125,0.3406982421875,33572028416,0,866525184,0
1,1762395858663,1600,1599,1600,1599,1602,1601,1600,1635,26.3157901763916,0,0,0,0,0,0,0,214429.51666259766,233052.52655029297,76922.57666015625,0.3406982421875,33572028416,0,866525184,0
1,1762395858664,1600,1599,1600,1599,1602,1601,1600,1635,26.3157901763916,0,0,0,0,0,0,0,214429.51763916016,233052.53094482422,76922.57788085938,0.3406982421875,33572028416,0,866525184,0
1,1762395858665,1600,1599,1600,1599,1602,1601,1600,1635,26.3157901763916,0,0,0,0,0,0,0,214429.5186767578,233052.53546142578,76922.57940673828,0.3406982421875,33572028416,0,866525184,0
1,1762395858666,1600,1599,1600,1599,1602,1601,1600,1635,26.3157901763916,0,0,0,0,0,0,0,214429.5196533203,233052.53985595703,76922.58068847656,0.3406982421875,33572028416,0,866525184,0
1,1762395858667,1600,1599,1600,1599,1602,1601,1600,1635,26.3157901763916,0,0,0,0,0,0,0,214429.52166748047,233052.54846191406,76922.58221435547,0.3406982421875,33572028416,0,866525184,0
0,1762395858668,1600,1599,1600,1599,1602,1601,1600,1635,26.3157901763916,0,0,0,0,0,0,0,214429.52264404297,233052.5528564453,76922.5835571289,0.3406982421875,33572028416,0,866525184,0
0,1762395858670,1600,1599,1600,1599,1602,1601,1600,1635,26.3157901763916,0,0,0,0,0,0,0,214429.5235595703,233052.55712890625,76922.58489990234,0.3406982421875,33572028416,0,866525184,0
0,1762395858671,1600,1599,1600,1599,1602,1601,1600,1635,26.3157901763916,0,0,0,0,0,0,0,214429.52459716797,233052.5616455078,76922.58630371094,0.3406982421875,33572028416,0,866525184,0
1,1762395858672,1600,1599,1600,1599,1602,1601,1600,1635,26.3157901763916,0,0,0,0,0,0,0,214429.52557373047,233052.56616210938,76922.587890625,0.3406982421875,33572028416,0,866525184,0
1,1762395858673,1600,1599,1600,1599,1602,1601,1600,1635,26.3157901763916,0,0,0,0,0,0,0,214429.52655029297,233052.57067871094,76922.58935546875,0.3406982421875,33572028416,0,866525184,0
1,1762395858674,1600,1599,1600,1599,1602,1601,1600,1635,26.3157901763916,0,0,0,0,0,0,0,214429.52758789063,233052.57537841797,76922.59088134766,0.3406982421875,33572028416,0,866525184,0
1,1762395858675,1600,1599,1600,1599,1602,1601,1600,1635,26.3157901763916,0,0,0,0,0,0,0,214429.52856445313,233052.57989501953,76922.59228515625,0.3406982421875,33572028416,0,866525184,0
1,1762395858676,1600,1599,1600,1599,1602,1601,1600,1635,26.3157901763916,0,0,0,0,0,0,0,214429.52954101563,233052.58435058594,76922.59362792969,0.3406982421875,33572028416,0,866525184,0
1,1762395858677,1600,1599,1600,1599,1602,1601,1600,1635,26.3157901763916,0,0,0,0,0,0,0,214429.53051757813,233052.58862304688,76922.59503173828,0.3406982421875,33572028416,0,866525184,0
1,1762395858678,1600,1599,1600,1599,1602,1601,1600,1635,26.3157901763916,0,0,0,0,0,0,0,214429.53253173828,233052.5971069336,76922.59606933594,0.3406982421875,33572028416,0,866525184,0
0,1762395858679,1600,1599,1600,1599,1602,1601,1600,1635,26.3157901763916,0,0,0,0,0,0,0,214429.53344726563,233052.6011352539,76922.59759521484,0.3406982421875,33572028416,0,866525184,0
0,1762395858681,1600,1599,1600,1599,1602,1601,1600,1635,26.3157901763916,0,0,0,0,0,0,0,214429.53448486328,233052.60565185547,76922.59899902344,0.3406982421875,33572028416,0,866525184,0
0,1762395858682,1600,1599,1600,1599,1602,1601,1600,1635,26.3157901763916,0,0,0,0,0,0,0,214429.53546142578,233052.6102294922,76922.60046386719,0.3406982421875,33572028416,0,866525184,0
1,1762395858683,1600,1599,1600,1599,1602,1601,1600,1635,26.3157901763916,0,0,0,0,0,0,0,214429.53649902344,233052.6148071289,76922.60192871094,0.3406982421875,33572028416,0,866525184,0
1,1762395858684,1600,1599,1600,1599,1602,1601,1600,1635,26.3157901763916,0,0,0,0,0,0,0,214429.53747558594,233052.6192626953,76922.6030883789,0.3406982421875,33572028416,0,866525184,0
1,1762395858685,1600,1599,1600,1599,1602,1601,1600,1635,26.3157901763916,0,0,0,0,0,0,0,214429.53845214844,233052.6235961914,76922.6044921875,0.3406982421875,33572028416,0,866525184,0
1,1762395858686,1600,1599,1600,1599,1602,1601,1600,1635,26.3157901763916,0,0,0,0,0,0,0,214429.53942871094,233052.6280517578,76922.60565185547,0.3406982421875,33572028416,0,866525184,0
1,1762395858687,1600,1599,1600,1599,1602,1601,1600,1635,26.3157901763916,0,0,0,0,0,0,0,214429.5404663086,233052.63256835938,76922.60723876953,0.3406982421875,33572028416,0,866525184,0
1,1762395858688,1600,1599,1600,1599,1602,1601,1600,1635,26.3157901763916,0,0,0,0,0,0,0,214429.5414428711,233052.63690185547,76922.60858154297,0.3406982421875,33572028416,0,866525184,0
1,1762395858689,1600,1599,1600,1599,1602,1601,1600,1635,26.3157901763916,0,0,0,0,0,0,0,214429.5433959961,233052.6456298828,76922.60998535156,0.3406982421875,33572028416,0,866525184,0
0,1762395858690,1600,1599,1600,1599,1602,1601,1600,1635,26.3157901763916,0,0,0,0,0,0,0,214429.5443725586,233052.64971923828,76922.611328125,0.3406982421875,33572028416,0,866525184,0
0,1762395858692,1600,1599,1600,1599,1602,1601,1600,1635,26.3157901763916,0,0,0,0,0,0,0,214429.54541015625,233052.65423583984,76922.61279296875,0.3406982421875,33572028416,0,866525184,0
0,1762395858693,1600,1599,1600,1599,1602,1601,1600,1635,26.3157901763916,0,0,0,0,0,0,0,214429.54638671875,233052.65881347656,76922.61437988281,0.3406982421875,33572028416,0,866525184,0
1,1762395858694,1600,1599,1600,1599,1602,1601,1600,1635,26.3157901763916,0,0,0,0,0,0,0,214429.5474243164,233052.66387939453,76922.61645507813,0.3406982421875,33572028416,0,866525184,0
1,1762395858695,1600,1599,1600,1599,1602,1601,1600,1635,26.3157901763916,0,0,0,0,0,0,0,214429.5484008789,233052.66857910156,76922.61798095703,0.3406982421875,33572028416,0,866525184,0
1,1762395858696,1600,1599,1600,1599,1602,1601,1600,1635,26.3157901763916,0,0,0,0,0,0,0,214429.5493774414,233052.67333984375,76922.61950683594,0.3406982421875,33572028416,0,866525184,0
1,1762395858697,1600,1599,1600,1599,1602,1601,1600,1635,26.3157901763916,0,0,0,0,0,0,0,214429.5503540039,233052.6778564453,76922.62072753906,0.3406982421875,33572028416,0,866525184,0
1,1762395858698,1600,1599,1600,1599,1602,1601,1600,1635,26.3157901763916,0,0,0,0,0,0,0,214429.55139160156,233052.68231201172,76922.62213134766,0.3406982421875,33572028416,0,866525184,0
1,1762395858699,1600,1599,1600,1599,1602,1601,1600,1635,26.3157901763916,0,0,0,0,0,0,0,214429.5523071289,233052.68658447266,76922.62341308594,0.3406982421875,33572028416,0,866525184,0
1,1762395858700,1600,1599,1600,1599,1602,1601,1600,1635,26.3157901763916,0,0,0,0,0,0,0,214429.55432128906,233052.69500732422,76922.62475585938,0.3406982421875,33572028416,0,866525184,0
0,1762395858701,1600,1599,1600,1599,1602,1601,1600,1635,26.3157901763916,0,0,0,0,0,0,0,214429.55529785156,233052.6993408203,76922.62615966797,0.3406982421875,33572028416,0,866525184,0
0,1762395858703,1600,1599,1600,1599,1602,1601,1600,1635,26.3157901763916,0,0,0,0,0,0,0,214429.55633544922,233052.70379638672,76922.62762451172,0.3406982421875,33572028416,0,866525184,0
0,1762395858704,1600,1599,1600,1599,1602,1601,1600,1635,26.3157901763916,0,0,0,0,0,0,0,214429.55731201172,233052.70837402344,76922.62915039063,0.3406982421875,33572028416,0,866525184,0
1,1762395858705,1600,1599,1600,1599,1602,1601,1600,1635,26.3157901763916,0,0,0,0,0,0,0,214429.55822753906,233052.71282958984,76922.63055419922,0.3406982421875,33572028416,0,866525184,0
1,1762395858706,1600,1599,1600,1599,1602,1601,1600,1635,26.3157901763916,0,0,0,0,0,0,0,214429.55926513672,233052.71740722656,76922.63171386719,0.3406982421875,33572028416,0,866525184,0
1,1762395858707,1600,1599,1600,1599,1602,1601,1600,1635,26.3157901763916,0,0,0,0,0,0,0,214429.56024169922,233052.72174072266,76922.63311767578,0.3406982421875,33572028416,0,866525184,0
1,1762395858708,1600,1599,1600,1599,1602,1601,1600,1635,26.3157901763916,0,0,0,0,0,0,0,214429.56127929688,233052.72619628906,76922.63427734375,0.3406982421875,33572028416,0,866525184,0
1,1762395858709,1600,1599,1600,1599,1602,1601,1600,1635,26.3157901763916,0,0,0,0,0,0,0,214429.56225585938,233052.7305908203,76922.63580322266,0.3406982421875,33572028416,0,866525184,0
1,1762395858710,1600,1599,1600,1599,1602,1601,1600,1635,26.3157901763916,0,0,0,0,0,0,0,214429.56323242188,233052.73498535156,76922.63739013672,0.3406982421875,33572028416,0,866525184,0
0,1762395858711,1600,1599,1600,1599,1602,1601,1600,1635,26.3157901763916,0,0,0,0,0,0,0,214429.56518554688,233052.74346923828,76922.63861083984,0.3406982421875,33572028416,0,866525184,0
0,1762395858712,1600,1599,1600,1599,1602,1601,1600,1635,26.3157901763916,0,0,0,0,0,0,0,214429.56616210938,233052.74774169922,76922.63995361328,0.3406982421875,33572028416,0,866525184,0
0,1762395858714,1600,1599,1600,1599,1602,1601,1600,1635,26.3157901763916,0,0,0,0,0,0,0,214429.56719970703,233052.7520751953,76922.6411743164,0.3406982421875,33572028416,0,866525184,0
0,1762395858715,1600,1599,1600,1599,1602,1601,1600,1635,26.3157901763916,0,0,0,0,0,0,0,214429.56817626953,233052.75659179688,76922.64276123047,0.3406982421875,33572028416,0,866525184,0
1,1762395858716,1600,1599,1600,1599,1602,1601,1600,1635,26.3157901763916,0,0,0,0,0,0,0,214429.5692138672,233052.7612915039,76922.64434814453,0.3406982421875,33572028416,0,866525184,0
1,1762395858717,1600,1599,1600,1599,1602,1601,1600,1635,26.3157901763916,0,0,0,0,0,0,0,214429.5701904297,233052.76580810547,76922.64562988281,0.3406982421875,33572028416,0,866525184,0
1,1762395858718,1600,1599,1600,1599,1602,1601,1600,1635,26.3157901763916,0,0,0,0,0,0,0,214429.5711669922,233052.77026367188,76922.64715576172,0.3406982421875,33572028416,0,866525184,0
1,1762395858719,1600,1599,1600,1599,1602,1601,1600,1635,26.3157901763916,0,0,0,0,0,0,0,214429.5721435547,233052.77471923828,76922.6484375,0.3406982421875,33572028416,0,866525184,0
1,1762395858720,1600,1599,1600,1599,1602,1601,1600,1635,26.3157901763916,0,0,0,0,0,0,0,214429.5731201172,233052.7791748047,76922.64978027344,0.3406982421875,33572028416,0,866525184,0
1,1762395858721,1600,1599,1600,1599,1602,1601,1600,1635,26.3157901763916,0,0,0,0,0,0,0,214429.5740966797,233052.78350830078,76922.65112304688,0.3406982421875,33572028416,0,866525184,0
1,1762395858722,1600,1599,1600,1599,1602,1601,1600,1635,26.3157901763916,0,0,0,0,0,0,0,214429.57611083984,233052.79205322266,76922.65252685547,0.3406982421875,33572028416,0,866525184,0
0,1762395858723,1600,1599,1600,1599,1602,1601,1600,1635,26.3157901763916,0,0,0,0,0,0,0,214429.57708740234,233052.7964477539,76922.65411376953,0.3406982421875,33572028416,0,866525184,0
0,1762395858725,1600,1599,1600,1599,1602,1601,1600,1635,26.3157901763916,0,0,0,0,0,0,0,214429.57806396484,233052.80096435547,76922.65551757813,0.3406982421875,33572028416,0,866525184,0
0,1762395858726,1600,1599,1600,1599,1602,1601,1600,1635,26.3157901763916,0,0,0,0,0,0,0,214429.5791015625,233052.80548095703,76922.65673828125,0.3406982421875,33572028416,0,866525184,0
1,1762395858727,1600,1599,1600,1599,1602,1601,1600,1635,26.3157901763916,0,0,0,0,0,0,0,214429.580078125,233052.80981445313,76922.65808105469,0.3406982421875,33572028416,0,866525184,0
1,1762395858728,1600,1599,1600,1599,1602,1601,1600,1635,26.3157901763916,0,0,0,0,0,0,0,214429.5810546875,233052.814453125,76922.65948486328,0.3406982421875,33572028416,0,866525184,0
1,1762395858729,1600,1599,1600,1599,1602,1601,1600,1635,26.3157901763916,0,0,0,0,0,0,0,214429.58209228516,233052.8187866211,76922.66064453125,0.3406982421875,33572028416,0,866525184,0
1,1762395858730,1600,1599,1600,1599,1602,1601,1600,1635,26.3157901763916,0,0,0,0,0,0,0,214429.58306884766,233052.82318115234,76922.66198730469,0.3406982421875,33572028416,0,866525184,0
1,1762395858731,1600,1599,1600,1599,1602,1601,1600,1635,26.3157901763916,0,0,0,0,0,0,0,214429.58404541016,233052.82751464844,76922.66345214844,0.3406982421875,33572028416,0,866525184,0
1,1762395858732,1600,1599,1600,1599,1602,1601,1600,1635,26.3157901763916,0,0,0,0,0,0,0,214429.58502197266,233052.8321533203,76922.66510009766,0.3406982421875,33572028416,0,866525184,0
1,1762395858733,1600,1599,1600,1599,1602,1601,1600,1635,26.3157901763916,0,0,0,0,0,0,0,214429.5870361328,233052.84063720703,76922.66613769531,0.3406982421875,33572028416,0,866525184,0
0,1762395858734,1600,1599,1600,1599,1602,1601,1600,1635,26.3157901763916,0,0,0,0,0,0,0,214429.58795166016,233052.8447265625,76922.66766357422,0.3406982421875,33572028416,0,866525184,0
0,1762395858736,1600,1599,1600,1599,1602,1601,1600,1635,26.3157901763916,0,0,0,0,0,0,0,214429.5889892578,233052.8491821289,76922.66900634766,0.3406982421875,33572028416,0,866525184,0
0,1762395858737,1600,1599,1600,1599,1602,1601,1600,1635,26.3157901763916,0,0,0,0,0,0,0,214429.5899658203,233052.85382080078,76922.67059326172,0.3406982421875,33572028416,0,866525184,0
1,1762395858738,1600,1599,1600,1599,1602,1601,1600,1635,26.3157901763916,0,0,0,0,0,0,0,214429.5909423828,233052.8582763672,76922.67205810547,0.3406982421875,33572028416,0,866525184,0
1,1762395858739,1600,1599,1600,1599,1602,1601,1600,1635,26.3157901763916,0,0,0,0,0,0,0,214429.59197998047,233052.8628540039,76922.67333984375,0.3406982421875,33572028416,0,866525184,0
1,1762395858740,1600,1599,1600,1599,1602,1601,1600,1635,26.3157901763916,0,0,0,0,0,0,0,214429.59295654297,233052.86743164063,76922.67486572266,0.3406982421875,33572028416,0,866525184,0
1,1762395858741,1600,1599,1600,1599,1602,1601,1600,1635,26.3157901763916,0,0,0,0,0,0,0,214429.59393310547,233052.8719482422,76922.67614746094,0.3406982421875,33572028416,0,866525184,0
1,1762395858742,1600,1599,1600,1599,1602,1601,1600,1635,26.3157901763916,0,0,0,0,0,0,0,214429.59490966797,233052.87634277344,76922.67755126953,0.3406982421875,33572028416,0,866525184,0
1,1762395858743,1600,1599,1600,1599,1602,1601,1600,1635,26.3157901763916,0,0,0,0,0,0,0,214429.59594726563,233052.880859375,76922.67889404297,0.3406982421875,33572028416,0,866525184,0
1,1762395858744,1600,1599,1600,1599,1602,1601,1600,1635,26.3157901763916,0,0,0,0,0,0,0,214429.59790039063,233052.88916015625,76922.6802368164,0.3406982421875,33572028416,0,866525184,0
0,1762395858745,1600,1599,1600,1599,1602,1601,1600,1635,26.3157901763916,0,0,0,0,0,0,0,214429.59887695313,233052.89361572266,76922.68182373047,0.3406982421875,33572028416,0,866525184,0
0,1762395858747,1600,1599,1600,1599,1602,1601,1600,1635,26.3157901763916,0,0,0,0,0,0,0,214429.59985351563,233052.89807128906,76922.68322753906,0.3406982421875,33572028416,0,866525184,0
0,1762395858748,1600,1599,1600,1599,1602,1601,1600,1635,26.3157901763916,0,0,0,0,0,0,0,214429.60083007813,233052.90252685547,76922.68450927734,0.3406982421875,33572028416,0,866525184,0
1,1762395858749,1600,1599,1600,1599,1602,1601,1600,1635,26.3157901763916,0,0,0,0,0,0,0,214429.60186767578,233052.90704345703,76922.68579101563,0.3406982421875,33572028416,0,866525184,0
1,1762395858750,1600,1599,1600,1599,1602,1601,1600,1635,26.3157901763916,0,0,0,0,0,0,0,214429.60284423828,233052.91149902344,76922.68719482422,0.3406982421875,33572028416,0,866525184,0
1,1762395858751,1600,1599,1600,1599,1602,1601,1600,1635,26.3157901763916,0,0,0,0,0,0,0,214429.60388183594,233052.91595458984,76922.68835449219,0.3406982421875,33572028416,0,866525184,0
1,1762395858752,1600,1599,1600,1599,1602,1601,1600,1635,26.3157901763916,0,0,0,0,0,0,0,214429.60479736328,233052.92022705078,76922.68975830078,0.3406982421875,33572028416,0,866525184,0
1,1762395858753,1600,1599,1600,1599,1602,1601,1600,1635,26.3157901763916,0,0,0,0,0,0,0,214429.60583496094,233052.9246826172,76922.69140625,0.3406982421875,33572028416,0,866525184,0
1,1762395858754,1600,1599,1600,1599,1602,1601,1600,1635,26.3157901763916,0,0,0,0,0,0,0,214429.60681152344,233052.92932128906,76922.69268798828,0.3406982421875,33572028416,0,866525184,0
1,1762395858755,1600,1599,1600,1599,1602,1601,1600,1635,26.3157901763916,0,0,0,0,0,0,0,214429.6088256836,233052.93756103516,76922.6939086914,0.3406982421875,33572028416,0,866525184,0
0,1762395858756,1600,1599,1600,1599,1602,1601,1600,1635,26.3157901763916,0,0,0,0,0,0,0,214429.6098022461,233052.9419555664,76922.6953125,0.3406982421875,33572028416,0,866525184,0
0,1762395858758,1600,1599,1600,1599,1602,1601,1600,1635,26.3157901763916,0,0,0,0,0,0,0,214429.61071777344,233052.94610595703,76922.69665527344,0.3406982421875,33572028416,0,866525184,0
0,1762395858759,1600,1599,1600,1599,1602,1601,1600,1635,26.3157901763916,0,0,0,0,0,0,0,214429.6117553711,233052.9506225586,76922.69818115234,0.3406982421875,33572028416,0,866525184,0
1,1762395858760,1600,1599,1600,1599,1602,1601,1600,1635,26.3157901763916,0,0,0,0,0,0,0,214429.6127319336,233052.95538330078,76922.6996459961,0.3406982421875,33572028416,0,866525184,0
1,1762395858761,1600,1599,1600,1599,1602,1601,1600,1635,26.3157901763916,0,0,0,0,0,0,0,214429.61376953125,233052.95989990234,76922.70098876953,0.3406982421875,33572028416,0,866525184,0
1,1762395858762,1600,1599,1600,1599,1602,1601,1600,1635,26.3157901763916,0,0,0,0,0,0,0,214429.61474609375,233052.96435546875,76922.70245361328,0.3406982421875,33572028416,0,866525184,0
1,1762395858763,1600,1599,1600,1599,1602,1601,1600,1635,26.3157901763916,0,0,0,0,0,0,0,214429.61572265625,233052.96875,76922.7036743164,0.3406982421875,33572028416,0,866525184,0
1,1762395858764,1600,1599,1600,1599,1602,1601,1600,1635,26.3157901763916,0,0,0,0,0,0,0,214429.61669921875,233052.97314453125,76922.70513916016,0.3406982421875,33572028416,0,866525184,0
1,1762395858765,1600,1599,1600,1599,1602,1601,1600,1635,26.3157901763916,0,0,0,0,0,0,0,214429.61767578125,233052.9775390625,76922.7064819336,0.3406982421875,33572028416,0,866525184,0
1,1762395858766,1600,1599,1600,1599,1602,1601,1600,1635,26.3157901763916,0,0,0,0,0,0,0,214429.6196899414,233052.98614501953,76922.70794677734,0.3406982421875,33572028416,0,866525184,0
0,1762395858767,1600,1599,1600,1599,1602,1601,1600,1635,26.3157901763916,0,0,0,0,0,0,0,214429.6206665039,233052.99047851563,76922.70928955078,0.3406982421875,33572028416,0,866525184,0
0,1762395858769,1600,1599,1600,1599,1602,1601,1600,1635,26.3157901763916,0,0,0,0,0,0,0,214429.62170410156,233052.99493408203,76922.71063232422,0.3406982421875,33572028416,0,866525184,0
0,1762395858770,1600,1599,1600,1599,1602,1601,1600,1635,26.3157901763916,0,0,0,0,0,0,0,214429.6226196289,233052.9991455078,76922.71185302734,0.3406982421875,33572028416,0,866525184,0
1,1762395858771,1600,1599,1600,1599,1602,1601,1600,1635,26.3157901763916,0,0,0,0,0,0,0,214429.62365722656,233053.00354003906,76922.71325683594,0.3406982421875,33572028416,0,866525184,0
1,1762395858772,1600,1599,1600,1599,1602,1601,1600,1635,26.3157901763916,0,0,0,0,0,0,0,214429.62463378906,233053.00811767578,76922.71453857422,0.3406982421875,33572028416,0,866525184,0
1,1762395858773,1600,1599,1600,1599,1602,1601,1600,1635,26.3157901763916,0,0,0,0,0,0,0,214429.62567138672,233053.01251220703,76922.71563720703,0.3406982421875,33572028416,0,866525184,0
1,1762395858774,1600,1599,1600,1599,1602,1601,1600,1635,26.3157901763916,0,0,0,0,0,0,0,214429.62664794922,233053.0167236328,76922.71697998047,0.3406982421875,33572028416,0,866525184,0
1,1762395858775,1600,1599,1600,1599,1602,1601,1600,1635,26.3157901763916,0,0,0,0,0,0,0,214429.62762451172,233053.02124023438,76922.71844482422,0.3406982421875,33572028416,0,866525184,0
1,1762395858776,1600,1599,1600,1599,1602,1601,1600,1635,26.3157901763916,0,0,0,0,0,0,0,214429.62860107422,233053.0255126953,76922.7197265625,0.3406982421875,33572028416,0,866525184,0
1,1762395858777,1600,1599,1600,1599,1602,1601,1600,1635,26.3157901763916,0,0,0,0,0,0,0,214429.63055419922,233053.03381347656,76922.72094726563,0.3406982421875,33572028416,0,866525184,0
0,1762395858778,1600,1599,1600,1599,1602,1601,1600,1635,26.3157901763916,0,0,0,0,0,0,0,214429.63159179688,233053.03839111328,76922.72247314453,0.3406982421875,33572028416,0,866525184,0
0,1762395858780,1600,1599,1600,1599,1602,1601,1600,1635,26.3157901763916,0,0,0,0,0,0,0,214429.63256835938,233053.0428466797,76922.72399902344,0.3406982421875,33572028416,0,866525184,0
0,1762395858781,1600,1599,1600,1599,1602,1601,1600,1635,26.3157901763916,0,0,0,0,0,0,0,214429.63354492188,233053.04736328125,76922.72546386719,0.3406982421875,33572028416,0,866525184,0
1,1762395858782,1600,1599,1600,1599,1602,1601,1600,1635,26.3157901763916,0,0,0,0,0,0,0,214429.63458251953,233053.05200195313,76922.72705078125,0.3406982421875,33572028416,0,866525184,0
1,1762395858783,1600,1599,1600,1599,1602,1601,1600,1635,26.3157901763916,0,0,0,0,0,0,0,214429.63555908203,233053.0565185547,76922.72827148438,0.3406982421875,33572028416,0,866525184,0
1,1762395858784,1600,1599,1600,1599,1602,1601,1600,1635,26.3157901763916,0,0,0,0,0,0,0,214429.63653564453,233053.06103515625,76922.72961425781,0.3406982421875,33572028416,0,866525184,0
1,1762395858785,1600,1599,1600,1599,1602,1601,1600,1635,26.3157901763916,0,0,0,0,0,0,0,214429.63751220703,233053.0653076172,76922.73083496094,0.3406982421875,33572028416,0,866525184,0
1,1762395858786,1600,1599,1600,1599,1602,1601,1600,1635,26.3157901763916,0,0,0,0,0,0,0,214429.63848876953,233053.06970214844,76922.73229980469,0.3406982421875,33572028416,0,866525184,0
1,1762395858787,1600,1599,1600,1599,1602,1601,1600,1635,26.3157901763916,0,0,0,0,0,0,0,214429.6395263672,233053.07427978516,76922.73358154297,0.3406982421875,33572028416,0,866525184,0
1,1762395858788,1600,1599,1600,1599,1602,1601,1600,1635,26.3157901763916,0,0,0,0,0,0,0,214429.6414794922,233053.0825805664,76922.73504638672,0.3406982421875,33572028416,0,866525184,0
0,1762395858789,1600,1599,1600,1599,1602,1601,1600,1635,26.3157901763916,0,0,0,0,0,0,0,214429.6424560547,233053.08673095703,76922.736328125,0.3406982421875,33572028416,0,866525184,0
0,1762395858791,1600,1599,1600,1599,1602,1601,1600,1635,17.647058486938477,0,0,0,0,0,0,0,214429.6434326172,233053.09118652344,76922.73779296875,0.3406982421875,33572028416,0,866525184,0
0,1762395858792,1600,1599,1600,1599,1602,1601,1600,1635,17.647058486938477,0,0,0,0,0,0,0,214429.64447021484,233053.09588623047,76922.73913574219,0.3406982421875,33572028416,0,866525184,0
1,1762395858793,1600,1599,1600,1599,1602,1601,1600,1635,17.647058486938477,0,0,0,0,0,0,0,214429.64544677734,233053.1001586914,76922.74035644531,0.3406982421875,33572028416,0,866525184,0
1,1762395858794,1600,1599,1600,1599,1602,1601,1600,1635,17.647058486938477,0,0,0,0,0,0,0,214429.64642333984,233053.1046142578,76922.74212646484,0.3406982421875,33572028416,0,866525184,0
1,1762395858795,1600,1599,1600,1599,1602,1601,1600,1635,17.647058486938477,0,0,0,0,0,0,0,214429.6474609375,233053.10943603516,76922.7435913086,0.3406982421875,33572028416,0,866525184,0
1,1762395858796,1600,1599,1600,1599,1602,1601,1600,1635,17.647058486938477,0,0,0,0,0,0,0,214429.64837646484,233053.11376953125,76922.74487304688,0.3406982421875,33572028416,0,866525184,0
1,1762395858797,1600,1599,1600,1599,1602,1601,1600,1635,17.647058486938477,0,0,0,0,0,0,0,214429.6494140625,233053.1182861328,76922.74633789063,0.3406982421875,33572028416,0,866525184,0
1,1762395858798,1600,1599,1600,1599,1602,1601,1600,1635,17.647058486938477,0,0,0,0,0,0,0,214429.650390625,233053.12268066406,76922.7476196289,0.3406982421875,33572028416,0,866525184,0
1,1762395858799,1600,1599,1600,1599,1602,1601,1600,1635,17.647058486938477,0,0,0,0,0,0,0,214429.65234375,233053.13104248047,76922.74890136719,0.3406982421875,33572028416,0,866525184,0
0,1762395858800,1600,1599,1600,1599,1602,1601,1600,1635,17.647058486938477,0,0,0,0,0,0,0,214429.65338134766,233053.13549804688,76922.7504272461,0.3406982421875,33572028416,0,866525184,0
0,1762395858802,1600,1599,1600,1599,1602,1601,1600,1635,17.647058486938477,0,0,0,0,0,0,0,214429.65435791016,233053.14001464844,76922.75201416016,0.3406982421875,33572028416,0,866525184,0
0,1762395858803,1600,1599,1600,1599,1602,1601,1600,1635,17.647058486938477,0,0,0,0,0,0,0,214429.65533447266,233053.14434814453,76922.75329589844,0.3406982421875,33572028416,0,866525184,0
1,1762395858804,1600,1599,1600,1599,1602,1601,1600,1635,17.647058486938477,0,0,0,0,0,0,0,214429.65631103516,233053.14904785156,76922.75482177734,0.3406982421875,33572028416,0,866525184,0
1,1762395858805,1600,1599,1600,1599,1602,1601,1600,1635,17.647058486938477,0,0,0,0,0,0,0,214429.6573486328,233053.15350341797,76922.75598144531,0.3406982421875,33572028416,0,866525184,0
1,1762395858806,1600,1599,1600,1599,1602,1601,1600,1635,17.647058486938477,0,0,0,0,0,0,0,214429.6583251953,233053.1577758789,76922.75720214844,0.3406982421875,33572028416,0,866525184,0
1,1762395858807,1600,1599,1600,1599,1602,1601,1600,1635,17.647058486938477,0,0,0,0,0,0,0,214429.6593017578,233053.1622314453,76922.75848388672,0.3406982421875,33572028416,0,866525184,0
1,1762395858808,1600,1599,1600,1599,1602,1601,1600,1635,17.647058486938477,0,0,0,0,0,0,0,214429.6602783203,233053.16650390625,76922.76013183594,0.3406982421875,33572028416,0,866525184,0
1,1762395858809,1600,1599,1600,1599,1602,1601,1600,1635,17.647058486938477,0,0,0,0,0,0,0,214429.6612548828,233053.17108154297,76922.76141357422,0.3406982421875,33572028416,0,866525184,0
1,1762395858810,1600,1599,1600,1599,1602,1601,1600,1635,17.647058486938477,0,0,0,0,0,0,0,214429.66326904297,233053.17962646484,76922.76293945313,0.3406982421875,33572028416,0,866525184,0
0,1762395858811,1600,1599,1600,1599,1602,1601,1600,1635,17.647058486938477,0,0,0,0,0,0,0,214429.66424560547,233053.18395996094,76922.76428222656,0.3406982421875,33572028416,0,866525184,0
0,1762395858813,1600,1599,1600,1599,1602,1601,1600,1635,17.647058486938477,0,0,0,0,0,0,0,214429.66522216797,233053.1883544922,76922.765625,0.3406982421875,33572028416,0,866525184,0
0,1762395858814,1600,1599,1600,1599,1602,1601,1600,1635,17.647058486938477,0,0,0,0,0,0,0,214429.66619873047,233053.19268798828,76922.76696777344,0.3406982421875,33572028416,0,866525184,0
1,1762395858815,1600,1599,1600,1599,1602,1601,1600,1635,17.647058486938477,0,0,0,0,0,0,0,214429.66723632813,233053.19732666016,76922.76861572266,0.3406982421875,33572028416,0,866525184,0
1,1762395858816,1600,1599,1600,1599,1602,1601,1600,1635,17.647058486938477,0,0,0,0,0,0,0,214429.66821289063,233053.20184326172,76922.77014160156,0.3406982421875,33572028416,0,866525184,0
1,1762395858817,1600,1599,1600,1599,1602,1601,1600,1635,17.647058486938477,0,0,0,0,0,0,0,214429.66918945313,233053.2064819336,76922.77154541016,0.3406982421875,33572028416,0,866525184,0
1,1762395858818,1600,1599,1600,1599,1602,1601,1600,1635,17.647058486938477,0,0,0,0,0,0,0,214429.67016601563,233053.2109375,76922.77282714844,0.3406982421875,33572028416,0,866525184,0
1,1762395858819,1600,1599,1600,1599,1602,1601,1600,1635,17.647058486938477,0,0,0,0,0,0,0,214429.67120361328,233053.21557617188,76922.77423095703,0.3406982421875,33572028416,0,866525184,0
1,1762395858820,1600,1599,1600,1599,1602,1601,1600,1635,17.647058486938477,0,0,0,0,0,0,0,214429.67218017578,233053.22003173828,76922.77557373047,0.3406982421875,33572028416,0,866525184,0
1,1762395858821,1600,1599,1600,1599,1602,1601,1600,1635,17.647058486938477,0,0,0,0,0,0,0,214429.67419433594,233053.22875976563,76922.7769165039,0.3406982421875,33572028416,0,866525184,0
0,1762395858822,1600,1599,1600,1599,1602,1601,1600,1635,17.647058486938477,0,0,0,0,0,0,0,214429.67510986328,233053.2329711914,76922.7788696289,0.3406982421875,33572028416,0,866525184,0
0,1762395858824,1600,1599,1600,1599,1602,1601,1600,1635,17.647058486938477,0,0,0,0,0,0,0,214429.67614746094,233053.23760986328,76922.78039550781,0.3406982421875,33572028416,0,866525184,0
0,1762395858825,1600,1599,1600,1599,1602,1601,1600,1635,17.647058486938477,0,0,0,0,0,0,0,214429.67712402344,233053.24224853516,76922.78173828125,0.3406982421875,33572028416,0,866525184,0
1,1762395858826,1600,1599,1600,1599,1602,1601,1600,1635,17.647058486938477,0,0,0,0,0,0,0,214429.67810058594,233053.2466430664,76922.783203125,0.3406982421875,33572028416,0,866525184,0
1,1762395858827,1600,1599,1600,1599,1602,1601,1600,1635,17.647058486938477,0,0,0,0,0,0,0,214429.6791381836,233053.25122070313,76922.78448486328,0.3406982421875,33572028416,0,866525184,0
1,1762395858828,1600,1599,1600,1599,1602,1601,1600,1635,17.647058486938477,0,0,0,0,0,0,0,214429.6801147461,233053.2554321289,76922.7857055664,0.3406982421875,33572028416,0,866525184,0
1,1762395858829,1600,1599,1600,1599,1602,1601,1600,1635,17.647058486938477,0,0,0,0,0,0,0,214429.6810913086,233053.25994873047,76922.78698730469,0.3406982421875,33572028416,0,866525184,0
1,1762395858830,1600,1599,1600,1599,1602,1601,1600,1635,17.647058486938477,0,0,0,0,0,0,0,214429.6820678711,233053.26440429688,76922.78857421875,0.3406982421875,33572028416,0,866525184,0
1,1762395858831,1600,1599,1600,1599,1602,1601,1600,1635,17.647058486938477,0,0,0,0,0,0,0,214429.6830444336,233053.26879882813,76922.78997802734,0.3406982421875,33572028416,0,866525184,0
1,1762395858832,1600,1599,1600,1599,1602,1601,1600,1635,17.647058486938477,0,0,0,0,0,0,0,214429.68505859375,233053.27752685547,76922.7914428711,0.3406982421875,33572028416,0,866525184,0
0,1762395858833,1600,1599,1600,1599,1602,1601,1600,1635,17.647058486938477,0,0,0,0,0,0,0,214429.68603515625,233053.28155517578,76922.79260253906,0.3406982421875,33572028416,0,866525184,0
0,1762395858835,1600,1599,1600,1599,1602,1601,1600,1635,17.647058486938477,0,0,0,0,0,0,0,214429.68701171875,233053.28594970703,76922.79388427734,0.3406982421875,33572028416,0,866525184,0
0,1762395858836,1600,1599,1600,1599,1602,1601,1600,1635,17.647058486938477,0,0,0,0,0,0,0,214429.6880493164,233053.2904663086,76922.79559326172,0.3406982421875,33572028416,0,866525184,0
1,1762395858837,1600,1599,1600,1599,1602,1601,1600,1635,17.647058486938477,0,0,0,0,0,0,0,214429.68896484375,233053.294921875,76922.79705810547,0.3406982421875,33572028416,0,866525184,0
1,1762395858838,1600,1599,1600,1599,1602,1601,1600,1635,17.647058486938477,0,0,0,0,0,0,0,214429.6900024414,233053.2996826172,76922.79833984375,0.3406982421875,33572028416,0,866525184,0
1,1762395858839,1600,1599,1600,1599,1602,1601,1600,1635,17.647058486938477,0,0,0,0,0,0,0,214429.69104003906,233053.30407714844,76922.79968261719,0.3406982421875,33572028416,0,866525184,0
1,1762395858840,1600,1599,1600,1599,1602,1601,1600,1635,17.647058486938477,0,0,0,0,0,0,0,214429.69201660156,233053.30853271484,76922.80096435547,0.3406982421875,33572028416,0,866525184,0
1,1762395858841,1600,1599,1600,1599,1602,1601,1600,1635,17.647058486938477,0,0,0,0,0,0,0,214429.69299316406,233053.31298828125,76922.80242919922,0.3406982421875,33572028416,0,866525184,0
1,1762395858842,1600,1599,1600,1599,1602,1601,1600,1635,17.647058486938477,0,0,0,0,0,0,0,214429.69396972656,233053.3172607422,76922.8037109375,0.3406982421875,33572028416,0,866525184,0
1,1762395858843,1600,1599,1600,1599,1602,1601,1600,1635,17.647058486938477,0,0,0,0,0,0,0,214429.69592285156,233053.32556152344,76922.80499267578,0.3406982421875,33572028416,0,866525184,0
0,1762395858844,1600,1599,1600,1599,1602,1601,1600,1635,17.647058486938477,0,0,0,0,0,0,0,214429.69689941406,233053.3299560547,76922.80651855469,0.3406982421875,33572028416,0,866525184,0
0,1762395858846,1600,1599,1600,1599,1602,1601,1600,1635,17.647058486938477,0,0,0,0,0,0,0,214429.69793701172,233053.33447265625,76922.80798339844,0.3406982421875,33572028416,0,866525184,0
0,1762395858847,1600,1599,1600,1599,1602,1601,1600,1635,17.647058486938477,0,0,0,0,0,0,0,214429.69891357422,233053.3389892578,76922.80920410156,0.3406982421875,33572028416,0,866525184,0
1,1762395858848,1600,1599,1600,1599,1602,1601,1600,1635,17.647058486938477,0,0,0,0,0,0,0,214429.69989013672,233053.34338378906,76922.81060791016,0.3406982421875,33572028416,0,866525184,0
1,1762395858849,1600,1599,1600,1599,1602,1601,1600,1635,17.647058486938477,0,0,0,0,0,0,0,214429.70092773438,233053.34790039063,76922.8119506836,0.3406982421875,33572028416,0,866525184,0
1,1762395858850,1600,1599,1600,1599,1602,1601,1600,1635,17.647058486938477,0,0,0,0,0,0,0,214429.70190429688,233053.35235595703,76922.81323242188,0.3406982421875,33572028416,0,866525184,0
1,1762395858851,1600,1599,1600,1599,1602,1601,1600,1635,17.647058486938477,0,0,0,0,0,0,0,214429.70288085938,233053.35675048828,76922.81463623047,0.3406982421875,33572028416,0,866525184,0
1,1762395858852,1600,1599,1600,1599,1602,1601,1600,1635,17.647058486938477,0,0,0,0,0,0,0,214429.70385742188,233053.36126708984,76922.81616210938,0.3406982421875,33572028416,0,866525184,0
1,1762395858853,1600,1599,1600,1599,1602,1601,1600,1635,17.647058486938477,0,0,0,0,0,0,0,214429.70489501953,233053.3657836914,76922.81756591797,0.3406982421875,33572028416,0,866525184,0
1,1762395858854,1600,1599,1600,1599,1602,1601,1600,1635,17.647058486938477,0,0,0,0,0,0,0,214429.70684814453,233053.37432861328,76922.81909179688,0.3406982421875,33572028416,0,866525184,0
0,1762395858855,1600,1599,1600,1599,1602,1601,1600,1635,17.647058486938477,0,0,0,0,0,0,0,214429.70782470703,233053.37884521484,76922.82061767578,0.3406982421875,33572028416,0,866525184,0
0,1762395858857,1600,1599,1600,1599,1602,1601,1600,1635,17.647058486938477,0,0,0,0,0,0,0,214429.70880126953,233053.38311767578,76922.82208251953,0.3406982421875,33572028416,0,866525184,0
0,1762395858858,1600,1599,1600,1599,1602,1601,1600,1635,17.647058486938477,0,0,0,0,0,0,0,214429.70977783203,233053.3876953125,76922.82354736328,0.3406982421875,33572028416,0,866525184,0
1,1762395858859,1600,1599,1600,1599,1602,1601,1600,1635,17.647058486938477,0,0,0,0,0,0,0,214429.7108154297,233053.3924560547,76922.8251953125,0.3406982421875,33572028416,0,866525184,0
1,1762395858860,1600,1599,1600,1599,1602,1601,1600,1635,17.647058486938477,0,0,0,0,0,0,0,214429.7117919922,233053.3969116211,76922.82647705078,0.3406982421875,33572028416,0,866525184,0
1,1762395858861,1600,1599,1600,1599,1602,1601,1600,1635,17.647058486938477,0,0,0,0,0,0,0,214429.7127685547,233053.40142822266,76922.82788085938,0.3406982421875,33572028416,0,866525184,0
1,1762395858862,1600,1599,1600,1599,1602,1601,1600,1635,17.647058486938477,0,0,0,0,0,0,0,214429.71380615234,233053.4058227539,76922.82904052734,0.3406982421875,33572028416,0,866525184,0
1,1762395858863,1600,1599,1600,1599,1602,1601,1600,1635,17.647058486938477,0,0,0,0,0,0,0,214429.71478271484,233053.4102783203,76922.8305053711,0.3406982421875,33572028416,0,866525184,0
1,1762395858864,1600,1599,1600,1599,1602,1601,1600,1635,17.647058486938477,0,0,0,0,0,0,0,214429.71575927734,233053.4146118164,76922.83190917969,0.3406982421875,33572028416,0,866525184,0
1,1762395858865,1600,1599,1600,1599,1602,1601,1600,1635,17.647058486938477,0,0,0,0,0,0,0,214429.7177734375,233053.4234008789,76922.83331298828,0.3406982421875,33572028416,0,866525184,0
0,1762395858866,1600,1599,1600,1599,1602,1601,1600,1635,17.647058486938477,0,0,0,0,0,0,0,214429.71875,233053.4276123047,76922.8349609375,0.3406982421875,33572028416,0,866525184,0
0,1762395858868,1600,1599,1600,1599,1602,1601,1600,1635,17.647058486938477,0,0,0,0,0,0,0,214429.7197265625,233053.43212890625,76922.83630371094,0.3406982421875,33572028416,0,866525184,0
0,1762395858869,1600,1599,1600,1599,1602,1601,1600,1635,17.647058486938477,0,0,0,0,0,0,0,214429.720703125,233053.43646240234,76922.8374633789,0.3406982421875,33572028416,0,866525184,0
1,1762395858870,1600,1599,1600,1599,1602,1601,1600,1635,17.647058486938477,0,0,0,0,0,0,0,214429.7216796875,233053.44091796875,76922.83880615234,0.3406982421875,33572028416,0,866525184,0
1,1762395858871,1600,1599,1600,1599,1602,1601,1600,1635,17.647058486938477,0,0,0,0,0,0,0,214429.72271728516,233053.44537353516,76922.8402709961,0.3406982421875,33572028416,0,866525184,0
1,1762395858872,1600,1599,1600,1599,1602,1601,1600,1635,17.647058486938477,0,0,0,0,0,0,0,214429.72369384766,233053.4497680664,76922.84149169922,0.3406982421875,33572028416,0,866525184,0
1,1762395858873,1600,1599,1600,1599,1602,1601,1600,1635,17.647058486938477,0,0,0,0,0,0,0,214429.72467041016,233053.4542236328,76922.84289550781,0.3406982421875,33572028416,0,866525184,0
1,1762395858874,1600,1599,1600,1599,1602,1601,1600,1635,17.647058486938477,0,0,0,0,0,0,0,214429.72564697266,233053.45867919922,76922.84436035156,0.3406982421875,33572028416,0,866525184,0
1,1762395858875,1600,1599,1600,1599,1602,1601,1600,1635,17.647058486938477,0,0,0,0,0,0,0,214429.7266845703,233053.4633178711,76922.845703125,0.3406982421875,33572028416,0,866525184,0
1,1762395858876,1600,1599,1600,1599,1602,1601,1600,1635,17.647058486938477,0,0,0,0,0,0,0,214429.7286376953,233053.4716796875,76922.8472290039,0.3406982421875,33572028416,0,866525184,0
0,1762395858877,1600,1599,1600,1599,1602,1601,1600,1635,17.647058486938477,0,0,0,0,0,0,0,214429.7296142578,233053.4760131836,76922.84875488281,0.3406982421875,33572028416,0,866525184,0
0,1762395858879,1600,1599,1600,1599,1602,1601,1600,1635,17.647058486938477,0,0,0,0,0,0,0,214429.7305908203,233053.48040771484,76922.85009765625,0.3406982421875,33572028416,0,866525184,0
0,1762395858880,1600,1599,1600,1599,1602,1601,1600,1635,17.647058486938477,0,0,0,0,0,0,0,214429.7315673828,233053.4849243164,76922.85150146484,0.3406982421875,33572028416,0,866525184,0
1,1762395858881,1600,1599,1600,1599,1602,1601,1600,1635,17.647058486938477,0,0,0,0,0,0,0,214429.7325439453,233053.48931884766,76922.8529663086,0.3406982421875,33572028416,0,866525184,0
1,1762395858882,1600,1599,1600,1599,1602,1601,1600,1635,17.647058486938477,0,0,0,0,0,0,0,214429.73358154297,233053.49395751953,76922.85418701172,0.3406982421875,33572028416,0,866525184,0
1,1762395858883,1600,1599,1600,1599,1602,1601,1600,1635,17.647058486938477,0,0,0,0,0,0,0,214429.73455810547,233053.49835205078,76922.85546875,0.3406982421875,33572028416,0,866525184,0
1,1762395858884,1600,1599,1600,1599,1602,1601,1600,1635,17.647058486938477,0,0,0,0,0,0,0,214429.73559570313,233053.50274658203,76922.85675048828,0.3406982421875,33572028416,0,866525184,0
1,1762395858885,1600,1599,1600,1599,1602,1601,1600,1635,17.647058486938477,0,0,0,0,0,0,0,214429.73657226563,233053.50720214844,76922.85821533203,0.3406982421875,33572028416,0,866525184,0
1,1762395858886,1600,1599,1600,1599,1602,1601,1600,1635,17.647058486938477,0,0,0,0,0,0,0,214429.73754882813,233053.5115966797,76922.85955810547,0.3406982421875,33572028416,0,866525184,0
1,1762395858887,1600,1599,1600,1599,1602,1601,1600,1635,17.647058486938477,0,0,0,0,0,0,0,214429.73950195313,233053.52014160156,76922.86114501953,0.3406982421875,33572028416,0,866525184,0
0,1762395858888,1600,1599,1600,1599,1602,1601,1600,1635,17.647058486938477,0,0,0,0,0,0,0,214429.74053955078,233053.52435302734,76922.86236572266,0.3406982421875,33572028416,0,866525184,0
0,1762395858890,1600,1599,1600,1599,1602,1601,1600,1635,17.647058486938477,0,0,0,0,0,0,0,214429.74151611328,233053.52868652344,76922.86376953125,0.3406982421875,33572028416,0,866525184,0
0,1762395858891,1600,1599,1600,1599,1602,1601,1600,1635,17.647058486938477,0,0,0,0,0,0,0,214429.74249267578,233053.53314208984,76922.86492919922,0.3406982421875,33572028416,0,866525184,0
1,1762395858892,1600,1599,1600,1599,1602,1601,1600,1635,17.647058486938477,0,0,0,0,0,0,0,214429.74346923828,233053.53735351563,76922.8662109375,0.3406982421875,33572028416,0,866525184,0
1,1762395858893,1600,1599,1600,1599,1602,1601,1600,1635,17.647058486938477,0,0,0,0,0,0,0,214429.74450683594,233053.5418701172,76922.86755371094,0.3406982421875,33572028416,0,866525184,0
1,1762395858894,1600,1599,1600,1599,1602,1601,1600,1635,17.647058486938477,0,0,0,0,0,0,0,214429.74548339844,233053.54620361328,76922.86883544922,0.3406982421875,33572028416,0,866525184,0
1,1762395858895,1600,1599,1600,1599,1602,1601,1600,1635,17.647058486938477,0,0,0,0,0,0,0,214429.74645996094,233053.5506591797,76922.87048339844,0.3406982421875,33572028416,0,866525184,0
1,1762395858896,1600,1599,1600,1599,1602,1601,1600,1635,17.647058486938477,0,0,0,0,0,0,0,214429.74743652344,233053.55517578125,76922.87188720703,0.3406982421875,33572028416,0,866525184,0
1,1762395858897,1600,1599,1600,1599,1602,1601,1600,1635,17.647058486938477,0,0,0,0,0,0,0,214429.7484741211,233053.55963134766,76922.873046875,0.3406982421875,33572028416,0,866525184,0
1,1762395858898,1600,1599,1600,1599,1602,1601,1600,1635,17.647058486938477,0,0,0,0,0,0,0,214429.7504272461,233053.5679321289,76922.87438964844,0.3406982421875,33572028416,0,866525184,0
0,1762395858899,1600,1599,1600,1599,1602,1601,1600,1635,17.647058486938477,0,0,0,0,0,0,0,214429.7514038086,233053.5723876953,76922.8759765625,0.3406982421875,33572028416,0,866525184,0
0,1762395858901,1600,1599,1600,1599,1602,1601,1600,1635,17.647058486938477,0,0,0,0,0,0,0,214429.7523803711,233053.5765991211,76922.87731933594,0.3406982421875,33572028416,0,866525184,0
0,1762395858902,1600,1599,1600,1599,1602,1601,1600,1635,17.647058486938477,0,0,0,0,0,0,0,214429.7533569336,233053.58111572266,76922.87854003906,0.3406982421875,33572028416,0,866525184,0
1,1762395858903,1600,1599,1600,1599,1602,1601,1600,1635,17.647058486938477,0,0,0,0,0,0,0,214429.75439453125,233053.58575439453,76922.88000488281,0.3406982421875,33572028416,0,866525184,0
1,1762395858904,1600,1599,1600,1599,1602,1601,1600,1635,17.647058486938477,0,0,0,0,0,0,0,214429.75537109375,233053.59020996094,76922.88134765625,0.3406982421875,33572028416,0,866525184,0
1,1762395858905,1600,1599,1600,1599,1602,1601,1600,1635,17.647058486938477,0,0,0,0,0,0,0,214429.75634765625,233053.5946044922,76922.88262939453,0.3406982421875,33572028416,0,866525184,0
1,1762395858906,1600,1599,1600,1599,1602,1601,1600,1635,17.647058486938477,0,0,0,0,0,0,0,214429.75732421875,233053.5990600586,76922.88385009766,0.3406982421875,33572028416,0,866525184,0
1,1762395858907,1600,1599,1600,1599,1602,1601,1600,1635,17.647058486938477,0,0,0,0,0,0,0,214429.7583618164,233053.603515625,76922.88537597656,0.3406982421875,33572028416,0,866525184,0
1,1762395858908,1600,1599,1600,1599,1602,1601,1600,1635,17.647058486938477,0,0,0,0,0,0,0,214429.7593383789,233053.60791015625,76922.88677978516,0.3406982421875,33572028416,0,866525184,0
1,1762395858909,1600,1599,1600,1599,1602,1601,1600,1635,17.647058486938477,0,0,0,0,0,0,0,214429.7612915039,233053.61651611328,76922.88818359375,0.3406982421875,33572028416,0,866525184,0
0,1762395858910,1600,1599,1600,1599,1602,1601,1600,1635,17.647058486938477,0,0,0,0,0,0,0,214429.76232910156,233053.62072753906,76922.88934326172,0.3406982421875,33572028416,0,866525184,0
0,1762395858912,1600,1599,1600,1599,1602,1601,1600,1635,17.647058486938477,0,0,0,0,0,0,0,214429.76330566406,233053.6251220703,76922.890625,0.3406982421875,33572028416,0,866525184,0
0,1762395858913,1600,1599,1600,1599,1602,1601,1600,1635,17.647058486938477,0,0,0,0,0,0,0,214429.76428222656,233053.6294555664,76922.89184570313,0.3406982421875,33572028416,0,866525184,0
1,1762395858914,1600,1599,1600,1599,1602,1601,1600,1635,17.647058486938477,0,0,0,0,0,0,0,214429.76525878906,233053.6337890625,76922.8931274414,0.3406982421875,33572028416,0,866525184,0
1,1762395858915,1600,1599,1600,1599,1602,1601,1600,1635,17.647058486938477,0,0,0,0,0,0,0,214429.76629638672,233053.6382446289,76922.89447021484,0.3406982421875,33572028416,0,866525184,0
1,1762395858916,1600,1599,1600,1599,1602,1601,1600,1635,17.647058486938477,0,0,0,0,0,0,0,214429.76727294922,233053.64263916016,76922.89569091797,0.3406982421875,33572028416,0,866525184,0
1,1762395858917,1600,1599,1600,1599,1602,1601,1600,1635,17.647058486938477,0,0,0,0,0,0,0,214429.76824951172,233053.6469116211,76922.8974609375,0.3406982421875,33572028416,0,866525184,0
1,1762395858918,1600,1599,1600,1599,1602,1601,1600,1635,17.647058486938477,0,0,0,0,0,0,0,214429.76922607422,233053.6517944336,76922.89892578125,0.3406982421875,33572028416,0,866525184,0
1,1762395858919,1600,1599,1600,1599,1602,1601,1600,1635,17.647058486938477,0,0,0,0,0,0,0,214429.77020263672,233053.65618896484,76922.900390625,0.3406982421875,33572028416,0,866525184,0
1,1762395858920,1600,1599,1600,1599,1602,1601,1600,1635,17.647058486938477,0,0,0,0,0,0,0,214429.77215576172,233053.66467285156,76922.90173339844,0.3406982421875,33572028416,0,866525184,0
0,1762395858921,1600,1599,1600,1599,1602,1601,1600,1635,17.647058486938477,0,0,0,0,0,0,0,214429.77319335938,233053.6690673828,76922.90325927734,0.3406982421875,33572028416,0,866525184,0
0,1762395858923,1600,1599,1600,1599,1602,1601,1600,1635,17.647058486938477,0,0,0,0,0,0,0,214429.77416992188,233053.67364501953,76922.90478515625,0.3406982421875,33572028416,0,866525184,0
0,1762395858924,1600,1599,1600,1599,1602,1601,1600,1635,17.647058486938477,0,0,0,0,0,0,0,214429.77520751953,233053.6781616211,76922.90606689453,0.3406982421875,33572028416,0,866525184,0
1,1762395858925,1600,1599,1600,1599,1602,1601,1600,1635,17.647058486938477,0,0,0,0,0,0,0,214429.77618408203,233053.6826171875,76922.90747070313,0.3406982421875,33572028416,0,866525184,0
1,1762395858926,1600,1599,1600,1599,1602,1601,1600,1635,17.647058486938477,0,0,0,0,0,0,0,214429.77716064453,233053.6870727539,76922.90887451172,0.3406982421875,33572028416,0,866525184,0
1,1762395858927,1600,1599,1600,1599,1602,1601,1600,1635,17.647058486938477,0,0,0,0,0,0,0,214429.7781982422,233053.69158935547,76922.91003417969,0.3406982421875,33572028416,0,866525184,0
1,1762395858928,1600,1599,1600,1599,1602,1601,1600,1635,17.647058486938477,0,0,0,0,0,0,0,214429.77911376953,233053.6958618164,76922.91137695313,0.3406982421875,33572028416,0,866525184,0
1,1762395858929,1600,1599,1600,1599,1602,1601,1600,1635,17.647058486938477,0,0,0,0,0,0,0,214429.78009033203,233053.70025634766,76922.91284179688,0.3406982421875,33572028416,0,866525184,0
1,1762395858930,1600,1599,1600,1599,1602,1601,1600,1635,17.647058486938477,0,0,0,0,0,0,0,214429.7811279297,233053.70483398438,76922.91418457031,0.3406982421875,33572028416,0,866525184,0
0,1762395858931,1600,1599,1600,1599,1602,1601,1600,1635,17.647058486938477,0,0,0,0,0,0,0,214429.78314208984,233053.71350097656,76922.91571044922,0.3406982421875,33572028416,0,866525184,0
0,1762395858932,1600,1599,1600,1599,1602,1601,1600,1635,17.647058486938477,0,0,0,0,0,0,0,214429.7840576172,233053.71746826172,76922.91687011719,0.3406982421875,33572028416,0,866525184,0
0,1762395858934,1600,1599,1600,1599,1602,1601,1600,1635,17.647058486938477,0,0,0,0,0,0,0,214429.7850341797,233053.72174072266,76922.91802978516,0.3406982421875,33572028416,0,866525184,0
0,1762395858935,1600,1599,1600,1599,1602,1601,1600,1635,17.647058486938477,0,0,0,0,0,0,0,214429.78607177734,233053.7261352539,76922.91931152344,0.3406982421875,33572028416,0,866525184,0
1,1762395858936,1600,1599,1600,1599,1602,1601,1600,1635,17.647058486938477,0,0,0,0,0,0,0,214429.78704833984,233053.73052978516,76922.92053222656,0.3406982421875,33572028416,0,866525184,0
1,1762395858937,1600,1599,1600,1599,1602,1601,1600,1635,17.647058486938477,0,0,0,0,0,0,0,214429.78802490234,233053.73486328125,76922.92199707031,0.3406982421875,33572028416,0,866525184,0
1,1762395858938,1600,1599,1600,1599,1602,1601,1600,1635,17.647058486938477,0,0,0,0,0,0,0,214429.78900146484,233053.73919677734,76922.92346191406,0.3406982421875,33572028416,0,866525184,0
1,1762395858939,1600,1599,1600,1599,1602,1601,1600,1635,17.647058486938477,0,0,0,0,0,0,0,214429.7900390625,233053.74377441406,76922.92547607422,0.3406982421875,33572028416,0,866525184,0
1,1762395858940,1600,1599,1600,1599,1602,1601,1600,1635,17.647058486938477,0,0,0,0,0,0,0,214429.791015625,233053.74908447266,76922.92724609375,0.3406982421875,33572028416,0,866525184,0
1,1762395858941,1600,1599,1600,1599,1602,1601,1600,1635,17.647058486938477,0,0,0,0,0,0,0,214429.7919921875,233053.75366210938,76922.92907714844,0.3406982421875,33572028416,0,866525184,0
1,1762395858942,1600,1599,1600,1599,1602,1601,1600,1635,17.647058486938477,0,0,0,0,0,0,0,214429.79400634766,233053.76342773438,76922.931640625,0.3406982421875,33572028416,0,866525184,0
0,1762395858944,1600,1599,1600,1599,1602,1601,1600,1635,17.647058486938477,0,0,0,0,0,0,0,214429.7950439453,233053.76916503906,76922.9345703125,0.3406982421875,33572028416,0,866525184,0
0,1762395858945,1600,1599,1600,1599,1602,1601,1600,1635,17.647058486938477,0,0,0,0,0,0,0,214429.7960205078,233053.77447509766,76922.93646240234,0.3406982421875,33572028416,0,866525184,0
0,1762395858946,1600,1599,1600,1599,1602,1601,1600,1635,17.647058486938477,0,0,0,0,0,0,0,214429.7969970703,233053.7797241211,76922.93884277344,0.3406982421875,33572028416,0,866525184,0
1,1762395858947,1600,1599,1600,1599,1602,1601,1600,1635,17.647058486938477,0,0,0,0,0,0,0,214429.79803466797,233053.78509521484,76922.94122314453,0.3406982421875,33572028416,0,866525184,0
0,1762395858948,1600,1599,1600,1599,1602,1601,1600,1635,17.647058486938477,0,0,0,0,0,0,0,214429.79901123047,233053.79022216797,76922.94323730469,0.3406982421875,33572028416,0,866525184,0
1,1762395858949,1600,1599,1600,1599,1602,1601,1600,1635,17.647058486938477,0,0,0,0,0,0,0,214429.80004882813,233053.79559326172,76922.94555664063,0.3406982421875,33572028416,0,866525184,0
1,1762395858950,1600,1599,1600,1599,1602,1601,1600,1635,17.647058486938477,0,0,0,0,0,0,0,214429.80108642578,233053.80084228516,76922.9478149414,0.3406982421875,33572028416,0,866525184,0
1,1762395858951,1600,1599,1600,1599,1602,1601,1600,1635,17.647058486938477,0,0,0,0,0,0,0,214429.80206298828,233053.80615234375,76922.94970703125,0.3406982421875,33572028416,0,866525184,0
0,1762395858952,1600,1599,1600,1599,1602,1601,1600,1635,17.647058486938477,0,0,0,0,0,0,0,214429.80407714844,233053.81561279297,76922.9517211914,0.3406982421875,33572028416,0,866525184,0
0,1762395858953,1600,1599,1600,1599,1602,1601,1600,1635,17.647058486938477,0,0,0,0,0,0,0,214429.80499267578,233053.82061767578,76922.95391845703,0.3406982421875,33572028416,0,866340864,0
0,1762395858954,1600,1599,1600,1599,1602,1601,1600,1635,17.647058486938477,0,0,0,0,0,0,0,214429.80603027344,233053.82611083984,76922.95617675781,0.3406982421875,33572028416,0,866340864,0
0,1762395858955,1600,1599,1600,1599,1602,1601,1600,1635,17.647058486938477,0,0,0,0,0,0,0,214429.80700683594,233053.83135986328,76922.95892333984,0.3406982421875,33572028416,0,866340864,0
0,1762395858957,1600,1599,1600,1599,1602,1601,1600,1635,17.647058486938477,0,0,0,0,0,0,0,214429.8080444336,233053.83728027344,76922.96142578125,0.3406982421875,33572028416,0,866340864,0
0,1762395858958,1600,1599,1600,1599,1602,1601,1600,1635,17.647058486938477,0,0,0,0,0,0,0,214429.80908203125,233053.84271240234,76922.9638671875,0.3406982421875,33572028416,0,866340864,0
0,1762395858959,1600,1599,1600,1599,1602,1601,1600,1635,17.647058486938477,0,0,0,0,0,0,0,214429.81005859375,233053.8482055664,76922.96643066406,0.3406982421875,33572028416,0,866340864,0
1,1762395858960,1600,1599,1600,1599,1602,1601,1600,1635,17.647058486938477,0,0,0,0,0,0,0,214429.8110961914,233053.85333251953,76922.96875,0.3406982421875,33572028416,0,866340864,0
1,1762395858961,1600,1599,1600,1599,1602,1601,1600,1635,17.647058486938477,0,0,0,0,0,0,0,214429.81201171875,233053.85833740234,76922.970703125,0.3406982421875,33572028416,0,866340864,0
1,1762395858962,1600,1599,1600,1599,1602,1601,1600,1635,17.647058486938477,0,0,0,0,0,0,0,214429.8130493164,233053.86389160156,76922.9732055664,0.3406982421875,33572028416,0,866340864,0
0,1762395858963,1600,1599,1600,1599,1602,1601,1600,1635,17.647058486938477,0,0,0,0,0,0,0,214429.81408691406,233053.86938476563,76922.97540283203,0.3406982421875,33572028416,0,866340864,0
0,1762395858964,1600,1599,1600,1599,1602,1601,1600,1635,17.647058486938477,0,0,0,0,0,0,0,214429.8150024414,233053.87420654297,76922.97760009766,0.3406982421875,33572028416,0,866340864,0
0,1762395858965,1600,1599,1600,1599,1602,1601,1600,1635,17.647058486938477,0,0,0,0,0,0,0,214429.81610107422,233053.87963867188,76922.97973632813,0.3406982421875,33572028416,0,866340864,0
1,1762395858966,1600,1599,1600,1599,1602,1601,1600,1635,17.647058486938477,0,0,0,0,0,0,0,214429.81707763672,233053.8848876953,76922.98211669922,0.3406982421875,33572028416,0,866340864,0
0,1762395858967,1600,1599,1600,1599,1602,1601,1600,1635,17.647058486938477,0,0,0,0,0,0,0,214429.81903076172,233053.8946533203,76922.984375,0.3406982421875,33572028416,0,866340864,0
0,1762395858968,1600,1599,1600,1599,1602,1601,1600,1635,17.647058486938477,0,0,0,0,0,0,0,214429.82006835938,233053.90032958984,76922.9868774414,0.3406982421875,33572028416,0,866340864,0
0,1762395858969,1600,1599,1600,1599,1602,1601,1600,1635,17.647058486938477,0,0,0,0,0,0,0,214429.82104492188,233053.90551757813,76922.98901367188,0.3406982421875,33572028416,0,866340864,0
0,1762395858970,1600,1599,1600,1599,1602,1601,1600,1635,17.647058486938477,0,0,0,0,0,0,0,214429.82202148438,233053.91076660156,76922.99151611328,0.3406982421875,33572028416,0,866340864,0
0,1762395858972,1600,1599,1600,1599,1602,1601,1600,1635,17.647058486938477,0,0,0,0,0,0,0,214429.82305908203,233053.91650390625,76922.99389648438,0.3406982421875,33572028416,0,866340864,0
0,1762395858973,1600,1599,1600,1599,1602,1601,1600,1635,17.647058486938477,0,0,0,0,0,0,0,214429.8240966797,233053.921875,76922.99639892578,0.3406982421875,33572028416,0,866340864,0
0,1762395858974,1600,1599,1600,1599,1602,1601,1600,1635,17.647058486938477,0,0,0,0,0,0,0,214429.8250732422,233053.92742919922,76922.99920654297,0.3406982421875,33572028416,0,866340864,0
1,1762395858975,1600,1599,1600,1599,1602,1601,1600,1635,17.647058486938477,0,0,0,0,0,0,0,214429.82611083984,233053.93322753906,76923.00201416016,0.3406982421875,33572028416,0,866340864,0
1,1762395858976,1600,1599,1600,1599,1602,1601,1600,1635,17.647058486938477,0,0,0,0,0,0,0,214429.82708740234,233053.93896484375,76923.0044555664,0.3406982421875,33572028416,0,866340864,0
1,1762395858977,1600,1599,1600,1599,1602,1601,1600,1635,17.647058486938477,0,0,0,0,0,0,0,214429.82806396484,233053.94427490234,76923.00653076172,0.3406982421875,33572028416,0,866340864,0
0,1762395858978,1600,1599,1600,1599,1602,1601,1600,1635,17.647058486938477,0,0,0,0,0,0,0,214429.8291015625,233053.9493408203,76923.00842285156,0.3406982421875,33572028416,0,866340864,0
0,1762395858979,1600,1599,1600,1599,1602,1601,1600,1635,17.647058486938477,0,0,0,0,0,0,0,214429.830078125,233053.9541015625,76923.01049804688,0.3406982421875,33572028416,0,866340864,0
0,1762395858980,1600,1599,1600,1599,1602,1601,1600,1635,17.647058486938477,0,0,0,0,0,0,0,214429.8310546875,233053.9594116211,76923.01275634766,0.3406982421875,33572028416,0,866340864,0
0,1762395858981,1600,1599,1600,1599,1602,1601,1600,1635,17.647058486938477,0,0,0,0,0,0,0,214429.8331298828,233053.96466064453,76923.01495361328,0.3406982421875,33572028416,0,866340864,0
0,1762395858982,1600,1599,1600,1599,1602,1601,1600,1635,17.647058486938477,0,0,0,0,0,0,0,214429.8341064453,233053.97521972656,76923.01782226563,0.3406982421875,33572028416,0,866340864,0
0,1762395858983,1600,1599,1600,1599,1602,1601,1600,1635,17.647058486938477,0,0,0,0,0,0,0,214429.8350830078,233053.98046875,76923.02001953125,0.3406982421875,33572028416,0,866340864,0
0,1762395858984,1600,1599,1600,1599,1602,1601,1600,1635,17.647058486938477,0,0,0,0,0,0,0,214429.83612060547,233053.98614501953,76923.02252197266,0.3406982421875,33572028416,0,866340864,0
0,1762395858985,1600,1599,1600,1599,1602,1601,1600,1635,17.647058486938477,0,0,0,0,0,0,0,214429.83709716797,233053.99157714844,76923.02557373047,0.3406982421875,33572028416,0,866340864,0
0,1762395858987,1600,1599,1600,1599,1602,1601,1600,1635,17.647058486938477,0,0,0,0,0,0,0,214429.83813476563,233053.9971923828,76923.02783203125,0.3406982421875,33572028416,0,866340864,0
0,1762395858988,1600,1599,1600,1599,1602,1601,1600,1635,17.647058486938477,0,0,0,0,0,0,0,214429.83911132813,233054.00262451172,76923.03033447266,0.3406982421875,33572028416,0,866340864,0
0,1762395858989,1600,1599,1600,1599,1602,1601,1600,1635,17.647058486938477,0,0,0,0,0,0,0,214429.84014892578,233054.0082397461,76923.03295898438,0.3406982421875,33572028416,0,866340864,0
1,1762395858990,1600,1599,1600,1599,1602,1601,1600,1635,17.647058486938477,0,0,0,0,0,0,0,214429.84112548828,233054.0135498047,76923.03540039063,0.3406982421875,33572028416,0,866340864,0
1,1762395858991,1600,1599,1600,1599,1602,1601,1600,1635,15.789472579956055,0,4.761904716491699,0,0,0,0,5.263157844543457,214429.84210205078,233054.01916503906,76923.03802490234,0.3406982421875,33572028416,0,866340864,0
1,1762395858992,1600,1599,1600,1599,1602,1601,1600,1635,15.789472579956055,0,4.761904716491699,0,0,0,0,5.263157844543457,214429.84313964844,233054.02465820313,76923.04028320313,0.3406982421875,33572028416,0,866340864,0
1,1762395858993,1600,1599,1600,1599,1602,1601,1600,1635,15.789472579956055,0,4.761904716491699,0,0,0,0,5.263157844543457,214429.84411621094,233054.0298461914,76923.0424194336,0.3406982421875,33572028416,0,866340864,0
0,1762395858994,1600,1599,1600,1599,1602,1601,1600,1635,15.789472579956055,0,4.761904716491699,0,0,0,0,5.263157844543457,214429.8461303711,233054.0350341797,76923.0443725586,0.3406982421875,33572028416,0,866340864,0
0,1762395858995,1600,1599,1600,1599,1602,1601,1600,1635,15.789472579956055,0,4.761904716491699,0,0,0,0,5.263157844543457,214429.8461303711,233054.03985595703,76923.04681396484,0.3406982421875,33572028416,0,866340864,0
0,1762395858996,1600,1599,1600,1599,1602,1601,1600,1635,15.789472579956055,0,4.761904716491699,0,0,0,0,5.263157844543457,214429.8471069336,233054.04516601563,76923.04919433594,0.3406982421875,33572028416,0,866340864,0
1,1762395858997,1600,1599,1600,1599,1602,1601,1600,1635,15.789472579956055,0,4.761904716491699,0,0,0,0,5.263157844543457,214429.84912109375,233054.05615234375,76923.05163574219,0.3406982421875,33572028416,0,866340864,0
0,1762395858998,1600,1599,1600,1599,1602,1601,1600,1635,15.789472579956055,0,4.761904716491699,0,0,0,0,5.263157844543457,214429.85009765625,233054.06121826172,76923.0542602539,0.3406982421875,33572028416,0,866340864,0
0,1762395859000,1600,1599,1600,1599,1602,1601,1600,1635,15.789472579956055,0,4.761904716491699,0,0,0,0,5.263157844543457,214429.85107421875,233054.06622314453,76923.05627441406,0.3406982421875,33572028416,0,866340864,0
0,1762395859001,1600,1599,1600,1599,1602,1601,1600,1635,15.789472579956055,0,4.761904716491699,0,0,0,0,5.263157844543457,214429.8521118164,233054.07165527344,76923.05865478516,0.3406982421875,33572028416,0,866340864,0
0,1762395859002,1600,1599,1600,1599,1602,1601,1600,1635,15.789472579956055,0,4.761904716491699,0,0,0,0,5.263157844543457,214429.8530883789,233054.07708740234,76923.06140136719,0.3406982421875,33572028416,0,866340864,0
1,1762395859003,1600,1599,1600,1599,1602,1601,1600,1635,15.789472579956055,0,4.761904716491699,0,0,0,0,5.263157844543457,214429.85412597656,233054.08270263672,76923.06384277344,0.3406982421875,33572028416,0,866340864,0
1,1762395859004,1600,1599,1600,1599,1602,1601,1600,1635,15.789472579956055,0,4.761904716491699,0,0,0,0,5.263157844543457,214429.85510253906,233054.08819580078,76923.06610107422,0.3406982421875,33572028416,0,866340864,0
1,1762395859005,1600,1599,1600,1599,1602,1601,1600,1635,15.789472579956055,0,4.761904716491699,0,0,0,0,5.263157844543457,214429.85614013672,233054.09344482422,76923.06842041016,0.3406982421875,33572028416,0,866340864,0
1,1762395859006,1600,1599,1600,1599,1602,1601,1600,1635,15.789472579956055,0,4.761904716491699,0,0,0,0,5.263157844543457,214429.85711669922,233054.09887695313,76923.07061767578,0.3406982421875,33572028416,0,866340864,0
0,1762395859007,1600,1599,1600,1599,1602,1601,1600,1635,15.789472579956055,0,4.761904716491699,0,0,0,0,5.263157844543457,214429.85913085938,233054.10864257813,76923.0726928711,0.3406982421875,33572028416,0,866340864,0
0,1762395859008,1600,1599,1600,1599,1602,1601,1600,1635,15.789472579956055,0,4.761904716491699,0,0,0,0,5.263157844543457,214429.86010742188,233054.1141357422,76923.07531738281,0.3406982421875,33572028416,0,866340864,0
0,1762395859009,1600,1599,1600,1599,1602,1601,1600,1635,15.789472579956055,0,4.761904716491699,0,0,0,0,5.263157844543457,214429.86114501953,233054.11975097656,76923.07775878906,0.3406982421875,33572028416,0,866340864,0
1,1762395859010,1600,1599,1600,1599,1602,1601,1600,1635,15.789472579956055,0,4.761904716491699,0,0,0,0,5.263157844543457,214429.86212158203,233054.1251220703,76923.0805053711,0.3406982421875,33572028416,0,866340864,0
0,1762395859011,1600,1599,1600,1599,1602,1601,1600,1635,15.789472579956055,0,4.761904716491699,0,0,0,0,5.263157844543457,214429.86309814453,233054.13049316406,76923.08312988281,0.3406982421875,33572028416,0,866340864,0
0,1762395859013,1600,1599,1600,1599,1602,1601,1600,1635,15.789472579956055,0,4.761904716491699,0,0,0,0,5.263157844543457,214429.8641357422,233054.13592529297,76923.0853881836,0.3406982421875,33572028416,0,866340864,0
0,1762395859014,1600,1599,1600,1599,1602,1601,1600,1635,15.789472579956055,0,4.761904716491699,0,0,0,0,5.263157844543457,214429.8651123047,233054.14135742188,76923.08795166016,0.3406982421875,33572028416,0,866340864,0
0,1762395859015,1600,1599,1600,1599,1602,1601,1600,1635,15.789472579956055,0,4.761904716491699,0,0,0,0,5.263157844543457,214429.86614990234,233054.14709472656,76923.0908203125,0.3406982421875,33572028416,0,866304000,0
1,1762395859016,1600,1599,1600,1599,1602,1601,1600,1635,15.789472579956055,0,4.761904716491699,0,0,0,0,5.263157844543457,214429.86712646484,233054.1527709961,76923.09356689453,0.3406982421875,33572028416,0,866304000,0
1,1762395859017,1600,1599,1600,1599,1602,1601,1600,1635,15.789472579956055,0,4.761904716491699,0,0,0,0,5.263157844543457,214429.8681640625,233054.15844726563,76923.09576416016,0.3406982421875,33572028416,0,866304000,0
1,1762395859018,1600,1599,1600,1599,1602,1601,1600,1635,15.789472579956055,0,4.761904716491699,0,0,0,0,5.263157844543457,214429.86907958984,233054.16345214844,76923.09777832031,0.3406982421875,33572028416,0,866304000,0
1,1762395859019,1600,1599,1600,1599,1602,1601,1600,1635,15.789472579956055,0,4.761904716491699,0,0,0,0,5.263157844543457,214429.8701171875,233054.16857910156,76923.09954833984,0.3406982421875,33572028416,0,866304000,0
0,1762395859020,1600,1599,1600,1599,1602,1601,1600,1635,15.789472579956055,0,4.761904716491699,0,0,0,0,5.263157844543457,214429.87213134766,233054.17791748047,76923.10125732422,0.3406982421875,33572028416,0,866304000,0
0,1762395859021,1600,1599,1600,1599,1602,1601,1600,1635,15.789472579956055,0,4.761904716491699,0,0,0,0,5.263157844543457,214429.87310791016,233054.18334960938,76923.10412597656,0.3406982421875,33572028416,0,866304000,0
0,1762395859022,1600,1599,1600,1599,1602,1601,1600,1635,15.789472579956055,0,4.761904716491699,0,0,0,0,5.263157844543457,214429.8741455078,233054.1890258789,76923.10632324219,0.3406982421875,33572028416,0,866304000,0
0,1762395859023,1600,1599,1600,1599,1602,1601,1600,1635,15.789472579956055,0,4.761904716491699,0,0,0,0,5.263157844543457,214429.87506103516,233054.1942138672,76923.10919189453,0.3406982421875,33572028416,0,866304000,0
0,1762395859024,1600,1599,1600,1599,1602,1601,1600,1635,15.789472579956055,0,4.761904716491699,0,0,0,0,5.263157844543457,214429.8760986328,233054.1997680664,76923.11181640625,0.3406982421875,33572028416,0,866304000,0
0,1762395859025,1600,1599,1600,1599,1602,1601,1600,1635,15.789472579956055,0,4.761904716491699,0,0,0,0,5.263157844543457,214429.87713623047,233054.20538330078,76923.11395263672,0.3406982421875,33572028416,0,866304000,0
0,1762395859027,1600,1599,1600,1599,1602,1601,1600,1635,15.789472579956055,0,4.761904716491699,0,0,0,0,5.263157844543457,214429.87811279297,233054.21087646484,76923.11651611328,0.3406982421875,33572028416,0,866304000,0
0,1762395859028,1600,1599,1600,1599,1602,1601,1600,1635,15.789472579956055,0,4.761904716491699,0,0,0,0,5.263157844543457,214429.87915039063,233054.21643066406,76923.119140625,0.3406982421875,33572028416,0,866304000,0
0,1762395859029,1600,1599,1600,1599,1602,1601,1600,1635,15.789472579956055,0,4.761904716491699,0,0,0,0,5.263157844543457,214429.88012695313,233054.22198486328,76923.12200927734,0.3406982421875,33572028416,0,866304000,0
1,1762395859030,1600,1599,1600,1599,1602,1601,1600,1635,15.789472579956055,0,4.761904716491699,0,0,0,0,5.263157844543457,214429.88116455078,233054.22790527344,76923.12463378906,0.3406982421875,33572028416,0,866304000,0
1,1762395859031,1600,1599,1600,1599,1602,1601,1600,1635,15.789472579956055,0,4.761904716491699,0,0,0,0,5.263157844543457,214429.88214111328,233054.23358154297,76923.12719726563,0.3406982421875,33572028416,0,866304000,0
1,1762395859032,1600,1599,1600,1599,1602,1601,1600,1635,15.789472579956055,0,4.761904716491699,0,0,0,0,5.263157844543457,214429.88311767578,233054.23889160156,76923.12927246094,0.3406982421875,33572028416,0,866304000,0
0,1762395859033,1600,1599,1600,1599,1602,1601,1600,1635,15.789472579956055,0,4.761904716491699,0,0,0,0,5.263157844543457,214429.88415527344,233054.24383544922,76923.13104248047,0.3406982421875,33572028416,0,866304000,0
1,1762395859034,1600,1599,1600,1599,1602,1601,1600,1635,15.789472579956055,0,4.761904716491699,0,0,0,0,5.263157844543457,214429.88513183594,233054.24871826172,76923.13293457031,0.3406982421875,33572028416,0,866304000,0
0,1762395859035,1600,1599,1600,1599,1602,1601,1600,1635,15.789472579956055,0,4.761904716491699,0,0,0,0,5.263157844543457,214429.88708496094,233054.25805664063,76923.134765625,0.3406982421875,33572028416,0,866304000,0
0,1762395859036,1600,1599,1600,1599,1602,1601,1600,1635,15.789472579956055,0,4.761904716491699,0,0,0,0,5.263157844543457,214429.88818359375,233054.263671875,76923.1371459961,0.3406982421875,33572028416,0,866304000,0
0,1762395859037,1600,1599,1600,1599,1602,1601,1600,1635,15.789472579956055,0,4.761904716491699,0,0,0,0,5.263157844543457,214429.8890991211,233054.26873779297,76923.13995361328,0.3406982421875,33572028416,0,866304000,0
0,1762395859038,1600,1599,1600,1599,1602,1601,1600,1635,15.789472579956055,0,4.761904716491699,0,0,0,0,5.263157844543457,214429.89013671875,233054.27404785156,76923.1420288086,0.3406982421875,33572028416,0,866304000,0
0,1762395859039,1600,1599,1600,1599,1602,1601,1600,1635,15.789472579956055,0,4.761904716491699,0,0,0,0,5.263157844543457,214429.8911743164,233054.27954101563,76923.14422607422,0.3406982421875,33572028416,0,866304000,0
0,1762395859041,1600,1599,1600,1599,1602,1601,1600,1635,15.789472579956055,0,4.761904716491699,0,0,0,0,5.263157844543457,214429.89208984375,233054.28485107422,76923.14672851563,0.3406982421875,33572028416,0,866304000,0
0,1762395859042,1600,1599,1600,1599,1602,1601,1600,1635,15.789472579956055,0,4.761904716491699,0,0,0,0,5.263157844543457,214429.8931274414,233054.28985595703,76923.14849853516,0.3406982421875,33572028416,0,866304000,0
0,1762395859043,1600,1599,1600,1599,1602,1601,1600,1635,15.789472579956055,0,4.761904716491699,0,0,0,0,5.263157844543457,214429.8941040039,233054.29425048828,76923.1499633789,0.3406982421875,33572028416,0,866304000,0
1,1762395859044,1600,1599,1600,1599,1602,1601,1600,1635,15.789472579956055,0,4.761904716491699,0,0,0,0,5.263157844543457,214429.8950805664,233054.2989501953,76923.15148925781,0.3406982421875,33572028416,0,866304000,0
1,1762395859045,1600,1599,1600,1599,1602,1601,1600,1635,15.789472579956055,0,4.761904716491699,0,0,0,0,5.263157844543457,214429.8960571289,233054.30346679688,76923.1528930664,0.3406982421875,33572028416,0,866304000,0
1,1762395859046,1600,1599,1600,1599,1602,1601,1600,1635,15.789472579956055,0,4.761904716491699,0,0,0,0,5.263157844543457,214429.89709472656,233054.3080444336,76923.15423583984,0.3406982421875,33572028416,0,866304000,0
1,1762395859047,1600,1599,1600,1599,1602,1601,1600,1635,15.789472579956055,0,4.761904716491699,0,0,0,0,5.263157844543457,214429.89813232422,233054.3125,76923.15557861328,0.3406982421875,33572028416,0,866304000,0
1,1762395859048,1600,1599,1600,1599,1602,1601,1600,1635,15.789472579956055,0,4.761904716491699,0,0,0,0,5.263157844543457,214429.89904785156,233054.31689453125,76923.15704345703,0.3406982421875,33572028416,0,866304000,0
1,1762395859049,1600,1599,1600,1599,1602,1601,1600,1635,15.789472579956055,0,4.761904716491699,0,0,0,0,5.263157844543457,214429.90008544922,233054.32147216797,76923.1586303711,0.3406982421875,33572028416,0,866304000,0
1,1762395859050,1600,1599,1600,1599,1602,1601,1600,1635,15.789472579956055,0,4.761904716491699,0,0,0,0,5.263157844543457,214429.90203857422,233054.3306274414,76923.16040039063,0.3406982421875,33572028416,0,866304000,0
0,1762395859051,1600,1599,1600,1599,1602,1601,1600,1635,15.789472579956055,0,4.761904716491699,0,0,0,0,5.263157844543457,214429.90301513672,233054.33489990234,76923.162109375,0.3406982421875,33572028416,0,866304000,0
0,1762395859053,1600,1599,1600,1599,1602,1601,1600,1635,15.789472579956055,0,4.761904716491699,0,0,0,0,5.263157844543457,214429.90405273438,233054.3394165039,76923.1635131836,0.3406982421875,33572028416,0,866304000,0
0,1762395859054,1600,1599,1600,1599,1602,1601,1600,1635,15.789472579956055,0,4.761904716491699,0,0,0,0,5.263157844543457,214429.90496826172,233054.34381103516,76923.16467285156,0.3406982421875,33572028416,0,866304000,0
1,1762395859055,1600,1599,1600,1599,1602,1601,1600,1635,15.789472579956055,0,4.761904716491699,0,0,0,0,5.263157844543457,214429.90600585938,233054.34832763672,76923.16607666016,0.3406982421875,33572028416,0,866304000,0
1,1762395859056,1600,1599,1600,1599,1602,1601,1600,1635,15.789472579956055,0,4.761904716491699,0,0,0,0,5.263157844543457,214429.90698242188,233054.35284423828,76923.16748046875,0.3406982421875,33572028416,0,866304000,0
1,1762395859057,1600,1599,1600,1599,1602,1601,1600,1635,15.789472579956055,0,4.761904716491699,0,0,0,0,5.263157844543457,214429.90795898438,233054.3572998047,76923.16882324219,0.3406982421875,33572028416,0,866304000,0
1,1762395859058,1600,1599,1600,1599,1602,1601,1600,1635,15.789472579956055,0,4.761904716491699,0,0,0,0,5.263157844543457,214429.90899658203,233054.36181640625,76923.1703491211,0.3406982421875,33572028416,0,866304000,0
1,1762395859059,1600,1599,1600,1599,1602,1601,1600,1635,15.789472579956055,0,4.761904716491699,0,0,0,0,5.263157844543457,214429.90997314453,233054.3663330078,76923.17181396484,0.3406982421875,33572028416,0,866304000,0
1,1762395859060,1600,1599,1600,1599,1602,1601,1600,1635,15.789472579956055,0,4.761904716491699,0,0,0,0,5.263157844543457,214429.91094970703,233054.37072753906,76923.17315673828,0.3406982421875,33572028416,0,866304000,0
1,1762395859061,1600,1599,1600,1599,1602,1601,1600,1635,15.789472579956055,0,4.761904716491699,0,0,0,0,5.263157844543457,214429.9129638672,233054.37951660156,76923.17474365234,0.3406982421875,33572028416,0,866304000,0
0,1762395859062,1600,1599,1600,1599,1602,1601,1600,1635,15.789472579956055,0,4.761904716491699,0,0,0,0,5.263157844543457,214429.9139404297,233054.3839111328,76923.1762084961,0.3406982421875,33572028416,0,866304000,0
0,1762395859064,1600,1599,1600,1599,1602,1601,1600,1635,15.789472579956055,0,4.761904716491699,0,0,0,0,5.263157844543457,214429.9149169922,233054.3881225586,76923.17767333984,0.3406982421875,33572028416,0,866304000,0
0,1762395859065,1600,1599,1600,1599,1602,1601,1600,1635,15.789472579956055,0,4.761904716491699,0,0,0,0,5.263157844543457,214429.9158935547,233054.39288330078,76923.17919921875,0.3406982421875,33572028416,0,866304000,0
1,1762395859066,1600,1599,1600,1599,1602,1601,1600,1635,15.789472579956055,0,4.761904716491699,0,0,0,0,5.263157844543457,214429.9168701172,233054.3973388672,76923.18060302734,0.3406982421875,33572028416,0,866304000,0
1,1762395859067,1600,1599,1600,1599,1602,1601,1600,1635,15.789472579956055,0,4.761904716491699,0,0,0,0,5.263157844543457,214429.91790771484,233054.4017944336,76923.18182373047,0.3406982421875,33572028416,0,866304000,0
1,1762395859068,1600,1599,1600,1599,1602,1601,1600,1635,15.789472579956055,0,4.761904716491699,0,0,0,0,5.263157844543457,214429.91888427734,233054.40625,76923.18322753906,0.3406982421875,33572028416,0,866304000,0
1,1762395859069,1600,1599,1600,1599,1602,1601,1600,1635,15.789472579956055,0,4.761904716491699,0,0,0,0,5.263157844543457,214429.91986083984,233054.41064453125,76923.18450927734,0.3406982421875,33572028416,0,866304000,0
1,1762395859070,1600,1599,1600,1599,1602,1601,1600,1635,15.789472579956055,0,4.761904716491699,0,0,0,0,5.263157844543457,214429.92083740234,233054.4150390625,76923.1859741211,0.3406982421875,33572028416,0,866304000,0
1,1762395859071,1600,1599,1600,1599,1602,1601,1600,1635,15.789472579956055,0,4.761904716491699,0,0,0,0,5.263157844543457,214429.921875,233054.41955566406,76923.18737792969,0.3406982421875,33572028416,0,866304000,0
1,1762395859072,1600,1599,1600,1599,1602,1601,1600,1635,15.789472579956055,0,4.761904716491699,0,0,0,0,5.263157844543457,214429.923828125,233054.4282836914,76923.1889038086,0.3406982421875,33572028416,0,866304000,0
0,1762395859073,1600,1599,1600,1599,1602,1601,1600,1635,15.789472579956055,0,4.761904716491699,0,0,0,0,5.263157844543457,214429.9248046875,233054.43231201172,76923.19012451172,0.3406982421875,33572028416,0,866304000,0
0,1762395859075,1600,1599,1600,1599,1602,1601,1600,1635,15.789472579956055,0,4.761904716491699,0,0,0,0,5.263157844543457,214429.92578125,233054.43676757813,76923.19152832031,0.3406982421875,33572028416,0,866304000,0
0,1762395859076,1600,1599,1600,1599,1602,1601,1600,1635,15.789472579956055,0,4.761904716491699,0,0,0,0,5.263157844543457,214429.9267578125,233054.44110107422,76923.19274902344,0.3406982421875,33572028416,0,866304000,0
1,1762395859077,1600,1599,1600,1599,1602,1601,1600,1635,15.789472579956055,0,4.761904716491699,0,0,0,0,5.263157844543457,214429.92779541016,233054.44549560547,76923.1939086914,0.3406982421875,33572028416,0,866304000,0
1,1762395859078,1600,1599,1600,1599,1602,1601,1600,1635,15.789472579956055,0,4.761904716491699,0,0,0,0,5.263157844543457,214429.92877197266,233054.44995117188,76923.19525146484,0.3406982421875,33572028416,0,866304000,0
1,1762395859079,1600,1599,1600,1599,1602,1601,1600,1635,15.789472579956055,0,4.761904716491699,0,0,0,0,5.263157844543457,214429.9298095703,233054.45434570313,76923.19653320313,0.3406982421875,33572028416,0,866304000,0
1,1762395859080,1600,1599,1600,1599,1602,1601,1600,1635,15.789472579956055,0,4.761904716491699,0,0,0,0,5.263157844543457,214429.9307861328,233054.45880126953,76923.19805908203,0.3406982421875,33572028416,0,866304000,0
1,1762395859081,1600,1599,1600,1599,1602,1601,1600,1635,15.789472579956055,0,4.761904716491699,0,0,0,0,5.263157844543457,214429.9317626953,233054.46337890625,76923.19952392578,0.3406982421875,33572028416,0,866304000,0
1,1762395859082,1600,1599,1600,1599,1602,1601,1600,1635,15.789472579956055,0,4.761904716491699,0,0,0,0,5.263157844543457,214429.9327392578,233054.46771240234,76923.20098876953,0.3406982421875,33572028416,0,866304000,0
1,1762395859083,1600,1599,1600,1599,1602,1601,1600,1635,15.789472579956055,0,4.761904716491699,0,0,0,0,5.263157844543457,214429.93475341797,233054.4764404297,76923.20239257813,0.3406982421875,33572028416,0,866304000,0
0,1762395859084,1600,1599,1600,1599,1602,1601,1600,1635,15.789472579956055,0,4.761904716491699,0,0,0,0,5.263157844543457,214429.93572998047,233054.48083496094,76923.20397949219,0.3406982421875,33572028416,0,866304000,0
0,1762395859086,1600,1599,1600,1599,1602,1601,1600,1635,15.789472579956055,0,4.761904716491699,0,0,0,0,5.263157844543457,214429.93670654297,233054.48529052734,76923.20526123047,0.3406982421875,33572028416,0,866304000,0
0,1762395859087,1600,1599,1600,1599,1602,1601,1600,1635,15.789472579956055,0,4.761904716491699,0,0,0,0,5.263157844543457,214429.93768310547,233054.48950195313,76923.2066040039,0.3406982421875,33572028416,0,866304000,0
1,1762395859088,1600,1599,1600,1599,1602,1601,1600,1635,15.789472579956055,0,4.761904716491699,0,0,0,0,5.263157844543457,214429.93865966797,233054.494140625,76923.20812988281,0.3406982421875,33572028416,0,866304000,0
1,1762395859089,1600,1599,1600,1599,1602,1601,1600,1635,15.789472579956055,0,4.761904716491699,0,0,0,0,5.263157844543457,214429.93969726563,233054.49871826172,76923.2094116211,0.3406982421875,33572028416,0,866304000,0
1,1762395859090,1600,1599,1600,1599,1602,1601,1600,1635,15.789472579956055,0,4.761904716491699,0,0,0,0,5.263157844543457,214429.94067382813,233054.5030517578,76923.21057128906,0.3406982421875,33572028416,0,866304000,0
1,1762395859091,1600,1599,1600,1599,1602,1601,1600,1635,15.789472579956055,0,4.761904716491699,0,0,0,0,5.263157844543457,214429.94171142578,233054.50744628906,76923.2119140625,0.3406982421875,33572028416,0,866304000,0
1,1762395859092,1600,1599,1600,1599,1602,1601,1600,1635,15.789472579956055,0,4.761904716491699,0,0,0,0,5.263157844543457,214429.94262695313,233054.51171875,76923.2134399414,0.3406982421875,33572028416,0,866304000,0
1,1762395859093,1600,1599,1600,1599,1602,1601,1600,1635,15.789472579956055,0,4.761904716491699,0,0,0,0,5.263157844543457,214429.94366455078,233054.51629638672,76923.21484375,0.3406982421875,33572028416,0,866304000,0
1,1762395859094,1600,1599,1600,1599,1602,1601,1600,1635,15.789472579956055,0,4.761904716491699,0,0,0,0,5.263157844543457,214429.94561767578,233054.52471923828,76923.2162475586,0.3406982421875,33572028416,0,866304000,0
0,1762395859095,1600,1599,1600,1599,1602,1601,1600,1635,15.789472579956055,0,4.761904716491699,0,0,0,0,5.263157844543457,214429.94659423828,233054.52899169922,76923.21752929688,0.3406982421875,33572028416,0,866304000,0
0,1762395859097,1600,1599,1600,1599,1602,1601,1600,1635,15.789472579956055,0,4.761904716491699,0,0,0,0,5.263157844543457,214429.94757080078,233054.53338623047,76923.21881103516,0.3406982421875,33572028416,0,866304000,0
0,1762395859098,1600,1599,1600,1599,1602,1601,1600,1635,15.789472579956055,0,4.761904716491699,0,0,0,0,5.263157844543457,214429.94860839844,233054.53784179688,76923.22009277344,0.3406982421875,33572028416,0,866304000,0
1,1762395859099,1600,1599,1600,1599,1602,1601,1600,1635,15.789472579956055,0,4.761904716491699,0,0,0,0,5.263157844543457,214429.94958496094,233054.54217529297,76923.2212524414,0.3406982421875,33572028416,0,866304000,0
1,1762395859100,1600,1599,1600,1599,1602,1601,1600,1635,15.789472579956055,0,4.761904716491699,0,0,0,0,5.263157844543457,214429.95056152344,233054.54656982422,76923.22265625,0.3406982421875,33572028416,0,866304000,0
1,1762395859101,1600,1599,1600,1599,1602,1601,1600,1635,15.789472579956055,0,4.761904716491699,0,0,0,0,5.263157844543457,214429.95153808594,233054.5509033203,76923.22393798828,0.3406982421875,33572028416,0,866304000,0
1,1762395859102,1600,1599,1600,1599,1602,1601,1600,1635,15.789472579956055,0,4.761904716491699,0,0,0,0,5.263157844543457,214429.95251464844,233054.55541992188,76923.22576904297,0.3406982421875,33572028416,0,866304000,0
1,1762395859103,1600,1599,1600,1599,1602,1601,1600,1635,15.789472579956055,0,4.761904716491699,0,0,0,0,5.263157844543457,214429.9535522461,233054.56030273438,76923.2271118164,0.3406982421875,33572028416,0,866304000,0
1,1762395859104,1600,1599,1600,1599,1602,1601,1600,1635,15.789472579956055,0,4.761904716491699,0,0,0,0,5.263157844543457,214429.9545288086,233054.56469726563,76923.228515625,0.3406982421875,33572028416,0,866304000,0
1,1762395859105,1600,1599,1600,1599,1602,1601,1600,1635,15.789472579956055,0,4.761904716491699,0,0,0,0,5.263157844543457,214429.95654296875,233054.5732421875,76923.22998046875,0.3406982421875,33572028416,0,866304000,0
0,1762395859106,1600,1599,1600,1599,1602,1601,1600,1635,15.789472579956055,0,4.761904716491699,0,0,0,0,5.263157844543457,214429.9574584961,233054.57745361328,76923.23150634766,0.3406982421875,33572028416,0,866304000,0
0,1762395859108,1600,1599,1600,1599,1602,1601,1600,1635,15.789472579956055,0,4.761904716491699,0,0,0,0,5.263157844543457,214429.95849609375,233054.58203125,76923.23291015625,0.3406982421875,33572028416,0,866304000,0
0,1762395859109,1600,1599,1600,1599,1602,1601,1600,1635,15.789472579956055,0,4.761904716491699,0,0,0,0,5.263157844543457,214429.95947265625,233054.58660888672,76923.23425292969,0.3406982421875,33572028416,0,866304000,0
1,1762395859110,1600,1599,1600,1599,1602,1601,1600,1635,15.789472579956055,0,4.761904716491699,0,0,0,0,5.263157844543457,214429.96044921875,233054.59100341797,76923.23565673828,0.3406982421875,33572028416,0,866304000,0
1,1762395859111,1600,1599,1600,1599,1602,1601,1600,1635,15.789472579956055,0,4.761904716491699,0,0,0,0,5.263157844543457,214429.96142578125,233054.59545898438,76923.23699951172,0.3406982421875,33572028416,0,866304000,0
1,1762395859112,1600,1599,1600,1599,1602,1601,1600,1635,15.789472579956055,0,4.761904716491699,0,0,0,0,5.263157844543457,214429.9624633789,233054.5997314453,76923.23809814453,0.3406982421875,33572028416,0,866304000,0
1,1762395859113,1600,1599,1600,1599,1602,1601,1600,1635,15.789472579956055,0,4.761904716491699,0,0,0,0,5.263157844543457,214429.9634399414,233054.60418701172,76923.23956298828,0.3406982421875,33572028416,0,866304000,0
1,1762395859114,1600,1599,1600,1599,1602,1601,1600,1635,15.789472579956055,0,4.761904716491699,0,0,0,0,5.263157844543457,214429.9644165039,233054.60870361328,76923.24114990234,0.3406982421875,33572028416,0,866304000,0
1,1762395859115,1600,1599,1600,1599,1602,1601,1600,1635,15.789472579956055,0,4.761904716491699,0,0,0,0,5.263157844543457,214429.96545410156,233054.6134033203,76923.24249267578,0.3406982421875,33572028416,0,866304000,0
1,1762395859116,1600,1599,1600,1599,1602,1601,1600,1635,15.789472579956055,0,4.761904716491699,0,0,0,0,5.263157844543457,214429.96740722656,233054.62182617188,76923.24389648438,0.3406982421875,33572028416,0,866304000,0
0,1762395859117,1600,1599,1600,1599,1602,1601,1600,1635,15.789472579956055,0,4.761904716491699,0,0,0,0,5.263157844543457,214429.96838378906,233054.62603759766,76923.2451171875,0.3406982421875,33572028416,0,866304000,0
0,1762395859119,1600,1599,1600,1599,1602,1601,1600,1635,15.789472579956055,0,4.761904716491699,0,0,0,0,5.263157844543457,214429.96942138672,233054.6304321289,76923.24627685547,0.3406982421875,33572028416,0,866304000,0
0,1762395859120,1600,1599,1600,1599,1602,1601,1600,1635,15.789472579956055,0,4.761904716491699,0,0,0,0,5.263157844543457,214429.97033691406,233054.63470458984,76923.24755859375,0.3406982421875,33572028416,0,866304000,0
1,1762395859121,1600,1599,1600,1599,1602,1601,1600,1635,15.789472579956055,0,4.761904716491699,0,0,0,0,5.263157844543457,214429.97137451172,233054.63903808594,76923.24871826172,0.3406982421875,33572028416,0,866304000,0
1,1762395859122,1600,1599,1600,1599,1602,1601,1600,1635,15.789472579956055,0,4.761904716491699,0,0,0,0,5.263157844543457,214429.97235107422,233054.64337158203,76923.25006103516,0.3406982421875,33572028416,0,866304000,0
1,1762395859123,1600,1599,1600,1599,1602,1601,1600,1635,15.789472579956055,0,4.761904716491699,0,0,0,0,5.263157844543457,214429.97332763672,233054.64776611328,76923.25158691406,0.3406982421875,33572028416,0,866304000,0
1,1762395859124,1600,1599,1600,1599,1602,1601,1600,1635,15.789472579956055,0,4.761904716491699,0,0,0,0,5.263157844543457,214429.97436523438,233054.6522216797,76923.25274658203,0.3406982421875,33572028416,0,866304000,0
1,1762395859125,1600,1599,1600,1599,1602,1601,1600,1635,15.789472579956055,0,4.761904716491699,0,0,0,0,5.263157844543457,214429.97534179688,233054.65661621094,76923.25427246094,0.3406982421875,33572028416,0,866304000,0
1,1762395859126,1600,1599,1600,1599,1602,1601,1600,1635,15.789472579956055,0,4.761904716491699,0,0,0,0,5.263157844543457,214429.97631835938,233054.66119384766,76923.25567626953,0.3406982421875,33572028416,0,866304000,0
0,1762395859127,1600,1599,1600,1599,1602,1601,1600,1635,15.789472579956055,0,4.761904716491699,0,0,0,0,5.263157844543457,214429.97827148438,233054.66961669922,76923.25708007813,0.3406982421875,33572028416,0,866304000,0
0,1762395859128,1600,1599,1600,1599,1602,1601,1600,1635,15.789472579956055,0,4.761904716491699,0,0,0,0,5.263157844543457,214429.97924804688,233054.67407226563,76923.25866699219,0.3406982421875,33572028416,0,866304000,0
0,1762395859130,1600,1599,1600,1599,1602,1601,1600,1635,15.789472579956055,0,4.761904716491699,0,0,0,0,5.263157844543457,214429.98028564453,233054.67852783203,76923.26000976563,0.3406982421875,33572028416,0,866304000,0
0,1762395859131,1600,1599,1600,1599,1602,1601,1600,1635,15.789472579956055,0,4.761904716491699,0,0,0,0,5.263157844543457,214429.98126220703,233054.6830444336,76923.2612915039,0.3406982421875,33572028416,0,866304000,0
1,1762395859132,1600,1599,1600,1599,1602,1601,1600,1635,15.789472579956055,0,4.761904716491699,0,0,0,0,5.263157844543457,214429.98223876953,233054.68743896484,76923.26263427734,0.3406982421875,33572028416,0,866304000,0
1,1762395859133,1600,1599,1600,1599,1602,1601,1600,1635,15.789472579956055,0,4.761904716491699,0,0,0,0,5.263157844543457,214429.9832763672,233054.69189453125,76923.26391601563,0.3406982421875,33572028416,0,866304000,0
1,1762395859134,1600,1599,1600,1599,1602,1601,1600,1635,15.789472579956055,0,4.761904716491699,0,0,0,0,5.263157844543457,214429.9842529297,233054.69622802734,76923.26513671875,0.3406982421875,33572028416,0,866304000,0
1,1762395859135,1600,1599,1600,1599,1602,1601,1600,1635,15.789472579956055,0,4.761904716491699,0,0,0,0,5.263157844543457,214429.9852294922,233054.70056152344,76923.26647949219,0.3406982421875,33572028416,0,866304000,0
1,1762395859136,1600,1599,1600,1599,1602,1601,1600,1635,15.789472579956055,0,4.761904716491699,0,0,0,0,5.263157844543457,214429.98626708984,233054.7052001953,76923.2681274414,0.3406982421875,33572028416,0,866304000,0
1,1762395859137,1600,1599,1600,1599,1602,1601,1600,1635,15.789472579956055,0,4.761904716491699,0,0,0,0,5.263157844543457,214429.98724365234,233054.70965576172,76923.26940917969,0.3406982421875,33572028416,0,866304000,0
1,1762395859138,1600,1599,1600,1599,1602,1601,1600,1635,15.789472579956055,0,4.761904716491699,0,0,0,0,5.263157844543457,214429.98919677734,233054.71807861328,76923.27081298828,0.3406982421875,33572028416,0,866304000,0
0,1762395859139,1600,1599,1600,1599,1602,1601,1600,1635,15.789472579956055,0,4.761904716491699,0,0,0,0,5.263157844543457,214429.99017333984,233054.72229003906,76923.27197265625,0.3406982421875,33572028416,0,866304000,0
0,1762395859141,1600,1599,1600,1599,1602,1601,1600,1635,15.789472579956055,0,4.761904716491699,0,0,0,0,5.263157844543457,214429.99114990234,233054.72662353516,76923.27325439453,0.3406982421875,33572028416,0,866304000,0
0,1762395859142,1600,1599,1600,1599,1602,1601,1600,1635,15.789472579956055,0,4.761904716491699,0,0,0,0,5.263157844543457,214429.9921875,233054.7310180664,76923.27453613281,0.3406982421875,33572028416,0,866304000,0
1,1762395859143,1600,1599,1600,1599,1602,1601,1600,1635,15.789472579956055,0,4.761904716491699,0,0,0,0,5.263157844543457,214429.9931640625,233054.7352294922,76923.27575683594,0.3406982421875,33572028416,0,866304000,0
1,1762395859144,1600,1599,1600,1599,1602,1601,1600,1635,15.789472579956055,0,4.761904716491699,0,0,0,0,5.263157844543457,214429.994140625,233054.7398071289,76923.27722167969,0.3406982421875,33572028416,0,866304000,0
1,1762395859145,1600,1599,1600,1599,1602,1601,1600,1635,15.789472579956055,0,4.761904716491699,0,0,0,0,5.263157844543457,214429.99517822266,233054.74420166016,76923.27862548828,0.3406982421875,33572028416,0,866304000,0
1,1762395859146,1600,1599,1600,1599,1602,1601,1600,1635,15.789472579956055,0,4.761904716491699,0,0,0,0,5.263157844543457,214429.99615478516,233054.74865722656,76923.2798461914,0.3406982421875,33572028416,0,866304000,0
1,1762395859147,1600,1599,1600,1599,1602,1601,1600,1635,15.789472579956055,0,4.761904716491699,0,0,0,0,5.263157844543457,214429.99713134766,233054.75317382813,76923.28137207031,0.3406982421875,33572028416,0,866304000,0
1,1762395859148,1600,1599,1600,1599,1602,1601,1600,1635,15.789472579956055,0,4.761904716491699,0,0,0,0,5.263157844543457,214429.99810791016,233054.75750732422,76923.28271484375,0.3406982421875,33572028416,0,866304000,0
1,1762395859149,1600,1599,1600,1599,1602,1601,1600,1635,15.789472579956055,0,4.761904716491699,0,0,0,0,5.263157844543457,214430.0001220703,233054.7661743164,76923.28399658203,0.3406982421875,33572028416,0,866304000,0
0,1762395859150,1600,1599,1600,1599,1602,1601,1600,1635,15.789472579956055,0,4.761904716491699,0,0,0,0,5.263157844543457,214430.0010986328,233054.77026367188,76923.28552246094,0.3406982421875,33572028416,0,866304000,0
0,1762395859152,1600,1599,1600,1599,1602,1601,1600,1635,15.789472579956055,0,4.761904716491699,0,0,0,0,5.263157844543457,214430.0020751953,233054.77478027344,76923.28692626953,0.3406982421875,33572028416,0,866304000,0
0,1762395859153,1600,1599,1600,1599,1602,1601,1600,1635,15.789472579956055,0,4.761904716491699,0,0,0,0,5.263157844543457,214430.0030517578,233054.779296875,76923.28814697266,0.3406982421875,33572028416,0,866304000,0
1,1762395859154,1600,1599,1600,1599,1602,1601,1600,1635,15.789472579956055,0,4.761904716491699,0,0,0,0,5.263157844543457,214430.0040283203,233054.78350830078,76923.28936767578,0.3406982421875,33572028416,0,866304000,0
1,1762395859155,1600,1599,1600,1599,1602,1601,1600,1635,15.789472579956055,0,4.761904716491699,0,0,0,0,5.263157844543457,214430.00506591797,233054.7880859375,76923.29071044922,0.3406982421875,33572028416,0,866304000,0
1,1762395859156,1600,1599,1600,1599,1602,1601,1600,1635,15.789472579956055,0,4.761904716491699,0,0,0,0,5.263157844543457,214430.00604248047,233054.79248046875,76923.29205322266,0.3406982421875,33572028416,0,866304000,0
1,1762395859157,1600,1599,1600,1599,1602,1601,1600,1635,15.789472579956055,0,4.761904716491699,0,0,0,0,5.263157844543457,214430.00701904297,233054.79693603516,76923.2935180664,0.3406982421875,33572028416,0,866304000,0
1,1762395859158,1600,1599,1600,1599,1602,1601,1600,1635,15.789472579956055,0,4.761904716491699,0,0,0,0,5.263157844543457,214430.00805664063,233054.80145263672,76923.29498291016,0.3406982421875,33572028416,0,866304000,0
1,1762395859159,1600,1599,1600,1599,1602,1601,1600,1635,15.789472579956055,0,4.761904716491699,0,0,0,0,5.263157844543457,214430.00897216797,233054.80584716797,76923.29650878906,0.3406982421875,33572028416,0,866304000,0
1,1762395859160,1600,1599,1600,1599,1602,1601,1600,1635,15.789472579956055,0,4.761904716491699,0,0,0,0,5.263157844543457,214430.01098632813,233054.81439208984,76923.29779052734,0.3406982421875,33572028416,0,866304000,0
0,1762395859161,1600,1599,1600,1599,1602,1601,1600,1635,15.789472579956055,0,4.761904716491699,0,0,0,0,5.263157844543457,214430.01196289063,233054.81854248047,76923.29895019531,0.3406982421875,33572028416,0,866304000,0
0,1762395859163,1600,1599,1600,1599,1602,1601,1600,1635,15.789472579956055,0,4.761904716491699,0,0,0,0,5.263157844543457,214430.01293945313,233054.82287597656,76923.30017089844,0.3406982421875,33572028416,0,866304000,0
0,1762395859164,1600,1599,1600,1599,1602,1601,1600,1635,15.789472579956055,0,4.761904716491699,0,0,0,0,5.263157844543457,214430.01397705078,233054.8272705078,76923.30145263672,0.3406982421875,33572028416,0,866304000,0
1,1762395859165,1600,1599,1600,1599,1602,1601,1600,1635,15.789472579956055,0,4.761904716491699,0,0,0,0,5.263157844543457,214430.01495361328,233054.8314819336,76923.30285644531,0.3406982421875,33572028416,0,866304000,0
1,1762395859166,1600,1599,1600,1599,1602,1601,1600,1635,15.789472579956055,0,4.761904716491699,0,0,0,0,5.263157844543457,214430.01593017578,233054.83599853516,76923.30407714844,0.3406982421875,33572028416,0,866304000,0
1,1762395859167,1600,1599,1600,1599,1602,1601,1600,1635,15.789472579956055,0,4.761904716491699,0,0,0,0,5.263157844543457,214430.01690673828,233054.8403930664,76923.30548095703,0.3406982421875,33572028416,0,866304000,0
1,1762395859168,1600,1599,1600,1599,1602,1601,1600,1635,15.789472579956055,0,4.761904716491699,0,0,0,0,5.263157844543457,214430.01794433594,233054.84490966797,76923.30682373047,0.3406982421875,33572028416,0,866304000,0
1,1762395859169,1600,1599,1600,1599,1602,1601,1600,1635,15.789472579956055,0,4.761904716491699,0,0,0,0,5.263157844543457,214430.01892089844,233054.84936523438,76923.30828857422,0.3406982421875,33572028416,0,866304000,0
1,1762395859170,1600,1599,1600,1599,1602,1601,1600,1635,15.789472579956055,0,4.761904716491699,0,0,0,0,5.263157844543457,214430.0199584961,233054.85400390625,76923.3095703125,0.3406982421875,33572028416,0,866304000,0
1,1762395859171,1600,1599,1600,1599,1602,1601,1600,1635,15.789472579956055,0,4.761904716491699,0,0,0,0,5.263157844543457,214430.02185058594,233054.86248779297,76923.31121826172,0.3406982421875,33572028416,0,866304000,0
0,1762395859172,1600,1599,1600,1599,1602,1601,1600,1635,15.789472579956055,0,4.761904716491699,0,0,0,0,5.263157844543457,214430.0228881836,233054.8667602539,76923.31243896484,0.3406982421875,33572028416,0,866304000,0
0,1762395859174,1600,1599,1600,1599,1602,1601,1600,1635,15.789472579956055,0,4.761904716491699,0,0,0,0,5.263157844543457,214430.0238647461,233054.87115478516,76923.31378173828,0.3406982421875,33572028416,0,866304000,0
0,1762395859175,1600,1599,1600,1599,1602,1601,1600,1635,15.789472579956055,0,4.761904716491699,0,0,0,0,5.263157844543457,214430.0248413086,233054.8754272461,76923.31506347656,0.3406982421875,33572028416,0,866304000,0
1,1762395859176,1600,1599,1600,1599,1602,1601,1600,1635,15.789472579956055,0,4.761904716491699,0,0,0,0,5.263157844543457,214430.0258178711,233054.8797607422,76923.31622314453,0.3406982421875,33572028416,0,866304000,0
1,1762395859177,1600,1599,1600,1599,1602,1601,1600,1635,15.789472579956055,0,4.761904716491699,0,0,0,0,5.263157844543457,214430.0267944336,233054.88415527344,76923.31762695313,0.3406982421875,33572028416,0,866304000,0
1,1762395859178,1600,1599,1600,1599,1602,1601,1600,1635,15.789472579956055,0,4.761904716491699,0,0,0,0,5.263157844543457,214430.02783203125,233054.8885498047,76923.3187866211,0.3406982421875,33572028416,0,866304000,0
1,1762395859179,1600,1599,1600,1599,1602,1601,1600,1635,15.789472579956055,0,4.761904716491699,0,0,0,0,5.263157844543457,214430.0288696289,233054.89318847656,76923.32049560547,0.3406982421875,33572028416,0,866304000,0
1,1762395859180,1600,1599,1600,1599,1602,1601,1600,1635,15.789472579956055,0,4.761904716491699,0,0,0,0,5.263157844543457,214430.02978515625,233054.89764404297,76923.32189941406,0.3406982421875,33572028416,0,866304000,0
1,1762395859181,1600,1599,1600,1599,1602,1601,1600,1635,15.789472579956055,0,4.761904716491699,0,0,0,0,5.263157844543457,214430.03076171875,233054.90203857422,76923.3232421875,0.3406982421875,33572028416,0,866304000,0
1,1762395859182,1600,1599,1600,1599,1602,1601,1600,1635,15.789472579956055,0,4.761904716491699,0,0,0,0,5.263157844543457,214430.0327758789,233054.91052246094,76923.32458496094,0.3406982421875,33572028416,0,866304000,0
0,1762395859183,1600,1599,1600,1599,1602,1601,1600,1635,15.789472579956055,0,4.761904716491699,0,0,0,0,5.263157844543457,214430.0337524414,233054.9149169922,76923.32598876953,0.3406982421875,33572028416,0,866304000,0
0,1762395859185,1600,1599,1600,1599,1602,1601,1600,1635,15.789472579956055,0,4.761904716491699,0,0,0,0,5.263157844543457,214430.0347290039,233054.91943359375,76923.32751464844,0.3406982421875,33572028416,0,866304000,0
0,1762395859186,1600,1599,1600,1599,1602,1601,1600,1635,15.789472579956055,0,4.761904716491699,0,0,0,0,5.263157844543457,214430.03576660156,233054.92376708984,76923.32885742188,0.3406982421875,33572028416,0,866304000,0
1,1762395859187,1600,1599,1600,1599,1602,1601,1600,1635,15.789472579956055,0,4.761904716491699,0,0,0,0,5.263157844543457,214430.03674316406,233054.9281616211,76923.33032226563,0.3406982421875,33572028416,0,866304000,0
1,1762395859188,1600,1599,1600,1599,1602,1601,1600,1635,15.789472579956055,0,4.761904716491699,0,0,0,0,5.263157844543457,214430.03771972656,233054.93267822266,76923.33154296875,0.3406982421875,33572028416,0,866304000,0
1,1762395859189,1600,1599,1600,1599,1602,1601,1600,1635,15.789472579956055,0,4.761904716491699,0,0,0,0,5.263157844543457,214430.03869628906,233054.9370727539,76923.33294677734,0.3406982421875,33572028416,0,866304000,0
1,1762395859190,1600,1599,1600,1599,1602,1601,1600,1635,15.789472579956055,0,4.761904716491699,0,0,0,0,5.263157844543457,214430.03973388672,233054.94165039063,76923.33410644531,0.3406982421875,33572028416,0,866304000,0
1,1762395859191,1600,1599,1600,1599,1602,1601,1600,1635,16.666667938232422,0,0,0,0,0,0,13.636363983154297,214430.04071044922,233054.94610595703,76923.3359375,0.3406982421875,33572028416,0,866304000,0
1,1762395859192,1600,1599,1600,1599,1602,1601,1600,1635,16.666667938232422,0,0,0,0,0,0,13.636363983154297,214430.04168701172,233054.95050048828,76923.33721923828,0.3406982421875,33572028416,0,866304000,0
1,1762395859193,1600,1599,1600,1599,1602,1601,1600,1635,16.666667938232422,0,0,0,0,0,0,13.636363983154297,214430.04364013672,233054.95904541016,76923.33862304688,0.3406982421875,33572028416,0,866304000,0
0,1762395859194,1600,1599,1600,1599,1602,1601,1600,1635,16.666667938232422,0,0,0,0,0,0,13.636363983154297,214430.04467773438,233054.9634399414,76923.34008789063,0.3406982421875,33572028416,0,866304000,0
0,1762395859196,1600,1599,1600,1599,1602,1601,1600,1635,16.666667938232422,0,0,0,0,0,0,13.636363983154297,214430.04565429688,233054.9678955078,76923.34143066406,0.3406982421875,33572028416,0,866304000,0
0,1762395859197,1600,1599,1600,1599,1602,1601,1600,1635,16.666667938232422,0,0,0,0,0,0,13.636363983154297,214430.04669189453,233054.97235107422,76923.34265136719,0.3406982421875,33572028416,0,866304000,0
0,1762395859198,1600,1599,1600,1599,1602,1601,1600,1635,16.666667938232422,0,0,0,0,0,0,13.636363983154297,214430.04760742188,233054.9764404297,76923.34387207031,0.3406982421875,33572028416,0,866304000,0
1,1762395859199,1600,1599,1600,1599,1602,1601,1600,1635,16.666667938232422,0,0,0,0,0,0,13.636363983154297,214430.04864501953,233054.98107910156,76923.3452758789,0.3406982421875,33572028416,0,866304000,0
1,1762395859200,1600,1599,1600,1599,1602,1601,1600,1635,16.666667938232422,0,0,0,0,0,0,13.636363983154297,214430.04962158203,233054.98559570313,76923.34674072266,0.3406982421875,33572028416,0,866304000,0
1,1762395859201,1600,1599,1600,1599,1602,1601,1600,1635,16.666667938232422,0,0,0,0,0,0,13.636363983154297,214430.0506591797,233054.99017333984,76923.34826660156,0.3406982421875,33572028416,0,866304000,0
1,1762395859202,1600,1599,1600,1599,1602,1601,1600,1635,16.666667938232422,0,0,0,0,0,0,13.636363983154297,214430.0516357422,233054.99481201172,76923.34967041016,0.3406982421875,33572028416,0,866304000,0
1,1762395859203,1600,1599,1600,1599,1602,1601,1600,1635,16.666667938232422,0,0,0,0,0,0,13.636363983154297,214430.0526123047,233054.99908447266,76923.35107421875,0.3406982421875,33572028416,0,866304000,0
1,1762395859204,1600,1599,1600,1599,1602,1601,1600,1635,16.666667938232422,0,0,0,0,0,0,13.636363983154297,214430.05462646484,233055.00775146484,76923.3525390625,0.3406982421875,33572028416,0,866304000,0
0,1762395859205,1600,1599,1600,1599,1602,1601,1600,1635,16.666667938232422,0,0,0,0,0,0,13.636363983154297,214430.0555419922,233055.01177978516,76923.35388183594,0.3406982421875,33572028416,0,866304000,0
0,1762395859207,1600,1599,1600,1599,1602,1601,1600,1635,16.666667938232422,0,0,0,0,0,0,13.636363983154297,214430.05657958984,233055.0164794922,76923.35528564453,0.3406982421875,33572028416,0,866304000,0
0,1762395859208,1600,1599,1600,1599,1602,1601,1600,1635,16.666667938232422,0,0,0,0,0,0,13.636363983154297,214430.05755615234,233055.02069091797,76923.35650634766,0.3406982421875,33572028416,0,866304000,0
1,1762395859209,1600,1599,1600,1599,1602,1601,1600,1635,16.666667938232422,0,0,0,0,0,0,13.636363983154297,214430.05853271484,233055.02520751953,76923.35791015625,0.3406982421875,33572028416,0,866304000,0
1,1762395859210,1600,1599,1600,1599,1602,1601,1600,1635,16.666667938232422,0,0,0,0,0,0,13.636363983154297,214430.05950927734,233055.02960205078,76923.35925292969,0.3406982421875,33572028416,0,866304000,0
1,1762395859211,1600,1599,1600,1599,1602,1601,1600,1635,16.666667938232422,0,0,0,0,0,0,13.636363983154297,214430.060546875,233055.0340576172,76923.3603515625,0.3406982421875,33572028416,0,866304000,0
1,1762395859212,1600,1599,1600,1599,1602,1601,1600,1635,16.666667938232422,0,0,0,0,0,0,13.636363983154297,214430.0615234375,233055.0385131836,76923.36181640625,0.3406982421875,33572028416,0,866304000,0
1,1762395859213,1600,1599,1600,1599,1602,1601,1600,1635,16.666667938232422,0,0,0,0,0,0,13.636363983154297,214430.0625,233055.04302978516,76923.36322021484,0.3406982421875,33572028416,0,866304000,0
1,1762395859214,1600,1599,1600,1599,1602,1601,1600,1635,16.666667938232422,0,0,0,0,0,0,13.636363983154297,214430.0634765625,233055.04736328125,76923.36456298828,0.3406982421875,33572028416,0,866304000,0
1,1762395859215,1600,1599,1600,1599,1602,1601,1600,1635,16.666667938232422,0,0,0,0,0,0,13.636363983154297,214430.06549072266,233055.05596923828,76923.3662109375,0.3406982421875,33572028416,0,866304000,0
0,1762395859216,1600,1599,1600,1599,1602,1601,1600,1635,16.666667938232422,0,0,0,0,0,0,13.636363983154297,214430.06646728516,233055.0601196289,76923.36737060547,0.3406982421875,33572028416,0,866304000,0
0,1762395859218,1600,1599,1600,1599,1602,1601,1600,1635,16.666667938232422,0,0,0,0,0,0,13.636363983154297,214430.06744384766,233055.064453125,76923.36865234375,0.3406982421875,33572028416,0,866304000,0
0,1762395859219,1600,1599,1600,1599,1602,1601,1600,1635,16.666667938232422,0,0,0,0,0,0,13.636363983154297,214430.0684814453,233055.0689086914,76923.36987304688,0.3406982421875,33572028416,0,866304000,0
0,1762395859220,1600,1599,1600,1599,1602,1601,1600,1635,16.666667938232422,0,0,0,0,0,0,13.636363983154297,214430.06939697266,233055.0731201172,76923.37103271484,0.3406982421875,33572028416,0,866304000,0
1,1762395859221,1600,1599,1600,1599,1602,1601,1600,1635,16.666667938232422,0,0,0,0,0,0,13.636363983154297,214430.0704345703,233055.07763671875,76923.37243652344,0.3406982421875,33572028416,0,866304000,0
1,1762395859222,1600,1599,1600,1599,1602,1601,1600,1635,16.666667938232422,0,0,0,0,0,0,13.636363983154297,214430.0714111328,233055.08209228516,76923.37396240234,0.3406982421875,33572028416,0,866304000,0
1,1762395859223,1600,1599,1600,1599,1602,1601,1600,1635,16.666667938232422,0,0,0,0,0,0,13.636363983154297,214430.07244873047,233055.08673095703,76923.37567138672,0.3406982421875,33572028416,0,866304000,0
1,1762395859224,1600,1599,1600,1599,1602,1601,1600,1635,16.666667938232422,0,0,0,0,0,0,13.636363983154297,214430.07342529297,233055.09155273438,76923.37701416016,0.3406982421875,33572028416,0,866304000,0
1,1762395859225,1600,1599,1600,1599,1602,1601,1600,1635,16.666667938232422,0,0,0,0,0,0,13.636363983154297,214430.07440185547,233055.09576416016,76923.37841796875,0.3406982421875,33572028416,0,866304000,0
1,1762395859226,1600,1599,1600,1599,1602,1601,1600,1635,16.666667938232422,0,0,0,0,0,0,13.636363983154297,214430.07635498047,233055.10455322266,76923.37994384766,0.3406982421875,33572028416,0,866304000,0
0,1762395859227,1600,1599,1600,1599,1602,1601,1600,1635,16.666667938232422,0,0,0,0,0,0,13.636363983154297,214430.07739257813,233055.1088256836,76923.38134765625,0.3406982421875,33572028416,0,866304000,0
0,1762395859229,1600,1599,1600,1599,1602,1601,1600,1635,16.666667938232422,0,0,0,0,0,0,13.636363983154297,214430.07830810547,233055.11297607422,76923.38256835938,0.3406982421875,33572028416,0,866304000,0
0,1762395859230,1600,1599,1600,1599,1602,1601,1600,1635,16.666667938232422,0,0,0,0,0,0,13.636363983154297,214430.07934570313,233055.11743164063,76923.38385009766,0.3406982421875,33572028416,0,866304000,0
1,1762395859231,1600,1599,1600,1599,1602,1601,1600,1635,16.666667938232422,0,0,0,0,0,0,13.636363983154297,214430.08032226563,233055.12213134766,76923.3853149414,0.3406982421875,33572028416,0,866304000,0
1,1762395859232,1600,1599,1600,1599,1602,1601,1600,1635,16.666667938232422,0,0,0,0,0,0,13.636363983154297,214430.08135986328,233055.12658691406,76923.38665771484,0.3406982421875,33572028416,0,866304000,0
1,1762395859233,1600,1599,1600,1599,1602,1601,1600,1635,16.666667938232422,0,0,0,0,0,0,13.636363983154297,214430.08233642578,233055.1309814453,76923.38781738281,0.3406982421875,33572028416,0,866304000,0
1,1762395859234,1600,1599,1600,1599,1602,1601,1600,1635,16.666667938232422,0,0,0,0,0,0,13.636363983154297,214430.08331298828,233055.13537597656,76923.38928222656,0.3406982421875,33572028416,0,866304000,0
1,1762395859235,1600,1599,1600,1599,1602,1601,1600,1635,16.666667938232422,0,0,0,0,0,0,13.636363983154297,214430.08428955078,233055.13989257813,76923.39074707031,0.3406982421875,33572028416,0,866304000,0
1,1762395859236,1600,1599,1600,1599,1602,1601,1600,1635,16.666667938232422,0,0,0,0,0,0,13.636363983154297,214430.08526611328,233055.14422607422,76923.3921508789,0.3406982421875,33572028416,0,866304000,0
1,1762395859237,1600,1599,1600,1599,1602,1601,1600,1635,16.666667938232422,0,0,0,0,0,0,13.636363983154297,214430.08728027344,233055.1528930664,76923.39343261719,0.3406982421875,33572028416,0,866304000,0
0,1762395859238,1600,1599,1600,1599,1602,1601,1600,1635,16.666667938232422,0,0,0,0,0,0,13.636363983154297,214430.08825683594,233055.15704345703,76923.39465332031,0.3406982421875,33572028416,0,866304000,0
0,1762395859240,1600,1599,1600,1599,1602,1601,1600,1635,16.666667938232422,0,0,0,0,0,0,13.636363983154297,214430.08923339844,233055.16137695313,76923.3960571289,0.3406982421875,33572028416,0,866304000,0
0,1762395859241,1600,1599,1600,1599,1602,1601,1600,1635,16.666667938232422,0,0,0,0,0,0,13.636363983154297,214430.09020996094,233055.16571044922,76923.39721679688,0.3406982421875,33572028416,0,866304000,0
0,1762395859242,1600,1599,1600,1599,1602,1601,1600,1635,16.666667938232422,0,0,0,0,0,0,13.636363983154297,214430.0912475586,233055.17010498047,76923.39849853516,0.3406982421875,33572028416,0,866304000,0
1,1762395859243,1600,1599,1600,1599,1602,1601,1600,1635,16.666667938232422,0,0,0,0,0,0,13.636363983154297,214430.0922241211,233055.17456054688,76923.40002441406,0.3406982421875,33572028416,0,866304000,0
1,1762395859244,1600,1599,1600,1599,1602,1601,1600,1635,16.666667938232422,0,0,0,0,0,0,13.636363983154297,214430.0932006836,233055.17901611328,76923.40148925781,0.3406982421875,33572028416,0,866304000,0
1,1762395859245,1600,1599,1600,1599,1602,1601,1600,1635,16.666667938232422,0,0,0,0,0,0,13.636363983154297,214430.0941772461,233055.1837158203,76923.40319824219,0.3406982421875,33572028416,0,866304000,0
1,1762395859246,1600,1599,1600,1599,1602,1601,1600,1635,16.666667938232422,0,0,0,0,0,0,13.636363983154297,214430.09521484375,233055.18829345703,76923.40466308594,0.3406982421875,33572028416,0,866304000,0
1,1762395859247,1600,1599,1600,1599,1602,1601,1600,1635,16.666667938232422,0,0,0,0,0,0,13.636363983154297,214430.09619140625,233055.1928100586,76923.40600585938,0.3406982421875,33572028416,0,866304000,0
1,1762395859248,1600,1599,1600,1599,1602,1601,1600,1635,16.666667938232422,0,0,0,0,0,0,13.636363983154297,214430.09814453125,233055.20123291016,76923.40740966797,0.3406982421875,33572028416,0,866304000,0
0,1762395859249,1600,1599,1600,1599,1602,1601,1600,1635,16.666667938232422,0,0,0,0,0,0,13.636363983154297,214430.09912109375,233055.2055053711,76923.40881347656,0.3406982421875,33572028416,0,866304000,0
0,1762395859251,1600,1599,1600,1599,1602,1601,1600,1635,16.666667938232422,0,0,0,0,0,0,13.636363983154297,214430.10009765625,233055.2099609375,76923.41021728516,0.3406982421875,33572028416,0,866304000,0
0,1762395859252,1600,1599,1600,1599,1602,1601,1600,1635,16.666667938232422,0,0,0,0,0,0,13.636363983154297,214430.1011352539,233055.21447753906,76923.41137695313,0.3406982421875,33572028416,0,866304000,0
1,1762395859253,1600,1599,1600,1599,1602,1601,1600,1635,16.666667938232422,0,0,0,0,0,0,13.636363983154297,214430.1021118164,233055.21868896484,76923.4126586914,0.3406982421875,33572028416,0,866304000,0
1,1762395859254,1600,1599,1600,1599,1602,1601,1600,1635,16.666667938232422,0,0,0,0,0,0,13.636363983154297,214430.10314941406,233055.22326660156,76923.41400146484,0.3406982421875,33572028416,0,866304000,0
1,1762395859255,1600,1599,1600,1599,1602,1601,1600,1635,16.666667938232422,0,0,0,0,0,0,13.636363983154297,214430.10412597656,233055.22833251953,76923.41589355469,0.3406982421875,33572028416,0,866304000,0
1,1762395859256,1600,1599,1600,1599,1602,1601,1600,1635,16.666667938232422,0,0,0,0,0,0,13.636363983154297,214430.10516357422,233055.23291015625,76923.4174194336,0.3406982421875,33572028416,0,866304000,0
1,1762395859257,1600,1599,1600,1599,1602,1601,1600,1635,16.666667938232422,0,0,0,0,0,0,13.636363983154297,214430.10614013672,233055.23724365234,76923.41888427734,0.3406982421875,33572028416,0,866304000,0
1,1762395859258,1600,1599,1600,1599,1602,1601,1600,1635,16.666667938232422,0,0,0,0,0,0,13.636363983154297,214430.10711669922,233055.24188232422,76923.4203491211,0.3406982421875,33572028416,0,866304000,0
1,1762395859259,1600,1599,1600,1599,1602,1601,1600,1635,16.666667938232422,0,0,0,0,0,0,13.636363983154297,214430.10913085938,233055.25036621094,76923.42175292969,0.3406982421875,33572028416,0,866304000,0
0,1762395859260,1600,1599,1600,1599,1602,1601,1600,1635,16.666667938232422,0,0,0,0,0,0,13.636363983154297,214430.11010742188,233055.25469970703,76923.42303466797,0.3406982421875,33572028416,0,866304000,0
0,1762395859262,1600,1599,1600,1599,1602,1601,1600,1635,16.666667938232422,0,0,0,0,0,0,13.636363983154297,214430.11108398438,233055.25915527344,76923.42431640625,0.3406982421875,33572028416,0,866304000,0
0,1762395859263,1600,1599,1600,1599,1602,1601,1600,1635,16.666667938232422,0,0,0,0,0,0,13.636363983154297,214430.11206054688,233055.26336669922,76923.42553710938,0.3406982421875,33572028416,0,866304000,0
0,1762395859264,1600,1599,1600,1599,1602,1601,1600,1635,16.666667938232422,0,0,0,0,0,0,13.636363983154297,214430.11309814453,233055.26782226563,76923.42681884766,0.3406982421875,33572028416,0,866304000,0
1,1762395859265,1600,1599,1600,1599,1602,1601,1600,1635,16.666667938232422,0,0,0,0,0,0,13.636363983154297,214430.11407470703,233055.27221679688,76923.42852783203,0.3406982421875,33572028416,0,866304000,0
1,1762395859266,1600,1599,1600,1599,1602,1601,1600,1635,16.666667938232422,0,0,0,0,0,0,13.636363983154297,214430.11505126953,233055.2767944336,76923.43005371094,0.3406982421875,33572028416,0,866304000,0
1,1762395859267,1600,1599,1600,1599,1602,1601,1600,1635,16.666667938232422,0,0,0,0,0,0,13.636363983154297,214430.11602783203,233055.2813720703,76923.43127441406,0.3406982421875,33572028416,0,866304000,0
1,1762395859268,1600,1599,1600,1599,1602,1601,1600,1635,16.666667938232422,0,0,0,0,0,0,13.636363983154297,214430.11700439453,233055.28588867188,76923.43280029297,0.3406982421875,33572028416,0,866304000,0
1,1762395859269,1600,1599,1600,1599,1602,1601,1600,1635,16.666667938232422,0,0,0,0,0,0,13.636363983154297,214430.1180419922,233055.29052734375,76923.4341430664,0.3406982421875,33572028416,0,866304000,0
1,1762395859270,1600,1599,1600,1599,1602,1601,1600,1635,16.666667938232422,0,0,0,0,0,0,13.636363983154297,214430.1199951172,233055.29931640625,76923.43591308594,0.3406982421875,33572028416,0,866304000,0
0,1762395859271,1600,1599,1600,1599,1602,1601,1600,1635,16.666667938232422,0,0,0,0,0,0,13.636363983154297,214430.12103271484,233055.30352783203,76923.43725585938,0.3406982421875,33572028416,0,866304000,0
0,1762395859273,1600,1599,1600,1599,1602,1601,1600,1635,16.666667938232422,0,0,0,0,0,0,13.636363983154297,214430.12200927734,233055.30798339844,76923.43865966797,0.3406982421875,33572028416,0,866304000,0
0,1762395859274,1600,1599,1600,1599,1602,1601,1600,1635,16.666667938232422,0,0,0,0,0,0,13.636363983154297,214430.12298583984,233055.31231689453,76923.43981933594,0.3406982421875,33572028416,0,866304000,0
1,1762395859275,1600,1599,1600,1599,1602,1601,1600,1635,16.666667938232422,0,0,0,0,0,0,13.636363983154297,214430.1240234375,233055.31677246094,76923.44110107422,0.3406982421875,33572028416,0,866304000,0
1,1762395859276,1600,1599,1600,1599,1602,1601,1600,1635,16.666667938232422,0,0,0,0,0,0,13.636363983154297,214430.125,233055.32122802734,76923.44244384766,0.3406982421875,33572028416,0,866304000,0
1,1762395859277,1600,1599,1600,1599,1602,1601,1600,1635,16.666667938232422,0,0,0,0,0,0,13.636363983154297,214430.1259765625,233055.32556152344,76923.44372558594,0.3406982421875,33572028416,0,866304000,0
1,1762395859278,1600,1599,1600,1599,1602,1601,1600,1635,16.666667938232422,0,0,0,0,0,0,13.636363983154297,214430.126953125,233055.3299560547,76923.44543457031,0.3406982421875,33572028416,0,866304000,0
1,1762395859279,1600,1599,1600,1599,1602,1601,1600,1635,16.666667938232422,0,0,0,0,0,0,13.636363983154297,214430.1279296875,233055.33465576172,76923.44702148438,0.3406982421875,33572028416,0,866304000,0
1,1762395859280,1600,1599,1600,1599,1602,1601,1600,1635,16.666667938232422,0,0,0,0,0,0,13.636363983154297,214430.12890625,233055.3392944336,76923.44830322266,0.3406982421875,33572028416,0,866304000,0
1,1762395859281,1600,1599,1600,1599,1602,1601,1600,1635,16.666667938232422,0,0,0,0,0,0,13.636363983154297,214430.13092041016,233055.34783935547,76923.44970703125,0.3406982421875,33572028416,0,866304000,0
0,1762395859282,1600,1599,1600,1599,1602,1601,1600,1635,16.666667938232422,0,0,0,0,0,0,13.636363983154297,214430.13189697266,233055.35186767578,76923.4507446289,0.3406982421875,33572028416,0,866304000,0
0,1762395859284,1600,1599,1600,1599,1602,1601,1600,1635,16.666667938232422,0,0,0,0,0,0,13.636363983154297,214430.13287353516,233055.35626220703,76923.45202636719,0.3406982421875,33572028416,0,866304000,0
0,1762395859285,1600,1599,1600,1599,1602,1601,1600,1635,16.666667938232422,0,0,0,0,0,0,13.636363983154297,214430.13385009766,233055.36053466797,76923.45330810547,0.3406982421875,33572028416,0,866304000,0
0,1762395859286,1600,1599,1600,1599,1602,1601,1600,1635,16.666667938232422,0,0,0,0,0,0,13.636363983154297,214430.1348876953,233055.36505126953,76923.4546508789,0.3406982421875,33572028416,0,866304000,0
1,1762395859287,1600,1599,1600,1599,1602,1601,1600,1635,16.666667938232422,0,0,0,0,0,0,13.636363983154297,214430.1358642578,233055.36944580078,76923.4560546875,0.3406982421875,33572028416,0,866304000,0
1,1762395859288,1600,1599,1600,1599,1602,1601,1600,1635,16.666667938232422,0,0,0,0,0,0,13.636363983154297,214430.1368408203,233055.37384033203,76923.45739746094,0.3406982421875,33572028416,0,866304000,0
1,1762395859289,1600,1599,1600,1599,1602,1601,1600,1635,16.666667938232422,0,0,0,0,0,0,13.636363983154297,214430.13787841797,233055.37829589844,76923.4585571289,0.3406982421875,33572028416,0,866304000,0
1,1762395859290,1600,1599,1600,1599,1602,1601,1600,1635,16.666667938232422,0,0,0,0,0,0,13.636363983154297,214430.13885498047,233055.3828125,76923.46020507813,0.3406982421875,33572028416,0,866304000,0
1,1762395859291,1600,1599,1600,1599,1602,1601,1600,1635,16.666667938232422,0,0,0,0,0,0,13.636363983154297,214430.13983154297,233055.38720703125,76923.46154785156,0.3406982421875,33572028416,0,866304000,0
1,1762395859292,1600,1599,1600,1599,1602,1601,1600,1635,16.666667938232422,0,0,0,0,0,0,13.636363983154297,214430.14178466797,233055.39581298828,76923.46301269531,0.3406982421875,33572028416,0,866304000,0
0,1762395859293,1600,1599,1600,1599,1602,1601,1600,1635,16.666667938232422,0,0,0,0,0,0,13.636363983154297,214430.14282226563,233055.3999633789,76923.4642944336,0.3406982421875,33572028416,0,866304000,0
0,1762395859295,1600,1599,1600,1599,1602,1601,1600,1635,16.666667938232422,0,0,0,0,0,0,13.636363983154297,214430.14379882813,233055.404296875,76923.46557617188,0.3406982421875,33572028416,0,866304000,0
0,1762395859296,1600,1599,1600,1599,1602,1601,1600,1635,16.666667938232422,0,0,0,0,0,0,13.636363983154297,214430.14477539063,233055.4087524414,76923.46685791016,0.3406982421875,33572028416,0,866304000,0
1,1762395859297,1600,1599,1600,1599,1602,1601,1600,1635,16.666667938232422,0,0,0,0,0,0,13.636363983154297,214430.14575195313,233055.41302490234,76923.46807861328,0.3406982421875,33572028416,0,866304000,0
1,1762395859298,1600,1599,1600,1599,1602,1601,1600,1635,16.666667938232422,0,0,0,0,0,0,13.636363983154297,214430.14678955078,233055.4175415039,76923.46948242188,0.3406982421875,33572028416,0,866304000,0
1,1762395859299,1600,1599,1600,1599,1602,1601,1600,1635,16.666667938232422,0,0,0,0,0,0,13.636363983154297,214430.14776611328,233055.42205810547,76923.47088623047,0.3406982421875,33572028416,0,866304000,0
1,1762395859300,1600,1599,1600,1599,1602,1601,1600,1635,16.666667938232422,0,0,0,0,0,0,13.636363983154297,214430.14874267578,233055.42657470703,76923.47247314453,0.3406982421875,33572028416,0,866304000,0
1,1762395859301,1600,1599,1600,1599,1602,1601,1600,1635,16.666667938232422,0,0,0,0,0,0,13.636363983154297,214430.14971923828,233055.4312133789,76923.47375488281,0.3406982421875,33572028416,0,866304000,0
1,1762395859302,1600,1599,1600,1599,1602,1601,1600,1635,16.666667938232422,0,0,0,0,0,0,13.636363983154297,214430.15075683594,233055.435546875,76923.47509765625,0.3406982421875,33572028416,0,866304000,0
1,1762395859303,1600,1599,1600,1599,1602,1601,1600,1635,16.666667938232422,0,0,0,0,0,0,13.636363983154297,214430.15264892578,233055.44366455078,76923.47637939453,0.3406982421875,33572028416,0,866304000,0
0,1762395859304,1600,1599,1600,1599,1602,1601,1600,1635,16.666667938232422,0,0,0,0,0,0,13.636363983154297,214430.15368652344,233055.44799804688,76923.47766113281,0.3406982421875,33572028416,0,866304000,0
0,1762395859306,1600,1599,1600,1599,1602,1601,1600,1635,16.666667938232422,0,0,0,0,0,0,13.636363983154297,214430.15466308594,233055.45245361328,76923.47888183594,0.3406982421875,33572028416,0,866304000,0
0,1762395859307,1600,1599,1600,1599,1602,1601,1600,1635,16.666667938232422,0,0,0,0,0,0,13.636363983154297,214430.1557006836,233055.4569091797,76923.48040771484,0.3406982421875,33572028416,0,866304000,0
1,1762395859308,1600,1599,1600,1599,1602,1601,1600,1635,16.666667938232422,0,0,0,0,0,0,13.636363983154297,214430.15661621094,233055.46130371094,76923.4818725586,0.3406982421875,33572028416,0,866304000,0
1,1762395859309,1600,1599,1600,1599,1602,1601,1600,1635,16.666667938232422,0,0,0,0,0,0,13.636363983154297,214430.1576538086,233055.46575927734,76923.48321533203,0.3406982421875,33572028416,0,866304000,0
1,1762395859310,1600,1599,1600,1599,1602,1601,1600,1635,16.666667938232422,0,0,0,0,0,0,13.636363983154297,214430.15869140625,233055.47033691406,76923.48443603516,0.3406982421875,33572028416,0,866304000,0
1,1762395859311,1600,1599,1600,1599,1602,1601,1600,1635,16.666667938232422,0,0,0,0,0,0,13.636363983154297,214430.15966796875,233055.47479248047,76923.4859008789,0.3406982421875,33572028416,0,866304000,0
1,1762395859312,1600,1599,1600,1599,1602,1601,1600,1635,16.666667938232422,0,0,0,0,0,0,13.636363983154297,214430.16064453125,233055.47918701172,76923.48736572266,0.3406982421875,33572028416,0,866304000,0
1,1762395859313,1600,1599,1600,1599,1602,1601,1600,1635,16.666667938232422,0,0,0,0,0,0,13.636363983154297,214430.16162109375,233055.48364257813,76923.48876953125,0.3406982421875,33572028416,0,866304000,0
1,1762395859314,1600,1599,1600,1599,1602,1601,1600,1635,16.666667938232422,0,0,0,0,0,0,13.636363983154297,214430.16357421875,233055.4923095703,76923.490234375,0.3406982421875,33572028416,0,866304000,0
0,1762395859315,1600,1599,1600,1599,1602,1601,1600,1635,16.666667938232422,0,0,0,0,0,0,13.636363983154297,214430.1646118164,233055.49639892578,76923.49145507813,0.3406982421875,33572028416,0,866304000,0
0,1762395859317,1600,1599,1600,1599,1602,1601,1600,1635,16.666667938232422,0,0,0,0,0,0,13.636363983154297,214430.1655883789,233055.50073242188,76923.4927368164,0.3406982421875,33572028416,0,866304000,0
0,1762395859318,1600,1599,1600,1599,1602,1601,1600,1635,16.666667938232422,0,0,0,0,0,0,13.636363983154297,214430.1665649414,233055.5050048828,76923.49383544922,0.3406982421875,33572028416,0,866304000,0
1,1762395859319,1600,1599,1600,1599,1602,1601,1600,1635,16.666667938232422,0,0,0,0,0,0,13.636363983154297,214430.1675415039,233055.50939941406,76923.49499511719,0.3406982421875,33572028416,0,866304000,0
1,1762395859320,1600,1599,1600,1599,1602,1601,1600,1635,16.666667938232422,0,0,0,0,0,0,13.636363983154297,214430.1685180664,233055.51373291016,76923.49645996094,0.3406982421875,33572028416,0,866304000,0
1,1762395859321,1600,1599,1600,1599,1602,1601,1600,1635,16.666667938232422,0,0,0,0,0,0,13.636363983154297,214430.16955566406,233055.51837158203,76923.49768066406,0.3406982421875,33572028416,0,866304000,0
1,1762395859322,1600,1599,1600,1599,1602,1601,1600,1635,16.666667938232422,0,0,0,0,0,0,13.636363983154297,214430.17053222656,233055.5228881836,76923.4994506836,0.3406982421875,33572028416,0,866304000,0
1,1762395859323,1600,1599,1600,1599,1602,1601,1600,1635,16.666667938232422,0,0,0,0,0,0,13.636363983154297,214430.17150878906,233055.52758789063,76923.50085449219,0.3406982421875,33572028416,0,866304000,0
1,1762395859324,1600,1599,1600,1599,1602,1601,1600,1635,16.666667938232422,0,0,0,0,0,0,13.636363983154297,214430.17248535156,233055.53186035156,76923.50231933594,0.3406982421875,33572028416,0,866304000,0
1,1762395859325,1600,1599,1600,1599,1602,1601,1600,1635,16.666667938232422,0,0,0,0,0,0,13.636363983154297,214430.17449951172,233055.54040527344,76923.50341796875,0.3406982421875,33572028416,0,866304000,0
0,1762395859326,1600,1599,1600,1599,1602,1601,1600,1635,16.666667938232422,0,0,0,0,0,0,13.636363983154297,214430.17547607422,233055.54461669922,76923.50512695313,0.3406982421875,33572028416,0,866304000,0
0,1762395859328,1600,1599,1600,1599,1602,1601,1600,1635,16.666667938232422,0,0,0,0,0,0,13.636363983154297,214430.17645263672,233055.54919433594,76923.50646972656,0.3406982421875,33572028416,0,866304000,0
0,1762395859329,1600,1599,1600,1599,1602,1601,1600,1635,16.666667938232422,0,0,0,0,0,0,13.636363983154297,214430.17742919922,233055.55346679688,76923.5078125,0.3406982421875,33572028416,0,866304000,0
1,1762395859330,1600,1599,1600,1599,1602,1601,1600,1635,16.666667938232422,0,0,0,0,0,0,13.636363983154297,214430.17846679688,233055.55798339844,76923.5092163086,0.3406982421875,33572028416,0,866304000,0
1,1762395859331,1600,1599,1600,1599,1602,1601,1600,1635,16.666667938232422,0,0,0,0,0,0,13.636363983154297,214430.17944335938,233055.5623779297,76923.51049804688,0.3406982421875,33572028416,0,866304000,0
1,1762395859332,1600,1599,1600,1599,1602,1601,1600,1635,16.666667938232422,0,0,0,0,0,0,13.636363983154297,214430.18048095703,233055.5669555664,76923.51177978516,0.3406982421875,33572028416,0,866304000,0
1,1762395859333,1600,1599,1600,1599,1602,1601,1600,1635,16.666667938232422,0,0,0,0,0,0,13.636363983154297,214430.18145751953,233055.5714111328,76923.5131225586,0.3406982421875,33572028416,0,866304000,0
1,1762395859334,1600,1599,1600,1599,1602,1601,1600,1635,16.666667938232422,0,0,0,0,0,0,13.636363983154297,214430.18243408203,233055.57580566406,76923.51477050781,0.3406982421875,33572028416,0,866304000,0
1,1762395859335,1600,1599,1600,1599,1602,1601,1600,1635,16.666667938232422,0,0,0,0,0,0,13.636363983154297,214430.18341064453,233055.5805053711,76923.51623535156,0.3406982421875,33572028416,0,866304000,0
1,1762395859336,1600,1599,1600,1599,1602,1601,1600,1635,16.666667938232422,0,0,0,0,0,0,13.636363983154297,214430.18536376953,233055.5889892578,76923.517578125,0.3406982421875,33572028416,0,866304000,0
0,1762395859337,1600,1599,1600,1599,1602,1601,1600,1635,16.666667938232422,0,0,0,0,0,0,13.636363983154297,214430.1864013672,233055.59313964844,76923.51861572266,0.3406982421875,33572028416,0,866304000,0
0,1762395859339,1600,1599,1600,1599,1602,1601,1600,1635,16.666667938232422,0,0,0,0,0,0,13.636363983154297,214430.1873779297,233055.59741210938,76923.5199584961,0.3406982421875,33572028416,0,866304000,0
0,1762395859340,1600,1599,1600,1599,1602,1601,1600,1635,16.666667938232422,0,0,0,0,0,0,13.636363983154297,214430.1883544922,233055.60186767578,76923.52124023438,0.3406982421875,33572028416,0,866304000,0
1,1762395859341,1600,1599,1600,1599,1602,1601,1600,1635,16.666667938232422,0,0,0,0,0,0,13.636363983154297,214430.1893310547,233055.60607910156,76923.52233886719,0.3406982421875,33572028416,0,866304000,0
1,1762395859342,1600,1599,1600,1599,1602,1601,1600,1635,16.666667938232422,0,0,0,0,0,0,13.636363983154297,214430.1903076172,233055.61041259766,76923.52374267578,0.3406982421875,33572028416,0,866304000,0
1,1762395859343,1600,1599,1600,1599,1602,1601,1600,1635,16.666667938232422,0,0,0,0,0,0,13.636363983154297,214430.19134521484,233055.61505126953,76923.52526855469,0.3406982421875,33572028416,0,866304000,0
1,1762395859344,1600,1599,1600,1599,1602,1601,1600,1635,16.666667938232422,0,0,0,0,0,0,13.636363983154297,214430.19232177734,233055.61975097656,76923.52709960938,0.3406982421875,33572028416,0,866304000,0
1,1762395859345,1600,1599,1600,1599,1602,1601,1600,1635,16.666667938232422,0,0,0,0,0,0,13.636363983154297,214430.19329833984,233055.62438964844,76923.52838134766,0.3406982421875,33572028416,0,866304000,0
1,1762395859346,1600,1599,1600,1599,1602,1601,1600,1635,16.666667938232422,0,0,0,0,0,0,13.636363983154297,214430.1943359375,233055.6287841797,76923.52966308594,0.3406982421875,33572028416,0,866304000,0
1,1762395859347,1600,1599,1600,1599,1602,1601,1600,1635,16.666667938232422,0,0,0,0,0,0,13.636363983154297,214430.1962890625,233055.63732910156,76923.53125,0.3406982421875,33572028416,0,866304000,0
0,1762395859348,1600,1599,1600,1599,1602,1601,1600,1635,16.666667938232422,0,0,0,0,0,0,13.636363983154297,214430.197265625,233055.6417236328,76923.53283691406,0.3406982421875,33572028416,0,866304000,0
0,1762395859350,1600,1599,1600,1599,1602,1601,1600,1635,16.666667938232422,0,0,0,0,0,0,13.636363983154297,214430.1982421875,233055.64611816406,76923.5341796875,0.3406982421875,33572028416,0,866304000,0
0,1762395859351,1600,1599,1600,1599,1602,1601,1600,1635,16.666667938232422,0,0,0,0,0,0,13.636363983154297,214430.19927978516,233055.6505126953,76923.53533935547,0.3406982421875,33572028416,0,866304000,0
1,1762395859352,1600,1599,1600,1599,1602,1601,1600,1635,16.666667938232422,0,0,0,0,0,0,13.636363983154297,214430.2001953125,233055.65478515625,76923.53649902344,0.3406982421875,33572028416,0,866304000,0
1,1762395859353,1600,1599,1600,1599,1602,1601,1600,1635,16.666667938232422,0,0,0,0,0,0,13.636363983154297,214430.20123291016,233055.65936279297,76923.53790283203,0.3406982421875,33572028416,0,866304000,0
1,1762395859354,1600,1599,1600,1599,1602,1601,1600,1635,16.666667938232422,0,0,0,0,0,0,13.636363983154297,214430.20220947266,233055.66369628906,76923.53912353516,0.3406982421875,33572028416,0,866304000,0
1,1762395859355,1600,1599,1600,1599,1602,1601,1600,1635,16.666667938232422,0,0,0,0,0,0,13.636363983154297,214430.2032470703,233055.6680908203,76923.5404663086,0.3406982421875,33572028416,0,866304000,0
1,1762395859356,1600,1599,1600,1599,1602,1601,1600,1635,16.666667938232422,0,0,0,0,0,0,13.636363983154297,214430.2042236328,233055.67260742188,76923.54205322266,0.3406982421875,33572028416,0,866304000,0
1,1762395859357,1600,1599,1600,1599,1602,1601,1600,1635,16.666667938232422,0,0,0,0,0,0,13.636363983154297,214430.2052001953,233055.67706298828,76923.5433959961,0.3406982421875,33572028416,0,866304000,0
1,1762395859358,1600,1599,1600,1599,1602,1601,1600,1635,16.666667938232422,0,0,0,0,0,0,13.636363983154297,214430.2071533203,233055.6856689453,76923.54479980469,0.3406982421875,33572028416,0,866304000,0
0,1762395859359,1600,1599,1600,1599,1602,1601,1600,1635,16.666667938232422,0,0,0,0,0,0,13.636363983154297,214430.2081298828,233055.68975830078,76923.54595947266,0.3406982421875,33572028416,0,866304000,0
0,1762395859361,1600,1599,1600,1599,1602,1601,1600,1635,16.666667938232422,0,0,0,0,0,0,13.636363983154297,214430.20916748047,233055.69415283203,76923.54724121094,0.3406982421875,33572028416,0,866304000,0
0,1762395859362,1600,1599,1600,1599,1602,1601,1600,1635,16.666667938232422,0,0,0,0,0,0,13.636363983154297,214430.21014404297,233055.69854736328,76923.54852294922,0.3406982421875,33572028416,0,866304000,0
1,1762395859363,1600,1599,1600,1599,1602,1601,1600,1635,16.666667938232422,0,0,0,0,0,0,13.636363983154297,214430.21112060547,233055.70275878906,76923.54974365234,0.3406982421875,33572028416,0,866304000,0
1,1762395859364,1600,1599,1600,1599,1602,1601,1600,1635,16.666667938232422,0,0,0,0,0,0,13.636363983154297,214430.21215820313,233055.70727539063,76923.55114746094,0.3406982421875,33572028416,0,866304000,0
1,1762395859365,1600,1599,1600,1599,1602,1601,1600,1635,16.666667938232422,0,0,0,0,0,0,13.636363983154297,214430.21313476563,233055.7117919922,76923.55279541016,0.3406982421875,33572028416,0,866304000,0
1,1762395859366,1600,1599,1600,1599,1602,1601,1600,1635,16.666667938232422,0,0,0,0,0,0,13.636363983154297,214430.21411132813,233055.71655273438,76923.55462646484,0.3406982421875,33572028416,0,866304000,0
1,1762395859367,1600,1599,1600,1599,1602,1601,1600,1635,16.666667938232422,0,0,0,0,0,0,13.636363983154297,214430.21508789063,233055.72143554688,76923.5560913086,0.3406982421875,33572028416,0,866304000,0
1,1762395859368,1600,1599,1600,1599,1602,1601,1600,1635,16.666667938232422,0,0,0,0,0,0,13.636363983154297,214430.21606445313,233055.72583007813,76923.55749511719,0.3406982421875,33572028416,0,866304000,0
1,1762395859369,1600,1599,1600,1599,1602,1601,1600,1635,16.666667938232422,0,0,0,0,0,0,13.636363983154297,214430.21807861328,233055.7344970703,76923.55895996094,0.3406982421875,33572028416,0,866304000,0
0,1762395859370,1600,1599,1600,1599,1602,1601,1600,1635,16.666667938232422,0,0,0,0,0,0,13.636363983154297,214430.21905517578,233055.7387084961,76923.56018066406,0.3406982421875,33572028416,0,866304000,0
0,1762395859372,1600,1599,1600,1599,1602,1601,1600,1635,16.666667938232422,0,0,0,0,0,0,13.636363983154297,214430.22003173828,233055.74285888672,76923.5615234375,0.3406982421875,33572028416,0,866304000,0
0,1762395859373,1600,1599,1600,1599,1602,1601,1600,1635,16.666667938232422,0,0,0,0,0,0,13.636363983154297,214430.22100830078,233055.74743652344,76923.56274414063,0.3406982421875,33572028416,0,866304000,0
1,1762395859374,1600,1599,1600,1599,1602,1601,1600,1635,16.666667938232422,0,0,0,0,0,0,13.636363983154297,214430.22198486328,233055.75164794922,76923.56408691406,0.3406982421875,33572028416,0,866304000,0
1,1762395859375,1600,1599,1600,1599,1602,1601,1600,1635,16.666667938232422,0,0,0,0,0,0,13.636363983154297,214430.22302246094,233055.75616455078,76923.5654296875,0.3406982421875,33572028416,0,866304000,0
1,1762395859376,1600,1599,1600,1599,1602,1601,1600,1635,16.666667938232422,0,0,0,0,0,0,13.636363983154297,214430.22399902344,233055.76055908203,76923.56665039063,0.3406982421875,33572028416,0,866304000,0
1,1762395859377,1600,1599,1600,1599,1602,1601,1600,1635,16.666667938232422,0,0,0,0,0,0,13.636363983154297,214430.2250366211,233055.7650756836,76923.56817626953,0.3406982421875,33572028416,0,866304000,0
1,1762395859378,1600,1599,1600,1599,1602,1601,1600,1635,16.666667938232422,0,0,0,0,0,0,13.636363983154297,214430.2260131836,233055.76959228516,76923.56958007813,0.3406982421875,33572028416,0,866304000,0
1,1762395859379,1600,1599,1600,1599,1602,1601,1600,1635,16.666667938232422,0,0,0,0,0,0,13.636363983154297,214430.2269897461,233055.7739868164,76923.57092285156,0.3406982421875,33572028416,0,866304000,0
1,1762395859380,1600,1599,1600,1599,1602,1601,1600,1635,16.666667938232422,0,0,0,0,0,0,13.636363983154297,214430.2289428711,233055.78271484375,76923.57244873047,0.3406982421875,33572028416,0,866304000,0
0,1762395859381,1600,1599,1600,1599,1602,1601,1600,1635,16.666667938232422,0,0,0,0,0,0,13.636363983154297,214430.22998046875,233055.78686523438,76923.5736694336,0.3406982421875,33572028416,0,866304000,0
0,1762395859383,1600,1599,1600,1599,1602,1601,1600,1635,16.666667938232422,0,0,0,0,0,0,13.636363983154297,214430.23095703125,233055.79119873047,76923.5747680664,0.3406982421875,33572028416,0,866304000,0
0,1762395859384,1600,1599,1600,1599,1602,1601,1600,1635,16.666667938232422,0,0,0,0,0,0,13.636363983154297,214430.23193359375,233055.7953491211,76923.576171875,0.3406982421875,33572028416,0,866304000,0
1,1762395859385,1600,1599,1600,1599,1602,1601,1600,1635,16.666667938232422,0,0,0,0,0,0,13.636363983154297,214430.23291015625,233055.79974365234,76923.57727050781,0.3406982421875,33572028416,0,866304000,0
1,1762395859386,1600,1599,1600,1599,1602,1601,1600,1635,16.666667938232422,0,0,0,0,0,0,13.636363983154297,214430.23388671875,233055.80395507813,76923.57879638672,0.3406982421875,33572028416,0,866304000,0
1,1762395859387,1600,1599,1600,1599,1602,1601,1600,1635,16.666667938232422,0,0,0,0,0,0,13.636363983154297,214430.2349243164,233055.80877685547,76923.58044433594,0.3406982421875,33572028416,0,866304000,0
1,1762395859388,1600,1599,1600,1599,1602,1601,1600,1635,16.666667938232422,0,0,0,0,0,0,13.636363983154297,214430.2359008789,233055.8135986328,76923.58178710938,0.3406982421875,33572028416,0,866304000,0
1,1762395859389,1600,1599,1600,1599,1602,1601,1600,1635,16.666667938232422,0,0,0,0,0,0,13.636363983154297,214430.2368774414,233055.8179321289,76923.58331298828,0.3406982421875,33572028416,0,866304000,0
1,1762395859390,1600,1599,1600,1599,1602,1601,1600,1635,16.666667938232422,0,0,0,0,0,0,13.636363983154297,214430.2378540039,233055.82232666016,76923.58471679688,0.3406982421875,33572028416,0,866304000,0
1,1762395859391,1600,1599,1600,1599,1602,1601,1600,1635,22.22222328186035,0,4.761904716491699,0,0,0,0,0,214430.2398071289,233055.83099365234,76923.58642578125,0.3406982421875,33572028416,0,866304000,0
0,1762395859392,1600,1599,1600,1599,1602,1601,1600,1635,22.22222328186035,0,4.761904716491699,0,0,0,0,0,214430.24084472656,233055.8355102539,76923.58764648438,0.3406982421875,33572028416,0,866304000,0
0,1762395859394,1600,1599,1600,1599,1602,1601,1600,1635,22.22222328186035,0,4.761904716491699,0,0,0,0,0,214430.24182128906,233055.83984375,76923.58905029297,0.3406982421875,33572028416,0,866304000,0
0,1762395859395,1600,1599,1600,1599,1602,1601,1600,1635,22.22222328186035,0,4.761904716491699,0,0,0,0,0,214430.24285888672,233055.84423828125,76923.5902709961,0.3406982421875,33572028416,0,866304000,0
1,1762395859396,1600,1599,1600,1599,1602,1601,1600,1635,22.22222328186035,0,4.761904716491699,0,0,0,0,0,214430.24383544922,233055.84857177734,76923.59143066406,0.3406982421875,33572028416,0,866304000,0
1,1762395859397,1600,1599,1600,1599,1602,1601,1600,1635,22.22222328186035,0,4.761904716491699,0,0,0,0,0,214430.24481201172,233055.85302734375,76923.5927734375,0.3406982421875,33572028416,0,866304000,0
1,1762395859398,1600,1599,1600,1599,1602,1601,1600,1635,22.22222328186035,0,4.761904716491699,0,0,0,0,0,214430.24578857422,233055.857421875,76923.59411621094,0.3406982421875,33572028416,0,866304000,0
1,1762395859399,1600,1599,1600,1599,1602,1601,1600,1635,22.22222328186035,0,4.761904716491699,0,0,0,0,0,214430.24676513672,233055.8617553711,76923.59582519531,0.3406982421875,33572028416,0,866304000,0
1,1762395859400,1600,1599,1600,1599,1602,1601,1600,1635,22.22222328186035,0,4.761904716491699,0,0,0,0,0,214430.24774169922,233055.86645507813,76923.59716796875,0.3406982421875,33572028416,0,866304000,0
1,1762395859401,1600,1599,1600,1599,1602,1601,1600,1635,22.22222328186035,0,4.761904716491699,0,0,0,0,0,214430.24877929688,233055.87103271484,76923.59851074219,0.3406982421875,33572028416,0,866304000,0
1,1762395859402,1600,1599,1600,1599,1602,1601,1600,1635,22.22222328186035,0,4.761904716491699,0,0,0,0,0,214430.25073242188,233055.87927246094,76923.59985351563,0.3406982421875,33572028416,0,866304000,0
0,1762395859403,1600,1599,1600,1599,1602,1601,1600,1635,22.22222328186035,0,4.761904716491699,0,0,0,0,0,214430.25170898438,233055.88360595703,76923.6011352539,0.3406982421875,33572028416,0,866304000,0
0,1762395859405,1600,1599,1600,1599,1602,1601,1600,1635,22.22222328186035,0,4.761904716491699,0,0,0,0,0,214430.25274658203,233055.88800048828,76923.60235595703,0.3406982421875,33572028416,0,866304000,0
0,1762395859406,1600,1599,1600,1599,1602,1601,1600,1635,22.22222328186035,0,4.761904716491699,0,0,0,0,0,214430.25366210938,233055.89221191406,76923.60375976563,0.3406982421875,33572028416,0,866304000,0
1,1762395859407,1600,1599,1600,1599,1602,1601,1600,1635,22.22222328186035,0,4.761904716491699,0,0,0,0,0,214430.25469970703,233055.89666748047,76923.6050415039,0.3406982421875,33572028416,0,866304000,0
1,1762395859408,1600,1599,1600,1599,1602,1601,1600,1635,22.22222328186035,0,4.761904716491699,0,0,0,0,0,214430.2557373047,233055.90118408203,76923.60638427734,0.3406982421875,33572028416,0,866304000,0
1,1762395859409,1600,1599,1600,1599,1602,1601,1600,1635,22.22222328186035,0,4.761904716491699,0,0,0,0,0,214430.2567138672,233055.90557861328,76923.60760498047,0.3406982421875,33572028416,0,866304000,0
1,1762395859410,1600,1599,1600,1599,1602,1601,1600,1635,22.22222328186035,0,4.761904716491699,0,0,0,0,0,214430.2576904297,233055.90979003906,76923.60900878906,0.3406982421875,33572028416,0,866304000,0
1,1762395859411,1600,1599,1600,1599,1602,1601,1600,1635,22.22222328186035,0,4.761904716491699,0,0,0,0,0,214430.2586669922,233055.91436767578,76923.61041259766,0.3406982421875,33572028416,0,866304000,0
1,1762395859412,1600,1599,1600,1599,1602,1601,1600,1635,22.22222328186035,0,4.761904716491699,0,0,0,0,0,214430.25970458984,233055.9189453125,76923.6117553711,0.3406982421875,33572028416,0,866304000,0
1,1762395859413,1600,1599,1600,1599,1602,1601,1600,1635,22.22222328186035,0,4.761904716491699,0,0,0,0,0,214430.26165771484,233055.9273071289,76923.61322021484,0.3406982421875,33572028416,0,866304000,0
0,1762395859414,1600,1599,1600,1599,1602,1601,1600,1635,22.22222328186035,0,4.761904716491699,0,0,0,0,0,214430.26263427734,233055.93145751953,76923.61444091797,0.3406982421875,33572028416,0,866304000,0
0,1762395859416,1600,1599,1600,1599,1602,1601,1600,1635,22.22222328186035,0,4.761904716491699,0,0,0,0,0,214430.26361083984,233055.93585205078,76923.61572265625,0.3406982421875,33572028416,0,866304000,0
0,1762395859417,1600,1599,1600,1599,1602,1601,1600,1635,22.22222328186035,0,4.761904716491699,0,0,0,0,0,214430.26458740234,233055.94012451172,76923.61700439453,0.3406982421875,33572028416,0,866304000,0
1,1762395859418,1600,1599,1600,1599,1602,1601,1600,1635,22.22222328186035,0,4.761904716491699,0,0,0,0,0,214430.265625,233055.94451904297,76923.61810302734,0.3406982421875,33572028416,0,866304000,0
1,1762395859419,1600,1599,1600,1599,1602,1601,1600,1635,22.22222328186035,0,4.761904716491699,0,0,0,0,0,214430.2666015625,233055.94897460938,76923.61944580078,0.3406982421875,33572028416,0,866304000,0
1,1762395859420,1600,1599,1600,1599,1602,1601,1600,1635,22.22222328186035,0,4.761904716491699,0,0,0,0,0,214430.267578125,233055.95343017578,76923.62091064453,0.3406982421875,33572028416,0,866304000,0
1,1762395859421,1600,1599,1600,1599,1602,1601,1600,1635,22.22222328186035,0,4.761904716491699,0,0,0,0,0,214430.26861572266,233055.9580078125,76923.6224975586,0.3406982421875,33572028416,0,866304000,0
1,1762395859422,1600,1599,1600,1599,1602,1601,1600,1635,22.22222328186035,0,4.761904716491699,0,0,0,0,0,214430.26959228516,233055.96264648438,76923.62384033203,0.3406982421875,33572028416,0,866304000,0
1,1762395859423,1600,1599,1600,1599,1602,1601,1600,1635,22.22222328186035,0,4.761904716491699,0,0,0,0,0,214430.27056884766,233055.9669189453,76923.62530517578,0.3406982421875,33572028416,0,866304000,0
1,1762395859424,1600,1599,1600,1599,1602,1601,1600,1635,22.22222328186035,0,4.761904716491699,0,0,0,0,0,214430.27252197266,233055.9754638672,76923.62664794922,0.3406982421875,33572028416,0,866304000,0
0,1762395859425,1600,1599,1600,1599,1602,1601,1600,1635,22.22222328186035,0,4.761904716491699,0,0,0,0,0,214430.27349853516,233055.97955322266,76923.62780761719,0.3406982421875,33572028416,0,866304000,0
0,1762395859427,1600,1599,1600,1599,1602,1601,1600,1635,22.22222328186035,0,4.761904716491699,0,0,0,0,0,214430.2745361328,233055.98400878906,76923.62908935547,0.3406982421875,33572028416,0,866304000,0
0,1762395859428,1600,1599,1600,1599,1602,1601,1600,1635,22.22222328186035,0,4.761904716491699,0,0,0,0,0,214430.2755126953,233055.9884033203,76923.6304321289,0.3406982421875,33572028416,0,866304000,0
1,1762395859429,1600,1599,1600,1599,1602,1601,1600,1635,22.22222328186035,0,4.761904716491699,0,0,0,0,0,214430.2764892578,233055.9926147461,76923.63189697266,0.3406982421875,33572028416,0,866304000,0
1,1762395859430,1600,1599,1600,1599,1602,1601,1600,1635,22.22222328186035,0,4.761904716491699,0,0,0,0,0,214430.2774658203,233055.99725341797,76923.6333618164,0.3406982421875,33572028416,0,866304000,0
1,1762395859431,1600,1599,1600,1599,1602,1601,1600,1635,22.22222328186035,0,4.761904716491699,0,0,0,0,0,214430.27850341797,233056.00189208984,76923.63482666016,0.3406982421875,33572028416,0,866304000,0
1,1762395859432,1600,1599,1600,1599,1602,1601,1600,1635,22.22222328186035,0,4.761904716491699,0,0,0,0,0,214430.27947998047,233056.0064086914,76923.6361694336,0.3406982421875,33572028416,0,866304000,0
1,1762395859433,1600,1599,1600,1599,1602,1601,1600,1635,22.22222328186035,0,4.761904716491699,0,0,0,0,0,214430.28051757813,233056.01098632813,76923.63763427734,0.3406982421875,33572028416,0,866304000,0
1,1762395859434,1600,1599,1600,1599,1602,1601,1600,1635,22.22222328186035,0,4.761904716491699,0,0,0,0,0,214430.28143310547,233056.01531982422,76923.63897705078,0.3406982421875,33572028416,0,866304000,0
1,1762395859435,1600,1599,1600,1599,1602,1601,1600,1635,22.22222328186035,0,4.761904716491699,0,0,0,0,0,214430.28344726563,233056.02392578125,76923.64050292969,0.3406982421875,33572028416,0,866304000,0
0,1762395859436,1600,1599,1600,1599,1602,1601,1600,1635,22.22222328186035,0,4.761904716491699,0,0,0,0,0,214430.28442382813,233056.0278930664,76923.64178466797,0.3406982421875,33572028416,0,866304000,0
0,1762395859438,1600,1599,1600,1599,1602,1601,1600,1635,22.22222328186035,0,4.761904716491699,0,0,0,0,0,214430.28540039063,233056.03228759766,76923.6431274414,0.3406982421875,33572028416,0,866304000,0
0,1762395859439,1600,1599,1600,1599,1602,1601,1600,1635,22.22222328186035,0,4.761904716491699,0,0,0,0,0,214430.28643798828,233056.03686523438,76923.64428710938,0.3406982421875,33572028416,0,866304000,0
1,1762395859440,1600,1599,1600,1599,1602,1601,1600,1635,22.22222328186035,0,4.761904716491699,0,0,0,0,0,214430.28741455078,233056.0411376953,76923.64556884766,0.3406982421875,33572028416,0,866304000,0
1,1762395859441,1600,1599,1600,1599,1602,1601,1600,1635,22.22222328186035,0,4.761904716491699,0,0,0,0,0,214430.28839111328,233056.04571533203,76923.6470336914,0.3406982421875,33572028416,0,866304000,0
1,1762395859442,1600,1599,1600,1599,1602,1601,1600,1635,22.22222328186035,0,4.761904716491699,0,0,0,0,0,214430.28936767578,233056.0502319336,76923.64862060547,0.3406982421875,33572028416,0,866304000,0
1,1762395859443,1600,1599,1600,1599,1602,1601,1600,1635,22.22222328186035,0,4.761904716491699,0,0,0,0,0,214430.29040527344,233056.05505371094,76923.65026855469,0.3406982421875,33572028416,0,866304000,0
1,1762395859444,1600,1599,1600,1599,1602,1601,1600,1635,22.22222328186035,0,4.761904716491699,0,0,0,0,0,214430.29138183594,233056.0596923828,76923.65161132813,0.3406982421875,33572028416,0,866304000,0
1,1762395859445,1600,1599,1600,1599,1602,1601,1600,1635,22.22222328186035,0,4.761904716491699,0,0,0,0,0,214430.29235839844,233056.0640258789,76923.6528930664,0.3406982421875,33572028416,0,866304000,0
1,1762395859446,1600,1599,1600,1599,1602,1601,1600,1635,22.22222328186035,0,4.761904716491699,0,0,0,0,0,214430.29431152344,233056.072265625,76923.65417480469,0.3406982421875,33572028416,0,866304000,0
0,1762395859447,1600,1599,1600,1599,1602,1601,1600,1635,22.22222328186035,0,4.761904716491699,0,0,0,0,0,214430.2953491211,233056.0765991211,76923.65551757813,0.3406982421875,33572028416,0,866304000,0
0,1762395859449,1600,1599,1600,1599,1602,1601,1600,1635,22.22222328186035,0,4.761904716491699,0,0,0,0,0,214430.2963256836,233056.08087158203,76923.6567993164,0.3406982421875,33572028416,0,866304000,0
0,1762395859450,1600,1599,1600,1599,1602,1601,1600,1635,22.22222328186035,0,4.761904716491699,0,0,0,0,0,214430.2973022461,233056.08502197266,76923.65795898438,0.3406982421875,33572028416,0,866304000,0
1,1762395859451,1600,1599,1600,1599,1602,1601,1600,1635,22.22222328186035,0,4.761904716491699,0,0,0,0,0,214430.2982788086,233056.08959960938,76923.65936279297,0.3406982421875,33572028416,0,866304000,0
1,1762395859452,1600,1599,1600,1599,1602,1601,1600,1635,22.22222328186035,0,4.761904716491699,0,0,0,0,0,214430.2992553711,233056.09405517578,76923.66076660156,0.3406982421875,33572028416,0,866304000,0
1,1762395859453,1600,1599,1600,1599,1602,1601,1600,1635,22.22222328186035,0,4.761904716491699,0,0,0,0,0,214430.3002319336,233056.09832763672,76923.66192626953,0.3406982421875,33572028416,0,866304000,0
1,1762395859454,1600,1599,1600,1599,1602,1601,1600,1635,22.22222328186035,0,4.761904716491699,0,0,0,0,0,214430.30126953125,233056.10290527344,76923.66333007813,0.3406982421875,33572028416,0,866304000,0
1,1762395859455,1600,1599,1600,1599,1602,1601,1600,1635,22.22222328186035,0,4.761904716491699,0,0,0,0,0,214430.3023071289,233056.107421875,76923.66479492188,0.3406982421875,33572028416,0,866304000,0
1,1762395859456,1600,1599,1600,1599,1602,1601,1600,1635,22.22222328186035,0,4.761904716491699,0,0,0,0,0,214430.3032836914,233056.1117553711,76923.66619873047,0.3406982421875,33572028416,0,866304000,0
1,1762395859457,1600,1599,1600,1599,1602,1601,1600,1635,22.22222328186035,0,4.761904716491699,0,0,0,0,0,214430.3052368164,233056.1202392578,76923.6675415039,0.3406982421875,33572028416,0,866304000,0
0,1762395859458,1600,1599,1600,1599,1602,1601,1600,1635,22.22222328186035,0,4.761904716491699,0,0,0,0,0,214430.3062133789,233056.12438964844,76923.66876220703,0.3406982421875,33572028416,0,866304000,0
0,1762395859460,1600,1599,1600,1599,1602,1601,1600,1635,22.22222328186035,0,4.761904716491699,0,0,0,0,0,214430.3071899414,233056.12872314453,76923.66998291016,0.3406982421875,33572028416,0,866304000,0
0,1762395859461,1600,1599,1600,1599,1602,1601,1600,1635,22.22222328186035,0,4.761904716491699,0,0,0,0,0,214430.30822753906,233056.13317871094,76923.67126464844,0.3406982421875,33572028416,0,866304000,0
1,1762395859462,1600,1599,1600,1599,1602,1601,1600,1635,22.22222328186035,0,4.761904716491699,0,0,0,0,0,214430.30920410156,233056.13739013672,76923.67248535156,0.3406982421875,33572028416,0,866304000,0
1,1762395859463,1600,1599,1600,1599,1602,1601,1600,1635,22.22222328186035,0,4.761904716491699,0,0,0,0,0,214430.31018066406,233056.14190673828,76923.67401123047,0.3406982421875,33572028416,0,866304000,0
1,1762395859464,1600,1599,1600,1599,1602,1601,1600,1635,22.22222328186035,0,4.761904716491699,0,0,0,0,0,214430.31115722656,233056.1463623047,76923.67553710938,0.3406982421875,33572028416,0,866304000,0
1,1762395859465,1600,1599,1600,1599,1602,1601,1600,1635,22.22222328186035,0,4.761904716491699,0,0,0,0,0,214430.31213378906,233056.15112304688,76923.6771850586,0.3406982421875,33572028416,0,866304000,0
1,1762395859466,1600,1599,1600,1599,1602,1601,1600,1635,22.22222328186035,0,4.761904716491699,0,0,0,0,0,214430.31311035156,233056.1557006836,76923.67846679688,0.3406982421875,33572028416,0,866304000,0
1,1762395859467,1600,1599,1600,1599,1602,1601,1600,1635,22.22222328186035,0,4.761904716491699,0,0,0,0,0,214430.31414794922,233056.1600341797,76923.67980957031,0.3406982421875,33572028416,0,866304000,0
1,1762395859468,1600,1599,1600,1599,1602,1601,1600,1635,22.22222328186035,0,4.761904716491699,0,0,0,0,0,214430.31610107422,233056.1685180664,76923.68127441406,0.3406982421875,33572028416,0,866304000,0
0,1762395859469,1600,1599,1600,1599,1602,1601,1600,1635,22.22222328186035,0,4.761904716491699,0,0,0,0,0,214430.31707763672,233056.1727294922,76923.68267822266,0.3406982421875,33572028416,0,866304000,0
0,1762395859471,1600,1599,1600,1599,1602,1601,1600,1635,22.22222328186035,0,4.761904716491699,0,0,0,0,0,214430.31811523438,233056.1771850586,76923.68408203125,0.3406982421875,33572028416,0,866304000,0
0,1762395859472,1600,1599,1600,1599,1602,1601,1600,1635,22.22222328186035,0,4.761904716491699,0,0,0,0,0,214430.31909179688,233056.18170166016,76923.68530273438,0.3406982421875,33572028416,0,866304000,0
1,1762395859473,1600,1599,1600,1599,1602,1601,1600,1635,22.22222328186035,0,4.761904716491699,0,0,0,0,0,214430.32006835938,233056.18591308594,76923.68658447266,0.3406982421875,33572028416,0,866304000,0
1,1762395859474,1600,1599,1600,1599,1602,1601,1600,1635,22.22222328186035,0,4.761904716491699,0,0,0,0,0,214430.32110595703,233056.1904296875,76923.68780517578,0.3406982421875,33572028416,0,866304000,0
1,1762395859475,1600,1599,1600,1599,1602,1601,1600,1635,22.22222328186035,0,4.761904716491699,0,0,0,0,0,214430.32208251953,233056.1948852539,76923.68920898438,0.3406982421875,33572028416,0,866304000,0
1,1762395859476,1600,1599,1600,1599,1602,1601,1600,1635,22.22222328186035,0,4.761904716491699,0,0,0,0,0,214430.32305908203,233056.1993408203,76923.69055175781,0.3406982421875,33572028416,0,866304000,0
1,1762395859477,1600,1599,1600,1599,1602,1601,1600,1635,22.22222328186035,0,4.761904716491699,0,0,0,0,0,214430.32403564453,233056.20385742188,76923.69201660156,0.3406982421875,33572028416,0,866304000,0
1,1762395859478,1600,1599,1600,1599,1602,1601,1600,1635,22.22222328186035,0,4.761904716491699,0,0,0,0,0,214430.3250732422,233056.20831298828,76923.69342041016,0.3406982421875,33572028416,0,866304000,0
1,1762395859479,1600,1599,1600,1599,1602,1601,1600,1635,22.22222328186035,0,4.761904716491699,0,0,0,0,0,214430.3270263672,233056.21685791016,76923.69482421875,0.3406982421875,33572028416,0,866304000,0
0,1762395859480,1600,1599,1600,1599,1602,1601,1600,1635,22.22222328186035,0,4.761904716491699,0,0,0,0,0,214430.3280029297,233056.2208251953,76923.69592285156,0.3406982421875,33572028416,0,866304000,0
0,1762395859482,1600,1599,1600,1599,1602,1601,1600,1635,22.22222328186035,0,4.761904716491699,0,0,0,0,0,214430.32904052734,233056.22528076172,76923.69714355469,0.3406982421875,33572028416,0,866304000,0
0,1762395859483,1600,1599,1600,1599,1602,1601,1600,1635,22.22222328186035,0,4.761904716491699,0,0,0,0,0,214430.3299560547,233056.2294921875,76923.69836425781,0.3406982421875,33572028416,0,866304000,0
1,1762395859484,1600,1599,1600,1599,1602,1601,1600,1635,22.22222328186035,0,4.761904716491699,0,0,0,0,0,214430.33099365234,233056.2339477539,76923.6996459961,0.3406982421875,33572028416,0,866304000,0
1,1762395859485,1600,1599,1600,1599,1602,1601,1600,1635,22.22222328186035,0,4.761904716491699,0,0,0,0,0,214430.33197021484,233056.23828125,76923.70098876953,0.3406982421875,33572028416,0,866304000,0
1,1762395859486,1600,1599,1600,1599,1602,1601,1600,1635,22.22222328186035,0,4.761904716491699,0,0,0,0,0,214430.33294677734,233056.2427368164,76923.7026977539,0.3406982421875,33572028416,0,866304000,0
1,1762395859487,1600,1599,1600,1599,1602,1601,1600,1635,22.22222328186035,0,4.761904716491699,0,0,0,0,0,214430.333984375,233056.24755859375,76923.70434570313,0.3406982421875,33572028416,0,866304000,0
1,1762395859488,1600,1599,1600,1599,1602,1601,1600,1635,22.22222328186035,0,4.761904716491699,0,0,0,0,0,214430.3349609375,233056.25231933594,76923.7056274414,0.3406982421875,33572028416,0,866304000,0
1,1762395859489,1600,1599,1600,1599,1602,1601,1600,1635,22.22222328186035,0,4.761904716491699,0,0,0,0,0,214430.3359375,233056.25646972656,76923.70697021484,0.3406982421875,33572028416,0,866304000,0
1,1762395859490,1600,1599,1600,1599,1602,1601,1600,1635,22.22222328186035,0,4.761904716491699,0,0,0,0,0,214430.337890625,233056.26513671875,76923.70849609375,0.3406982421875,33572028416,0,866304000,0
0,1762395859491,1600,1599,1600,1599,1602,1601,1600,1635,22.22222328186035,0,4.761904716491699,0,0,0,0,0,214430.33892822266,233056.26928710938,76923.70983886719,0.3406982421875,33572028416,0,866304000,0
0,1762395859493,1600,1599,1600,1599,1602,1601,1600,1635,22.22222328186035,0,4.761904716491699,0,0,0,0,0,214430.33990478516,233056.27362060547,76923.71112060547,0.3406982421875,33572028416,0,866304000,0
0,1762395859494,1600,1599,1600,1599,1602,1601,1600,1635,22.22222328186035,0,4.761904716491699,0,0,0,0,0,214430.3408203125,233056.2778930664,76923.71228027344,0.3406982421875,33572028416,0,866304000,0
1,1762395859495,1600,1599,1600,1599,1602,1601,1600,1635,22.22222328186035,0,4.761904716491699,0,0,0,0,0,214430.34185791016,233056.28228759766,76923.71350097656,0.3406982421875,33572028416,0,866304000,0
1,1762395859496,1600,1599,1600,1599,1602,1601,1600,1635,22.22222328186035,0,4.761904716491699,0,0,0,0,0,214430.34283447266,233056.2866821289,76923.71484375,0.3406982421875,33572028416,0,866304000,0
1,1762395859497,1600,1599,1600,1599,1602,1601,1600,1635,22.22222328186035,0,4.761904716491699,0,0,0,0,0,214430.34381103516,233056.291015625,76923.71600341797,0.3406982421875,33572028416,0,866304000,0
1,1762395859498,1600,1599,1600,1599,1602,1601,1600,1635,22.22222328186035,0,4.761904716491699,0,0,0,0,0,214430.3448486328,233056.29571533203,76923.71771240234,0.3406982421875,33572028416,0,866304000,0
1,1762395859499,1600,1599,1600,1599,1602,1601,1600,1635,22.22222328186035,0,4.761904716491699,0,0,0,0,0,214430.3458251953,233056.3003540039,76923.71923828125,0.3406982421875,33572028416,0,866304000,0
1,1762395859500,1600,1599,1600,1599,1602,1601,1600,1635,22.22222328186035,0,4.761904716491699,0,0,0,0,0,214430.3468017578,233056.30474853516,76923.72058105469,0.3406982421875,33572028416,0,866304000,0
1,1762395859501,1600,1599,1600,1599,1602,1601,1600,1635,22.22222328186035,0,4.761904716491699,0,0,0,0,0,214430.34881591797,233056.31323242188,76923.72192382813,0.3406982421875,33572028416,0,866304000,0
0,1762395859502,1600,1599,1600,1599,1602,1601,1600,1635,22.22222328186035,0,4.761904716491699,0,0,0,0,0,214430.34979248047,233056.31744384766,76923.7232055664,0.3406982421875,33572028416,0,866304000,0
0,1762395859504,1600,1599,1600,1599,1602,1601,1600,1635,22.22222328186035,0,4.761904716491699,0,0,0,0,0,214430.35076904297,233056.3218383789,76923.72454833984,0.3406982421875,33572028416,0,866304000,0
0,1762395859505,1600,1599,1600,1599,1602,1601,1600,1635,22.22222328186035,0,4.761904716491699,0,0,0,0,0,214430.35174560547,233056.3260498047,76923.72576904297,0.3406982421875,33572028416,0,866304000,0
1,1762395859506,1600,1599,1600,1599,1602,1601,1600,1635,22.22222328186035,0,4.761904716491699,0,0,0,0,0,214430.35278320313,233056.33044433594,76923.7269897461,0.3406982421875,33572028416,0,866304000,0
1,1762395859507,1600,1599,1600,1599,1602,1601,1600,1635,22.22222328186035,0,4.761904716491699,0,0,0,0,0,214430.35375976563,233056.33477783203,76923.72857666016,0.3406982421875,33572028416,0,866304000,0
1,1762395859508,1600,1599,1600,1599,1602,1601,1600,1635,22.22222328186035,0,4.761904716491699,0,0,0,0,0,214430.35479736328,233056.33966064453,76923.73028564453,0.3406982421875,33572028416,0,866304000,0
1,1762395859509,1600,1599,1600,1599,1602,1601,1600,1635,22.22222328186035,0,4.761904716491699,0,0,0,0,0,214430.35571289063,233056.3442993164,76923.7318725586,0.3406982421875,33572028416,0,866304000,0
1,1762395859510,1600,1599,1600,1599,1602,1601,1600,1635,22.22222328186035,0,4.761904716491699,0,0,0,0,0,214430.35668945313,233056.34893798828,76923.73327636719,0.3406982421875,33572028416,0,866304000,0
1,1762395859511,1600,1599,1600,1599,1602,1601,1600,1635,22.22222328186035,0,4.761904716491699,0,0,0,0,0,214430.35772705078,233056.353515625,76923.73474121094,0.3406982421875,33572028416,0,866304000,0
1,1762395859512,1600,1599,1600,1599,1602,1601,1600,1635,22.22222328186035,0,4.761904716491699,0,0,0,0,0,214430.35968017578,233056.36212158203,76923.73626708984,0.3406982421875,33572028416,0,866304000,0
0,1762395859513,1600,1599,1600,1599,1602,1601,1600,1635,22.22222328186035,0,4.761904716491699,0,0,0,0,0,214430.36071777344,233056.3662109375,76923.73736572266,0.3406982421875,33572028416,0,866304000,0
0,1762395859515,1600,1599,1600,1599,1602,1601,1600,1635,22.22222328186035,0,4.761904716491699,0,0,0,0,0,214430.36169433594,233056.37060546875,76923.7387084961,0.3406982421875,33572028416,0,866304000,0
0,1762395859516,1600,1599,1600,1599,1602,1601,1600,1635,22.22222328186035,0,4.761904716491699,0,0,0,0,0,214430.36267089844,233056.3748779297,76923.73999023438,0.3406982421875,33572028416,0,866304000,0
1,1762395859517,1600,1599,1600,1599,1602,1601,1600,1635,22.22222328186035,0,4.761904716491699,0,0,0,0,0,214430.36364746094,233056.3793334961,76923.7412109375,0.3406982421875,33572028416,0,866304000,0
1,1762395859518,1600,1599,1600,1599,1602,1601,1600,1635,22.22222328186035,0,4.761904716491699,0,0,0,0,0,214430.3646850586,233056.38385009766,76923.74267578125,0.3406982421875,33572028416,0,866304000,0
1,1762395859519,1600,1599,1600,1599,1602,1601,1600,1635,22.22222328186035,0,4.761904716491699,0,0,0,0,0,214430.3656616211,233056.38830566406,76923.74395751953,0.3406982421875,33572028416,0,866304000,0
1,1762395859520,1600,1599,1600,1599,1602,1601,1600,1635,22.22222328186035,0,4.761904716491699,0,0,0,0,0,214430.3666381836,233056.39276123047,76923.7455444336,0.3406982421875,33572028416,0,866304000,0
1,1762395859521,1600,1599,1600,1599,1602,1601,1600,1635,22.22222328186035,0,4.761904716491699,0,0,0,0,0,214430.3676147461,233056.3974609375,76923.74700927734,0.3406982421875,33572028416,0,866304000,0
1,1762395859522,1600,1599,1600,1599,1602,1601,1600,1635,22.22222328186035,0,4.761904716491699,0,0,0,0,0,214430.3685913086,233056.40173339844,76923.74835205078,0.3406982421875,33572028416,0,866304000,0
1,1762395859523,1600,1599,1600,1599,1602,1601,1600,1635,22.22222328186035,0,4.761904716491699,0,0,0,0,0,214430.37060546875,233056.41021728516,76923.7494506836,0.3406982421875,33572028416,0,866304000,0
0,1762395859524,1600,1599,1600,1599,1602,1601,1600,1635,22.22222328186035,0,4.761904716491699,0,0,0,0,0,214430.37158203125,233056.4144897461,76923.75079345703,0.3406982421875,33572028416,0,866304000,0
0,1762395859526,1600,1599,1600,1599,1602,1601,1600,1635,22.22222328186035,0,4.761904716491699,0,0,0,0,0,214430.37255859375,233056.41864013672,76923.751953125,0.3406982421875,33572028416,0,866304000,0
0,1762395859527,1600,1599,1600,1599,1602,1601,1600,1635,22.22222328186035,0,4.761904716491699,0,0,0,0,0,214430.37353515625,233056.42303466797,76923.75329589844,0.3406982421875,33572028416,0,866304000,0
1,1762395859528,1600,1599,1600,1599,1602,1601,1600,1635,22.22222328186035,0,4.761904716491699,0,0,0,0,0,214430.3745727539,233056.42755126953,76923.75469970703,0.3406982421875,33572028416,0,866304000,0
1,1762395859529,1600,1599,1600,1599,1602,1601,1600,1635,22.22222328186035,0,4.761904716491699,0,0,0,0,0,214430.3755493164,233056.43194580078,76923.75634765625,0.3406982421875,33572028416,0,866304000,0
1,1762395859530,1600,1599,1600,1599,1602,1601,1600,1635,22.22222328186035,0,4.761904716491699,0,0,0,0,0,214430.3765258789,233056.43646240234,76923.75750732422,0.3406982421875,33572028416,0,866304000,0
1,1762395859531,1600,1599,1600,1599,1602,1601,1600,1635,22.22222328186035,0,4.761904716491699,0,0,0,0,0,214430.3775024414,233056.4408569336,76923.75891113281,0.3406982421875,33572028416,0,866304000,0
1,1762395859532,1600,1599,1600,1599,1602,1601,1600,1635,22.22222328186035,0,4.761904716491699,0,0,0,0,0,214430.3784790039,233056.4454345703,76923.76043701172,0.3406982421875,33572028416,0,866304000,0
1,1762395859533,1600,1599,1600,1599,1602,1601,1600,1635,22.22222328186035,0,4.761904716491699,0,0,0,0,0,214430.37951660156,233056.45001220703,76923.76177978516,0.3406982421875,33572028416,0,866304000,0
1,1762395859534,1600,1599,1600,1599,1602,1601,1600,1635,22.22222328186035,0,4.761904716491699,0,0,0,0,0,214430.38146972656,233056.45837402344,76923.76306152344,0.3406982421875,33572028416,0,866304000,0
0,1762395859535,1600,1599,1600,1599,1602,1601,1600,1635,22.22222328186035,0,4.761904716491699,0,0,0,0,0,214430.38244628906,233056.46258544922,76923.76434326172,0.3406982421875,33572028416,0,866304000,0
0,1762395859537,1600,1599,1600,1599,1602,1601,1600,1635,22.22222328186035,0,4.761904716491699,0,0,0,0,0,214430.38348388672,233056.46697998047,76923.76568603516,0.3406982421875,33572028416,0,866304000,0
0,1762395859538,1600,1599,1600,1599,1602,1601,1600,1635,22.22222328186035,0,4.761904716491699,0,0,0,0,0,214430.38446044922,233056.47143554688,76923.76696777344,0.3406982421875,33572028416,0,866304000,0
1,1762395859539,1600,1599,1600,1599,1602,1601,1600,1635,22.22222328186035,0,4.761904716491699,0,0,0,0,0,214430.38543701172,233056.47564697266,76923.7681274414,0.3406982421875,33572028416,0,866304000,0
1,1762395859540,1600,1599,1600,1599,1602,1601,1600,1635,22.22222328186035,0,4.761904716491699,0,0,0,0,0,214430.38647460938,233056.48022460938,76923.76947021484,0.3406982421875,33572028416,0,866304000,0
1,1762395859541,1600,1599,1600,1599,1602,1601,1600,1635,22.22222328186035,0,4.761904716491699,0,0,0,0,0,214430.38745117188,233056.48468017578,76923.77075195313,0.3406982421875,33572028416,0,866304000,0
0,1762395859542,1600,1599,1600,1599,1602,1601,1600,1635,22.22222328186035,0,4.761904716491699,0,0,0,0,0,214430.38842773438,233056.4893798828,76923.77276611328,0.3406982421875,33572028416,0,866304000,0
1,1762395859543,1600,1599,1600,1599,1602,1601,1600,1635,22.22222328186035,0,4.761904716491699,0,0,0,0,0,214430.38940429688,233056.4940185547,76923.77410888672,0.3406982421875,33572028416,0,866304000,0
1,1762395859544,1600,1599,1600,1599,1602,1601,1600,1635,22.22222328186035,0,4.761904716491699,0,0,0,0,0,214430.39044189453,233056.4985961914,76923.77563476563,0.3406982421875,33572028416,0,866304000,0
1,1762395859545,1600,1599,1600,1599,1602,1601,1600,1635,22.22222328186035,0,4.761904716491699,0,0,0,0,0,214430.39233398438,233056.50665283203,76923.77673339844,0.3406982421875,33572028416,0,866304000,0
0,1762395859546,1600,1599,1600,1599,1602,1601,1600,1635,22.22222328186035,0,4.761904716491699,0,0,0,0,0,214430.39337158203,233056.51098632813,76923.77801513672,0.3406982421875,33572028416,0,866304000,0
0,1762395859548,1600,1599,1600,1599,1602,1601,1600,1635,22.22222328186035,0,4.761904716491699,0,0,0,0,0,214430.39434814453,233056.51538085938,76923.77923583984,0.3406982421875,33572028416,0,866304000,0
0,1762395859549,1600,1599,1600,1599,1602,1601,1600,1635,22.22222328186035,0,4.761904716491699,0,0,0,0,0,214430.3953857422,233056.51971435547,76923.78051757813,0.3406982421875,33572028416,0,866304000,0
1,1762395859550,1600,1599,1600,1599,1602,1601,1600,1635,22.22222328186035,0,4.761904716491699,0,0,0,0,0,214430.3963623047,233056.52416992188,76923.78198242188,0.3406982421875,33572028416,0,866304000,0
1,1762395859551,1600,1599,1600,1599,1602,1601,1600,1635,22.22222328186035,0,4.761904716491699,0,0,0,0,0,214430.3973388672,233056.52856445313,76923.78326416016,0.3406982421875,33572028416,0,866304000,0
1,1762395859552,1600,1599,1600,1599,1602,1601,1600,1635,22.22222328186035,0,4.761904716491699,0,0,0,0,0,214430.39837646484,233056.53295898438,76923.78442382813,0.3406982421875,33572028416,0,866304000,0
1,1762395859553,1600,1599,1600,1599,1602,1601,1600,1635,22.22222328186035,0,4.761904716491699,0,0,0,0,0,214430.39935302734,233056.53741455078,76923.78594970703,0.3406982421875,33572028416,0,866304000,0
1,1762395859554,1600,1599,1600,1599,1602,1601,1600,1635,22.22222328186035,0,4.761904716491699,0,0,0,0,0,214430.4002685547,233056.54180908203,76923.78735351563,0.3406982421875,33572028416,0,866304000,0
1,1762395859555,1600,1599,1600,1599,1602,1601,1600,1635,22.22222328186035,0,4.761904716491699,0,0,0,0,0,214430.40130615234,233056.5464477539,76923.78875732422,0.3406982421875,33572028416,0,866304000,0
1,1762395859556,1600,1599,1600,1599,1602,1601,1600,1635,22.22222328186035,0,4.761904716491699,0,0,0,0,0,214430.40325927734,233056.55493164063,76923.79010009766,0.3406982421875,33572028416,0,866304000,0
0,1762395859557,1600,1599,1600,1599,1602,1601,1600,1635,22.22222328186035,0,4.761904716491699,0,0,0,0,0,214430.404296875,233056.5590209961,76923.79132080078,0.3406982421875,33572028416,0,866304000,0
0,1762395859559,1600,1599,1600,1599,1602,1601,1600,1635,22.22222328186035,0,4.761904716491699,0,0,0,0,0,214430.4052734375,233056.56341552734,76923.79260253906,0.3406982421875,33572028416,0,866304000,0
0,1762395859560,1600,1599,1600,1599,1602,1601,1600,1635,22.22222328186035,0,4.761904716491699,0,0,0,0,0,214430.40625,233056.56768798828,76923.7939453125,0.3406982421875,33572028416,0,866304000,0
1,1762395859561,1600,1599,1600,1599,1602,1601,1600,1635,22.22222328186035,0,4.761904716491699,0,0,0,0,0,214430.4072265625,233056.5721435547,76923.79516601563,0.3406982421875,33572028416,0,866304000,0
1,1762395859562,1600,1599,1600,1599,1602,1601,1600,1635,22.22222328186035,0,4.761904716491699,0,0,0,0,0,214430.40826416016,233056.57653808594,76923.79656982422,0.3406982421875,33572028416,0,866304000,0
1,1762395859563,1600,1599,1600,1599,1602,1601,1600,1635,22.22222328186035,0,4.761904716491699,0,0,0,0,0,214430.40924072266,233056.5810546875,76923.79815673828,0.3406982421875,33572028416,0,866304000,0
1,1762395859564,1600,1599,1600,1599,1602,1601,1600,1635,22.22222328186035,0,4.761904716491699,0,0,0,0,0,214430.41021728516,233056.58575439453,76923.7998046875,0.3406982421875,33572028416,0,866304000,0
1,1762395859565,1600,1599,1600,1599,1602,1601,1600,1635,22.22222328186035,0,4.761904716491699,0,0,0,0,0,214430.41119384766,233056.59051513672,76923.80108642578,0.3406982421875,33572028416,0,866304000,0
1,1762395859566,1600,1599,1600,1599,1602,1601,1600,1635,22.22222328186035,0,4.761904716491699,0,0,0,0,0,214430.41217041016,233056.5947265625,76923.80249023438,0.3406982421875,33572028416,0,866304000,0
1,1762395859567,1600,1599,1600,1599,1602,1601,1600,1635,22.22222328186035,0,4.761904716491699,0,0,0,0,0,214430.4141845703,233056.60302734375,76923.80364990234,0.3406982421875,33572028416,0,866304000,0
0,1762395859568,1600,1599,1600,1599,1602,1601,1600,1635,22.22222328186035,0,4.761904716491699,0,0,0,0,0,214430.4151611328,233056.6072998047,76923.80499267578,0.3406982421875,33572028416,0,866304000,0
0,1762395859570,1600,1599,1600,1599,1602,1601,1600,1635,22.22222328186035,0,4.761904716491699,0,0,0,0,0,214430.4161376953,233056.6117553711,76923.8062133789,0.3406982421875,33572028416,0,866304000,0
0,1762395859571,1600,1599,1600,1599,1602,1601,1600,1635,22.22222328186035,0,4.761904716491699,0,0,0,0,0,214430.4171142578,233056.61584472656,76923.80737304688,0.3406982421875,33572028416,0,866304000,0
1,1762395859572,1600,1599,1600,1599,1602,1601,1600,1635,22.22222328186035,0,4.761904716491699,0,0,0,0,0,214430.4180908203,233056.6201171875,76923.80865478516,0.3406982421875,33572028416,0,866304000,0
1,1762395859573,1600,1599,1600,1599,1602,1601,1600,1635,22.22222328186035,0,4.761904716491699,0,0,0,0,0,214430.41912841797,233056.62463378906,76923.80987548828,0.3406982421875,33572028416,0,866304000,0
1,1762395859574,1600,1599,1600,1599,1602,1601,1600,1635,22.22222328186035,0,4.761904716491699,0,0,0,0,0,214430.42010498047,233056.62908935547,76923.81127929688,0.3406982421875,33572028416,0,866304000,0
1,1762395859575,1600,1599,1600,1599,1602,1601,1600,1635,22.22222328186035,0,4.761904716491699,0,0,0,0,0,214430.42114257813,233056.63360595703,76923.81268310547,0.3406982421875,33572028416,0,866304000,0
1,1762395859576,1600,1599,1600,1599,1602,1601,1600,1635,22.22222328186035,0,4.761904716491699,0,0,0,0,0,214430.42211914063,233056.63818359375,76923.81420898438,0.3406982421875,33572028416,0,866304000,0
1,1762395859577,1600,1599,1600,1599,1602,1601,1600,1635,22.22222328186035,0,4.761904716491699,0,0,0,0,0,214430.42309570313,233056.642578125,76923.81549072266,0.3406982421875,33572028416,0,866304000,0
1,1762395859578,1600,1599,1600,1599,1602,1601,1600,1635,22.22222328186035,0,4.761904716491699,0,0,0,0,0,214430.42504882813,233056.65112304688,76923.8169555664,0.3406982421875,33572028416,0,866304000,0
0,1762395859579,1600,1599,1600,1599,1602,1601,1600,1635,22.22222328186035,0,4.761904716491699,0,0,0,0,0,214430.42602539063,233056.65533447266,76923.81817626953,0.3406982421875,33572028416,0,866304000,0
0,1762395859581,1600,1599,1600,1599,1602,1601,1600,1635,22.22222328186035,0,4.761904716491699,0,0,0,0,0,214430.42706298828,233056.6597290039,76923.81945800781,0.3406982421875,33572028416,0,866304000,0
0,1762395859582,1600,1599,1600,1599,1602,1601,1600,1635,22.22222328186035,0,4.761904716491699,0,0,0,0,0,214430.42803955078,233056.6639404297,76923.82061767578,0.3406982421875,33572028416,0,866304000,0
1,1762395859583,1600,1599,1600,1599,1602,1601,1600,1635,22.22222328186035,0,4.761904716491699,0,0,0,0,0,214430.42901611328,233056.66833496094,76923.8218383789,0.3406982421875,33572028416,0,866304000,0
1,1762395859584,1600,1599,1600,1599,1602,1601,1600,1635,22.22222328186035,0,4.761904716491699,0,0,0,0,0,214430.42999267578,233056.67266845703,76923.8232421875,0.3406982421875,33572028416,0,866304000,0
1,1762395859585,1600,1599,1600,1599,1602,1601,1600,1635,22.22222328186035,0,4.761904716491699,0,0,0,0,0,214430.43096923828,233056.6771850586,76923.82489013672,0.3406982421875,33572028416,0,866304000,0
1,1762395859586,1600,1599,1600,1599,1602,1601,1600,1635,22.22222328186035,0,4.761904716491699,0,0,0,0,0,214430.43200683594,233056.68200683594,76923.82653808594,0.3406982421875,33572028416,0,866304000,0
1,1762395859587,1600,1599,1600,1599,1602,1601,1600,1635,22.22222328186035,0,4.761904716491699,0,0,0,0,0,214430.43298339844,233056.68670654297,76923.82781982422,0.3406982421875,33572028416,0,866304000,0
1,1762395859588,1600,1599,1600,1599,1602,1601,1600,1635,22.22222328186035,0,4.761904716491699,0,0,0,0,0,214430.43395996094,233056.6909790039,76923.82922363281,0.3406982421875,33572028416,0,866304000,0
1,1762395859589,1600,1599,1600,1599,1602,1601,1600,1635,22.22222328186035,0,4.761904716491699,0,0,0,0,0,214430.43591308594,233056.69915771484,76923.83038330078,0.3406982421875,33572028416,0,866304000,0
0,1762395859590,1600,1599,1600,1599,1602,1601,1600,1635,22.22222328186035,0,4.761904716491699,0,0,0,0,0,214430.4369506836,233056.7035522461,76923.83190917969,0.3406982421875,33572028416,0,866304000,0
0,1762395859592,1600,1599,1600,1599,1602,1601,1600,1635,22.22222328186035,0,0,0,0,0,0,0,214430.4379272461,233056.7080078125,76923.83337402344,0.3406982421875,33572028416,0,866304000,0
0,1762395859593,1600,1599,1600,1599,1602,1601,1600,1635,22.22222328186035,0,0,0,0,0,0,0,214430.43896484375,233056.7127685547,76923.83471679688,0.3406982421875,33572028416,0,866304000,0
1,1762395859594,1600,1599,1600,1599,1602,1601,1600,1635,22.22222328186035,0,0,0,0,0,0,0,214430.43994140625,233056.71716308594,76923.83605957031,0.3406982421875,33572028416,0,866304000,0
1,1762395859595,1600,1599,1600,1599,1602,1601,1600,1635,22.22222328186035,0,0,0,0,0,0,0,214430.44091796875,233056.7215576172,76923.83740234375,0.3406982421875,33572028416,0,866304000,0
1,1762395859596,1600,1599,1600,1599,1602,1601,1600,1635,22.22222328186035,0,0,0,0,0,0,0,214430.44189453125,233056.72595214844,76923.83868408203,0.3406982421875,33572028416,0,866304000,0
1,1762395859597,1600,1599,1600,1599,1602,1601,1600,1635,22.22222328186035,0,0,0,0,0,0,0,214430.44287109375,233056.7303466797,76923.84020996094,0.3406982421875,33572028416,0,866304000,0
1,1762395859598,1600,1599,1600,1599,1602,1601,1600,1635,22.22222328186035,0,0,0,0,0,0,0,214430.4439086914,233056.73486328125,76923.84155273438,0.3406982421875,33572028416,0,866304000,0
1,1762395859599,1600,1599,1600,1599,1602,1601,1600,1635,22.22222328186035,0,0,0,0,0,0,0,214430.4448852539,233056.73944091797,76923.84301757813,0.3406982421875,33572028416,0,866304000,0
1,1762395859600,1600,1599,1600,1599,1602,1601,1600,1635,22.22222328186035,0,0,0,0,0,0,0,214430.4468383789,233056.74780273438,76923.8442993164,0.3406982421875,33572028416,0,866304000,0
0,1762395859601,1600,1599,1600,1599,1602,1601,1600,1635,22.22222328186035,0,0,0,0,0,0,0,214430.4478149414,233056.7518310547,76923.84539794922,0.3406982421875,33572028416,0,866304000,0
0,1762395859603,1600,1599,1600,1599,1602,1601,1600,1635,22.22222328186035,0,0,0,0,0,0,0,214430.4487915039,233056.75616455078,76923.84661865234,0.3406982421875,33572028416,0,866304000,0
0,1762395859604,1600,1599,1600,1599,1602,1601,1600,1635,22.22222328186035,0,0,0,0,0,0,0,214430.44982910156,233056.76055908203,76923.84790039063,0.3406982421875,33572028416,0,866304000,0
1,1762395859605,1600,1599,1600,1599,1602,1601,1600,1635,22.22222328186035,0,0,0,0,0,0,0,214430.45080566406,233056.7647705078,76923.8491821289,0.3406982421875,33572028416,0,866304000,0
1,1762395859606,1600,1599,1600,1599,1602,1601,1600,1635,22.22222328186035,0,0,0,0,0,0,0,214430.45184326172,233056.76928710938,76923.85070800781,0.3406982421875,33572028416,0,866304000,0
1,1762395859607,1600,1599,1600,1599,1602,1601,1600,1635,22.22222328186035,0,0,0,0,0,0,0,214430.45281982422,233056.77392578125,76923.85241699219,0.3406982421875,33572028416,0,866304000,0
1,1762395859608,1600,1599,1600,1599,1602,1601,1600,1635,22.22222328186035,0,0,0,0,0,0,0,214430.45379638672,233056.7787475586,76923.85382080078,0.3406982421875,33572028416,0,866304000,0
1,1762395859609,1600,1599,1600,1599,1602,1601,1600,1635,22.22222328186035,0,0,0,0,0,0,0,214430.45477294922,233056.7833251953,76923.85516357422,0.3406982421875,33572028416,0,866304000,0
1,1762395859610,1600,1599,1600,1599,1602,1601,1600,1635,22.22222328186035,0,0,0,0,0,0,0,214430.45574951172,233056.7875366211,76923.85656738281,0.3406982421875,33572028416,0,866304000,0
1,1762395859611,1600,1599,1600,1599,1602,1601,1600,1635,22.22222328186035,0,0,0,0,0,0,0,214430.45776367188,233056.79626464844,76923.85809326172,0.3406982421875,33572028416,0,866304000,0
0,1762395859612,1600,1599,1600,1599,1602,1601,1600,1635,22.22222328186035,0,0,0,0,0,0,0,214430.45874023438,233056.8003540039,76923.85919189453,0.3406982421875,33572028416,0,866304000,0
0,1762395859614,1600,1599,1600,1599,1602,1601,1600,1635,22.22222328186035,0,0,0,0,0,0,0,214430.45977783203,233056.8046875,76923.86059570313,0.3406982421875,33572028416,0,866304000,0
0,1762395859615,1600,1599,1600,1599,1602,1601,1600,1635,22.22222328186035,0,0,0,0,0,0,0,214430.46069335938,233056.80895996094,76923.86169433594,0.3406982421875,33572028416,0,866304000,0
1,1762395859616,1600,1599,1600,1599,1602,1601,1600,1635,22.22222328186035,0,0,0,0,0,0,0,214430.46173095703,233056.8133544922,76923.86291503906,0.3406982421875,33572028416,0,866304000,0
1,1762395859617,1600,1599,1600,1599,1602,1601,1600,1635,22.22222328186035,0,0,0,0,0,0,0,214430.46270751953,233056.81774902344,76923.86444091797,0.3406982421875,33572028416,0,866304000,0
1,1762395859618,1600,1599,1600,1599,1602,1601,1600,1635,22.22222328186035,0,0,0,0,0,0,0,214430.46368408203,233056.8221435547,76923.86560058594,0.3406982421875,33572028416,0,866304000,0
1,1762395859619,1600,1599,1600,1599,1602,1601,1600,1635,22.22222328186035,0,0,0,0,0,0,0,214430.4647216797,233056.82684326172,76923.86737060547,0.3406982421875,33572028416,0,866304000,0
1,1762395859620,1600,1599,1600,1599,1602,1601,1600,1635,22.22222328186035,0,0,0,0,0,0,0,214430.4656982422,233056.83154296875,76923.8687133789,0.3406982421875,33572028416,0,866304000,0
1,1762395859621,1600,1599,1600,1599,1602,1601,1600,1635,22.22222328186035,0,0,0,0,0,0,0,214430.4666748047,233056.8359375,76923.87005615234,0.3406982421875,33572028416,0,866304000,0
1,1762395859622,1600,1599,1600,1599,1602,1601,1600,1635,22.22222328186035,0,0,0,0,0,0,0,214430.4686279297,233056.8441772461,76923.87133789063,0.3406982421875,33572028416,0,866304000,0
0,1762395859623,1600,1599,1600,1599,1602,1601,1600,1635,22.22222328186035,0,0,0,0,0,0,0,214430.46966552734,233056.84838867188,76923.8726196289,0.3406982421875,33572028416,0,866304000,0
0,1762395859625,1600,1599,1600,1599,1602,1601,1600,1635,22.22222328186035,0,0,0,0,0,0,0,214430.4705810547,233056.85260009766,76923.87371826172,0.3406982421875,33572028416,0,866304000,0
0,1762395859626,1600,1599,1600,1599,1602,1601,1600,1635,22.22222328186035,0,0,0,0,0,0,0,214430.47161865234,233056.8569946289,76923.87506103516,0.3406982421875,33572028416,0,866304000,0
1,1762395859627,1600,1599,1600,1599,1602,1601,1600,1635,22.22222328186035,0,0,0,0,0,0,0,214430.47259521484,233056.8614501953,76923.8765258789,0.3406982421875,33572028416,0,866304000,0
1,1762395859628,1600,1599,1600,1599,1602,1601,1600,1635,22.22222328186035,0,0,0,0,0,0,0,214430.47357177734,233056.86590576172,76923.87805175781,0.3406982421875,33572028416,0,866304000,0
1,1762395859629,1600,1599,1600,1599,1602,1601,1600,1635,22.22222328186035,0,0,0,0,0,0,0,214430.47454833984,233056.87060546875,76923.87976074219,0.3406982421875,33572028416,0,866304000,0
1,1762395859630,1600,1599,1600,1599,1602,1601,1600,1635,22.22222328186035,0,0,0,0,0,0,0,214430.4755859375,233056.87524414063,76923.88116455078,0.3406982421875,33572028416,0,866304000,0
1,1762395859631,1600,1599,1600,1599,1602,1601,1600,1635,22.22222328186035,0,0,0,0,0,0,0,214430.4765625,233056.87982177734,76923.88262939453,0.3406982421875,33572028416,0,866304000,0
1,1762395859632,1600,1599,1600,1599,1602,1601,1600,1635,22.22222328186035,0,0,0,0,0,0,0,214430.47760009766,233056.88427734375,76923.88391113281,0.3406982421875,33572028416,0,866304000,0
1,1762395859633,1600,1599,1600,1599,1602,1601,1600,1635,22.22222328186035,0,0,0,0,0,0,0,214430.47955322266,233056.89282226563,76923.88543701172,0.3406982421875,33572028416,0,866304000,0
0,1762395859634,1600,1599,1600,1599,1602,1601,1600,1635,22.22222328186035,0,0,0,0,0,0,0,214430.48052978516,233056.8969116211,76923.88665771484,0.3406982421875,33572028416,0,866304000,0
0,1762395859636,1600,1599,1600,1599,1602,1601,1600,1635,22.22222328186035,0,0,0,0,0,0,0,214430.48150634766,233056.90130615234,76923.88793945313,0.3406982421875,33572028416,0,866304000,0
0,1762395859637,1600,1599,1600,1599,1602,1601,1600,1635,22.22222328186035,0,0,0,0,0,0,0,214430.48248291016,233056.90557861328,76923.8892211914,0.3406982421875,33572028416,0,866304000,0
1,1762395859638,1600,1599,1600,1599,1602,1601,1600,1635,22.22222328186035,0,0,0,0,0,0,0,214430.4835205078,233056.90991210938,76923.89025878906,0.3406982421875,33572028416,0,866304000,0
1,1762395859639,1600,1599,1600,1599,1602,1601,1600,1635,22.22222328186035,0,0,0,0,0,0,0,214430.4844970703,233056.91424560547,76923.89172363281,0.3406982421875,33572028416,0,866304000,0
1,1762395859640,1600,1599,1600,1599,1602,1601,1600,1635,22.22222328186035,0,0,0,0,0,0,0,214430.48553466797,233056.9189453125,76923.8930053711,0.3406982421875,33572028416,0,866304000,0
1,1762395859641,1600,1599,1600,1599,1602,1601,1600,1635,22.22222328186035,0,0,0,0,0,0,0,214430.48651123047,233056.92346191406,76923.89471435547,0.3406982421875,33572028416,0,866304000,0
1,1762395859642,1600,1599,1600,1599,1602,1601,1600,1635,22.22222328186035,0,0,0,0,0,0,0,214430.48748779297,233056.92803955078,76923.89599609375,0.3406982421875,33572028416,0,866304000,0
1,1762395859643,1600,1599,1600,1599,1602,1601,1600,1635,22.22222328186035,0,0,0,0,0,0,0,214430.48846435547,233056.93231201172,76923.89739990234,0.3406982421875,33572028416,0,866304000,0
1,1762395859644,1600,1599,1600,1599,1602,1601,1600,1635,22.22222328186035,0,0,0,0,0,0,0,214430.49041748047,233056.94073486328,76923.89868164063,0.3406982421875,33572028416,0,866304000,0
0,1762395859645,1600,1599,1600,1599,1602,1601,1600,1635,22.22222328186035,0,0,0,0,0,0,0,214430.49145507813,233056.94500732422,76923.90002441406,0.3406982421875,33572028416,0,866304000,0
0,1762395859647,1600,1599,1600,1599,1602,1601,1600,1635,22.22222328186035,0,0,0,0,0,0,0,214430.49243164063,233056.94946289063,76923.90118408203,0.3406982421875,33572028416,0,866304000,0
0,1762395859648,1600,1599,1600,1599,1602,1601,1600,1635,22.22222328186035,0,0,0,0,0,0,0,214430.49340820313,233056.95373535156,76923.90270996094,0.3406982421875,33572028416,0,866304000,0
0,1762395859649,1600,1599,1600,1599,1602,1601,1600,1635,22.22222328186035,0,0,0,0,0,0,0,214430.49438476563,233056.95819091797,76923.90417480469,0.3406982421875,33572028416,0,866304000,0
1,1762395859650,1600,1599,1600,1599,1602,1601,1600,1635,22.22222328186035,0,0,0,0,0,0,0,214430.49536132813,233056.9627685547,76923.90576171875,0.3406982421875,33572028416,0,866304000,0
1,1762395859651,1600,1599,1600,1599,1602,1601,1600,1635,22.22222328186035,0,0,0,0,0,0,0,214430.49633789063,233056.96752929688,76923.90740966797,0.3406982421875,33572028416,0,866304000,0
1,1762395859652,1600,1599,1600,1599,1602,1601,1600,1635,22.22222328186035,0,0,0,0,0,0,0,214430.49737548828,233056.9722290039,76923.90893554688,0.3406982421875,33572028416,0,866304000,0
1,1762395859653,1600,1599,1600,1599,1602,1601,1600,1635,22.22222328186035,0,0,0,0,0,0,0,214430.49835205078,233056.97680664063,76923.91033935547,0.3406982421875,33572028416,0,866304000,0
1,1762395859654,1600,1599,1600,1599,1602,1601,1600,1635,22.22222328186035,0,0,0,0,0,0,0,214430.49938964844,233056.9814453125,76923.9116821289,0.3406982421875,33572028416,0,866304000,0
1,1762395859655,1600,1599,1600,1599,1602,1601,1600,1635,22.22222328186035,0,0,0,0,0,0,0,214430.50128173828,233056.98986816406,76923.91320800781,0.3406982421875,33572028416,0,866304000,0
0,1762395859656,1600,1599,1600,1599,1602,1601,1600,1635,22.22222328186035,0,0,0,0,0,0,0,214430.50231933594,233056.99420166016,76923.91442871094,0.3406982421875,33572028416,0,866304000,0
0,1762395859658,1600,1599,1600,1599,1602,1601,1600,1635,22.22222328186035,0,0,0,0,0,0,0,214430.50329589844,233056.9984741211,76923.91564941406,0.3406982421875,33572028416,0,866304000,0
0,1762395859659,1600,1599,1600,1599,1602,1601,1600,1635,22.22222328186035,0,0,0,0,0,0,0,214430.50427246094,233057.00274658203,76923.91693115234,0.3406982421875,33572028416,0,866304000,0
1,1762395859660,1600,1599,1600,1599,1602,1601,1600,1635,22.22222328186035,0,0,0,0,0,0,0,214430.5053100586,233057.00714111328,76923.91815185547,0.3406982421875,33572028416,0,866304000,0
1,1762395859661,1600,1599,1600,1599,1602,1601,1600,1635,22.22222328186035,0,0,0,0,0,0,0,214430.5062866211,233057.0115966797,76923.91955566406,0.3406982421875,33572028416,0,866304000,0
1,1762395859662,1600,1599,1600,1599,1602,1601,1600,1635,22.22222328186035,0,0,0,0,0,0,0,214430.5072631836,233057.0160522461,76923.92114257813,0.3406982421875,33572028416,0,866304000,0
1,1762395859663,1600,1599,1600,1599,1602,1601,1600,1635,22.22222328186035,0,0,0,0,0,0,0,214430.5082397461,233057.02069091797,76923.9228515625,0.3406982421875,33572028416,0,866304000,0
1,1762395859664,1600,1599,1600,1599,1602,1601,1600,1635,22.22222328186035,0,0,0,0,0,0,0,214430.50927734375,233057.0255126953,76923.92413330078,0.3406982421875,33572028416,0,866304000,0
1,1762395859665,1600,1599,1600,1599,1602,1601,1600,1635,22.22222328186035,0,0,0,0,0,0,0,214430.51025390625,233057.0298461914,76923.92553710938,0.3406982421875,33572028416,0,866304000,0
1,1762395859666,1600,1599,1600,1599,1602,1601,1600,1635,22.22222328186035,0,0,0,0,0,0,0,214430.51220703125,233057.03802490234,76923.9267578125,0.3406982421875,33572028416,0,866304000,0
0,1762395859667,1600,1599,1600,1599,1602,1601,1600,1635,22.22222328186035,0,0,0,0,0,0,0,214430.5132446289,233057.0424194336,76923.92810058594,0.3406982421875,33572028416,0,866304000,0
0,1762395859669,1600,1599,1600,1599,1602,1601,1600,1635,22.22222328186035,0,0,0,0,0,0,0,214430.51416015625,233057.04681396484,76923.92944335938,0.3406982421875,33572028416,0,866304000,0
0,1762395859670,1600,1599,1600,1599,1602,1601,1600,1635,22.22222328186035,0,0,0,0,0,0,0,214430.5151977539,233057.05126953125,76923.93084716797,0.3406982421875,33572028416,0,866304000,0
1,1762395859671,1600,1599,1600,1599,1602,1601,1600,1635,22.22222328186035,0,0,0,0,0,0,0,214430.5161743164,233057.0556640625,76923.93249511719,0.3406982421875,33572028416,0,866304000,0
1,1762395859672,1600,1599,1600,1599,1602,1601,1600,1635,22.22222328186035,0,0,0,0,0,0,0,214430.51721191406,233057.06048583984,76923.9340209961,0.3406982421875,33572028416,0,866304000,0
1,1762395859673,1600,1599,1600,1599,1602,1601,1600,1635,22.22222328186035,0,0,0,0,0,0,0,214430.5181274414,233057.0648803711,76923.93524169922,0.3406982421875,33572028416,0,866304000,0
1,1762395859674,1600,1599,1600,1599,1602,1601,1600,1635,22.22222328186035,0,0,0,0,0,0,0,214430.51916503906,233057.06939697266,76923.93682861328,0.3406982421875,33572028416,0,866304000,0
1,1762395859675,1600,1599,1600,1599,1602,1601,1600,1635,22.22222328186035,0,0,0,0,0,0,0,214430.52014160156,233057.0740966797,76923.93841552734,0.3406982421875,33572028416,0,866304000,0
1,1762395859676,1600,1599,1600,1599,1602,1601,1600,1635,22.22222328186035,0,0,0,0,0,0,0,214430.52117919922,233057.07891845703,76923.9400024414,0.3406982421875,33572028416,0,866304000,0
1,1762395859677,1600,1599,1600,1599,1602,1601,1600,1635,22.22222328186035,0,0,0,0,0,0,0,214430.52313232422,233057.08740234375,76923.94140625,0.3406982421875,33572028416,0,866304000,0
0,1762395859678,1600,1599,1600,1599,1602,1601,1600,1635,22.22222328186035,0,0,0,0,0,0,0,214430.52410888672,233057.09149169922,76923.94256591797,0.3406982421875,33572028416,0,866304000,0
0,1762395859680,1600,1599,1600,1599,1602,1601,1600,1635,22.22222328186035,0,0,0,0,0,0,0,214430.52508544922,233057.0958251953,76923.94372558594,0.3406982421875,33572028416,0,866304000,0
0,1762395859681,1600,1599,1600,1599,1602,1601,1600,1635,22.22222328186035,0,0,0,0,0,0,0,214430.52612304688,233057.1001586914,76923.94494628906,0.3406982421875,33572028416,0,866304000,0
1,1762395859682,1600,1599,1600,1599,1602,1601,1600,1635,22.22222328186035,0,0,0,0,0,0,0,214430.52703857422,233057.1043701172,76923.94622802734,0.3406982421875,33572028416,0,866304000,0
1,1762395859683,1600,1599,1600,1599,1602,1601,1600,1635,22.22222328186035,0,0,0,0,0,0,0,214430.52807617188,233057.10900878906,76923.9476928711,0.3406982421875,33572028416,0,866304000,0
1,1762395859684,1600,1599,1600,1599,1602,1601,1600,1635,22.22222328186035,0,0,0,0,0,0,0,214430.52905273438,233057.11352539063,76923.94940185547,0.3406982421875,33572028416,0,866304000,0
1,1762395859685,1600,1599,1600,1599,1602,1601,1600,1635,22.22222328186035,0,0,0,0,0,0,0,214430.53009033203,233057.1182861328,76923.95104980469,0.3406982421875,33572028416,0,866304000,0
1,1762395859686,1600,1599,1600,1599,1602,1601,1600,1635,22.22222328186035,0,0,0,0,0,0,0,214430.53100585938,233057.12298583984,76923.95233154297,0.3406982421875,33572028416,0,866304000,0
1,1762395859687,1600,1599,1600,1599,1602,1601,1600,1635,22.22222328186035,0,0,0,0,0,0,0,214430.53204345703,233057.1273803711,76923.95379638672,0.3406982421875,33572028416,0,866304000,0
1,1762395859688,1600,1599,1600,1599,1602,1601,1600,1635,22.22222328186035,0,0,0,0,0,0,0,214430.53399658203,233057.13549804688,76923.95489501953,0.3406982421875,33572028416,0,866304000,0
0,1762395859689,1600,1599,1600,1599,1602,1601,1600,1635,22.22222328186035,0,0,0,0,0,0,0,214430.53497314453,233057.13989257813,76923.95629882813,0.3406982421875,33572028416,0,866304000,0
0,1762395859691,1600,1599,1600,1599,1602,1601,1600,1635,22.22222328186035,0,0,0,0,0,0,0,214430.5360107422,233057.14434814453,76923.95751953125,0.3406982421875,33572028416,0,866304000,0
0,1762395859692,1600,1599,1600,1599,1602,1601,1600,1635,22.22222328186035,0,0,0,0,0,0,0,214430.53692626953,233057.1485595703,76923.95904541016,0.3406982421875,33572028416,0,866304000,0
1,1762395859693,1600,1599,1600,1599,1602,1601,1600,1635,22.22222328186035,0,0,0,0,0,0,0,214430.5379638672,233057.1531982422,76923.96032714844,0.3406982421875,33572028416,0,866304000,0
1,1762395859694,1600,1599,1600,1599,1602,1601,1600,1635,22.22222328186035,0,0,0,0,0,0,0,214430.5389404297,233057.15759277344,76923.96179199219,0.3406982421875,33572028416,0,866304000,0
1,1762395859695,1600,1599,1600,1599,1602,1601,1600,1635,22.22222328186035,0,0,0,0,0,0,0,214430.53997802734,233057.1622314453,76923.96301269531,0.3406982421875,33572028416,0,866304000,0
1,1762395859696,1600,1599,1600,1599,1602,1601,1600,1635,22.22222328186035,0,0,0,0,0,0,0,214430.54095458984,233057.16668701172,76923.96453857422,0.3406982421875,33572028416,0,866304000,0
1,1762395859697,1600,1599,1600,1599,1602,1601,1600,1635,22.22222328186035,0,0,0,0,0,0,0,214430.54193115234,233057.17126464844,76923.96600341797,0.3406982421875,33572028416,0,866304000,0
1,1762395859698,1600,1599,1600,1599,1602,1601,1600,1635,22.22222328186035,0,0,0,0,0,0,0,214430.54296875,233057.1756591797,76923.96728515625,0.3406982421875,33572028416,0,866304000,0
1,1762395859699,1600,1599,1600,1599,1602,1601,1600,1635,22.22222328186035,0,0,0,0,0,0,0,214430.544921875,233057.1840209961,76923.96868896484,0.3406982421875,33572028416,0,866304000,0
0,1762395859700,1600,1599,1600,1599,1602,1601,1600,1635,22.22222328186035,0,0,0,0,0,0,0,214430.5458984375,233057.18829345703,76923.97003173828,0.3406982421875,33572028416,0,866304000,0
0,1762395859702,1600,1599,1600,1599,1602,1601,1600,1635,22.22222328186035,0,0,0,0,0,0,0,214430.546875,233057.19268798828,76923.97131347656,0.3406982421875,33572028416,0,866304000,0
0,1762395859703,1600,1599,1600,1599,1602,1601,1600,1635,22.22222328186035,0,0,0,0,0,0,0,214430.54791259766,233057.19708251953,76923.97259521484,0.3406982421875,33572028416,0,866304000,0
1,1762395859704,1600,1599,1600,1599,1602,1601,1600,1635,22.22222328186035,0,0,0,0,0,0,0,214430.54888916016,233057.20141601563,76923.97381591797,0.3406982421875,33572028416,0,866304000,0
1,1762395859705,1600,1599,1600,1599,1602,1601,1600,1635,22.22222328186035,0,0,0,0,0,0,0,214430.54986572266,233057.20568847656,76923.97540283203,0.3406982421875,33572028416,0,866304000,0
1,1762395859706,1600,1599,1600,1599,1602,1601,1600,1635,22.22222328186035,0,0,0,0,0,0,0,214430.55084228516,233057.21057128906,76923.97705078125,0.3406982421875,33572028416,0,866304000,0
1,1762395859707,1600,1599,1600,1599,1602,1601,1600,1635,22.22222328186035,0,0,0,0,0,0,0,214430.5518798828,233057.21533203125,76923.97869873047,0.3406982421875,33572028416,0,866304000,0
1,1762395859708,1600,1599,1600,1599,1602,1601,1600,1635,22.22222328186035,0,0,0,0,0,0,0,214430.55279541016,233057.2198486328,76923.97985839844,0.3406982421875,33572028416,0,866304000,0
1,1762395859709,1600,1599,1600,1599,1602,1601,1600,1635,22.22222328186035,0,0,0,0,0,0,0,214430.5538330078,233057.22430419922,76923.98132324219,0.3406982421875,33572028416,0,866304000,0
1,1762395859710,1600,1599,1600,1599,1602,1601,1600,1635,22.22222328186035,0,0,0,0,0,0,0,214430.5557861328,233057.23248291016,76923.98248291016,0.3406982421875,33572028416,0,866304000,0
0,1762395859711,1600,1599,1600,1599,1602,1601,1600,1635,22.22222328186035,0,0,0,0,0,0,0,214430.55682373047,233057.23681640625,76923.98376464844,0.3406982421875,33572028416,0,866304000,0
0,1762395859713,1600,1599,1600,1599,1602,1601,1600,1635,22.22222328186035,0,0,0,0,0,0,0,214430.5577392578,233057.24114990234,76923.98516845703,0.3406982421875,33572028416,0,866304000,0
0,1762395859714,1600,1599,1600,1599,1602,1601,1600,1635,22.22222328186035,0,0,0,0,0,0,0,214430.5587158203,233057.24560546875,76923.98651123047,0.3406982421875,33572028416,0,866304000,0
1,1762395859715,1600,1599,1600,1599,1602,1601,1600,1635,22.22222328186035,0,0,0,0,0,0,0,214430.55975341797,233057.24993896484,76923.9877319336,0.3406982421875,33572028416,0,866304000,0
1,1762395859716,1600,1599,1600,1599,1602,1601,1600,1635,22.22222328186035,0,0,0,0,0,0,0,214430.56072998047,233057.2543334961,76923.98907470703,0.3406982421875,33572028416,0,866304000,0
1,1762395859717,1600,1599,1600,1599,1602,1601,1600,1635,22.22222328186035,0,0,0,0,0,0,0,214430.56170654297,233057.2587890625,76923.99047851563,0.3406982421875,33572028416,0,866304000,0
1,1762395859718,1600,1599,1600,1599,1602,1601,1600,1635,22.22222328186035,0,0,0,0,0,0,0,214430.56274414063,233057.26330566406,76923.9921875,0.3406982421875,33572028416,0,866304000,0
1,1762395859719,1600,1599,1600,1599,1602,1601,1600,1635,22.22222328186035,0,0,0,0,0,0,0,214430.56372070313,233057.26824951172,76923.99365234375,0.3406982421875,33572028416,0,866304000,0
1,1762395859720,1600,1599,1600,1599,1602,1601,1600,1635,22.22222328186035,0,0,0,0,0,0,0,214430.56469726563,233057.2725830078,76923.99499511719,0.3406982421875,33572028416,0,866304000,0
1,1762395859721,1600,1599,1600,1599,1602,1601,1600,1635,22.22222328186035,0,0,0,0,0,0,0,214430.56671142578,233057.28100585938,76923.99627685547,0.3406982421875,33572028416,0,866304000,0
0,1762395859722,1600,1599,1600,1599,1602,1601,1600,1635,22.22222328186035,0,0,0,0,0,0,0,214430.56768798828,233057.2852783203,76923.9974975586,0.3406982421875,33572028416,0,866304000,0
0,1762395859724,1600,1599,1600,1599,1602,1601,1600,1635,22.22222328186035,0,0,0,0,0,0,0,214430.56866455078,233057.2894897461,76923.99871826172,0.3406982421875,33572028416,0,866304000,0
0,1762395859725,1600,1599,1600,1599,1602,1601,1600,1635,22.22222328186035,0,0,0,0,0,0,0,214430.56964111328,233057.29388427734,76924.00006103516,0.3406982421875,33572028416,0,866304000,0
1,1762395859726,1600,1599,1600,1599,1602,1601,1600,1635,22.22222328186035,0,0,0,0,0,0,0,214430.57067871094,233057.29833984375,76924.00134277344,0.3406982421875,33572028416,0,866304000,0
1,1762395859727,1600,1599,1600,1599,1602,1601,1600,1635,22.22222328186035,0,0,0,0,0,0,0,214430.57165527344,233057.3026123047,76924.00286865234,0.3406982421875,33572028416,0,866304000,0
1,1762395859728,1600,1599,1600,1599,1602,1601,1600,1635,22.22222328186035,0,0,0,0,0,0,0,214430.57263183594,233057.30731201172,76924.00463867188,0.3406982421875,33572028416,0,866304000,0
1,1762395859729,1600,1599,1600,1599,1602,1601,1600,1635,22.22222328186035,0,0,0,0,0,0,0,214430.5736694336,233057.31213378906,76924.00604248047,0.3406982421875,33572028416,0,866304000,0
1,1762395859730,1600,1599,1600,1599,1602,1601,1600,1635,22.22222328186035,0,0,0,0,0,0,0,214430.5746459961,233057.31677246094,76924.00744628906,0.3406982421875,33572028416,0,866304000,0
1,1762395859731,1600,1599,1600,1599,1602,1601,1600,1635,22.22222328186035,0,0,0,0,0,0,0,214430.5756225586,233057.32098388672,76924.0087890625,0.3406982421875,33572028416,0,866304000,0
1,1762395859732,1600,1599,1600,1599,1602,1601,1600,1635,22.22222328186035,0,0,0,0,0,0,0,214430.5775756836,233057.32934570313,76924.01000976563,0.3406982421875,33572028416,0,866304000,0
0,1762395859733,1600,1599,1600,1599,1602,1601,1600,1635,22.22222328186035,0,0,0,0,0,0,0,214430.57861328125,233057.33367919922,76924.01147460938,0.3406982421875,33572028416,0,866304000,0
0,1762395859735,1600,1599,1600,1599,1602,1601,1600,1635,22.22222328186035,0,0,0,0,0,0,0,214430.57958984375,233057.33795166016,76924.01257324219,0.3406982421875,33572028416,0,866304000,0
0,1762395859736,1600,1599,1600,1599,1602,1601,1600,1635,22.22222328186035,0,0,0,0,0,0,0,214430.5805053711,233057.34216308594,76924.01397705078,0.3406982421875,33572028416,0,866304000,0
1,1762395859737,1600,1599,1600,1599,1602,1601,1600,1635,22.22222328186035,0,0,0,0,0,0,0,214430.58154296875,233057.34649658203,76924.01501464844,0.3406982421875,33572028416,0,866304000,0
1,1762395859738,1600,1599,1600,1599,1602,1601,1600,1635,22.22222328186035,0,0,0,0,0,0,0,214430.58251953125,233057.35083007813,76924.01647949219,0.3406982421875,33572028416,0,866304000,0
1,1762395859739,1600,1599,1600,1599,1602,1601,1600,1635,22.22222328186035,0,0,0,0,0,0,0,214430.5835571289,233057.3555908203,76924.0181274414,0.3406982421875,33572028416,0,866304000,0
1,1762395859740,1600,1599,1600,1599,1602,1601,1600,1635,22.22222328186035,0,0,0,0,0,0,0,214430.5845336914,233057.36029052734,76924.01983642578,0.3406982421875,33572028416,0,866304000,0
1,1762395859741,1600,1599,1600,1599,1602,1601,1600,1635,22.22222328186035,0,0,0,0,0,0,0,214430.5855102539,233057.36499023438,76924.02099609375,0.3406982421875,33572028416,0,866304000,0
1,1762395859742,1600,1599,1600,1599,1602,1601,1600,1635,22.22222328186035,0,0,0,0,0,0,0,214430.58654785156,233057.3692626953,76924.02252197266,0.3406982421875,33572028416,0,866304000,0
1,1762395859743,1600,1599,1600,1599,1602,1601,1600,1635,22.22222328186035,0,0,0,0,0,0,0,214430.5884399414,233057.3775024414,76924.02374267578,0.3406982421875,33572028416,0,866304000,0
0,1762395859744,1600,1599,1600,1599,1602,1601,1600,1635,22.22222328186035,0,0,0,0,0,0,0,214430.58947753906,233057.38177490234,76924.02502441406,0.3406982421875,33572028416,0,866304000,0
0,1762395859746,1600,1599,1600,1599,1602,1601,1600,1635,22.22222328186035,0,0,0,0,0,0,0,214430.59045410156,233057.3861694336,76924.02624511719,0.3406982421875,33572028416,0,866304000,0
0,1762395859747,1600,1599,1600,1599,1602,1601,1600,1635,22.22222328186035,0,0,0,0,0,0,0,214430.59143066406,233057.39044189453,76924.02752685547,0.3406982421875,33572028416,0,866304000,0
1,1762395859748,1600,1599,1600,1599,1602,1601,1600,1635,22.22222328186035,0,0,0,0,0,0,0,214430.59246826172,233057.3950805664,76924.02911376953,0.3406982421875,33572028416,0,866304000,0
1,1762395859749,1600,1599,1600,1599,1602,1601,1600,1635,22.22222328186035,0,0,0,0,0,0,0,214430.59344482422,233057.39959716797,76924.0307006836,0.3406982421875,33572028416,0,866304000,0
1,1762395859750,1600,1599,1600,1599,1602,1601,1600,1635,22.22222328186035,0,0,0,0,0,0,0,214430.59448242188,233057.4044189453,76924.0326538086,0.3406982421875,33572028416,0,866304000,0
1,1762395859751,1600,1599,1600,1599,1602,1601,1600,1635,22.22222328186035,0,0,0,0,0,0,0,214430.59539794922,233057.4093017578,76924.0341796875,0.3406982421875,33572028416,0,866304000,0
1,1762395859752,1600,1599,1600,1599,1602,1601,1600,1635,22.22222328186035,0,0,0,0,0,0,0,214430.59637451172,233057.41387939453,76924.03564453125,0.3406982421875,33572028416,0,866304000,0
1,1762395859753,1600,1599,1600,1599,1602,1601,1600,1635,22.22222328186035,0,0,0,0,0,0,0,214430.59741210938,233057.41833496094,76924.03692626953,0.3406982421875,33572028416,0,866304000,0
1,1762395859754,1600,1599,1600,1599,1602,1601,1600,1635,22.22222328186035,0,0,0,0,0,0,0,214430.59936523438,233057.4268798828,76924.03839111328,0.3406982421875,33572028416,0,866304000,0
0,1762395859755,1600,1599,1600,1599,1602,1601,1600,1635,22.22222328186035,0,0,0,0,0,0,0,214430.60034179688,233057.43103027344,76924.03967285156,0.3406982421875,33572028416,0,866304000,0
0,1762395859757,1600,1599,1600,1599,1602,1601,1600,1635,22.22222328186035,0,0,0,0,0,0,0,214430.60137939453,233057.4354248047,76924.04095458984,0.3406982421875,33572028416,0,866304000,0
0,1762395859758,1600,1599,1600,1599,1602,1601,1600,1635,22.22222328186035,0,0,0,0,0,0,0,214430.60235595703,233057.43975830078,76924.04217529297,0.3406982421875,33572028416,0,866304000,0
1,1762395859759,1600,1599,1600,1599,1602,1601,1600,1635,22.22222328186035,0,0,0,0,0,0,0,214430.60333251953,233057.44403076172,76924.04333496094,0.3406982421875,33572028416,0,866304000,0
1,1762395859760,1600,1599,1600,1599,1602,1601,1600,1635,22.22222328186035,0,0,0,0,0,0,0,214430.6043701172,233057.44854736328,76924.04473876953,0.3406982421875,33572028416,0,866304000,0
1,1762395859761,1600,1599,1600,1599,1602,1601,1600,1635,22.22222328186035,0,0,0,0,0,0,0,214430.6053466797,233057.4530029297,76924.04626464844,0.3406982421875,33572028416,0,866304000,0
1,1762395859762,1600,1599,1600,1599,1602,1601,1600,1635,22.22222328186035,0,0,0,0,0,0,0,214430.6063232422,233057.45764160156,76924.04791259766,0.3406982421875,33572028416,0,866304000,0
1,1762395859763,1600,1599,1600,1599,1602,1601,1600,1635,22.22222328186035,0,0,0,0,0,0,0,214430.6072998047,233057.4623413086,76924.04931640625,0.3406982421875,33572028416,0,866304000,0
1,1762395859764,1600,1599,1600,1599,1602,1601,1600,1635,22.22222328186035,0,0,0,0,0,0,0,214430.6082763672,233057.4666748047,76924.05065917969,0.3406982421875,33572028416,0,866304000,0
1,1762395859765,1600,1599,1600,1599,1602,1601,1600,1635,22.22222328186035,0,0,0,0,0,0,0,214430.61029052734,233057.4751586914,76924.0517578125,0.3406982421875,33572028416,0,866304000,0
0,1762395859766,1600,1599,1600,1599,1602,1601,1600,1635,22.22222328186035,0,0,0,0,0,0,0,214430.61126708984,233057.47943115234,76924.05322265625,0.3406982421875,33572028416,0,866304000,0
0,1762395859768,1600,1599,1600,1599,1602,1601,1600,1635,22.22222328186035,0,0,0,0,0,0,0,214430.61224365234,233057.48370361328,76924.05444335938,0.3406982421875,33572028416,0,866304000,0
0,1762395859769,1600,1599,1600,1599,1602,1601,1600,1635,22.22222328186035,0,0,0,0,0,0,0,214430.61322021484,233057.48791503906,76924.05590820313,0.3406982421875,33572028416,0,866304000,0
0,1762395859770,1600,1599,1600,1599,1602,1601,1600,1635,22.22222328186035,0,0,0,0,0,0,0,214430.61419677734,233057.49249267578,76924.05749511719,0.3406982421875,33572028416,0,866304000,0
1,1762395859771,1600,1599,1600,1599,1602,1601,1600,1635,22.22222328186035,0,0,0,0,0,0,0,214430.615234375,233057.49725341797,76924.0590209961,0.3406982421875,33572028416,0,866304000,0
1,1762395859772,1600,1599,1600,1599,1602,1601,1600,1635,22.22222328186035,0,0,0,0,0,0,0,214430.6162109375,233057.50201416016,76924.06066894531,0.3406982421875,33572028416,0,866304000,0
1,1762395859773,1600,1599,1600,1599,1602,1601,1600,1635,22.22222328186035,0,0,0,0,0,0,0,214430.61724853516,233057.50659179688,76924.06182861328,0.3406982421875,33572028416,0,866304000,0
1,1762395859774,1600,1599,1600,1599,1602,1601,1600,1635,22.22222328186035,0,0,0,0,0,0,0,214430.61822509766,233057.51098632813,76924.06335449219,0.3406982421875,33572028416,0,866304000,0
1,1762395859775,1600,1599,1600,1599,1602,1601,1600,1635,22.22222328186035,0,0,0,0,0,0,0,214430.61920166016,233057.51531982422,76924.06481933594,0.3406982421875,33572028416,0,866304000,0
1,1762395859776,1600,1599,1600,1599,1602,1601,1600,1635,22.22222328186035,0,0,0,0,0,0,0,214430.62115478516,233057.5239868164,76924.06622314453,0.3406982421875,33572028416,0,866304000,0
0,1762395859777,1600,1599,1600,1599,1602,1601,1600,1635,22.22222328186035,0,0,0,0,0,0,0,214430.6221923828,233057.52807617188,76924.06744384766,0.3406982421875,33572028416,0,866304000,0
0,1762395859779,1600,1599,1600,1599,1602,1601,1600,1635,22.22222328186035,0,0,0,0,0,0,0,214430.6231689453,233057.53240966797,76924.06872558594,0.3406982421875,33572028416,0,866304000,0
0,1762395859780,1600,1599,1600,1599,1602,1601,1600,1635,22.22222328186035,0,0,0,0,0,0,0,214430.62408447266,233057.53662109375,76924.06982421875,0.3406982421875,33572028416,0,866304000,0
1,1762395859781,1600,1599,1600,1599,1602,1601,1600,1635,22.22222328186035,0,0,0,0,0,0,0,214430.6251220703,233057.54095458984,76924.07110595703,0.3406982421875,33572028416,0,866304000,0
1,1762395859782,1600,1599,1600,1599,1602,1601,1600,1635,22.22222328186035,0,0,0,0,0,0,0,214430.6260986328,233057.54553222656,76924.07257080078,0.3406982421875,33572028416,0,866304000,0
1,1762395859783,1600,1599,1600,1599,1602,1601,1600,1635,22.22222328186035,0,0,0,0,0,0,0,214430.62713623047,233057.55017089844,76924.07415771484,0.3406982421875,33572028416,0,866304000,0
1,1762395859784,1600,1599,1600,1599,1602,1601,1600,1635,22.22222328186035,0,0,0,0,0,0,0,214430.62811279297,233057.55493164063,76924.07592773438,0.3406982421875,33572028416,0,866304000,0
1,1762395859785,1600,1599,1600,1599,1602,1601,1600,1635,22.22222328186035,0,0,0,0,0,0,0,214430.62908935547,233057.5596923828,76924.0771484375,0.3406982421875,33572028416,0,866304000,0
1,1762395859786,1600,1599,1600,1599,1602,1601,1600,1635,22.22222328186035,0,0,0,0,0,0,0,214430.63012695313,233057.56396484375,76924.07861328125,0.3406982421875,33572028416,0,866304000,0
1,1762395859787,1600,1599,1600,1599,1602,1601,1600,1635,22.22222328186035,0,0,0,0,0,0,0,214430.63208007813,233057.572265625,76924.07983398438,0.3406982421875,33572028416,0,866304000,0
0,1762395859788,1600,1599,1600,1599,1602,1601,1600,1635,22.22222328186035,0,0,0,0,0,0,0,214430.63299560547,233057.57641601563,76924.08117675781,0.3406982421875,33572028416,0,866304000,0
0,1762395859790,1600,1599,1600,1599,1602,1601,1600,1635,22.22222328186035,0,0,0,0,0,0,0,214430.63403320313,233057.5809326172,76924.0824584961,0.3406982421875,33572028416,0,866304000,0
0,1762395859791,1600,1599,1600,1599,1602,1601,1600,1635,22.22222328186035,0,0,0,0,0,0,0,214430.63507080078,233057.5853881836,76924.083984375,0.3406982421875,33572028416,0,866304000,0
1,1762395859792,1600,1599,1600,1599,1602,1601,1600,1635,26.3157901763916,0,0,0,0,0,0,0,214430.63598632813,233057.58984375,76924.08575439453,0.3406982421875,33572028416,0,866304000,0
1,1762395859793,1600,1599,1600,1599,1602,1601,1600,1635,26.3157901763916,0,0,0,0,0,0,0,214430.63702392578,233057.5947265625,76924.08709716797,0.3406982421875,33572028416,0,866304000,0
1,1762395859794,1600,1599,1600,1599,1602,1601,1600,1635,26.3157901763916,0,0,0,0,0,0,0,214430.63800048828,233057.59936523438,76924.08874511719,0.3406982421875,33572028416,0,866304000,0
1,1762395859795,1600,1599,1600,1599,1602,1601,1600,1635,26.3157901763916,0,0,0,0,0,0,0,214430.63903808594,233057.60412597656,76924.0902709961,0.3406982421875,33572028416,0,866304000,0
1,1762395859796,1600,1599,1600,1599,1602,1601,1600,1635,26.3157901763916,0,0,0,0,0,0,0,214430.63995361328,233057.6085205078,76924.09161376953,0.3406982421875,33572028416,0,866304000,0
1,1762395859797,1600,1599,1600,1599,1602,1601,1600,1635,26.3157901763916,0,0,0,0,0,0,0,214430.64099121094,233057.61309814453,76924.09301757813,0.3406982421875,33572028416,0,866304000,0
1,1762395859798,1600,1599,1600,1599,1602,1601,1600,1635,26.3157901763916,0,0,0,0,0,0,0,214430.64294433594,233057.62139892578,76924.09411621094,0.3406982421875,33572028416,0,866304000,0
0,1762395859799,1600,1599,1600,1599,1602,1601,1600,1635,26.3157901763916,0,0,0,0,0,0,0,214430.64392089844,233057.62561035156,76924.09558105469,0.3406982421875,33572028416,0,866304000,0
0,1762395859801,1600,1599,1600,1599,1602,1601,1600,1635,26.3157901763916,0,0,0,0,0,0,0,214430.6449584961,233057.62994384766,76924.09686279297,0.3406982421875,33572028416,0,866304000,0
0,1762395859802,1600,1599,1600,1599,1602,1601,1600,1635,26.3157901763916,0,0,0,0,0,0,0,214430.6459350586,233057.63427734375,76924.09802246094,0.3406982421875,33572028416,0,866304000,0
1,1762395859803,1600,1599,1600,1599,1602,1601,1600,1635,26.3157901763916,0,0,0,0,0,0,0,214430.6469116211,233057.63848876953,76924.09924316406,0.3406982421875,33572028416,0,866304000,0
1,1762395859804,1600,1599,1600,1599,1602,1601,1600,1635,26.3157901763916,0,0,0,0,0,0,0,214430.64794921875,233057.64306640625,76924.10076904297,0.3406982421875,33572028416,0,866304000,0
1,1762395859805,1600,1599,1600,1599,1602,1601,1600,1635,26.3157901763916,0,0,0,0,0,0,0,214430.64892578125,233057.64770507813,76924.10241699219,0.3406982421875,33572028416,0,866304000,0
1,1762395859806,1600,1599,1600,1599,1602,1601,1600,1635,26.3157901763916,0,0,0,0,0,0,0,214430.64990234375,233057.6524658203,76924.10400390625,0.3406982421875,33572028416,0,866304000,0
1,1762395859807,1600,1599,1600,1599,1602,1601,1600,1635,26.3157901763916,0,0,0,0,0,0,0,214430.65087890625,233057.65692138672,76924.10528564453,0.3406982421875,33572028416,0,866304000,0
1,1762395859808,1600,1599,1600,1599,1602,1601,1600,1635,26.3157901763916,0,0,0,0,0,0,0,214430.6519165039,233057.66149902344,76924.10705566406,0.3406982421875,33572028416,0,866304000,0
1,1762395859809,1600,1599,1600,1599,1602,1601,1600,1635,26.3157901763916,0,0,0,0,0,0,0,214430.6538696289,233057.66998291016,76924.10827636719,0.3406982421875,33572028416,0,866304000,0
0,1762395859810,1600,1599,1600,1599,1602,1601,1600,1635,26.3157901763916,0,0,0,0,0,0,0,214430.6548461914,233057.67431640625,76924.10949707031,0.3406982421875,33572028416,0,866304000,0
0,1762395859812,1600,1599,1600,1599,1602,1601,1600,1635,26.3157901763916,0,0,0,0,0,0,0,214430.6558227539,233057.67864990234,76924.1107788086,0.3406982421875,33572028416,0,866304000,0
0,1762395859813,1600,1599,1600,1599,1602,1601,1600,1635,26.3157901763916,0,0,0,0,0,0,0,214430.6567993164,233057.68292236328,76924.11224365234,0.3406982421875,33572028416,0,866304000,0
1,1762395859814,1600,1599,1600,1599,1602,1601,1600,1635,26.3157901763916,0,0,0,0,0,0,0,214430.65783691406,233057.68768310547,76924.11389160156,0.3406982421875,33572028416,0,866304000,0
1,1762395859815,1600,1599,1600,1599,1602,1601,1600,1635,26.3157901763916,0,0,0,0,0,0,0,214430.65881347656,233057.69219970703,76924.11517333984,0.3406982421875,33572028416,0,866304000,0
1,1762395859816,1600,1599,1600,1599,1602,1601,1600,1635,26.3157901763916,0,0,0,0,0,0,0,214430.65979003906,233057.69653320313,76924.11639404297,0.3406982421875,33572028416,0,866304000,0
1,1762395859817,1600,1599,1600,1599,1602,1601,1600,1635,26.3157901763916,0,0,0,0,0,0,0,214430.66076660156,233057.70098876953,76924.11785888672,0.3406982421875,33572028416,0,866304000,0
1,1762395859818,1600,1599,1600,1599,1602,1601,1600,1635,26.3157901763916,0,0,0,0,0,0,0,214430.66180419922,233057.70556640625,76924.11926269531,0.3406982421875,33572028416,0,866304000,0
1,1762395859819,1600,1599,1600,1599,1602,1601,1600,1635,26.3157901763916,0,0,0,0,0,0,0,214430.66278076172,233057.70989990234,76924.12072753906,0.3406982421875,33572028416,0,866304000,0
1,1762395859820,1600,1599,1600,1599,1602,1601,1600,1635,26.3157901763916,0,0,0,0,0,0,0,214430.66473388672,233057.71856689453,76924.12213134766,0.3406982421875,33572028416,0,866304000,0
0,1762395859821,1600,1599,1600,1599,1602,1601,1600,1635,26.3157901763916,0,0,0,0,0,0,0,214430.66577148438,233057.72265625,76924.12335205078,0.3406982421875,33572028416,0,866304000,0
0,1762395859823,1600,1599,1600,1599,1602,1601,1600,1635,26.3157901763916,0,0,0,0,0,0,0,214430.66674804688,233057.72705078125,76924.12463378906,0.3406982421875,33572028416,0,866304000,0
0,1762395859824,1600,1599,1600,1599,1602,1601,1600,1635,26.3157901763916,0,0,0,0,0,0,0,214430.66772460938,233057.7314453125,76924.12591552734,0.3406982421875,33572028416,0,866304000,0
1,1762395859825,1600,1599,1600,1599,1602,1601,1600,1635,26.3157901763916,0,0,0,0,0,0,0,214430.66870117188,233057.73565673828,76924.12719726563,0.3406982421875,33572028416,0,866304000,0
1,1762395859826,1600,1599,1600,1599,1602,1601,1600,1635,26.3157901763916,0,0,0,0,0,0,0,214430.66973876953,233057.74029541016,76924.12872314453,0.3406982421875,33572028416,0,866304000,0
1,1762395859827,1600,1599,1600,1599,1602,1601,1600,1635,26.3157901763916,0,0,0,0,0,0,0,214430.67071533203,233057.74493408203,76924.13049316406,0.3406982421875,33572028416,0,866304000,0
1,1762395859828,1600,1599,1600,1599,1602,1601,1600,1635,26.3157901763916,0,0,0,0,0,0,0,214430.67169189453,233057.74969482422,76924.13201904297,0.3406982421875,33572028416,0,866304000,0
1,1762395859829,1600,1599,1600,1599,1602,1601,1600,1635,26.3157901763916,0,0,0,0,0,0,0,214430.67266845703,233057.7544555664,76924.1333618164,0.3406982421875,33572028416,0,866304000,0
1,1762395859830,1600,1599,1600,1599,1602,1601,1600,1635,26.3157901763916,0,0,0,0,0,0,0,214430.6737060547,233057.75872802734,76924.134765625,0.3406982421875,33572028416,0,866304000,0
1,1762395859831,1600,1599,1600,1599,1602,1601,1600,1635,26.3157901763916,0,0,0,0,0,0,0,214430.6756591797,233057.76690673828,76924.13586425781,0.3406982421875,33572028416,0,866304000,0
0,1762395859832,1600,1599,1600,1599,1602,1601,1600,1635,26.3157901763916,0,0,0,0,0,0,0,214430.6766357422,233057.77130126953,76924.13739013672,0.3406982421875,33572028416,0,866304000,0
0,1762395859834,1600,1599,1600,1599,1602,1601,1600,1635,26.3157901763916,0,0,0,0,0,0,0,214430.6776123047,233057.77569580078,76924.13873291016,0.3406982421875,33572028416,0,866304000,0
0,1762395859835,1600,1599,1600,1599,1602,1601,1600,1635,26.3157901763916,0,0,0,0,0,0,0,214430.67864990234,233057.7801513672,76924.14001464844,0.3406982421875,33572028416,0,866304000,0
1,1762395859836,1600,1599,1600,1599,1602,1601,1600,1635,26.3157901763916,0,0,0,0,0,0,0,214430.6795654297,233057.78436279297,76924.14111328125,0.3406982421875,33572028416,0,866304000,0
1,1762395859837,1600,1599,1600,1599,1602,1601,1600,1635,26.3157901763916,0,0,0,0,0,0,0,214430.68060302734,233057.78875732422,76924.142578125,0.3406982421875,33572028416,0,866304000,0
1,1762395859838,1600,1599,1600,1599,1602,1601,1600,1635,26.3157901763916,0,0,0,0,0,0,0,214430.68157958984,233057.79315185547,76924.14379882813,0.3406982421875,33572028416,0,866304000,0
1,1762395859839,1600,1599,1600,1599,1602,1601,1600,1635,26.3157901763916,0,0,0,0,0,0,0,214430.68255615234,233057.7977294922,76924.14544677734,0.3406982421875,33572028416,0,866304000,0
1,1762395859840,1600,1599,1600,1599,1602,1601,1600,1635,26.3157901763916,0,0,0,0,0,0,0,214430.68359375,233057.80242919922,76924.1469116211,0.3406982421875,33572028416,0,866304000,0
1,1762395859841,1600,1599,1600,1599,1602,1601,1600,1635,26.3157901763916,0,0,0,0,0,0,0,214430.6845703125,233057.8067626953,76924.14825439453,0.3406982421875,33572028416,0,866304000,0
1,1762395859842,1600,1599,1600,1599,1602,1601,1600,1635,26.3157901763916,0,0,0,0,0,0,0,214430.68658447266,233057.8153076172,76924.14947509766,0.3406982421875,33572028416,0,866304000,0
0,1762395859843,1600,1599,1600,1599,1602,1601,1600,1635,26.3157901763916,0,0,0,0,0,0,0,214430.68756103516,233057.81951904297,76924.1509399414,0.3406982421875,33572028416,0,866304000,0
0,1762395859845,1600,1599,1600,1599,1602,1601,1600,1635,26.3157901763916,0,0,0,0,0,0,0,214430.6884765625,233057.82373046875,76924.15203857422,0.3406982421875,33572028416,0,866304000,0
0,1762395859846,1600,1599,1600,1599,1602,1601,1600,1635,26.3157901763916,0,0,0,0,0,0,0,214430.68951416016,233057.828125,76924.15338134766,0.3406982421875,33572028416,0,866304000,0
1,1762395859847,1600,1599,1600,1599,1602,1601,1600,1635,26.3157901763916,0,0,0,0,0,0,0,214430.69049072266,233057.83264160156,76924.1547241211,0.3406982421875,33572028416,0,866304000,0
1,1762395859848,1600,1599,1600,1599,1602,1601,1600,1635,26.3157901763916,0,0,0,0,0,0,0,214430.69146728516,233057.83697509766,76924.15637207031,0.3406982421875,33572028416,0,866304000,0
1,1762395859849,1600,1599,1600,1599,1602,1601,1600,1635,26.3157901763916,0,0,0,0,0,0,0,214430.69244384766,233057.84173583984,76924.15789794922,0.3406982421875,33572028416,0,866304000,0
1,1762395859850,1600,1599,1600,1599,1602,1601,1600,1635,26.3157901763916,0,0,0,0,0,0,0,214430.6934814453,233057.84637451172,76924.15930175781,0.3406982421875,33572028416,0,866304000,0
1,1762395859851,1600,1599,1600,1599,1602,1601,1600,1635,26.3157901763916,0,0,0,0,0,0,0,214430.6944580078,233057.85083007813,76924.16052246094,0.3406982421875,33572028416,0,866304000,0
1,1762395859852,1600,1599,1600,1599,1602,1601,1600,1635,26.3157901763916,0,0,0,0,0,0,0,214430.69549560547,233057.85528564453,76924.16186523438,0.3406982421875,33572028416,0,866304000,0
1,1762395859853,1600,1599,1600,1599,1602,1601,1600,1635,26.3157901763916,0,0,0,0,0,0,0,214430.69744873047,233057.86346435547,76924.16302490234,0.3406982421875,33572028416,0,866304000,0
0,1762395859854,1600,1599,1600,1599,1602,1601,1600,1635,26.3157901763916,0,0,0,0,0,0,0,214430.6983642578,233057.8676147461,76924.16436767578,0.3406982421875,33572028416,0,866304000,0
0,1762395859856,1600,1599,1600,1599,1602,1601,1600,1635,26.3157901763916,0,0,0,0,0,0,0,214430.69940185547,233057.8720703125,76924.16571044922,0.3406982421875,33572028416,0,866304000,0
0,1762395859857,1600,1599,1600,1599,1602,1601,1600,1635,26.3157901763916,0,0,0,0,0,0,0,214430.70037841797,233057.8765258789,76924.16693115234,0.3406982421875,33572028416,0,866304000,0
1,1762395859858,1600,1599,1600,1599,1602,1601,1600,1635,26.3157901763916,0,0,0,0,0,0,0,214430.70141601563,233057.880859375,76924.16809082031,0.3406982421875,33572028416,0,866304000,0
1,1762395859859,1600,1599,1600,1599,1602,1601,1600,1635,26.3157901763916,0,0,0,0,0,0,0,214430.70239257813,233057.88525390625,76924.1694946289,0.3406982421875,33572028416,0,866304000,0
1,1762395859860,1600,1599,1600,1599,1602,1601,1600,1635,26.3157901763916,0,0,0,0,0,0,0,214430.70336914063,233057.8897705078,76924.1708984375,0.3406982421875,33572028416,0,866304000,0
1,1762395859861,1600,1599,1600,1599,1602,1601,1600,1635,26.3157901763916,0,0,0,0,0,0,0,214430.70440673828,233057.89434814453,76924.17248535156,0.3406982421875,33572028416,0,866304000,0
1,1762395859862,1600,1599,1600,1599,1602,1601,1600,1635,26.3157901763916,0,0,0,0,0,0,0,214430.70538330078,233057.8989868164,76924.17388916016,0.3406982421875,33572028416,0,866304000,0
1,1762395859863,1600,1599,1600,1599,1602,1601,1600,1635,26.3157901763916,0,0,0,0,0,0,0,214430.70635986328,233057.9033203125,76924.17529296875,0.3406982421875,33572028416,0,866304000,0
1,1762395859864,1600,1599,1600,1599,1602,1601,1600,1635,26.3157901763916,0,0,0,0,0,0,0,214430.70837402344,233057.91186523438,76924.17663574219,0.3406982421875,33572028416,0,866304000,0
0,1762395859865,1600,1599,1600,1599,1602,1601,1600,1635,26.3157901763916,0,0,0,0,0,0,0,214430.70928955078,233057.9158935547,76924.17779541016,0.3406982421875,33572028416,0,866304000,0
0,1762395859867,1600,1599,1600,1599,1602,1601,1600,1635,26.3157901763916,0,0,0,0,0,0,0,214430.71032714844,233057.92028808594,76924.17907714844,0.3406982421875,33572028416,0,866304000,0
0,1762395859868,1600,1599,1600,1599,1602,1601,1600,1635,26.3157901763916,0,0,0,0,0,0,0,214430.7113647461,233057.92498779297,76924.18078613281,0.3406982421875,33572028416,0,866304000,0
1,1762395859869,1600,1599,1600,1599,1602,1601,1600,1635,26.3157901763916,0,0,0,0,0,0,0,214430.7123413086,233057.9296875,76924.18237304688,0.3406982421875,33572028416,0,866304000,0
1,1762395859870,1600,1599,1600,1599,1602,1601,1600,1635,26.3157901763916,0,0,0,0,0,0,0,214430.7133178711,233057.9341430664,76924.1840209961,0.3406982421875,33572028416,0,866304000,0
1,1762395859871,1600,1599,1600,1599,1602,1601,1600,1635,26.3157901763916,0,0,0,0,0,0,0,214430.7142944336,233057.93884277344,76924.18572998047,0.3406982421875,33572028416,0,866304000,0
1,1762395859872,1600,1599,1600,1599,1602,1601,1600,1635,26.3157901763916,0,0,0,0,0,0,0,214430.7152709961,233057.94366455078,76924.18701171875,0.3406982421875,33572028416,0,866304000,0
1,1762395859873,1600,1599,1600,1599,1602,1601,1600,1635,26.3157901763916,0,0,0,0,0,0,0,214430.71630859375,233057.94805908203,76924.18835449219,0.3406982421875,33572028416,0,866304000,0
1,1762395859874,1600,1599,1600,1599,1602,1601,1600,1635,26.3157901763916,0,0,0,0,0,0,0,214430.71728515625,233057.95239257813,76924.18969726563,0.3406982421875,33572028416,0,866304000,0
1,1762395859875,1600,1599,1600,1599,1602,1601,1600,1635,26.3157901763916,0,0,0,0,0,0,0,214430.7192993164,233057.96124267578,76924.19134521484,0.3406982421875,33572028416,0,866304000,0
0,1762395859876,1600,1599,1600,1599,1602,1601,1600,1635,26.3157901763916,0,0,0,0,0,0,0,214430.72021484375,233057.96514892578,76924.19250488281,0.3406982421875,33572028416,0,866304000,0
0,1762395859878,1600,1599,1600,1599,1602,1601,1600,1635,26.3157901763916,0,0,0,0,0,0,0,214430.7212524414,233057.96948242188,76924.1937866211,0.3406982421875,33572028416,0,866304000,0
0,1762395859879,1600,1599,1600,1599,1602,1601,1600,1635,26.3157901763916,0,0,0,0,0,0,0,214430.7222290039,233057.97393798828,76924.19500732422,0.3406982421875,33572028416,0,866304000,0
1,1762395859880,1600,1599,1600,1599,1602,1601,1600,1635,26.3157901763916,0,0,0,0,0,0,0,214430.7232055664,233057.97814941406,76924.19616699219,0.3406982421875,33572028416,0,866304000,0
1,1762395859881,1600,1599,1600,1599,1602,1601,1600,1635,26.3157901763916,0,0,0,0,0,0,0,214430.72424316406,233057.98278808594,76924.19775390625,0.3406982421875,33572028416,0,866304000,0
1,1762395859882,1600,1599,1600,1599,1602,1601,1600,1635,26.3157901763916,0,0,0,0,0,0,0,214430.72521972656,233057.9873046875,76924.19934082031,0.3406982421875,33572028416,0,866304000,0
1,1762395859883,1600,1599,1600,1599,1602,1601,1600,1635,26.3157901763916,0,0,0,0,0,0,0,214430.72619628906,233057.9920654297,76924.201171875,0.3406982421875,33572028416,0,866304000,0
1,1762395859884,1600,1599,1600,1599,1602,1601,1600,1635,26.3157901763916,0,0,0,0,0,0,0,214430.72723388672,233057.99682617188,76924.20239257813,0.3406982421875,33572028416,0,866304000,0
1,1762395859885,1600,1599,1600,1599,1602,1601,1600,1635,26.3157901763916,0,0,0,0,0,0,0,214430.72821044922,233058.00103759766,76924.20373535156,0.3406982421875,33572028416,0,866304000,0
1,1762395859886,1600,1599,1600,1599,1602,1601,1600,1635,26.3157901763916,0,0,0,0,0,0,0,214430.73022460938,233058.00952148438,76924.20483398438,0.3406982421875,33572028416,0,866304000,0
0,1762395859887,1600,1599,1600,1599,1602,1601,1600,1635,26.3157901763916,0,0,0,0,0,0,0,214430.73114013672,233058.01361083984,76924.20623779297,0.3406982421875,33572028416,0,866304000,0
0,1762395859889,1600,1599,1600,1599,1602,1601,1600,1635,26.3157901763916,0,0,0,0,0,0,0,214430.73217773438,233058.01818847656,76924.20764160156,0.3406982421875,33572028416,0,866304000,0
0,1762395859890,1600,1599,1600,1599,1602,1601,1600,1635,26.3157901763916,0,0,0,0,0,0,0,214430.73315429688,233058.02270507813,76924.20910644531,0.3406982421875,33572028416,0,866304000,0
1,1762395859891,1600,1599,1600,1599,1602,1601,1600,1635,26.3157901763916,0,0,0,0,0,0,0,214430.73413085938,233058.02709960938,76924.21063232422,0.3406982421875,33572028416,0,866304000,0
1,1762395859892,1600,1599,1600,1599,1602,1601,1600,1635,26.3157901763916,0,0,0,0,0,0,0,214430.73510742188,233058.0316772461,76924.21221923828,0.3406982421875,33572028416,0,866304000,0
1,1762395859893,1600,1599,1600,1599,1602,1601,1600,1635,26.3157901763916,0,0,0,0,0,0,0,214430.73614501953,233058.03662109375,76924.21374511719,0.3406982421875,33572028416,0,866304000,0
1,1762395859894,1600,1599,1600,1599,1602,1601,1600,1635,26.3157901763916,0,0,0,0,0,0,0,214430.73712158203,233058.04119873047,76924.2152709961,0.3406982421875,33572028416,0,866304000,0
1,1762395859895,1600,1599,1600,1599,1602,1601,1600,1635,26.3157901763916,0,0,0,0,0,0,0,214430.7381591797,233058.0457763672,76924.21673583984,0.3406982421875,33572028416,0,866304000,0
1,1762395859896,1600,1599,1600,1599,1602,1601,1600,1635,26.3157901763916,0,0,0,0,0,0,0,214430.73907470703,233058.05010986328,76924.21813964844,0.3406982421875,33572028416,0,866304000,0
1,1762395859897,1600,1599,1600,1599,1602,1601,1600,1635,26.3157901763916,0,0,0,0,0,0,0,214430.7410888672,233058.05877685547,76924.21960449219,0.3406982421875,33572028416,0,866304000,0
0,1762395859898,1600,1599,1600,1599,1602,1601,1600,1635,26.3157901763916,0,0,0,0,0,0,0,214430.7420654297,233058.06274414063,76924.220703125,0.3406982421875,33572028416,0,866304000,0
0,1762395859900,1600,1599,1600,1599,1602,1601,1600,1635,26.3157901763916,0,0,0,0,0,0,0,214430.7430419922,233058.06713867188,76924.22198486328,0.3406982421875,33572028416,0,866304000,0
0,1762395859901,1600,1599,1600,1599,1602,1601,1600,1635,26.3157901763916,0,0,0,0,0,0,0,214430.7440185547,233058.07159423828,76924.22326660156,0.3406982421875,33572028416,0,866304000,0
1,1762395859902,1600,1599,1600,1599,1602,1601,1600,1635,26.3157901763916,0,0,0,0,0,0,0,214430.74505615234,233058.07598876953,76924.224609375,0.3406982421875,33572028416,0,866304000,0
1,1762395859903,1600,1599,1600,1599,1602,1601,1600,1635,26.3157901763916,0,0,0,0,0,0,0,214430.74603271484,233058.0805053711,76924.22607421875,0.3406982421875,33572028416,0,866304000,0
1,1762395859904,1600,1599,1600,1599,1602,1601,1600,1635,26.3157901763916,0,0,0,0,0,0,0,214430.7470703125,233058.08502197266,76924.22766113281,0.3406982421875,33572028416,0,866304000,0
1,1762395859905,1600,1599,1600,1599,1602,1601,1600,1635,26.3157901763916,0,0,0,0,0,0,0,214430.748046875,233058.0897216797,76924.22924804688,0.3406982421875,33572028416,0,866304000,0
1,1762395859906,1600,1599,1600,1599,1602,1601,1600,1635,26.3157901763916,0,0,0,0,0,0,0,214430.7490234375,233058.0942993164,76924.23052978516,0.3406982421875,33572028416,0,866304000,0
1,1762395859907,1600,1599,1600,1599,1602,1601,1600,1635,26.3157901763916,0,0,0,0,0,0,0,214430.75,233058.0985107422,76924.23193359375,0.3406982421875,33572028416,0,866304000,0
1,1762395859908,1600,1599,1600,1599,1602,1601,1600,1635,26.3157901763916,0,0,0,0,0,0,0,214430.75201416016,233058.1069946289,76924.23321533203,0.3406982421875,33572028416,0,866304000,0
0,1762395859909,1600,1599,1600,1599,1602,1601,1600,1635,26.3157901763916,0,0,0,0,0,0,0,214430.7529296875,233058.11108398438,76924.23449707031,0.3406982421875,33572028416,0,866304000,0
0,1762395859911,1600,1599,1600,1599,1602,1601,1600,1635,26.3157901763916,0,0,0,0,0,0,0,214430.75396728516,233058.11553955078,76924.23571777344,0.3406982421875,33572028416,0,866304000,0
0,1762395859912,1600,1599,1600,1599,1602,1601,1600,1635,26.3157901763916,0,0,0,0,0,0,0,214430.75494384766,233058.1199951172,76924.2373046875,0.3406982421875,33572028416,0,866304000,0
1,1762395859913,1600,1599,1600,1599,1602,1601,1600,1635,26.3157901763916,0,0,0,0,0,0,0,214430.75592041016,233058.1244506836,76924.23889160156,0.3406982421875,33572028416,0,866304000,0
1,1762395859914,1600,1599,1600,1599,1602,1601,1600,1635,26.3157901763916,0,0,0,0,0,0,0,214430.75689697266,233058.12908935547,76924.24041748047,0.3406982421875,33572028416,0,866304000,0
1,1762395859915,1600,1599,1600,1599,1602,1601,1600,1635,26.3157901763916,0,0,0,0,0,0,0,214430.7579345703,233058.13372802734,76924.2416381836,0.3406982421875,33572028416,0,866304000,0
1,1762395859916,1600,1599,1600,1599,1602,1601,1600,1635,26.3157901763916,0,0,0,0,0,0,0,214430.7589111328,233058.13818359375,76924.2431640625,0.3406982421875,33572028416,0,866304000,0
1,1762395859917,1600,1599,1600,1599,1602,1601,1600,1635,26.3157901763916,0,0,0,0,0,0,0,214430.75994873047,233058.14276123047,76924.2445678711,0.3406982421875,33572028416,0,866304000,0
1,1762395859918,1600,1599,1600,1599,1602,1601,1600,1635,26.3157901763916,0,0,0,0,0,0,0,214430.76092529297,233058.14709472656,76924.24591064453,0.3406982421875,33572028416,0,866304000,0
1,1762395859919,1600,1599,1600,1599,1602,1601,1600,1635,26.3157901763916,0,0,0,0,0,0,0,214430.76287841797,233058.15563964844,76924.24737548828,0.3406982421875,33572028416,0,866304000,0
0,1762395859920,1600,1599,1600,1599,1602,1601,1600,1635,26.3157901763916,0,0,0,0,0,0,0,214430.76385498047,233058.15997314453,76924.24871826172,0.3406982421875,33572028416,0,866304000,0
0,1762395859922,1600,1599,1600,1599,1602,1601,1600,1635,26.3157901763916,0,0,0,0,0,0,0,214430.76483154297,233058.16436767578,76924.25012207031,0.3406982421875,33572028416,0,866304000,0
0,1762395859923,1600,1599,1600,1599,1602,1601,1600,1635,26.3157901763916,0,0,0,0,0,0,0,214430.76580810547,233058.16870117188,76924.25134277344,0.3406982421875,33572028416,0,866304000,0
1,1762395859924,1600,1599,1600,1599,1602,1601,1600,1635,26.3157901763916,0,0,0,0,0,0,0,214430.76684570313,233058.17315673828,76924.25262451172,0.3406982421875,33572028416,0,866304000,0
1,1762395859925,1600,1599,1600,1599,1602,1601,1600,1635,26.3157901763916,0,0,0,0,0,0,0,214430.76782226563,233058.17755126953,76924.25427246094,0.3406982421875,33572028416,0,866304000,0
1,1762395859926,1600,1599,1600,1599,1602,1601,1600,1635,26.3157901763916,0,0,0,0,0,0,0,214430.76879882813,233058.18212890625,76924.25592041016,0.3406982421875,33572028416,0,866304000,0
1,1762395859927,1600,1599,1600,1599,1602,1601,1600,1635,26.3157901763916,0,0,0,0,0,0,0,214430.76977539063,233058.18701171875,76924.25769042969,0.3406982421875,33572028416,0,866304000,0
1,1762395859928,1600,1599,1600,1599,1602,1601,1600,1635,26.3157901763916,0,0,0,0,0,0,0,214430.77081298828,233058.1919555664,76924.25897216797,0.3406982421875,33572028416,0,866304000,0
1,1762395859929,1600,1599,1600,1599,1602,1601,1600,1635,26.3157901763916,0,0,0,0,0,0,0,214430.77178955078,233058.19610595703,76924.26037597656,0.3406982421875,33572028416,0,866304000,0
1,1762395859930,1600,1599,1600,1599,1602,1601,1600,1635,26.3157901763916,0,0,0,0,0,0,0,214430.77380371094,233058.2045288086,76924.26141357422,0.3406982421875,33572028416,0,866304000,0
0,1762395859931,1600,1599,1600,1599,1602,1601,1600,1635,26.3157901763916,0,0,0,0,0,0,0,214430.77471923828,233058.20867919922,76924.26300048828,0.3406982421875,33572028416,0,866304000,0
0,1762395859933,1600,1599,1600,1599,1602,1601,1600,1635,26.3157901763916,0,0,0,0,0,0,0,214430.77569580078,233058.21325683594,76924.26434326172,0.3406982421875,33572028416,0,866304000,0
0,1762395859934,1600,1599,1600,1599,1602,1601,1600,1635,26.3157901763916,0,0,0,0,0,0,0,214430.77673339844,233058.21771240234,76924.26593017578,0.3406982421875,33572028416,0,866304000,0
1,1762395859935,1600,1599,1600,1599,1602,1601,1600,1635,26.3157901763916,0,0,0,0,0,0,0,214430.7777709961,233058.22241210938,76924.26733398438,0.3406982421875,33572028416,0,866304000,0
1,1762395859936,1600,1599,1600,1599,1602,1601,1600,1635,26.3157901763916,0,0,0,0,0,0,0,214430.7787475586,233058.22680664063,76924.26867675781,0.3406982421875,33572028416,0,866304000,0
1,1762395859937,1600,1599,1600,1599,1602,1601,1600,1635,26.3157901763916,0,0,0,0,0,0,0,214430.7797241211,233058.23120117188,76924.2699584961,0.3406982421875,33572028416,0,866304000,0
1,1762395859938,1600,1599,1600,1599,1602,1601,1600,1635,26.3157901763916,0,0,0,0,0,0,0,214430.7807006836,233058.23559570313,76924.27160644531,0.3406982421875,33572028416,0,866304000,0
1,1762395859939,1600,1599,1600,1599,1602,1601,1600,1635,26.3157901763916,0,0,0,0,0,0,0,214430.78173828125,233058.24047851563,76924.27307128906,0.3406982421875,33572028416,0,866304000,0
1,1762395859940,1600,1599,1600,1599,1602,1601,1600,1635,26.3157901763916,0,0,0,0,0,0,0,214430.78271484375,233058.24493408203,76924.27447509766,0.3406982421875,33572028416,0,866304000,0
1,1762395859941,1600,1599,1600,1599,1602,1601,1600,1635,26.3157901763916,0,0,0,0,0,0,0,214430.78466796875,233058.25341796875,76924.27587890625,0.3406982421875,33572028416,0,866304000,0
0,1762395859942,1600,1599,1600,1599,1602,1601,1600,1635,26.3157901763916,0,0,0,0,0,0,0,214430.78564453125,233058.25762939453,76924.27697753906,0.3406982421875,33572028416,0,866304000,0
0,1762395859944,1600,1599,1600,1599,1602,1601,1600,1635,26.3157901763916,0,0,0,0,0,0,0,214430.78662109375,233058.2618408203,76924.27825927734,0.3406982421875,33572028416,0,866304000,0
0,1762395859945,1600,1599,1600,1599,1602,1601,1600,1635,26.3157901763916,0,0,0,0,0,0,0,214430.78759765625,233058.26629638672,76924.2797241211,0.3406982421875,33572028416,0,866304000,0
1,1762395859946,1600,1599,1600,1599,1602,1601,1600,1635,26.3157901763916,0,0,0,0,0,0,0,214430.7886352539,233058.27081298828,76924.28100585938,0.3406982421875,33572028416,0,866304000,0
1,1762395859947,1600,1599,1600,1599,1602,1601,1600,1635,26.3157901763916,0,0,0,0,0,0,0,214430.7896118164,233058.27508544922,76924.2826538086,0.3406982421875,33572028416,0,866304000,0
1,1762395859948,1600,1599,1600,1599,1602,1601,1600,1635,26.3157901763916,0,0,0,0,0,0,0,214430.79064941406,233058.28002929688,76924.28430175781,0.3406982421875,33572028416,0,866304000,0
1,1762395859949,1600,1599,1600,1599,1602,1601,1600,1635,26.3157901763916,0,0,0,0,0,0,0,214430.79162597656,233058.2847290039,76924.2857055664,0.3406982421875,33572028416,0,866304000,0
1,1762395859950,1600,1599,1600,1599,1602,1601,1600,1635,26.3157901763916,0,0,0,0,0,0,0,214430.79260253906,233058.2891845703,76924.28698730469,0.3406982421875,33572028416,0,866304000,0
1,1762395859951,1600,1599,1600,1599,1602,1601,1600,1635,26.3157901763916,0,0,0,0,0,0,0,214430.79357910156,233058.2933959961,76924.28839111328,0.3406982421875,33572028416,0,866304000,0
1,1762395859952,1600,1599,1600,1599,1602,1601,1600,1635,26.3157901763916,0,0,0,0,0,0,0,214430.79553222656,233058.30157470703,76924.2894897461,0.3406982421875,33572028416,0,866304000,0
0,1762395859953,1600,1599,1600,1599,1602,1601,1600,1635,26.3157901763916,0,0,0,0,0,0,0,214430.79650878906,233058.30590820313,76924.29089355469,0.3406982421875,33572028416,0,866304000,0
0,1762395859955,1600,1599,1600,1599,1602,1601,1600,1635,26.3157901763916,0,0,0,0,0,0,0,214430.79754638672,233058.31024169922,76924.29229736328,0.3406982421875,33572028416,0,866304000,0
0,1762395859956,1600,1599,1600,1599,1602,1601,1600,1635,26.3157901763916,0,0,0,0,0,0,0,214430.79852294922,233058.31475830078,76924.2935180664,0.3406982421875,33572028416,0,866304000,0
1,1762395859957,1600,1599,1600,1599,1602,1601,1600,1635,26.3157901763916,0,0,0,0,0,0,0,214430.79949951172,233058.3189086914,76924.29467773438,0.3406982421875,33572028416,0,866304000,0
1,1762395859958,1600,1599,1600,1599,1602,1601,1600,1635,26.3157901763916,0,0,0,0,0,0,0,214430.80053710938,233058.32360839844,76924.29620361328,0.3406982421875,33572028416,0,866304000,0
1,1762395859959,1600,1599,1600,1599,1602,1601,1600,1635,26.3157901763916,0,0,0,0,0,0,0,214430.80151367188,233058.328125,76924.29754638672,0.3406982421875,33572028416,0,866304000,0
1,1762395859960,1600,1599,1600,1599,1602,1601,1600,1635,26.3157901763916,0,0,0,0,0,0,0,214430.80249023438,233058.33264160156,76924.29919433594,0.3406982421875,33572028416,0,866304000,0
1,1762395859961,1600,1599,1600,1599,1602,1601,1600,1635,26.3157901763916,0,0,0,0,0,0,0,214430.80352783203,233058.33728027344,76924.30053710938,0.3406982421875,33572028416,0,866304000,0
1,1762395859962,1600,1599,1600,1599,1602,1601,1600,1635,26.3157901763916,0,0,0,0,0,0,0,214430.80450439453,233058.34155273438,76924.30187988281,0.3406982421875,33572028416,0,866304000,0
0,1762395859963,1600,1599,1600,1599,1602,1601,1600,1635,26.3157901763916,0,0,0,0,0,0,0,214430.80645751953,233058.35009765625,76924.3032836914,0.3406982421875,33572028416,0,866304000,0
0,1762395859964,1600,1599,1600,1599,1602,1601,1600,1635,26.3157901763916,0,0,0,0,0,0,0,214430.80743408203,233058.3540649414,76924.30444335938,0.3406982421875,33572028416,0,866304000,0
0,1762395859966,1600,1599,1600,1599,1602,1601,1600,1635,26.3157901763916,0,0,0,0,0,0,0,214430.80841064453,233058.3583984375,76924.3056640625,0.3406982421875,33572028416,0,866304000,0
0,1762395859967,1600,1599,1600,1599,1602,1601,1600,1635,26.3157901763916,0,0,0,0,0,0,0,214430.80938720703,233058.36279296875,76924.30694580078,0.3406982421875,33572028416,0,866304000,0
1,1762395859968,1600,1599,1600,1599,1602,1601,1600,1635,26.3157901763916,0,0,0,0,0,0,0,214430.81036376953,233058.36712646484,76924.30841064453,0.3406982421875,33572028416,0,866304000,0
1,1762395859969,1600,1599,1600,1599,1602,1601,1600,1635,26.3157901763916,0,0,0,0,0,0,0,214430.8114013672,233058.37170410156,76924.30987548828,0.3406982421875,33572028416,0,866304000,0
1,1762395859970,1600,1599,1600,1599,1602,1601,1600,1635,26.3157901763916,0,0,0,0,0,0,0,214430.8123779297,233058.3764038086,76924.31158447266,0.3406982421875,33572028416,0,866304000,0
1,1762395859971,1600,1599,1600,1599,1602,1601,1600,1635,26.3157901763916,0,0,0,0,0,0,0,214430.81341552734,233058.38110351563,76924.31298828125,0.3406982421875,33572028416,0,866304000,0
1,1762395859972,1600,1599,1600,1599,1602,1601,1600,1635,26.3157901763916,0,0,0,0,0,0,0,214430.8143310547,233058.3856201172,76924.31433105469,0.3406982421875,33572028416,0,866304000,0
1,1762395859973,1600,1599,1600,1599,1602,1601,1600,1635,26.3157901763916,0,0,0,0,0,0,0,214430.81536865234,233058.39013671875,76924.31573486328,0.3406982421875,33572028416,0,866304000,0
1,1762395859974,1600,1599,1600,1599,1602,1601,1600,1635,26.3157901763916,0,0,0,0,0,0,0,214430.8173828125,233058.39874267578,76924.31732177734,0.3406982421875,33572028416,0,866304000,0
0,1762395859975,1600,1599,1600,1599,1602,1601,1600,1635,26.3157901763916,0,0,0,0,0,0,0,214430.818359375,233058.40295410156,76924.31854248047,0.3406982421875,33572028416,0,866181120,0
0,1762395859977,1600,1599,1600,1599,1602,1601,1600,1635,26.3157901763916,0,0,0,0,0,0,0,214430.8193359375,233058.40716552734,76924.3198852539,0.3406982421875,33572028416,0,866181120,0
0,1762395859978,1600,1599,1600,1599,1602,1601,1600,1635,26.3157901763916,0,0,0,0,0,0,0,214430.8203125,233058.4115600586,76924.32104492188,0.3406982421875,33572028416,0,866181120,0
1,1762395859979,1600,1599,1600,1599,1602,1601,1600,1635,26.3157901763916,0,0,0,0,0,0,0,214430.82135009766,233058.41595458984,76924.322265625,0.3406982421875,33572028416,0,866181120,0
1,1762395859980,1600,1599,1600,1599,1602,1601,1600,1635,26.3157901763916,0,0,0,0,0,0,0,214430.82232666016,233058.4203491211,76924.32373046875,0.3406982421875,33572028416,0,866181120,0
1,1762395859981,1600,1599,1600,1599,1602,1601,1600,1635,26.3157901763916,0,0,0,0,0,0,0,214430.82330322266,233058.42474365234,76924.32507324219,0.3406982421875,33572028416,0,866181120,0
1,1762395859982,1600,1599,1600,1599,1602,1601,1600,1635,26.3157901763916,0,0,0,0,0,0,0,214430.82427978516,233058.42962646484,76924.32690429688,0.3406982421875,33572028416,0,866181120,0
1,1762395859983,1600,1599,1600,1599,1602,1601,1600,1635,26.3157901763916,0,0,0,0,0,0,0,214430.8253173828,233058.43432617188,76924.32836914063,0.3406982421875,33572028416,0,866181120,0
1,1762395859984,1600,1599,1600,1599,1602,1601,1600,1635,26.3157901763916,0,0,0,0,0,0,0,214430.82623291016,233058.43872070313,76924.32971191406,0.3406982421875,33572028416,0,866181120,0
1,1762395859985,1600,1599,1600,1599,1602,1601,1600,1635,26.3157901763916,0,0,0,0,0,0,0,214430.8282470703,233058.4471435547,76924.33099365234,0.3406982421875,33572028416,0,866181120,0
0,1762395859986,1600,1599,1600,1599,1602,1601,1600,1635,26.3157901763916,0,0,0,0,0,0,0,214430.8292236328,233058.45141601563,76924.33221435547,0.3406982421875,33572028416,0,866181120,0
0,1762395859988,1600,1599,1600,1599,1602,1601,1600,1635,26.3157901763916,0,0,0,0,0,0,0,214430.8302001953,233058.4556274414,76924.3335571289,0.3406982421875,33572028416,0,866181120,0
0,1762395859989,1600,1599,1600,1599,1602,1601,1600,1635,26.3157901763916,0,0,0,0,0,0,0,214430.8311767578,233058.4600830078,76924.33477783203,0.3406982421875,33572028416,0,866181120,0
0,1762395859990,1600,1599,1600,1599,1602,1601,1600,1635,26.3157901763916,0,0,0,0,0,0,0,214430.83221435547,233058.46459960938,76924.33630371094,0.3406982421875,33572028416,0,866181120,0
1,1762395859991,1600,1599,1600,1599,1602,1601,1600,1635,26.3157901763916,0,0,0,0,0,0,0,214430.83319091797,233058.46911621094,76924.33795166016,0.3406982421875,33572028416,0,866181120,0
1,1762395859992,1600,1599,1600,1599,1602,1601,1600,1635,16.666667938232422,0,0,0,0,0,0,0,214430.83416748047,233058.47381591797,76924.33959960938,0.3406982421875,33572028416,0,866181120,0
1,1762395859993,1600,1599,1600,1599,1602,1601,1600,1635,16.666667938232422,0,0,0,0,0,0,0,214430.83520507813,233058.47869873047,76924.34100341797,0.3406982421875,33572028416,0,866181120,0
1,1762395859994,1600,1599,1600,1599,1602,1601,1600,1635,16.666667938232422,0,0,0,0,0,0,0,214430.83618164063,233058.48309326172,76924.34228515625,0.3406982421875,33572028416,0,866181120,0
1,1762395859995,1600,1599,1600,1599,1602,1601,1600,1635,16.666667938232422,0,0,0,0,0,0,0,214430.83715820313,233058.4873046875,76924.34381103516,0.3406982421875,33572028416,0,866181120,0
1,1762395859996,1600,1599,1600,1599,1602,1601,1600,1635,16.666667938232422,0,0,0,0,0,0,0,214430.83911132813,233058.49603271484,76924.34521484375,0.3406982421875,33572028416,0,866181120,0
0,1762395859997,1600,1599,1600,1599,1602,1601,1600,1635,16.666667938232422,0,0,0,0,0,0,0,214430.84014892578,233058.5001220703,76924.34637451172,0.3406982421875,33572028416,0,866181120,0
0,1762395859999,1600,1599,1600,1599,1602,1601,1600,1635,16.666667938232422,0,0,0,0,0,0,0,214430.84112548828,233058.5044555664,76924.34759521484,0.3406982421875,33572028416,0,866181120,0
0,1762395860000,1600,1599,1600,1599,1602,1601,1600,1635,16.666667938232422,0,0,0,0,0,0,0,214430.84210205078,233058.50872802734,76924.34875488281,0.3406982421875,33572028416,0,866181120,0
1,1762395860001,1600,1599,1600,1599,1602,1601,1600,1635,16.666667938232422,0,0,0,0,0,0,0,214430.84307861328,233058.51306152344,76924.34991455078,0.3406982421875,33572028416,0,866181120,0
1,1762395860002,1600,1599,1600,1599,1602,1601,1600,1635,16.666667938232422,0,0,0,0,0,0,0,214430.84405517578,233058.5174560547,76924.35137939453,0.3406982421875,33572028416,0,866181120,0
1,1762395860003,1600,1599,1600,1599,1602,1601,1600,1635,16.666667938232422,0,0,0,0,0,0,0,214430.84509277344,233058.52215576172,76924.35284423828,0.3406982421875,33572028416,0,866181120,0
1,1762395860004,1600,1599,1600,1599,1602,1601,1600,1635,16.666667938232422,0,0,0,0,0,0,0,214430.84606933594,233058.52685546875,76924.35473632813,0.3406982421875,33572028416,0,866181120,0
1,1762395860005,1600,1599,1600,1599,1602,1601,1600,1635,16.666667938232422,0,0,0,0,0,0,0,214430.8471069336,233058.53161621094,76924.3560180664,0.3406982421875,33572028416,0,866181120,0
1,1762395860006,1600,1599,1600,1599,1602,1601,1600,1635,16.666667938232422,0,0,0,0,0,0,0,214430.8480834961,233058.53582763672,76924.357421875,0.3406982421875,33572028416,0,866181120,0
1,1762395860007,1600,1599,1600,1599,1602,1601,1600,1635,16.666667938232422,0,0,0,0,0,0,0,214430.8500366211,233058.54418945313,76924.35858154297,0.3406982421875,33572028416,0,866181120,0
0,1762395860008,1600,1599,1600,1599,1602,1601,1600,1635,16.666667938232422,0,0,0,0,0,0,0,214430.8510131836,233058.54846191406,76924.3598022461,0.3406982421875,33572028416,0,866181120,0
0,1762395860010,1600,1599,1600,1599,1602,1601,1600,1635,16.666667938232422,0,0,0,0,0,0,0,214430.8519897461,233058.55267333984,76924.36108398438,0.3406982421875,33572028416,0,866181120,0
0,1762395860011,1600,1599,1600,1599,1602,1601,1600,1635,16.666667938232422,0,0,0,0,0,0,0,214430.8529663086,233058.5570678711,76924.36248779297,0.3406982421875,33572028416,0,866181120,0
1,1762395860012,1600,1599,1600,1599,1602,1601,1600,1635,16.666667938232422,0,0,0,0,0,0,0,214430.85400390625,233058.56158447266,76924.36407470703,0.3406982421875,33572028416,0,866181120,0
1,1762395860013,1600,1599,1600,1599,1602,1601,1600,1635,16.666667938232422,0,0,0,0,0,0,0,214430.85498046875,233058.56610107422,76924.36560058594,0.3406982421875,33572028416,0,866181120,0
1,1762395860014,1600,1599,1600,1599,1602,1601,1600,1635,16.666667938232422,0,0,0,0,0,0,0,214430.85595703125,233058.5707397461,76924.36706542969,0.3406982421875,33572028416,0,866181120,0
1,1762395860015,1600,1599,1600,1599,1602,1601,1600,1635,16.666667938232422,0,0,0,0,0,0,0,214430.8569946289,233058.57550048828,76924.36853027344,0.3406982421875,33572028416,0,866181120,0
1,1762395860016,1600,1599,1600,1599,1602,1601,1600,1635,16.666667938232422,0,0,0,0,0,0,0,214430.8579711914,233058.57983398438,76924.36987304688,0.3406982421875,33572028416,0,866181120,0
1,1762395860017,1600,1599,1600,1599,1602,1601,1600,1635,16.666667938232422,0,0,0,0,0,0,0,214430.8589477539,233058.5844116211,76924.37139892578,0.3406982421875,33572028416,0,866181120,0
1,1762395860018,1600,1599,1600,1599,1602,1601,1600,1635,16.666667938232422,0,0,0,0,0,0,0,214430.86096191406,233058.59313964844,76924.37268066406,0.3406982421875,33572028416,0,866181120,0
0,1762395860019,1600,1599,1600,1599,1602,1601,1600,1635,16.666667938232422,0,0,0,0,0,0,0,214430.8618774414,233058.59704589844,76924.37396240234,0.3406982421875,33572028416,0,866181120,0
0,1762395860021,1600,1599,1600,1599,1602,1601,1600,1635,16.666667938232422,0,0,0,0,0,0,0,214430.86291503906,233058.60137939453,76924.37524414063,0.3406982421875,33572028416,0,866181120,0
0,1762395860022,1600,1599,1600,1599,1602,1601,1600,1635,16.666667938232422,0,0,0,0,0,0,0,214430.86389160156,233058.60571289063,76924.3764038086,0.3406982421875,33572028416,0,866181120,0
1,1762395860023,1600,1599,1600,1599,1602,1601,1600,1635,16.666667938232422,0,0,0,0,0,0,0,214430.86492919922,233058.61010742188,76924.37768554688,0.3406982421875,33572028416,0,866181120,0
1,1762395860024,1600,1599,1600,1599,1602,1601,1600,1635,16.666667938232422,0,0,0,0,0,0,0,214430.86590576172,233058.61450195313,76924.37908935547,0.3406982421875,33572028416,0,866181120,0
1,1762395860025,1600,1599,1600,1599,1602,1601,1600,1635,16.666667938232422,0,0,0,0,0,0,0,214430.86688232422,233058.61895751953,76924.38067626953,0.3406982421875,33572028416,0,866181120,0
1,1762395860026,1600,1599,1600,1599,1602,1601,1600,1635,16.666667938232422,0,0,0,0,0,0,0,214430.86785888672,233058.62365722656,76924.38232421875,0.3406982421875,33572028416,0,866181120,0
1,1762395860027,1600,1599,1600,1599,1602,1601,1600,1635,16.666667938232422,0,0,0,0,0,0,0,214430.86883544922,233058.6284790039,76924.38372802734,0.3406982421875,33572028416,0,866181120,0
1,1762395860028,1600,1599,1600,1599,1602,1601,1600,1635,16.666667938232422,0,0,0,0,0,0,0,214430.86981201172,233058.63275146484,76924.38507080078,0.3406982421875,33572028416,0,866181120,0
1,1762395860029,1600,1599,1600,1599,1602,1601,1600,1635,16.666667938232422,0,0,0,0,0,0,0,214430.87182617188,233058.6410522461,76924.38623046875,0.3406982421875,33572028416,0,866181120,0
0,1762395860030,1600,1599,1600,1599,1602,1601,1600,1635,16.666667938232422,0,0,0,0,0,0,0,214430.87280273438,233058.6453857422,76924.38763427734,0.3406982421875,33572028416,0,866181120,0
0,1762395860032,1600,1599,1600,1599,1602,1601,1600,1635,16.666667938232422,0,0,0,0,0,0,0,214430.87377929688,233058.64978027344,76924.38879394531,0.3406982421875,33572028416,0,866181120,0
0,1762395860033,1600,1599,1600,1599,1602,1601,1600,1635,16.666667938232422,0,0,0,0,0,0,0,214430.87481689453,233058.654296875,76924.39044189453,0.3406982421875,33572028416,0,866181120,0
1,1762395860034,1600,1599,1600,1599,1602,1601,1600,1635,16.666667938232422,0,0,0,0,0,0,0,214430.87579345703,233058.65881347656,76924.39196777344,0.3406982421875,33572028416,0,866181120,0
1,1762395860035,1600,1599,1600,1599,1602,1601,1600,1635,16.666667938232422,0,0,0,0,0,0,0,214430.87677001953,233058.66339111328,76924.39337158203,0.3406982421875,33572028416,0,866181120,0
1,1762395860036,1600,1599,1600,1599,1602,1601,1600,1635,16.666667938232422,0,0,0,0,0,0,0,214430.8778076172,233058.66802978516,76924.39465332031,0.3406982421875,33572028416,0,866181120,0
1,1762395860037,1600,1599,1600,1599,1602,1601,1600,1635,16.666667938232422,0,0,0,0,0,0,0,214430.87872314453,233058.6723022461,76924.39617919922,0.3406982421875,33572028416,0,866181120,0
1,1762395860038,1600,1599,1600,1599,1602,1601,1600,1635,16.666667938232422,0,0,0,0,0,0,0,214430.8797607422,233058.6768798828,76924.39770507813,0.3406982421875,33572028416,0,866181120,0
1,1762395860039,1600,1599,1600,1599,1602,1601,1600,1635,16.666667938232422,0,0,0,0,0,0,0,214430.8807373047,233058.68157958984,76924.39923095703,0.3406982421875,33572028416,0,866181120,0
1,1762395860040,1600,1599,1600,1599,1602,1601,1600,1635,16.666667938232422,0,0,0,0,0,0,0,214430.8826904297,233058.69018554688,76924.40057373047,0.3406982421875,33572028416,0,866181120,0
0,1762395860041,1600,1599,1600,1599,1602,1601,1600,1635,16.666667938232422,0,0,0,0,0,0,0,214430.88372802734,233058.69439697266,76924.4017944336,0.3406982421875,33572028416,0,866181120,0
0,1762395860043,1600,1599,1600,1599,1602,1601,1600,1635,16.666667938232422,0,0,0,0,0,0,0,214430.88470458984,233058.69873046875,76924.40295410156,0.3406982421875,33572028416,0,866181120,0
0,1762395860044,1600,1599,1600,1599,1602,1601,1600,1635,16.666667938232422,0,0,0,0,0,0,0,214430.88568115234,233058.70288085938,76924.40423583984,0.3406982421875,33572028416,0,866181120,0
1,1762395860045,1600,1599,1600,1599,1602,1601,1600,1635,16.666667938232422,0,0,0,0,0,0,0,214430.88665771484,233058.70721435547,76924.4052734375,0.3406982421875,33572028416,0,866181120,0
1,1762395860046,1600,1599,1600,1599,1602,1601,1600,1635,16.666667938232422,0,0,0,0,0,0,0,214430.88763427734,233058.71154785156,76924.40686035156,0.3406982421875,33572028416,0,866181120,0
1,1762395860047,1600,1599,1600,1599,1602,1601,1600,1635,16.666667938232422,0,0,0,0,0,0,0,214430.888671875,233058.7163696289,76924.40844726563,0.3406982421875,33572028416,0,866181120,0
1,1762395860048,1600,1599,1600,1599,1602,1601,1600,1635,16.666667938232422,0,0,0,0,0,0,0,214430.8896484375,233058.7211303711,76924.41015625,0.3406982421875,33572028416,0,866181120,0
1,1762395860049,1600,1599,1600,1599,1602,1601,1600,1635,16.666667938232422,0,0,0,0,0,0,0,214430.89068603516,233058.72583007813,76924.41143798828,0.3406982421875,33572028416,0,866181120,0
1,1762395860050,1600,1599,1600,1599,1602,1601,1600,1635,16.666667938232422,0,0,0,0,0,0,0,214430.89166259766,233058.72998046875,76924.41284179688,0.3406982421875,33572028416,0,866181120,0
1,1762395860051,1600,1599,1600,1599,1602,1601,1600,1635,16.666667938232422,0,0,0,0,0,0,0,214430.89361572266,233058.7381591797,76924.41394042969,0.3406982421875,33572028416,0,866181120,0
0,1762395860052,1600,1599,1600,1599,1602,1601,1600,1635,16.666667938232422,0,0,0,0,0,0,0,214430.89459228516,233058.74255371094,76924.41534423828,0.3406982421875,33572028416,0,866181120,0
0,1762395860054,1600,1599,1600,1599,1602,1601,1600,1635,16.666667938232422,0,0,0,0,0,0,0,214430.89556884766,233058.74688720703,76924.4164428711,0.3406982421875,33572028416,0,866181120,0
0,1762395860055,1600,1599,1600,1599,1602,1601,1600,1635,16.666667938232422,0,0,0,0,0,0,0,214430.8966064453,233058.75134277344,76924.41809082031,0.3406982421875,33572028416,0,866181120,0
1,1762395860056,1600,1599,1600,1599,1602,1601,1600,1635,16.666667938232422,0,0,0,0,0,0,0,214430.89752197266,233058.75561523438,76924.41925048828,0.3406982421875,33572028416,0,866181120,0
1,1762395860057,1600,1599,1600,1599,1602,1601,1600,1635,16.666667938232422,0,0,0,0,0,0,0,214430.8985595703,233058.76013183594,76924.42053222656,0.3406982421875,33572028416,0,866181120,0
0,1762395860058,1600,1599,1600,1599,1602,1601,1600,1635,16.666667938232422,0,0,0,0,0,0,0,214430.89959716797,233058.76446533203,76924.42272949219,0.3406982421875,33572028416,0,866181120,0
0,1762395860059,1600,1599,1600,1599,1602,1601,1600,1635,16.666667938232422,0,0,0,0,0,0,0,214430.9008178711,233058.77081298828,76924.42614746094,0.3406982421875,33572028416,0,866181120,0
1,1762395860060,1600,1599,1600,1599,1602,1601,1600,1635,16.666667938232422,0,0,0,0,0,0,0,214430.90185546875,233058.77642822266,76924.42797851563,0.3406982421875,33572028416,0,866181120,0
1,1762395860061,1600,1599,1600,1599,1602,1601,1600,1635,16.666667938232422,0,0,0,0,0,0,0,214430.9038696289,233058.78149414063,76924.42980957031,0.3406982421875,33572028416,0,866181120,0
0,1762395860062,1600,1599,1600,1599,1602,1601,1600,1635,16.666667938232422,0,0,0,0,0,0,0,214430.9048461914,233058.79071044922,76924.43194580078,0.3406982421875,33572028416,0,866181120,0
0,1762395860063,1600,1599,1600,1599,1602,1601,1600,1635,16.666667938232422,0,0,0,0,0,0,0,214430.90588378906,233058.79626464844,76924.43395996094,0.3406982421875,33572028416,0,866181120,0
0,1762395860064,1600,1599,1600,1599,1602,1601,1600,1635,16.666667938232422,0,0,0,0,0,0,0,214430.90686035156,233058.80139160156,76924.4365234375,0.3406982421875,33572028416,0,866181120,0
0,1762395860065,1600,1599,1600,1599,1602,1601,1600,1635,16.666667938232422,0,0,0,0,0,0,0,214430.90789794922,233058.80682373047,76924.43914794922,0.3406982421875,33572028416,0,866181120,0
0,1762395860067,1600,1599,1600,1599,1602,1601,1600,1635,16.666667938232422,0,0,0,0,0,0,0,214430.90887451172,233058.81225585938,76924.44128417969,0.3406982421875,33572028416,0,866181120,0
0,1762395860068,1600,1599,1600,1599,1602,1601,1600,1635,16.666667938232422,0,0,0,0,0,0,0,214430.90985107422,233058.81744384766,76924.4439086914,0.3406982421875,33572028416,0,866181120,0
0,1762395860069,1600,1599,1600,1599,1602,1601,1600,1635,16.666667938232422,0,0,0,0,0,0,0,214430.91088867188,233058.8231201172,76924.44653320313,0.3406982421875,33572028416,0,866181120,0
1,1762395860070,1600,1599,1600,1599,1602,1601,1600,1635,16.666667938232422,0,0,0,0,0,0,0,214430.91192626953,233058.82843017578,76924.44854736328,0.3406982421875,33572028416,0,866181120,0
1,1762395860071,1600,1599,1600,1599,1602,1601,1600,1635,16.666667938232422,0,0,0,0,0,0,0,214430.91284179688,233058.83349609375,76924.45068359375,0.3406982421875,33572028416,0,866181120,0
1,1762395860072,1600,1599,1600,1599,1602,1601,1600,1635,16.666667938232422,0,0,0,0,0,0,0,214430.91387939453,233058.83856201172,76924.4526977539,0.3406982421875,33572028416,0,866181120,0
1,1762395860073,1600,1599,1600,1599,1602,1601,1600,1635,16.666667938232422,0,0,0,0,0,0,0,214430.9149169922,233058.84356689453,76924.45422363281,0.3406982421875,33572028416,0,866181120,0
0,1762395860074,1600,1599,1600,1599,1602,1601,1600,1635,16.666667938232422,0,0,0,0,0,0,0,214430.9168701172,233058.85278320313,76924.45599365234,0.3406982421875,33572028416,0,866181120,0
0,1762395860075,1600,1599,1600,1599,1602,1601,1600,1635,16.666667938232422,0,0,0,0,0,0,0,214430.91790771484,233058.85864257813,76924.45880126953,0.3406982421875,33572028416,0,866181120,0
0,1762395860076,1600,1599,1600,1599,1602,1601,1600,1635,16.666667938232422,0,0,0,0,0,0,0,214430.91888427734,233058.86395263672,76924.46130371094,0.3406982421875,33572028416,0,866181120,0
1,1762395860077,1600,1599,1600,1599,1602,1601,1600,1635,16.666667938232422,0,0,0,0,0,0,0,214430.91986083984,233058.869140625,76924.46392822266,0.3406982421875,33572028416,0,866181120,0
0,1762395860078,1600,1599,1600,1599,1602,1601,1600,1635,16.666667938232422,0,0,0,0,0,0,0,214430.92083740234,233058.87481689453,76924.46673583984,0.3406982421875,33572028416,0,866123776,0
0,1762395860080,1600,1599,1600,1599,1602,1601,1600,1635,16.666667938232422,0,0,0,0,0,0,0,214430.921875,233058.88049316406,76924.46899414063,0.3406982421875,33572028416,0,866123776,0
0,1762395860081,1600,1599,1600,1599,1602,1601,1600,1635,16.666667938232422,0,0,0,0,0,0,0,214430.92291259766,233058.8858642578,76924.47174072266,0.3406982421875,33572028416,0,866123776,0
0,1762395860082,1600,1599,1600,1599,1602,1601,1600,1635,16.666667938232422,0,0,0,0,0,0,0,214430.92388916016,233058.89135742188,76924.47412109375,0.3406982421875,33572028416,0,866123776,0
1,1762395860083,1600,1599,1600,1599,1602,1601,1600,1635,16.666667938232422,0,0,0,0,0,0,0,214430.9249267578,233058.89685058594,76924.47631835938,0.3406982421875,33572028416,0,866123776,0
1,1762395860084,1600,1599,1600,1599,1602,1601,1600,1635,16.666667938232422,0,0,0,0,0,0,0,214430.9259033203,233058.9019165039,76924.478515625,0.3406982421875,33572028416,0,866123776,0
0,1762395860085,1600,1599,1600,1599,1602,1601,1600,1635,16.666667938232422,0,0,0,0,0,0,0,214430.9268798828,233058.90698242188,76924.48040771484,0.3406982421875,33572028416,0,866123776,0
0,1762395860086,1600,1599,1600,1599,1602,1601,1600,1635,16.666667938232422,0,0,0,0,0,0,0,214430.9278564453,233058.91192626953,76924.48260498047,0.3406982421875,33572028416,0,866123776,0
0,1762395860087,1600,1599,1600,1599,1602,1601,1600,1635,16.666667938232422,0,0,0,0,0,0,0,214430.92889404297,233058.91723632813,76924.48468017578,0.3406982421875,33572028416,0,866123776,0
1,1762395860088,1600,1599,1600,1599,1602,1601,1600,1635,16.666667938232422,0,0,0,0,0,0,0,214430.92987060547,233058.9223022461,76924.48669433594,0.3406982421875,33572028416,0,866123776,0
0,1762395860089,1600,1599,1600,1599,1602,1601,1600,1635,16.666667938232422,0,0,0,0,0,0,0,214430.93188476563,233058.93157958984,76924.48846435547,0.3406982421875,33572028416,0,866123776,0
0,1762395860090,1600,1599,1600,1599,1602,1601,1600,1635,16.666667938232422,0,0,0,0,0,0,0,214430.93292236328,233058.93743896484,76924.49096679688,0.3406982421875,33572028416,0,866123776,0
0,1762395860091,1600,1599,1600,1599,1602,1601,1600,1635,16.666667938232422,0,0,0,0,0,0,0,214430.93389892578,233058.94256591797,76924.49340820313,0.3406982421875,33572028416,0,866123776,0
0,1762395860092,1600,1599,1600,1599,1602,1601,1600,1635,16.666667938232422,0,0,0,0,0,0,0,214430.93487548828,233058.94799804688,76924.49597167969,0.3406982421875,33572028416,0,866123776,0
0,1762395860093,1600,1599,1600,1599,1602,1601,1600,1635,16.666667938232422,0,0,0,0,0,0,0,214430.93591308594,233058.95361328125,76924.49835205078,0.3406982421875,33572028416,0,866123776,0
0,1762395860095,1600,1599,1600,1599,1602,1601,1600,1635,16.666667938232422,0,0,0,0,0,0,0,214430.9369506836,233058.95904541016,76924.50061035156,0.3406982421875,33572028416,0,866123776,0
0,1762395860096,1600,1599,1600,1599,1602,1601,1600,1635,16.666667938232422,0,0,0,0,0,0,0,214430.9379272461,233058.96423339844,76924.5029296875,0.3406982421875,33572028416,0,866123776,0
0,1762395860097,1600,1599,1600,1599,1602,1601,1600,1635,16.666667938232422,0,0,0,0,0,0,0,214430.9389038086,233058.96978759766,76924.50561523438,0.3406982421875,33572028416,0,866123776,0
1,1762395860098,1600,1599,1600,1599,1602,1601,1600,1635,16.666667938232422,0,0,0,0,0,0,0,214430.93994140625,233058.9751586914,76924.50811767578,0.3406982421875,33572028416,0,866123776,0
1,1762395860099,1600,1599,1600,1599,1602,1601,1600,1635,16.666667938232422,0,0,0,0,0,0,0,214430.94091796875,233058.98071289063,76924.51037597656,0.3406982421875,33572028416,0,866123776,0
1,1762395860100,1600,1599,1600,1599,1602,1601,1600,1635,16.666667938232422,0,0,0,0,0,0,0,214430.94189453125,233058.9859008789,76924.5126953125,0.3406982421875,33572028416,0,866123776,0
1,1762395860101,1600,1599,1600,1599,1602,1601,1600,1635,16.666667938232422,0,0,0,0,0,0,0,214430.94287109375,233058.9912109375,76924.51489257813,0.3406982421875,33572028416,0,866123776,0
1,1762395860102,1600,1599,1600,1599,1602,1601,1600,1635,16.666667938232422,0,0,0,0,0,0,0,214430.9439086914,233058.99633789063,76924.51672363281,0.3406982421875,33572028416,0,866123776,0
1,1762395860103,1600,1599,1600,1599,1602,1601,1600,1635,16.666667938232422,0,0,0,0,0,0,0,214430.9458618164,233059.00549316406,76924.5185546875,0.3406982421875,33572028416,0,866123776,0
0,1762395860104,1600,1599,1600,1599,1602,1601,1600,1635,16.666667938232422,0,0,0,0,0,0,0,214430.94689941406,233059.01104736328,76924.52136230469,0.3406982421875,33572028416,0,866123776,0
0,1762395860105,1600,1599,1600,1599,1602,1601,1600,1635,16.666667938232422,0,0,0,0,0,0,0,214430.94787597656,233059.0161743164,76924.5234375,0.3406982421875,33572028416,0,866123776,0
0,1762395860106,1600,1599,1600,1599,1602,1601,1600,1635,16.666667938232422,0,0,0,0,0,0,0,214430.94891357422,233059.0216064453,76924.525390625,0.3406982421875,33572028416,0,866123776,0
0,1762395860108,1600,1599,1600,1599,1602,1601,1600,1635,16.666667938232422,0,0,0,0,0,0,0,214430.94989013672,233059.02697753906,76924.52795410156,0.3406982421875,33572028416,0,866123776,0
0,1762395860109,1600,1599,1600,1599,1602,1601,1600,1635,16.666667938232422,0,0,0,0,0,0,0,214430.95086669922,233059.03240966797,76924.5307006836,0.3406982421875,33572028416,0,866123776,0
0,1762395860110,1600,1599,1600,1599,1602,1601,1600,1635,16.666667938232422,0,0,0,0,0,0,0,214430.95190429688,233059.03814697266,76924.53350830078,0.3406982421875,33572028416,0,866123776,0
1,1762395860111,1600,1599,1600,1599,1602,1601,1600,1635,16.666667938232422,0,0,0,0,0,0,0,214430.95294189453,233059.04412841797,76924.53619384766,0.3406982421875,33572028416,0,866123776,0
1,1762395860112,1600,1599,1600,1599,1602,1601,1600,1635,16.666667938232422,0,0,0,0,0,0,0,214430.95391845703,233059.04956054688,76924.53857421875,0.3406982421875,33572028416,0,866123776,0
1,1762395860113,1600,1599,1600,1599,1602,1601,1600,1635,16.666667938232422,0,0,0,0,0,0,0,214430.95489501953,233059.05505371094,76924.54077148438,0.3406982421875,33572028416,0,866123776,0
1,1762395860114,1600,1599,1600,1599,1602,1601,1600,1635,16.666667938232422,0,0,0,0,0,0,0,214430.95587158203,233059.05993652344,76924.54266357422,0.3406982421875,33572028416,0,866123776,0
1,1762395860115,1600,1599,1600,1599,1602,1601,1600,1635,16.666667938232422,0,0,0,0,0,0,0,214430.95684814453,233059.0648803711,76924.5444946289,0.3406982421875,33572028416,0,866123776,0
0,1762395860116,1600,1599,1600,1599,1602,1601,1600,1635,16.666667938232422,0,0,0,0,0,0,0,214430.9588623047,233059.07415771484,76924.5464477539,0.3406982421875,33572028416,0,866123776,0
0,1762395860117,1600,1599,1600,1599,1602,1601,1600,1635,16.666667938232422,0,0,0,0,0,0,0,214430.95989990234,233059.08001708984,76924.54907226563,0.3406982421875,33572028416,0,866123776,0
0,1762395860118,1600,1599,1600,1599,1602,1601,1600,1635,16.666667938232422,0,0,0,0,0,0,0,214430.96087646484,233059.0848388672,76924.5513305664,0.3406982421875,33572028416,0,866123776,0
0,1762395860119,1600,1599,1600,1599,1602,1601,1600,1635,16.666667938232422,0,0,0,0,0,0,0,214430.9619140625,233059.0902709961,76924.55340576172,0.3406982421875,33572028416,0,866123776,0
0,1762395860121,1600,1599,1600,1599,1602,1601,1600,1635,16.666667938232422,0,0,0,0,0,0,0,214430.962890625,233059.09552001953,76924.55590820313,0.3406982421875,33572028416,0,866123776,0
0,1762395860122,1600,1599,1600,1599,1602,1601,1600,1635,16.666667938232422,0,0,0,0,0,0,0,214430.9638671875,233059.1010131836,76924.55847167969,0.3406982421875,33572028416,0,866123776,0
0,1762395860123,1600,1599,1600,1599,1602,1601,1600,1635,16.666667938232422,0,0,0,0,0,0,0,214430.96490478516,233059.10681152344,76924.56134033203,0.3406982421875,33572028416,0,866123776,0
1,1762395860124,1600,1599,1600,1599,1602,1601,1600,1635,16.666667938232422,0,0,0,0,0,0,0,214430.96588134766,233059.11236572266,76924.5640258789,0.3406982421875,33572028416,0,866123776,0
1,1762395860125,1600,1599,1600,1599,1602,1601,1600,1635,16.666667938232422,0,0,0,0,0,0,0,214430.9669189453,233059.11810302734,76924.56634521484,0.3406982421875,33572028416,0,866123776,0
1,1762395860126,1600,1599,1600,1599,1602,1601,1600,1635,16.666667938232422,0,0,0,0,0,0,0,214430.9678955078,233059.1234741211,76924.56860351563,0.3406982421875,33572028416,0,866123776,0
0,1762395860127,1600,1599,1600,1599,1602,1601,1600,1635,16.666667938232422,0,0,0,0,0,0,0,214430.96893310547,233059.12854003906,76924.57049560547,0.3406982421875,33572028416,0,866123776,0
0,1762395860128,1600,1599,1600,1599,1602,1601,1600,1635,16.666667938232422,0,0,0,0,0,0,0,214430.96990966797,233059.1333618164,76924.57257080078,0.3406982421875,33572028416,0,866123776,0
0,1762395860129,1600,1599,1600,1599,1602,1601,1600,1635,16.666667938232422,0,0,0,0,0,0,0,214430.97088623047,233059.1382446289,76924.5746459961,0.3406982421875,33572028416,0,866123776,0
0,1762395860130,1600,1599,1600,1599,1602,1601,1600,1635,16.666667938232422,0,0,0,0,0,0,0,214430.97290039063,233059.14862060547,76924.57684326172,0.3406982421875,33572028416,0,866123776,0
0,1762395860131,1600,1599,1600,1599,1602,1601,1600,1635,16.666667938232422,0,0,0,0,0,0,0,214430.97393798828,233059.15393066406,76924.57940673828,0.3406982421875,33572028416,0,866123776,0
0,1762395860132,1600,1599,1600,1599,1602,1601,1600,1635,16.666667938232422,0,0,0,0,0,0,0,214430.97491455078,233059.1590576172,76924.5814819336,0.3406982421875,33572028416,0,866123776,0
0,1762395860133,1600,1599,1600,1599,1602,1601,1600,1635,16.666667938232422,0,0,0,0,0,0,0,214430.97589111328,233059.16430664063,76924.58404541016,0.3406982421875,33572028416,0,866123776,0
0,1762395860135,1600,1599,1600,1599,1602,1601,1600,1635,16.666667938232422,0,0,0,0,0,0,0,214430.97692871094,233059.16986083984,76924.58673095703,0.3406982421875,33572028416,0,866123776,0
0,1762395860136,1600,1599,1600,1599,1602,1601,1600,1635,16.666667938232422,0,0,0,0,0,0,0,214430.97790527344,233059.1753540039,76924.58905029297,0.3406982421875,33572028416,0,866123776,0
0,1762395860137,1600,1599,1600,1599,1602,1601,1600,1635,16.666667938232422,0,0,0,0,0,0,0,214430.9789428711,233059.18090820313,76924.59173583984,0.3406982421875,33572028416,0,866123776,0
0,1762395860138,1600,1599,1600,1599,1602,1601,1600,1635,16.666667938232422,0,0,0,0,0,0,0,214430.9799194336,233059.18658447266,76924.5942993164,0.3406982421875,33572028416,0,866123776,0
1,1762395860139,1600,1599,1600,1599,1602,1601,1600,1635,16.666667938232422,0,0,0,0,0,0,0,214430.98095703125,233059.19213867188,76924.59698486328,0.3406982421875,33572028416,0,866123776,0
1,1762395860140,1600,1599,1600,1599,1602,1601,1600,1635,16.666667938232422,0,0,0,0,0,0,0,214430.98193359375,233059.1978149414,76924.59942626953,0.3406982421875,33572028416,0,866123776,0
1,1762395860141,1600,1599,1600,1599,1602,1601,1600,1635,16.666667938232422,0,0,0,0,0,0,0,214430.9829711914,233059.20318603516,76924.60144042969,0.3406982421875,33572028416,0,866123776,0
1,1762395860142,1600,1599,1600,1599,1602,1601,1600,1635,16.666667938232422,0,0,0,0,0,0,0,214430.9839477539,233059.20819091797,76924.60345458984,0.3406982421875,33572028416,0,866123776,0
0,1762395860143,1600,1599,1600,1599,1602,1601,1600,1635,16.666667938232422,0,0,0,0,0,0,0,214430.9859008789,233059.21759033203,76924.60540771484,0.3406982421875,33572028416,0,866123776,0
0,1762395860144,1600,1599,1600,1599,1602,1601,1600,1635,16.666667938232422,0,0,0,0,0,0,0,214430.9859008789,233059.21759033203,76924.60827636719,0.3406982421875,33572028416,0,866123776,0
0,1762395860145,1600,1599,1600,1599,1602,1601,1600,1635,16.666667938232422,0,0,0,0,0,0,0,214430.98791503906,233059.22900390625,76924.61065673828,0.3406982421875,33572028416,0,866123776,0
1,1762395860146,1600,1599,1600,1599,1602,1601,1600,1635,16.666667938232422,0,0,0,0,0,0,0,214430.98895263672,233059.23461914063,76924.61334228516,0.3406982421875,33572028416,0,866123776,0
0,1762395860148,1600,1599,1600,1599,1602,1601,1600,1635,16.666667938232422,0,0,0,0,0,0,0,214430.98992919922,233059.23956298828,76924.61584472656,0.3406982421875,33572028416,0,866123776,0
0,1762395860149,1600,1599,1600,1599,1602,1601,1600,1635,16.666667938232422,0,0,0,0,0,0,0,214430.99090576172,233059.24530029297,76924.61828613281,0.3406982421875,33572028416,0,866123776,0
0,1762395860150,1600,1599,1600,1599,1602,1601,1600,1635,16.666667938232422,0,0,0,0,0,0,0,214430.99194335938,233059.2508544922,76924.62078857422,0.3406982421875,33572028416,0,866123776,0
1,1762395860151,1600,1599,1600,1599,1602,1601,1600,1635,16.666667938232422,0,0,0,0,0,0,0,214430.99291992188,233059.25622558594,76924.62329101563,0.3406982421875,33572028416,0,866123776,0
1,1762395860152,1600,1599,1600,1599,1602,1601,1600,1635,16.666667938232422,0,0,0,0,0,0,0,214430.99395751953,233059.2618408203,76924.62585449219,0.3406982421875,33572028416,0,866123776,0
1,1762395860153,1600,1599,1600,1599,1602,1601,1600,1635,16.666667938232422,0,0,0,0,0,0,0,214430.99493408203,233059.26708984375,76924.62823486328,0.3406982421875,33572028416,0,866123776,0
0,1762395860154,1600,1599,1600,1599,1602,1601,1600,1635,16.666667938232422,0,0,0,0,0,0,0,214430.99591064453,233059.27252197266,76924.63049316406,0.3406982421875,33572028416,0,866123776,0
1,1762395860155,1600,1599,1600,1599,1602,1601,1600,1635,16.666667938232422,0,0,0,0,0,0,0,214430.9969482422,233059.2778930664,76924.63262939453,0.3406982421875,33572028416,0,866123776,0
0,1762395860156,1600,1599,1600,1599,1602,1601,1600,1635,16.666667938232422,0,0,0,0,0,0,0,214430.9989013672,233059.28759765625,76924.63458251953,0.3406982421875,33572028416,0,866123776,0
0,1762395860157,1600,1599,1600,1599,1602,1601,1600,1635,16.666667938232422,0,0,0,0,0,0,0,214430.99993896484,233059.29315185547,76924.63708496094,0.3406982421875,33572028416,0,866123776,0
0,1762395860158,1600,1599,1600,1599,1602,1601,1600,1635,16.666667938232422,0,0,0,0,0,0,0,214430.99993896484,233059.29315185547,76924.63958740234,0.3406982421875,33572028416,0,866123776,0
1,1762395860159,1600,1599,1600,1599,1602,1601,1600,1635,16.666667938232422,0,0,0,0,0,0,0,214431.00189208984,233059.3037109375,76924.64190673828,0.3406982421875,33572028416,0,866123776,0
0,1762395860161,1600,1599,1600,1599,1602,1601,1600,1635,16.666667938232422,0,0,0,0,0,0,0,214431.0029296875,233059.3090209961,76924.64453125,0.3406982421875,33572028416,0,866123776,0
0,1762395860162,1600,1599,1600,1599,1602,1601,1600,1635,16.666667938232422,0,0,0,0,0,0,0,214431.00390625,233059.31372070313,76924.64587402344,0.3406982421875,33572028416,0,866123776,0
1,1762395860163,1600,1599,1600,1599,1602,1601,1600,1635,16.666667938232422,0,0,0,0,0,0,0,214431.0048828125,233059.31805419922,76924.64721679688,0.3406982421875,33572028416,0,866123776,0
1,1762395860164,1600,1599,1600,1599,1602,1601,1600,1635,16.666667938232422,0,0,0,0,0,0,0,214431.00592041016,233059.32250976563,76924.6484375,0.3406982421875,33572028416,0,866123776,0
1,1762395860165,1600,1599,1600,1599,1602,1601,1600,1635,16.666667938232422,0,0,0,0,0,0,0,214431.00689697266,233059.32690429688,76924.64971923828,0.3406982421875,33572028416,0,866123776,0
1,1762395860166,1600,1599,1600,1599,1602,1601,1600,1635,16.666667938232422,0,0,0,0,0,0,0,214431.0079345703,233059.3316040039,76924.65148925781,0.3406982421875,33572028416,0,866123776,0
1,1762395860167,1600,1599,1600,1599,1602,1601,1600,1635,16.666667938232422,0,0,0,0,0,0,0,214431.0089111328,233059.3363647461,76924.6533203125,0.3406982421875,33572028416,0,866123776,0
1,1762395860168,1600,1599,1600,1599,1602,1601,1600,1635,16.666667938232422,0,0,0,0,0,0,0,214431.0098876953,233059.34112548828,76924.65496826172,0.3406982421875,33572028416,0,866123776,0
1,1762395860169,1600,1599,1600,1599,1602,1601,1600,1635,16.666667938232422,0,0,0,0,0,0,0,214431.01092529297,233059.345703125,76924.65655517578,0.3406982421875,33572028416,0,866123776,0
1,1762395860170,1600,1599,1600,1599,1602,1601,1600,1635,16.666667938232422,0,0,0,0,0,0,0,214431.01287841797,233059.3543701172,76924.65795898438,0.3406982421875,33572028416,0,866123776,0
0,1762395860172,1600,1599,1600,1599,1602,1601,1600,1635,16.666667938232422,0,0,0,0,0,0,0,214431.01385498047,233059.35864257813,76924.65930175781,0.3406982421875,33572028416,0,866123776,0
0,1762395860173,1600,1599,1600,1599,1602,1601,1600,1635,16.666667938232422,0,0,0,0,0,0,0,214431.01483154297,233059.36309814453,76924.6605834961,0.3406982421875,33572028416,0,866123776,0
1,1762395860174,1600,1599,1600,1599,1602,1601,1600,1635,16.666667938232422,0,0,0,0,0,0,0,214431.01586914063,233059.36755371094,76924.66186523438,0.3406982421875,33572028416,0,866123776,0
1,1762395860175,1600,1599,1600,1599,1602,1601,1600,1635,16.666667938232422,0,0,0,0,0,0,0,214431.01684570313,233059.3719482422,76924.66339111328,0.3406982421875,33572028416,0,866123776,0
1,1762395860176,1600,1599,1600,1599,1602,1601,1600,1635,16.666667938232422,0,0,0,0,0,0,0,214431.01782226563,233059.3764038086,76924.66534423828,0.3406982421875,33572028416,0,866123776,0
1,1762395860177,1600,1599,1600,1599,1602,1601,1600,1635,16.666667938232422,0,0,0,0,0,0,0,214431.01885986328,233059.38165283203,76924.66729736328,0.3406982421875,33572028416,0,866123776,0
1,1762395860178,1600,1599,1600,1599,1602,1601,1600,1635,16.666667938232422,0,0,0,0,0,0,0,214431.01983642578,233059.38671875,76924.6689453125,0.3406982421875,33572028416,0,866123776,0
1,1762395860179,1600,1599,1600,1599,1602,1601,1600,1635,16.666667938232422,0,0,0,0,0,0,0,214431.02081298828,233059.39111328125,76924.67022705078,0.3406982421875,33572028416,0,866123776,0
1,1762395860180,1600,1599,1600,1599,1602,1601,1600,1635,16.666667938232422,0,0,0,0,0,0,0,214431.02276611328,233059.40008544922,76924.67205810547,0.3406982421875,33572028416,0,866123776,0
0,1762395860181,1600,1599,1600,1599,1602,1601,1600,1635,16.666667938232422,0,0,0,0,0,0,0,214431.02374267578,233059.40405273438,76924.67333984375,0.3406982421875,33572028416,0,866123776,0
0,1762395860183,1600,1599,1600,1599,1602,1601,1600,1635,16.666667938232422,0,0,0,0,0,0,0,214431.02471923828,233059.40850830078,76924.67486572266,0.3406982421875,33572028416,0,866123776,0
0,1762395860184,1600,1599,1600,1599,1602,1601,1600,1635,16.666667938232422,0,0,0,0,0,0,0,214431.02575683594,233059.41302490234,76924.67602539063,0.3406982421875,33572028416,0,866123776,0
1,1762395860185,1600,1599,1600,1599,1602,1601,1600,1635,16.666667938232422,0,0,0,0,0,0,0,214431.02673339844,233059.41748046875,76924.67736816406,0.3406982421875,33572028416,0,866123776,0
1,1762395860186,1600,1599,1600,1599,1602,1601,1600,1635,16.666667938232422,0,0,0,0,0,0,0,214431.02770996094,233059.42193603516,76924.67864990234,0.3406982421875,33572028416,0,866123776,0
1,1762395860187,1600,1599,1600,1599,1602,1601,1600,1635,16.666667938232422,0,0,0,0,0,0,0,214431.0287475586,233059.4263305664,76924.67999267578,0.3406982421875,33572028416,0,866123776,0
1,1762395860188,1600,1599,1600,1599,1602,1601,1600,1635,16.666667938232422,0,0,0,0,0,0,0,214431.0297241211,233059.4307861328,76924.68151855469,0.3406982421875,33572028416,0,866123776,0
1,1762395860189,1600,1599,1600,1599,1602,1601,1600,1635,16.666667938232422,0,0,0,0,0,0,0,214431.0307006836,233059.43530273438,76924.68298339844,0.3406982421875,33572028416,0,866123776,0
1,1762395860190,1600,1599,1600,1599,1602,1601,1600,1635,16.666667938232422,0,0,0,0,0,0,0,214431.0316772461,233059.43981933594,76924.68426513672,0.3406982421875,33572028416,0,866123776,0
1,1762395860191,1600,1599,1600,1599,1602,1601,1600,1635,16.666667938232422,0,0,0,0,0,0,0,214431.03369140625,233059.4482421875,76924.68560791016,0.3406982421875,33572028416,0,866123776,0
0,1762395860193,1600,1599,1600,1599,1602,1601,1600,1635,10.526315689086914,15.789472579956055,0,0,0,0,0,0,214431.03466796875,233059.45245361328,76924.6870727539,0.3406982421875,33572028416,0,866123776,0
0,1762395860194,1600,1599,1600,1599,1602,1601,1600,1635,10.526315689086914,15.789472579956055,0,0,0,0,0,0,214431.03564453125,233059.45697021484,76924.68823242188,0.3406982421875,33572028416,0,866123776,0
1,1762395860195,1600,1599,1600,1599,1602,1601,1600,1635,10.526315689086914,15.789472579956055,0,0,0,0,0,0,214431.03662109375,233059.46118164063,76924.689453125,0.3406982421875,33572028416,0,866123776,0
1,1762395860196,1600,1599,1600,1599,1602,1601,1600,1635,10.526315689086914,15.789472579956055,0,0,0,0,0,0,214431.0376586914,233059.4656982422,76924.6908569336,0.3406982421875,33572028416,0,866123776,0
1,1762395860197,1600,1599,1600,1599,1602,1601,1600,1635,10.526315689086914,15.789472579956055,0,0,0,0,0,0,214431.0386352539,233059.47021484375,76924.69250488281,0.3406982421875,33572028416,0,866123776,0
1,1762395860198,1600,1599,1600,1599,1602,1601,1600,1635,10.526315689086914,15.789472579956055,0,0,0,0,0,0,214431.0396118164,233059.4747314453,76924.6937866211,0.3406982421875,33572028416,0,866123776,0
1,1762395860199,1600,1599,1600,1599,1602,1601,1600,1635,10.526315689086914,15.789472579956055,0,0,0,0,0,0,214431.04064941406,233059.47924804688,76924.6953125,0.3406982421875,33572028416,0,866123776,0
1,1762395860200,1600,1599,1600,1599,1602,1601,1600,1635,10.526315689086914,15.789472579956055,0,0,0,0,0,0,214431.04162597656,233059.48370361328,76924.6967163086,0.3406982421875,33572028416,0,866123776,0
1,1762395860201,1600,1599,1600,1599,1602,1601,1600,1635,10.526315689086914,15.789472579956055,0,0,0,0,0,0,214431.04357910156,233059.49243164063,76924.69836425781,0.3406982421875,33572028416,0,866123776,0
0,1762395860202,1600,1599,1600,1599,1602,1601,1600,1635,10.526315689086914,15.789472579956055,0,0,0,0,0,0,214431.04455566406,233059.49682617188,76924.69982910156,0.3406982421875,33572028416,0,866123776,0
0,1762395860204,1600,1599,1600,1599,1602,1601,1600,1635,10.526315689086914,15.789472579956055,0,0,0,0,0,0,214431.04559326172,233059.50134277344,76924.70153808594,0.3406982421875,33572028416,0,866123776,0
0,1762395860205,1600,1599,1600,1599,1602,1601,1600,1635,10.526315689086914,15.789472579956055,0,0,0,0,0,0,214431.04650878906,233059.50579833984,76924.7026977539,0.3406982421875,33572028416,0,866123776,0
0,1762395860206,1600,1599,1600,1599,1602,1601,1600,1635,10.526315689086914,15.789472579956055,0,0,0,0,0,0,214431.04754638672,233059.51043701172,76924.70434570313,0.3406982421875,33572028416,0,866123776,0
