scaphandre::sensors: Sysinfo sees 8
Scaphandre stdout exporter
Sending ⚡ metrics
Measurement step is: 1ms
scaphandre::sensors: Not enough records for socket
Host:	0 W from 
	package 	core		dram		uncore
Top 5 consumers:
Power		PID	Exe
No processes found yet or filter returns no value.
------------------------------------------------------------

Host:	11.696736 W from 
	package 	core		dram		uncore
Socket0	10.625008 W |	6.791755 W	1.110393 W	0 W	

Top 5 consumers:
Power		PID	Exe
0.029787952 W	3572309	"/home/boggy/ref_rapl/scaphandre/target/release/scaphandre"
0.019858634 W	3572328	"/home/boggy/ref_rapl/energy_exp_server/NPB3.4.3/NPB3.4-MPI/bin/mg.C.x"
0.009929317 W	3572324	"/nix/store/6rqylib9sz7akry81b0wg9wrf218k5k5-prrte-3.0.8/bin/prte"
0.009929317 W	3572331	"/home/boggy/ref_rapl/energy_exp_server/NPB3.4.3/NPB3.4-MPI/bin/mg.C.x"
0 W	60	""
------------------------------------------------------------

Host:	10.509451 W from 
	package 	core		dram		uncore
Socket0	10.879322 W |	7.449545 W	1.337217 W	0 W	

Top 5 consumers:
Power		PID	Exe
0.04460718 W	3572309	"/home/boggy/ref_rapl/scaphandre/target/release/scaphandre"
0.03568574 W	3572330	"/home/boggy/ref_rapl/energy_exp_server/NPB3.4.3/NPB3.4-MPI/bin/mg.C.x"
0.03568574 W	3572329	"/home/boggy/ref_rapl/energy_exp_server/NPB3.4.3/NPB3.4-MPI/bin/mg.C.x"
0.026764305 W	3572331	"/home/boggy/ref_rapl/energy_exp_server/NPB3.4.3/NPB3.4-MPI/bin/mg.C.x"
0.01784287 W	3572328	"/home/boggy/ref_rapl/energy_exp_server/NPB3.4.3/NPB3.4-MPI/bin/mg.C.x"
------------------------------------------------------------

Host:	6.763668 W from 
	package 	core		dram		uncore
Socket0	7.218581 W |	3.697686 W	1.141967 W	0 W	

Top 5 consumers:
Power		PID	Exe
0.20495965 W	3572309	"/home/boggy/ref_rapl/scaphandre/target/release/scaphandre"
0 W	60	""
0 W	51	""
0 W	3473017	""
0 W	21	""
------------------------------------------------------------

Host:	7.429788 W from 
	package 	core		dram		uncore
Socket0	5.982071 W |	2.49119 W	1.092157 W	0 W	

Top 5 consumers:
Power		PID	Exe
0.13508704 W	3572309	"/home/boggy/ref_rapl/scaphandre/target/release/scaphandre"
0 W	60	""
0 W	51	""
0 W	3473017	""
0 W	21	""
------------------------------------------------------------

Host:	7.633355 W from 
	package 	core		dram		uncore
Socket0	6.231462 W |	2.696477 W	1.061487 W	0 W	

Top 5 consumers:
Power		PID	Exe
0.23131378 W	3572309	"/home/boggy/ref_rapl/scaphandre/target/release/scaphandre"
0 W	60	""
0 W	51	""
0 W	3473017	""
0 W	21	""
------------------------------------------------------------

Host:	7.510363 W from 
	package 	core		dram		uncore
Socket0	6.518784 W |	2.946216 W	1.092354 W	0 W	

Top 5 consumers:
Power		PID	Exe
0.18206939 W	3572309	"/home/boggy/ref_rapl/scaphandre/target/release/scaphandre"
0 W	60	""
0 W	51	""
0 W	3473017	""
0 W	21	""
------------------------------------------------------------

Host:	7.398192 W from 
	package 	core		dram		uncore
Socket0	6.454298 W |	2.929069 W	1.074071 W	0 W	

Top 5 consumers:
Power		PID	Exe
0.1793501 W	3572309	"/home/boggy/ref_rapl/scaphandre/target/release/scaphandre"
0 W	60	""
0 W	51	""
0 W	3473017	""
0 W	21	""
------------------------------------------------------------

Host:	7.029282 W from 
	package 	core		dram		uncore
Socket0	6.57731 W |	2.999833 W	1.093788 W	0 W	

Top 5 consumers:
Power		PID	Exe
0.17040683 W	3572309	"/home/boggy/ref_rapl/scaphandre/target/release/scaphandre"
0 W	60	""
0 W	51	""
0 W	3473017	""
0 W	21	""
------------------------------------------------------------

Host:	7.163891 W from 
	package 	core		dram		uncore
Socket0	5.832641 W |	2.455953 W	1.087259 W	0 W	

Top 5 consumers:
Power		PID	Exe
0.2703355 W	3572309	"/home/boggy/ref_rapl/scaphandre/target/release/scaphandre"
0 W	60	""
0 W	51	""
0 W	3473017	""
0 W	21	""
------------------------------------------------------------

Host:	7.108965 W from 
	package 	core		dram		uncore
Socket0	6.048708 W |	2.496276 W	1.069822 W	0 W	

Top 5 consumers:
Power		PID	Exe
0.1341314 W	3572309	"/home/boggy/ref_rapl/scaphandre/target/release/scaphandre"
0 W	60	""
0 W	51	""
0 W	3473017	""
0 W	21	""
------------------------------------------------------------

Host:	6.926814 W from 
	package 	core		dram		uncore
Socket0	5.907334 W |	2.4028 W	1.08433 W	0 W	

Top 5 consumers:
Power		PID	Exe
0.21782435 W	3572309	"/home/boggy/ref_rapl/scaphandre/target/release/scaphandre"
0 W	60	""
0 W	51	""
0 W	3473017	""
0 W	21	""
------------------------------------------------------------

Host:	7.058368 W from 
	package 	core		dram		uncore
Socket0	5.947337 W |	2.460627 W	1.076195 W	0 W	

Top 5 consumers:
Power		PID	Exe
0.22196126 W	3572309	"/home/boggy/ref_rapl/scaphandre/target/release/scaphandre"
0 W	60	""
0 W	51	""
0 W	3473017	""
0 W	21	""
------------------------------------------------------------

Host:	6.940583 W from 
	package 	core		dram		uncore
Socket0	5.974573 W |	2.464176 W	1.09055 W	0 W	

Top 5 consumers:
Power		PID	Exe
0.17460586 W	3572309	"/home/boggy/ref_rapl/scaphandre/target/release/scaphandre"
0 W	60	""
0 W	51	""
0 W	3473017	""
0 W	21	""
------------------------------------------------------------

Host:	6.996766 W from 
	package 	core		dram		uncore
Socket0	5.884247 W |	2.358095 W	1.08254 W	0 W	

Top 5 consumers:
Power		PID	Exe
0.17601927 W	3572309	"/home/boggy/ref_rapl/scaphandre/target/release/scaphandre"
0 W	60	""
0 W	51	""
0 W	3473017	""
0 W	21	""
------------------------------------------------------------

Host:	7.038719 W from 
	package 	core		dram		uncore
Socket0	6.027884 W |	2.460075 W	1.075683 W	0 W	

Top 5 consumers:
Power		PID	Exe
0.15385176 W	3572309	"/home/boggy/ref_rapl/scaphandre/target/release/scaphandre"
0 W	60	""
0 W	51	""
0 W	3473017	""
0 W	21	""
------------------------------------------------------------

Host:	7.19167 W from 
	package 	core		dram		uncore
Socket0	5.964939 W |	2.461961 W	1.062886 W	0 W	

Top 5 consumers:
Power		PID	Exe
0.15719497 W	3572309	"/home/boggy/ref_rapl/scaphandre/target/release/scaphandre"
0 W	60	""
0 W	51	""
0 W	3473017	""
0 W	21	""
------------------------------------------------------------

Host:	6.895291 W from 
	package 	core		dram		uncore
Socket0	5.962526 W |	2.468602 W	1.054788 W	0 W	

Top 5 consumers:
Power		PID	Exe
0.15071674 W	3572309	"/home/boggy/ref_rapl/scaphandre/target/release/scaphandre"
0 W	60	""
0 W	51	""
0 W	3473017	""
0 W	21	""
------------------------------------------------------------

Host:	7.126651 W from 
	package 	core		dram		uncore
Socket0	6.001465 W |	2.485468 W	1.061487 W	0 W	

Top 5 consumers:
Power		PID	Exe
0.19471723 W	3572309	"/home/boggy/ref_rapl/scaphandre/target/release/scaphandre"
0 W	60	""
0 W	51	""
0 W	3473017	""
0 W	21	""
------------------------------------------------------------

Host:	6.978851 W from 
	package 	core		dram		uncore
Socket0	6.061189 W |	2.545027 W	1.056826 W	0 W	

Top 5 consumers:
Power		PID	Exe
0.15254319 W	3572309	"/home/boggy/ref_rapl/scaphandre/target/release/scaphandre"
0 W	60	""
0 W	51	""
0 W	3473017	""
0 W	21	""
------------------------------------------------------------

Host:	7.030642 W from 
	package 	core		dram		uncore
Socket0	5.870803 W |	2.370708 W	1.078488 W	0 W	

Top 5 consumers:
Power		PID	Exe
0.19209404 W	3572309	"/home/boggy/ref_rapl/scaphandre/target/release/scaphandre"
0 W	60	""
0 W	51	""
0 W	3473017	""
0 W	21	""
------------------------------------------------------------

Host:	6.967601 W from 
	package 	core		dram		uncore
Socket0	6.009609 W |	2.530072 W	1.053837 W	0 W	

Top 5 consumers:
Power		PID	Exe
0.15483558 W	3572309	"/home/boggy/ref_rapl/scaphandre/target/release/scaphandre"
0 W	60	""
0 W	51	""
0 W	3473017	""
0 W	21	""
------------------------------------------------------------

Host:	7.234408 W from 
	package 	core		dram		uncore
Socket0	5.923827 W |	2.50253 W	1.060854 W	0 W	

Top 5 consumers:
Power		PID	Exe
0.16076462 W	3572309	"/home/boggy/ref_rapl/scaphandre/target/release/scaphandre"
0 W	60	""
0 W	51	""
0 W	3473017	""
0 W	21	""
------------------------------------------------------------

Host:	7.054744 W from 
	package 	core		dram		uncore
Socket0	5.968799 W |	2.483867 W	1.059198 W	0 W	

Top 5 consumers:
Power		PID	Exe
0.15677209 W	3572309	"/home/boggy/ref_rapl/scaphandre/target/release/scaphandre"
0 W	60	""
0 W	51	""
0 W	3473017	""
0 W	21	""
------------------------------------------------------------

Host:	7.13216 W from 
	package 	core		dram		uncore
Socket0	6.141446 W |	2.64498 W	1.059337 W	0 W	

Top 5 consumers:
Power		PID	Exe
0.23773867 W	3572309	"/home/boggy/ref_rapl/scaphandre/target/release/scaphandre"
0.03962311 W	3472937	""
0 W	60	""
0 W	51	""
0 W	3473017	""
------------------------------------------------------------

Host:	6.914484 W from 
	package 	core		dram		uncore
Socket0	5.95986 W |	2.470643 W	1.053093 W	0 W	

Top 5 consumers:
Power		PID	Exe
0.11524141 W	3572309	"/home/boggy/ref_rapl/scaphandre/target/release/scaphandre"
0 W	60	""
0 W	51	""
0 W	3473017	""
0 W	21	""
------------------------------------------------------------

Host:	7.064057 W from 
	package 	core		dram		uncore
Socket0	5.880541 W |	2.425611 W	1.063928 W	0 W	

Top 5 consumers:
Power		PID	Exe
0.15697905 W	3572309	"/home/boggy/ref_rapl/scaphandre/target/release/scaphandre"
0 W	60	""
0 W	51	""
0 W	3473017	""
0 W	21	""
------------------------------------------------------------

Host:	6.830282 W from 
	package 	core		dram		uncore
Socket0	5.889323 W |	2.46205 W	1.084099 W	0 W	

Top 5 consumers:
Power		PID	Exe
0.15178405 W	3572309	"/home/boggy/ref_rapl/scaphandre/target/release/scaphandre"
0 W	60	""
0 W	51	""
0 W	3473017	""
0 W	21	""
------------------------------------------------------------

Host:	7.203863 W from 
	package 	core		dram		uncore
Socket0	5.961328 W |	2.370539 W	1.073737 W	0 W	

Top 5 consumers:
Power		PID	Exe
0.2001073 W	3572309	"/home/boggy/ref_rapl/scaphandre/target/release/scaphandre"
0 W	60	""
0 W	51	""
0 W	3473017	""
0 W	21	""
------------------------------------------------------------

Host:	8.686023 W from 
	package 	core		dram		uncore
Socket0	5.978132 W |	2.501379 W	1.053066 W	0 W	

Top 5 consumers:
Power		PID	Exe
0.19302274 W	3572309	"/home/boggy/ref_rapl/scaphandre/target/release/scaphandre"
0.048255686 W	3572328	"/home/boggy/ref_rapl/energy_exp_server/NPB3.4.3/NPB3.4-MPI/bin/mg.C.x"
0 W	60	""
0 W	51	""
0 W	3473017	""
------------------------------------------------------------

Host:	12.824334 W from 
	package 	core		dram		uncore
Socket0	9.374385 W |	5.912987 W	1.507455 W	0 W	

Top 5 consumers:
Power		PID	Exe
0.49872413 W	3572309	"/home/boggy/ref_rapl/scaphandre/target/release/scaphandre"
0.4274778 W	3572329	"/home/boggy/ref_rapl/energy_exp_server/NPB3.4.3/NPB3.4-MPI/bin/mg.C.x"
0.35623154 W	3572330	"/home/boggy/ref_rapl/energy_exp_server/NPB3.4.3/NPB3.4-MPI/bin/mg.C.x"
0.35623154 W	3572328	"/home/boggy/ref_rapl/energy_exp_server/NPB3.4.3/NPB3.4-MPI/bin/mg.C.x"
0.35623154 W	3572331	"/home/boggy/ref_rapl/energy_exp_server/NPB3.4.3/NPB3.4-MPI/bin/mg.C.x"
------------------------------------------------------------

Host:	13.007327 W from 
	package 	core		dram		uncore
Socket0	11.161809 W |	7.372 W	1.844791 W	0 W	

Top 5 consumers:
Power		PID	Exe
0.4335776 W	3572330	"/home/boggy/ref_rapl/energy_exp_server/NPB3.4.3/NPB3.4-MPI/bin/mg.C.x"
0.4335776 W	3572309	"/home/boggy/ref_rapl/scaphandre/target/release/scaphandre"
0.4335776 W	3572328	"/home/boggy/ref_rapl/energy_exp_server/NPB3.4.3/NPB3.4-MPI/bin/mg.C.x"
0.4335776 W	3572331	"/home/boggy/ref_rapl/energy_exp_server/NPB3.4.3/NPB3.4-MPI/bin/mg.C.x"
0.4335776 W	3572329	"/home/boggy/ref_rapl/energy_exp_server/NPB3.4.3/NPB3.4-MPI/bin/mg.C.x"
------------------------------------------------------------

Host:	12.948118 W from 
	package 	core		dram		uncore
Socket0	11.139438 W |	7.369271 W	1.86549 W	0 W	

Top 5 consumers:
Power		PID	Exe
0.39637098 W	3572330	"/home/boggy/ref_rapl/energy_exp_server/NPB3.4.3/NPB3.4-MPI/bin/mg.C.x"
0.39637098 W	3572309	"/home/boggy/ref_rapl/scaphandre/target/release/scaphandre"
0.39637098 W	3572328	"/home/boggy/ref_rapl/energy_exp_server/NPB3.4.3/NPB3.4-MPI/bin/mg.C.x"
0.39637098 W	3572331	"/home/boggy/ref_rapl/energy_exp_server/NPB3.4.3/NPB3.4-MPI/bin/mg.C.x"
0.39637098 W	3572329	"/home/boggy/ref_rapl/energy_exp_server/NPB3.4.3/NPB3.4-MPI/bin/mg.C.x"
------------------------------------------------------------

Host:	17.780304 W from 
	package 	core		dram		uncore
Socket0	11.172947 W |	7.499907 W	1.831346 W	0 W	

Top 5 consumers:
Power		PID	Exe
0.544295 W	3572309	"/home/boggy/ref_rapl/scaphandre/target/release/scaphandre"
0.544295 W	3572331	"/home/boggy/ref_rapl/energy_exp_server/NPB3.4.3/NPB3.4-MPI/bin/mg.C.x"
0.544295 W	3572329	"/home/boggy/ref_rapl/energy_exp_server/NPB3.4.3/NPB3.4-MPI/bin/mg.C.x"
0.4535792 W	3572330	"/home/boggy/ref_rapl/energy_exp_server/NPB3.4.3/NPB3.4-MPI/bin/mg.C.x"
0.4535792 W	3572328	"/home/boggy/ref_rapl/energy_exp_server/NPB3.4.3/NPB3.4-MPI/bin/mg.C.x"
------------------------------------------------------------

Host:	43.039676 W from 
	package 	core		dram		uncore
Socket0	23.552029 W |	20.333633 W	2.242797 W	0 W	

Top 5 consumers:
Power		PID	Exe
0.87836075 W	3572330	"/home/boggy/ref_rapl/energy_exp_server/NPB3.4.3/NPB3.4-MPI/bin/mg.C.x"
0.87836075 W	3572328	"/home/boggy/ref_rapl/energy_exp_server/NPB3.4.3/NPB3.4-MPI/bin/mg.C.x"
0.65877056 W	3572331	"/home/boggy/ref_rapl/energy_exp_server/NPB3.4.3/NPB3.4-MPI/bin/mg.C.x"
0.65877056 W	3572329	"/home/boggy/ref_rapl/energy_exp_server/NPB3.4.3/NPB3.4-MPI/bin/mg.C.x"
0.43918037 W	3572309	"/home/boggy/ref_rapl/scaphandre/target/release/scaphandre"
------------------------------------------------------------

Host:	50.378307 W from 
	package 	core		dram		uncore
Socket0	46.043785 W |	42.26088 W	2.561084 W	0 W	

Top 5 consumers:
Power		PID	Exe
1.0281287 W	3572309	"/home/boggy/ref_rapl/scaphandre/target/release/scaphandre"
0.7710965 W	3572330	"/home/boggy/ref_rapl/energy_exp_server/NPB3.4.3/NPB3.4-MPI/bin/mg.C.x"
0.7710965 W	3572328	"/home/boggy/ref_rapl/energy_exp_server/NPB3.4.3/NPB3.4-MPI/bin/mg.C.x"
0.7710965 W	3572331	"/home/boggy/ref_rapl/energy_exp_server/NPB3.4.3/NPB3.4-MPI/bin/mg.C.x"
0.7710965 W	3572329	"/home/boggy/ref_rapl/energy_exp_server/NPB3.4.3/NPB3.4-MPI/bin/mg.C.x"
------------------------------------------------------------

Host:	50.728727 W from 
	package 	core		dram		uncore
Socket0	47.965015 W |	43.551304 W	2.569729 W	0 W	

Top 5 consumers:
Power		PID	Exe
1.0352801 W	3572328	"/home/boggy/ref_rapl/energy_exp_server/NPB3.4.3/NPB3.4-MPI/bin/mg.C.x"
1.0352801 W	3572331	"/home/boggy/ref_rapl/energy_exp_server/NPB3.4.3/NPB3.4-MPI/bin/mg.C.x"
1.0352801 W	3572329	"/home/boggy/ref_rapl/energy_exp_server/NPB3.4.3/NPB3.4-MPI/bin/mg.C.x"
0.7764601 W	3572330	"/home/boggy/ref_rapl/energy_exp_server/NPB3.4.3/NPB3.4-MPI/bin/mg.C.x"
0.51764005 W	3572309	"/home/boggy/ref_rapl/scaphandre/target/release/scaphandre"
------------------------------------------------------------

Host:	52.352911 W from 
	package 	core		dram		uncore
Socket0	48.263077 W |	43.59919 W	2.514411 W	0 W	

Top 5 consumers:
Power		PID	Exe
1.284734 W	3572330	"/home/boggy/ref_rapl/energy_exp_server/NPB3.4.3/NPB3.4-MPI/bin/mg.C.x"
1.284734 W	3572331	"/home/boggy/ref_rapl/energy_exp_server/NPB3.4.3/NPB3.4-MPI/bin/mg.C.x"
0.9635505 W	3572309	"/home/boggy/ref_rapl/scaphandre/target/release/scaphandre"
0.9635505 W	3572328	"/home/boggy/ref_rapl/energy_exp_server/NPB3.4.3/NPB3.4-MPI/bin/mg.C.x"
0.9635505 W	3572329	"/home/boggy/ref_rapl/energy_exp_server/NPB3.4.3/NPB3.4-MPI/bin/mg.C.x"
------------------------------------------------------------

Host:	49.701168 W from 
	package 	core		dram		uncore
Socket0	47.27189 W |	42.555233 W	4.11726 W	0 W	

Top 5 consumers:
Power		PID	Exe
1.5245756 W	3572328	"/home/boggy/ref_rapl/energy_exp_server/NPB3.4.3/NPB3.4-MPI/bin/mg.C.x"
1.2196605 W	3572330	"/home/boggy/ref_rapl/energy_exp_server/NPB3.4.3/NPB3.4-MPI/bin/mg.C.x"
1.2196605 W	3572331	"/home/boggy/ref_rapl/energy_exp_server/NPB3.4.3/NPB3.4-MPI/bin/mg.C.x"
0.91474545 W	3572309	"/home/boggy/ref_rapl/scaphandre/target/release/scaphandre"
0.30491513 W	18	""
------------------------------------------------------------

Host:	55.064142 W from 
	package 	core		dram		uncore
Socket0	46.62081 W |	40.95493 W	4.473383 W	0 W	

Top 5 consumers:
Power		PID	Exe
1.3512672 W	3572330	"/home/boggy/ref_rapl/energy_exp_server/NPB3.4.3/NPB3.4-MPI/bin/mg.C.x"
1.3512672 W	3572309	"/home/boggy/ref_rapl/scaphandre/target/release/scaphandre"
1.3512672 W	3572329	"/home/boggy/ref_rapl/energy_exp_server/NPB3.4.3/NPB3.4-MPI/bin/mg.C.x"
1.0134505 W	3572328	"/home/boggy/ref_rapl/energy_exp_server/NPB3.4.3/NPB3.4-MPI/bin/mg.C.x"
1.0134505 W	3572331	"/home/boggy/ref_rapl/energy_exp_server/NPB3.4.3/NPB3.4-MPI/bin/mg.C.x"
------------------------------------------------------------

Host:	55.199851 W from 
	package 	core		dram		uncore
Socket0	52.326736 W |	48.100563 W	3.581645 W	0 W	

Top 5 consumers:
Power		PID	Exe
1.0159482 W	3572330	"/home/boggy/ref_rapl/energy_exp_server/NPB3.4.3/NPB3.4-MPI/bin/mg.C.x"
1.0159482 W	3572328	"/home/boggy/ref_rapl/energy_exp_server/NPB3.4.3/NPB3.4-MPI/bin/mg.C.x"
1.0159482 W	3572331	"/home/boggy/ref_rapl/energy_exp_server/NPB3.4.3/NPB3.4-MPI/bin/mg.C.x"
1.0159482 W	3572329	"/home/boggy/ref_rapl/energy_exp_server/NPB3.4.3/NPB3.4-MPI/bin/mg.C.x"
0.6772987 W	3572309	"/home/boggy/ref_rapl/scaphandre/target/release/scaphandre"
------------------------------------------------------------

Host:	47.209274 W from 
	package 	core		dram		uncore
Socket0	51.40698 W |	47.756256 W	3.179174 W	0 W	

Top 5 consumers:
Power		PID	Exe
1.1585097 W	3572328	"/home/boggy/ref_rapl/energy_exp_server/NPB3.4.3/NPB3.4-MPI/bin/mg.C.x"
1.1585097 W	3572331	"/home/boggy/ref_rapl/energy_exp_server/NPB3.4.3/NPB3.4-MPI/bin/mg.C.x"
0.86888236 W	3572330	"/home/boggy/ref_rapl/energy_exp_server/NPB3.4.3/NPB3.4-MPI/bin/mg.C.x"
0.86888236 W	3572309	"/home/boggy/ref_rapl/scaphandre/target/release/scaphandre"
0.86888236 W	3572329	"/home/boggy/ref_rapl/energy_exp_server/NPB3.4.3/NPB3.4-MPI/bin/mg.C.x"
------------------------------------------------------------

Host:	43.827588 W from 
	package 	core		dram		uncore
Socket0	39.88337 W |	34.395424 W	4.3938 W	0 W	

Top 5 consumers:
Power		PID	Exe
1.6132855 W	3572329	"/home/boggy/ref_rapl/energy_exp_server/NPB3.4.3/NPB3.4-MPI/bin/mg.C.x"
1.3444045 W	3572330	"/home/boggy/ref_rapl/energy_exp_server/NPB3.4.3/NPB3.4-MPI/bin/mg.C.x"
1.3444045 W	3572309	"/home/boggy/ref_rapl/scaphandre/target/release/scaphandre"
1.3444045 W	3572328	"/home/boggy/ref_rapl/energy_exp_server/NPB3.4.3/NPB3.4-MPI/bin/mg.C.x"
1.3444045 W	3572331	"/home/boggy/ref_rapl/energy_exp_server/NPB3.4.3/NPB3.4-MPI/bin/mg.C.x"
------------------------------------------------------------

Host:	51.090018 W from 
	package 	core		dram		uncore
Socket0	41.728794 W |	36.820927 W	4.254923 W	0 W	

Top 5 consumers:
Power		PID	Exe
1.1046491 W	3572330	"/home/boggy/ref_rapl/energy_exp_server/NPB3.4.3/NPB3.4-MPI/bin/mg.C.x"
1.1046491 W	3572331	"/home/boggy/ref_rapl/energy_exp_server/NPB3.4.3/NPB3.4-MPI/bin/mg.C.x"
0.82848674 W	3572309	"/home/boggy/ref_rapl/scaphandre/target/release/scaphandre"
0.82848674 W	3572328	"/home/boggy/ref_rapl/energy_exp_server/NPB3.4.3/NPB3.4-MPI/bin/mg.C.x"
0.82848674 W	3572329	"/home/boggy/ref_rapl/energy_exp_server/NPB3.4.3/NPB3.4-MPI/bin/mg.C.x"
------------------------------------------------------------

Host:	53.548034 W from 
	package 	core		dram		uncore
Socket0	48.637306 W |	44.49703 W	3.965649 W	0 W	

Top 5 consumers:
Power		PID	Exe
0.8683465 W	3572330	"/home/boggy/ref_rapl/energy_exp_server/NPB3.4.3/NPB3.4-MPI/bin/mg.C.x"
0.8683465 W	3572328	"/home/boggy/ref_rapl/energy_exp_server/NPB3.4.3/NPB3.4-MPI/bin/mg.C.x"
0.8683465 W	3572331	"/home/boggy/ref_rapl/energy_exp_server/NPB3.4.3/NPB3.4-MPI/bin/mg.C.x"
0.8683465 W	3572329	"/home/boggy/ref_rapl/energy_exp_server/NPB3.4.3/NPB3.4-MPI/bin/mg.C.x"
0.5788977 W	3572309	"/home/boggy/ref_rapl/scaphandre/target/release/scaphandre"
------------------------------------------------------------

Host:	55.309913 W from 
	package 	core		dram		uncore
Socket0	50.381138 W |	45.630188 W	3.628572 W	0 W	

Top 5 consumers:
Power		PID	Exe
0.8969175 W	3572330	"/home/boggy/ref_rapl/energy_exp_server/NPB3.4.3/NPB3.4-MPI/bin/mg.C.x"
0.8969175 W	3572309	"/home/boggy/ref_rapl/scaphandre/target/release/scaphandre"
0.8969175 W	3572328	"/home/boggy/ref_rapl/energy_exp_server/NPB3.4.3/NPB3.4-MPI/bin/mg.C.x"
0.8969175 W	3572329	"/home/boggy/ref_rapl/energy_exp_server/NPB3.4.3/NPB3.4-MPI/bin/mg.C.x"
0.59794503 W	3572331	"/home/boggy/ref_rapl/energy_exp_server/NPB3.4.3/NPB3.4-MPI/bin/mg.C.x"
------------------------------------------------------------

Host:	54.857929 W from 
	package 	core		dram		uncore
Socket0	51.431545 W |	47.040916 W	4.040733 W	0 W	

Top 5 consumers:
Power		PID	Exe
1.1861175 W	3572330	"/home/boggy/ref_rapl/energy_exp_server/NPB3.4.3/NPB3.4-MPI/bin/mg.C.x"
1.1861175 W	3572328	"/home/boggy/ref_rapl/energy_exp_server/NPB3.4.3/NPB3.4-MPI/bin/mg.C.x"
1.1861175 W	3572331	"/home/boggy/ref_rapl/energy_exp_server/NPB3.4.3/NPB3.4-MPI/bin/mg.C.x"
1.1861175 W	3572329	"/home/boggy/ref_rapl/energy_exp_server/NPB3.4.3/NPB3.4-MPI/bin/mg.C.x"
0.889588 W	3572309	"/home/boggy/ref_rapl/scaphandre/target/release/scaphandre"
------------------------------------------------------------

Host:	56.55033 W from 
	package 	core		dram		uncore
Socket0	52.364853 W |	47.115814 W	4.10515 W	0 W	

Top 5 consumers:
Power		PID	Exe
1.2227099 W	3572331	"/home/boggy/ref_rapl/energy_exp_server/NPB3.4.3/NPB3.4-MPI/bin/mg.C.x"
0.91703236 W	3572330	"/home/boggy/ref_rapl/energy_exp_server/NPB3.4.3/NPB3.4-MPI/bin/mg.C.x"
0.91703236 W	3572309	"/home/boggy/ref_rapl/scaphandre/target/release/scaphandre"
0.91703236 W	3572328	"/home/boggy/ref_rapl/energy_exp_server/NPB3.4.3/NPB3.4-MPI/bin/mg.C.x"
0.91703236 W	3572329	"/home/boggy/ref_rapl/energy_exp_server/NPB3.4.3/NPB3.4-MPI/bin/mg.C.x"
------------------------------------------------------------

Host:	56.206071 W from 
	package 	core		dram		uncore
Socket0	50.93781 W |	47.030743 W	4.01485 W	0 W	

Top 5 consumers:
Power		PID	Exe
1.2152665 W	3572330	"/home/boggy/ref_rapl/energy_exp_server/NPB3.4.3/NPB3.4-MPI/bin/mg.C.x"
1.2152665 W	3572328	"/home/boggy/ref_rapl/energy_exp_server/NPB3.4.3/NPB3.4-MPI/bin/mg.C.x"
0.9114498 W	3572331	"/home/boggy/ref_rapl/energy_exp_server/NPB3.4.3/NPB3.4-MPI/bin/mg.C.x"
0.9114498 W	3572329	"/home/boggy/ref_rapl/energy_exp_server/NPB3.4.3/NPB3.4-MPI/bin/mg.C.x"
0.60763323 W	3572309	"/home/boggy/ref_rapl/scaphandre/target/release/scaphandre"
------------------------------------------------------------

Host:	55.787188 W from 
	package 	core		dram		uncore
Socket0	51.950893 W |	47.170208 W	4.084246 W	0 W	

Top 5 consumers:
Power		PID	Exe
1.2062095 W	3572329	"/home/boggy/ref_rapl/energy_exp_server/NPB3.4.3/NPB3.4-MPI/bin/mg.C.x"
0.9046571 W	3572330	"/home/boggy/ref_rapl/energy_exp_server/NPB3.4.3/NPB3.4-MPI/bin/mg.C.x"
0.9046571 W	3572309	"/home/boggy/ref_rapl/scaphandre/target/release/scaphandre"
0.9046571 W	3572328	"/home/boggy/ref_rapl/energy_exp_server/NPB3.4.3/NPB3.4-MPI/bin/mg.C.x"
0.9046571 W	3572331	"/home/boggy/ref_rapl/energy_exp_server/NPB3.4.3/NPB3.4-MPI/bin/mg.C.x"
------------------------------------------------------------

Host:	55.219774 W from 
	package 	core		dram		uncore
Socket0	51.750637 W |	47.128918 W	4.07831 W	0 W	

Top 5 consumers:
Power		PID	Exe
1.2203265 W	3572331	"/home/boggy/ref_rapl/energy_exp_server/NPB3.4.3/NPB3.4-MPI/bin/mg.C.x"
0.9152449 W	3572330	"/home/boggy/ref_rapl/energy_exp_server/NPB3.4.3/NPB3.4-MPI/bin/mg.C.x"
0.9152449 W	3572328	"/home/boggy/ref_rapl/energy_exp_server/NPB3.4.3/NPB3.4-MPI/bin/mg.C.x"
0.9152449 W	3572329	"/home/boggy/ref_rapl/energy_exp_server/NPB3.4.3/NPB3.4-MPI/bin/mg.C.x"
0.6101633 W	3572309	"/home/boggy/ref_rapl/scaphandre/target/release/scaphandre"
------------------------------------------------------------

Host:	55.590203 W from 
	package 	core		dram		uncore
Socket0	51.210854 W |	47.161232 W	4.13995 W	0 W	

Top 5 consumers:
Power		PID	Exe
0.9213846 W	3572330	"/home/boggy/ref_rapl/energy_exp_server/NPB3.4.3/NPB3.4-MPI/bin/mg.C.x"
0.9213846 W	3572309	"/home/boggy/ref_rapl/scaphandre/target/release/scaphandre"
0.9213846 W	3572328	"/home/boggy/ref_rapl/energy_exp_server/NPB3.4.3/NPB3.4-MPI/bin/mg.C.x"
0.9213846 W	3572331	"/home/boggy/ref_rapl/energy_exp_server/NPB3.4.3/NPB3.4-MPI/bin/mg.C.x"
0.9213846 W	3572329	"/home/boggy/ref_rapl/energy_exp_server/NPB3.4.3/NPB3.4-MPI/bin/mg.C.x"
------------------------------------------------------------

Host:	53.735839 W from 
	package 	core		dram		uncore
Socket0	51.398468 W |	46.521942 W	4.161947 W	0 W	

Top 5 consumers:
Power		PID	Exe
1.1875324 W	3572330	"/home/boggy/ref_rapl/energy_exp_server/NPB3.4.3/NPB3.4-MPI/bin/mg.C.x"
1.1875324 W	3572328	"/home/boggy/ref_rapl/energy_exp_server/NPB3.4.3/NPB3.4-MPI/bin/mg.C.x"
1.1875324 W	3572329	"/home/boggy/ref_rapl/energy_exp_server/NPB3.4.3/NPB3.4-MPI/bin/mg.C.x"
0.89064926 W	3572331	"/home/boggy/ref_rapl/energy_exp_server/NPB3.4.3/NPB3.4-MPI/bin/mg.C.x"
0.5937662 W	3572309	"/home/boggy/ref_rapl/scaphandre/target/release/scaphandre"
------------------------------------------------------------

Host:	53.563864 W from 
	package 	core		dram		uncore
Socket0	49.648113 W |	44.5064 W	3.711196 W	0 W	

Top 5 consumers:
Power		PID	Exe
0.8877988 W	3572330	"/home/boggy/ref_rapl/energy_exp_server/NPB3.4.3/NPB3.4-MPI/bin/mg.C.x"
0.8877988 W	3572309	"/home/boggy/ref_rapl/scaphandre/target/release/scaphandre"
0.8877988 W	3572328	"/home/boggy/ref_rapl/energy_exp_server/NPB3.4.3/NPB3.4-MPI/bin/mg.C.x"
0.8877988 W	3572331	"/home/boggy/ref_rapl/energy_exp_server/NPB3.4.3/NPB3.4-MPI/bin/mg.C.x"
0.8877988 W	3572329	"/home/boggy/ref_rapl/energy_exp_server/NPB3.4.3/NPB3.4-MPI/bin/mg.C.x"
------------------------------------------------------------

Host:	51.519764 W from 
	package 	core		dram		uncore
Socket0	49.65718 W |	44.978664 W	3.870319 W	0 W	

Top 5 consumers:
Power		PID	Exe
0.85391873 W	3572330	"/home/boggy/ref_rapl/energy_exp_server/NPB3.4.3/NPB3.4-MPI/bin/mg.C.x"
0.85391873 W	3572328	"/home/boggy/ref_rapl/energy_exp_server/NPB3.4.3/NPB3.4-MPI/bin/mg.C.x"
0.85391873 W	3572331	"/home/boggy/ref_rapl/energy_exp_server/NPB3.4.3/NPB3.4-MPI/bin/mg.C.x"
0.85391873 W	3572329	"/home/boggy/ref_rapl/energy_exp_server/NPB3.4.3/NPB3.4-MPI/bin/mg.C.x"
0.56927913 W	3572309	"/home/boggy/ref_rapl/scaphandre/target/release/scaphandre"
------------------------------------------------------------

Host:	54.496427 W from 
	package 	core		dram		uncore
Socket0	48.22573 W |	44.618874 W	3.827654 W	0 W	

Top 5 consumers:
Power		PID	Exe
1.2043408 W	3572331	"/home/boggy/ref_rapl/energy_exp_server/NPB3.4.3/NPB3.4-MPI/bin/mg.C.x"
0.9032557 W	3572330	"/home/boggy/ref_rapl/energy_exp_server/NPB3.4.3/NPB3.4-MPI/bin/mg.C.x"
0.9032557 W	3572328	"/home/boggy/ref_rapl/energy_exp_server/NPB3.4.3/NPB3.4-MPI/bin/mg.C.x"
0.9032557 W	3572329	"/home/boggy/ref_rapl/energy_exp_server/NPB3.4.3/NPB3.4-MPI/bin/mg.C.x"
0.6021704 W	3572309	"/home/boggy/ref_rapl/scaphandre/target/release/scaphandre"
------------------------------------------------------------

Host:	52.443673 W from 
	package 	core		dram		uncore
Socket0	49.999714 W |	44.89872 W	4.231802 W	0 W	

Top 5 consumers:
Power		PID	Exe
0.8692321 W	3572330	"/home/boggy/ref_rapl/energy_exp_server/NPB3.4.3/NPB3.4-MPI/bin/mg.C.x"
0.8692321 W	3572309	"/home/boggy/ref_rapl/scaphandre/target/release/scaphandre"
0.8692321 W	3572328	"/home/boggy/ref_rapl/energy_exp_server/NPB3.4.3/NPB3.4-MPI/bin/mg.C.x"
0.8692321 W	3572331	"/home/boggy/ref_rapl/energy_exp_server/NPB3.4.3/NPB3.4-MPI/bin/mg.C.x"
0.8692321 W	3572329	"/home/boggy/ref_rapl/energy_exp_server/NPB3.4.3/NPB3.4-MPI/bin/mg.C.x"
------------------------------------------------------------

Host:	48.063247 W from 
	package 	core		dram		uncore
Socket0	48.081192 W |	43.502926 W	4.19278 W	0 W	

Top 5 consumers:
Power		PID	Exe
1.0505627 W	3572330	"/home/boggy/ref_rapl/energy_exp_server/NPB3.4.3/NPB3.4-MPI/bin/mg.C.x"
1.0505627 W	3572309	"/home/boggy/ref_rapl/scaphandre/target/release/scaphandre"
1.0505627 W	3572328	"/home/boggy/ref_rapl/energy_exp_server/NPB3.4.3/NPB3.4-MPI/bin/mg.C.x"
1.0505627 W	3572331	"/home/boggy/ref_rapl/energy_exp_server/NPB3.4.3/NPB3.4-MPI/bin/mg.C.x"
1.0505627 W	3572329	"/home/boggy/ref_rapl/energy_exp_server/NPB3.4.3/NPB3.4-MPI/bin/mg.C.x"
------------------------------------------------------------

Host:	45.612097 W from 
	package 	core		dram		uncore
Socket0	42.144695 W |	36.465946 W	4.552275 W	0 W	

Top 5 consumers:
Power		PID	Exe
1.4954785 W	3572330	"/home/boggy/ref_rapl/energy_exp_server/NPB3.4.3/NPB3.4-MPI/bin/mg.C.x"
1.4954785 W	3572309	"/home/boggy/ref_rapl/scaphandre/target/release/scaphandre"
1.4954785 W	3572328	"/home/boggy/ref_rapl/energy_exp_server/NPB3.4.3/NPB3.4-MPI/bin/mg.C.x"
1.4954785 W	3572331	"/home/boggy/ref_rapl/energy_exp_server/NPB3.4.3/NPB3.4-MPI/bin/mg.C.x"
1.4954785 W	3572329	"/home/boggy/ref_rapl/energy_exp_server/NPB3.4.3/NPB3.4-MPI/bin/mg.C.x"
------------------------------------------------------------

Host:	48.294717 W from 
	package 	core		dram		uncore
Socket0	40.905533 W |	36.1756 W	4.526829 W	0 W	

Top 5 consumers:
Power		PID	Exe
1.5834333 W	3572328	"/home/boggy/ref_rapl/energy_exp_server/NPB3.4.3/NPB3.4-MPI/bin/mg.C.x"
1.3195277 W	3572330	"/home/boggy/ref_rapl/energy_exp_server/NPB3.4.3/NPB3.4-MPI/bin/mg.C.x"
1.3195277 W	3572309	"/home/boggy/ref_rapl/scaphandre/target/release/scaphandre"
1.3195277 W	3572331	"/home/boggy/ref_rapl/energy_exp_server/NPB3.4.3/NPB3.4-MPI/bin/mg.C.x"
1.3195277 W	3572329	"/home/boggy/ref_rapl/energy_exp_server/NPB3.4.3/NPB3.4-MPI/bin/mg.C.x"
------------------------------------------------------------

Host:	53.121043 W from 
	package 	core		dram		uncore
Socket0	46.22455 W |	41.30187 W	3.79634 W	0 W	

Top 5 consumers:
Power		PID	Exe
1.1611156 W	3572329	"/home/boggy/ref_rapl/energy_exp_server/NPB3.4.3/NPB3.4-MPI/bin/mg.C.x"
0.87083673 W	3572330	"/home/boggy/ref_rapl/energy_exp_server/NPB3.4.3/NPB3.4-MPI/bin/mg.C.x"
0.87083673 W	3572309	"/home/boggy/ref_rapl/scaphandre/target/release/scaphandre"
0.87083673 W	3572328	"/home/boggy/ref_rapl/energy_exp_server/NPB3.4.3/NPB3.4-MPI/bin/mg.C.x"
0.87083673 W	3572331	"/home/boggy/ref_rapl/energy_exp_server/NPB3.4.3/NPB3.4-MPI/bin/mg.C.x"
------------------------------------------------------------

Host:	53.918434 W from 
	package 	core		dram		uncore
Socket0	49.740913 W |	44.74235 W	4.177545 W	0 W	

Top 5 consumers:
Power		PID	Exe
0.88390875 W	3572330	"/home/boggy/ref_rapl/energy_exp_server/NPB3.4.3/NPB3.4-MPI/bin/mg.C.x"
0.88390875 W	3572328	"/home/boggy/ref_rapl/energy_exp_server/NPB3.4.3/NPB3.4-MPI/bin/mg.C.x"
0.88390875 W	3572331	"/home/boggy/ref_rapl/energy_exp_server/NPB3.4.3/NPB3.4-MPI/bin/mg.C.x"
0.88390875 W	3572329	"/home/boggy/ref_rapl/energy_exp_server/NPB3.4.3/NPB3.4-MPI/bin/mg.C.x"
0.58927244 W	3572309	"/home/boggy/ref_rapl/scaphandre/target/release/scaphandre"
------------------------------------------------------------

Host:	50.397078 W from 
	package 	core		dram		uncore
Socket0	49.118633 W |	44.187084 W	4.438621 W	0 W	

Top 5 consumers:
Power		PID	Exe
1.1585535 W	3572330	"/home/boggy/ref_rapl/energy_exp_server/NPB3.4.3/NPB3.4-MPI/bin/mg.C.x"
1.1585535 W	3572328	"/home/boggy/ref_rapl/energy_exp_server/NPB3.4.3/NPB3.4-MPI/bin/mg.C.x"
1.1585535 W	3572331	"/home/boggy/ref_rapl/energy_exp_server/NPB3.4.3/NPB3.4-MPI/bin/mg.C.x"
0.86891514 W	3572309	"/home/boggy/ref_rapl/scaphandre/target/release/scaphandre"
0.86891514 W	3572329	"/home/boggy/ref_rapl/energy_exp_server/NPB3.4.3/NPB3.4-MPI/bin/mg.C.x"
------------------------------------------------------------

Host:	50.992422 W from 
	package 	core		dram		uncore
Socket0	45.432537 W |	40.57389 W	4.679229 W	0 W	

Top 5 consumers:
Power		PID	Exe
0.8791797 W	3572330	"/home/boggy/ref_rapl/energy_exp_server/NPB3.4.3/NPB3.4-MPI/bin/mg.C.x"
0.8791797 W	3572309	"/home/boggy/ref_rapl/scaphandre/target/release/scaphandre"
0.8791797 W	3572328	"/home/boggy/ref_rapl/energy_exp_server/NPB3.4.3/NPB3.4-MPI/bin/mg.C.x"
0.8791797 W	3572331	"/home/boggy/ref_rapl/energy_exp_server/NPB3.4.3/NPB3.4-MPI/bin/mg.C.x"
0.8791797 W	3572329	"/home/boggy/ref_rapl/energy_exp_server/NPB3.4.3/NPB3.4-MPI/bin/mg.C.x"
------------------------------------------------------------

Host:	51.258461 W from 
	package 	core		dram		uncore
Socket0	46.55385 W |	40.80163 W	4.495176 W	0 W	

Top 5 consumers:
Power		PID	Exe
1.1783553 W	3572329	"/home/boggy/ref_rapl/energy_exp_server/NPB3.4.3/NPB3.4-MPI/bin/mg.C.x"
0.8837666 W	3572330	"/home/boggy/ref_rapl/energy_exp_server/NPB3.4.3/NPB3.4-MPI/bin/mg.C.x"
0.8837666 W	3572328	"/home/boggy/ref_rapl/energy_exp_server/NPB3.4.3/NPB3.4-MPI/bin/mg.C.x"
0.8837666 W	3572331	"/home/boggy/ref_rapl/energy_exp_server/NPB3.4.3/NPB3.4-MPI/bin/mg.C.x"
0.58917767 W	3572309	"/home/boggy/ref_rapl/scaphandre/target/release/scaphandre"
------------------------------------------------------------

Host:	51.497458 W from 
	package 	core		dram		uncore
Socket0	47.96523 W |	42.50146 W	4.768775 W	0 W	

Top 5 consumers:
Power		PID	Exe
1.7757744 W	3572330	"/home/boggy/ref_rapl/energy_exp_server/NPB3.4.3/NPB3.4-MPI/bin/mg.C.x"
1.7757744 W	3572328	"/home/boggy/ref_rapl/energy_exp_server/NPB3.4.3/NPB3.4-MPI/bin/mg.C.x"
1.7757744 W	3572331	"/home/boggy/ref_rapl/energy_exp_server/NPB3.4.3/NPB3.4-MPI/bin/mg.C.x"
1.479812 W	3572329	"/home/boggy/ref_rapl/energy_exp_server/NPB3.4.3/NPB3.4-MPI/bin/mg.C.x"
1.1838496 W	3572309	"/home/boggy/ref_rapl/scaphandre/target/release/scaphandre"
------------------------------------------------------------

Host:	51.495751 W from 
	package 	core		dram		uncore
Socket0	46.716263 W |	41.4924 W	4.782069 W	0 W	

Top 5 consumers:
Power		PID	Exe
1.7757155 W	3572330	"/home/boggy/ref_rapl/energy_exp_server/NPB3.4.3/NPB3.4-MPI/bin/mg.C.x"
1.7757155 W	3572328	"/home/boggy/ref_rapl/energy_exp_server/NPB3.4.3/NPB3.4-MPI/bin/mg.C.x"
1.7757155 W	3572331	"/home/boggy/ref_rapl/energy_exp_server/NPB3.4.3/NPB3.4-MPI/bin/mg.C.x"
1.7757155 W	3572329	"/home/boggy/ref_rapl/energy_exp_server/NPB3.4.3/NPB3.4-MPI/bin/mg.C.x"
0.5919052 W	3572309	"/home/boggy/ref_rapl/scaphandre/target/release/scaphandre"
------------------------------------------------------------

Host:	51.597438 W from 
	package 	core		dram		uncore
Socket0	46.778145 W |	41.515507 W	4.786215 W	0 W	

Top 5 consumers:
Power		PID	Exe
1.61242 W	3572330	"/home/boggy/ref_rapl/energy_exp_server/NPB3.4.3/NPB3.4-MPI/bin/mg.C.x"
1.61242 W	3572328	"/home/boggy/ref_rapl/energy_exp_server/NPB3.4.3/NPB3.4-MPI/bin/mg.C.x"
1.61242 W	3572331	"/home/boggy/ref_rapl/energy_exp_server/NPB3.4.3/NPB3.4-MPI/bin/mg.C.x"
1.61242 W	3572329	"/home/boggy/ref_rapl/energy_exp_server/NPB3.4.3/NPB3.4-MPI/bin/mg.C.x"
0.80621 W	3572309	"/home/boggy/ref_rapl/scaphandre/target/release/scaphandre"
------------------------------------------------------------

Host:	51.589616 W from 
	package 	core		dram		uncore
Socket0	46.58639 W |	41.42127 W	4.777254 W	0 W	

Top 5 consumers:
Power		PID	Exe
1.8808714 W	3572330	"/home/boggy/ref_rapl/energy_exp_server/NPB3.4.3/NPB3.4-MPI/bin/mg.C.x"
1.6121755 W	3572328	"/home/boggy/ref_rapl/energy_exp_server/NPB3.4.3/NPB3.4-MPI/bin/mg.C.x"
1.3434795 W	3572331	"/home/boggy/ref_rapl/energy_exp_server/NPB3.4.3/NPB3.4-MPI/bin/mg.C.x"
0.5373919 W	3572309	"/home/boggy/ref_rapl/scaphandre/target/release/scaphandre"
0.26869595 W	49	""
------------------------------------------------------------

Host:	54.040375 W from 
	package 	core		dram		uncore
Socket0	46.8764 W |	42.1622 W	4.581184 W	0 W	

Top 5 consumers:
Power		PID	Exe
1.6887617 W	3572331	"/home/boggy/ref_rapl/energy_exp_server/NPB3.4.3/NPB3.4-MPI/bin/mg.C.x"
1.4073014 W	3572330	"/home/boggy/ref_rapl/energy_exp_server/NPB3.4.3/NPB3.4-MPI/bin/mg.C.x"
1.4073014 W	3572328	"/home/boggy/ref_rapl/energy_exp_server/NPB3.4.3/NPB3.4-MPI/bin/mg.C.x"
1.4073014 W	3572329	"/home/boggy/ref_rapl/energy_exp_server/NPB3.4.3/NPB3.4-MPI/bin/mg.C.x"
0.56292063 W	3572309	"/home/boggy/ref_rapl/scaphandre/target/release/scaphandre"
------------------------------------------------------------

Host:	52.757654 W from 
	package 	core		dram		uncore
Socket0	49.11259 W |	43.986485 W	4.612194 W	0 W	

Top 5 consumers:
Power		PID	Exe
1.6486768 W	3572330	"/home/boggy/ref_rapl/energy_exp_server/NPB3.4.3/NPB3.4-MPI/bin/mg.C.x"
1.6486768 W	3572328	"/home/boggy/ref_rapl/energy_exp_server/NPB3.4.3/NPB3.4-MPI/bin/mg.C.x"
1.6486768 W	3572331	"/home/boggy/ref_rapl/energy_exp_server/NPB3.4.3/NPB3.4-MPI/bin/mg.C.x"
1.6486768 W	3572329	"/home/boggy/ref_rapl/energy_exp_server/NPB3.4.3/NPB3.4-MPI/bin/mg.C.x"
0.54955894 W	3572309	"/home/boggy/ref_rapl/scaphandre/target/release/scaphandre"
------------------------------------------------------------

Host:	53.687558 W from 
	package 	core		dram		uncore
Socket0	49.07426 W |	43.93501 W	4.615712 W	0 W	

Top 5 consumers:
Power		PID	Exe
1.7699196 W	3572330	"/home/boggy/ref_rapl/energy_exp_server/NPB3.4.3/NPB3.4-MPI/bin/mg.C.x"
1.7699196 W	3572328	"/home/boggy/ref_rapl/energy_exp_server/NPB3.4.3/NPB3.4-MPI/bin/mg.C.x"
1.7699196 W	3572329	"/home/boggy/ref_rapl/energy_exp_server/NPB3.4.3/NPB3.4-MPI/bin/mg.C.x"
1.4749329 W	3572331	"/home/boggy/ref_rapl/energy_exp_server/NPB3.4.3/NPB3.4-MPI/bin/mg.C.x"
1.1799464 W	3572309	"/home/boggy/ref_rapl/scaphandre/target/release/scaphandre"
------------------------------------------------------------

Host:	51.117883 W from 
	package 	core		dram		uncore
Socket0	48.085033 W |	42.698166 W	4.569828 W	0 W	

Top 5 consumers:
Power		PID	Exe
1.9660726 W	3572329	"/home/boggy/ref_rapl/energy_exp_server/NPB3.4.3/NPB3.4-MPI/bin/mg.C.x"
1.6852051 W	3572331	"/home/boggy/ref_rapl/energy_exp_server/NPB3.4.3/NPB3.4-MPI/bin/mg.C.x"
1.4043374 W	3572330	"/home/boggy/ref_rapl/energy_exp_server/NPB3.4.3/NPB3.4-MPI/bin/mg.C.x"
1.4043374 W	3572328	"/home/boggy/ref_rapl/energy_exp_server/NPB3.4.3/NPB3.4-MPI/bin/mg.C.x"
0.561735 W	3572309	"/home/boggy/ref_rapl/scaphandre/target/release/scaphandre"
------------------------------------------------------------

Host:	51.328739 W from 
	package 	core		dram		uncore
Socket0	46.30335 W |	41.711967 W	4.64161 W	0 W	

Top 5 consumers:
Power		PID	Exe
1.6921564 W	3572330	"/home/boggy/ref_rapl/energy_exp_server/NPB3.4.3/NPB3.4-MPI/bin/mg.C.x"
1.6921564 W	3572328	"/home/boggy/ref_rapl/energy_exp_server/NPB3.4.3/NPB3.4-MPI/bin/mg.C.x"
1.6921564 W	3572331	"/home/boggy/ref_rapl/energy_exp_server/NPB3.4.3/NPB3.4-MPI/bin/mg.C.x"
1.4101301 W	3572329	"/home/boggy/ref_rapl/energy_exp_server/NPB3.4.3/NPB3.4-MPI/bin/mg.C.x"
0.5640521 W	3572309	"/home/boggy/ref_rapl/scaphandre/target/release/scaphandre"
------------------------------------------------------------

Host:	51.322047 W from 
	package 	core		dram		uncore
Socket0	46.485134 W |	41.603603 W	4.825477 W	0 W	

Top 5 consumers:
Power		PID	Exe
1.6919358 W	3572330	"/home/boggy/ref_rapl/energy_exp_server/NPB3.4.3/NPB3.4-MPI/bin/mg.C.x"
1.6919358 W	3572328	"/home/boggy/ref_rapl/energy_exp_server/NPB3.4.3/NPB3.4-MPI/bin/mg.C.x"
1.6919358 W	3572331	"/home/boggy/ref_rapl/energy_exp_server/NPB3.4.3/NPB3.4-MPI/bin/mg.C.x"
1.6919358 W	3572329	"/home/boggy/ref_rapl/energy_exp_server/NPB3.4.3/NPB3.4-MPI/bin/mg.C.x"
0.8459679 W	3572309	"/home/boggy/ref_rapl/scaphandre/target/release/scaphandre"
------------------------------------------------------------

Host:	50.666715 W from 
	package 	core		dram		uncore
Socket0	46.786217 W |	41.512585 W	4.787786 W	0 W	

Top 5 consumers:
Power		PID	Exe
1.63441 W	3572330	"/home/boggy/ref_rapl/energy_exp_server/NPB3.4.3/NPB3.4-MPI/bin/mg.C.x"
1.63441 W	3572328	"/home/boggy/ref_rapl/energy_exp_server/NPB3.4.3/NPB3.4-MPI/bin/mg.C.x"
1.63441 W	3572331	"/home/boggy/ref_rapl/energy_exp_server/NPB3.4.3/NPB3.4-MPI/bin/mg.C.x"
1.63441 W	3572329	"/home/boggy/ref_rapl/energy_exp_server/NPB3.4.3/NPB3.4-MPI/bin/mg.C.x"
0.54480344 W	3572309	"/home/boggy/ref_rapl/scaphandre/target/release/scaphandre"
------------------------------------------------------------

Host:	44.64963 W from 
	package 	core		dram		uncore
Socket0	45.939526 W |	40.714287 W	4.575711 W	0 W	

Top 5 consumers:
Power		PID	Exe
1.6803625 W	3572331	"/home/boggy/ref_rapl/energy_exp_server/NPB3.4.3/NPB3.4-MPI/bin/mg.C.x"
1.4403105 W	3572330	"/home/boggy/ref_rapl/energy_exp_server/NPB3.4.3/NPB3.4-MPI/bin/mg.C.x"
1.4403105 W	3572328	"/home/boggy/ref_rapl/energy_exp_server/NPB3.4.3/NPB3.4-MPI/bin/mg.C.x"
1.4403105 W	3572329	"/home/boggy/ref_rapl/energy_exp_server/NPB3.4.3/NPB3.4-MPI/bin/mg.C.x"
0.9602071 W	3572309	"/home/boggy/ref_rapl/scaphandre/target/release/scaphandre"
------------------------------------------------------------

Host:	42.843604 W from 
	package 	core		dram		uncore
Socket0	38.019104 W |	32.802666 W	4.499064 W	0 W	

Top 5 consumers:
Power		PID	Exe
1.8427358 W	3572330	"/home/boggy/ref_rapl/energy_exp_server/NPB3.4.3/NPB3.4-MPI/bin/mg.C.x"
1.8427358 W	3572328	"/home/boggy/ref_rapl/energy_exp_server/NPB3.4.3/NPB3.4-MPI/bin/mg.C.x"
1.8427358 W	3572329	"/home/boggy/ref_rapl/energy_exp_server/NPB3.4.3/NPB3.4-MPI/bin/mg.C.x"
1.6123937 W	3572331	"/home/boggy/ref_rapl/energy_exp_server/NPB3.4.3/NPB3.4-MPI/bin/mg.C.x"
1.3820516 W	3572309	"/home/boggy/ref_rapl/scaphandre/target/release/scaphandre"
------------------------------------------------------------

Host:	47.74623 W from 
	package 	core		dram		uncore
Socket0	40.363358 W |	35.333145 W	4.533598 W	0 W	

Top 5 consumers:
Power		PID	Exe
1.7969012 W	3572309	"/home/boggy/ref_rapl/scaphandre/target/release/scaphandre"
1.2835009 W	3572331	"/home/boggy/ref_rapl/energy_exp_server/NPB3.4.3/NPB3.4-MPI/bin/mg.C.x"
1.2835009 W	3572329	"/home/boggy/ref_rapl/energy_exp_server/NPB3.4.3/NPB3.4-MPI/bin/mg.C.x"
1.0268006 W	3572330	"/home/boggy/ref_rapl/energy_exp_server/NPB3.4.3/NPB3.4-MPI/bin/mg.C.x"
1.0268006 W	3572328	"/home/boggy/ref_rapl/energy_exp_server/NPB3.4.3/NPB3.4-MPI/bin/mg.C.x"
------------------------------------------------------------

Host:	51.751581 W from 
	package 	core		dram		uncore
Socket0	47.30848 W |	41.488403 W	4.464495 W	0 W	

Top 5 consumers:
Power		PID	Exe
1.1629568 W	3572330	"/home/boggy/ref_rapl/energy_exp_server/NPB3.4.3/NPB3.4-MPI/bin/mg.C.x"
1.1629568 W	3572328	"/home/boggy/ref_rapl/energy_exp_server/NPB3.4.3/NPB3.4-MPI/bin/mg.C.x"
0.8722176 W	3572309	"/home/boggy/ref_rapl/scaphandre/target/release/scaphandre"
0.8722176 W	3572331	"/home/boggy/ref_rapl/energy_exp_server/NPB3.4.3/NPB3.4-MPI/bin/mg.C.x"
0.8722176 W	3572329	"/home/boggy/ref_rapl/energy_exp_server/NPB3.4.3/NPB3.4-MPI/bin/mg.C.x"
------------------------------------------------------------

Host:	55.174038 W from 
	package 	core		dram		uncore
Socket0	48.03977 W |	43.13424 W	4.494921 W	0 W	

Top 5 consumers:
Power		PID	Exe
1.239866 W	3572331	"/home/boggy/ref_rapl/energy_exp_server/NPB3.4.3/NPB3.4-MPI/bin/mg.C.x"
1.239866 W	3572329	"/home/boggy/ref_rapl/energy_exp_server/NPB3.4.3/NPB3.4-MPI/bin/mg.C.x"
0.9298995 W	3572330	"/home/boggy/ref_rapl/energy_exp_server/NPB3.4.3/NPB3.4-MPI/bin/mg.C.x"
0.9298995 W	3572309	"/home/boggy/ref_rapl/scaphandre/target/release/scaphandre"
0.9298995 W	3572328	"/home/boggy/ref_rapl/energy_exp_server/NPB3.4.3/NPB3.4-MPI/bin/mg.C.x"
------------------------------------------------------------

Host:	57.765157 W from 
	package 	core		dram		uncore
Socket0	53.25318 W |	49.080555 W	3.477816 W	0 W	

Top 5 consumers:
Power		PID	Exe
0.97357005 W	3572330	"/home/boggy/ref_rapl/energy_exp_server/NPB3.4.3/NPB3.4-MPI/bin/mg.C.x"
0.97357005 W	3572328	"/home/boggy/ref_rapl/energy_exp_server/NPB3.4.3/NPB3.4-MPI/bin/mg.C.x"
0.97357005 W	3572331	"/home/boggy/ref_rapl/energy_exp_server/NPB3.4.3/NPB3.4-MPI/bin/mg.C.x"
0.97357005 W	3572329	"/home/boggy/ref_rapl/energy_exp_server/NPB3.4.3/NPB3.4-MPI/bin/mg.C.x"
0.64904666 W	3572309	"/home/boggy/ref_rapl/scaphandre/target/release/scaphandre"
------------------------------------------------------------

Host:	45.108354 W from 
	package 	core		dram		uncore
Socket0	51.850807 W |	47.583122 W	2.822186 W	0 W	

Top 5 consumers:
Power		PID	Exe
1.0136709 W	3572330	"/home/boggy/ref_rapl/energy_exp_server/NPB3.4.3/NPB3.4-MPI/bin/mg.C.x"
1.0136709 W	3572328	"/home/boggy/ref_rapl/energy_exp_server/NPB3.4.3/NPB3.4-MPI/bin/mg.C.x"
0.76025313 W	3572309	"/home/boggy/ref_rapl/scaphandre/target/release/scaphandre"
0.76025313 W	3572331	"/home/boggy/ref_rapl/energy_exp_server/NPB3.4.3/NPB3.4-MPI/bin/mg.C.x"
0.76025313 W	3572329	"/home/boggy/ref_rapl/energy_exp_server/NPB3.4.3/NPB3.4-MPI/bin/mg.C.x"
------------------------------------------------------------

Host:	44.008443 W from 
	package 	core		dram		uncore
Socket0	40.120243 W |	34.84007 W	4.399474 W	0 W	

Top 5 consumers:
Power		PID	Exe
1.4834306 W	3572309	"/home/boggy/ref_rapl/scaphandre/target/release/scaphandre"
1.4834306 W	3572331	"/home/boggy/ref_rapl/energy_exp_server/NPB3.4.3/NPB3.4-MPI/bin/mg.C.x"
1.4834306 W	3572329	"/home/boggy/ref_rapl/energy_exp_server/NPB3.4.3/NPB3.4-MPI/bin/mg.C.x"
1.2361922 W	3572330	"/home/boggy/ref_rapl/energy_exp_server/NPB3.4.3/NPB3.4-MPI/bin/mg.C.x"
1.2361922 W	3572328	"/home/boggy/ref_rapl/energy_exp_server/NPB3.4.3/NPB3.4-MPI/bin/mg.C.x"
------------------------------------------------------------

Host:	51.555131 W from 
	package 	core		dram		uncore
Socket0	41.709152 W |	36.310085 W	4.586494 W	0 W	

Top 5 consumers:
Power		PID	Exe
1.1585423 W	3572330	"/home/boggy/ref_rapl/energy_exp_server/NPB3.4.3/NPB3.4-MPI/bin/mg.C.x"
1.1585423 W	3572328	"/home/boggy/ref_rapl/energy_exp_server/NPB3.4.3/NPB3.4-MPI/bin/mg.C.x"
0.8689067 W	3572309	"/home/boggy/ref_rapl/scaphandre/target/release/scaphandre"
0.8689067 W	3572331	"/home/boggy/ref_rapl/energy_exp_server/NPB3.4.3/NPB3.4-MPI/bin/mg.C.x"
0.8689067 W	3572329	"/home/boggy/ref_rapl/energy_exp_server/NPB3.4.3/NPB3.4-MPI/bin/mg.C.x"
------------------------------------------------------------

Host:	50.910753 W from 
	package 	core		dram		uncore
Socket0	45.96888 W |	41.54394 W	4.860153 W	0 W	

Top 5 consumers:
Power		PID	Exe
1.1313502 W	3572331	"/home/boggy/ref_rapl/energy_exp_server/NPB3.4.3/NPB3.4-MPI/bin/mg.C.x"
0.8485126 W	3572330	"/home/boggy/ref_rapl/energy_exp_server/NPB3.4.3/NPB3.4-MPI/bin/mg.C.x"
0.8485126 W	3572328	"/home/boggy/ref_rapl/energy_exp_server/NPB3.4.3/NPB3.4-MPI/bin/mg.C.x"
0.8485126 W	3572329	"/home/boggy/ref_rapl/energy_exp_server/NPB3.4.3/NPB3.4-MPI/bin/mg.C.x"
0.5656751 W	3572309	"/home/boggy/ref_rapl/scaphandre/target/release/scaphandre"
------------------------------------------------------------

Host:	51.884165 W from 
	package 	core		dram		uncore
Socket0	47.66431 W |	41.496918 W	4.765759 W	0 W	

Top 5 consumers:
Power		PID	Exe
1.1529815 W	3572329	"/home/boggy/ref_rapl/energy_exp_server/NPB3.4.3/NPB3.4-MPI/bin/mg.C.x"
0.86473614 W	3572330	"/home/boggy/ref_rapl/energy_exp_server/NPB3.4.3/NPB3.4-MPI/bin/mg.C.x"
0.86473614 W	3572309	"/home/boggy/ref_rapl/scaphandre/target/release/scaphandre"
0.86473614 W	3572328	"/home/boggy/ref_rapl/energy_exp_server/NPB3.4.3/NPB3.4-MPI/bin/mg.C.x"
0.86473614 W	3572331	"/home/boggy/ref_rapl/energy_exp_server/NPB3.4.3/NPB3.4-MPI/bin/mg.C.x"
------------------------------------------------------------

Host:	50.808086 W from 
	package 	core		dram		uncore
Socket0	45.56384 W |	41.57856 W	4.808698 W	0 W	

Top 5 consumers:
Power		PID	Exe
1.1290686 W	3572330	"/home/boggy/ref_rapl/energy_exp_server/NPB3.4.3/NPB3.4-MPI/bin/mg.C.x"
1.1290686 W	3572328	"/home/boggy/ref_rapl/energy_exp_server/NPB3.4.3/NPB3.4-MPI/bin/mg.C.x"
0.8468015 W	3572331	"/home/boggy/ref_rapl/energy_exp_server/NPB3.4.3/NPB3.4-MPI/bin/mg.C.x"
0.8468015 W	3572329	"/home/boggy/ref_rapl/energy_exp_server/NPB3.4.3/NPB3.4-MPI/bin/mg.C.x"
0.5645343 W	3572309	"/home/boggy/ref_rapl/scaphandre/target/release/scaphandre"
------------------------------------------------------------

Host:	52.169902 W from 
	package 	core		dram		uncore
Socket0	47.369026 W |	41.450665 W	4.723946 W	0 W	

Top 5 consumers:
Power		PID	Exe
1.1593312 W	3572331	"/home/boggy/ref_rapl/energy_exp_server/NPB3.4.3/NPB3.4-MPI/bin/mg.C.x"
0.86949843 W	3572330	"/home/boggy/ref_rapl/energy_exp_server/NPB3.4.3/NPB3.4-MPI/bin/mg.C.x"
0.86949843 W	3572309	"/home/boggy/ref_rapl/scaphandre/target/release/scaphandre"
0.86949843 W	3572328	"/home/boggy/ref_rapl/energy_exp_server/NPB3.4.3/NPB3.4-MPI/bin/mg.C.x"
0.86949843 W	3572329	"/home/boggy/ref_rapl/energy_exp_server/NPB3.4.3/NPB3.4-MPI/bin/mg.C.x"
------------------------------------------------------------

Host:	51.292041 W from 
	package 	core		dram		uncore
Socket0	46.143005 W |	41.606068 W	4.725235 W	0 W	

Top 5 consumers:
Power		PID	Exe
1.1398232 W	3572329	"/home/boggy/ref_rapl/energy_exp_server/NPB3.4.3/NPB3.4-MPI/bin/mg.C.x"
0.8548674 W	3572330	"/home/boggy/ref_rapl/energy_exp_server/NPB3.4.3/NPB3.4-MPI/bin/mg.C.x"
0.8548674 W	3572309	"/home/boggy/ref_rapl/scaphandre/target/release/scaphandre"
0.8548674 W	3572328	"/home/boggy/ref_rapl/energy_exp_server/NPB3.4.3/NPB3.4-MPI/bin/mg.C.x"
0.8548674 W	3572331	"/home/boggy/ref_rapl/energy_exp_server/NPB3.4.3/NPB3.4-MPI/bin/mg.C.x"
------------------------------------------------------------

Host:	50.570618 W from 
	package 	core		dram		uncore
Socket0	46.540806 W |	41.504944 W	4.77664 W	0 W	

Top 5 consumers:
Power		PID	Exe
1.1237916 W	3572328	"/home/boggy/ref_rapl/energy_exp_server/NPB3.4.3/NPB3.4-MPI/bin/mg.C.x"
0.8428437 W	3572330	"/home/boggy/ref_rapl/energy_exp_server/NPB3.4.3/NPB3.4-MPI/bin/mg.C.x"
0.8428437 W	3572331	"/home/boggy/ref_rapl/energy_exp_server/NPB3.4.3/NPB3.4-MPI/bin/mg.C.x"
0.8428437 W	3572329	"/home/boggy/ref_rapl/energy_exp_server/NPB3.4.3/NPB3.4-MPI/bin/mg.C.x"
0.5618958 W	3572309	"/home/boggy/ref_rapl/scaphandre/target/release/scaphandre"
------------------------------------------------------------

Host:	51.679701 W from 
	package 	core		dram		uncore
Socket0	45.989494 W |	41.026028 W	4.532119 W	0 W	

Top 5 consumers:
Power		PID	Exe
1.2919925 W	3572330	"/home/boggy/ref_rapl/energy_exp_server/NPB3.4.3/NPB3.4-MPI/bin/mg.C.x"
1.2919925 W	3572331	"/home/boggy/ref_rapl/energy_exp_server/NPB3.4.3/NPB3.4-MPI/bin/mg.C.x"
0.96899444 W	3572328	"/home/boggy/ref_rapl/energy_exp_server/NPB3.4.3/NPB3.4-MPI/bin/mg.C.x"
0.96899444 W	3572329	"/home/boggy/ref_rapl/energy_exp_server/NPB3.4.3/NPB3.4-MPI/bin/mg.C.x"
0.6459963 W	3572309	"/home/boggy/ref_rapl/scaphandre/target/release/scaphandre"
------------------------------------------------------------

Host:	53.097377 W from 
	package 	core		dram		uncore
Socket0	49.070663 W |	45.082993 W	3.964528 W	0 W	

Top 5 consumers:
Power		PID	Exe
0.99557585 W	3572330	"/home/boggy/ref_rapl/energy_exp_server/NPB3.4.3/NPB3.4-MPI/bin/mg.C.x"
0.99557585 W	3572309	"/home/boggy/ref_rapl/scaphandre/target/release/scaphandre"
0.99557585 W	3572328	"/home/boggy/ref_rapl/energy_exp_server/NPB3.4.3/NPB3.4-MPI/bin/mg.C.x"
0.99557585 W	3572331	"/home/boggy/ref_rapl/energy_exp_server/NPB3.4.3/NPB3.4-MPI/bin/mg.C.x"
0.99557585 W	3572329	"/home/boggy/ref_rapl/energy_exp_server/NPB3.4.3/NPB3.4-MPI/bin/mg.C.x"
------------------------------------------------------------

Host:	49.963073 W from 
	package 	core		dram		uncore
Socket0	48.435497 W |	42.844543 W	3.945156 W	0 W	

Top 5 consumers:
Power		PID	Exe
0.9368077 W	3572330	"/home/boggy/ref_rapl/energy_exp_server/NPB3.4.3/NPB3.4-MPI/bin/mg.C.x"
0.9368077 W	3572328	"/home/boggy/ref_rapl/energy_exp_server/NPB3.4.3/NPB3.4-MPI/bin/mg.C.x"
0.9368077 W	3572331	"/home/boggy/ref_rapl/energy_exp_server/NPB3.4.3/NPB3.4-MPI/bin/mg.C.x"
0.9368077 W	3572329	"/home/boggy/ref_rapl/energy_exp_server/NPB3.4.3/NPB3.4-MPI/bin/mg.C.x"
0.6245384 W	3572309	"/home/boggy/ref_rapl/scaphandre/target/release/scaphandre"
------------------------------------------------------------

Host:	48.530625 W from 
	package 	core		dram		uncore
Socket0	44.093044 W |	40.33821 W	4.683326 W	0 W	

Top 5 consumers:
Power		PID	Exe
0.90994924 W	3572330	"/home/boggy/ref_rapl/energy_exp_server/NPB3.4.3/NPB3.4-MPI/bin/mg.C.x"
0.90994924 W	3572309	"/home/boggy/ref_rapl/scaphandre/target/release/scaphandre"
0.90994924 W	3572328	"/home/boggy/ref_rapl/energy_exp_server/NPB3.4.3/NPB3.4-MPI/bin/mg.C.x"
0.90994924 W	3572331	"/home/boggy/ref_rapl/energy_exp_server/NPB3.4.3/NPB3.4-MPI/bin/mg.C.x"
0.90994924 W	3572329	"/home/boggy/ref_rapl/energy_exp_server/NPB3.4.3/NPB3.4-MPI/bin/mg.C.x"
------------------------------------------------------------

Host:	48.26108 W from 
	package 	core		dram		uncore
Socket0	45.660072 W |	40.372574 W	4.446544 W	0 W	

Top 5 consumers:
Power		PID	Exe
1.206527 W	3572330	"/home/boggy/ref_rapl/energy_exp_server/NPB3.4.3/NPB3.4-MPI/bin/mg.C.x"
1.206527 W	3572309	"/home/boggy/ref_rapl/scaphandre/target/release/scaphandre"
1.206527 W	3572328	"/home/boggy/ref_rapl/energy_exp_server/NPB3.4.3/NPB3.4-MPI/bin/mg.C.x"
1.206527 W	3572331	"/home/boggy/ref_rapl/energy_exp_server/NPB3.4.3/NPB3.4-MPI/bin/mg.C.x"
1.206527 W	3572329	"/home/boggy/ref_rapl/energy_exp_server/NPB3.4.3/NPB3.4-MPI/bin/mg.C.x"
------------------------------------------------------------

Host:	45.847091 W from 
	package 	core		dram		uncore
Socket0	41.374073 W |	36.32257 W	4.590305 W	0 W	

Top 5 consumers:
Power		PID	Exe
1.719266 W	3572330	"/home/boggy/ref_rapl/energy_exp_server/NPB3.4.3/NPB3.4-MPI/bin/mg.C.x"
1.719266 W	3572309	"/home/boggy/ref_rapl/scaphandre/target/release/scaphandre"
1.719266 W	3572328	"/home/boggy/ref_rapl/energy_exp_server/NPB3.4.3/NPB3.4-MPI/bin/mg.C.x"
1.719266 W	3572329	"/home/boggy/ref_rapl/energy_exp_server/NPB3.4.3/NPB3.4-MPI/bin/mg.C.x"
1.4327216 W	3572331	"/home/boggy/ref_rapl/energy_exp_server/NPB3.4.3/NPB3.4-MPI/bin/mg.C.x"
------------------------------------------------------------

Host:	47.24436 W from 
	package 	core		dram		uncore
Socket0	41.16376 W |	36.128223 W	4.603746 W	0 W	

Top 5 consumers:
Power		PID	Exe
1.4687366 W	3572331	"/home/boggy/ref_rapl/energy_exp_server/NPB3.4.3/NPB3.4-MPI/bin/mg.C.x"
1.2239473 W	3572330	"/home/boggy/ref_rapl/energy_exp_server/NPB3.4.3/NPB3.4-MPI/bin/mg.C.x"
1.2239473 W	3572309	"/home/boggy/ref_rapl/scaphandre/target/release/scaphandre"
1.2239473 W	3572328	"/home/boggy/ref_rapl/energy_exp_server/NPB3.4.3/NPB3.4-MPI/bin/mg.C.x"
1.2239473 W	3572329	"/home/boggy/ref_rapl/energy_exp_server/NPB3.4.3/NPB3.4-MPI/bin/mg.C.x"
------------------------------------------------------------

Host:	53.873463 W from 
	package 	core		dram		uncore
Socket0	45.66675 W |	39.456223 W	4.56336 W	0 W	

Top 5 consumers:
Power		PID	Exe
1.1165485 W	3572328	"/home/boggy/ref_rapl/energy_exp_server/NPB3.4.3/NPB3.4-MPI/bin/mg.C.x"
1.1165485 W	3572329	"/home/boggy/ref_rapl/energy_exp_server/NPB3.4.3/NPB3.4-MPI/bin/mg.C.x"
0.8374113 W	3572330	"/home/boggy/ref_rapl/energy_exp_server/NPB3.4.3/NPB3.4-MPI/bin/mg.C.x"
0.8374113 W	3572309	"/home/boggy/ref_rapl/scaphandre/target/release/scaphandre"
0.8374113 W	3572331	"/home/boggy/ref_rapl/energy_exp_server/NPB3.4.3/NPB3.4-MPI/bin/mg.C.x"
------------------------------------------------------------

Host:	54.585653 W from 
	package 	core		dram		uncore
Socket0	51.857056 W |	47.118614 W	4.384887 W	0 W	

Top 5 consumers:
Power		PID	Exe
1.1313089 W	3572330	"/home/boggy/ref_rapl/energy_exp_server/NPB3.4.3/NPB3.4-MPI/bin/mg.C.x"
1.1313089 W	3572309	"/home/boggy/ref_rapl/scaphandre/target/release/scaphandre"
1.1313089 W	3572331	"/home/boggy/ref_rapl/energy_exp_server/NPB3.4.3/NPB3.4-MPI/bin/mg.C.x"
0.8484816 W	3572328	"/home/boggy/ref_rapl/energy_exp_server/NPB3.4.3/NPB3.4-MPI/bin/mg.C.x"
0.8484816 W	3572329	"/home/boggy/ref_rapl/energy_exp_server/NPB3.4.3/NPB3.4-MPI/bin/mg.C.x"
------------------------------------------------------------

Host:	49.817237 W from 
	package 	core		dram		uncore
Socket0	47.30521 W |	42.12787 W	4.426414 W	0 W	

Top 5 consumers:
Power		PID	Exe
0.7743612 W	3572330	"/home/boggy/ref_rapl/energy_exp_server/NPB3.4.3/NPB3.4-MPI/bin/mg.C.x"
0.7743612 W	3572328	"/home/boggy/ref_rapl/energy_exp_server/NPB3.4.3/NPB3.4-MPI/bin/mg.C.x"
0.7743612 W	3572331	"/home/boggy/ref_rapl/energy_exp_server/NPB3.4.3/NPB3.4-MPI/bin/mg.C.x"
0.7743612 W	3572329	"/home/boggy/ref_rapl/energy_exp_server/NPB3.4.3/NPB3.4-MPI/bin/mg.C.x"
0.5162408 W	3572309	"/home/boggy/ref_rapl/scaphandre/target/release/scaphandre"
------------------------------------------------------------

Host:	52.032396 W from 
	package 	core		dram		uncore
Socket0	45.532974 W |	40.85457 W	4.660861 W	0 W	

Top 5 consumers:
Power		PID	Exe
1.0783917 W	3572329	"/home/boggy/ref_rapl/energy_exp_server/NPB3.4.3/NPB3.4-MPI/bin/mg.C.x"
0.80879366 W	3572330	"/home/boggy/ref_rapl/energy_exp_server/NPB3.4.3/NPB3.4-MPI/bin/mg.C.x"
0.80879366 W	3572328	"/home/boggy/ref_rapl/energy_exp_server/NPB3.4.3/NPB3.4-MPI/bin/mg.C.x"
0.80879366 W	3572331	"/home/boggy/ref_rapl/energy_exp_server/NPB3.4.3/NPB3.4-MPI/bin/mg.C.x"
0.53919584 W	3572309	"/home/boggy/ref_rapl/scaphandre/target/release/scaphandre"
------------------------------------------------------------

Host:	51.017875 W from 
	package 	core		dram		uncore
Socket0	47.04928 W |	41.00192 W	4.534281 W	0 W	

Top 5 consumers:
Power		PID	Exe
1.0573653 W	3572328	"/home/boggy/ref_rapl/energy_exp_server/NPB3.4.3/NPB3.4-MPI/bin/mg.C.x"
0.79302394 W	3572330	"/home/boggy/ref_rapl/energy_exp_server/NPB3.4.3/NPB3.4-MPI/bin/mg.C.x"
0.79302394 W	3572309	"/home/boggy/ref_rapl/scaphandre/target/release/scaphandre"
0.79302394 W	3572331	"/home/boggy/ref_rapl/energy_exp_server/NPB3.4.3/NPB3.4-MPI/bin/mg.C.x"
0.26434132 W	17	""
------------------------------------------------------------

Host:	52.995565 W from 
	package 	core		dram		uncore
Socket0	47.864754 W |	42.866455 W	4.749608 W	0 W	

Top 5 consumers:
Power		PID	Exe
1.3248892 W	3572330	"/home/boggy/ref_rapl/energy_exp_server/NPB3.4.3/NPB3.4-MPI/bin/mg.C.x"
1.3248892 W	3572331	"/home/boggy/ref_rapl/energy_exp_server/NPB3.4.3/NPB3.4-MPI/bin/mg.C.x"
0.99366695 W	3572309	"/home/boggy/ref_rapl/scaphandre/target/release/scaphandre"
0.99366695 W	3572328	"/home/boggy/ref_rapl/energy_exp_server/NPB3.4.3/NPB3.4-MPI/bin/mg.C.x"
0.99366695 W	3572329	"/home/boggy/ref_rapl/energy_exp_server/NPB3.4.3/NPB3.4-MPI/bin/mg.C.x"
------------------------------------------------------------

Host:	54.388717 W from 
	package 	core		dram		uncore
Socket0	48.121834 W |	43.110233 W	4.769317 W	0 W	

Top 5 consumers:
Power		PID	Exe
1.0197885 W	3572330	"/home/boggy/ref_rapl/energy_exp_server/NPB3.4.3/NPB3.4-MPI/bin/mg.C.x"
1.0197885 W	3572328	"/home/boggy/ref_rapl/energy_exp_server/NPB3.4.3/NPB3.4-MPI/bin/mg.C.x"
1.0197885 W	3572331	"/home/boggy/ref_rapl/energy_exp_server/NPB3.4.3/NPB3.4-MPI/bin/mg.C.x"
1.0197885 W	3572329	"/home/boggy/ref_rapl/energy_exp_server/NPB3.4.3/NPB3.4-MPI/bin/mg.C.x"
0.6798589 W	3572309	"/home/boggy/ref_rapl/scaphandre/target/release/scaphandre"
------------------------------------------------------------

Host:	53.014746 W from 
	package 	core		dram		uncore
Socket0	48.125614 W |	43.062626 W	4.769164 W	0 W	

Top 5 consumers:
Power		PID	Exe
1.3253686 W	3572329	"/home/boggy/ref_rapl/energy_exp_server/NPB3.4.3/NPB3.4-MPI/bin/mg.C.x"
0.99402654 W	3572330	"/home/boggy/ref_rapl/energy_exp_server/NPB3.4.3/NPB3.4-MPI/bin/mg.C.x"
0.99402654 W	3572309	"/home/boggy/ref_rapl/scaphandre/target/release/scaphandre"
0.99402654 W	3572328	"/home/boggy/ref_rapl/energy_exp_server/NPB3.4.3/NPB3.4-MPI/bin/mg.C.x"
0.99402654 W	3572331	"/home/boggy/ref_rapl/energy_exp_server/NPB3.4.3/NPB3.4-MPI/bin/mg.C.x"
------------------------------------------------------------

Host:	53.039805 W from 
	package 	core		dram		uncore
Socket0	48.461815 W |	43.198566 W	4.798485 W	0 W	

Top 5 consumers:
Power		PID	Exe
1.3259951 W	3572328	"/home/boggy/ref_rapl/energy_exp_server/NPB3.4.3/NPB3.4-MPI/bin/mg.C.x"
0.99449646 W	3572330	"/home/boggy/ref_rapl/energy_exp_server/NPB3.4.3/NPB3.4-MPI/bin/mg.C.x"
0.99449646 W	3572331	"/home/boggy/ref_rapl/energy_exp_server/NPB3.4.3/NPB3.4-MPI/bin/mg.C.x"
0.99449646 W	3572329	"/home/boggy/ref_rapl/energy_exp_server/NPB3.4.3/NPB3.4-MPI/bin/mg.C.x"
0.66299754 W	3572309	"/home/boggy/ref_rapl/scaphandre/target/release/scaphandre"
------------------------------------------------------------

Host:	53.129086 W from 
	package 	core		dram		uncore
Socket0	48.032143 W |	43.147766 W	4.742316 W	0 W	

Top 5 consumers:
Power		PID	Exe
1.3282272 W	3572330	"/home/boggy/ref_rapl/energy_exp_server/NPB3.4.3/NPB3.4-MPI/bin/mg.C.x"
1.3282272 W	3572331	"/home/boggy/ref_rapl/energy_exp_server/NPB3.4.3/NPB3.4-MPI/bin/mg.C.x"
0.99617046 W	3572328	"/home/boggy/ref_rapl/energy_exp_server/NPB3.4.3/NPB3.4-MPI/bin/mg.C.x"
0.99617046 W	3572329	"/home/boggy/ref_rapl/energy_exp_server/NPB3.4.3/NPB3.4-MPI/bin/mg.C.x"
0.6641136 W	3572309	"/home/boggy/ref_rapl/scaphandre/target/release/scaphandre"
------------------------------------------------------------

Host:	50.620647 W from 
	package 	core		dram		uncore
Socket0	48.22386 W |	43.07829 W	4.775945 W	0 W	

Top 5 consumers:
Power		PID	Exe
1.2655162 W	3572329	"/home/boggy/ref_rapl/energy_exp_server/NPB3.4.3/NPB3.4-MPI/bin/mg.C.x"
0.9491372 W	3572330	"/home/boggy/ref_rapl/energy_exp_server/NPB3.4.3/NPB3.4-MPI/bin/mg.C.x"
0.9491372 W	3572309	"/home/boggy/ref_rapl/scaphandre/target/release/scaphandre"
0.9491372 W	3572328	"/home/boggy/ref_rapl/energy_exp_server/NPB3.4.3/NPB3.4-MPI/bin/mg.C.x"
0.9491372 W	3572331	"/home/boggy/ref_rapl/energy_exp_server/NPB3.4.3/NPB3.4-MPI/bin/mg.C.x"
------------------------------------------------------------

Host:	54.537994 W from 
	package 	core		dram		uncore
Socket0	47.42071 W |	42.408665 W	4.287002 W	0 W	

Top 5 consumers:
Power		PID	Exe
1.0225874 W	3572330	"/home/boggy/ref_rapl/energy_exp_server/NPB3.4.3/NPB3.4-MPI/bin/mg.C.x"
1.0225874 W	3572328	"/home/boggy/ref_rapl/energy_exp_server/NPB3.4.3/NPB3.4-MPI/bin/mg.C.x"
1.0225874 W	3572331	"/home/boggy/ref_rapl/energy_exp_server/NPB3.4.3/NPB3.4-MPI/bin/mg.C.x"
1.0225874 W	3572329	"/home/boggy/ref_rapl/energy_exp_server/NPB3.4.3/NPB3.4-MPI/bin/mg.C.x"
0.68172497 W	3572309	"/home/boggy/ref_rapl/scaphandre/target/release/scaphandre"
------------------------------------------------------------

Host:	54.969491 W from 
	package 	core		dram		uncore
Socket0	50.024185 W |	45.318893 W	4.043819 W	0 W	

Top 5 consumers:
Power		PID	Exe
1.3742373 W	3572309	"/home/boggy/ref_rapl/scaphandre/target/release/scaphandre"
1.030678 W	3572330	"/home/boggy/ref_rapl/energy_exp_server/NPB3.4.3/NPB3.4-MPI/bin/mg.C.x"
1.030678 W	3572328	"/home/boggy/ref_rapl/energy_exp_server/NPB3.4.3/NPB3.4-MPI/bin/mg.C.x"
1.030678 W	3572331	"/home/boggy/ref_rapl/energy_exp_server/NPB3.4.3/NPB3.4-MPI/bin/mg.C.x"
1.030678 W	3572329	"/home/boggy/ref_rapl/energy_exp_server/NPB3.4.3/NPB3.4-MPI/bin/mg.C.x"
------------------------------------------------------------

Host:	55.245513 W from 
	package 	core		dram		uncore
Socket0	50.50697 W |	45.7308 W	4.569713 W	0 W	

Top 5 consumers:
Power		PID	Exe
1.3811378 W	3572328	"/home/boggy/ref_rapl/energy_exp_server/NPB3.4.3/NPB3.4-MPI/bin/mg.C.x"
1.0358534 W	3572330	"/home/boggy/ref_rapl/energy_exp_server/NPB3.4.3/NPB3.4-MPI/bin/mg.C.x"
1.0358534 W	3572331	"/home/boggy/ref_rapl/energy_exp_server/NPB3.4.3/NPB3.4-MPI/bin/mg.C.x"
1.0358534 W	3572329	"/home/boggy/ref_rapl/energy_exp_server/NPB3.4.3/NPB3.4-MPI/bin/mg.C.x"
0.34528446 W	3572309	"/home/boggy/ref_rapl/scaphandre/target/release/scaphandre"
------------------------------------------------------------

Host:	54.859181 W from 
	package 	core		dram		uncore
Socket0	50.746185 W |	45.592728 W	4.602129 W	0 W	

Top 5 consumers:
Power		PID	Exe
1.3714795 W	3572309	"/home/boggy/ref_rapl/scaphandre/target/release/scaphandre"
1.0286096 W	3572330	"/home/boggy/ref_rapl/energy_exp_server/NPB3.4.3/NPB3.4-MPI/bin/mg.C.x"
1.0286096 W	3572328	"/home/boggy/ref_rapl/energy_exp_server/NPB3.4.3/NPB3.4-MPI/bin/mg.C.x"
1.0286096 W	3572331	"/home/boggy/ref_rapl/energy_exp_server/NPB3.4.3/NPB3.4-MPI/bin/mg.C.x"
1.0286096 W	3572329	"/home/boggy/ref_rapl/energy_exp_server/NPB3.4.3/NPB3.4-MPI/bin/mg.C.x"
------------------------------------------------------------

Host:	55.317793 W from 
	package 	core		dram		uncore
Socket0	50.47444 W |	45.57284 W	4.729429 W	0 W	

Top 5 consumers:
Power		PID	Exe
1.0372087 W	3572330	"/home/boggy/ref_rapl/energy_exp_server/NPB3.4.3/NPB3.4-MPI/bin/mg.C.x"
1.0372087 W	3572328	"/home/boggy/ref_rapl/energy_exp_server/NPB3.4.3/NPB3.4-MPI/bin/mg.C.x"
1.0372087 W	3572331	"/home/boggy/ref_rapl/energy_exp_server/NPB3.4.3/NPB3.4-MPI/bin/mg.C.x"
1.0372087 W	3572329	"/home/boggy/ref_rapl/energy_exp_server/NPB3.4.3/NPB3.4-MPI/bin/mg.C.x"
0.3457362 W	3572309	"/home/boggy/ref_rapl/scaphandre/target/release/scaphandre"
------------------------------------------------------------

Host:	56.078487 W from 
	package 	core		dram		uncore
Socket0	51.95594 W |	45.75932 W	4.557111 W	0 W	

Top 5 consumers:
Power		PID	Exe
1.4019622 W	3572330	"/home/boggy/ref_rapl/energy_exp_server/NPB3.4.3/NPB3.4-MPI/bin/mg.C.x"
1.4019622 W	3572331	"/home/boggy/ref_rapl/energy_exp_server/NPB3.4.3/NPB3.4-MPI/bin/mg.C.x"
1.0514717 W	3572309	"/home/boggy/ref_rapl/scaphandre/target/release/scaphandre"
1.0514717 W	3572328	"/home/boggy/ref_rapl/energy_exp_server/NPB3.4.3/NPB3.4-MPI/bin/mg.C.x"
1.0514717 W	3572329	"/home/boggy/ref_rapl/energy_exp_server/NPB3.4.3/NPB3.4-MPI/bin/mg.C.x"
------------------------------------------------------------

Host:	53.293169 W from 
	package 	core		dram		uncore
Socket0	49.975567 W |	45.658203 W	4.664633 W	0 W	

Top 5 consumers:
Power		PID	Exe
0.999247 W	3572330	"/home/boggy/ref_rapl/energy_exp_server/NPB3.4.3/NPB3.4-MPI/bin/mg.C.x"
0.999247 W	3572309	"/home/boggy/ref_rapl/scaphandre/target/release/scaphandre"
0.999247 W	3572328	"/home/boggy/ref_rapl/energy_exp_server/NPB3.4.3/NPB3.4-MPI/bin/mg.C.x"
0.999247 W	3572331	"/home/boggy/ref_rapl/energy_exp_server/NPB3.4.3/NPB3.4-MPI/bin/mg.C.x"
0.999247 W	3572329	"/home/boggy/ref_rapl/energy_exp_server/NPB3.4.3/NPB3.4-MPI/bin/mg.C.x"
------------------------------------------------------------

Host:	53.327354 W from 
	package 	core		dram		uncore
Socket0	48.32789 W |	43.22071 W	4.518398 W	0 W	

Top 5 consumers:
Power		PID	Exe
1.2189109 W	3572329	"/home/boggy/ref_rapl/energy_exp_server/NPB3.4.3/NPB3.4-MPI/bin/mg.C.x"
0.9141832 W	3572330	"/home/boggy/ref_rapl/energy_exp_server/NPB3.4.3/NPB3.4-MPI/bin/mg.C.x"
0.9141832 W	3572328	"/home/boggy/ref_rapl/energy_exp_server/NPB3.4.3/NPB3.4-MPI/bin/mg.C.x"
0.9141832 W	3572331	"/home/boggy/ref_rapl/energy_exp_server/NPB3.4.3/NPB3.4-MPI/bin/mg.C.x"
0.60945547 W	3572309	"/home/boggy/ref_rapl/scaphandre/target/release/scaphandre"
------------------------------------------------------------

Host:	52.927073 W from 
	package 	core		dram		uncore
Socket0	48.314056 W |	43.286148 W	4.76862 W	0 W	

Top 5 consumers:
Power		PID	Exe
1.2097616 W	3572328	"/home/boggy/ref_rapl/energy_exp_server/NPB3.4.3/NPB3.4-MPI/bin/mg.C.x"
0.9073212 W	3572330	"/home/boggy/ref_rapl/energy_exp_server/NPB3.4.3/NPB3.4-MPI/bin/mg.C.x"
0.9073212 W	3572309	"/home/boggy/ref_rapl/scaphandre/target/release/scaphandre"
0.9073212 W	3572331	"/home/boggy/ref_rapl/energy_exp_server/NPB3.4.3/NPB3.4-MPI/bin/mg.C.x"
0.9073212 W	3572329	"/home/boggy/ref_rapl/energy_exp_server/NPB3.4.3/NPB3.4-MPI/bin/mg.C.x"
------------------------------------------------------------

Host:	52.993853 W from 
	package 	core		dram		uncore
Socket0	49.47345 W |	43.345173 W	4.749181 W	0 W	

Top 5 consumers:
Power		PID	Exe
1.211288 W	3572330	"/home/boggy/ref_rapl/energy_exp_server/NPB3.4.3/NPB3.4-MPI/bin/mg.C.x"
1.211288 W	3572331	"/home/boggy/ref_rapl/energy_exp_server/NPB3.4.3/NPB3.4-MPI/bin/mg.C.x"
0.908466 W	3572309	"/home/boggy/ref_rapl/scaphandre/target/release/scaphandre"
0.908466 W	3572328	"/home/boggy/ref_rapl/energy_exp_server/NPB3.4.3/NPB3.4-MPI/bin/mg.C.x"
0.908466 W	3572329	"/home/boggy/ref_rapl/energy_exp_server/NPB3.4.3/NPB3.4-MPI/bin/mg.C.x"
------------------------------------------------------------

Host:	54.012778 W from 
	package 	core		dram		uncore
Socket0	48.187984 W |	43.24755 W	4.755184 W	0 W	

Top 5 consumers:
Power		PID	Exe
0.9259333 W	3572330	"/home/boggy/ref_rapl/energy_exp_server/NPB3.4.3/NPB3.4-MPI/bin/mg.C.x"
0.9259333 W	3572328	"/home/boggy/ref_rapl/energy_exp_server/NPB3.4.3/NPB3.4-MPI/bin/mg.C.x"
0.9259333 W	3572331	"/home/boggy/ref_rapl/energy_exp_server/NPB3.4.3/NPB3.4-MPI/bin/mg.C.x"
0.9259333 W	3572329	"/home/boggy/ref_rapl/energy_exp_server/NPB3.4.3/NPB3.4-MPI/bin/mg.C.x"
0.6172889 W	3572309	"/home/boggy/ref_rapl/scaphandre/target/release/scaphandre"
------------------------------------------------------------

Host:	52.807101 W from 
	package 	core		dram		uncore
Socket0	47.816376 W |	43.303654 W	4.846985 W	0 W	

Top 5 consumers:
Power		PID	Exe
1.2070193 W	3572328	"/home/boggy/ref_rapl/energy_exp_server/NPB3.4.3/NPB3.4-MPI/bin/mg.C.x"
1.2070193 W	3572329	"/home/boggy/ref_rapl/energy_exp_server/NPB3.4.3/NPB3.4-MPI/bin/mg.C.x"
0.90526456 W	3572330	"/home/boggy/ref_rapl/energy_exp_server/NPB3.4.3/NPB3.4-MPI/bin/mg.C.x"
0.90526456 W	3572309	"/home/boggy/ref_rapl/scaphandre/target/release/scaphandre"
0.90526456 W	3572331	"/home/boggy/ref_rapl/energy_exp_server/NPB3.4.3/NPB3.4-MPI/bin/mg.C.x"
------------------------------------------------------------

Host:	52.663191 W from 
	package 	core		dram		uncore
Socket0	49.290043 W |	43.1222 W	4.738645 W	0 W	

Top 5 consumers:
Power		PID	Exe
1.20373 W	3572330	"/home/boggy/ref_rapl/energy_exp_server/NPB3.4.3/NPB3.4-MPI/bin/mg.C.x"
1.20373 W	3572331	"/home/boggy/ref_rapl/energy_exp_server/NPB3.4.3/NPB3.4-MPI/bin/mg.C.x"
0.9027975 W	3572309	"/home/boggy/ref_rapl/scaphandre/target/release/scaphandre"
0.9027975 W	3572328	"/home/boggy/ref_rapl/energy_exp_server/NPB3.4.3/NPB3.4-MPI/bin/mg.C.x"
0.9027975 W	3572329	"/home/boggy/ref_rapl/energy_exp_server/NPB3.4.3/NPB3.4-MPI/bin/mg.C.x"
------------------------------------------------------------

Host:	52.682723 W from 
	package 	core		dram		uncore
Socket0	48.145786 W |	43.293125 W	4.749526 W	0 W	

Top 5 consumers:
Power		PID	Exe
1.300808 W	3572329	"/home/boggy/ref_rapl/energy_exp_server/NPB3.4.3/NPB3.4-MPI/bin/mg.C.x"
0.97560596 W	3572330	"/home/boggy/ref_rapl/energy_exp_server/NPB3.4.3/NPB3.4-MPI/bin/mg.C.x"
0.97560596 W	3572328	"/home/boggy/ref_rapl/energy_exp_server/NPB3.4.3/NPB3.4-MPI/bin/mg.C.x"
0.97560596 W	3572331	"/home/boggy/ref_rapl/energy_exp_server/NPB3.4.3/NPB3.4-MPI/bin/mg.C.x"
0.650404 W	3572309	"/home/boggy/ref_rapl/scaphandre/target/release/scaphandre"
------------------------------------------------------------

Host:	51.443271 W from 
	package 	core		dram		uncore
Socket0	47.00265 W |	42.208344 W	4.102782 W	0 W	

Top 5 consumers:
Power		PID	Exe
1.2702043 W	3572330	"/home/boggy/ref_rapl/energy_exp_server/NPB3.4.3/NPB3.4-MPI/bin/mg.C.x"
0.9526531 W	3572309	"/home/boggy/ref_rapl/scaphandre/target/release/scaphandre"
0.9526531 W	3572328	"/home/boggy/ref_rapl/energy_exp_server/NPB3.4.3/NPB3.4-MPI/bin/mg.C.x"
0.9526531 W	3572331	"/home/boggy/ref_rapl/energy_exp_server/NPB3.4.3/NPB3.4-MPI/bin/mg.C.x"
0.9526531 W	3572329	"/home/boggy/ref_rapl/energy_exp_server/NPB3.4.3/NPB3.4-MPI/bin/mg.C.x"
------------------------------------------------------------

Host:	51.56691 W from 
	package 	core		dram		uncore
Socket0	47.80644 W |	42.4482 W	4.451107 W	0 W	

Top 5 consumers:
Power		PID	Exe
1.273257 W	3572328	"/home/boggy/ref_rapl/energy_exp_server/NPB3.4.3/NPB3.4-MPI/bin/mg.C.x"
0.95494276 W	3572330	"/home/boggy/ref_rapl/energy_exp_server/NPB3.4.3/NPB3.4-MPI/bin/mg.C.x"
0.95494276 W	3572331	"/home/boggy/ref_rapl/energy_exp_server/NPB3.4.3/NPB3.4-MPI/bin/mg.C.x"
0.95494276 W	3572329	"/home/boggy/ref_rapl/energy_exp_server/NPB3.4.3/NPB3.4-MPI/bin/mg.C.x"
0.6366285 W	3572309	"/home/boggy/ref_rapl/scaphandre/target/release/scaphandre"
------------------------------------------------------------

Host:	49.87887 W from 
	package 	core		dram		uncore
Socket0	46.835915 W |	41.93316 W	4.634221 W	0 W	

Top 5 consumers:
Power		PID	Exe
0.92368275 W	3572330	"/home/boggy/ref_rapl/energy_exp_server/NPB3.4.3/NPB3.4-MPI/bin/mg.C.x"
0.92368275 W	3572328	"/home/boggy/ref_rapl/energy_exp_server/NPB3.4.3/NPB3.4-MPI/bin/mg.C.x"
0.92368275 W	3572331	"/home/boggy/ref_rapl/energy_exp_server/NPB3.4.3/NPB3.4-MPI/bin/mg.C.x"
0.92368275 W	3572329	"/home/boggy/ref_rapl/energy_exp_server/NPB3.4.3/NPB3.4-MPI/bin/mg.C.x"
0.6157885 W	3572309	"/home/boggy/ref_rapl/scaphandre/target/release/scaphandre"
------------------------------------------------------------

Host:	48.474363 W from 
	package 	core		dram		uncore
Socket0	45.677696 W |	40.839638 W	4.276996 W	0 W	

Top 5 consumers:
Power		PID	Exe
1.1968979 W	3572330	"/home/boggy/ref_rapl/energy_exp_server/NPB3.4.3/NPB3.4-MPI/bin/mg.C.x"
1.1968979 W	3572331	"/home/boggy/ref_rapl/energy_exp_server/NPB3.4.3/NPB3.4-MPI/bin/mg.C.x"
1.1968979 W	3572329	"/home/boggy/ref_rapl/energy_exp_server/NPB3.4.3/NPB3.4-MPI/bin/mg.C.x"
0.89767337 W	3572309	"/home/boggy/ref_rapl/scaphandre/target/release/scaphandre"
0.89767337 W	3572328	"/home/boggy/ref_rapl/energy_exp_server/NPB3.4.3/NPB3.4-MPI/bin/mg.C.x"
------------------------------------------------------------

Host:	45.483662 W from 
	package 	core		dram		uncore
Socket0	41.632694 W |	36.51887 W	4.531094 W	0 W	

Top 5 consumers:
Power		PID	Exe
1.9653435 W	3572309	"/home/boggy/ref_rapl/scaphandre/target/release/scaphandre"
1.68458 W	3572330	"/home/boggy/ref_rapl/energy_exp_server/NPB3.4.3/NPB3.4-MPI/bin/mg.C.x"
1.68458 W	3572328	"/home/boggy/ref_rapl/energy_exp_server/NPB3.4.3/NPB3.4-MPI/bin/mg.C.x"
1.68458 W	3572331	"/home/boggy/ref_rapl/energy_exp_server/NPB3.4.3/NPB3.4-MPI/bin/mg.C.x"
1.4038167 W	3572329	"/home/boggy/ref_rapl/energy_exp_server/NPB3.4.3/NPB3.4-MPI/bin/mg.C.x"
------------------------------------------------------------

Host:	47.285594 W from 
	package 	core		dram		uncore
Socket0	41.49422 W |	36.766823 W	4.576724 W	0 W	

Top 5 consumers:
Power		PID	Exe
1.5171847 W	3572309	"/home/boggy/ref_rapl/scaphandre/target/release/scaphandre"
1.5171847 W	3572329	"/home/boggy/ref_rapl/energy_exp_server/NPB3.4.3/NPB3.4-MPI/bin/mg.C.x"
1.2643206 W	3572330	"/home/boggy/ref_rapl/energy_exp_server/NPB3.4.3/NPB3.4-MPI/bin/mg.C.x"
1.2643206 W	3572328	"/home/boggy/ref_rapl/energy_exp_server/NPB3.4.3/NPB3.4-MPI/bin/mg.C.x"
1.2643206 W	3572331	"/home/boggy/ref_rapl/energy_exp_server/NPB3.4.3/NPB3.4-MPI/bin/mg.C.x"
------------------------------------------------------------

Host:	54.162033 W from 
	package 	core		dram		uncore
Socket0	44.5815 W |	39.573914 W	4.675729 W	0 W	

Top 5 consumers:
Power		PID	Exe
1.1585461 W	3572328	"/home/boggy/ref_rapl/energy_exp_server/NPB3.4.3/NPB3.4-MPI/bin/mg.C.x"
0.86890954 W	3572330	"/home/boggy/ref_rapl/energy_exp_server/NPB3.4.3/NPB3.4-MPI/bin/mg.C.x"
0.86890954 W	3572309	"/home/boggy/ref_rapl/scaphandre/target/release/scaphandre"
0.86890954 W	3572331	"/home/boggy/ref_rapl/energy_exp_server/NPB3.4.3/NPB3.4-MPI/bin/mg.C.x"
0.86890954 W	3572329	"/home/boggy/ref_rapl/energy_exp_server/NPB3.4.3/NPB3.4-MPI/bin/mg.C.x"
------------------------------------------------------------

Host:	55.931553 W from 
	package 	core		dram		uncore
Socket0	53.314823 W |	47.25325 W	4.341772 W	0 W	

Top 5 consumers:
Power		PID	Exe
1.1963968 W	3572330	"/home/boggy/ref_rapl/energy_exp_server/NPB3.4.3/NPB3.4-MPI/bin/mg.C.x"
1.1963968 W	3572331	"/home/boggy/ref_rapl/energy_exp_server/NPB3.4.3/NPB3.4-MPI/bin/mg.C.x"
0.89729756 W	3572328	"/home/boggy/ref_rapl/energy_exp_server/NPB3.4.3/NPB3.4-MPI/bin/mg.C.x"
0.89729756 W	3572329	"/home/boggy/ref_rapl/energy_exp_server/NPB3.4.3/NPB3.4-MPI/bin/mg.C.x"
0.5981984 W	3572309	"/home/boggy/ref_rapl/scaphandre/target/release/scaphandre"
------------------------------------------------------------

Host:	51.041971 W from 
	package 	core		dram		uncore
Socket0	47.529503 W |	42.635353 W	4.399711 W	0 W	

Top 5 consumers:
Power		PID	Exe
0.8188551 W	3572330	"/home/boggy/ref_rapl/energy_exp_server/NPB3.4.3/NPB3.4-MPI/bin/mg.C.x"
0.8188551 W	3572309	"/home/boggy/ref_rapl/scaphandre/target/release/scaphandre"
0.8188551 W	3572328	"/home/boggy/ref_rapl/energy_exp_server/NPB3.4.3/NPB3.4-MPI/bin/mg.C.x"
0.8188551 W	3572331	"/home/boggy/ref_rapl/energy_exp_server/NPB3.4.3/NPB3.4-MPI/bin/mg.C.x"
0.8188551 W	3572329	"/home/boggy/ref_rapl/energy_exp_server/NPB3.4.3/NPB3.4-MPI/bin/mg.C.x"
------------------------------------------------------------

Host:	50.925646 W from 
	package 	core		dram		uncore
Socket0	46.505 W |	41.186016 W	4.573152 W	0 W	

Top 5 consumers:
Power		PID	Exe
1.0893186 W	3572328	"/home/boggy/ref_rapl/energy_exp_server/NPB3.4.3/NPB3.4-MPI/bin/mg.C.x"
1.0893186 W	3572329	"/home/boggy/ref_rapl/energy_exp_server/NPB3.4.3/NPB3.4-MPI/bin/mg.C.x"
0.81698895 W	3572330	"/home/boggy/ref_rapl/energy_exp_server/NPB3.4.3/NPB3.4-MPI/bin/mg.C.x"
0.81698895 W	3572309	"/home/boggy/ref_rapl/scaphandre/target/release/scaphandre"
0.81698895 W	3572331	"/home/boggy/ref_rapl/energy_exp_server/NPB3.4.3/NPB3.4-MPI/bin/mg.C.x"
------------------------------------------------------------

Host:	52.78111 W from 
	package 	core		dram		uncore
Socket0	46.123512 W |	41.469 W	4.665583 W	0 W	

Top 5 consumers:
Power		PID	Exe
0.84675574 W	3572330	"/home/boggy/ref_rapl/energy_exp_server/NPB3.4.3/NPB3.4-MPI/bin/mg.C.x"
0.84675574 W	3572328	"/home/boggy/ref_rapl/energy_exp_server/NPB3.4.3/NPB3.4-MPI/bin/mg.C.x"
0.84675574 W	3572331	"/home/boggy/ref_rapl/energy_exp_server/NPB3.4.3/NPB3.4-MPI/bin/mg.C.x"
0.84675574 W	3572329	"/home/boggy/ref_rapl/energy_exp_server/NPB3.4.3/NPB3.4-MPI/bin/mg.C.x"
0.5645038 W	3572309	"/home/boggy/ref_rapl/scaphandre/target/release/scaphandre"
------------------------------------------------------------

Host:	54.016066 W from 
	package 	core		dram		uncore
Socket0	49.191948 W |	42.986374 W	4.730968 W	0 W	

Top 5 consumers:
Power		PID	Exe
1.33373 W	3572331	"/home/boggy/ref_rapl/energy_exp_server/NPB3.4.3/NPB3.4-MPI/bin/mg.C.x"
1.0002975 W	3572330	"/home/boggy/ref_rapl/energy_exp_server/NPB3.4.3/NPB3.4-MPI/bin/mg.C.x"
1.0002975 W	3572328	"/home/boggy/ref_rapl/energy_exp_server/NPB3.4.3/NPB3.4-MPI/bin/mg.C.x"
1.0002975 W	3572329	"/home/boggy/ref_rapl/energy_exp_server/NPB3.4.3/NPB3.4-MPI/bin/mg.C.x"
0.666865 W	3572309	"/home/boggy/ref_rapl/scaphandre/target/release/scaphandre"
------------------------------------------------------------

Host:	54.415736 W from 
	package 	core		dram		uncore
Socket0	47.86686 W |	43.376 W	4.854847 W	0 W	

Top 5 consumers:
Power		PID	Exe
1.0076988 W	3572330	"/home/boggy/ref_rapl/energy_exp_server/NPB3.4.3/NPB3.4-MPI/bin/mg.C.x"
1.0076988 W	3572309	"/home/boggy/ref_rapl/scaphandre/target/release/scaphandre"
1.0076988 W	3572329	"/home/boggy/ref_rapl/energy_exp_server/NPB3.4.3/NPB3.4-MPI/bin/mg.C.x"
0.6717992 W	3572328	"/home/boggy/ref_rapl/energy_exp_server/NPB3.4.3/NPB3.4-MPI/bin/mg.C.x"
0.6717992 W	3572331	"/home/boggy/ref_rapl/energy_exp_server/NPB3.4.3/NPB3.4-MPI/bin/mg.C.x"
------------------------------------------------------------

Host:	55.085687 W from 
	package 	core		dram		uncore
Socket0	49.949673 W |	44.71336 W	4.598882 W	0 W	

Top 5 consumers:
Power		PID	Exe
1.0201054 W	3572309	"/home/boggy/ref_rapl/scaphandre/target/release/scaphandre"
1.0201054 W	3572328	"/home/boggy/ref_rapl/energy_exp_server/NPB3.4.3/NPB3.4-MPI/bin/mg.C.x"
0.68007016 W	3572330	"/home/boggy/ref_rapl/energy_exp_server/NPB3.4.3/NPB3.4-MPI/bin/mg.C.x"
0.68007016 W	3572331	"/home/boggy/ref_rapl/energy_exp_server/NPB3.4.3/NPB3.4-MPI/bin/mg.C.x"
0.68007016 W	3572329	"/home/boggy/ref_rapl/energy_exp_server/NPB3.4.3/NPB3.4-MPI/bin/mg.C.x"
------------------------------------------------------------

Host:	53.803222 W from 
	package 	core		dram		uncore
Socket0	49.83125 W |	44.57618 W	4.779419 W	0 W	

Top 5 consumers:
Power		PID	Exe
0.99635595 W	3572330	"/home/boggy/ref_rapl/energy_exp_server/NPB3.4.3/NPB3.4-MPI/bin/mg.C.x"
0.99635595 W	3572331	"/home/boggy/ref_rapl/energy_exp_server/NPB3.4.3/NPB3.4-MPI/bin/mg.C.x"
0.99635595 W	3572329	"/home/boggy/ref_rapl/energy_exp_server/NPB3.4.3/NPB3.4-MPI/bin/mg.C.x"
0.6642373 W	3572309	"/home/boggy/ref_rapl/scaphandre/target/release/scaphandre"
0.6642373 W	3572328	"/home/boggy/ref_rapl/energy_exp_server/NPB3.4.3/NPB3.4-MPI/bin/mg.C.x"
------------------------------------------------------------

Host:	54.063017 W from 
	package 	core		dram		uncore
Socket0	49.099796 W |	44.62909 W	4.908704 W	0 W	

Top 5 consumers:
Power		PID	Exe
1.0011669 W	3572309	"/home/boggy/ref_rapl/scaphandre/target/release/scaphandre"
1.0011669 W	3572328	"/home/boggy/ref_rapl/energy_exp_server/NPB3.4.3/NPB3.4-MPI/bin/mg.C.x"
0.66744465 W	3572330	"/home/boggy/ref_rapl/energy_exp_server/NPB3.4.3/NPB3.4-MPI/bin/mg.C.x"
0.66744465 W	3572331	"/home/boggy/ref_rapl/energy_exp_server/NPB3.4.3/NPB3.4-MPI/bin/mg.C.x"
0.66744465 W	3572329	"/home/boggy/ref_rapl/energy_exp_server/NPB3.4.3/NPB3.4-MPI/bin/mg.C.x"
------------------------------------------------------------

Host:	52.924842 W from 
	package 	core		dram		uncore
Socket0	51.38393 W |	44.706554 W	4.741069 W	0 W	

Top 5 consumers:
Power		PID	Exe
1.3067863 W	3572330	"/home/boggy/ref_rapl/energy_exp_server/NPB3.4.3/NPB3.4-MPI/bin/mg.C.x"
1.3067863 W	3572331	"/home/boggy/ref_rapl/energy_exp_server/NPB3.4.3/NPB3.4-MPI/bin/mg.C.x"
0.9800896 W	3572328	"/home/boggy/ref_rapl/energy_exp_server/NPB3.4.3/NPB3.4-MPI/bin/mg.C.x"
0.9800896 W	3572329	"/home/boggy/ref_rapl/energy_exp_server/NPB3.4.3/NPB3.4-MPI/bin/mg.C.x"
0.65339315 W	3572309	"/home/boggy/ref_rapl/scaphandre/target/release/scaphandre"
------------------------------------------------------------

Host:	52.99736 W from 
	package 	core		dram		uncore
Socket0	48.029125 W |	43.32208 W	4.730444 W	0 W	

Top 5 consumers:
Power		PID	Exe
1.3085767 W	3572329	"/home/boggy/ref_rapl/energy_exp_server/NPB3.4.3/NPB3.4-MPI/bin/mg.C.x"
0.98143256 W	3572330	"/home/boggy/ref_rapl/energy_exp_server/NPB3.4.3/NPB3.4-MPI/bin/mg.C.x"
0.98143256 W	3572309	"/home/boggy/ref_rapl/scaphandre/target/release/scaphandre"
0.98143256 W	3572328	"/home/boggy/ref_rapl/energy_exp_server/NPB3.4.3/NPB3.4-MPI/bin/mg.C.x"
0.98143256 W	3572331	"/home/boggy/ref_rapl/energy_exp_server/NPB3.4.3/NPB3.4-MPI/bin/mg.C.x"
------------------------------------------------------------

Host:	53.093156 W from 
	package 	core		dram		uncore
Socket0	47.034428 W |	42.445984 W	4.543515 W	0 W	

Top 5 consumers:
Power		PID	Exe
1.3190846 W	3572328	"/home/boggy/ref_rapl/energy_exp_server/NPB3.4.3/NPB3.4-MPI/bin/mg.C.x"
0.9893135 W	3572330	"/home/boggy/ref_rapl/energy_exp_server/NPB3.4.3/NPB3.4-MPI/bin/mg.C.x"
0.9893135 W	3572309	"/home/boggy/ref_rapl/scaphandre/target/release/scaphandre"
0.9893135 W	3572331	"/home/boggy/ref_rapl/energy_exp_server/NPB3.4.3/NPB3.4-MPI/bin/mg.C.x"
0.9893135 W	3572329	"/home/boggy/ref_rapl/energy_exp_server/NPB3.4.3/NPB3.4-MPI/bin/mg.C.x"
------------------------------------------------------------

Host:	54.873439 W from 
	package 	core		dram		uncore
Socket0	51.289536 W |	45.166397 W	4.403421 W	0 W	

Top 5 consumers:
Power		PID	Exe
1.0224864 W	3572330	"/home/boggy/ref_rapl/energy_exp_server/NPB3.4.3/NPB3.4-MPI/bin/mg.C.x"
1.0224864 W	3572328	"/home/boggy/ref_rapl/energy_exp_server/NPB3.4.3/NPB3.4-MPI/bin/mg.C.x"
1.0224864 W	3572331	"/home/boggy/ref_rapl/energy_exp_server/NPB3.4.3/NPB3.4-MPI/bin/mg.C.x"
1.0224864 W	3572329	"/home/boggy/ref_rapl/energy_exp_server/NPB3.4.3/NPB3.4-MPI/bin/mg.C.x"
0.6816576 W	3572309	"/home/boggy/ref_rapl/scaphandre/target/release/scaphandre"
------------------------------------------------------------

Host:	56.899164 W from 
	package 	core		dram		uncore
Socket0	50.512913 W |	45.783623 W	4.565176 W	0 W	

Top 5 consumers:
Power		PID	Exe
1.4136438 W	3572331	"/home/boggy/ref_rapl/energy_exp_server/NPB3.4.3/NPB3.4-MPI/bin/mg.C.x"
1.0602329 W	3572330	"/home/boggy/ref_rapl/energy_exp_server/NPB3.4.3/NPB3.4-MPI/bin/mg.C.x"
1.0602329 W	3572309	"/home/boggy/ref_rapl/scaphandre/target/release/scaphandre"
1.0602329 W	3572328	"/home/boggy/ref_rapl/energy_exp_server/NPB3.4.3/NPB3.4-MPI/bin/mg.C.x"
1.0602329 W	3572329	"/home/boggy/ref_rapl/energy_exp_server/NPB3.4.3/NPB3.4-MPI/bin/mg.C.x"
------------------------------------------------------------

Host:	54.607544 W from 
	package 	core		dram		uncore
Socket0	50.15678 W |	45.69373 W	4.668374 W	0 W	

Top 5 consumers:
Power		PID	Exe
1.0175319 W	3572330	"/home/boggy/ref_rapl/energy_exp_server/NPB3.4.3/NPB3.4-MPI/bin/mg.C.x"
1.0175319 W	3572328	"/home/boggy/ref_rapl/energy_exp_server/NPB3.4.3/NPB3.4-MPI/bin/mg.C.x"
1.0175319 W	3572331	"/home/boggy/ref_rapl/energy_exp_server/NPB3.4.3/NPB3.4-MPI/bin/mg.C.x"
1.0175319 W	3572329	"/home/boggy/ref_rapl/energy_exp_server/NPB3.4.3/NPB3.4-MPI/bin/mg.C.x"
0.67835456 W	3572309	"/home/boggy/ref_rapl/scaphandre/target/release/scaphandre"
------------------------------------------------------------

Host:	55.134014 W from 
	package 	core		dram		uncore
Socket0	50.634132 W |	45.85408 W	4.585241 W	0 W	

Top 5 consumers:
Power		PID	Exe
1.3697891 W	3572330	"/home/boggy/ref_rapl/energy_exp_server/NPB3.4.3/NPB3.4-MPI/bin/mg.C.x"
1.3697891 W	3572329	"/home/boggy/ref_rapl/energy_exp_server/NPB3.4.3/NPB3.4-MPI/bin/mg.C.x"
1.0273418 W	3572309	"/home/boggy/ref_rapl/scaphandre/target/release/scaphandre"
1.0273418 W	3572328	"/home/boggy/ref_rapl/energy_exp_server/NPB3.4.3/NPB3.4-MPI/bin/mg.C.x"
1.0273418 W	3572331	"/home/boggy/ref_rapl/energy_exp_server/NPB3.4.3/NPB3.4-MPI/bin/mg.C.x"
------------------------------------------------------------

Host:	56.776003 W from 
	package 	core		dram		uncore
Socket0	51.843 W |	45.800686 W	4.535023 W	0 W	

Top 5 consumers:
Power		PID	Exe
1.057938 W	3572330	"/home/boggy/ref_rapl/energy_exp_server/NPB3.4.3/NPB3.4-MPI/bin/mg.C.x"
1.057938 W	3572309	"/home/boggy/ref_rapl/scaphandre/target/release/scaphandre"
1.057938 W	3572328	"/home/boggy/ref_rapl/energy_exp_server/NPB3.4.3/NPB3.4-MPI/bin/mg.C.x"
1.057938 W	3572331	"/home/boggy/ref_rapl/energy_exp_server/NPB3.4.3/NPB3.4-MPI/bin/mg.C.x"
1.057938 W	3572329	"/home/boggy/ref_rapl/energy_exp_server/NPB3.4.3/NPB3.4-MPI/bin/mg.C.x"
------------------------------------------------------------

Host:	52.539759 W from 
	package 	core		dram		uncore
Socket0	50.43771 W |	45.6764 W	4.553816 W	0 W	

Top 5 consumers:
Power		PID	Exe
0.97900176 W	3572330	"/home/boggy/ref_rapl/energy_exp_server/NPB3.4.3/NPB3.4-MPI/bin/mg.C.x"
0.97900176 W	3572328	"/home/boggy/ref_rapl/energy_exp_server/NPB3.4.3/NPB3.4-MPI/bin/mg.C.x"
0.97900176 W	3572331	"/home/boggy/ref_rapl/energy_exp_server/NPB3.4.3/NPB3.4-MPI/bin/mg.C.x"
0.97900176 W	3572329	"/home/boggy/ref_rapl/energy_exp_server/NPB3.4.3/NPB3.4-MPI/bin/mg.C.x"
0.3263339 W	3572309	"/home/boggy/ref_rapl/scaphandre/target/release/scaphandre"
------------------------------------------------------------

Host:	53.605738 W from 
	package 	core		dram		uncore
Socket0	47.889076 W |	43.04609 W	4.607765 W	0 W	

Top 5 consumers:
Power		PID	Exe
1.2323158 W	3572328	"/home/boggy/ref_rapl/energy_exp_server/NPB3.4.3/NPB3.4-MPI/bin/mg.C.x"
0.9242369 W	3572330	"/home/boggy/ref_rapl/energy_exp_server/NPB3.4.3/NPB3.4-MPI/bin/mg.C.x"
0.9242369 W	3572309	"/home/boggy/ref_rapl/scaphandre/target/release/scaphandre"
0.9242369 W	3572331	"/home/boggy/ref_rapl/energy_exp_server/NPB3.4.3/NPB3.4-MPI/bin/mg.C.x"
0.9242369 W	3572329	"/home/boggy/ref_rapl/energy_exp_server/NPB3.4.3/NPB3.4-MPI/bin/mg.C.x"
------------------------------------------------------------

Host:	53.028132 W from 
	package 	core		dram		uncore
Socket0	48.482296 W |	43.3556 W	4.777556 W	0 W	

Top 5 consumers:
Power		PID	Exe
1.2190375 W	3572331	"/home/boggy/ref_rapl/energy_exp_server/NPB3.4.3/NPB3.4-MPI/bin/mg.C.x"
0.91427815 W	3572330	"/home/boggy/ref_rapl/energy_exp_server/NPB3.4.3/NPB3.4-MPI/bin/mg.C.x"
0.91427815 W	3572309	"/home/boggy/ref_rapl/scaphandre/target/release/scaphandre"
0.91427815 W	3572328	"/home/boggy/ref_rapl/energy_exp_server/NPB3.4.3/NPB3.4-MPI/bin/mg.C.x"
0.91427815 W	3572329	"/home/boggy/ref_rapl/energy_exp_server/NPB3.4.3/NPB3.4-MPI/bin/mg.C.x"
------------------------------------------------------------

Host:	53.90317 W from 
	package 	core		dram		uncore
Socket0	49.49533 W |	43.43489 W	4.737317 W	0 W	

Top 5 consumers:
Power		PID	Exe
1.2391534 W	3572330	"/home/boggy/ref_rapl/energy_exp_server/NPB3.4.3/NPB3.4-MPI/bin/mg.C.x"
1.2391534 W	3572329	"/home/boggy/ref_rapl/energy_exp_server/NPB3.4.3/NPB3.4-MPI/bin/mg.C.x"
0.929365 W	3572309	"/home/boggy/ref_rapl/scaphandre/target/release/scaphandre"
0.929365 W	3572328	"/home/boggy/ref_rapl/energy_exp_server/NPB3.4.3/NPB3.4-MPI/bin/mg.C.x"
0.929365 W	3572331	"/home/boggy/ref_rapl/energy_exp_server/NPB3.4.3/NPB3.4-MPI/bin/mg.C.x"
------------------------------------------------------------

Host:	53.382026 W from 
	package 	core		dram		uncore
Socket0	47.871735 W |	43.30834 W	4.845309 W	0 W	

Top 5 consumers:
Power		PID	Exe
1.227173 W	3572328	"/home/boggy/ref_rapl/energy_exp_server/NPB3.4.3/NPB3.4-MPI/bin/mg.C.x"
0.92037976 W	3572330	"/home/boggy/ref_rapl/energy_exp_server/NPB3.4.3/NPB3.4-MPI/bin/mg.C.x"
0.92037976 W	3572331	"/home/boggy/ref_rapl/energy_exp_server/NPB3.4.3/NPB3.4-MPI/bin/mg.C.x"
0.92037976 W	3572329	"/home/boggy/ref_rapl/energy_exp_server/NPB3.4.3/NPB3.4-MPI/bin/mg.C.x"
0.6135865 W	3572309	"/home/boggy/ref_rapl/scaphandre/target/release/scaphandre"
------------------------------------------------------------

Host:	53.324717 W from 
	package 	core		dram		uncore
Socket0	48.713127 W |	43.422398 W	4.659309 W	0 W	

Top 5 consumers:
Power		PID	Exe
1.2258555 W	3572331	"/home/boggy/ref_rapl/energy_exp_server/NPB3.4.3/NPB3.4-MPI/bin/mg.C.x"
0.9193917 W	3572330	"/home/boggy/ref_rapl/energy_exp_server/NPB3.4.3/NPB3.4-MPI/bin/mg.C.x"
0.9193917 W	3572309	"/home/boggy/ref_rapl/scaphandre/target/release/scaphandre"
0.9193917 W	3572328	"/home/boggy/ref_rapl/energy_exp_server/NPB3.4.3/NPB3.4-MPI/bin/mg.C.x"
0.9193917 W	3572329	"/home/boggy/ref_rapl/energy_exp_server/NPB3.4.3/NPB3.4-MPI/bin/mg.C.x"
------------------------------------------------------------

Host:	53.389879 W from 
	package 	core		dram		uncore
Socket0	48.493183 W |	43.432957 W	4.766319 W	0 W	

Top 5 consumers:
Power		PID	Exe
1.2273535 W	3572330	"/home/boggy/ref_rapl/energy_exp_server/NPB3.4.3/NPB3.4-MPI/bin/mg.C.x"
1.2273535 W	3572329	"/home/boggy/ref_rapl/energy_exp_server/NPB3.4.3/NPB3.4-MPI/bin/mg.C.x"
0.9205151 W	3572328	"/home/boggy/ref_rapl/energy_exp_server/NPB3.4.3/NPB3.4-MPI/bin/mg.C.x"
0.9205151 W	3572331	"/home/boggy/ref_rapl/energy_exp_server/NPB3.4.3/NPB3.4-MPI/bin/mg.C.x"
0.6136767 W	3572309	"/home/boggy/ref_rapl/scaphandre/target/release/scaphandre"
------------------------------------------------------------

Host:	51.21297 W from 
	package 	core		dram		uncore
Socket0	48.724743 W |	43.55658 W	4.78452 W	0 W	

Top 5 consumers:
Power		PID	Exe
1.2723719 W	3572328	"/home/boggy/ref_rapl/energy_exp_server/NPB3.4.3/NPB3.4-MPI/bin/mg.C.x"
0.954279 W	3572330	"/home/boggy/ref_rapl/energy_exp_server/NPB3.4.3/NPB3.4-MPI/bin/mg.C.x"
0.954279 W	3572309	"/home/boggy/ref_rapl/scaphandre/target/release/scaphandre"
0.954279 W	3572331	"/home/boggy/ref_rapl/energy_exp_server/NPB3.4.3/NPB3.4-MPI/bin/mg.C.x"
0.954279 W	3572329	"/home/boggy/ref_rapl/energy_exp_server/NPB3.4.3/NPB3.4-MPI/bin/mg.C.x"
------------------------------------------------------------

Host:	52.321795 W from 
	package 	core		dram		uncore
Socket0	47.883625 W |	42.85648 W	3.968486 W	0 W	

Top 5 consumers:
Power		PID	Exe
0.9749403 W	3572330	"/home/boggy/ref_rapl/energy_exp_server/NPB3.4.3/NPB3.4-MPI/bin/mg.C.x"
0.9749403 W	3572309	"/home/boggy/ref_rapl/scaphandre/target/release/scaphandre"
0.9749403 W	3572328	"/home/boggy/ref_rapl/energy_exp_server/NPB3.4.3/NPB3.4-MPI/bin/mg.C.x"
0.9749403 W	3572331	"/home/boggy/ref_rapl/energy_exp_server/NPB3.4.3/NPB3.4-MPI/bin/mg.C.x"
0.9749403 W	3572329	"/home/boggy/ref_rapl/energy_exp_server/NPB3.4.3/NPB3.4-MPI/bin/mg.C.x"
------------------------------------------------------------

Host:	51.483118 W from 
	package 	core		dram		uncore
Socket0	47.364273 W |	42.027603 W	4.676119 W	0 W	

Top 5 consumers:
Power		PID	Exe
0.9593128 W	3572330	"/home/boggy/ref_rapl/energy_exp_server/NPB3.4.3/NPB3.4-MPI/bin/mg.C.x"
0.9593128 W	3572328	"/home/boggy/ref_rapl/energy_exp_server/NPB3.4.3/NPB3.4-MPI/bin/mg.C.x"
0.9593128 W	3572331	"/home/boggy/ref_rapl/energy_exp_server/NPB3.4.3/NPB3.4-MPI/bin/mg.C.x"
0.9593128 W	3572329	"/home/boggy/ref_rapl/energy_exp_server/NPB3.4.3/NPB3.4-MPI/bin/mg.C.x"
0.3197709 W	3572309	"/home/boggy/ref_rapl/scaphandre/target/release/scaphandre"
------------------------------------------------------------

Host:	51.225659 W from 
	package 	core		dram		uncore
Socket0	46.952057 W |	42.14877 W	4.628403 W	0 W	

Top 5 consumers:
Power		PID	Exe
1.2726871 W	3572309	"/home/boggy/ref_rapl/scaphandre/target/release/scaphandre"
1.2726871 W	3572331	"/home/boggy/ref_rapl/energy_exp_server/NPB3.4.3/NPB3.4-MPI/bin/mg.C.x"
0.95451546 W	3572330	"/home/boggy/ref_rapl/energy_exp_server/NPB3.4.3/NPB3.4-MPI/bin/mg.C.x"
0.95451546 W	3572328	"/home/boggy/ref_rapl/energy_exp_server/NPB3.4.3/NPB3.4-MPI/bin/mg.C.x"
0.95451546 W	3572329	"/home/boggy/ref_rapl/energy_exp_server/NPB3.4.3/NPB3.4-MPI/bin/mg.C.x"
------------------------------------------------------------

Host:	46.306823 W from 
	package 	core		dram		uncore
Socket0	44.44125 W |	39.582848 W	4.507542 W	0 W	

Top 5 consumers:
Power		PID	Exe
1.4381001 W	3572330	"/home/boggy/ref_rapl/energy_exp_server/NPB3.4.3/NPB3.4-MPI/bin/mg.C.x"
1.4381001 W	3572328	"/home/boggy/ref_rapl/energy_exp_server/NPB3.4.3/NPB3.4-MPI/bin/mg.C.x"
1.4381001 W	3572329	"/home/boggy/ref_rapl/energy_exp_server/NPB3.4.3/NPB3.4-MPI/bin/mg.C.x"
1.1504802 W	3572309	"/home/boggy/ref_rapl/scaphandre/target/release/scaphandre"
1.1504802 W	3572331	"/home/boggy/ref_rapl/energy_exp_server/NPB3.4.3/NPB3.4-MPI/bin/mg.C.x"
------------------------------------------------------------

Host:	46.392631 W from 
	package 	core		dram		uncore
Socket0	41.67938 W |	36.09505 W	4.55716 W	0 W	

Top 5 consumers:
Power		PID	Exe
1.440765 W	3572330	"/home/boggy/ref_rapl/energy_exp_server/NPB3.4.3/NPB3.4-MPI/bin/mg.C.x"
1.440765 W	3572309	"/home/boggy/ref_rapl/scaphandre/target/release/scaphandre"
1.440765 W	3572328	"/home/boggy/ref_rapl/energy_exp_server/NPB3.4.3/NPB3.4-MPI/bin/mg.C.x"
1.440765 W	3572331	"/home/boggy/ref_rapl/energy_exp_server/NPB3.4.3/NPB3.4-MPI/bin/mg.C.x"
1.440765 W	3572329	"/home/boggy/ref_rapl/energy_exp_server/NPB3.4.3/NPB3.4-MPI/bin/mg.C.x"
------------------------------------------------------------

Host:	47.941381 W from 
	package 	core		dram		uncore
Socket0	41.86806 W |	37.487045 W	4.630074 W	0 W	

Top 5 consumers:
Power		PID	Exe
1.2682905 W	3572330	"/home/boggy/ref_rapl/energy_exp_server/NPB3.4.3/NPB3.4-MPI/bin/mg.C.x"
1.2682905 W	3572328	"/home/boggy/ref_rapl/energy_exp_server/NPB3.4.3/NPB3.4-MPI/bin/mg.C.x"
1.2682905 W	3572331	"/home/boggy/ref_rapl/energy_exp_server/NPB3.4.3/NPB3.4-MPI/bin/mg.C.x"
1.2682905 W	3572329	"/home/boggy/ref_rapl/energy_exp_server/NPB3.4.3/NPB3.4-MPI/bin/mg.C.x"
1.0146325 W	3572309	"/home/boggy/ref_rapl/scaphandre/target/release/scaphandre"
------------------------------------------------------------

Host:	55.813177 W from 
	package 	core		dram		uncore
Socket0	46.374905 W |	40.8053 W	4.466561 W	0 W	

Top 5 consumers:
Power		PID	Exe
0.8859235 W	3572330	"/home/boggy/ref_rapl/energy_exp_server/NPB3.4.3/NPB3.4-MPI/bin/mg.C.x"
0.8859235 W	3572309	"/home/boggy/ref_rapl/scaphandre/target/release/scaphandre"
0.8859235 W	3572328	"/home/boggy/ref_rapl/energy_exp_server/NPB3.4.3/NPB3.4-MPI/bin/mg.C.x"
0.8859235 W	3572331	"/home/boggy/ref_rapl/energy_exp_server/NPB3.4.3/NPB3.4-MPI/bin/mg.C.x"
0.8859235 W	3572329	"/home/boggy/ref_rapl/energy_exp_server/NPB3.4.3/NPB3.4-MPI/bin/mg.C.x"
------------------------------------------------------------

Host:	54.764081 W from 
	package 	core		dram		uncore
Socket0	52.285824 W |	47.453526 W	4.485775 W	0 W	

Top 5 consumers:
Power		PID	Exe
0.86927116 W	3572330	"/home/boggy/ref_rapl/energy_exp_server/NPB3.4.3/NPB3.4-MPI/bin/mg.C.x"
0.86927116 W	3572328	"/home/boggy/ref_rapl/energy_exp_server/NPB3.4.3/NPB3.4-MPI/bin/mg.C.x"
0.86927116 W	3572331	"/home/boggy/ref_rapl/energy_exp_server/NPB3.4.3/NPB3.4-MPI/bin/mg.C.x"
0.86927116 W	3572329	"/home/boggy/ref_rapl/energy_exp_server/NPB3.4.3/NPB3.4-MPI/bin/mg.C.x"
0.5795141 W	3572309	"/home/boggy/ref_rapl/scaphandre/target/release/scaphandre"
------------------------------------------------------------

Host:	50.786848 W from 
	package 	core		dram		uncore
Socket0	47.918156 W |	42.155468 W	4.290205 W	0 W	

Top 5 consumers:
Power		PID	Exe
1.074854 W	3572331	"/home/boggy/ref_rapl/energy_exp_server/NPB3.4.3/NPB3.4-MPI/bin/mg.C.x"
0.8061405 W	3572330	"/home/boggy/ref_rapl/energy_exp_server/NPB3.4.3/NPB3.4-MPI/bin/mg.C.x"
0.8061405 W	3572309	"/home/boggy/ref_rapl/scaphandre/target/release/scaphandre"
0.8061405 W	3572328	"/home/boggy/ref_rapl/energy_exp_server/NPB3.4.3/NPB3.4-MPI/bin/mg.C.x"
0.8061405 W	3572329	"/home/boggy/ref_rapl/energy_exp_server/NPB3.4.3/NPB3.4-MPI/bin/mg.C.x"
------------------------------------------------------------

Host:	51.056253 W from 
	package 	core		dram		uncore
Socket0	46.36095 W |	41.246204 W	4.555097 W	0 W	

Top 5 consumers:
Power		PID	Exe
1.0805557 W	3572330	"/home/boggy/ref_rapl/energy_exp_server/NPB3.4.3/NPB3.4-MPI/bin/mg.C.x"
1.0805557 W	3572329	"/home/boggy/ref_rapl/energy_exp_server/NPB3.4.3/NPB3.4-MPI/bin/mg.C.x"
0.8104168 W	3572328	"/home/boggy/ref_rapl/energy_exp_server/NPB3.4.3/NPB3.4-MPI/bin/mg.C.x"
0.8104168 W	3572331	"/home/boggy/ref_rapl/energy_exp_server/NPB3.4.3/NPB3.4-MPI/bin/mg.C.x"
0.54027784 W	3572309	"/home/boggy/ref_rapl/scaphandre/target/release/scaphandre"
------------------------------------------------------------

Host:	53.855233 W from 
	package 	core		dram		uncore
Socket0	46.45329 W |	41.473103 W	4.715131 W	0 W	

Top 5 consumers:
Power		PID	Exe
1.1397933 W	3572328	"/home/boggy/ref_rapl/energy_exp_server/NPB3.4.3/NPB3.4-MPI/bin/mg.C.x"
0.85484505 W	3572330	"/home/boggy/ref_rapl/energy_exp_server/NPB3.4.3/NPB3.4-MPI/bin/mg.C.x"
0.85484505 W	3572309	"/home/boggy/ref_rapl/scaphandre/target/release/scaphandre"
0.85484505 W	3572331	"/home/boggy/ref_rapl/energy_exp_server/NPB3.4.3/NPB3.4-MPI/bin/mg.C.x"
0.85484505 W	3572329	"/home/boggy/ref_rapl/energy_exp_server/NPB3.4.3/NPB3.4-MPI/bin/mg.C.x"
------------------------------------------------------------

Host:	52.822237 W from 
	package 	core		dram		uncore
Socket0	48.603546 W |	43.24026 W	4.79359 W	0 W	

Top 5 consumers:
Power		PID	Exe
0.8384483 W	3572330	"/home/boggy/ref_rapl/energy_exp_server/NPB3.4.3/NPB3.4-MPI/bin/mg.C.x"
0.8384483 W	3572328	"/home/boggy/ref_rapl/energy_exp_server/NPB3.4.3/NPB3.4-MPI/bin/mg.C.x"
0.8384483 W	3572331	"/home/boggy/ref_rapl/energy_exp_server/NPB3.4.3/NPB3.4-MPI/bin/mg.C.x"
0.8384483 W	3572329	"/home/boggy/ref_rapl/energy_exp_server/NPB3.4.3/NPB3.4-MPI/bin/mg.C.x"
0.5589655 W	3572309	"/home/boggy/ref_rapl/scaphandre/target/release/scaphandre"
------------------------------------------------------------

Host:	53.026234 W from 
	package 	core		dram		uncore
Socket0	49.340298 W |	43.391396 W	4.715866 W	0 W	

Top 5 consumers:
Power		PID	Exe
1.1590432 W	3572309	"/home/boggy/ref_rapl/scaphandre/target/release/scaphandre"
1.1590432 W	3572331	"/home/boggy/ref_rapl/energy_exp_server/NPB3.4.3/NPB3.4-MPI/bin/mg.C.x"
0.8692825 W	3572330	"/home/boggy/ref_rapl/energy_exp_server/NPB3.4.3/NPB3.4-MPI/bin/mg.C.x"
0.8692825 W	3572328	"/home/boggy/ref_rapl/energy_exp_server/NPB3.4.3/NPB3.4-MPI/bin/mg.C.x"
0.8692825 W	3572329	"/home/boggy/ref_rapl/energy_exp_server/NPB3.4.3/NPB3.4-MPI/bin/mg.C.x"
------------------------------------------------------------

Host:	53.263391 W from 
	package 	core		dram		uncore
Socket0	48.4171 W |	43.33308 W	4.773208 W	0 W	

Top 5 consumers:
Power		PID	Exe
1.164227 W	3572330	"/home/boggy/ref_rapl/energy_exp_server/NPB3.4.3/NPB3.4-MPI/bin/mg.C.x"
1.164227 W	3572328	"/home/boggy/ref_rapl/energy_exp_server/NPB3.4.3/NPB3.4-MPI/bin/mg.C.x"
1.164227 W	3572329	"/home/boggy/ref_rapl/energy_exp_server/NPB3.4.3/NPB3.4-MPI/bin/mg.C.x"
0.8731703 W	3572331	"/home/boggy/ref_rapl/energy_exp_server/NPB3.4.3/NPB3.4-MPI/bin/mg.C.x"
0.29105675 W	3572309	"/home/boggy/ref_rapl/scaphandre/target/release/scaphandre"
------------------------------------------------------------

Host:	54.333786 W from 
	package 	core		dram		uncore
Socket0	48.277897 W |	43.402103 W	4.750008 W	0 W	

Top 5 consumers:
Power		PID	Exe
0.89071774 W	3572330	"/home/boggy/ref_rapl/energy_exp_server/NPB3.4.3/NPB3.4-MPI/bin/mg.C.x"
0.89071774 W	3572309	"/home/boggy/ref_rapl/scaphandre/target/release/scaphandre"
0.89071774 W	3572328	"/home/boggy/ref_rapl/energy_exp_server/NPB3.4.3/NPB3.4-MPI/bin/mg.C.x"
0.89071774 W	3572331	"/home/boggy/ref_rapl/energy_exp_server/NPB3.4.3/NPB3.4-MPI/bin/mg.C.x"
0.89071774 W	3572329	"/home/boggy/ref_rapl/energy_exp_server/NPB3.4.3/NPB3.4-MPI/bin/mg.C.x"
------------------------------------------------------------

Host:	53.035417 W from 
	package 	core		dram		uncore
Socket0	48.375988 W |	43.376167 W	4.75696 W	0 W	

Top 5 consumers:
Power		PID	Exe
0.86943305 W	3572330	"/home/boggy/ref_rapl/energy_exp_server/NPB3.4.3/NPB3.4-MPI/bin/mg.C.x"
0.86943305 W	3572309	"/home/boggy/ref_rapl/scaphandre/target/release/scaphandre"
0.86943305 W	3572328	"/home/boggy/ref_rapl/energy_exp_server/NPB3.4.3/NPB3.4-MPI/bin/mg.C.x"
0.86943305 W	3572331	"/home/boggy/ref_rapl/energy_exp_server/NPB3.4.3/NPB3.4-MPI/bin/mg.C.x"
0.86943305 W	3572329	"/home/boggy/ref_rapl/energy_exp_server/NPB3.4.3/NPB3.4-MPI/bin/mg.C.x"
------------------------------------------------------------

Host:	51.799147 W from 
	package 	core		dram		uncore
Socket0	48.125393 W |	43.46721 W	4.865916 W	0 W	

Top 5 consumers:
Power		PID	Exe
1.1322217 W	3572330	"/home/boggy/ref_rapl/energy_exp_server/NPB3.4.3/NPB3.4-MPI/bin/mg.C.x"
1.1322217 W	3572328	"/home/boggy/ref_rapl/energy_exp_server/NPB3.4.3/NPB3.4-MPI/bin/mg.C.x"
1.1322217 W	3572331	"/home/boggy/ref_rapl/energy_exp_server/NPB3.4.3/NPB3.4-MPI/bin/mg.C.x"
1.1322217 W	3572329	"/home/boggy/ref_rapl/energy_exp_server/NPB3.4.3/NPB3.4-MPI/bin/mg.C.x"
0.84916633 W	3572309	"/home/boggy/ref_rapl/scaphandre/target/release/scaphandre"
------------------------------------------------------------

Host:	53.475388 W from 
	package 	core		dram		uncore
Socket0	48.044136 W |	42.5855 W	3.930612 W	0 W	

Top 5 consumers:
Power		PID	Exe
0.8766457 W	3572330	"/home/boggy/ref_rapl/energy_exp_server/NPB3.4.3/NPB3.4-MPI/bin/mg.C.x"
0.8766457 W	3572328	"/home/boggy/ref_rapl/energy_exp_server/NPB3.4.3/NPB3.4-MPI/bin/mg.C.x"
0.8766457 W	3572331	"/home/boggy/ref_rapl/energy_exp_server/NPB3.4.3/NPB3.4-MPI/bin/mg.C.x"
0.8766457 W	3572329	"/home/boggy/ref_rapl/energy_exp_server/NPB3.4.3/NPB3.4-MPI/bin/mg.C.x"
0.58443046 W	3572309	"/home/boggy/ref_rapl/scaphandre/target/release/scaphandre"
------------------------------------------------------------

Host:	55.219265 W from 
	package 	core		dram		uncore
Socket0	50.166424 W |	45.618675 W	4.157051 W	0 W	

Top 5 consumers:
Power		PID	Exe
0.9052338 W	3572330	"/home/boggy/ref_rapl/energy_exp_server/NPB3.4.3/NPB3.4-MPI/bin/mg.C.x"
0.9052338 W	3572328	"/home/boggy/ref_rapl/energy_exp_server/NPB3.4.3/NPB3.4-MPI/bin/mg.C.x"
0.9052338 W	3572331	"/home/boggy/ref_rapl/energy_exp_server/NPB3.4.3/NPB3.4-MPI/bin/mg.C.x"
0.9052338 W	3572329	"/home/boggy/ref_rapl/energy_exp_server/NPB3.4.3/NPB3.4-MPI/bin/mg.C.x"
0.60348916 W	3572309	"/home/boggy/ref_rapl/scaphandre/target/release/scaphandre"
------------------------------------------------------------

Host:	55.438711 W from 
	package 	core		dram		uncore
Socket0	50.710648 W |	45.923134 W	4.574044 W	0 W	

Top 5 consumers:
Power		PID	Exe
0.9188736 W	3572330	"/home/boggy/ref_rapl/energy_exp_server/NPB3.4.3/NPB3.4-MPI/bin/mg.C.x"
0.9188736 W	3572309	"/home/boggy/ref_rapl/scaphandre/target/release/scaphandre"
0.9188736 W	3572328	"/home/boggy/ref_rapl/energy_exp_server/NPB3.4.3/NPB3.4-MPI/bin/mg.C.x"
0.9188736 W	3572331	"/home/boggy/ref_rapl/energy_exp_server/NPB3.4.3/NPB3.4-MPI/bin/mg.C.x"
0.9188736 W	3572329	"/home/boggy/ref_rapl/energy_exp_server/NPB3.4.3/NPB3.4-MPI/bin/mg.C.x"
------------------------------------------------------------

Host:	55.15569 W from 
	package 	core		dram		uncore
Socket0	50.91937 W |	45.948696 W	4.587239 W	0 W	

Top 5 consumers:
Power		PID	Exe
0.91418266 W	3572330	"/home/boggy/ref_rapl/energy_exp_server/NPB3.4.3/NPB3.4-MPI/bin/mg.C.x"
0.91418266 W	3572309	"/home/boggy/ref_rapl/scaphandre/target/release/scaphandre"
0.91418266 W	3572328	"/home/boggy/ref_rapl/energy_exp_server/NPB3.4.3/NPB3.4-MPI/bin/mg.C.x"
0.91418266 W	3572331	"/home/boggy/ref_rapl/energy_exp_server/NPB3.4.3/NPB3.4-MPI/bin/mg.C.x"
0.91418266 W	3572329	"/home/boggy/ref_rapl/energy_exp_server/NPB3.4.3/NPB3.4-MPI/bin/mg.C.x"
------------------------------------------------------------

Host:	57.220038 W from 
	package 	core		dram		uncore
Socket0	52.056232 W |	45.942497 W	4.54961 W	0 W	

Top 5 consumers:
Power		PID	Exe
0.9483984 W	3572330	"/home/boggy/ref_rapl/energy_exp_server/NPB3.4.3/NPB3.4-MPI/bin/mg.C.x"
0.9483984 W	3572328	"/home/boggy/ref_rapl/energy_exp_server/NPB3.4.3/NPB3.4-MPI/bin/mg.C.x"
0.9483984 W	3572331	"/home/boggy/ref_rapl/energy_exp_server/NPB3.4.3/NPB3.4-MPI/bin/mg.C.x"
0.9483984 W	3572329	"/home/boggy/ref_rapl/energy_exp_server/NPB3.4.3/NPB3.4-MPI/bin/mg.C.x"
0.3161328 W	3572309	"/home/boggy/ref_rapl/scaphandre/target/release/scaphandre"
------------------------------------------------------------

Host:	54.748389 W from 
	package 	core		dram		uncore
Socket0	50.916607 W |	46.03729 W	4.573521 W	0 W	

Top 5 consumers:
Power		PID	Exe
0.9074319 W	3572330	"/home/boggy/ref_rapl/energy_exp_server/NPB3.4.3/NPB3.4-MPI/bin/mg.C.x"
0.9074319 W	3572309	"/home/boggy/ref_rapl/scaphandre/target/release/scaphandre"
0.9074319 W	3572328	"/home/boggy/ref_rapl/energy_exp_server/NPB3.4.3/NPB3.4-MPI/bin/mg.C.x"
0.9074319 W	3572331	"/home/boggy/ref_rapl/energy_exp_server/NPB3.4.3/NPB3.4-MPI/bin/mg.C.x"
0.9074319 W	3572329	"/home/boggy/ref_rapl/energy_exp_server/NPB3.4.3/NPB3.4-MPI/bin/mg.C.x"
------------------------------------------------------------

Host:	54.461807 W from 
	package 	core		dram		uncore
Socket0	51.80097 W |	45.942905 W	4.662706 W	0 W	

Top 5 consumers:
Power		PID	Exe
1.2035758 W	3572331	"/home/boggy/ref_rapl/energy_exp_server/NPB3.4.3/NPB3.4-MPI/bin/mg.C.x"
0.9026819 W	3572330	"/home/boggy/ref_rapl/energy_exp_server/NPB3.4.3/NPB3.4-MPI/bin/mg.C.x"
0.9026819 W	3572328	"/home/boggy/ref_rapl/energy_exp_server/NPB3.4.3/NPB3.4-MPI/bin/mg.C.x"
0.9026819 W	3572329	"/home/boggy/ref_rapl/energy_exp_server/NPB3.4.3/NPB3.4-MPI/bin/mg.C.x"
0.6017879 W	3572309	"/home/boggy/ref_rapl/scaphandre/target/release/scaphandre"
------------------------------------------------------------

Host:	53.011123 W from 
	package 	core		dram		uncore
Socket0	47.652863 W |	43.69823 W	3.846983 W	0 W	

Top 5 consumers:
Power		PID	Exe
1.1715165 W	3572328	"/home/boggy/ref_rapl/energy_exp_server/NPB3.4.3/NPB3.4-MPI/bin/mg.C.x"
0.8786374 W	3572330	"/home/boggy/ref_rapl/energy_exp_server/NPB3.4.3/NPB3.4-MPI/bin/mg.C.x"
0.8786374 W	3572309	"/home/boggy/ref_rapl/scaphandre/target/release/scaphandre"
0.8786374 W	3572329	"/home/boggy/ref_rapl/energy_exp_server/NPB3.4.3/NPB3.4-MPI/bin/mg.C.x"
0.58575827 W	3572331	"/home/boggy/ref_rapl/energy_exp_server/NPB3.4.3/NPB3.4-MPI/bin/mg.C.x"
------------------------------------------------------------

Host:	52.765341 W from 
	package 	core		dram		uncore
Socket0	48.503345 W |	43.734344 W	4.739055 W	0 W	

Top 5 consumers:
Power		PID	Exe
1.1660849 W	3572330	"/home/boggy/ref_rapl/energy_exp_server/NPB3.4.3/NPB3.4-MPI/bin/mg.C.x"
1.1660849 W	3572331	"/home/boggy/ref_rapl/energy_exp_server/NPB3.4.3/NPB3.4-MPI/bin/mg.C.x"
1.1660849 W	3572329	"/home/boggy/ref_rapl/energy_exp_server/NPB3.4.3/NPB3.4-MPI/bin/mg.C.x"
0.87456363 W	3572328	"/home/boggy/ref_rapl/energy_exp_server/NPB3.4.3/NPB3.4-MPI/bin/mg.C.x"
0.58304244 W	3572309	"/home/boggy/ref_rapl/scaphandre/target/release/scaphandre"
------------------------------------------------------------

Host:	54.067092 W from 
	package 	core		dram		uncore
Socket0	49.51583 W |	43.47717 W	4.728283 W	0 W	

Top 5 consumers:
Power		PID	Exe
1.2358191 W	3572328	"/home/boggy/ref_rapl/energy_exp_server/NPB3.4.3/NPB3.4-MPI/bin/mg.C.x"
0.9268644 W	3572330	"/home/boggy/ref_rapl/energy_exp_server/NPB3.4.3/NPB3.4-MPI/bin/mg.C.x"
0.9268644 W	3572309	"/home/boggy/ref_rapl/scaphandre/target/release/scaphandre"
0.9268644 W	3572331	"/home/boggy/ref_rapl/energy_exp_server/NPB3.4.3/NPB3.4-MPI/bin/mg.C.x"
0.9268644 W	3572329	"/home/boggy/ref_rapl/energy_exp_server/NPB3.4.3/NPB3.4-MPI/bin/mg.C.x"
------------------------------------------------------------

Host:	53.586882 W from 
	package 	core		dram		uncore
Socket0	47.890614 W |	43.543137 W	4.83792 W	0 W	

Top 5 consumers:
Power		PID	Exe
1.224843 W	3572331	"/home/boggy/ref_rapl/energy_exp_server/NPB3.4.3/NPB3.4-MPI/bin/mg.C.x"
0.9186322 W	3572330	"/home/boggy/ref_rapl/energy_exp_server/NPB3.4.3/NPB3.4-MPI/bin/mg.C.x"
0.9186322 W	3572328	"/home/boggy/ref_rapl/energy_exp_server/NPB3.4.3/NPB3.4-MPI/bin/mg.C.x"
0.9186322 W	3572329	"/home/boggy/ref_rapl/energy_exp_server/NPB3.4.3/NPB3.4-MPI/bin/mg.C.x"
0.6124215 W	3572309	"/home/boggy/ref_rapl/scaphandre/target/release/scaphandre"
------------------------------------------------------------

Host:	53.099274 W from 
	package 	core		dram		uncore
Socket0	48.66691 W |	43.51102 W	4.763575 W	0 W	

Top 5 consumers:
Power		PID	Exe
1.2136977 W	3572330	"/home/boggy/ref_rapl/energy_exp_server/NPB3.4.3/NPB3.4-MPI/bin/mg.C.x"
1.2136977 W	3572329	"/home/boggy/ref_rapl/energy_exp_server/NPB3.4.3/NPB3.4-MPI/bin/mg.C.x"
0.9102732 W	3572309	"/home/boggy/ref_rapl/scaphandre/target/release/scaphandre"
0.9102732 W	3572328	"/home/boggy/ref_rapl/energy_exp_server/NPB3.4.3/NPB3.4-MPI/bin/mg.C.x"
0.9102732 W	3572331	"/home/boggy/ref_rapl/energy_exp_server/NPB3.4.3/NPB3.4-MPI/bin/mg.C.x"
------------------------------------------------------------

Host:	53.485445 W from 
	package 	core		dram		uncore
Socket0	48.475437 W |	43.562645 W	4.771586 W	0 W	

Top 5 consumers:
Power		PID	Exe
1.2225244 W	3572328	"/home/boggy/ref_rapl/energy_exp_server/NPB3.4.3/NPB3.4-MPI/bin/mg.C.x"
0.9168933 W	3572330	"/home/boggy/ref_rapl/energy_exp_server/NPB3.4.3/NPB3.4-MPI/bin/mg.C.x"
0.9168933 W	3572309	"/home/boggy/ref_rapl/scaphandre/target/release/scaphandre"
0.9168933 W	3572331	"/home/boggy/ref_rapl/energy_exp_server/NPB3.4.3/NPB3.4-MPI/bin/mg.C.x"
0.9168933 W	3572329	"/home/boggy/ref_rapl/energy_exp_server/NPB3.4.3/NPB3.4-MPI/bin/mg.C.x"
------------------------------------------------------------

Host:	53.037638 W from 
	package 	core		dram		uncore
Socket0	48.663776 W |	43.527042 W	4.778951 W	0 W	

Top 5 consumers:
Power		PID	Exe
0.90921664 W	3572330	"/home/boggy/ref_rapl/energy_exp_server/NPB3.4.3/NPB3.4-MPI/bin/mg.C.x"
0.90921664 W	3572328	"/home/boggy/ref_rapl/energy_exp_server/NPB3.4.3/NPB3.4-MPI/bin/mg.C.x"
0.90921664 W	3572331	"/home/boggy/ref_rapl/energy_exp_server/NPB3.4.3/NPB3.4-MPI/bin/mg.C.x"
0.90921664 W	3572329	"/home/boggy/ref_rapl/energy_exp_server/NPB3.4.3/NPB3.4-MPI/bin/mg.C.x"
0.60614437 W	3572309	"/home/boggy/ref_rapl/scaphandre/target/release/scaphandre"
------------------------------------------------------------

Host:	50.60097 W from 
	package 	core		dram		uncore
Socket0	47.890873 W |	42.14424 W	4.664141 W	0 W	

Top 5 consumers:
Power		PID	Exe
1.445742 W	3572331	"/home/boggy/ref_rapl/energy_exp_server/NPB3.4.3/NPB3.4-MPI/bin/mg.C.x"
1.445742 W	3572329	"/home/boggy/ref_rapl/energy_exp_server/NPB3.4.3/NPB3.4-MPI/bin/mg.C.x"
1.1565934 W	3572330	"/home/boggy/ref_rapl/energy_exp_server/NPB3.4.3/NPB3.4-MPI/bin/mg.C.x"
1.1565934 W	3572309	"/home/boggy/ref_rapl/scaphandre/target/release/scaphandre"
0.8674451 W	3572328	"/home/boggy/ref_rapl/energy_exp_server/NPB3.4.3/NPB3.4-MPI/bin/mg.C.x"
------------------------------------------------------------

Host:	52.027626 W from 
	package 	core		dram		uncore
Socket0	46.961155 W |	42.168385 W	4.620538 W	0 W	

Top 5 consumers:
Power		PID	Exe
0.9634746 W	3572330	"/home/boggy/ref_rapl/energy_exp_server/NPB3.4.3/NPB3.4-MPI/bin/mg.C.x"
0.9634746 W	3572328	"/home/boggy/ref_rapl/energy_exp_server/NPB3.4.3/NPB3.4-MPI/bin/mg.C.x"
0.9634746 W	3572331	"/home/boggy/ref_rapl/energy_exp_server/NPB3.4.3/NPB3.4-MPI/bin/mg.C.x"
0.9634746 W	3572329	"/home/boggy/ref_rapl/energy_exp_server/NPB3.4.3/NPB3.4-MPI/bin/mg.C.x"
0.3211582 W	3572309	"/home/boggy/ref_rapl/scaphandre/target/release/scaphandre"
------------------------------------------------------------

Host:	51.389921 W from 
	package 	core		dram		uncore
Socket0	47.351593 W |	42.248344 W	4.664944 W	0 W	

Top 5 consumers:
Power		PID	Exe
1.2688869 W	3572328	"/home/boggy/ref_rapl/energy_exp_server/NPB3.4.3/NPB3.4-MPI/bin/mg.C.x"
0.95166516 W	3572330	"/home/boggy/ref_rapl/energy_exp_server/NPB3.4.3/NPB3.4-MPI/bin/mg.C.x"
0.95166516 W	3572309	"/home/boggy/ref_rapl/scaphandre/target/release/scaphandre"
0.95166516 W	3572331	"/home/boggy/ref_rapl/energy_exp_server/NPB3.4.3/NPB3.4-MPI/bin/mg.C.x"
0.95166516 W	3572329	"/home/boggy/ref_rapl/energy_exp_server/NPB3.4.3/NPB3.4-MPI/bin/mg.C.x"
------------------------------------------------------------

Host:	47.76942 W from 
	package 	core		dram		uncore
Socket0	45.811348 W |	41.4552 W	4.332802 W	0 W	

Top 5 consumers:
Power		PID	Exe
1.1794919 W	3572330	"/home/boggy/ref_rapl/energy_exp_server/NPB3.4.3/NPB3.4-MPI/bin/mg.C.x"
1.1794919 W	3572309	"/home/boggy/ref_rapl/scaphandre/target/release/scaphandre"
1.1794919 W	3572331	"/home/boggy/ref_rapl/energy_exp_server/NPB3.4.3/NPB3.4-MPI/bin/mg.C.x"
1.1794919 W	3572329	"/home/boggy/ref_rapl/energy_exp_server/NPB3.4.3/NPB3.4-MPI/bin/mg.C.x"
0.8846189 W	3572328	"/home/boggy/ref_rapl/energy_exp_server/NPB3.4.3/NPB3.4-MPI/bin/mg.C.x"
------------------------------------------------------------

Host:	45.545693 W from 
	package 	core		dram		uncore
Socket0	42.29926 W |	36.259415 W	4.53292 W	0 W	

Top 5 consumers:
Power		PID	Exe
1.6868775 W	3572328	"/home/boggy/ref_rapl/energy_exp_server/NPB3.4.3/NPB3.4-MPI/bin/mg.C.x"
1.6868775 W	3572331	"/home/boggy/ref_rapl/energy_exp_server/NPB3.4.3/NPB3.4-MPI/bin/mg.C.x"
1.4057312 W	3572330	"/home/boggy/ref_rapl/energy_exp_server/NPB3.4.3/NPB3.4-MPI/bin/mg.C.x"
1.4057312 W	3572309	"/home/boggy/ref_rapl/scaphandre/target/release/scaphandre"
1.4057312 W	3572329	"/home/boggy/ref_rapl/energy_exp_server/NPB3.4.3/NPB3.4-MPI/bin/mg.C.x"
------------------------------------------------------------

Host:	48.157357 W from 
	package 	core		dram		uncore
Socket0	41.56422 W |	36.907375 W	4.57716 W	0 W	

Top 5 consumers:
Power		PID	Exe
1.7836057 W	3572309	"/home/boggy/ref_rapl/scaphandre/target/release/scaphandre"
1.4863383 W	3572330	"/home/boggy/ref_rapl/energy_exp_server/NPB3.4.3/NPB3.4-MPI/bin/mg.C.x"
1.4863383 W	3572328	"/home/boggy/ref_rapl/energy_exp_server/NPB3.4.3/NPB3.4-MPI/bin/mg.C.x"
1.4863383 W	3572329	"/home/boggy/ref_rapl/energy_exp_server/NPB3.4.3/NPB3.4-MPI/bin/mg.C.x"
1.1890705 W	3572331	"/home/boggy/ref_rapl/energy_exp_server/NPB3.4.3/NPB3.4-MPI/bin/mg.C.x"
------------------------------------------------------------

Host:	55.86934 W from 
	package 	core		dram		uncore
Socket0	45.08202 W |	39.83225 W	4.566997 W	0 W	

Top 5 consumers:
Power		PID	Exe
1.3145727 W	3572330	"/home/boggy/ref_rapl/energy_exp_server/NPB3.4.3/NPB3.4-MPI/bin/mg.C.x"
1.3145727 W	3572328	"/home/boggy/ref_rapl/energy_exp_server/NPB3.4.3/NPB3.4-MPI/bin/mg.C.x"
1.3145727 W	3572331	"/home/boggy/ref_rapl/energy_exp_server/NPB3.4.3/NPB3.4-MPI/bin/mg.C.x"
1.3145727 W	3572329	"/home/boggy/ref_rapl/energy_exp_server/NPB3.4.3/NPB3.4-MPI/bin/mg.C.x"
0.9859296 W	3572309	"/home/boggy/ref_rapl/scaphandre/target/release/scaphandre"
------------------------------------------------------------

Host:	54.98869 W from 
	package 	core		dram		uncore
Socket0	53.10933 W |	47.570076 W	4.438738 W	0 W	

Top 5 consumers:
Power		PID	Exe
0.97038877 W	3572330	"/home/boggy/ref_rapl/energy_exp_server/NPB3.4.3/NPB3.4-MPI/bin/mg.C.x"
0.97038877 W	3572309	"/home/boggy/ref_rapl/scaphandre/target/release/scaphandre"
0.97038877 W	3572328	"/home/boggy/ref_rapl/energy_exp_server/NPB3.4.3/NPB3.4-MPI/bin/mg.C.x"
0.97038877 W	3572331	"/home/boggy/ref_rapl/energy_exp_server/NPB3.4.3/NPB3.4-MPI/bin/mg.C.x"
0.97038877 W	3572329	"/home/boggy/ref_rapl/energy_exp_server/NPB3.4.3/NPB3.4-MPI/bin/mg.C.x"
------------------------------------------------------------

Host:	50.415749 W from 
	package 	core		dram		uncore
Socket0	48.072987 W |	42.869343 W	4.44815 W	0 W	

Top 5 consumers:
Power		PID	Exe
0.88968974 W	3572330	"/home/boggy/ref_rapl/energy_exp_server/NPB3.4.3/NPB3.4-MPI/bin/mg.C.x"
0.88968974 W	3572328	"/home/boggy/ref_rapl/energy_exp_server/NPB3.4.3/NPB3.4-MPI/bin/mg.C.x"
0.88968974 W	3572331	"/home/boggy/ref_rapl/energy_exp_server/NPB3.4.3/NPB3.4-MPI/bin/mg.C.x"
0.88968974 W	3572329	"/home/boggy/ref_rapl/energy_exp_server/NPB3.4.3/NPB3.4-MPI/bin/mg.C.x"
0.5931265 W	3572309	"/home/boggy/ref_rapl/scaphandre/target/release/scaphandre"
------------------------------------------------------------

Host:	51.134402 W from 
	package 	core		dram		uncore
Socket0	46.138237 W |	41.33338 W	4.654955 W	0 W	

Top 5 consumers:
Power		PID	Exe
1.2031626 W	3572331	"/home/boggy/ref_rapl/energy_exp_server/NPB3.4.3/NPB3.4-MPI/bin/mg.C.x"
0.9023719 W	3572330	"/home/boggy/ref_rapl/energy_exp_server/NPB3.4.3/NPB3.4-MPI/bin/mg.C.x"
0.9023719 W	3572328	"/home/boggy/ref_rapl/energy_exp_server/NPB3.4.3/NPB3.4-MPI/bin/mg.C.x"
0.9023719 W	3572329	"/home/boggy/ref_rapl/energy_exp_server/NPB3.4.3/NPB3.4-MPI/bin/mg.C.x"
0.6015813 W	3572309	"/home/boggy/ref_rapl/scaphandre/target/release/scaphandre"
------------------------------------------------------------

Host:	52.876732 W from 
	package 	core		dram		uncore
Socket0	46.43843 W |	41.38193 W	4.581495 W	0 W	

Top 5 consumers:
Power		PID	Exe
1.2441585 W	3572330	"/home/boggy/ref_rapl/energy_exp_server/NPB3.4.3/NPB3.4-MPI/bin/mg.C.x"
1.2441585 W	3572328	"/home/boggy/ref_rapl/energy_exp_server/NPB3.4.3/NPB3.4-MPI/bin/mg.C.x"
1.2441585 W	3572329	"/home/boggy/ref_rapl/energy_exp_server/NPB3.4.3/NPB3.4-MPI/bin/mg.C.x"
0.9331189 W	3572331	"/home/boggy/ref_rapl/energy_exp_server/NPB3.4.3/NPB3.4-MPI/bin/mg.C.x"
0.62207925 W	3572309	"/home/boggy/ref_rapl/scaphandre/target/release/scaphandre"
------------------------------------------------------------

Host:	53.831729 W from 
	package 	core		dram		uncore
Socket0	49.318504 W |	43.311943 W	4.705421 W	0 W	

Top 5 consumers:
Power		PID	Exe
0.94997174 W	3572330	"/home/boggy/ref_rapl/energy_exp_server/NPB3.4.3/NPB3.4-MPI/bin/mg.C.x"
0.94997174 W	3572309	"/home/boggy/ref_rapl/scaphandre/target/release/scaphandre"
0.94997174 W	3572328	"/home/boggy/ref_rapl/energy_exp_server/NPB3.4.3/NPB3.4-MPI/bin/mg.C.x"
0.94997174 W	3572331	"/home/boggy/ref_rapl/energy_exp_server/NPB3.4.3/NPB3.4-MPI/bin/mg.C.x"
0.94997174 W	3572329	"/home/boggy/ref_rapl/energy_exp_server/NPB3.4.3/NPB3.4-MPI/bin/mg.C.x"
------------------------------------------------------------

Host:	54.097044 W from 
	package 	core		dram		uncore
Socket0	47.83008 W |	43.62087 W	4.830714 W	0 W	

Top 5 consumers:
Power		PID	Exe
1.2728716 W	3572309	"/home/boggy/ref_rapl/scaphandre/target/release/scaphandre"
1.2728716 W	3572331	"/home/boggy/ref_rapl/energy_exp_server/NPB3.4.3/NPB3.4-MPI/bin/mg.C.x"
0.9546538 W	3572330	"/home/boggy/ref_rapl/energy_exp_server/NPB3.4.3/NPB3.4-MPI/bin/mg.C.x"
0.9546538 W	3572328	"/home/boggy/ref_rapl/energy_exp_server/NPB3.4.3/NPB3.4-MPI/bin/mg.C.x"
0.9546538 W	3572329	"/home/boggy/ref_rapl/energy_exp_server/NPB3.4.3/NPB3.4-MPI/bin/mg.C.x"
------------------------------------------------------------

Host:	52.341801 W from 
	package 	core		dram		uncore
Socket0	48.954895 W |	43.517536 W	4.808855 W	0 W	

Top 5 consumers:
Power		PID	Exe
1.1378653 W	3572330	"/home/boggy/ref_rapl/energy_exp_server/NPB3.4.3/NPB3.4-MPI/bin/mg.C.x"
1.1378653 W	3572328	"/home/boggy/ref_rapl/energy_exp_server/NPB3.4.3/NPB3.4-MPI/bin/mg.C.x"
1.1378653 W	3572329	"/home/boggy/ref_rapl/energy_exp_server/NPB3.4.3/NPB3.4-MPI/bin/mg.C.x"
0.8533989 W	3572331	"/home/boggy/ref_rapl/energy_exp_server/NPB3.4.3/NPB3.4-MPI/bin/mg.C.x"
0.56893265 W	3572309	"/home/boggy/ref_rapl/scaphandre/target/release/scaphandre"
------------------------------------------------------------

Host:	53.481613 W from 
	package 	core		dram		uncore
Socket0	49.07226 W |	43.576195 W	4.678218 W	0 W	

Top 5 consumers:
Power		PID	Exe
0.8719828 W	3572330	"/home/boggy/ref_rapl/energy_exp_server/NPB3.4.3/NPB3.4-MPI/bin/mg.C.x"
0.8719828 W	3572309	"/home/boggy/ref_rapl/scaphandre/target/release/scaphandre"
0.8719828 W	3572328	"/home/boggy/ref_rapl/energy_exp_server/NPB3.4.3/NPB3.4-MPI/bin/mg.C.x"
0.8719828 W	3572331	"/home/boggy/ref_rapl/energy_exp_server/NPB3.4.3/NPB3.4-MPI/bin/mg.C.x"
0.8719828 W	3572329	"/home/boggy/ref_rapl/energy_exp_server/NPB3.4.3/NPB3.4-MPI/bin/mg.C.x"
------------------------------------------------------------

Host:	54.412309 W from 
	package 	core		dram		uncore
Socket0	48.663334 W |	43.55192 W	4.770069 W	0 W	

Top 5 consumers:
Power		PID	Exe
1.1828762 W	3572330	"/home/boggy/ref_rapl/energy_exp_server/NPB3.4.3/NPB3.4-MPI/bin/mg.C.x"
1.1828762 W	3572331	"/home/boggy/ref_rapl/energy_exp_server/NPB3.4.3/NPB3.4-MPI/bin/mg.C.x"
1.1828762 W	3572329	"/home/boggy/ref_rapl/energy_exp_server/NPB3.4.3/NPB3.4-MPI/bin/mg.C.x"
0.8871572 W	3572328	"/home/boggy/ref_rapl/energy_exp_server/NPB3.4.3/NPB3.4-MPI/bin/mg.C.x"
0.5914381 W	3572309	"/home/boggy/ref_rapl/scaphandre/target/release/scaphandre"
------------------------------------------------------------

Host:	52.559102 W from 
	package 	core		dram		uncore
Socket0	48.382607 W |	43.757763 W	4.869075 W	0 W	

Top 5 consumers:
Power		PID	Exe
1.1425891 W	3572328	"/home/boggy/ref_rapl/energy_exp_server/NPB3.4.3/NPB3.4-MPI/bin/mg.C.x"
0.8569419 W	3572330	"/home/boggy/ref_rapl/energy_exp_server/NPB3.4.3/NPB3.4-MPI/bin/mg.C.x"
0.8569419 W	3572309	"/home/boggy/ref_rapl/scaphandre/target/release/scaphandre"
0.8569419 W	3572331	"/home/boggy/ref_rapl/energy_exp_server/NPB3.4.3/NPB3.4-MPI/bin/mg.C.x"
0.8569419 W	3572329	"/home/boggy/ref_rapl/energy_exp_server/NPB3.4.3/NPB3.4-MPI/bin/mg.C.x"
------------------------------------------------------------

Host:	54.175856 W from 
	package 	core		dram		uncore
Socket0	48.053783 W |	42.956783 W	4.367461 W	0 W	

Top 5 consumers:
Power		PID	Exe
0.883302 W	3572330	"/home/boggy/ref_rapl/energy_exp_server/NPB3.4.3/NPB3.4-MPI/bin/mg.C.x"
0.588868 W	3572309	"/home/boggy/ref_rapl/scaphandre/target/release/scaphandre"
0.588868 W	3572328	"/home/boggy/ref_rapl/energy_exp_server/NPB3.4.3/NPB3.4-MPI/bin/mg.C.x"
0.588868 W	3572331	"/home/boggy/ref_rapl/energy_exp_server/NPB3.4.3/NPB3.4-MPI/bin/mg.C.x"
0.588868 W	3572329	"/home/boggy/ref_rapl/energy_exp_server/NPB3.4.3/NPB3.4-MPI/bin/mg.C.x"
------------------------------------------------------------

Host:	58.918048 W from 
	package 	core		dram		uncore
Socket0	53.16145 W |	47.064713 W	4.555091 W	0 W	

Top 5 consumers:
Power		PID	Exe
0.9606203 W	3572330	"/home/boggy/ref_rapl/energy_exp_server/NPB3.4.3/NPB3.4-MPI/bin/mg.C.x"
0.9606203 W	3572309	"/home/boggy/ref_rapl/scaphandre/target/release/scaphandre"
0.9606203 W	3572331	"/home/boggy/ref_rapl/energy_exp_server/NPB3.4.3/NPB3.4-MPI/bin/mg.C.x"
0.6404136 W	3572328	"/home/boggy/ref_rapl/energy_exp_server/NPB3.4.3/NPB3.4-MPI/bin/mg.C.x"
0.6404136 W	3572329	"/home/boggy/ref_rapl/energy_exp_server/NPB3.4.3/NPB3.4-MPI/bin/mg.C.x"
------------------------------------------------------------

Host:	55.86549 W from 
	package 	core		dram		uncore
Socket0	51.454464 W |	47.141514 W	4.717017 W	0 W	

Top 5 consumers:
Power		PID	Exe
0.91085035 W	3572328	"/home/boggy/ref_rapl/energy_exp_server/NPB3.4.3/NPB3.4-MPI/bin/mg.C.x"
0.91085035 W	3572329	"/home/boggy/ref_rapl/energy_exp_server/NPB3.4.3/NPB3.4-MPI/bin/mg.C.x"
0.6072336 W	3572330	"/home/boggy/ref_rapl/energy_exp_server/NPB3.4.3/NPB3.4-MPI/bin/mg.C.x"
0.6072336 W	3572309	"/home/boggy/ref_rapl/scaphandre/target/release/scaphandre"
0.6072336 W	3572331	"/home/boggy/ref_rapl/energy_exp_server/NPB3.4.3/NPB3.4-MPI/bin/mg.C.x"
------------------------------------------------------------

Host:	58.444803 W from 
	package 	core		dram		uncore
Socket0	53.59791 W |	47.318928 W	4.505124 W	0 W	

Top 5 consumers:
Power		PID	Exe
0.73056006 W	3572330	"/home/boggy/ref_rapl/energy_exp_server/NPB3.4.3/NPB3.4-MPI/bin/mg.C.x"
0.73056006 W	3572309	"/home/boggy/ref_rapl/scaphandre/target/release/scaphandre"
0.73056006 W	3572328	"/home/boggy/ref_rapl/energy_exp_server/NPB3.4.3/NPB3.4-MPI/bin/mg.C.x"
0.73056006 W	3572331	"/home/boggy/ref_rapl/energy_exp_server/NPB3.4.3/NPB3.4-MPI/bin/mg.C.x"
0.73056006 W	3572329	"/home/boggy/ref_rapl/energy_exp_server/NPB3.4.3/NPB3.4-MPI/bin/mg.C.x"
------------------------------------------------------------

Host:	56.19883 W from 
	package 	core		dram		uncore
Socket0	51.940186 W |	47.49511 W	4.552592 W	0 W	

Top 5 consumers:
Power		PID	Exe
1.0537281 W	3572330	"/home/boggy/ref_rapl/energy_exp_server/NPB3.4.3/NPB3.4-MPI/bin/mg.C.x"
1.0537281 W	3572309	"/home/boggy/ref_rapl/scaphandre/target/release/scaphandre"
1.0537281 W	3572331	"/home/boggy/ref_rapl/energy_exp_server/NPB3.4.3/NPB3.4-MPI/bin/mg.C.x"
1.0537281 W	3572329	"/home/boggy/ref_rapl/energy_exp_server/NPB3.4.3/NPB3.4-MPI/bin/mg.C.x"
0.7024854 W	3572328	"/home/boggy/ref_rapl/energy_exp_server/NPB3.4.3/NPB3.4-MPI/bin/mg.C.x"
------------------------------------------------------------

Host:	56.914878 W from 
	package 	core		dram		uncore
Socket0	51.627056 W |	47.374897 W	4.69603 W	0 W	

Top 5 consumers:
Power		PID	Exe
1.067154 W	3572309	"/home/boggy/ref_rapl/scaphandre/target/release/scaphandre"
1.067154 W	3572328	"/home/boggy/ref_rapl/energy_exp_server/NPB3.4.3/NPB3.4-MPI/bin/mg.C.x"
0.711436 W	3572330	"/home/boggy/ref_rapl/energy_exp_server/NPB3.4.3/NPB3.4-MPI/bin/mg.C.x"
0.711436 W	3572331	"/home/boggy/ref_rapl/energy_exp_server/NPB3.4.3/NPB3.4-MPI/bin/mg.C.x"
0.711436 W	3572329	"/home/boggy/ref_rapl/energy_exp_server/NPB3.4.3/NPB3.4-MPI/bin/mg.C.x"
------------------------------------------------------------

Host:	56.478179 W from 
	package 	core		dram		uncore
Socket0	54.371952 W |	47.54336 W	4.562909 W	0 W	

Top 5 consumers:
Power		PID	Exe
1.0589659 W	3572331	"/home/boggy/ref_rapl/energy_exp_server/NPB3.4.3/NPB3.4-MPI/bin/mg.C.x"
0.70597726 W	3572330	"/home/boggy/ref_rapl/energy_exp_server/NPB3.4.3/NPB3.4-MPI/bin/mg.C.x"
0.70597726 W	3572309	"/home/boggy/ref_rapl/scaphandre/target/release/scaphandre"
0.70597726 W	3572328	"/home/boggy/ref_rapl/energy_exp_server/NPB3.4.3/NPB3.4-MPI/bin/mg.C.x"
0.70597726 W	3572329	"/home/boggy/ref_rapl/energy_exp_server/NPB3.4.3/NPB3.4-MPI/bin/mg.C.x"
------------------------------------------------------------

Host:	58.58451 W from 
	package 	core		dram		uncore
Socket0	52.167744 W |	47.337704 W	4.567384 W	0 W	

Top 5 consumers:
Power		PID	Exe
1.0984596 W	3572329	"/home/boggy/ref_rapl/energy_exp_server/NPB3.4.3/NPB3.4-MPI/bin/mg.C.x"
0.73230636 W	3572330	"/home/boggy/ref_rapl/energy_exp_server/NPB3.4.3/NPB3.4-MPI/bin/mg.C.x"
0.73230636 W	3572309	"/home/boggy/ref_rapl/scaphandre/target/release/scaphandre"
0.73230636 W	3572328	"/home/boggy/ref_rapl/energy_exp_server/NPB3.4.3/NPB3.4-MPI/bin/mg.C.x"
0.73230636 W	3572331	"/home/boggy/ref_rapl/energy_exp_server/NPB3.4.3/NPB3.4-MPI/bin/mg.C.x"
------------------------------------------------------------

Host:	51.533541 W from 
	package 	core		dram		uncore
Socket0	50.428703 W |	45.843895 W	4.531693 W	0 W	

Top 5 consumers:
Power		PID	Exe
0.96625394 W	3572330	"/home/boggy/ref_rapl/energy_exp_server/NPB3.4.3/NPB3.4-MPI/bin/mg.C.x"
0.96625394 W	3572309	"/home/boggy/ref_rapl/scaphandre/target/release/scaphandre"
0.96625394 W	3572328	"/home/boggy/ref_rapl/energy_exp_server/NPB3.4.3/NPB3.4-MPI/bin/mg.C.x"
0.6441693 W	3572331	"/home/boggy/ref_rapl/energy_exp_server/NPB3.4.3/NPB3.4-MPI/bin/mg.C.x"
0.6441693 W	3572329	"/home/boggy/ref_rapl/energy_exp_server/NPB3.4.3/NPB3.4-MPI/bin/mg.C.x"
------------------------------------------------------------

Host:	53.789935 W from 
	package 	core		dram		uncore
Socket0	49.08894 W |	44.94362 W	3.064037 W	0 W	

Top 5 consumers:
Power		PID	Exe
0.6723742 W	3572330	"/home/boggy/ref_rapl/energy_exp_server/NPB3.4.3/NPB3.4-MPI/bin/mg.C.x"
0.6723742 W	3572309	"/home/boggy/ref_rapl/scaphandre/target/release/scaphandre"
0.6723742 W	3572328	"/home/boggy/ref_rapl/energy_exp_server/NPB3.4.3/NPB3.4-MPI/bin/mg.C.x"
0.6723742 W	3572331	"/home/boggy/ref_rapl/energy_exp_server/NPB3.4.3/NPB3.4-MPI/bin/mg.C.x"
0.6723742 W	3572329	"/home/boggy/ref_rapl/energy_exp_server/NPB3.4.3/NPB3.4-MPI/bin/mg.C.x"
------------------------------------------------------------

Host:	56.266135 W from 
	package 	core		dram		uncore
Socket0	50.908585 W |	45.10889 W	4.241847 W	0 W	

Top 5 consumers:
Power		PID	Exe
1.0549902 W	3572330	"/home/boggy/ref_rapl/energy_exp_server/NPB3.4.3/NPB3.4-MPI/bin/mg.C.x"
1.0549902 W	3572309	"/home/boggy/ref_rapl/scaphandre/target/release/scaphandre"
1.0549902 W	3572331	"/home/boggy/ref_rapl/energy_exp_server/NPB3.4.3/NPB3.4-MPI/bin/mg.C.x"
1.0549902 W	3572329	"/home/boggy/ref_rapl/energy_exp_server/NPB3.4.3/NPB3.4-MPI/bin/mg.C.x"
0.7033267 W	3572328	"/home/boggy/ref_rapl/energy_exp_server/NPB3.4.3/NPB3.4-MPI/bin/mg.C.x"
------------------------------------------------------------

Host:	53.528603 W from 
	package 	core		dram		uncore
Socket0	49.357624 W |	44.84199 W	4.711913 W	0 W	

Top 5 consumers:
Power		PID	Exe
1.0036614 W	3572328	"/home/boggy/ref_rapl/energy_exp_server/NPB3.4.3/NPB3.4-MPI/bin/mg.C.x"
0.66910756 W	3572330	"/home/boggy/ref_rapl/energy_exp_server/NPB3.4.3/NPB3.4-MPI/bin/mg.C.x"
0.66910756 W	3572309	"/home/boggy/ref_rapl/scaphandre/target/release/scaphandre"
0.66910756 W	3572331	"/home/boggy/ref_rapl/energy_exp_server/NPB3.4.3/NPB3.4-MPI/bin/mg.C.x"
0.66910756 W	3572329	"/home/boggy/ref_rapl/energy_exp_server/NPB3.4.3/NPB3.4-MPI/bin/mg.C.x"
------------------------------------------------------------

Host:	55.111977 W from 
	package 	core		dram		uncore
Socket0	50.64776 W |	45.028374 W	4.835397 W	0 W	

Top 5 consumers:
Power		PID	Exe
0.9725644 W	3572330	"/home/boggy/ref_rapl/energy_exp_server/NPB3.4.3/NPB3.4-MPI/bin/mg.C.x"
0.9725644 W	3572309	"/home/boggy/ref_rapl/scaphandre/target/release/scaphandre"
0.9725644 W	3572331	"/home/boggy/ref_rapl/energy_exp_server/NPB3.4.3/NPB3.4-MPI/bin/mg.C.x"
0.9725644 W	3572329	"/home/boggy/ref_rapl/energy_exp_server/NPB3.4.3/NPB3.4-MPI/bin/mg.C.x"
0.6483762 W	3572328	"/home/boggy/ref_rapl/energy_exp_server/NPB3.4.3/NPB3.4-MPI/bin/mg.C.x"
------------------------------------------------------------

Host:	55.273872 W from 
	package 	core		dram		uncore
Socket0	50.21347 W |	45.049583 W	4.778398 W	0 W	

Top 5 consumers:
Power		PID	Exe
0.97542137 W	3572309	"/home/boggy/ref_rapl/scaphandre/target/release/scaphandre"
0.97542137 W	3572328	"/home/boggy/ref_rapl/energy_exp_server/NPB3.4.3/NPB3.4-MPI/bin/mg.C.x"
0.97542137 W	3572331	"/home/boggy/ref_rapl/energy_exp_server/NPB3.4.3/NPB3.4-MPI/bin/mg.C.x"
0.6502809 W	3572330	"/home/boggy/ref_rapl/energy_exp_server/NPB3.4.3/NPB3.4-MPI/bin/mg.C.x"
0.6502809 W	3572329	"/home/boggy/ref_rapl/energy_exp_server/NPB3.4.3/NPB3.4-MPI/bin/mg.C.x"
------------------------------------------------------------

Host:	54.241408 W from 
	package 	core		dram		uncore
Socket0	50.55734 W |	44.947144 W	4.83133 W	0 W	

Top 5 consumers:
Power		PID	Exe
0.95720136 W	3572330	"/home/boggy/ref_rapl/energy_exp_server/NPB3.4.3/NPB3.4-MPI/bin/mg.C.x"
0.95720136 W	3572309	"/home/boggy/ref_rapl/scaphandre/target/release/scaphandre"
0.95720136 W	3572328	"/home/boggy/ref_rapl/energy_exp_server/NPB3.4.3/NPB3.4-MPI/bin/mg.C.x"
0.95720136 W	3572329	"/home/boggy/ref_rapl/energy_exp_server/NPB3.4.3/NPB3.4-MPI/bin/mg.C.x"
0.63813424 W	3572331	"/home/boggy/ref_rapl/energy_exp_server/NPB3.4.3/NPB3.4-MPI/bin/mg.C.x"
------------------------------------------------------------

Host:	55.824661 W from 
	package 	core		dram		uncore
Socket0	49.438496 W |	44.739506 W	4.735913 W	0 W	

Top 5 consumers:
Power		PID	Exe
0.9851411 W	3572309	"/home/boggy/ref_rapl/scaphandre/target/release/scaphandre"
0.9851411 W	3572331	"/home/boggy/ref_rapl/energy_exp_server/NPB3.4.3/NPB3.4-MPI/bin/mg.C.x"
0.9851411 W	3572329	"/home/boggy/ref_rapl/energy_exp_server/NPB3.4.3/NPB3.4-MPI/bin/mg.C.x"
0.65676075 W	3572330	"/home/boggy/ref_rapl/energy_exp_server/NPB3.4.3/NPB3.4-MPI/bin/mg.C.x"
0.65676075 W	3572328	"/home/boggy/ref_rapl/energy_exp_server/NPB3.4.3/NPB3.4-MPI/bin/mg.C.x"
------------------------------------------------------------

Host:	54.013438 W from 
	package 	core		dram		uncore
Socket0	49.267815 W |	45.044468 W	4.867054 W	0 W	

Top 5 consumers:
Power		PID	Exe
0.95317835 W	3572330	"/home/boggy/ref_rapl/energy_exp_server/NPB3.4.3/NPB3.4-MPI/bin/mg.C.x"
0.95317835 W	3572328	"/home/boggy/ref_rapl/energy_exp_server/NPB3.4.3/NPB3.4-MPI/bin/mg.C.x"
0.6354523 W	3572309	"/home/boggy/ref_rapl/scaphandre/target/release/scaphandre"
0.6354523 W	3572331	"/home/boggy/ref_rapl/energy_exp_server/NPB3.4.3/NPB3.4-MPI/bin/mg.C.x"
0.6354523 W	3572329	"/home/boggy/ref_rapl/energy_exp_server/NPB3.4.3/NPB3.4-MPI/bin/mg.C.x"
------------------------------------------------------------

Host:	56.171756 W from 
	package 	core		dram		uncore
Socket0	49.650383 W |	44.824135 W	4.75438 W	0 W	

Top 5 consumers:
Power		PID	Exe
0.99126637 W	3572309	"/home/boggy/ref_rapl/scaphandre/target/release/scaphandre"
0.99126637 W	3572331	"/home/boggy/ref_rapl/energy_exp_server/NPB3.4.3/NPB3.4-MPI/bin/mg.C.x"
0.99126637 W	3572329	"/home/boggy/ref_rapl/energy_exp_server/NPB3.4.3/NPB3.4-MPI/bin/mg.C.x"
0.6608442 W	3572330	"/home/boggy/ref_rapl/energy_exp_server/NPB3.4.3/NPB3.4-MPI/bin/mg.C.x"
0.6608442 W	3572328	"/home/boggy/ref_rapl/energy_exp_server/NPB3.4.3/NPB3.4-MPI/bin/mg.C.x"
------------------------------------------------------------

Host:	52.369392 W from 
	package 	core		dram		uncore
Socket0	50.830875 W |	43.780094 W	4.770773 W	0 W	

Top 5 consumers:
Power		PID	Exe
0.9241658 W	3572330	"/home/boggy/ref_rapl/energy_exp_server/NPB3.4.3/NPB3.4-MPI/bin/mg.C.x"
0.9241658 W	3572309	"/home/boggy/ref_rapl/scaphandre/target/release/scaphandre"
0.9241658 W	3572328	"/home/boggy/ref_rapl/energy_exp_server/NPB3.4.3/NPB3.4-MPI/bin/mg.C.x"
0.6161105 W	3572331	"/home/boggy/ref_rapl/energy_exp_server/NPB3.4.3/NPB3.4-MPI/bin/mg.C.x"
0.6161105 W	3572329	"/home/boggy/ref_rapl/energy_exp_server/NPB3.4.3/NPB3.4-MPI/bin/mg.C.x"
------------------------------------------------------------

Host:	53.491716 W from 
	package 	core		dram		uncore
Socket0	48.49959 W |	44.448048 W	3.718507 W	0 W	

Top 5 consumers:
Power		PID	Exe
0.6293143 W	3572330	"/home/boggy/ref_rapl/energy_exp_server/NPB3.4.3/NPB3.4-MPI/bin/mg.C.x"
0.6293143 W	3572309	"/home/boggy/ref_rapl/scaphandre/target/release/scaphandre"
0.6293143 W	3572328	"/home/boggy/ref_rapl/energy_exp_server/NPB3.4.3/NPB3.4-MPI/bin/mg.C.x"
0.6293143 W	3572331	"/home/boggy/ref_rapl/energy_exp_server/NPB3.4.3/NPB3.4-MPI/bin/mg.C.x"
0.6293143 W	3572329	"/home/boggy/ref_rapl/energy_exp_server/NPB3.4.3/NPB3.4-MPI/bin/mg.C.x"
------------------------------------------------------------

Host:	52.583221 W from 
	package 	core		dram		uncore
Socket0	47.617207 W |	43.754536 W	4.737563 W	0 W	

Top 5 consumers:
Power		PID	Exe
0.99213624 W	3572331	"/home/boggy/ref_rapl/energy_exp_server/NPB3.4.3/NPB3.4-MPI/bin/mg.C.x"
0.99213624 W	3572329	"/home/boggy/ref_rapl/energy_exp_server/NPB3.4.3/NPB3.4-MPI/bin/mg.C.x"
0.6614241 W	3572330	"/home/boggy/ref_rapl/energy_exp_server/NPB3.4.3/NPB3.4-MPI/bin/mg.C.x"
0.6614241 W	3572309	"/home/boggy/ref_rapl/scaphandre/target/release/scaphandre"
0.6614241 W	3572328	"/home/boggy/ref_rapl/energy_exp_server/NPB3.4.3/NPB3.4-MPI/bin/mg.C.x"
------------------------------------------------------------

Host:	54.489205 W from 
	package 	core		dram		uncore
Socket0	49.8737 W |	43.741024 W	4.570515 W	0 W	

Top 5 consumers:
Power		PID	Exe
1.0280982 W	3572330	"/home/boggy/ref_rapl/energy_exp_server/NPB3.4.3/NPB3.4-MPI/bin/mg.C.x"
1.0280982 W	3572309	"/home/boggy/ref_rapl/scaphandre/target/release/scaphandre"
1.0280982 W	3572328	"/home/boggy/ref_rapl/energy_exp_server/NPB3.4.3/NPB3.4-MPI/bin/mg.C.x"
0.6853988 W	3572331	"/home/boggy/ref_rapl/energy_exp_server/NPB3.4.3/NPB3.4-MPI/bin/mg.C.x"
0.6853988 W	3572329	"/home/boggy/ref_rapl/energy_exp_server/NPB3.4.3/NPB3.4-MPI/bin/mg.C.x"
------------------------------------------------------------

Host:	50.520836 W from 
	package 	core		dram		uncore
Socket0	46.315865 W |	42.660324 W	4.619567 W	0 W	

Top 5 consumers:
Power		PID	Exe
0.9532233 W	3572331	"/home/boggy/ref_rapl/energy_exp_server/NPB3.4.3/NPB3.4-MPI/bin/mg.C.x"
0.6354822 W	3572330	"/home/boggy/ref_rapl/energy_exp_server/NPB3.4.3/NPB3.4-MPI/bin/mg.C.x"
0.6354822 W	3572309	"/home/boggy/ref_rapl/scaphandre/target/release/scaphandre"
0.6354822 W	3572328	"/home/boggy/ref_rapl/energy_exp_server/NPB3.4.3/NPB3.4-MPI/bin/mg.C.x"
0.6354822 W	3572329	"/home/boggy/ref_rapl/energy_exp_server/NPB3.4.3/NPB3.4-MPI/bin/mg.C.x"
------------------------------------------------------------

Host:	47.356873 W from 
	package 	core		dram		uncore
Socket0	47.63685 W |	41.35379 W	4.220985 W	0 W	

Top 5 consumers:
Power		PID	Exe
1.4892099 W	3572309	"/home/boggy/ref_rapl/scaphandre/target/release/scaphandre"
1.1913679 W	3572330	"/home/boggy/ref_rapl/energy_exp_server/NPB3.4.3/NPB3.4-MPI/bin/mg.C.x"
1.1913679 W	3572328	"/home/boggy/ref_rapl/energy_exp_server/NPB3.4.3/NPB3.4-MPI/bin/mg.C.x"
1.1913679 W	3572329	"/home/boggy/ref_rapl/energy_exp_server/NPB3.4.3/NPB3.4-MPI/bin/mg.C.x"
0.8935259 W	3572331	"/home/boggy/ref_rapl/energy_exp_server/NPB3.4.3/NPB3.4-MPI/bin/mg.C.x"
------------------------------------------------------------

Host:	46.536759 W from 
	package 	core		dram		uncore
Socket0	41.505608 W |	36.687202 W	4.545312 W	0 W	

Top 5 consumers:
Power		PID	Exe
1.4634202 W	3572330	"/home/boggy/ref_rapl/energy_exp_server/NPB3.4.3/NPB3.4-MPI/bin/mg.C.x"
1.4634202 W	3572309	"/home/boggy/ref_rapl/scaphandre/target/release/scaphandre"
1.4634202 W	3572331	"/home/boggy/ref_rapl/energy_exp_server/NPB3.4.3/NPB3.4-MPI/bin/mg.C.x"
1.4634202 W	3572329	"/home/boggy/ref_rapl/energy_exp_server/NPB3.4.3/NPB3.4-MPI/bin/mg.C.x"
1.170736 W	3572328	"/home/boggy/ref_rapl/energy_exp_server/NPB3.4.3/NPB3.4-MPI/bin/mg.C.x"
------------------------------------------------------------

Host:	49.149618 W from 
	package 	core		dram		uncore
Socket0	42.912365 W |	37.17617 W	4.570989 W	0 W	

Top 5 consumers:
Power		PID	Exe
1.8547025 W	3572309	"/home/boggy/ref_rapl/scaphandre/target/release/scaphandre"
1.5455856 W	3572328	"/home/boggy/ref_rapl/energy_exp_server/NPB3.4.3/NPB3.4-MPI/bin/mg.C.x"
1.2364684 W	3572330	"/home/boggy/ref_rapl/energy_exp_server/NPB3.4.3/NPB3.4-MPI/bin/mg.C.x"
1.2364684 W	3572331	"/home/boggy/ref_rapl/energy_exp_server/NPB3.4.3/NPB3.4-MPI/bin/mg.C.x"
1.2364684 W	3572329	"/home/boggy/ref_rapl/energy_exp_server/NPB3.4.3/NPB3.4-MPI/bin/mg.C.x"
------------------------------------------------------------

Host:	52.028012 W from 
	package 	core		dram		uncore
Socket0	44.392925 W |	39.288223 W	4.480031 W	0 W	

Top 5 consumers:
Power		PID	Exe
0.9346349 W	3572330	"/home/boggy/ref_rapl/energy_exp_server/NPB3.4.3/NPB3.4-MPI/bin/mg.C.x"
0.9346349 W	3572309	"/home/boggy/ref_rapl/scaphandre/target/release/scaphandre"
0.9346349 W	3572328	"/home/boggy/ref_rapl/energy_exp_server/NPB3.4.3/NPB3.4-MPI/bin/mg.C.x"
0.9346349 W	3572331	"/home/boggy/ref_rapl/energy_exp_server/NPB3.4.3/NPB3.4-MPI/bin/mg.C.x"
0.9346349 W	3572329	"/home/boggy/ref_rapl/energy_exp_server/NPB3.4.3/NPB3.4-MPI/bin/mg.C.x"
------------------------------------------------------------

Host:	56.082934 W from 
	package 	core		dram		uncore
Socket0	51.771175 W |	47.037533 W	4.48629 W	0 W	

Top 5 consumers:
Power		PID	Exe
1.0074779 W	3572330	"/home/boggy/ref_rapl/energy_exp_server/NPB3.4.3/NPB3.4-MPI/bin/mg.C.x"
1.0074779 W	3572331	"/home/boggy/ref_rapl/energy_exp_server/NPB3.4.3/NPB3.4-MPI/bin/mg.C.x"
1.0074779 W	3572329	"/home/boggy/ref_rapl/energy_exp_server/NPB3.4.3/NPB3.4-MPI/bin/mg.C.x"
0.67165196 W	3572309	"/home/boggy/ref_rapl/scaphandre/target/release/scaphandre"
0.67165196 W	3572328	"/home/boggy/ref_rapl/energy_exp_server/NPB3.4.3/NPB3.4-MPI/bin/mg.C.x"
------------------------------------------------------------

Host:	55.790636 W from 
	package 	core		dram		uncore
Socket0	54.26203 W |	49.69696 W	4.18879 W	0 W	

Top 5 consumers:
Power		PID	Exe
1.002227 W	3572309	"/home/boggy/ref_rapl/scaphandre/target/release/scaphandre"
0.6681514 W	3572330	"/home/boggy/ref_rapl/energy_exp_server/NPB3.4.3/NPB3.4-MPI/bin/mg.C.x"
0.6681514 W	3572328	"/home/boggy/ref_rapl/energy_exp_server/NPB3.4.3/NPB3.4-MPI/bin/mg.C.x"
0.6681514 W	3572331	"/home/boggy/ref_rapl/energy_exp_server/NPB3.4.3/NPB3.4-MPI/bin/mg.C.x"
0.6681514 W	3572329	"/home/boggy/ref_rapl/energy_exp_server/NPB3.4.3/NPB3.4-MPI/bin/mg.C.x"
------------------------------------------------------------

Host:	52.334164 W from 
	package 	core		dram		uncore
Socket0	48.457676 W |	43.361057 W	4.276393 W	0 W	

Top 5 consumers:
Power		PID	Exe
1.253513 W	3572328	"/home/boggy/ref_rapl/energy_exp_server/NPB3.4.3/NPB3.4-MPI/bin/mg.C.x"
0.9401347 W	3572330	"/home/boggy/ref_rapl/energy_exp_server/NPB3.4.3/NPB3.4-MPI/bin/mg.C.x"
0.9401347 W	3572331	"/home/boggy/ref_rapl/energy_exp_server/NPB3.4.3/NPB3.4-MPI/bin/mg.C.x"
0.9401347 W	3572329	"/home/boggy/ref_rapl/energy_exp_server/NPB3.4.3/NPB3.4-MPI/bin/mg.C.x"
0.6267565 W	3572309	"/home/boggy/ref_rapl/scaphandre/target/release/scaphandre"
------------------------------------------------------------

Host:	51.192641 W from 
	package 	core		dram		uncore
Socket0	46.676582 W |	41.33472 W	4.575357 W	0 W	

Top 5 consumers:
Power		PID	Exe
0.9196283 W	3572330	"/home/boggy/ref_rapl/energy_exp_server/NPB3.4.3/NPB3.4-MPI/bin/mg.C.x"
0.9196283 W	3572309	"/home/boggy/ref_rapl/scaphandre/target/release/scaphandre"
0.9196283 W	3572328	"/home/boggy/ref_rapl/energy_exp_server/NPB3.4.3/NPB3.4-MPI/bin/mg.C.x"
0.9196283 W	3572331	"/home/boggy/ref_rapl/energy_exp_server/NPB3.4.3/NPB3.4-MPI/bin/mg.C.x"
0.9196283 W	3572329	"/home/boggy/ref_rapl/energy_exp_server/NPB3.4.3/NPB3.4-MPI/bin/mg.C.x"
------------------------------------------------------------

Host:	51.316787 W from 
	package 	core		dram		uncore
Socket0	47.693134 W |	41.40304 W	4.535437 W	0 W	

Top 5 consumers:
Power		PID	Exe
1.2291447 W	3572330	"/home/boggy/ref_rapl/energy_exp_server/NPB3.4.3/NPB3.4-MPI/bin/mg.C.x"
1.2291447 W	3572331	"/home/boggy/ref_rapl/energy_exp_server/NPB3.4.3/NPB3.4-MPI/bin/mg.C.x"
1.2291447 W	3572329	"/home/boggy/ref_rapl/energy_exp_server/NPB3.4.3/NPB3.4-MPI/bin/mg.C.x"
0.92185843 W	3572328	"/home/boggy/ref_rapl/energy_exp_server/NPB3.4.3/NPB3.4-MPI/bin/mg.C.x"
0.61457235 W	3572309	"/home/boggy/ref_rapl/scaphandre/target/release/scaphandre"
------------------------------------------------------------

Host:	54.174437 W from 
	package 	core		dram		uncore
Socket0	48.07955 W |	43.172623 W	4.716287 W	0 W	

Top 5 consumers:
Power		PID	Exe
1.2975913 W	3572328	"/home/boggy/ref_rapl/energy_exp_server/NPB3.4.3/NPB3.4-MPI/bin/mg.C.x"
0.9731935 W	3572330	"/home/boggy/ref_rapl/energy_exp_server/NPB3.4.3/NPB3.4-MPI/bin/mg.C.x"
0.9731935 W	3572309	"/home/boggy/ref_rapl/scaphandre/target/release/scaphandre"
0.9731935 W	3572331	"/home/boggy/ref_rapl/energy_exp_server/NPB3.4.3/NPB3.4-MPI/bin/mg.C.x"
0.9731935 W	3572329	"/home/boggy/ref_rapl/energy_exp_server/NPB3.4.3/NPB3.4-MPI/bin/mg.C.x"
------------------------------------------------------------

Host:	54.491122 W from 
	package 	core		dram		uncore
Socket0	49.31681 W |	43.94825 W	4.80863 W	0 W	

Top 5 consumers:
Power		PID	Exe
0.97305584 W	3572330	"/home/boggy/ref_rapl/energy_exp_server/NPB3.4.3/NPB3.4-MPI/bin/mg.C.x"
0.97305584 W	3572309	"/home/boggy/ref_rapl/scaphandre/target/release/scaphandre"
0.97305584 W	3572328	"/home/boggy/ref_rapl/energy_exp_server/NPB3.4.3/NPB3.4-MPI/bin/mg.C.x"
0.97305584 W	3572331	"/home/boggy/ref_rapl/energy_exp_server/NPB3.4.3/NPB3.4-MPI/bin/mg.C.x"
0.97305584 W	3572329	"/home/boggy/ref_rapl/energy_exp_server/NPB3.4.3/NPB3.4-MPI/bin/mg.C.x"
------------------------------------------------------------

Host:	53.207293 W from 
	package 	core		dram		uncore
Socket0	48.247295 W |	43.767815 W	4.858368 W	0 W	

Top 5 consumers:
Power		PID	Exe
1.2668402 W	3572330	"/home/boggy/ref_rapl/energy_exp_server/NPB3.4.3/NPB3.4-MPI/bin/mg.C.x"
1.2668402 W	3572331	"/home/boggy/ref_rapl/energy_exp_server/NPB3.4.3/NPB3.4-MPI/bin/mg.C.x"
1.2668402 W	3572329	"/home/boggy/ref_rapl/energy_exp_server/NPB3.4.3/NPB3.4-MPI/bin/mg.C.x"
0.9501303 W	3572328	"/home/boggy/ref_rapl/energy_exp_server/NPB3.4.3/NPB3.4-MPI/bin/mg.C.x"
0.6334201 W	3572309	"/home/boggy/ref_rapl/scaphandre/target/release/scaphandre"
------------------------------------------------------------

Host:	53.531147 W from 
	package 	core		dram		uncore
Socket0	48.76327 W |	43.754375 W	4.757018 W	0 W	

Top 5 consumers:
Power		PID	Exe
1.2745512 W	3572328	"/home/boggy/ref_rapl/energy_exp_server/NPB3.4.3/NPB3.4-MPI/bin/mg.C.x"
0.95591336 W	3572330	"/home/boggy/ref_rapl/energy_exp_server/NPB3.4.3/NPB3.4-MPI/bin/mg.C.x"
0.95591336 W	3572309	"/home/boggy/ref_rapl/scaphandre/target/release/scaphandre"
0.95591336 W	3572331	"/home/boggy/ref_rapl/energy_exp_server/NPB3.4.3/NPB3.4-MPI/bin/mg.C.x"
0.95591336 W	3572329	"/home/boggy/ref_rapl/energy_exp_server/NPB3.4.3/NPB3.4-MPI/bin/mg.C.x"
------------------------------------------------------------

Host:	53.468791 W from 
	package 	core		dram		uncore
Socket0	49.94598 W |	43.613163 W	4.75454 W	0 W	

Top 5 consumers:
Power		PID	Exe
0.9547999 W	3572330	"/home/boggy/ref_rapl/energy_exp_server/NPB3.4.3/NPB3.4-MPI/bin/mg.C.x"
0.9547999 W	3572328	"/home/boggy/ref_rapl/energy_exp_server/NPB3.4.3/NPB3.4-MPI/bin/mg.C.x"
0.9547999 W	3572331	"/home/boggy/ref_rapl/energy_exp_server/NPB3.4.3/NPB3.4-MPI/bin/mg.C.x"
0.9547999 W	3572329	"/home/boggy/ref_rapl/energy_exp_server/NPB3.4.3/NPB3.4-MPI/bin/mg.C.x"
0.63653326 W	3572309	"/home/boggy/ref_rapl/scaphandre/target/release/scaphandre"
------------------------------------------------------------

Host:	52.141964 W from 
	package 	core		dram		uncore
Socket0	48.615833 W |	43.569935 W	4.765313 W	0 W	

Top 5 consumers:
Power		PID	Exe
1.2414753 W	3572331	"/home/boggy/ref_rapl/energy_exp_server/NPB3.4.3/NPB3.4-MPI/bin/mg.C.x"
1.2414753 W	3572329	"/home/boggy/ref_rapl/energy_exp_server/NPB3.4.3/NPB3.4-MPI/bin/mg.C.x"
0.93110657 W	3572330	"/home/boggy/ref_rapl/energy_exp_server/NPB3.4.3/NPB3.4-MPI/bin/mg.C.x"
0.93110657 W	3572309	"/home/boggy/ref_rapl/scaphandre/target/release/scaphandre"
0.93110657 W	3572328	"/home/boggy/ref_rapl/energy_exp_server/NPB3.4.3/NPB3.4-MPI/bin/mg.C.x"
------------------------------------------------------------

Host:	54.347814 W from 
	package 	core		dram		uncore
Socket0	47.63758 W |	42.641003 W	4.556192 W	0 W	

Top 5 consumers:
Power		PID	Exe
1.2939955 W	3572330	"/home/boggy/ref_rapl/energy_exp_server/NPB3.4.3/NPB3.4-MPI/bin/mg.C.x"
0.9704968 W	3572309	"/home/boggy/ref_rapl/scaphandre/target/release/scaphandre"
0.9704968 W	3572328	"/home/boggy/ref_rapl/energy_exp_server/NPB3.4.3/NPB3.4-MPI/bin/mg.C.x"
0.9704968 W	3572331	"/home/boggy/ref_rapl/energy_exp_server/NPB3.4.3/NPB3.4-MPI/bin/mg.C.x"
0.9704968 W	3572329	"/home/boggy/ref_rapl/energy_exp_server/NPB3.4.3/NPB3.4-MPI/bin/mg.C.x"
------------------------------------------------------------

Host:	56.544192 W from 
	package 	core		dram		uncore
Socket0	49.85753 W |	46.015324 W	4.113765 W	0 W	

Top 5 consumers:
Power		PID	Exe
1.0536186 W	3572330	"/home/boggy/ref_rapl/energy_exp_server/NPB3.4.3/NPB3.4-MPI/bin/mg.C.x"
1.0536186 W	3572328	"/home/boggy/ref_rapl/energy_exp_server/NPB3.4.3/NPB3.4-MPI/bin/mg.C.x"
1.0536186 W	3572331	"/home/boggy/ref_rapl/energy_exp_server/NPB3.4.3/NPB3.4-MPI/bin/mg.C.x"
1.0536186 W	3572329	"/home/boggy/ref_rapl/energy_exp_server/NPB3.4.3/NPB3.4-MPI/bin/mg.C.x"
0.7024123 W	3572309	"/home/boggy/ref_rapl/scaphandre/target/release/scaphandre"
------------------------------------------------------------

Host:	55.594471 W from 
	package 	core		dram		uncore
Socket0	51.752125 W |	46.259163 W	4.619782 W	0 W	

Top 5 consumers:
Power		PID	Exe
1.3812292 W	3572328	"/home/boggy/ref_rapl/energy_exp_server/NPB3.4.3/NPB3.4-MPI/bin/mg.C.x"
1.0359219 W	3572330	"/home/boggy/ref_rapl/energy_exp_server/NPB3.4.3/NPB3.4-MPI/bin/mg.C.x"
1.0359219 W	3572309	"/home/boggy/ref_rapl/scaphandre/target/release/scaphandre"
1.0359219 W	3572331	"/home/boggy/ref_rapl/energy_exp_server/NPB3.4.3/NPB3.4-MPI/bin/mg.C.x"
1.0359219 W	3572329	"/home/boggy/ref_rapl/energy_exp_server/NPB3.4.3/NPB3.4-MPI/bin/mg.C.x"
------------------------------------------------------------

Host:	55.286754 W from 
	package 	core		dram		uncore
Socket0	51.160954 W |	46.19498 W	4.595041 W	0 W	

Top 5 consumers:
Power		PID	Exe
1.030188 W	3572330	"/home/boggy/ref_rapl/energy_exp_server/NPB3.4.3/NPB3.4-MPI/bin/mg.C.x"
1.030188 W	3572328	"/home/boggy/ref_rapl/energy_exp_server/NPB3.4.3/NPB3.4-MPI/bin/mg.C.x"
1.030188 W	3572331	"/home/boggy/ref_rapl/energy_exp_server/NPB3.4.3/NPB3.4-MPI/bin/mg.C.x"
1.030188 W	3572329	"/home/boggy/ref_rapl/energy_exp_server/NPB3.4.3/NPB3.4-MPI/bin/mg.C.x"
0.686792 W	3572309	"/home/boggy/ref_rapl/scaphandre/target/release/scaphandre"
------------------------------------------------------------

Host:	56.793986 W from 
	package 	core		dram		uncore
Socket0	51.916847 W |	46.192818 W	4.50249 W	0 W	

Top 5 consumers:
Power		PID	Exe
1.058273 W	3572330	"/home/boggy/ref_rapl/energy_exp_server/NPB3.4.3/NPB3.4-MPI/bin/mg.C.x"
1.058273 W	3572309	"/home/boggy/ref_rapl/scaphandre/target/release/scaphandre"
1.058273 W	3572328	"/home/boggy/ref_rapl/energy_exp_server/NPB3.4.3/NPB3.4-MPI/bin/mg.C.x"
1.058273 W	3572331	"/home/boggy/ref_rapl/energy_exp_server/NPB3.4.3/NPB3.4-MPI/bin/mg.C.x"
1.058273 W	3572329	"/home/boggy/ref_rapl/energy_exp_server/NPB3.4.3/NPB3.4-MPI/bin/mg.C.x"
------------------------------------------------------------

Host:	54.939589 W from 
	package 	core		dram		uncore
Socket0	50.6492 W |	46.224274 W	4.677144 W	0 W	

Top 5 consumers:
Power		PID	Exe
1.0237191 W	3572330	"/home/boggy/ref_rapl/energy_exp_server/NPB3.4.3/NPB3.4-MPI/bin/mg.C.x"
1.0237191 W	3572328	"/home/boggy/ref_rapl/energy_exp_server/NPB3.4.3/NPB3.4-MPI/bin/mg.C.x"
1.0237191 W	3572331	"/home/boggy/ref_rapl/energy_exp_server/NPB3.4.3/NPB3.4-MPI/bin/mg.C.x"
1.0237191 W	3572329	"/home/boggy/ref_rapl/energy_exp_server/NPB3.4.3/NPB3.4-MPI/bin/mg.C.x"
0.6824794 W	3572309	"/home/boggy/ref_rapl/scaphandre/target/release/scaphandre"
------------------------------------------------------------

Host:	53.611503 W from 
	package 	core		dram		uncore
Socket0	51.940186 W |	46.196472 W	4.507052 W	0 W	

Top 5 consumers:
Power		PID	Exe
1.3319627 W	3572330	"/home/boggy/ref_rapl/energy_exp_server/NPB3.4.3/NPB3.4-MPI/bin/mg.C.x"
1.3319627 W	3572331	"/home/boggy/ref_rapl/energy_exp_server/NPB3.4.3/NPB3.4-MPI/bin/mg.C.x"
1.3319627 W	3572329	"/home/boggy/ref_rapl/energy_exp_server/NPB3.4.3/NPB3.4-MPI/bin/mg.C.x"
0.9989721 W	3572309	"/home/boggy/ref_rapl/scaphandre/target/release/scaphandre"
0.9989721 W	3572328	"/home/boggy/ref_rapl/energy_exp_server/NPB3.4.3/NPB3.4-MPI/bin/mg.C.x"
------------------------------------------------------------

Host:	52.495576 W from 
	package 	core		dram		uncore
Socket0	48.091946 W |	43.38499 W	3.622526 W	0 W	

Top 5 consumers:
Power		PID	Exe
0.97817844 W	3572328	"/home/boggy/ref_rapl/energy_exp_server/NPB3.4.3/NPB3.4-MPI/bin/mg.C.x"
0.97817844 W	3572331	"/home/boggy/ref_rapl/energy_exp_server/NPB3.4.3/NPB3.4-MPI/bin/mg.C.x"
0.6521189 W	3572330	"/home/boggy/ref_rapl/energy_exp_server/NPB3.4.3/NPB3.4-MPI/bin/mg.C.x"
0.6521189 W	3572309	"/home/boggy/ref_rapl/scaphandre/target/release/scaphandre"
0.6521189 W	3572329	"/home/boggy/ref_rapl/energy_exp_server/NPB3.4.3/NPB3.4-MPI/bin/mg.C.x"
------------------------------------------------------------

Host:	53.467496 W from 
	package 	core		dram		uncore
Socket0	49.186478 W |	43.902405 W	4.465945 W	0 W	

Top 5 consumers:
Power		PID	Exe
1.2291379 W	3572330	"/home/boggy/ref_rapl/energy_exp_server/NPB3.4.3/NPB3.4-MPI/bin/mg.C.x"
1.2291379 W	3572329	"/home/boggy/ref_rapl/energy_exp_server/NPB3.4.3/NPB3.4-MPI/bin/mg.C.x"
0.92185336 W	3572309	"/home/boggy/ref_rapl/scaphandre/target/release/scaphandre"
0.92185336 W	3572328	"/home/boggy/ref_rapl/energy_exp_server/NPB3.4.3/NPB3.4-MPI/bin/mg.C.x"
0.92185336 W	3572331	"/home/boggy/ref_rapl/energy_exp_server/NPB3.4.3/NPB3.4-MPI/bin/mg.C.x"
------------------------------------------------------------

Host:	54.462941 W from 
	package 	core		dram		uncore
Socket0	48.48061 W |	43.654346 W	4.743739 W	0 W	

Top 5 consumers:
Power		PID	Exe
1.2520217 W	3572328	"/home/boggy/ref_rapl/energy_exp_server/NPB3.4.3/NPB3.4-MPI/bin/mg.C.x"
0.93901616 W	3572330	"/home/boggy/ref_rapl/energy_exp_server/NPB3.4.3/NPB3.4-MPI/bin/mg.C.x"
0.93901616 W	3572331	"/home/boggy/ref_rapl/energy_exp_server/NPB3.4.3/NPB3.4-MPI/bin/mg.C.x"
0.93901616 W	3572329	"/home/boggy/ref_rapl/energy_exp_server/NPB3.4.3/NPB3.4-MPI/bin/mg.C.x"
0.62601084 W	3572309	"/home/boggy/ref_rapl/scaphandre/target/release/scaphandre"
------------------------------------------------------------

Host:	53.235108 W from 
	package 	core		dram		uncore
Socket0	49.73245 W |	43.876816 W	4.850868 W	0 W	

Top 5 consumers:
Power		PID	Exe
0.9178467 W	3572330	"/home/boggy/ref_rapl/energy_exp_server/NPB3.4.3/NPB3.4-MPI/bin/mg.C.x"
0.9178467 W	3572309	"/home/boggy/ref_rapl/scaphandre/target/release/scaphandre"
0.9178467 W	3572328	"/home/boggy/ref_rapl/energy_exp_server/NPB3.4.3/NPB3.4-MPI/bin/mg.C.x"
0.9178467 W	3572331	"/home/boggy/ref_rapl/energy_exp_server/NPB3.4.3/NPB3.4-MPI/bin/mg.C.x"
0.9178467 W	3572329	"/home/boggy/ref_rapl/energy_exp_server/NPB3.4.3/NPB3.4-MPI/bin/mg.C.x"
------------------------------------------------------------

Host:	54.927207 W from 
	package 	core		dram		uncore
Socket0	48.467377 W |	43.733387 W	4.734704 W	0 W	

Top 5 consumers:
Power		PID	Exe
1.2626944 W	3572330	"/home/boggy/ref_rapl/energy_exp_server/NPB3.4.3/NPB3.4-MPI/bin/mg.C.x"
1.2626944 W	3572331	"/home/boggy/ref_rapl/energy_exp_server/NPB3.4.3/NPB3.4-MPI/bin/mg.C.x"
1.2626944 W	3572329	"/home/boggy/ref_rapl/energy_exp_server/NPB3.4.3/NPB3.4-MPI/bin/mg.C.x"
0.9470208 W	3572309	"/home/boggy/ref_rapl/scaphandre/target/release/scaphandre"
0.9470208 W	3572328	"/home/boggy/ref_rapl/energy_exp_server/NPB3.4.3/NPB3.4-MPI/bin/mg.C.x"
------------------------------------------------------------

Host:	53.24204 W from 
	package 	core		dram		uncore
Socket0	48.803288 W |	43.79465 W	4.765022 W	0 W	

Top 5 consumers:
Power		PID	Exe
1.2239549 W	3572328	"/home/boggy/ref_rapl/energy_exp_server/NPB3.4.3/NPB3.4-MPI/bin/mg.C.x"
0.9179662 W	3572330	"/home/boggy/ref_rapl/energy_exp_server/NPB3.4.3/NPB3.4-MPI/bin/mg.C.x"
0.9179662 W	3572331	"/home/boggy/ref_rapl/energy_exp_server/NPB3.4.3/NPB3.4-MPI/bin/mg.C.x"
0.9179662 W	3572329	"/home/boggy/ref_rapl/energy_exp_server/NPB3.4.3/NPB3.4-MPI/bin/mg.C.x"
0.61197746 W	3572309	"/home/boggy/ref_rapl/scaphandre/target/release/scaphandre"
------------------------------------------------------------

Host:	52.589542 W from 
	package 	core		dram		uncore
Socket0	48.34911 W |	43.679016 W	4.863172 W	0 W	

Top 5 consumers:
Power		PID	Exe
0.9067162 W	3572330	"/home/boggy/ref_rapl/energy_exp_server/NPB3.4.3/NPB3.4-MPI/bin/mg.C.x"
0.9067162 W	3572309	"/home/boggy/ref_rapl/scaphandre/target/release/scaphandre"
0.9067162 W	3572328	"/home/boggy/ref_rapl/energy_exp_server/NPB3.4.3/NPB3.4-MPI/bin/mg.C.x"
0.9067162 W	3572331	"/home/boggy/ref_rapl/energy_exp_server/NPB3.4.3/NPB3.4-MPI/bin/mg.C.x"
0.9067162 W	3572329	"/home/boggy/ref_rapl/energy_exp_server/NPB3.4.3/NPB3.4-MPI/bin/mg.C.x"
------------------------------------------------------------

Host:	52.755166 W from 
	package 	core		dram		uncore
Socket0	48.03177 W |	41.842983 W	4.685611 W	0 W	

Top 5 consumers:
Power		PID	Exe
1.6282458 W	3572328	"/home/boggy/ref_rapl/energy_exp_server/NPB3.4.3/NPB3.4-MPI/bin/mg.C.x"
1.3025966 W	3572330	"/home/boggy/ref_rapl/energy_exp_server/NPB3.4.3/NPB3.4-MPI/bin/mg.C.x"
1.3025966 W	3572331	"/home/boggy/ref_rapl/energy_exp_server/NPB3.4.3/NPB3.4-MPI/bin/mg.C.x"
1.3025966 W	3572329	"/home/boggy/ref_rapl/energy_exp_server/NPB3.4.3/NPB3.4-MPI/bin/mg.C.x"
0.6512983 W	3572309	"/home/boggy/ref_rapl/scaphandre/target/release/scaphandre"
------------------------------------------------------------

Host:	50.635988 W from 
	package 	core		dram		uncore
Socket0	47.50876 W |	43.64565 W	4.241897 W	0 W	

Top 5 consumers:
Power		PID	Exe
0.93770343 W	3572330	"/home/boggy/ref_rapl/energy_exp_server/NPB3.4.3/NPB3.4-MPI/bin/mg.C.x"
0.93770343 W	3572309	"/home/boggy/ref_rapl/scaphandre/target/release/scaphandre"
0.93770343 W	3572328	"/home/boggy/ref_rapl/energy_exp_server/NPB3.4.3/NPB3.4-MPI/bin/mg.C.x"
0.93770343 W	3572331	"/home/boggy/ref_rapl/energy_exp_server/NPB3.4.3/NPB3.4-MPI/bin/mg.C.x"
0.93770343 W	3572329	"/home/boggy/ref_rapl/energy_exp_server/NPB3.4.3/NPB3.4-MPI/bin/mg.C.x"
------------------------------------------------------------

Host:	51.088336 W from 
	package 	core		dram		uncore
Socket0	47.73288 W |	42.48242 W	4.530942 W	0 W	

Top 5 consumers:
Power		PID	Exe
0.94608027 W	3572330	"/home/boggy/ref_rapl/energy_exp_server/NPB3.4.3/NPB3.4-MPI/bin/mg.C.x"
0.94608027 W	3572328	"/home/boggy/ref_rapl/energy_exp_server/NPB3.4.3/NPB3.4-MPI/bin/mg.C.x"
0.94608027 W	3572331	"/home/boggy/ref_rapl/energy_exp_server/NPB3.4.3/NPB3.4-MPI/bin/mg.C.x"
0.94608027 W	3572329	"/home/boggy/ref_rapl/energy_exp_server/NPB3.4.3/NPB3.4-MPI/bin/mg.C.x"
0.6307202 W	3572309	"/home/boggy/ref_rapl/scaphandre/target/release/scaphandre"
------------------------------------------------------------

Host:	48.564434 W from 
	package 	core		dram		uncore
Socket0	46.785328 W |	42.08197 W	4.320596 W	0 W	

Top 5 consumers:
Power		PID	Exe
1.1991217 W	3572330	"/home/boggy/ref_rapl/energy_exp_server/NPB3.4.3/NPB3.4-MPI/bin/mg.C.x"
1.1991217 W	3572309	"/home/boggy/ref_rapl/scaphandre/target/release/scaphandre"
1.1991217 W	3572328	"/home/boggy/ref_rapl/energy_exp_server/NPB3.4.3/NPB3.4-MPI/bin/mg.C.x"
1.1991217 W	3572331	"/home/boggy/ref_rapl/energy_exp_server/NPB3.4.3/NPB3.4-MPI/bin/mg.C.x"
1.1991217 W	3572329	"/home/boggy/ref_rapl/energy_exp_server/NPB3.4.3/NPB3.4-MPI/bin/mg.C.x"
------------------------------------------------------------

Host:	46.235138 W from 
	package 	core		dram		uncore
Socket0	42.22588 W |	36.823444 W	4.535393 W	0 W	

Top 5 consumers:
Power		PID	Exe
1.7124125 W	3572330	"/home/boggy/ref_rapl/energy_exp_server/NPB3.4.3/NPB3.4-MPI/bin/mg.C.x"
1.7124125 W	3572309	"/home/boggy/ref_rapl/scaphandre/target/release/scaphandre"
1.7124125 W	3572331	"/home/boggy/ref_rapl/energy_exp_server/NPB3.4.3/NPB3.4-MPI/bin/mg.C.x"
1.7124125 W	3572329	"/home/boggy/ref_rapl/energy_exp_server/NPB3.4.3/NPB3.4-MPI/bin/mg.C.x"
1.4270105 W	3572328	"/home/boggy/ref_rapl/energy_exp_server/NPB3.4.3/NPB3.4-MPI/bin/mg.C.x"
------------------------------------------------------------

Host:	48.047848 W from 
	package 	core		dram		uncore
Socket0	41.919937 W |	36.604088 W	4.59696 W	0 W	

Top 5 consumers:
Power		PID	Exe
1.7159946 W	3572328	"/home/boggy/ref_rapl/energy_exp_server/NPB3.4.3/NPB3.4-MPI/bin/mg.C.x"
1.4299955 W	3572330	"/home/boggy/ref_rapl/energy_exp_server/NPB3.4.3/NPB3.4-MPI/bin/mg.C.x"
1.4299955 W	3572309	"/home/boggy/ref_rapl/scaphandre/target/release/scaphandre"
1.4299955 W	3572331	"/home/boggy/ref_rapl/energy_exp_server/NPB3.4.3/NPB3.4-MPI/bin/mg.C.x"
1.4299955 W	3572329	"/home/boggy/ref_rapl/energy_exp_server/NPB3.4.3/NPB3.4-MPI/bin/mg.C.x"
------------------------------------------------------------

Host:	55.329369 W from 
	package 	core		dram		uncore
Socket0	45.11098 W |	39.652775 W	4.518499 W	0 W	

Top 5 consumers:
Power		PID	Exe
1.3173659 W	3572330	"/home/boggy/ref_rapl/energy_exp_server/NPB3.4.3/NPB3.4-MPI/bin/mg.C.x"
1.3173659 W	3572309	"/home/boggy/ref_rapl/scaphandre/target/release/scaphandre"
1.3173659 W	3572331	"/home/boggy/ref_rapl/energy_exp_server/NPB3.4.3/NPB3.4-MPI/bin/mg.C.x"
1.3173659 W	3572329	"/home/boggy/ref_rapl/energy_exp_server/NPB3.4.3/NPB3.4-MPI/bin/mg.C.x"
0.9880245 W	3572328	"/home/boggy/ref_rapl/energy_exp_server/NPB3.4.3/NPB3.4-MPI/bin/mg.C.x"
------------------------------------------------------------

Host:	54.016641 W from 
	package 	core		dram		uncore
Socket0	53.04308 W |	48.033775 W	4.439125 W	0 W	

Top 5 consumers:
Power		PID	Exe
1.2861105 W	3572328	"/home/boggy/ref_rapl/energy_exp_server/NPB3.4.3/NPB3.4-MPI/bin/mg.C.x"
0.9645829 W	3572330	"/home/boggy/ref_rapl/energy_exp_server/NPB3.4.3/NPB3.4-MPI/bin/mg.C.x"
0.9645829 W	3572309	"/home/boggy/ref_rapl/scaphandre/target/release/scaphandre"
0.9645829 W	3572331	"/home/boggy/ref_rapl/energy_exp_server/NPB3.4.3/NPB3.4-MPI/bin/mg.C.x"
0.9645829 W	3572329	"/home/boggy/ref_rapl/energy_exp_server/NPB3.4.3/NPB3.4-MPI/bin/mg.C.x"
------------------------------------------------------------

Host:	52.718942 W from 
	package 	core		dram		uncore
Socket0	47.398125 W |	42.837418 W	4.496445 W	0 W	

Top 5 consumers:
Power		PID	Exe
0.94140977 W	3572330	"/home/boggy/ref_rapl/energy_exp_server/NPB3.4.3/NPB3.4-MPI/bin/mg.C.x"
0.94140977 W	3572328	"/home/boggy/ref_rapl/energy_exp_server/NPB3.4.3/NPB3.4-MPI/bin/mg.C.x"
0.94140977 W	3572331	"/home/boggy/ref_rapl/energy_exp_server/NPB3.4.3/NPB3.4-MPI/bin/mg.C.x"
0.94140977 W	3572329	"/home/boggy/ref_rapl/energy_exp_server/NPB3.4.3/NPB3.4-MPI/bin/mg.C.x"
0.62760645 W	3572309	"/home/boggy/ref_rapl/scaphandre/target/release/scaphandre"
------------------------------------------------------------

Host:	51.708583 W from 
	package 	core		dram		uncore
Socket0	48.059902 W |	41.70092 W	4.534444 W	0 W	

Top 5 consumers:
Power		PID	Exe
1.2311567 W	3572331	"/home/boggy/ref_rapl/energy_exp_server/NPB3.4.3/NPB3.4-MPI/bin/mg.C.x"
0.9233676 W	3572330	"/home/boggy/ref_rapl/energy_exp_server/NPB3.4.3/NPB3.4-MPI/bin/mg.C.x"
0.9233676 W	3572328	"/home/boggy/ref_rapl/energy_exp_server/NPB3.4.3/NPB3.4-MPI/bin/mg.C.x"
0.9233676 W	3572329	"/home/boggy/ref_rapl/energy_exp_server/NPB3.4.3/NPB3.4-MPI/bin/mg.C.x"
0.61557835 W	3572309	"/home/boggy/ref_rapl/scaphandre/target/release/scaphandre"
------------------------------------------------------------

Host:	52.471577 W from 
	package 	core		dram		uncore
Socket0	46.68741 W |	41.505665 W	4.579764 W	0 W	

Top 5 consumers:
Power		PID	Exe
1.2493232 W	3572330	"/home/boggy/ref_rapl/energy_exp_server/NPB3.4.3/NPB3.4-MPI/bin/mg.C.x"
1.2493232 W	3572329	"/home/boggy/ref_rapl/energy_exp_server/NPB3.4.3/NPB3.4-MPI/bin/mg.C.x"
0.9369925 W	3572309	"/home/boggy/ref_rapl/scaphandre/target/release/scaphandre"
0.9369925 W	3572328	"/home/boggy/ref_rapl/energy_exp_server/NPB3.4.3/NPB3.4-MPI/bin/mg.C.x"
0.9369925 W	3572331	"/home/boggy/ref_rapl/energy_exp_server/NPB3.4.3/NPB3.4-MPI/bin/mg.C.x"
------------------------------------------------------------

Host:	53.06222 W from 
	package 	core		dram		uncore
Socket0	47.78799 W |	43.66146 W	4.80886 W	0 W	

Top 5 consumers:
Power		PID	Exe
1.3101783 W	3572328	"/home/boggy/ref_rapl/energy_exp_server/NPB3.4.3/NPB3.4-MPI/bin/mg.C.x"
0.9826337 W	3572330	"/home/boggy/ref_rapl/energy_exp_server/NPB3.4.3/NPB3.4-MPI/bin/mg.C.x"
0.9826337 W	3572309	"/home/boggy/ref_rapl/scaphandre/target/release/scaphandre"
0.9826337 W	3572331	"/home/boggy/ref_rapl/energy_exp_server/NPB3.4.3/NPB3.4-MPI/bin/mg.C.x"
0.9826337 W	3572329	"/home/boggy/ref_rapl/energy_exp_server/NPB3.4.3/NPB3.4-MPI/bin/mg.C.x"
------------------------------------------------------------

Host:	54.754688 W from 
	package 	core		dram		uncore
Socket0	49.64985 W |	43.84514 W	4.707234 W	0 W	

Top 5 consumers:
Power		PID	Exe
1.0139757 W	3572330	"/home/boggy/ref_rapl/energy_exp_server/NPB3.4.3/NPB3.4-MPI/bin/mg.C.x"
1.0139757 W	3572309	"/home/boggy/ref_rapl/scaphandre/target/release/scaphandre"
1.0139757 W	3572328	"/home/boggy/ref_rapl/energy_exp_server/NPB3.4.3/NPB3.4-MPI/bin/mg.C.x"
1.0139757 W	3572331	"/home/boggy/ref_rapl/energy_exp_server/NPB3.4.3/NPB3.4-MPI/bin/mg.C.x"
1.0139757 W	3572329	"/home/boggy/ref_rapl/energy_exp_server/NPB3.4.3/NPB3.4-MPI/bin/mg.C.x"
------------------------------------------------------------

Host:	53.109096 W from 
	package 	core		dram		uncore
Socket0	48.399376 W |	43.66323 W	4.878209 W	0 W	

Top 5 consumers:
Power		PID	Exe
1.3113357 W	3572330	"/home/boggy/ref_rapl/energy_exp_server/NPB3.4.3/NPB3.4-MPI/bin/mg.C.x"
1.3113357 W	3572331	"/home/boggy/ref_rapl/energy_exp_server/NPB3.4.3/NPB3.4-MPI/bin/mg.C.x"
1.3113357 W	3572329	"/home/boggy/ref_rapl/energy_exp_server/NPB3.4.3/NPB3.4-MPI/bin/mg.C.x"
0.98350173 W	3572328	"/home/boggy/ref_rapl/energy_exp_server/NPB3.4.3/NPB3.4-MPI/bin/mg.C.x"
0.65566784 W	3572309	"/home/boggy/ref_rapl/scaphandre/target/release/scaphandre"
------------------------------------------------------------

Host:	53.255121 W from 
	package 	core		dram		uncore
Socket0	48.642056 W |	43.774475 W	4.749702 W	0 W	

Top 5 consumers:
Power		PID	Exe
1.3149413 W	3572328	"/home/boggy/ref_rapl/energy_exp_server/NPB3.4.3/NPB3.4-MPI/bin/mg.C.x"
0.98620594 W	3572330	"/home/boggy/ref_rapl/energy_exp_server/NPB3.4.3/NPB3.4-MPI/bin/mg.C.x"
0.98620594 W	3572309	"/home/boggy/ref_rapl/scaphandre/target/release/scaphandre"
0.98620594 W	3572331	"/home/boggy/ref_rapl/energy_exp_server/NPB3.4.3/NPB3.4-MPI/bin/mg.C.x"
0.98620594 W	3572329	"/home/boggy/ref_rapl/energy_exp_server/NPB3.4.3/NPB3.4-MPI/bin/mg.C.x"
------------------------------------------------------------

Host:	54.732891 W from 
	package 	core		dram		uncore
Socket0	49.702385 W |	43.752586 W	4.710694 W	0 W	

Top 5 consumers:
Power		PID	Exe
1.0135721 W	3572330	"/home/boggy/ref_rapl/energy_exp_server/NPB3.4.3/NPB3.4-MPI/bin/mg.C.x"
1.0135721 W	3572328	"/home/boggy/ref_rapl/energy_exp_server/NPB3.4.3/NPB3.4-MPI/bin/mg.C.x"
1.0135721 W	3572331	"/home/boggy/ref_rapl/energy_exp_server/NPB3.4.3/NPB3.4-MPI/bin/mg.C.x"
1.0135721 W	3572329	"/home/boggy/ref_rapl/energy_exp_server/NPB3.4.3/NPB3.4-MPI/bin/mg.C.x"
0.6757147 W	3572309	"/home/boggy/ref_rapl/scaphandre/target/release/scaphandre"
------------------------------------------------------------

Host:	52.580899 W from 
	package 	core		dram		uncore
Socket0	48.61622 W |	43.896378 W	4.871971 W	0 W	

Top 5 consumers:
Power		PID	Exe
1.2982937 W	3572331	"/home/boggy/ref_rapl/energy_exp_server/NPB3.4.3/NPB3.4-MPI/bin/mg.C.x"
1.2982937 W	3572329	"/home/boggy/ref_rapl/energy_exp_server/NPB3.4.3/NPB3.4-MPI/bin/mg.C.x"
0.9737203 W	3572330	"/home/boggy/ref_rapl/energy_exp_server/NPB3.4.3/NPB3.4-MPI/bin/mg.C.x"
0.9737203 W	3572309	"/home/boggy/ref_rapl/scaphandre/target/release/scaphandre"
0.9737203 W	3572328	"/home/boggy/ref_rapl/energy_exp_server/NPB3.4.3/NPB3.4-MPI/bin/mg.C.x"
------------------------------------------------------------

Host:	53.580673 W from 
	package 	core		dram		uncore
Socket0	47.41994 W |	42.349876 W	4.671365 W	0 W	

Top 5 consumers:
Power		PID	Exe
1.3148631 W	3572330	"/home/boggy/ref_rapl/energy_exp_server/NPB3.4.3/NPB3.4-MPI/bin/mg.C.x"
1.3148631 W	3572328	"/home/boggy/ref_rapl/energy_exp_server/NPB3.4.3/NPB3.4-MPI/bin/mg.C.x"
0.9861474 W	3572309	"/home/boggy/ref_rapl/scaphandre/target/release/scaphandre"
0.9861474 W	3572331	"/home/boggy/ref_rapl/energy_exp_server/NPB3.4.3/NPB3.4-MPI/bin/mg.C.x"
0.9861474 W	3572329	"/home/boggy/ref_rapl/energy_exp_server/NPB3.4.3/NPB3.4-MPI/bin/mg.C.x"
------------------------------------------------------------

Host:	55.653335 W from 
	package 	core		dram		uncore
Socket0	52.2503 W |	46.197155 W	4.574831 W	0 W	

Top 5 consumers:
Power		PID	Exe
1.0242945 W	3572330	"/home/boggy/ref_rapl/energy_exp_server/NPB3.4.3/NPB3.4-MPI/bin/mg.C.x"
1.0242945 W	3572309	"/home/boggy/ref_rapl/scaphandre/target/release/scaphandre"
1.0242945 W	3572328	"/home/boggy/ref_rapl/energy_exp_server/NPB3.4.3/NPB3.4-MPI/bin/mg.C.x"
1.0242945 W	3572331	"/home/boggy/ref_rapl/energy_exp_server/NPB3.4.3/NPB3.4-MPI/bin/mg.C.x"
1.0242945 W	3572329	"/home/boggy/ref_rapl/energy_exp_server/NPB3.4.3/NPB3.4-MPI/bin/mg.C.x"
------------------------------------------------------------

Host:	56.689206 W from 
	package 	core		dram		uncore
Socket0	50.634617 W |	46.155926 W	4.537501 W	0 W	

Top 5 consumers:
Power		PID	Exe
1.0433596 W	3572330	"/home/boggy/ref_rapl/energy_exp_server/NPB3.4.3/NPB3.4-MPI/bin/mg.C.x"
1.0433596 W	3572328	"/home/boggy/ref_rapl/energy_exp_server/NPB3.4.3/NPB3.4-MPI/bin/mg.C.x"
1.0433596 W	3572331	"/home/boggy/ref_rapl/energy_exp_server/NPB3.4.3/NPB3.4-MPI/bin/mg.C.x"
1.0433596 W	3572329	"/home/boggy/ref_rapl/energy_exp_server/NPB3.4.3/NPB3.4-MPI/bin/mg.C.x"
0.34778655 W	3572309	"/home/boggy/ref_rapl/scaphandre/target/release/scaphandre"
------------------------------------------------------------

Host:	55.128495 W from 
	package 	core		dram		uncore
Socket0	50.642 W |	46.06833 W	4.697824 W	0 W	

Top 5 consumers:
Power		PID	Exe
1.3528464 W	3572331	"/home/boggy/ref_rapl/energy_exp_server/NPB3.4.3/NPB3.4-MPI/bin/mg.C.x"
1.0146348 W	3572330	"/home/boggy/ref_rapl/energy_exp_server/NPB3.4.3/NPB3.4-MPI/bin/mg.C.x"
1.0146348 W	3572309	"/home/boggy/ref_rapl/scaphandre/target/release/scaphandre"
1.0146348 W	3572328	"/home/boggy/ref_rapl/energy_exp_server/NPB3.4.3/NPB3.4-MPI/bin/mg.C.x"
1.0146348 W	3572329	"/home/boggy/ref_rapl/energy_exp_server/NPB3.4.3/NPB3.4-MPI/bin/mg.C.x"
------------------------------------------------------------

Host:	56.474203 W from 
	package 	core		dram		uncore
Socket0	51.956352 W |	46.17789 W	4.51722 W	0 W	

Top 5 consumers:
Power		PID	Exe
1.38587 W	3572329	"/home/boggy/ref_rapl/energy_exp_server/NPB3.4.3/NPB3.4-MPI/bin/mg.C.x"
1.0394025 W	3572330	"/home/boggy/ref_rapl/energy_exp_server/NPB3.4.3/NPB3.4-MPI/bin/mg.C.x"
1.0394025 W	3572328	"/home/boggy/ref_rapl/energy_exp_server/NPB3.4.3/NPB3.4-MPI/bin/mg.C.x"
1.0394025 W	3572331	"/home/boggy/ref_rapl/energy_exp_server/NPB3.4.3/NPB3.4-MPI/bin/mg.C.x"
0.692935 W	3572309	"/home/boggy/ref_rapl/scaphandre/target/release/scaphandre"
------------------------------------------------------------

Host:	56.640842 W from 
	package 	core		dram		uncore
Socket0	52.09576 W |	46.282375 W	4.665257 W	0 W	

Top 5 consumers:
Power		PID	Exe
1.3899592 W	3572330	"/home/boggy/ref_rapl/energy_exp_server/NPB3.4.3/NPB3.4-MPI/bin/mg.C.x"
1.0424695 W	3572328	"/home/boggy/ref_rapl/energy_exp_server/NPB3.4.3/NPB3.4-MPI/bin/mg.C.x"
1.0424695 W	3572331	"/home/boggy/ref_rapl/energy_exp_server/NPB3.4.3/NPB3.4-MPI/bin/mg.C.x"
1.0424695 W	3572329	"/home/boggy/ref_rapl/energy_exp_server/NPB3.4.3/NPB3.4-MPI/bin/mg.C.x"
0.6949796 W	3572309	"/home/boggy/ref_rapl/scaphandre/target/release/scaphandre"
------------------------------------------------------------

Host:	52.563849 W from 
	package 	core		dram		uncore
Socket0	49.629364 W |	44.61248 W	4.58165 W	0 W	

Top 5 consumers:
Power		PID	Exe
1.2899103 W	3572309	"/home/boggy/ref_rapl/scaphandre/target/release/scaphandre"
1.2899103 W	3572331	"/home/boggy/ref_rapl/energy_exp_server/NPB3.4.3/NPB3.4-MPI/bin/mg.C.x"
0.9674328 W	3572330	"/home/boggy/ref_rapl/energy_exp_server/NPB3.4.3/NPB3.4-MPI/bin/mg.C.x"
0.9674328 W	3572328	"/home/boggy/ref_rapl/energy_exp_server/NPB3.4.3/NPB3.4-MPI/bin/mg.C.x"
0.9674328 W	3572329	"/home/boggy/ref_rapl/energy_exp_server/NPB3.4.3/NPB3.4-MPI/bin/mg.C.x"
------------------------------------------------------------

Host:	53.23102 W from 
	package 	core		dram		uncore
Socket0	48.36481 W |	44.32203 W	4.140766 W	0 W	

Top 5 consumers:
Power		PID	Exe
1.1962026 W	3572328	"/home/boggy/ref_rapl/energy_exp_server/NPB3.4.3/NPB3.4-MPI/bin/mg.C.x"
0.897152 W	3572330	"/home/boggy/ref_rapl/energy_exp_server/NPB3.4.3/NPB3.4-MPI/bin/mg.C.x"
0.897152 W	3572309	"/home/boggy/ref_rapl/scaphandre/target/release/scaphandre"
0.897152 W	3572331	"/home/boggy/ref_rapl/energy_exp_server/NPB3.4.3/NPB3.4-MPI/bin/mg.C.x"
0.897152 W	3572329	"/home/boggy/ref_rapl/energy_exp_server/NPB3.4.3/NPB3.4-MPI/bin/mg.C.x"
------------------------------------------------------------

Host:	54.263961 W from 
	package 	core		dram		uncore
Socket0	50.016296 W |	43.83982 W	4.742658 W	0 W	

Top 5 consumers:
Power		PID	Exe
1.2194148 W	3572331	"/home/boggy/ref_rapl/energy_exp_server/NPB3.4.3/NPB3.4-MPI/bin/mg.C.x"
1.2194148 W	3572329	"/home/boggy/ref_rapl/energy_exp_server/NPB3.4.3/NPB3.4-MPI/bin/mg.C.x"
0.91456115 W	3572330	"/home/boggy/ref_rapl/energy_exp_server/NPB3.4.3/NPB3.4-MPI/bin/mg.C.x"
0.91456115 W	3572328	"/home/boggy/ref_rapl/energy_exp_server/NPB3.4.3/NPB3.4-MPI/bin/mg.C.x"
0.6097074 W	3572309	"/home/boggy/ref_rapl/scaphandre/target/release/scaphandre"
------------------------------------------------------------

Host:	53.303587 W from 
	package 	core		dram		uncore
Socket0	49.170033 W |	43.9232 W	4.78303 W	0 W	

Top 5 consumers:
Power		PID	Exe
1.1978334 W	3572330	"/home/boggy/ref_rapl/energy_exp_server/NPB3.4.3/NPB3.4-MPI/bin/mg.C.x"
0.89837503 W	3572328	"/home/boggy/ref_rapl/energy_exp_server/NPB3.4.3/NPB3.4-MPI/bin/mg.C.x"
0.89837503 W	3572331	"/home/boggy/ref_rapl/energy_exp_server/NPB3.4.3/NPB3.4-MPI/bin/mg.C.x"
0.89837503 W	3572329	"/home/boggy/ref_rapl/energy_exp_server/NPB3.4.3/NPB3.4-MPI/bin/mg.C.x"
0.5989167 W	3572309	"/home/boggy/ref_rapl/scaphandre/target/release/scaphandre"
------------------------------------------------------------

Host:	53.465926 W from 
	package 	core		dram		uncore
Socket0	48.931095 W |	43.89752 W	4.765641 W	0 W	

Top 5 consumers:
Power		PID	Exe
1.2014815 W	3572328	"/home/boggy/ref_rapl/energy_exp_server/NPB3.4.3/NPB3.4-MPI/bin/mg.C.x"
0.90111107 W	3572330	"/home/boggy/ref_rapl/energy_exp_server/NPB3.4.3/NPB3.4-MPI/bin/mg.C.x"
0.90111107 W	3572309	"/home/boggy/ref_rapl/scaphandre/target/release/scaphandre"
0.90111107 W	3572331	"/home/boggy/ref_rapl/energy_exp_server/NPB3.4.3/NPB3.4-MPI/bin/mg.C.x"
0.90111107 W	3572329	"/home/boggy/ref_rapl/energy_exp_server/NPB3.4.3/NPB3.4-MPI/bin/mg.C.x"
------------------------------------------------------------

Host:	54.901582 W from 
	package 	core		dram		uncore
Socket0	48.68947 W |	43.820065 W	4.747073 W	0 W	

Top 5 consumers:
Power		PID	Exe
1.2337434 W	3572329	"/home/boggy/ref_rapl/energy_exp_server/NPB3.4.3/NPB3.4-MPI/bin/mg.C.x"
0.9253076 W	3572330	"/home/boggy/ref_rapl/energy_exp_server/NPB3.4.3/NPB3.4-MPI/bin/mg.C.x"
0.9253076 W	3572309	"/home/boggy/ref_rapl/scaphandre/target/release/scaphandre"
0.9253076 W	3572328	"/home/boggy/ref_rapl/energy_exp_server/NPB3.4.3/NPB3.4-MPI/bin/mg.C.x"
0.9253076 W	3572331	"/home/boggy/ref_rapl/energy_exp_server/NPB3.4.3/NPB3.4-MPI/bin/mg.C.x"
------------------------------------------------------------

Host:	53.171946 W from 
	package 	core		dram		uncore
Socket0	48.469128 W |	43.76831 W	4.861345 W	0 W	

Top 5 consumers:
Power		PID	Exe
1.1948751 W	3572330	"/home/boggy/ref_rapl/energy_exp_server/NPB3.4.3/NPB3.4-MPI/bin/mg.C.x"
1.1948751 W	3572331	"/home/boggy/ref_rapl/energy_exp_server/NPB3.4.3/NPB3.4-MPI/bin/mg.C.x"
0.8961564 W	3572328	"/home/boggy/ref_rapl/energy_exp_server/NPB3.4.3/NPB3.4-MPI/bin/mg.C.x"
0.8961564 W	3572329	"/home/boggy/ref_rapl/energy_exp_server/NPB3.4.3/NPB3.4-MPI/bin/mg.C.x"
0.59743756 W	3572309	"/home/boggy/ref_rapl/scaphandre/target/release/scaphandre"
------------------------------------------------------------

Host:	51.995323 W from 
	package 	core		dram		uncore
Socket0	48.87599 W |	43.29837 W	4.680843 W	0 W	

Top 5 consumers:
Power		PID	Exe
1.2918092 W	3572328	"/home/boggy/ref_rapl/energy_exp_server/NPB3.4.3/NPB3.4-MPI/bin/mg.C.x"
0.968857 W	3572330	"/home/boggy/ref_rapl/energy_exp_server/NPB3.4.3/NPB3.4-MPI/bin/mg.C.x"
0.968857 W	3572309	"/home/boggy/ref_rapl/scaphandre/target/release/scaphandre"
0.968857 W	3572331	"/home/boggy/ref_rapl/energy_exp_server/NPB3.4.3/NPB3.4-MPI/bin/mg.C.x"
0.968857 W	3572329	"/home/boggy/ref_rapl/energy_exp_server/NPB3.4.3/NPB3.4-MPI/bin/mg.C.x"
------------------------------------------------------------

Host:	53.583129 W from 
	package 	core		dram		uncore
Socket0	47.694874 W |	42.82165 W	4.572111 W	0 W	

Top 5 consumers:
Power		PID	Exe
1.3312578 W	3572329	"/home/boggy/ref_rapl/energy_exp_server/NPB3.4.3/NPB3.4-MPI/bin/mg.C.x"
0.9984434 W	3572330	"/home/boggy/ref_rapl/energy_exp_server/NPB3.4.3/NPB3.4-MPI/bin/mg.C.x"
0.9984434 W	3572309	"/home/boggy/ref_rapl/scaphandre/target/release/scaphandre"
0.9984434 W	3572328	"/home/boggy/ref_rapl/energy_exp_server/NPB3.4.3/NPB3.4-MPI/bin/mg.C.x"
0.9984434 W	3572331	"/home/boggy/ref_rapl/energy_exp_server/NPB3.4.3/NPB3.4-MPI/bin/mg.C.x"
------------------------------------------------------------

Host:	49.818412 W from 
	package 	core		dram		uncore
Socket0	47.335014 W |	42.448513 W	4.784215 W	0 W	

Top 5 consumers:
Power		PID	Exe
1.2377245 W	3572331	"/home/boggy/ref_rapl/energy_exp_server/NPB3.4.3/NPB3.4-MPI/bin/mg.C.x"
0.92829347 W	3572330	"/home/boggy/ref_rapl/energy_exp_server/NPB3.4.3/NPB3.4-MPI/bin/mg.C.x"
0.92829347 W	3572328	"/home/boggy/ref_rapl/energy_exp_server/NPB3.4.3/NPB3.4-MPI/bin/mg.C.x"
0.92829347 W	3572329	"/home/boggy/ref_rapl/energy_exp_server/NPB3.4.3/NPB3.4-MPI/bin/mg.C.x"
0.6188623 W	3572309	"/home/boggy/ref_rapl/scaphandre/target/release/scaphandre"
------------------------------------------------------------

Host:	49.501004 W from 
	package 	core		dram		uncore
Socket0	46.805386 W |	41.8259 W	4.434622 W	0 W	

Top 5 consumers:
Power		PID	Exe
1.2298386 W	3572330	"/home/boggy/ref_rapl/energy_exp_server/NPB3.4.3/NPB3.4-MPI/bin/mg.C.x"
1.2298386 W	3572328	"/home/boggy/ref_rapl/energy_exp_server/NPB3.4.3/NPB3.4-MPI/bin/mg.C.x"
0.922379 W	3572309	"/home/boggy/ref_rapl/scaphandre/target/release/scaphandre"
0.922379 W	3572331	"/home/boggy/ref_rapl/energy_exp_server/NPB3.4.3/NPB3.4-MPI/bin/mg.C.x"
0.922379 W	3572329	"/home/boggy/ref_rapl/energy_exp_server/NPB3.4.3/NPB3.4-MPI/bin/mg.C.x"
------------------------------------------------------------

Host:	46.346064 W from 
	package 	core		dram		uncore
Socket0	42.147655 W |	36.798992 W	4.551202 W	0 W	

Top 5 consumers:
Power		PID	Exe
1.7271825 W	3572330	"/home/boggy/ref_rapl/energy_exp_server/NPB3.4.3/NPB3.4-MPI/bin/mg.C.x"
1.7271825 W	3572309	"/home/boggy/ref_rapl/scaphandre/target/release/scaphandre"
1.7271825 W	3572331	"/home/boggy/ref_rapl/energy_exp_server/NPB3.4.3/NPB3.4-MPI/bin/mg.C.x"
1.4393188 W	3572328	"/home/boggy/ref_rapl/energy_exp_server/NPB3.4.3/NPB3.4-MPI/bin/mg.C.x"
0.28786376 W	3487646	""
------------------------------------------------------------

Host:	48.164082 W from 
	package 	core		dram		uncore
Socket0	42.44229 W |	37.14208 W	4.564129 W	0 W	

Top 5 consumers:
Power		PID	Exe
1.4774257 W	3572309	"/home/boggy/ref_rapl/scaphandre/target/release/scaphandre"
1.4774257 W	3572328	"/home/boggy/ref_rapl/energy_exp_server/NPB3.4.3/NPB3.4-MPI/bin/mg.C.x"
1.1819407 W	3572330	"/home/boggy/ref_rapl/energy_exp_server/NPB3.4.3/NPB3.4-MPI/bin/mg.C.x"
1.1819407 W	3572331	"/home/boggy/ref_rapl/energy_exp_server/NPB3.4.3/NPB3.4-MPI/bin/mg.C.x"
1.1819407 W	3572329	"/home/boggy/ref_rapl/energy_exp_server/NPB3.4.3/NPB3.4-MPI/bin/mg.C.x"
------------------------------------------------------------

Host:	52.099649 W from 
	package 	core		dram		uncore
Socket0	44.242012 W |	38.951252 W	4.450078 W	0 W	

Top 5 consumers:
Power		PID	Exe
1.5981487 W	3572309	"/home/boggy/ref_rapl/scaphandre/target/release/scaphandre"
1.5981487 W	3572329	"/home/boggy/ref_rapl/energy_exp_server/NPB3.4.3/NPB3.4-MPI/bin/mg.C.x"
1.2785189 W	3572330	"/home/boggy/ref_rapl/energy_exp_server/NPB3.4.3/NPB3.4-MPI/bin/mg.C.x"
1.2785189 W	3572328	"/home/boggy/ref_rapl/energy_exp_server/NPB3.4.3/NPB3.4-MPI/bin/mg.C.x"
1.2785189 W	3572331	"/home/boggy/ref_rapl/energy_exp_server/NPB3.4.3/NPB3.4-MPI/bin/mg.C.x"
------------------------------------------------------------

Host:	54.336179 W from 
	package 	core		dram		uncore
Socket0	51.026672 W |	45.47717 W	4.434536 W	0 W	

Top 5 consumers:
Power		PID	Exe
1.3334031 W	3572330	"/home/boggy/ref_rapl/energy_exp_server/NPB3.4.3/NPB3.4-MPI/bin/mg.C.x"
1.3334031 W	3572331	"/home/boggy/ref_rapl/energy_exp_server/NPB3.4.3/NPB3.4-MPI/bin/mg.C.x"
1.0000523 W	3572328	"/home/boggy/ref_rapl/energy_exp_server/NPB3.4.3/NPB3.4-MPI/bin/mg.C.x"
1.0000523 W	3572329	"/home/boggy/ref_rapl/energy_exp_server/NPB3.4.3/NPB3.4-MPI/bin/mg.C.x"
0.66670156 W	3572309	"/home/boggy/ref_rapl/scaphandre/target/release/scaphandre"
------------------------------------------------------------

Host:	52.359834 W from 
	package 	core		dram		uncore
Socket0	49.362408 W |	45.03849 W	4.558287 W	0 W	

Top 5 consumers:
Power		PID	Exe
1.2849039 W	3572330	"/home/boggy/ref_rapl/energy_exp_server/NPB3.4.3/NPB3.4-MPI/bin/mg.C.x"
1.2849039 W	3572328	"/home/boggy/ref_rapl/energy_exp_server/NPB3.4.3/NPB3.4-MPI/bin/mg.C.x"
0.96367794 W	3572309	"/home/boggy/ref_rapl/scaphandre/target/release/scaphandre"
0.96367794 W	3572331	"/home/boggy/ref_rapl/energy_exp_server/NPB3.4.3/NPB3.4-MPI/bin/mg.C.x"
0.32122597 W	1335	""
------------------------------------------------------------

Host:	50.769602 W from 
	package 	core		dram		uncore
Socket0	48.06246 W |	41.45376 W	4.564426 W	0 W	

Top 5 consumers:
Power		PID	Exe
1.2458798 W	3572329	"/home/boggy/ref_rapl/energy_exp_server/NPB3.4.3/NPB3.4-MPI/bin/mg.C.x"
0.93440986 W	3572330	"/home/boggy/ref_rapl/energy_exp_server/NPB3.4.3/NPB3.4-MPI/bin/mg.C.x"
0.93440986 W	3572309	"/home/boggy/ref_rapl/scaphandre/target/release/scaphandre"
0.93440986 W	3572328	"/home/boggy/ref_rapl/energy_exp_server/NPB3.4.3/NPB3.4-MPI/bin/mg.C.x"
0.93440986 W	3572331	"/home/boggy/ref_rapl/energy_exp_server/NPB3.4.3/NPB3.4-MPI/bin/mg.C.x"
------------------------------------------------------------

Host:	53.015269 W from 
	package 	core		dram		uncore
Socket0	46.186108 W |	41.56952 W	4.50273 W	0 W	

Top 5 consumers:
Power		PID	Exe
1.3009881 W	3572330	"/home/boggy/ref_rapl/energy_exp_server/NPB3.4.3/NPB3.4-MPI/bin/mg.C.x"
1.3009881 W	3572331	"/home/boggy/ref_rapl/energy_exp_server/NPB3.4.3/NPB3.4-MPI/bin/mg.C.x"
0.9757412 W	3572309	"/home/boggy/ref_rapl/scaphandre/target/release/scaphandre"
0.9757412 W	3572328	"/home/boggy/ref_rapl/energy_exp_server/NPB3.4.3/NPB3.4-MPI/bin/mg.C.x"
0.9757412 W	3572329	"/home/boggy/ref_rapl/energy_exp_server/NPB3.4.3/NPB3.4-MPI/bin/mg.C.x"
------------------------------------------------------------

Host:	53.173349 W from 
	package 	core		dram		uncore
Socket0	49.257153 W |	43.347 W	4.815807 W	0 W	

Top 5 consumers:
Power		PID	Exe
1.2890507 W	3572328	"/home/boggy/ref_rapl/energy_exp_server/NPB3.4.3/NPB3.4-MPI/bin/mg.C.x"
0.9667881 W	3572330	"/home/boggy/ref_rapl/energy_exp_server/NPB3.4.3/NPB3.4-MPI/bin/mg.C.x"
0.9667881 W	3572331	"/home/boggy/ref_rapl/energy_exp_server/NPB3.4.3/NPB3.4-MPI/bin/mg.C.x"
0.9667881 W	3572329	"/home/boggy/ref_rapl/energy_exp_server/NPB3.4.3/NPB3.4-MPI/bin/mg.C.x"
0.64452535 W	3572309	"/home/boggy/ref_rapl/scaphandre/target/release/scaphandre"
------------------------------------------------------------

Host:	54.862638 W from 
	package 	core		dram		uncore
Socket0	48.518112 W |	43.713673 W	4.744183 W	0 W	

Top 5 consumers:
Power		PID	Exe
0.9975025 W	3572330	"/home/boggy/ref_rapl/energy_exp_server/NPB3.4.3/NPB3.4-MPI/bin/mg.C.x"
0.9975025 W	3572328	"/home/boggy/ref_rapl/energy_exp_server/NPB3.4.3/NPB3.4-MPI/bin/mg.C.x"
0.9975025 W	3572331	"/home/boggy/ref_rapl/energy_exp_server/NPB3.4.3/NPB3.4-MPI/bin/mg.C.x"
0.9975025 W	3572329	"/home/boggy/ref_rapl/energy_exp_server/NPB3.4.3/NPB3.4-MPI/bin/mg.C.x"
0.66500163 W	3572309	"/home/boggy/ref_rapl/scaphandre/target/release/scaphandre"
------------------------------------------------------------

Host:	53.364607 W from 
	package 	core		dram		uncore
Socket0	48.74496 W |	43.955513 W	4.745571 W	0 W	

Top 5 consumers:
Power		PID	Exe
1.2936873 W	3572331	"/home/boggy/ref_rapl/energy_exp_server/NPB3.4.3/NPB3.4-MPI/bin/mg.C.x"
1.2936873 W	3572329	"/home/boggy/ref_rapl/energy_exp_server/NPB3.4.3/NPB3.4-MPI/bin/mg.C.x"
0.97026557 W	3572330	"/home/boggy/ref_rapl/energy_exp_server/NPB3.4.3/NPB3.4-MPI/bin/mg.C.x"
0.97026557 W	3572309	"/home/boggy/ref_rapl/scaphandre/target/release/scaphandre"
0.97026557 W	3572328	"/home/boggy/ref_rapl/energy_exp_server/NPB3.4.3/NPB3.4-MPI/bin/mg.C.x"
------------------------------------------------------------

Host:	53.224572 W from 
	package 	core		dram		uncore
Socket0	48.59595 W |	43.80577 W	4.874689 W	0 W	

Top 5 consumers:
Power		PID	Exe
1.2902926 W	3572330	"/home/boggy/ref_rapl/energy_exp_server/NPB3.4.3/NPB3.4-MPI/bin/mg.C.x"
0.96771944 W	3572328	"/home/boggy/ref_rapl/energy_exp_server/NPB3.4.3/NPB3.4-MPI/bin/mg.C.x"
0.96771944 W	3572331	"/home/boggy/ref_rapl/energy_exp_server/NPB3.4.3/NPB3.4-MPI/bin/mg.C.x"
0.96771944 W	3572329	"/home/boggy/ref_rapl/energy_exp_server/NPB3.4.3/NPB3.4-MPI/bin/mg.C.x"
0.6451463 W	3572309	"/home/boggy/ref_rapl/scaphandre/target/release/scaphandre"
------------------------------------------------------------

Host:	53.60149 W from 
	package 	core		dram		uncore
Socket0	50.024178 W |	43.64281 W	4.760426 W	0 W	

Top 5 consumers:
Power		PID	Exe
1.29943 W	3572309	"/home/boggy/ref_rapl/scaphandre/target/release/scaphandre"
1.29943 W	3572328	"/home/boggy/ref_rapl/energy_exp_server/NPB3.4.3/NPB3.4-MPI/bin/mg.C.x"
0.9745725 W	3572330	"/home/boggy/ref_rapl/energy_exp_server/NPB3.4.3/NPB3.4-MPI/bin/mg.C.x"
0.9745725 W	3572331	"/home/boggy/ref_rapl/energy_exp_server/NPB3.4.3/NPB3.4-MPI/bin/mg.C.x"
0.9745725 W	3572329	"/home/boggy/ref_rapl/energy_exp_server/NPB3.4.3/NPB3.4-MPI/bin/mg.C.x"
------------------------------------------------------------

Host:	52.442245 W from 
	package 	core		dram		uncore
Socket0	48.73977 W |	43.80057 W	4.755646 W	0 W	

Top 5 consumers:
Power		PID	Exe
1.2713271 W	3572329	"/home/boggy/ref_rapl/energy_exp_server/NPB3.4.3/NPB3.4-MPI/bin/mg.C.x"
0.9534953 W	3572330	"/home/boggy/ref_rapl/energy_exp_server/NPB3.4.3/NPB3.4-MPI/bin/mg.C.x"
0.9534953 W	3572328	"/home/boggy/ref_rapl/energy_exp_server/NPB3.4.3/NPB3.4-MPI/bin/mg.C.x"
0.9534953 W	3572331	"/home/boggy/ref_rapl/energy_exp_server/NPB3.4.3/NPB3.4-MPI/bin/mg.C.x"
0.63566357 W	3572309	"/home/boggy/ref_rapl/scaphandre/target/release/scaphandre"
------------------------------------------------------------

Host:	53.740599 W from 
	package 	core		dram		uncore
Socket0	46.113033 W |	41.99203 W	4.433404 W	0 W	

Top 5 consumers:
Power		PID	Exe
1.3187876 W	3572330	"/home/boggy/ref_rapl/energy_exp_server/NPB3.4.3/NPB3.4-MPI/bin/mg.C.x"
1.3187876 W	3572331	"/home/boggy/ref_rapl/energy_exp_server/NPB3.4.3/NPB3.4-MPI/bin/mg.C.x"
0.9890908 W	3572309	"/home/boggy/ref_rapl/scaphandre/target/release/scaphandre"
0.9890908 W	3572328	"/home/boggy/ref_rapl/energy_exp_server/NPB3.4.3/NPB3.4-MPI/bin/mg.C.x"
0.9890908 W	3572329	"/home/boggy/ref_rapl/energy_exp_server/NPB3.4.3/NPB3.4-MPI/bin/mg.C.x"
------------------------------------------------------------

Host:	55.516426 W from 
	package 	core		dram		uncore
Socket0	51.0014 W |	46.09024 W	3.880593 W	0 W	

Top 5 consumers:
Power		PID	Exe
1.0217748 W	3572330	"/home/boggy/ref_rapl/energy_exp_server/NPB3.4.3/NPB3.4-MPI/bin/mg.C.x"
1.0217748 W	3572328	"/home/boggy/ref_rapl/energy_exp_server/NPB3.4.3/NPB3.4-MPI/bin/mg.C.x"
1.0217748 W	3572331	"/home/boggy/ref_rapl/energy_exp_server/NPB3.4.3/NPB3.4-MPI/bin/mg.C.x"
1.0217748 W	3572329	"/home/boggy/ref_rapl/energy_exp_server/NPB3.4.3/NPB3.4-MPI/bin/mg.C.x"
0.6811831 W	3572309	"/home/boggy/ref_rapl/scaphandre/target/release/scaphandre"
------------------------------------------------------------

Host:	55.662583 W from 
	package 	core		dram		uncore
Socket0	50.979885 W |	46.12536 W	4.584728 W	0 W	

Top 5 consumers:
Power		PID	Exe
1.3659528 W	3572328	"/home/boggy/ref_rapl/energy_exp_server/NPB3.4.3/NPB3.4-MPI/bin/mg.C.x"
1.0244647 W	3572330	"/home/boggy/ref_rapl/energy_exp_server/NPB3.4.3/NPB3.4-MPI/bin/mg.C.x"
1.0244647 W	3572309	"/home/boggy/ref_rapl/scaphandre/target/release/scaphandre"
1.0244647 W	3572331	"/home/boggy/ref_rapl/energy_exp_server/NPB3.4.3/NPB3.4-MPI/bin/mg.C.x"
1.0244647 W	3572329	"/home/boggy/ref_rapl/energy_exp_server/NPB3.4.3/NPB3.4-MPI/bin/mg.C.x"
------------------------------------------------------------

Host:	55.447679 W from 
	package 	core		dram		uncore
Socket0	51.245834 W |	46.19427 W	4.5838 W	0 W	

Top 5 consumers:
Power		PID	Exe
1.0205095 W	3572330	"/home/boggy/ref_rapl/energy_exp_server/NPB3.4.3/NPB3.4-MPI/bin/mg.C.x"
1.0205095 W	3572328	"/home/boggy/ref_rapl/energy_exp_server/NPB3.4.3/NPB3.4-MPI/bin/mg.C.x"
1.0205095 W	3572331	"/home/boggy/ref_rapl/energy_exp_server/NPB3.4.3/NPB3.4-MPI/bin/mg.C.x"
1.0205095 W	3572329	"/home/boggy/ref_rapl/energy_exp_server/NPB3.4.3/NPB3.4-MPI/bin/mg.C.x"
0.6803396 W	3572309	"/home/boggy/ref_rapl/scaphandre/target/release/scaphandre"
------------------------------------------------------------

Host:	57.142309 W from 
	package 	core		dram		uncore
Socket0	52.410633 W |	46.484497 W	4.540512 W	0 W	

Top 5 consumers:
Power		PID	Exe
1.4022651 W	3572329	"/home/boggy/ref_rapl/energy_exp_server/NPB3.4.3/NPB3.4-MPI/bin/mg.C.x"
1.051699 W	3572330	"/home/boggy/ref_rapl/energy_exp_server/NPB3.4.3/NPB3.4-MPI/bin/mg.C.x"
1.051699 W	3572309	"/home/boggy/ref_rapl/scaphandre/target/release/scaphandre"
1.051699 W	3572328	"/home/boggy/ref_rapl/energy_exp_server/NPB3.4.3/NPB3.4-MPI/bin/mg.C.x"
1.051699 W	3572331	"/home/boggy/ref_rapl/energy_exp_server/NPB3.4.3/NPB3.4-MPI/bin/mg.C.x"
------------------------------------------------------------

Host:	55.260286 W from 
	package 	core		dram		uncore
Socket0	50.442627 W |	46.226883 W	4.658775 W	0 W	

Top 5 consumers:
Power		PID	Exe
1.0170605 W	3572330	"/home/boggy/ref_rapl/energy_exp_server/NPB3.4.3/NPB3.4-MPI/bin/mg.C.x"
1.0170605 W	3572328	"/home/boggy/ref_rapl/energy_exp_server/NPB3.4.3/NPB3.4-MPI/bin/mg.C.x"
1.0170605 W	3572331	"/home/boggy/ref_rapl/energy_exp_server/NPB3.4.3/NPB3.4-MPI/bin/mg.C.x"
1.0170605 W	3572329	"/home/boggy/ref_rapl/energy_exp_server/NPB3.4.3/NPB3.4-MPI/bin/mg.C.x"
0.6780403 W	3572309	"/home/boggy/ref_rapl/scaphandre/target/release/scaphandre"
------------------------------------------------------------

Host:	55.88062 W from 
	package 	core		dram		uncore
Socket0	51.391773 W |	46.27636 W	4.594519 W	0 W	

Top 5 consumers:
Power		PID	Exe
1.0284777 W	3572330	"/home/boggy/ref_rapl/energy_exp_server/NPB3.4.3/NPB3.4-MPI/bin/mg.C.x"
1.0284777 W	3572328	"/home/boggy/ref_rapl/energy_exp_server/NPB3.4.3/NPB3.4-MPI/bin/mg.C.x"
1.0284777 W	3572331	"/home/boggy/ref_rapl/energy_exp_server/NPB3.4.3/NPB3.4-MPI/bin/mg.C.x"
1.0284777 W	3572329	"/home/boggy/ref_rapl/energy_exp_server/NPB3.4.3/NPB3.4-MPI/bin/mg.C.x"
0.6856518 W	3572309	"/home/boggy/ref_rapl/scaphandre/target/release/scaphandre"
------------------------------------------------------------

Host:	53.064401 W from 
	package 	core		dram		uncore
Socket0	50.312065 W |	44.341606 W	4.255263 W	0 W	

Top 5 consumers:
Power		PID	Exe
1.2340558 W	3572331	"/home/boggy/ref_rapl/energy_exp_server/NPB3.4.3/NPB3.4-MPI/bin/mg.C.x"
0.92554194 W	3572330	"/home/boggy/ref_rapl/energy_exp_server/NPB3.4.3/NPB3.4-MPI/bin/mg.C.x"
0.92554194 W	3572309	"/home/boggy/ref_rapl/scaphandre/target/release/scaphandre"
0.92554194 W	3572328	"/home/boggy/ref_rapl/energy_exp_server/NPB3.4.3/NPB3.4-MPI/bin/mg.C.x"
0.92554194 W	3572329	"/home/boggy/ref_rapl/energy_exp_server/NPB3.4.3/NPB3.4-MPI/bin/mg.C.x"
------------------------------------------------------------

Host:	53.054149 W from 
	package 	core		dram		uncore
Socket0	48.315197 W |	43.670727 W	4.852197 W	0 W	

Top 5 consumers:
Power		PID	Exe
1.2338173 W	3572330	"/home/boggy/ref_rapl/energy_exp_server/NPB3.4.3/NPB3.4-MPI/bin/mg.C.x"
1.2338173 W	3572328	"/home/boggy/ref_rapl/energy_exp_server/NPB3.4.3/NPB3.4-MPI/bin/mg.C.x"
0.9253631 W	3572331	"/home/boggy/ref_rapl/energy_exp_server/NPB3.4.3/NPB3.4-MPI/bin/mg.C.x"
0.9253631 W	3572329	"/home/boggy/ref_rapl/energy_exp_server/NPB3.4.3/NPB3.4-MPI/bin/mg.C.x"
0.61690867 W	3572309	"/home/boggy/ref_rapl/scaphandre/target/release/scaphandre"
------------------------------------------------------------

Host:	54.53773 W from 
	package 	core		dram		uncore
Socket0	49.747498 W |	43.915012 W	4.704847 W	0 W	

Top 5 consumers:
Power		PID	Exe
0.9512396 W	3572330	"/home/boggy/ref_rapl/energy_exp_server/NPB3.4.3/NPB3.4-MPI/bin/mg.C.x"
0.9512396 W	3572309	"/home/boggy/ref_rapl/scaphandre/target/release/scaphandre"
0.9512396 W	3572328	"/home/boggy/ref_rapl/energy_exp_server/NPB3.4.3/NPB3.4-MPI/bin/mg.C.x"
0.9512396 W	3572331	"/home/boggy/ref_rapl/energy_exp_server/NPB3.4.3/NPB3.4-MPI/bin/mg.C.x"
0.9512396 W	3572329	"/home/boggy/ref_rapl/energy_exp_server/NPB3.4.3/NPB3.4-MPI/bin/mg.C.x"
------------------------------------------------------------

Host:	52.867745 W from 
	package 	core		dram		uncore
Socket0	48.290703 W |	43.868332 W	4.836914 W	0 W	

Top 5 consumers:
Power		PID	Exe
1.2294824 W	3572329	"/home/boggy/ref_rapl/energy_exp_server/NPB3.4.3/NPB3.4-MPI/bin/mg.C.x"
0.92211187 W	3572330	"/home/boggy/ref_rapl/energy_exp_server/NPB3.4.3/NPB3.4-MPI/bin/mg.C.x"
0.92211187 W	3572328	"/home/boggy/ref_rapl/energy_exp_server/NPB3.4.3/NPB3.4-MPI/bin/mg.C.x"
0.92211187 W	3572331	"/home/boggy/ref_rapl/energy_exp_server/NPB3.4.3/NPB3.4-MPI/bin/mg.C.x"
0.6147412 W	3572309	"/home/boggy/ref_rapl/scaphandre/target/release/scaphandre"
------------------------------------------------------------

Host:	54.08537 W from 
	package 	core		dram		uncore
Socket0	49.50892 W |	43.91372 W	4.813466 W	0 W	

Top 5 consumers:
Power		PID	Exe
1.2577993 W	3572330	"/home/boggy/ref_rapl/energy_exp_server/NPB3.4.3/NPB3.4-MPI/bin/mg.C.x"
1.2577993 W	3572328	"/home/boggy/ref_rapl/energy_exp_server/NPB3.4.3/NPB3.4-MPI/bin/mg.C.x"
1.2577993 W	3572331	"/home/boggy/ref_rapl/energy_exp_server/NPB3.4.3/NPB3.4-MPI/bin/mg.C.x"
0.94334954 W	3572309	"/home/boggy/ref_rapl/scaphandre/target/release/scaphandre"
0.94334954 W	3572329	"/home/boggy/ref_rapl/energy_exp_server/NPB3.4.3/NPB3.4-MPI/bin/mg.C.x"
------------------------------------------------------------

Host:	54.766071 W from 
	package 	core		dram		uncore
Socket0	49.46293 W |	43.87483 W	4.683994 W	0 W	

Top 5 consumers:
Power		PID	Exe
1.2736295 W	3572329	"/home/boggy/ref_rapl/energy_exp_server/NPB3.4.3/NPB3.4-MPI/bin/mg.C.x"
0.95522225 W	3572330	"/home/boggy/ref_rapl/energy_exp_server/NPB3.4.3/NPB3.4-MPI/bin/mg.C.x"
0.95522225 W	3572309	"/home/boggy/ref_rapl/scaphandre/target/release/scaphandre"
0.95522225 W	3572328	"/home/boggy/ref_rapl/energy_exp_server/NPB3.4.3/NPB3.4-MPI/bin/mg.C.x"
0.95522225 W	3572331	"/home/boggy/ref_rapl/energy_exp_server/NPB3.4.3/NPB3.4-MPI/bin/mg.C.x"
------------------------------------------------------------

Host:	51.935271 W from 
	package 	core		dram		uncore
Socket0	48.45448 W |	44.008015 W	4.852709 W	0 W	

Top 5 consumers:
Power		PID	Exe
1.2903173 W	3572331	"/home/boggy/ref_rapl/energy_exp_server/NPB3.4.3/NPB3.4-MPI/bin/mg.C.x"
0.967738 W	3572330	"/home/boggy/ref_rapl/energy_exp_server/NPB3.4.3/NPB3.4-MPI/bin/mg.C.x"
0.967738 W	3572328	"/home/boggy/ref_rapl/energy_exp_server/NPB3.4.3/NPB3.4-MPI/bin/mg.C.x"
0.967738 W	3572329	"/home/boggy/ref_rapl/energy_exp_server/NPB3.4.3/NPB3.4-MPI/bin/mg.C.x"
0.64515865 W	3572309	"/home/boggy/ref_rapl/scaphandre/target/release/scaphandre"
------------------------------------------------------------

Host:	52.756945 W from 
	package 	core		dram		uncore
Socket0	47.965015 W |	42.867065 W	4.553187 W	0 W	

Top 5 consumers:
Power		PID	Exe
1.3107315 W	3572330	"/home/boggy/ref_rapl/energy_exp_server/NPB3.4.3/NPB3.4-MPI/bin/mg.C.x"
1.3107315 W	3572328	"/home/boggy/ref_rapl/energy_exp_server/NPB3.4.3/NPB3.4-MPI/bin/mg.C.x"
0.9830487 W	3572309	"/home/boggy/ref_rapl/scaphandre/target/release/scaphandre"
0.9830487 W	3572331	"/home/boggy/ref_rapl/energy_exp_server/NPB3.4.3/NPB3.4-MPI/bin/mg.C.x"
0.9830487 W	3572329	"/home/boggy/ref_rapl/energy_exp_server/NPB3.4.3/NPB3.4-MPI/bin/mg.C.x"
------------------------------------------------------------

Host:	52.607736 W from 
	package 	core		dram		uncore
Socket0	48.33505 W |	42.676525 W	4.502233 W	0 W	

Top 5 consumers:
Power		PID	Exe
0.98026836 W	3572330	"/home/boggy/ref_rapl/energy_exp_server/NPB3.4.3/NPB3.4-MPI/bin/mg.C.x"
0.98026836 W	3572309	"/home/boggy/ref_rapl/scaphandre/target/release/scaphandre"
0.98026836 W	3572328	"/home/boggy/ref_rapl/energy_exp_server/NPB3.4.3/NPB3.4-MPI/bin/mg.C.x"
0.98026836 W	3572331	"/home/boggy/ref_rapl/energy_exp_server/NPB3.4.3/NPB3.4-MPI/bin/mg.C.x"
0.98026836 W	3572329	"/home/boggy/ref_rapl/energy_exp_server/NPB3.4.3/NPB3.4-MPI/bin/mg.C.x"
------------------------------------------------------------

Host:	52.047654 W from 
	package 	core		dram		uncore
Socket0	46.80268 W |	42.496864 W	4.722432 W	0 W	

Top 5 consumers:
Power		PID	Exe
0.96983206 W	3572330	"/home/boggy/ref_rapl/energy_exp_server/NPB3.4.3/NPB3.4-MPI/bin/mg.C.x"
0.96983206 W	3572328	"/home/boggy/ref_rapl/energy_exp_server/NPB3.4.3/NPB3.4-MPI/bin/mg.C.x"
0.96983206 W	3572331	"/home/boggy/ref_rapl/energy_exp_server/NPB3.4.3/NPB3.4-MPI/bin/mg.C.x"
0.96983206 W	3572329	"/home/boggy/ref_rapl/energy_exp_server/NPB3.4.3/NPB3.4-MPI/bin/mg.C.x"
0.6465547 W	3572309	"/home/boggy/ref_rapl/scaphandre/target/release/scaphandre"
------------------------------------------------------------

Host:	47.593862 W from 
	package 	core		dram		uncore
Socket0	47.87691 W |	41.86426 W	4.216609 W	0 W	

Top 5 consumers:
Power		PID	Exe
1.1824563 W	3572330	"/home/boggy/ref_rapl/energy_exp_server/NPB3.4.3/NPB3.4-MPI/bin/mg.C.x"
1.1824563 W	3572309	"/home/boggy/ref_rapl/scaphandre/target/release/scaphandre"
1.1824563 W	3572328	"/home/boggy/ref_rapl/energy_exp_server/NPB3.4.3/NPB3.4-MPI/bin/mg.C.x"
1.1824563 W	3572331	"/home/boggy/ref_rapl/energy_exp_server/NPB3.4.3/NPB3.4-MPI/bin/mg.C.x"
1.1824563 W	3572329	"/home/boggy/ref_rapl/energy_exp_server/NPB3.4.3/NPB3.4-MPI/bin/mg.C.x"
------------------------------------------------------------

Host:	45.759365 W from 
	package 	core		dram		uncore
Socket0	41.405624 W |	36.601395 W	4.571998 W	0 W	

Top 5 consumers:
Power		PID	Exe
1.705318 W	3572330	"/home/boggy/ref_rapl/energy_exp_server/NPB3.4.3/NPB3.4-MPI/bin/mg.C.x"
1.705318 W	3572309	"/home/boggy/ref_rapl/scaphandre/target/release/scaphandre"
1.705318 W	3572328	"/home/boggy/ref_rapl/energy_exp_server/NPB3.4.3/NPB3.4-MPI/bin/mg.C.x"
1.705318 W	3572331	"/home/boggy/ref_rapl/energy_exp_server/NPB3.4.3/NPB3.4-MPI/bin/mg.C.x"
1.705318 W	3572329	"/home/boggy/ref_rapl/energy_exp_server/NPB3.4.3/NPB3.4-MPI/bin/mg.C.x"
------------------------------------------------------------

Host:	48.136679 W from 
	package 	core		dram		uncore
Socket0	42.21828 W |	37.254055 W	4.612906 W	0 W	

Top 5 consumers:
Power		PID	Exe
1.2535592 W	3572330	"/home/boggy/ref_rapl/energy_exp_server/NPB3.4.3/NPB3.4-MPI/bin/mg.C.x"
1.2535592 W	3572309	"/home/boggy/ref_rapl/scaphandre/target/release/scaphandre"
1.2535592 W	3572328	"/home/boggy/ref_rapl/energy_exp_server/NPB3.4.3/NPB3.4-MPI/bin/mg.C.x"
1.2535592 W	3572331	"/home/boggy/ref_rapl/energy_exp_server/NPB3.4.3/NPB3.4-MPI/bin/mg.C.x"
1.2535592 W	3572329	"/home/boggy/ref_rapl/energy_exp_server/NPB3.4.3/NPB3.4-MPI/bin/mg.C.x"
------------------------------------------------------------

Host:	55.887263 W from 
	package 	core		dram		uncore
Socket0	45.213337 W |	40.092728 W	4.561217 W	0 W	

Top 5 consumers:
Power		PID	Exe
1.1643181 W	3572329	"/home/boggy/ref_rapl/energy_exp_server/NPB3.4.3/NPB3.4-MPI/bin/mg.C.x"
0.8732385 W	3572330	"/home/boggy/ref_rapl/energy_exp_server/NPB3.4.3/NPB3.4-MPI/bin/mg.C.x"
0.8732385 W	3572309	"/home/boggy/ref_rapl/scaphandre/target/release/scaphandre"
0.8732385 W	3572328	"/home/boggy/ref_rapl/energy_exp_server/NPB3.4.3/NPB3.4-MPI/bin/mg.C.x"
0.8732385 W	3572331	"/home/boggy/ref_rapl/energy_exp_server/NPB3.4.3/NPB3.4-MPI/bin/mg.C.x"
------------------------------------------------------------

Host:	54.967759 W from 
	package 	core		dram		uncore
Socket0	53.462402 W |	47.9118 W	4.298298 W	0 W	

Top 5 consumers:
Power		PID	Exe
0.8588712 W	3572330	"/home/boggy/ref_rapl/energy_exp_server/NPB3.4.3/NPB3.4-MPI/bin/mg.C.x"
0.8588712 W	3572328	"/home/boggy/ref_rapl/energy_exp_server/NPB3.4.3/NPB3.4-MPI/bin/mg.C.x"
0.8588712 W	3572331	"/home/boggy/ref_rapl/energy_exp_server/NPB3.4.3/NPB3.4-MPI/bin/mg.C.x"
0.8588712 W	3572329	"/home/boggy/ref_rapl/energy_exp_server/NPB3.4.3/NPB3.4-MPI/bin/mg.C.x"
0.5725809 W	3572309	"/home/boggy/ref_rapl/scaphandre/target/release/scaphandre"
------------------------------------------------------------

Host:	52.741863 W from 
	package 	core		dram		uncore
Socket0	48.421112 W |	43.286385 W	4.546467 W	0 W	

Top 5 consumers:
Power		PID	Exe
1.0987889 W	3572331	"/home/boggy/ref_rapl/energy_exp_server/NPB3.4.3/NPB3.4-MPI/bin/mg.C.x"
0.8240916 W	3572330	"/home/boggy/ref_rapl/energy_exp_server/NPB3.4.3/NPB3.4-MPI/bin/mg.C.x"
0.8240916 W	3572309	"/home/boggy/ref_rapl/scaphandre/target/release/scaphandre"
0.8240916 W	3572328	"/home/boggy/ref_rapl/energy_exp_server/NPB3.4.3/NPB3.4-MPI/bin/mg.C.x"
0.8240916 W	3572329	"/home/boggy/ref_rapl/energy_exp_server/NPB3.4.3/NPB3.4-MPI/bin/mg.C.x"
------------------------------------------------------------

Host:	51.443222 W from 
	package 	core		dram		uncore
Socket0	47.831665 W |	41.78632 W	4.528487 W	0 W	

Top 5 consumers:
Power		PID	Exe
1.0717338 W	3572330	"/home/boggy/ref_rapl/energy_exp_server/NPB3.4.3/NPB3.4-MPI/bin/mg.C.x"
0.8038004 W	3572328	"/home/boggy/ref_rapl/energy_exp_server/NPB3.4.3/NPB3.4-MPI/bin/mg.C.x"
0.8038004 W	3572331	"/home/boggy/ref_rapl/energy_exp_server/NPB3.4.3/NPB3.4-MPI/bin/mg.C.x"
0.5358669 W	3572309	"/home/boggy/ref_rapl/scaphandre/target/release/scaphandre"
0.26793346 W	18	""
------------------------------------------------------------

Host:	53.868731 W from 
	package 	core		dram		uncore
Socket0	46.926376 W |	41.711674 W	4.58668 W	0 W	

Top 5 consumers:
Power		PID	Exe
1.1222653 W	3572328	"/home/boggy/ref_rapl/energy_exp_server/NPB3.4.3/NPB3.4-MPI/bin/mg.C.x"
0.84169894 W	3572330	"/home/boggy/ref_rapl/energy_exp_server/NPB3.4.3/NPB3.4-MPI/bin/mg.C.x"
0.84169894 W	3572309	"/home/boggy/ref_rapl/scaphandre/target/release/scaphandre"
0.84169894 W	3572331	"/home/boggy/ref_rapl/energy_exp_server/NPB3.4.3/NPB3.4-MPI/bin/mg.C.x"
0.84169894 W	3572329	"/home/boggy/ref_rapl/energy_exp_server/NPB3.4.3/NPB3.4-MPI/bin/mg.C.x"
------------------------------------------------------------

Host:	53.211074 W from 
	package 	core		dram		uncore
Socket0	48.47116 W |	43.67247 W	4.727756 W	0 W	

Top 5 consumers:
Power		PID	Exe
1.3220142 W	3572329	"/home/boggy/ref_rapl/energy_exp_server/NPB3.4.3/NPB3.4-MPI/bin/mg.C.x"
0.99151075 W	3572330	"/home/boggy/ref_rapl/energy_exp_server/NPB3.4.3/NPB3.4-MPI/bin/mg.C.x"
0.99151075 W	3572309	"/home/boggy/ref_rapl/scaphandre/target/release/scaphandre"
0.99151075 W	3572328	"/home/boggy/ref_rapl/energy_exp_server/NPB3.4.3/NPB3.4-MPI/bin/mg.C.x"
0.99151075 W	3572331	"/home/boggy/ref_rapl/energy_exp_server/NPB3.4.3/NPB3.4-MPI/bin/mg.C.x"
------------------------------------------------------------

Host:	53.175063 W from 
	package 	core		dram		uncore
Socket0	49.910793 W |	43.87942 W	4.867515 W	0 W	

Top 5 consumers:
Power		PID	Exe
1.3211197 W	3572331	"/home/boggy/ref_rapl/energy_exp_server/NPB3.4.3/NPB3.4-MPI/bin/mg.C.x"
0.99083966 W	3572330	"/home/boggy/ref_rapl/energy_exp_server/NPB3.4.3/NPB3.4-MPI/bin/mg.C.x"
0.99083966 W	3572309	"/home/boggy/ref_rapl/scaphandre/target/release/scaphandre"
0.99083966 W	3572328	"/home/boggy/ref_rapl/energy_exp_server/NPB3.4.3/NPB3.4-MPI/bin/mg.C.x"
0.99083966 W	3572329	"/home/boggy/ref_rapl/energy_exp_server/NPB3.4.3/NPB3.4-MPI/bin/mg.C.x"
------------------------------------------------------------

Host:	55.017347 W from 
	package 	core		dram		uncore
Socket0	48.8667 W |	43.964355 W	4.752729 W	0 W	

Top 5 consumers:
Power		PID	Exe
1.3668907 W	3572330	"/home/boggy/ref_rapl/energy_exp_server/NPB3.4.3/NPB3.4-MPI/bin/mg.C.x"
1.3668907 W	3572328	"/home/boggy/ref_rapl/energy_exp_server/NPB3.4.3/NPB3.4-MPI/bin/mg.C.x"
1.025168 W	3572331	"/home/boggy/ref_rapl/energy_exp_server/NPB3.4.3/NPB3.4-MPI/bin/mg.C.x"
1.025168 W	3572329	"/home/boggy/ref_rapl/energy_exp_server/NPB3.4.3/NPB3.4-MPI/bin/mg.C.x"
0.68344533 W	3572309	"/home/boggy/ref_rapl/scaphandre/target/release/scaphandre"
------------------------------------------------------------

Host:	53.301436 W from 
	package 	core		dram		uncore
Socket0	48.675327 W |	44.03821 W	4.719708 W	0 W	

Top 5 consumers:
Power		PID	Exe
1.3242593 W	3572329	"/home/boggy/ref_rapl/energy_exp_server/NPB3.4.3/NPB3.4-MPI/bin/mg.C.x"
0.9931945 W	3572330	"/home/boggy/ref_rapl/energy_exp_server/NPB3.4.3/NPB3.4-MPI/bin/mg.C.x"
0.9931945 W	3572328	"/home/boggy/ref_rapl/energy_exp_server/NPB3.4.3/NPB3.4-MPI/bin/mg.C.x"
0.9931945 W	3572331	"/home/boggy/ref_rapl/energy_exp_server/NPB3.4.3/NPB3.4-MPI/bin/mg.C.x"
0.66212964 W	3572309	"/home/boggy/ref_rapl/scaphandre/target/release/scaphandre"
------------------------------------------------------------

Host:	53.271725 W from 
	package 	core		dram		uncore
Socket0	49.761715 W |	43.99813 W	4.834362 W	0 W	

Top 5 consumers:
Power		PID	Exe
1.3235211 W	3572331	"/home/boggy/ref_rapl/energy_exp_server/NPB3.4.3/NPB3.4-MPI/bin/mg.C.x"
0.99264085 W	3572330	"/home/boggy/ref_rapl/energy_exp_server/NPB3.4.3/NPB3.4-MPI/bin/mg.C.x"
0.99264085 W	3572309	"/home/boggy/ref_rapl/scaphandre/target/release/scaphandre"
0.99264085 W	3572328	"/home/boggy/ref_rapl/energy_exp_server/NPB3.4.3/NPB3.4-MPI/bin/mg.C.x"
0.99264085 W	3572329	"/home/boggy/ref_rapl/energy_exp_server/NPB3.4.3/NPB3.4-MPI/bin/mg.C.x"
------------------------------------------------------------

Host:	53.100964 W from 
	package 	core		dram		uncore
Socket0	48.876698 W |	43.81101 W	4.765482 W	0 W	

Top 5 consumers:
Power		PID	Exe
1.3192786 W	3572330	"/home/boggy/ref_rapl/energy_exp_server/NPB3.4.3/NPB3.4-MPI/bin/mg.C.x"
1.3192786 W	3572309	"/home/boggy/ref_rapl/scaphandre/target/release/scaphandre"
1.3192786 W	3572328	"/home/boggy/ref_rapl/energy_exp_server/NPB3.4.3/NPB3.4-MPI/bin/mg.C.x"
0.989459 W	3572331	"/home/boggy/ref_rapl/energy_exp_server/NPB3.4.3/NPB3.4-MPI/bin/mg.C.x"
0.989459 W	3572329	"/home/boggy/ref_rapl/energy_exp_server/NPB3.4.3/NPB3.4-MPI/bin/mg.C.x"
------------------------------------------------------------

Host:	54.330193 W from 
	package 	core		dram		uncore
Socket0	47.548515 W |	43.691055 W	4.263795 W	0 W	

Top 5 consumers:
Power		PID	Exe
1.3498185 W	3572329	"/home/boggy/ref_rapl/energy_exp_server/NPB3.4.3/NPB3.4-MPI/bin/mg.C.x"
1.0123639 W	3572330	"/home/boggy/ref_rapl/energy_exp_server/NPB3.4.3/NPB3.4-MPI/bin/mg.C.x"
1.0123639 W	3572328	"/home/boggy/ref_rapl/energy_exp_server/NPB3.4.3/NPB3.4-MPI/bin/mg.C.x"
1.0123639 W	3572331	"/home/boggy/ref_rapl/energy_exp_server/NPB3.4.3/NPB3.4-MPI/bin/mg.C.x"
0.67490923 W	3572309	"/home/boggy/ref_rapl/scaphandre/target/release/scaphandre"
------------------------------------------------------------

Host:	55.700853 W from 
	package 	core		dram		uncore
Socket0	50.677322 W |	45.803448 W	4.473877 W	0 W	

Top 5 consumers:
Power		PID	Exe
0.918146 W	3572330	"/home/boggy/ref_rapl/energy_exp_server/NPB3.4.3/NPB3.4-MPI/bin/mg.C.x"
0.918146 W	3572328	"/home/boggy/ref_rapl/energy_exp_server/NPB3.4.3/NPB3.4-MPI/bin/mg.C.x"
0.918146 W	3572331	"/home/boggy/ref_rapl/energy_exp_server/NPB3.4.3/NPB3.4-MPI/bin/mg.C.x"
0.918146 W	3572329	"/home/boggy/ref_rapl/energy_exp_server/NPB3.4.3/NPB3.4-MPI/bin/mg.C.x"
0.6120973 W	3572309	"/home/boggy/ref_rapl/scaphandre/target/release/scaphandre"
------------------------------------------------------------

Host:	57.191231 W from 
	package 	core		dram		uncore
Socket0	52.384224 W |	46.403492 W	4.539223 W	0 W	

Top 5 consumers:
Power		PID	Exe
1.2569503 W	3572329	"/home/boggy/ref_rapl/energy_exp_server/NPB3.4.3/NPB3.4-MPI/bin/mg.C.x"
0.94271266 W	3572330	"/home/boggy/ref_rapl/energy_exp_server/NPB3.4.3/NPB3.4-MPI/bin/mg.C.x"
0.94271266 W	3572309	"/home/boggy/ref_rapl/scaphandre/target/release/scaphandre"
0.94271266 W	3572328	"/home/boggy/ref_rapl/energy_exp_server/NPB3.4.3/NPB3.4-MPI/bin/mg.C.x"
0.94271266 W	3572331	"/home/boggy/ref_rapl/energy_exp_server/NPB3.4.3/NPB3.4-MPI/bin/mg.C.x"
------------------------------------------------------------

Host:	55.192165 W from 
	package 	core		dram		uncore
Socket0	50.59304 W |	46.352425 W	4.655258 W	0 W	

Top 5 consumers:
Power		PID	Exe
0.9097611 W	3572330	"/home/boggy/ref_rapl/energy_exp_server/NPB3.4.3/NPB3.4-MPI/bin/mg.C.x"
0.9097611 W	3572328	"/home/boggy/ref_rapl/energy_exp_server/NPB3.4.3/NPB3.4-MPI/bin/mg.C.x"
0.9097611 W	3572331	"/home/boggy/ref_rapl/energy_exp_server/NPB3.4.3/NPB3.4-MPI/bin/mg.C.x"
0.9097611 W	3572329	"/home/boggy/ref_rapl/energy_exp_server/NPB3.4.3/NPB3.4-MPI/bin/mg.C.x"
0.6065073 W	3572309	"/home/boggy/ref_rapl/scaphandre/target/release/scaphandre"
------------------------------------------------------------

Host:	57.511462 W from 
	package 	core		dram		uncore
Socket0	52.681126 W |	46.450787 W	4.556601 W	0 W	

Top 5 consumers:
Power		PID	Exe
0.9479912 W	3572330	"/home/boggy/ref_rapl/energy_exp_server/NPB3.4.3/NPB3.4-MPI/bin/mg.C.x"
0.9479912 W	3572328	"/home/boggy/ref_rapl/energy_exp_server/NPB3.4.3/NPB3.4-MPI/bin/mg.C.x"
0.9479912 W	3572331	"/home/boggy/ref_rapl/energy_exp_server/NPB3.4.3/NPB3.4-MPI/bin/mg.C.x"
0.9479912 W	3572329	"/home/boggy/ref_rapl/energy_exp_server/NPB3.4.3/NPB3.4-MPI/bin/mg.C.x"
0.6319941 W	3572309	"/home/boggy/ref_rapl/scaphandre/target/release/scaphandre"
------------------------------------------------------------

Host:	55.821403 W from 
	package 	core		dram		uncore
Socket0	51.046432 W |	46.522343 W	4.682267 W	0 W	

Top 5 consumers:
Power		PID	Exe
1.2268441 W	3572331	"/home/boggy/ref_rapl/energy_exp_server/NPB3.4.3/NPB3.4-MPI/bin/mg.C.x"
0.9201331 W	3572330	"/home/boggy/ref_rapl/energy_exp_server/NPB3.4.3/NPB3.4-MPI/bin/mg.C.x"
0.9201331 W	3572328	"/home/boggy/ref_rapl/energy_exp_server/NPB3.4.3/NPB3.4-MPI/bin/mg.C.x"
0.9201331 W	3572329	"/home/boggy/ref_rapl/energy_exp_server/NPB3.4.3/NPB3.4-MPI/bin/mg.C.x"
0.61342204 W	3572309	"/home/boggy/ref_rapl/scaphandre/target/release/scaphandre"
------------------------------------------------------------

Host:	53.905242 W from 
	package 	core		dram		uncore
Socket0	51.08159 W |	46.333706 W	4.558 W	0 W	

Top 5 consumers:
Power		PID	Exe
1.1847306 W	3572330	"/home/boggy/ref_rapl/energy_exp_server/NPB3.4.3/NPB3.4-MPI/bin/mg.C.x"
1.1847306 W	3572309	"/home/boggy/ref_rapl/scaphandre/target/release/scaphandre"
1.1847306 W	3572328	"/home/boggy/ref_rapl/energy_exp_server/NPB3.4.3/NPB3.4-MPI/bin/mg.C.x"
0.888548 W	3572331	"/home/boggy/ref_rapl/energy_exp_server/NPB3.4.3/NPB3.4-MPI/bin/mg.C.x"
0.888548 W	3572329	"/home/boggy/ref_rapl/energy_exp_server/NPB3.4.3/NPB3.4-MPI/bin/mg.C.x"
------------------------------------------------------------

Host:	52.53765 W from 
	package 	core		dram		uncore
Socket0	48.239323 W |	43.105095 W	4.567891 W	0 W	

Top 5 consumers:
Power		PID	Exe
0.8660053 W	3572330	"/home/boggy/ref_rapl/energy_exp_server/NPB3.4.3/NPB3.4-MPI/bin/mg.C.x"
0.8660053 W	3572328	"/home/boggy/ref_rapl/energy_exp_server/NPB3.4.3/NPB3.4-MPI/bin/mg.C.x"
0.8660053 W	3572331	"/home/boggy/ref_rapl/energy_exp_server/NPB3.4.3/NPB3.4-MPI/bin/mg.C.x"
0.8660053 W	3572329	"/home/boggy/ref_rapl/energy_exp_server/NPB3.4.3/NPB3.4-MPI/bin/mg.C.x"
0.5773368 W	3572309	"/home/boggy/ref_rapl/scaphandre/target/release/scaphandre"
------------------------------------------------------------

Host:	54.646908 W from 
	package 	core		dram		uncore
Socket0	49.734795 W |	43.911922 W	4.697038 W	0 W	

Top 5 consumers:
Power		PID	Exe
1.2280204 W	3572329	"/home/boggy/ref_rapl/energy_exp_server/NPB3.4.3/NPB3.4-MPI/bin/mg.C.x"
0.92101526 W	3572330	"/home/boggy/ref_rapl/energy_exp_server/NPB3.4.3/NPB3.4-MPI/bin/mg.C.x"
0.92101526 W	3572309	"/home/boggy/ref_rapl/scaphandre/target/release/scaphandre"
0.92101526 W	3572328	"/home/boggy/ref_rapl/energy_exp_server/NPB3.4.3/NPB3.4-MPI/bin/mg.C.x"
0.92101526 W	3572331	"/home/boggy/ref_rapl/energy_exp_server/NPB3.4.3/NPB3.4-MPI/bin/mg.C.x"
------------------------------------------------------------

Host:	54.995659 W from 
	package 	core		dram		uncore
Socket0	49.88637 W |	44.15452 W	4.838153 W	0 W	

Top 5 consumers:
Power		PID	Exe
1.2358575 W	3572330	"/home/boggy/ref_rapl/energy_exp_server/NPB3.4.3/NPB3.4-MPI/bin/mg.C.x"
1.2358575 W	3572328	"/home/boggy/ref_rapl/energy_exp_server/NPB3.4.3/NPB3.4-MPI/bin/mg.C.x"
1.2358575 W	3572331	"/home/boggy/ref_rapl/energy_exp_server/NPB3.4.3/NPB3.4-MPI/bin/mg.C.x"
0.9268931 W	3572329	"/home/boggy/ref_rapl/energy_exp_server/NPB3.4.3/NPB3.4-MPI/bin/mg.C.x"
0.61792874 W	3572309	"/home/boggy/ref_rapl/scaphandre/target/release/scaphandre"
------------------------------------------------------------

Host:	53.353312 W from 
	package 	core		dram		uncore
Socket0	48.612835 W |	43.99178 W	4.723569 W	0 W	

Top 5 consumers:
Power		PID	Exe
0.89921314 W	3572330	"/home/boggy/ref_rapl/energy_exp_server/NPB3.4.3/NPB3.4-MPI/bin/mg.C.x"
0.89921314 W	3572309	"/home/boggy/ref_rapl/scaphandre/target/release/scaphandre"
0.89921314 W	3572328	"/home/boggy/ref_rapl/energy_exp_server/NPB3.4.3/NPB3.4-MPI/bin/mg.C.x"
0.89921314 W	3572331	"/home/boggy/ref_rapl/energy_exp_server/NPB3.4.3/NPB3.4-MPI/bin/mg.C.x"
0.89921314 W	3572329	"/home/boggy/ref_rapl/energy_exp_server/NPB3.4.3/NPB3.4-MPI/bin/mg.C.x"
------------------------------------------------------------

Host:	53.852441 W from 
	package 	core		dram		uncore
Socket0	48.770927 W |	43.993233 W	4.878382 W	0 W	

Top 5 consumers:
Power		PID	Exe
1.2101672 W	3572329	"/home/boggy/ref_rapl/energy_exp_server/NPB3.4.3/NPB3.4-MPI/bin/mg.C.x"
0.9076254 W	3572330	"/home/boggy/ref_rapl/energy_exp_server/NPB3.4.3/NPB3.4-MPI/bin/mg.C.x"
0.9076254 W	3572328	"/home/boggy/ref_rapl/energy_exp_server/NPB3.4.3/NPB3.4-MPI/bin/mg.C.x"
0.9076254 W	3572331	"/home/boggy/ref_rapl/energy_exp_server/NPB3.4.3/NPB3.4-MPI/bin/mg.C.x"
0.6050836 W	3572309	"/home/boggy/ref_rapl/scaphandre/target/release/scaphandre"
------------------------------------------------------------

Host:	53.68289 W from 
	package 	core		dram		uncore
Socket0	48.942215 W |	43.93622 W	4.758437 W	0 W	

Top 5 consumers:
Power		PID	Exe
1.206357 W	3572328	"/home/boggy/ref_rapl/energy_exp_server/NPB3.4.3/NPB3.4-MPI/bin/mg.C.x"
1.206357 W	3572331	"/home/boggy/ref_rapl/energy_exp_server/NPB3.4.3/NPB3.4-MPI/bin/mg.C.x"
0.9047678 W	3572330	"/home/boggy/ref_rapl/energy_exp_server/NPB3.4.3/NPB3.4-MPI/bin/mg.C.x"
0.9047678 W	3572309	"/home/boggy/ref_rapl/scaphandre/target/release/scaphandre"
0.9047678 W	3572329	"/home/boggy/ref_rapl/energy_exp_server/NPB3.4.3/NPB3.4-MPI/bin/mg.C.x"
------------------------------------------------------------

Host:	53.331613 W from 
	package 	core		dram		uncore
Socket0	49.100403 W |	43.991863 W	4.771271 W	0 W	

Top 5 consumers:
Power		PID	Exe
1.1984631 W	3572330	"/home/boggy/ref_rapl/energy_exp_server/NPB3.4.3/NPB3.4-MPI/bin/mg.C.x"
0.8988474 W	3572328	"/home/boggy/ref_rapl/energy_exp_server/NPB3.4.3/NPB3.4-MPI/bin/mg.C.x"
0.8988474 W	3572331	"/home/boggy/ref_rapl/energy_exp_server/NPB3.4.3/NPB3.4-MPI/bin/mg.C.x"
0.8988474 W	3572329	"/home/boggy/ref_rapl/energy_exp_server/NPB3.4.3/NPB3.4-MPI/bin/mg.C.x"
0.59923154 W	3572309	"/home/boggy/ref_rapl/scaphandre/target/release/scaphandre"
------------------------------------------------------------

Host:	52.099901 W from 
	package 	core		dram		uncore
Socket0	47.597683 W |	42.38719 W	4.519768 W	0 W	

Top 5 consumers:
Power		PID	Exe
1.2944075 W	3572309	"/home/boggy/ref_rapl/scaphandre/target/release/scaphandre"
1.2944075 W	3572331	"/home/boggy/ref_rapl/energy_exp_server/NPB3.4.3/NPB3.4-MPI/bin/mg.C.x"
1.2944075 W	3572329	"/home/boggy/ref_rapl/energy_exp_server/NPB3.4.3/NPB3.4-MPI/bin/mg.C.x"
0.97080564 W	3572330	"/home/boggy/ref_rapl/energy_exp_server/NPB3.4.3/NPB3.4-MPI/bin/mg.C.x"
0.97080564 W	3572328	"/home/boggy/ref_rapl/energy_exp_server/NPB3.4.3/NPB3.4-MPI/bin/mg.C.x"
------------------------------------------------------------

Host:	51.170534 W from 
	package 	core		dram		uncore
Socket0	47.65539 W |	42.600616 W	4.669457 W	0 W	

Top 5 consumers:
Power		PID	Exe
0.95348823 W	3572330	"/home/boggy/ref_rapl/energy_exp_server/NPB3.4.3/NPB3.4-MPI/bin/mg.C.x"
0.95348823 W	3572328	"/home/boggy/ref_rapl/energy_exp_server/NPB3.4.3/NPB3.4-MPI/bin/mg.C.x"
0.95348823 W	3572331	"/home/boggy/ref_rapl/energy_exp_server/NPB3.4.3/NPB3.4-MPI/bin/mg.C.x"
0.95348823 W	3572329	"/home/boggy/ref_rapl/energy_exp_server/NPB3.4.3/NPB3.4-MPI/bin/mg.C.x"
0.6356588 W	3572309	"/home/boggy/ref_rapl/scaphandre/target/release/scaphandre"
------------------------------------------------------------

Host:	49.406829 W from 
	package 	core		dram		uncore
Socket0	46.926476 W |	41.8401 W	4.57885 W	0 W	

Top 5 consumers:
Power		PID	Exe
1.5343736 W	3572328	"/home/boggy/ref_rapl/energy_exp_server/NPB3.4.3/NPB3.4-MPI/bin/mg.C.x"
1.2274989 W	3572330	"/home/boggy/ref_rapl/energy_exp_server/NPB3.4.3/NPB3.4-MPI/bin/mg.C.x"
1.2274989 W	3572331	"/home/boggy/ref_rapl/energy_exp_server/NPB3.4.3/NPB3.4-MPI/bin/mg.C.x"
0.9206242 W	3572309	"/home/boggy/ref_rapl/scaphandre/target/release/scaphandre"
0.9206242 W	3572329	"/home/boggy/ref_rapl/energy_exp_server/NPB3.4.3/NPB3.4-MPI/bin/mg.C.x"
------------------------------------------------------------

Host:	46.427102 W from 
	package 	core		dram		uncore
Socket0	43.805767 W |	38.07681 W	4.358587 W	0 W	

Top 5 consumers:
Power		PID	Exe
1.7302027 W	3572309	"/home/boggy/ref_rapl/scaphandre/target/release/scaphandre"
1.7302027 W	3572328	"/home/boggy/ref_rapl/energy_exp_server/NPB3.4.3/NPB3.4-MPI/bin/mg.C.x"
1.7302027 W	3572331	"/home/boggy/ref_rapl/energy_exp_server/NPB3.4.3/NPB3.4-MPI/bin/mg.C.x"
1.7302027 W	3572329	"/home/boggy/ref_rapl/energy_exp_server/NPB3.4.3/NPB3.4-MPI/bin/mg.C.x"
1.4418355 W	3572330	"/home/boggy/ref_rapl/energy_exp_server/NPB3.4.3/NPB3.4-MPI/bin/mg.C.x"
------------------------------------------------------------

Host:	47.787472 W from 
	package 	core		dram		uncore
Socket0	42.021755 W |	36.82934 W	4.584285 W	0 W	

Top 5 consumers:
Power		PID	Exe
1.7808996 W	3572330	"/home/boggy/ref_rapl/energy_exp_server/NPB3.4.3/NPB3.4-MPI/bin/mg.C.x"
1.7808996 W	3572329	"/home/boggy/ref_rapl/energy_exp_server/NPB3.4.3/NPB3.4-MPI/bin/mg.C.x"
1.484083 W	3572309	"/home/boggy/ref_rapl/scaphandre/target/release/scaphandre"
1.484083 W	3572328	"/home/boggy/ref_rapl/energy_exp_server/NPB3.4.3/NPB3.4-MPI/bin/mg.C.x"
1.484083 W	3572331	"/home/boggy/ref_rapl/energy_exp_server/NPB3.4.3/NPB3.4-MPI/bin/mg.C.x"
------------------------------------------------------------

Host:	52.448724 W from 
	package 	core		dram		uncore
Socket0	43.419693 W |	38.447056 W	4.559216 W	0 W	

Top 5 consumers:
Power		PID	Exe
1.1920165 W	3572330	"/home/boggy/ref_rapl/energy_exp_server/NPB3.4.3/NPB3.4-MPI/bin/mg.C.x"
1.1920165 W	3572309	"/home/boggy/ref_rapl/scaphandre/target/release/scaphandre"
1.1920165 W	3572328	"/home/boggy/ref_rapl/energy_exp_server/NPB3.4.3/NPB3.4-MPI/bin/mg.C.x"
1.1920165 W	3572331	"/home/boggy/ref_rapl/energy_exp_server/NPB3.4.3/NPB3.4-MPI/bin/mg.C.x"
1.1920165 W	3572329	"/home/boggy/ref_rapl/energy_exp_server/NPB3.4.3/NPB3.4-MPI/bin/mg.C.x"
------------------------------------------------------------

Host:	55.081544 W from 
	package 	core		dram		uncore
Socket0	50.424274 W |	46.047577 W	4.51074 W	0 W	

Top 5 consumers:
Power		PID	Exe
1.2518532 W	3572330	"/home/boggy/ref_rapl/energy_exp_server/NPB3.4.3/NPB3.4-MPI/bin/mg.C.x"
1.2518532 W	3572328	"/home/boggy/ref_rapl/energy_exp_server/NPB3.4.3/NPB3.4-MPI/bin/mg.C.x"
1.2518532 W	3572331	"/home/boggy/ref_rapl/energy_exp_server/NPB3.4.3/NPB3.4-MPI/bin/mg.C.x"
0.93889 W	3572309	"/home/boggy/ref_rapl/scaphandre/target/release/scaphandre"
0.93889 W	3572329	"/home/boggy/ref_rapl/energy_exp_server/NPB3.4.3/NPB3.4-MPI/bin/mg.C.x"
------------------------------------------------------------

Host:	53.356304 W from 
	package 	core		dram		uncore
Socket0	50.373123 W |	44.3625 W	4.453503 W	0 W	

Top 5 consumers:
Power		PID	Exe
0.9094825 W	3572309	"/home/boggy/ref_rapl/scaphandre/target/release/scaphandre"
0.9094825 W	3572329	"/home/boggy/ref_rapl/energy_exp_server/NPB3.4.3/NPB3.4-MPI/bin/mg.C.x"
0.60632163 W	3572330	"/home/boggy/ref_rapl/energy_exp_server/NPB3.4.3/NPB3.4-MPI/bin/mg.C.x"
0.60632163 W	3572328	"/home/boggy/ref_rapl/energy_exp_server/NPB3.4.3/NPB3.4-MPI/bin/mg.C.x"
0.60632163 W	3572331	"/home/boggy/ref_rapl/energy_exp_server/NPB3.4.3/NPB3.4-MPI/bin/mg.C.x"
------------------------------------------------------------

Host:	50.527738 W from 
	package 	core		dram		uncore
Socket0	47.30497 W |	42.674557 W	4.686249 W	0 W	

Top 5 consumers:
Power		PID	Exe
1.7225367 W	3572330	"/home/boggy/ref_rapl/energy_exp_server/NPB3.4.3/NPB3.4-MPI/bin/mg.C.x"
1.7225367 W	3572328	"/home/boggy/ref_rapl/energy_exp_server/NPB3.4.3/NPB3.4-MPI/bin/mg.C.x"
1.7225367 W	3572331	"/home/boggy/ref_rapl/energy_exp_server/NPB3.4.3/NPB3.4-MPI/bin/mg.C.x"
1.7225367 W	3572329	"/home/boggy/ref_rapl/energy_exp_server/NPB3.4.3/NPB3.4-MPI/bin/mg.C.x"
0.5741788 W	3572309	"/home/boggy/ref_rapl/scaphandre/target/release/scaphandre"
------------------------------------------------------------

Host:	52.073756 W from 
	package 	core		dram		uncore
Socket0	46.604233 W |	40.970352 W	4.587705 W	0 W	

Top 5 consumers:
Power		PID	Exe
1.7752417 W	3572330	"/home/boggy/ref_rapl/energy_exp_server/NPB3.4.3/NPB3.4-MPI/bin/mg.C.x"
1.7752417 W	3572328	"/home/boggy/ref_rapl/energy_exp_server/NPB3.4.3/NPB3.4-MPI/bin/mg.C.x"
1.7752417 W	3572331	"/home/boggy/ref_rapl/energy_exp_server/NPB3.4.3/NPB3.4-MPI/bin/mg.C.x"
1.7752417 W	3572329	"/home/boggy/ref_rapl/energy_exp_server/NPB3.4.3/NPB3.4-MPI/bin/mg.C.x"
0.88762087 W	3572309	"/home/boggy/ref_rapl/scaphandre/target/release/scaphandre"
------------------------------------------------------------

Host:	52.461519 W from 
	package 	core		dram		uncore
Socket0	47.2426 W |	42.44762 W	4.819959 W	0 W	

Top 5 consumers:
Power		PID	Exe
1.6480057 W	3572330	"/home/boggy/ref_rapl/energy_exp_server/NPB3.4.3/NPB3.4-MPI/bin/mg.C.x"
1.6480057 W	3572328	"/home/boggy/ref_rapl/energy_exp_server/NPB3.4.3/NPB3.4-MPI/bin/mg.C.x"
1.6480057 W	3572331	"/home/boggy/ref_rapl/energy_exp_server/NPB3.4.3/NPB3.4-MPI/bin/mg.C.x"
1.3733381 W	3572329	"/home/boggy/ref_rapl/energy_exp_server/NPB3.4.3/NPB3.4-MPI/bin/mg.C.x"
0.5493353 W	3572309	"/home/boggy/ref_rapl/scaphandre/target/release/scaphandre"
------------------------------------------------------------

Host:	52.258712 W from 
	package 	core		dram		uncore
Socket0	47.641804 W |	42.408234 W	4.777166 W	0 W	

Top 5 consumers:
Power		PID	Exe
1.6416347 W	3572328	"/home/boggy/ref_rapl/energy_exp_server/NPB3.4.3/NPB3.4-MPI/bin/mg.C.x"
1.6416347 W	3572331	"/home/boggy/ref_rapl/energy_exp_server/NPB3.4.3/NPB3.4-MPI/bin/mg.C.x"
1.6416347 W	3572329	"/home/boggy/ref_rapl/energy_exp_server/NPB3.4.3/NPB3.4-MPI/bin/mg.C.x"
1.368029 W	3572330	"/home/boggy/ref_rapl/energy_exp_server/NPB3.4.3/NPB3.4-MPI/bin/mg.C.x"
0.82081735 W	3572309	"/home/boggy/ref_rapl/scaphandre/target/release/scaphandre"
------------------------------------------------------------

Host:	51.225144 W from 
	package 	core		dram		uncore
Socket0	47.495743 W |	42.321815 W	4.710026 W	0 W	

Top 5 consumers:
Power		PID	Exe
1.8773614 W	3572330	"/home/boggy/ref_rapl/energy_exp_server/NPB3.4.3/NPB3.4-MPI/bin/mg.C.x"
1.6091667 W	3572329	"/home/boggy/ref_rapl/energy_exp_server/NPB3.4.3/NPB3.4-MPI/bin/mg.C.x"
1.3409723 W	3572328	"/home/boggy/ref_rapl/energy_exp_server/NPB3.4.3/NPB3.4-MPI/bin/mg.C.x"
1.3409723 W	3572331	"/home/boggy/ref_rapl/energy_exp_server/NPB3.4.3/NPB3.4-MPI/bin/mg.C.x"
0.53638893 W	3572309	"/home/boggy/ref_rapl/scaphandre/target/release/scaphandre"
------------------------------------------------------------

Host:	54.748933 W from 
	package 	core		dram		uncore
Socket0	48.065533 W |	42.70337 W	4.429395 W	0 W	

Top 5 consumers:
Power		PID	Exe
1.7198616 W	3572330	"/home/boggy/ref_rapl/energy_exp_server/NPB3.4.3/NPB3.4-MPI/bin/mg.C.x"
1.7198616 W	3572328	"/home/boggy/ref_rapl/energy_exp_server/NPB3.4.3/NPB3.4-MPI/bin/mg.C.x"
1.7198616 W	3572331	"/home/boggy/ref_rapl/energy_exp_server/NPB3.4.3/NPB3.4-MPI/bin/mg.C.x"
1.7198616 W	3572329	"/home/boggy/ref_rapl/energy_exp_server/NPB3.4.3/NPB3.4-MPI/bin/mg.C.x"
0.8599308 W	3572309	"/home/boggy/ref_rapl/scaphandre/target/release/scaphandre"
------------------------------------------------------------

Host:	54.21643 W from 
	package 	core		dram		uncore
Socket0	49.45025 W |	44.832146 W	4.645869 W	0 W	

Top 5 consumers:
Power		PID	Exe
1.748917 W	3572330	"/home/boggy/ref_rapl/energy_exp_server/NPB3.4.3/NPB3.4-MPI/bin/mg.C.x"
1.748917 W	3572328	"/home/boggy/ref_rapl/energy_exp_server/NPB3.4.3/NPB3.4-MPI/bin/mg.C.x"
1.748917 W	3572331	"/home/boggy/ref_rapl/energy_exp_server/NPB3.4.3/NPB3.4-MPI/bin/mg.C.x"
1.457431 W	3572329	"/home/boggy/ref_rapl/energy_exp_server/NPB3.4.3/NPB3.4-MPI/bin/mg.C.x"
0.58297235 W	3572309	"/home/boggy/ref_rapl/scaphandre/target/release/scaphandre"
------------------------------------------------------------

Host:	55.378637 W from 
	package 	core		dram		uncore
Socket0	50.298122 W |	44.82258 W	4.558786 W	0 W	

Top 5 consumers:
Power		PID	Exe
1.7864075 W	3572329	"/home/boggy/ref_rapl/energy_exp_server/NPB3.4.3/NPB3.4-MPI/bin/mg.C.x"
1.4886731 W	3572330	"/home/boggy/ref_rapl/energy_exp_server/NPB3.4.3/NPB3.4-MPI/bin/mg.C.x"
1.4886731 W	3572328	"/home/boggy/ref_rapl/energy_exp_server/NPB3.4.3/NPB3.4-MPI/bin/mg.C.x"
1.4886731 W	3572331	"/home/boggy/ref_rapl/energy_exp_server/NPB3.4.3/NPB3.4-MPI/bin/mg.C.x"
0.89320374 W	3572309	"/home/boggy/ref_rapl/scaphandre/target/release/scaphandre"
------------------------------------------------------------

Host:	51.672275 W from 
	package 	core		dram		uncore
Socket0	48.745 W |	43.799393 W	4.605818 W	0 W	

Top 5 consumers:
Power		PID	Exe
1.6668475 W	3572330	"/home/boggy/ref_rapl/energy_exp_server/NPB3.4.3/NPB3.4-MPI/bin/mg.C.x"
1.6668475 W	3572328	"/home/boggy/ref_rapl/energy_exp_server/NPB3.4.3/NPB3.4-MPI/bin/mg.C.x"
1.6668475 W	3572331	"/home/boggy/ref_rapl/energy_exp_server/NPB3.4.3/NPB3.4-MPI/bin/mg.C.x"
1.6668475 W	3572329	"/home/boggy/ref_rapl/energy_exp_server/NPB3.4.3/NPB3.4-MPI/bin/mg.C.x"
0.5556159 W	3572309	"/home/boggy/ref_rapl/scaphandre/target/release/scaphandre"
------------------------------------------------------------

Host:	52.37583 W from 
	package 	core		dram		uncore
Socket0	47.728336 W |	42.733547 W	4.64985 W	0 W	

Top 5 consumers:
Power		PID	Exe
1.6895428 W	3572330	"/home/boggy/ref_rapl/energy_exp_server/NPB3.4.3/NPB3.4-MPI/bin/mg.C.x"
1.6895428 W	3572328	"/home/boggy/ref_rapl/energy_exp_server/NPB3.4.3/NPB3.4-MPI/bin/mg.C.x"
1.6895428 W	3572331	"/home/boggy/ref_rapl/energy_exp_server/NPB3.4.3/NPB3.4-MPI/bin/mg.C.x"
1.6895428 W	3572329	"/home/boggy/ref_rapl/energy_exp_server/NPB3.4.3/NPB3.4-MPI/bin/mg.C.x"
0.8447714 W	3572309	"/home/boggy/ref_rapl/scaphandre/target/release/scaphandre"
------------------------------------------------------------

Host:	52.411526 W from 
	package 	core		dram		uncore
Socket0	47.49464 W |	42.397736 W	4.791763 W	0 W	

Top 5 consumers:
Power		PID	Exe
1.6906942 W	3572330	"/home/boggy/ref_rapl/energy_exp_server/NPB3.4.3/NPB3.4-MPI/bin/mg.C.x"
1.6906942 W	3572328	"/home/boggy/ref_rapl/energy_exp_server/NPB3.4.3/NPB3.4-MPI/bin/mg.C.x"
1.6906942 W	3572331	"/home/boggy/ref_rapl/energy_exp_server/NPB3.4.3/NPB3.4-MPI/bin/mg.C.x"
1.6906942 W	3572329	"/home/boggy/ref_rapl/energy_exp_server/NPB3.4.3/NPB3.4-MPI/bin/mg.C.x"
0.8453471 W	3572309	"/home/boggy/ref_rapl/scaphandre/target/release/scaphandre"
------------------------------------------------------------

Host:	51.524062 W from 
	package 	core		dram		uncore
Socket0	47.739838 W |	42.437077 W	4.708854 W	0 W	

Top 5 consumers:
Power		PID	Exe
1.6620663 W	3572330	"/home/boggy/ref_rapl/energy_exp_server/NPB3.4.3/NPB3.4-MPI/bin/mg.C.x"
1.6620663 W	3572328	"/home/boggy/ref_rapl/energy_exp_server/NPB3.4.3/NPB3.4-MPI/bin/mg.C.x"
1.6620663 W	3572331	"/home/boggy/ref_rapl/energy_exp_server/NPB3.4.3/NPB3.4-MPI/bin/mg.C.x"
1.3850555 W	3572329	"/home/boggy/ref_rapl/energy_exp_server/NPB3.4.3/NPB3.4-MPI/bin/mg.C.x"
0.5540222 W	3572309	"/home/boggy/ref_rapl/scaphandre/target/release/scaphandre"
------------------------------------------------------------

Host:	50.801728 W from 
	package 	core		dram		uncore
Socket0	46.121807 W |	40.95286 W	4.710068 W	0 W	

Top 5 consumers:
Power		PID	Exe
1.6387652 W	3572329	"/home/boggy/ref_rapl/energy_exp_server/NPB3.4.3/NPB3.4-MPI/bin/mg.C.x"
1.3656379 W	3572330	"/home/boggy/ref_rapl/energy_exp_server/NPB3.4.3/NPB3.4-MPI/bin/mg.C.x"
1.3656379 W	3572328	"/home/boggy/ref_rapl/energy_exp_server/NPB3.4.3/NPB3.4-MPI/bin/mg.C.x"
1.3656379 W	3572331	"/home/boggy/ref_rapl/energy_exp_server/NPB3.4.3/NPB3.4-MPI/bin/mg.C.x"
1.0925103 W	3572309	"/home/boggy/ref_rapl/scaphandre/target/release/scaphandre"
------------------------------------------------------------

Host:	54.503556 W from 
	package 	core		dram		uncore
Socket0	49.251118 W |	44.134438 W	4.652343 W	0 W	

Top 5 consumers:
Power		PID	Exe
0.87908953 W	3572328	"/home/boggy/ref_rapl/energy_exp_server/NPB3.4.3/NPB3.4-MPI/bin/mg.C.x"
0.87908953 W	3572331	"/home/boggy/ref_rapl/energy_exp_server/NPB3.4.3/NPB3.4-MPI/bin/mg.C.x"
0.58605975 W	3572330	"/home/boggy/ref_rapl/energy_exp_server/NPB3.4.3/NPB3.4-MPI/bin/mg.C.x"
0.58605975 W	3572309	"/home/boggy/ref_rapl/scaphandre/target/release/scaphandre"
0.58605975 W	3572329	"/home/boggy/ref_rapl/energy_exp_server/NPB3.4.3/NPB3.4-MPI/bin/mg.C.x"
------------------------------------------------------------

Host:	51.169761 W from 
	package 	core		dram		uncore
Socket0	48.98169 W |	43.653893 W	4.654178 W	0 W	

Top 5 consumers:
Power		PID	Exe
0.5502125 W	3572330	"/home/boggy/ref_rapl/energy_exp_server/NPB3.4.3/NPB3.4-MPI/bin/mg.C.x"
0.5502125 W	3572309	"/home/boggy/ref_rapl/scaphandre/target/release/scaphandre"
0.5502125 W	3572328	"/home/boggy/ref_rapl/energy_exp_server/NPB3.4.3/NPB3.4-MPI/bin/mg.C.x"
0.5502125 W	3572331	"/home/boggy/ref_rapl/energy_exp_server/NPB3.4.3/NPB3.4-MPI/bin/mg.C.x"
0.5502125 W	3572329	"/home/boggy/ref_rapl/energy_exp_server/NPB3.4.3/NPB3.4-MPI/bin/mg.C.x"
------------------------------------------------------------

Host:	49.426789 W from 
	package 	core		dram		uncore
Socket0	47.372932 W |	42.991802 W	4.028576 W	0 W	

Top 5 consumers:
Power		PID	Exe
1.0629418 W	3572309	"/home/boggy/ref_rapl/scaphandre/target/release/scaphandre"
0.7972062 W	3572330	"/home/boggy/ref_rapl/energy_exp_server/NPB3.4.3/NPB3.4-MPI/bin/mg.C.x"
0.7972062 W	3572328	"/home/boggy/ref_rapl/energy_exp_server/NPB3.4.3/NPB3.4-MPI/bin/mg.C.x"
0.7972062 W	3572331	"/home/boggy/ref_rapl/energy_exp_server/NPB3.4.3/NPB3.4-MPI/bin/mg.C.x"
0.7972062 W	3572329	"/home/boggy/ref_rapl/energy_exp_server/NPB3.4.3/NPB3.4-MPI/bin/mg.C.x"
------------------------------------------------------------

Host:	46.676584 W from 
	package 	core		dram		uncore
Socket0	42.825817 W |	37.19859 W	4.559584 W	0 W	

Top 5 consumers:
Power		PID	Exe
1.4362026 W	3572330	"/home/boggy/ref_rapl/energy_exp_server/NPB3.4.3/NPB3.4-MPI/bin/mg.C.x"
1.4362026 W	3572329	"/home/boggy/ref_rapl/energy_exp_server/NPB3.4.3/NPB3.4-MPI/bin/mg.C.x"
1.1968355 W	3572309	"/home/boggy/ref_rapl/scaphandre/target/release/scaphandre"
1.1968355 W	3572328	"/home/boggy/ref_rapl/energy_exp_server/NPB3.4.3/NPB3.4-MPI/bin/mg.C.x"
1.1968355 W	3572331	"/home/boggy/ref_rapl/energy_exp_server/NPB3.4.3/NPB3.4-MPI/bin/mg.C.x"
------------------------------------------------------------

Host:	47.432815 W from 
	package 	core		dram		uncore
Socket0	41.69128 W |	36.770145 W	4.632168 W	0 W	

Top 5 consumers:
Power		PID	Exe
1.4594712 W	3572330	"/home/boggy/ref_rapl/energy_exp_server/NPB3.4.3/NPB3.4-MPI/bin/mg.C.x"
1.4594712 W	3572309	"/home/boggy/ref_rapl/scaphandre/target/release/scaphandre"
1.4594712 W	3572328	"/home/boggy/ref_rapl/energy_exp_server/NPB3.4.3/NPB3.4-MPI/bin/mg.C.x"
1.4594712 W	3572331	"/home/boggy/ref_rapl/energy_exp_server/NPB3.4.3/NPB3.4-MPI/bin/mg.C.x"
1.2162261 W	3572329	"/home/boggy/ref_rapl/energy_exp_server/NPB3.4.3/NPB3.4-MPI/bin/mg.C.x"
------------------------------------------------------------

Host:	54.60747 W from 
	package 	core		dram		uncore
Socket0	44.505848 W |	39.51752 W	4.486356 W	0 W	

Top 5 consumers:
Power		PID	Exe
1.1201533 W	3572330	"/home/boggy/ref_rapl/energy_exp_server/NPB3.4.3/NPB3.4-MPI/bin/mg.C.x"
1.1201533 W	3572309	"/home/boggy/ref_rapl/scaphandre/target/release/scaphandre"
1.1201533 W	3572328	"/home/boggy/ref_rapl/energy_exp_server/NPB3.4.3/NPB3.4-MPI/bin/mg.C.x"
1.1201533 W	3572331	"/home/boggy/ref_rapl/energy_exp_server/NPB3.4.3/NPB3.4-MPI/bin/mg.C.x"
1.1201533 W	3572329	"/home/boggy/ref_rapl/energy_exp_server/NPB3.4.3/NPB3.4-MPI/bin/mg.C.x"
------------------------------------------------------------

Host:	55.484642 W from 
	package 	core		dram		uncore
Socket0	53.305714 W |	48.1229 W	4.457169 W	0 W	

Top 5 consumers:
Power		PID	Exe
0.85360986 W	3572330	"/home/boggy/ref_rapl/energy_exp_server/NPB3.4.3/NPB3.4-MPI/bin/mg.C.x"
0.85360986 W	3572309	"/home/boggy/ref_rapl/scaphandre/target/release/scaphandre"
0.85360986 W	3572328	"/home/boggy/ref_rapl/energy_exp_server/NPB3.4.3/NPB3.4-MPI/bin/mg.C.x"
0.85360986 W	3572331	"/home/boggy/ref_rapl/energy_exp_server/NPB3.4.3/NPB3.4-MPI/bin/mg.C.x"
0.85360986 W	3572329	"/home/boggy/ref_rapl/energy_exp_server/NPB3.4.3/NPB3.4-MPI/bin/mg.C.x"
------------------------------------------------------------

Host:	51.582564 W from 
	package 	core		dram		uncore
Socket0	48.13899 W |	43.16727 W	4.530625 W	0 W	

Top 5 consumers:
Power		PID	Exe
1.0581039 W	3572329	"/home/boggy/ref_rapl/energy_exp_server/NPB3.4.3/NPB3.4-MPI/bin/mg.C.x"
0.7935779 W	3572330	"/home/boggy/ref_rapl/energy_exp_server/NPB3.4.3/NPB3.4-MPI/bin/mg.C.x"
0.7935779 W	3572328	"/home/boggy/ref_rapl/energy_exp_server/NPB3.4.3/NPB3.4-MPI/bin/mg.C.x"
0.7935779 W	3572331	"/home/boggy/ref_rapl/energy_exp_server/NPB3.4.3/NPB3.4-MPI/bin/mg.C.x"
0.52905196 W	3572309	"/home/boggy/ref_rapl/scaphandre/target/release/scaphandre"
------------------------------------------------------------

Host:	53.004341 W from 
	package 	core		dram		uncore
Socket0	47.036327 W |	41.656273 W	4.590114 W	0 W	

Top 5 consumers:
Power		PID	Exe
1.0872686 W	3572331	"/home/boggy/ref_rapl/energy_exp_server/NPB3.4.3/NPB3.4-MPI/bin/mg.C.x"
0.81545144 W	3572330	"/home/boggy/ref_rapl/energy_exp_server/NPB3.4.3/NPB3.4-MPI/bin/mg.C.x"
0.81545144 W	3572328	"/home/boggy/ref_rapl/energy_exp_server/NPB3.4.3/NPB3.4-MPI/bin/mg.C.x"
0.81545144 W	3572329	"/home/boggy/ref_rapl/energy_exp_server/NPB3.4.3/NPB3.4-MPI/bin/mg.C.x"
0.5436343 W	3572309	"/home/boggy/ref_rapl/scaphandre/target/release/scaphandre"
------------------------------------------------------------

Host:	52.965553 W from 
	package 	core		dram		uncore
Socket0	48.1651 W |	41.791176 W	4.554263 W	0 W	

Top 5 consumers:
Power		PID	Exe
1.1705095 W	3572328	"/home/boggy/ref_rapl/energy_exp_server/NPB3.4.3/NPB3.4-MPI/bin/mg.C.x"
0.87788206 W	3572330	"/home/boggy/ref_rapl/energy_exp_server/NPB3.4.3/NPB3.4-MPI/bin/mg.C.x"
0.87788206 W	3572331	"/home/boggy/ref_rapl/energy_exp_server/NPB3.4.3/NPB3.4-MPI/bin/mg.C.x"
0.87788206 W	3572329	"/home/boggy/ref_rapl/energy_exp_server/NPB3.4.3/NPB3.4-MPI/bin/mg.C.x"
0.5852547 W	3572309	"/home/boggy/ref_rapl/scaphandre/target/release/scaphandre"
------------------------------------------------------------

Host:	52.895569 W from 
	package 	core		dram		uncore
Socket0	48.29391 W |	44.005207 W	4.697529 W	0 W	

Top 5 consumers:
Power		PID	Exe
1.1689628 W	3572330	"/home/boggy/ref_rapl/energy_exp_server/NPB3.4.3/NPB3.4-MPI/bin/mg.C.x"
0.8767221 W	3572309	"/home/boggy/ref_rapl/scaphandre/target/release/scaphandre"
0.8767221 W	3572328	"/home/boggy/ref_rapl/energy_exp_server/NPB3.4.3/NPB3.4-MPI/bin/mg.C.x"
0.8767221 W	3572331	"/home/boggy/ref_rapl/energy_exp_server/NPB3.4.3/NPB3.4-MPI/bin/mg.C.x"
0.8767221 W	3572329	"/home/boggy/ref_rapl/energy_exp_server/NPB3.4.3/NPB3.4-MPI/bin/mg.C.x"
------------------------------------------------------------

Host:	53.673803 W from 
	package 	core		dram		uncore
Socket0	49.417416 W |	44.0776 W	4.791572 W	0 W	

Top 5 consumers:
Power		PID	Exe
1.1861614 W	3572329	"/home/boggy/ref_rapl/energy_exp_server/NPB3.4.3/NPB3.4-MPI/bin/mg.C.x"
0.8896211 W	3572330	"/home/boggy/ref_rapl/energy_exp_server/NPB3.4.3/NPB3.4-MPI/bin/mg.C.x"
0.8896211 W	3572309	"/home/boggy/ref_rapl/scaphandre/target/release/scaphandre"
0.8896211 W	3572328	"/home/boggy/ref_rapl/energy_exp_server/NPB3.4.3/NPB3.4-MPI/bin/mg.C.x"
0.8896211 W	3572331	"/home/boggy/ref_rapl/energy_exp_server/NPB3.4.3/NPB3.4-MPI/bin/mg.C.x"
------------------------------------------------------------

Host:	55.179114 W from 
	package 	core		dram		uncore
Socket0	49.10491 W |	43.812885 W	4.787256 W	0 W	

Top 5 consumers:
Power		PID	Exe
1.2194278 W	3572330	"/home/boggy/ref_rapl/energy_exp_server/NPB3.4.3/NPB3.4-MPI/bin/mg.C.x"
1.2194278 W	3572328	"/home/boggy/ref_rapl/energy_exp_server/NPB3.4.3/NPB3.4-MPI/bin/mg.C.x"
1.2194278 W	3572331	"/home/boggy/ref_rapl/energy_exp_server/NPB3.4.3/NPB3.4-MPI/bin/mg.C.x"
0.9145709 W	3572309	"/home/boggy/ref_rapl/scaphandre/target/release/scaphandre"
0.9145709 W	3572329	"/home/boggy/ref_rapl/energy_exp_server/NPB3.4.3/NPB3.4-MPI/bin/mg.C.x"
------------------------------------------------------------

Host:	53.306057 W from 
	package 	core		dram		uncore
Socket0	48.641216 W |	43.868073 W	4.733009 W	0 W	

Top 5 consumers:
Power		PID	Exe
0.8835258 W	3572330	"/home/boggy/ref_rapl/energy_exp_server/NPB3.4.3/NPB3.4-MPI/bin/mg.C.x"
0.8835258 W	3572309	"/home/boggy/ref_rapl/scaphandre/target/release/scaphandre"
0.8835258 W	3572328	"/home/boggy/ref_rapl/energy_exp_server/NPB3.4.3/NPB3.4-MPI/bin/mg.C.x"
0.8835258 W	3572331	"/home/boggy/ref_rapl/energy_exp_server/NPB3.4.3/NPB3.4-MPI/bin/mg.C.x"
0.8835258 W	3572329	"/home/boggy/ref_rapl/energy_exp_server/NPB3.4.3/NPB3.4-MPI/bin/mg.C.x"
------------------------------------------------------------

Host:	53.053018 W from 
	package 	core		dram		uncore
Socket0	49.80117 W |	43.80717 W	4.858224 W	0 W	

Top 5 consumers:
Power		PID	Exe
1.1724423 W	3572329	"/home/boggy/ref_rapl/energy_exp_server/NPB3.4.3/NPB3.4-MPI/bin/mg.C.x"
0.87933177 W	3572330	"/home/boggy/ref_rapl/energy_exp_server/NPB3.4.3/NPB3.4-MPI/bin/mg.C.x"
0.87933177 W	3572328	"/home/boggy/ref_rapl/energy_exp_server/NPB3.4.3/NPB3.4-MPI/bin/mg.C.x"
0.87933177 W	3572331	"/home/boggy/ref_rapl/energy_exp_server/NPB3.4.3/NPB3.4-MPI/bin/mg.C.x"
0.58622116 W	3572309	"/home/boggy/ref_rapl/scaphandre/target/release/scaphandre"
------------------------------------------------------------

Host:	53.70286 W from 
	package 	core		dram		uncore
Socket0	48.566956 W |	43.936 W	4.723958 W	0 W	

Top 5 consumers:
Power		PID	Exe
1.3425715 W	3572328	"/home/boggy/ref_rapl/energy_exp_server/NPB3.4.3/NPB3.4-MPI/bin/mg.C.x"
1.3425715 W	3572331	"/home/boggy/ref_rapl/energy_exp_server/NPB3.4.3/NPB3.4-MPI/bin/mg.C.x"
1.0069287 W	3572330	"/home/boggy/ref_rapl/energy_exp_server/NPB3.4.3/NPB3.4-MPI/bin/mg.C.x"
1.0069287 W	3572309	"/home/boggy/ref_rapl/scaphandre/target/release/scaphandre"
1.0069287 W	3572329	"/home/boggy/ref_rapl/energy_exp_server/NPB3.4.3/NPB3.4-MPI/bin/mg.C.x"
------------------------------------------------------------

Host:	54.022532 W from 
	package 	core		dram		uncore
Socket0	48.076466 W |	43.270428 W	4.156952 W	0 W	

Top 5 consumers:
Power		PID	Exe
1.3505633 W	3572330	"/home/boggy/ref_rapl/energy_exp_server/NPB3.4.3/NPB3.4-MPI/bin/mg.C.x"
1.0129225 W	3572309	"/home/boggy/ref_rapl/scaphandre/target/release/scaphandre"
1.0129225 W	3572328	"/home/boggy/ref_rapl/energy_exp_server/NPB3.4.3/NPB3.4-MPI/bin/mg.C.x"
1.0129225 W	3572331	"/home/boggy/ref_rapl/energy_exp_server/NPB3.4.3/NPB3.4-MPI/bin/mg.C.x"
1.0129225 W	3572329	"/home/boggy/ref_rapl/energy_exp_server/NPB3.4.3/NPB3.4-MPI/bin/mg.C.x"
------------------------------------------------------------

Host:	55.703447 W from 
	package 	core		dram		uncore
Socket0	50.859318 W |	46.30122 W	4.250969 W	0 W	

Top 5 consumers:
Power		PID	Exe
1.0444397 W	3572330	"/home/boggy/ref_rapl/energy_exp_server/NPB3.4.3/NPB3.4-MPI/bin/mg.C.x"
1.0444397 W	3572328	"/home/boggy/ref_rapl/energy_exp_server/NPB3.4.3/NPB3.4-MPI/bin/mg.C.x"
1.0444397 W	3572331	"/home/boggy/ref_rapl/energy_exp_server/NPB3.4.3/NPB3.4-MPI/bin/mg.C.x"
1.0444397 W	3572329	"/home/boggy/ref_rapl/energy_exp_server/NPB3.4.3/NPB3.4-MPI/bin/mg.C.x"
0.69629306 W	3572309	"/home/boggy/ref_rapl/scaphandre/target/release/scaphandre"
------------------------------------------------------------

Host:	55.743324 W from 
	package 	core		dram		uncore
Socket0	51.319145 W |	46.50106 W	4.57062 W	0 W	

Top 5 consumers:
Power		PID	Exe
1.0451874 W	3572330	"/home/boggy/ref_rapl/energy_exp_server/NPB3.4.3/NPB3.4-MPI/bin/mg.C.x"
1.0451874 W	3572328	"/home/boggy/ref_rapl/energy_exp_server/NPB3.4.3/NPB3.4-MPI/bin/mg.C.x"
1.0451874 W	3572331	"/home/boggy/ref_rapl/energy_exp_server/NPB3.4.3/NPB3.4-MPI/bin/mg.C.x"
1.0451874 W	3572329	"/home/boggy/ref_rapl/energy_exp_server/NPB3.4.3/NPB3.4-MPI/bin/mg.C.x"
0.6967916 W	3572309	"/home/boggy/ref_rapl/scaphandre/target/release/scaphandre"
------------------------------------------------------------

Host:	57.001075 W from 
	package 	core		dram		uncore
Socket0	52.492992 W |	46.60389 W	4.520365 W	0 W	

Top 5 consumers:
Power		PID	Exe
1.0687703 W	3572330	"/home/boggy/ref_rapl/energy_exp_server/NPB3.4.3/NPB3.4-MPI/bin/mg.C.x"
1.0687703 W	3572309	"/home/boggy/ref_rapl/scaphandre/target/release/scaphandre"
1.0687703 W	3572328	"/home/boggy/ref_rapl/energy_exp_server/NPB3.4.3/NPB3.4-MPI/bin/mg.C.x"
1.0687703 W	3572331	"/home/boggy/ref_rapl/energy_exp_server/NPB3.4.3/NPB3.4-MPI/bin/mg.C.x"
1.0687703 W	3572329	"/home/boggy/ref_rapl/energy_exp_server/NPB3.4.3/NPB3.4-MPI/bin/mg.C.x"
------------------------------------------------------------

Host:	57.086494 W from 
	package 	core		dram		uncore
Socket0	52.195473 W |	46.546738 W	4.650457 W	0 W	

Top 5 consumers:
Power		PID	Exe
1.4271624 W	3572329	"/home/boggy/ref_rapl/energy_exp_server/NPB3.4.3/NPB3.4-MPI/bin/mg.C.x"
1.0703719 W	3572330	"/home/boggy/ref_rapl/energy_exp_server/NPB3.4.3/NPB3.4-MPI/bin/mg.C.x"
1.0703719 W	3572328	"/home/boggy/ref_rapl/energy_exp_server/NPB3.4.3/NPB3.4-MPI/bin/mg.C.x"
1.0703719 W	3572331	"/home/boggy/ref_rapl/energy_exp_server/NPB3.4.3/NPB3.4-MPI/bin/mg.C.x"
0.7135812 W	3572309	"/home/boggy/ref_rapl/scaphandre/target/release/scaphandre"
------------------------------------------------------------

Host:	55.959907 W from 
	package 	core		dram		uncore
Socket0	50.897545 W |	46.349327 W	4.547118 W	0 W	

Top 5 consumers:
Power		PID	Exe
1.0492483 W	3572330	"/home/boggy/ref_rapl/energy_exp_server/NPB3.4.3/NPB3.4-MPI/bin/mg.C.x"
1.0492483 W	3572309	"/home/boggy/ref_rapl/scaphandre/target/release/scaphandre"
1.0492483 W	3572328	"/home/boggy/ref_rapl/energy_exp_server/NPB3.4.3/NPB3.4-MPI/bin/mg.C.x"
1.0492483 W	3572331	"/home/boggy/ref_rapl/energy_exp_server/NPB3.4.3/NPB3.4-MPI/bin/mg.C.x"
1.0492483 W	3572329	"/home/boggy/ref_rapl/energy_exp_server/NPB3.4.3/NPB3.4-MPI/bin/mg.C.x"
------------------------------------------------------------

Host:	52.758105 W from 
	package 	core		dram		uncore
Socket0	51.425385 W |	46.34724 W	4.588884 W	0 W	

Top 5 consumers:
Power		PID	Exe
0.9096225 W	3572330	"/home/boggy/ref_rapl/energy_exp_server/NPB3.4.3/NPB3.4-MPI/bin/mg.C.x"
0.9096225 W	3572328	"/home/boggy/ref_rapl/energy_exp_server/NPB3.4.3/NPB3.4-MPI/bin/mg.C.x"
0.9096225 W	3572331	"/home/boggy/ref_rapl/energy_exp_server/NPB3.4.3/NPB3.4-MPI/bin/mg.C.x"
0.9096225 W	3572329	"/home/boggy/ref_rapl/energy_exp_server/NPB3.4.3/NPB3.4-MPI/bin/mg.C.x"
0.606415 W	3572309	"/home/boggy/ref_rapl/scaphandre/target/release/scaphandre"
------------------------------------------------------------

Host:	54.697758 W from 
	package 	core		dram		uncore
Socket0	47.972614 W |	43.374653 W	4.459532 W	0 W	

Top 5 consumers:
Power		PID	Exe
1.2574197 W	3572330	"/home/boggy/ref_rapl/energy_exp_server/NPB3.4.3/NPB3.4-MPI/bin/mg.C.x"
1.2574197 W	3572328	"/home/boggy/ref_rapl/energy_exp_server/NPB3.4.3/NPB3.4-MPI/bin/mg.C.x"
1.2574197 W	3572331	"/home/boggy/ref_rapl/energy_exp_server/NPB3.4.3/NPB3.4-MPI/bin/mg.C.x"
0.94306475 W	3572309	"/home/boggy/ref_rapl/scaphandre/target/release/scaphandre"
0.94306475 W	3572329	"/home/boggy/ref_rapl/energy_exp_server/NPB3.4.3/NPB3.4-MPI/bin/mg.C.x"
------------------------------------------------------------

Host:	53.399227 W from 
	package 	core		dram		uncore
Socket0	49.57469 W |	43.962276 W	4.814741 W	0 W	

Top 5 consumers:
Power		PID	Exe
0.9206763 W	3572330	"/home/boggy/ref_rapl/energy_exp_server/NPB3.4.3/NPB3.4-MPI/bin/mg.C.x"
0.9206763 W	3572328	"/home/boggy/ref_rapl/energy_exp_server/NPB3.4.3/NPB3.4-MPI/bin/mg.C.x"
0.9206763 W	3572331	"/home/boggy/ref_rapl/energy_exp_server/NPB3.4.3/NPB3.4-MPI/bin/mg.C.x"
0.9206763 W	3572329	"/home/boggy/ref_rapl/energy_exp_server/NPB3.4.3/NPB3.4-MPI/bin/mg.C.x"
0.6137842 W	3572309	"/home/boggy/ref_rapl/scaphandre/target/release/scaphandre"
------------------------------------------------------------

Host:	53.310744 W from 
	package 	core		dram		uncore
Socket0	48.65779 W |	44.138 W	4.750623 W	0 W	

Top 5 consumers:
Power		PID	Exe
1.2255343 W	3572331	"/home/boggy/ref_rapl/energy_exp_server/NPB3.4.3/NPB3.4-MPI/bin/mg.C.x"
1.2255343 W	3572329	"/home/boggy/ref_rapl/energy_exp_server/NPB3.4.3/NPB3.4-MPI/bin/mg.C.x"
0.91915077 W	3572330	"/home/boggy/ref_rapl/energy_exp_server/NPB3.4.3/NPB3.4-MPI/bin/mg.C.x"
0.91915077 W	3572309	"/home/boggy/ref_rapl/scaphandre/target/release/scaphandre"
0.91915077 W	3572328	"/home/boggy/ref_rapl/energy_exp_server/NPB3.4.3/NPB3.4-MPI/bin/mg.C.x"
------------------------------------------------------------

Host:	54.560829 W from 
	package 	core		dram		uncore
Socket0	50.090183 W |	43.817253 W	4.740244 W	0 W	

Top 5 consumers:
Power		PID	Exe
1.2542719 W	3572330	"/home/boggy/ref_rapl/energy_exp_server/NPB3.4.3/NPB3.4-MPI/bin/mg.C.x"
1.2542719 W	3572328	"/home/boggy/ref_rapl/energy_exp_server/NPB3.4.3/NPB3.4-MPI/bin/mg.C.x"
0.9407039 W	3572331	"/home/boggy/ref_rapl/energy_exp_server/NPB3.4.3/NPB3.4-MPI/bin/mg.C.x"
0.9407039 W	3572329	"/home/boggy/ref_rapl/energy_exp_server/NPB3.4.3/NPB3.4-MPI/bin/mg.C.x"
0.62713593 W	3572309	"/home/boggy/ref_rapl/scaphandre/target/release/scaphandre"
------------------------------------------------------------

Host:	53.971215 W from 
	package 	core		dram		uncore
Socket0	48.36744 W |	43.958042 W	4.846619 W	0 W	

Top 5 consumers:
Power		PID	Exe
1.2407176 W	3572329	"/home/boggy/ref_rapl/energy_exp_server/NPB3.4.3/NPB3.4-MPI/bin/mg.C.x"
0.9305382 W	3572330	"/home/boggy/ref_rapl/energy_exp_server/NPB3.4.3/NPB3.4-MPI/bin/mg.C.x"
0.9305382 W	3572309	"/home/boggy/ref_rapl/scaphandre/target/release/scaphandre"
0.9305382 W	3572328	"/home/boggy/ref_rapl/energy_exp_server/NPB3.4.3/NPB3.4-MPI/bin/mg.C.x"
0.9305382 W	3572331	"/home/boggy/ref_rapl/energy_exp_server/NPB3.4.3/NPB3.4-MPI/bin/mg.C.x"
------------------------------------------------------------

Host:	53.0822 W from 
	package 	core		dram		uncore
Socket0	49.06615 W |	44.02424 W	4.756328 W	0 W	

Top 5 consumers:
Power		PID	Exe
0.9830037 W	3572330	"/home/boggy/ref_rapl/energy_exp_server/NPB3.4.3/NPB3.4-MPI/bin/mg.C.x"
0.9830037 W	3572309	"/home/boggy/ref_rapl/scaphandre/target/release/scaphandre"
0.9830037 W	3572328	"/home/boggy/ref_rapl/energy_exp_server/NPB3.4.3/NPB3.4-MPI/bin/mg.C.x"
0.9830037 W	3572331	"/home/boggy/ref_rapl/energy_exp_server/NPB3.4.3/NPB3.4-MPI/bin/mg.C.x"
0.9830037 W	3572329	"/home/boggy/ref_rapl/energy_exp_server/NPB3.4.3/NPB3.4-MPI/bin/mg.C.x"
------------------------------------------------------------

Host:	53.011872 W from 
	package 	core		dram		uncore
Socket0	49.746136 W |	44.01572 W	4.69549 W	0 W	

Top 5 consumers:
Power		PID	Exe
1.3089352 W	3572330	"/home/boggy/ref_rapl/energy_exp_server/NPB3.4.3/NPB3.4-MPI/bin/mg.C.x"
1.3089352 W	3572328	"/home/boggy/ref_rapl/energy_exp_server/NPB3.4.3/NPB3.4-MPI/bin/mg.C.x"
1.3089352 W	3572331	"/home/boggy/ref_rapl/energy_exp_server/NPB3.4.3/NPB3.4-MPI/bin/mg.C.x"
0.9817013 W	3572329	"/home/boggy/ref_rapl/energy_exp_server/NPB3.4.3/NPB3.4-MPI/bin/mg.C.x"
0.6544676 W	3572309	"/home/boggy/ref_rapl/scaphandre/target/release/scaphandre"
------------------------------------------------------------

Host:	52.008477 W from 
	package 	core		dram		uncore
Socket0	47.344402 W |	43.164185 W	4.204398 W	0 W	

Top 5 consumers:
Power		PID	Exe
1.2841599 W	3572329	"/home/boggy/ref_rapl/energy_exp_server/NPB3.4.3/NPB3.4-MPI/bin/mg.C.x"
0.9631199 W	3572330	"/home/boggy/ref_rapl/energy_exp_server/NPB3.4.3/NPB3.4-MPI/bin/mg.C.x"
0.9631199 W	3572309	"/home/boggy/ref_rapl/scaphandre/target/release/scaphandre"
0.9631199 W	3572328	"/home/boggy/ref_rapl/energy_exp_server/NPB3.4.3/NPB3.4-MPI/bin/mg.C.x"
0.9631199 W	3572331	"/home/boggy/ref_rapl/energy_exp_server/NPB3.4.3/NPB3.4-MPI/bin/mg.C.x"
------------------------------------------------------------

Host:	52.511533 W from 
	package 	core		dram		uncore
Socket0	48.567142 W |	43.018566 W	4.448177 W	0 W	

Top 5 consumers:
Power		PID	Exe
0.9724358 W	3572330	"/home/boggy/ref_rapl/energy_exp_server/NPB3.4.3/NPB3.4-MPI/bin/mg.C.x"
0.9724358 W	3572328	"/home/boggy/ref_rapl/energy_exp_server/NPB3.4.3/NPB3.4-MPI/bin/mg.C.x"
0.9724358 W	3572331	"/home/boggy/ref_rapl/energy_exp_server/NPB3.4.3/NPB3.4-MPI/bin/mg.C.x"
0.9724358 W	3572329	"/home/boggy/ref_rapl/energy_exp_server/NPB3.4.3/NPB3.4-MPI/bin/mg.C.x"
0.6482905 W	3572309	"/home/boggy/ref_rapl/scaphandre/target/release/scaphandre"
------------------------------------------------------------

Host:	51.559384 W from 
	package 	core		dram		uncore
Socket0	47.55788 W |	42.74246 W	4.773754 W	0 W	

Top 5 consumers:
Power		PID	Exe
0.95480335 W	3572330	"/home/boggy/ref_rapl/energy_exp_server/NPB3.4.3/NPB3.4-MPI/bin/mg.C.x"
0.95480335 W	3572328	"/home/boggy/ref_rapl/energy_exp_server/NPB3.4.3/NPB3.4-MPI/bin/mg.C.x"
0.95480335 W	3572331	"/home/boggy/ref_rapl/energy_exp_server/NPB3.4.3/NPB3.4-MPI/bin/mg.C.x"
0.95480335 W	3572329	"/home/boggy/ref_rapl/energy_exp_server/NPB3.4.3/NPB3.4-MPI/bin/mg.C.x"
0.63653564 W	3572309	"/home/boggy/ref_rapl/scaphandre/target/release/scaphandre"
------------------------------------------------------------

Host:	48.336249 W from 
	package 	core		dram		uncore
Socket0	47.7478 W |	41.982937 W	4.176084 W	0 W	

Top 5 consumers:
Power		PID	Exe
1.1934876 W	3572330	"/home/boggy/ref_rapl/energy_exp_server/NPB3.4.3/NPB3.4-MPI/bin/mg.C.x"
1.1934876 W	3572309	"/home/boggy/ref_rapl/scaphandre/target/release/scaphandre"
1.1934876 W	3572328	"/home/boggy/ref_rapl/energy_exp_server/NPB3.4.3/NPB3.4-MPI/bin/mg.C.x"
1.1934876 W	3572331	"/home/boggy/ref_rapl/energy_exp_server/NPB3.4.3/NPB3.4-MPI/bin/mg.C.x"
1.1934876 W	3572329	"/home/boggy/ref_rapl/energy_exp_server/NPB3.4.3/NPB3.4-MPI/bin/mg.C.x"
------------------------------------------------------------

Host:	46.917774 W from 
	package 	core		dram		uncore
Socket0	41.992126 W |	36.82519 W	4.534585 W	0 W	

Top 5 consumers:
Power		PID	Exe
1.6086092 W	3572309	"/home/boggy/ref_rapl/scaphandre/target/release/scaphandre"
1.6086092 W	3572331	"/home/boggy/ref_rapl/energy_exp_server/NPB3.4.3/NPB3.4-MPI/bin/mg.C.x"
1.6086092 W	3572329	"/home/boggy/ref_rapl/energy_exp_server/NPB3.4.3/NPB3.4-MPI/bin/mg.C.x"
1.3405079 W	3572330	"/home/boggy/ref_rapl/energy_exp_server/NPB3.4.3/NPB3.4-MPI/bin/mg.C.x"
1.3405079 W	3572328	"/home/boggy/ref_rapl/energy_exp_server/NPB3.4.3/NPB3.4-MPI/bin/mg.C.x"
------------------------------------------------------------

Host:	47.352914 W from 
	package 	core		dram		uncore
Socket0	41.88887 W |	37.438015 W	4.648553 W	0 W	

Top 5 consumers:
Power		PID	Exe
1.6235284 W	3572330	"/home/boggy/ref_rapl/energy_exp_server/NPB3.4.3/NPB3.4-MPI/bin/mg.C.x"
1.6235284 W	3572309	"/home/boggy/ref_rapl/scaphandre/target/release/scaphandre"
1.6235284 W	3572328	"/home/boggy/ref_rapl/energy_exp_server/NPB3.4.3/NPB3.4-MPI/bin/mg.C.x"
1.3529403 W	3572331	"/home/boggy/ref_rapl/energy_exp_server/NPB3.4.3/NPB3.4-MPI/bin/mg.C.x"
1.3529403 W	3572329	"/home/boggy/ref_rapl/energy_exp_server/NPB3.4.3/NPB3.4-MPI/bin/mg.C.x"
------------------------------------------------------------

Host:	55.803712 W from 
	package 	core		dram		uncore
Socket0	45.528812 W |	40.27196 W	4.564455 W	0 W	

Top 5 consumers:
Power		PID	Exe
0.956635 W	3572330	"/home/boggy/ref_rapl/energy_exp_server/NPB3.4.3/NPB3.4-MPI/bin/mg.C.x"
0.956635 W	3572328	"/home/boggy/ref_rapl/energy_exp_server/NPB3.4.3/NPB3.4-MPI/bin/mg.C.x"
0.956635 W	3572331	"/home/boggy/ref_rapl/energy_exp_server/NPB3.4.3/NPB3.4-MPI/bin/mg.C.x"
0.956635 W	3572329	"/home/boggy/ref_rapl/energy_exp_server/NPB3.4.3/NPB3.4-MPI/bin/mg.C.x"
0.6377567 W	3572309	"/home/boggy/ref_rapl/scaphandre/target/release/scaphandre"
------------------------------------------------------------

Host:	56.867163 W from 
	package 	core		dram		uncore
Socket0	53.072792 W |	47.979317 W	4.387032 W	0 W	

Top 5 consumers:
Power		PID	Exe
1.2998208 W	3572329	"/home/boggy/ref_rapl/energy_exp_server/NPB3.4.3/NPB3.4-MPI/bin/mg.C.x"
0.97486556 W	3572330	"/home/boggy/ref_rapl/energy_exp_server/NPB3.4.3/NPB3.4-MPI/bin/mg.C.x"
0.97486556 W	3572309	"/home/boggy/ref_rapl/scaphandre/target/release/scaphandre"
0.97486556 W	3572328	"/home/boggy/ref_rapl/energy_exp_server/NPB3.4.3/NPB3.4-MPI/bin/mg.C.x"
0.97486556 W	3572331	"/home/boggy/ref_rapl/energy_exp_server/NPB3.4.3/NPB3.4-MPI/bin/mg.C.x"
------------------------------------------------------------

Host:	51.537714 W from 
	package 	core		dram		uncore
Socket0	49.61263 W |	43.07391 W	4.38174 W	0 W	

Top 5 consumers:
Power		PID	Exe
1.1780049 W	3572331	"/home/boggy/ref_rapl/energy_exp_server/NPB3.4.3/NPB3.4-MPI/bin/mg.C.x"
0.8835036 W	3572330	"/home/boggy/ref_rapl/energy_exp_server/NPB3.4.3/NPB3.4-MPI/bin/mg.C.x"
0.8835036 W	3572309	"/home/boggy/ref_rapl/scaphandre/target/release/scaphandre"
0.8835036 W	3572328	"/home/boggy/ref_rapl/energy_exp_server/NPB3.4.3/NPB3.4-MPI/bin/mg.C.x"
0.8835036 W	3572329	"/home/boggy/ref_rapl/energy_exp_server/NPB3.4.3/NPB3.4-MPI/bin/mg.C.x"
------------------------------------------------------------

Host:	51.144528 W from 
	package 	core		dram		uncore
Socket0	47.002216 W |	41.871017 W	4.555266 W	0 W	

Top 5 consumers:
Power		PID	Exe
1.1690178 W	3572328	"/home/boggy/ref_rapl/energy_exp_server/NPB3.4.3/NPB3.4-MPI/bin/mg.C.x"
0.8767633 W	3572330	"/home/boggy/ref_rapl/energy_exp_server/NPB3.4.3/NPB3.4-MPI/bin/mg.C.x"
0.8767633 W	3572331	"/home/boggy/ref_rapl/energy_exp_server/NPB3.4.3/NPB3.4-MPI/bin/mg.C.x"
0.8767633 W	3572329	"/home/boggy/ref_rapl/energy_exp_server/NPB3.4.3/NPB3.4-MPI/bin/mg.C.x"
0.5845089 W	3572309	"/home/boggy/ref_rapl/scaphandre/target/release/scaphandre"
------------------------------------------------------------

Host:	53.5783 W from 
	package 	core		dram		uncore
Socket0	46.80126 W |	42.11921 W	4.678655 W	0 W	

Top 5 consumers:
Power		PID	Exe
1.2246468 W	3572330	"/home/boggy/ref_rapl/energy_exp_server/NPB3.4.3/NPB3.4-MPI/bin/mg.C.x"
0.91848505 W	3572309	"/home/boggy/ref_rapl/scaphandre/target/release/scaphandre"
0.91848505 W	3572328	"/home/boggy/ref_rapl/energy_exp_server/NPB3.4.3/NPB3.4-MPI/bin/mg.C.x"
0.91848505 W	3572331	"/home/boggy/ref_rapl/energy_exp_server/NPB3.4.3/NPB3.4-MPI/bin/mg.C.x"
0.91848505 W	3572329	"/home/boggy/ref_rapl/energy_exp_server/NPB3.4.3/NPB3.4-MPI/bin/mg.C.x"
------------------------------------------------------------

Host:	54.681056 W from 
	package 	core		dram		uncore
Socket0	49.687737 W |	43.74949 W	4.701095 W	0 W	

Top 5 consumers:
Power		PID	Exe
1.2498527 W	3572329	"/home/boggy/ref_rapl/energy_exp_server/NPB3.4.3/NPB3.4-MPI/bin/mg.C.x"
0.9373895 W	3572330	"/home/boggy/ref_rapl/energy_exp_server/NPB3.4.3/NPB3.4-MPI/bin/mg.C.x"
0.9373895 W	3572328	"/home/boggy/ref_rapl/energy_exp_server/NPB3.4.3/NPB3.4-MPI/bin/mg.C.x"
0.9373895 W	3572331	"/home/boggy/ref_rapl/energy_exp_server/NPB3.4.3/NPB3.4-MPI/bin/mg.C.x"
0.6249263 W	3572309	"/home/boggy/ref_rapl/scaphandre/target/release/scaphandre"
------------------------------------------------------------

Host:	52.84726 W from 
	package 	core		dram		uncore
Socket0	48.607067 W |	44.251728 W	4.837199 W	0 W	

Top 5 consumers:
Power		PID	Exe
1.2079372 W	3572328	"/home/boggy/ref_rapl/energy_exp_server/NPB3.4.3/NPB3.4-MPI/bin/mg.C.x"
1.2079372 W	3572331	"/home/boggy/ref_rapl/energy_exp_server/NPB3.4.3/NPB3.4-MPI/bin/mg.C.x"
0.905953 W	3572330	"/home/boggy/ref_rapl/energy_exp_server/NPB3.4.3/NPB3.4-MPI/bin/mg.C.x"
0.905953 W	3572309	"/home/boggy/ref_rapl/scaphandre/target/release/scaphandre"
0.905953 W	3572329	"/home/boggy/ref_rapl/energy_exp_server/NPB3.4.3/NPB3.4-MPI/bin/mg.C.x"
------------------------------------------------------------

Host:	54.470731 W from 
	package 	core		dram		uncore
Socket0	49.580185 W |	44.056347 W	4.66327 W	0 W	

Top 5 consumers:
Power		PID	Exe
1.2450453 W	3572330	"/home/boggy/ref_rapl/energy_exp_server/NPB3.4.3/NPB3.4-MPI/bin/mg.C.x"
0.9337839 W	3572309	"/home/boggy/ref_rapl/scaphandre/target/release/scaphandre"
0.9337839 W	3572328	"/home/boggy/ref_rapl/energy_exp_server/NPB3.4.3/NPB3.4-MPI/bin/mg.C.x"
0.9337839 W	3572331	"/home/boggy/ref_rapl/energy_exp_server/NPB3.4.3/NPB3.4-MPI/bin/mg.C.x"
0.9337839 W	3572329	"/home/boggy/ref_rapl/energy_exp_server/NPB3.4.3/NPB3.4-MPI/bin/mg.C.x"
------------------------------------------------------------

Host:	53.610111 W from 
	package 	core		dram		uncore
Socket0	49.710407 W |	44.024 W	4.841332 W	0 W	

Top 5 consumers:
Power		PID	Exe
1.2253739 W	3572329	"/home/boggy/ref_rapl/energy_exp_server/NPB3.4.3/NPB3.4-MPI/bin/mg.C.x"
0.9190304 W	3572330	"/home/boggy/ref_rapl/energy_exp_server/NPB3.4.3/NPB3.4-MPI/bin/mg.C.x"
0.9190304 W	3572309	"/home/boggy/ref_rapl/scaphandre/target/release/scaphandre"
0.9190304 W	3572328	"/home/boggy/ref_rapl/energy_exp_server/NPB3.4.3/NPB3.4-MPI/bin/mg.C.x"
0.9190304 W	3572331	"/home/boggy/ref_rapl/energy_exp_server/NPB3.4.3/NPB3.4-MPI/bin/mg.C.x"
------------------------------------------------------------

Host:	54.67465 W from 
	package 	core		dram		uncore
Socket0	48.81019 W |	43.92759 W	4.750286 W	0 W	

Top 5 consumers:
Power		PID	Exe
1.2497063 W	3572331	"/home/boggy/ref_rapl/energy_exp_server/NPB3.4.3/NPB3.4-MPI/bin/mg.C.x"
0.9372797 W	3572330	"/home/boggy/ref_rapl/energy_exp_server/NPB3.4.3/NPB3.4-MPI/bin/mg.C.x"
0.9372797 W	3572328	"/home/boggy/ref_rapl/energy_exp_server/NPB3.4.3/NPB3.4-MPI/bin/mg.C.x"
0.9372797 W	3572329	"/home/boggy/ref_rapl/energy_exp_server/NPB3.4.3/NPB3.4-MPI/bin/mg.C.x"
0.62485313 W	3572309	"/home/boggy/ref_rapl/scaphandre/target/release/scaphandre"
------------------------------------------------------------

Host:	52.774468 W from 
	package 	core		dram		uncore
Socket0	48.504955 W |	44.083847 W	4.832679 W	0 W	

Top 5 consumers:
Power		PID	Exe
1.3193618 W	3572330	"/home/boggy/ref_rapl/energy_exp_server/NPB3.4.3/NPB3.4-MPI/bin/mg.C.x"
1.3193618 W	3572328	"/home/boggy/ref_rapl/energy_exp_server/NPB3.4.3/NPB3.4-MPI/bin/mg.C.x"
0.9895213 W	3572309	"/home/boggy/ref_rapl/scaphandre/target/release/scaphandre"
0.9895213 W	3572331	"/home/boggy/ref_rapl/energy_exp_server/NPB3.4.3/NPB3.4-MPI/bin/mg.C.x"
0.9895213 W	3572329	"/home/boggy/ref_rapl/energy_exp_server/NPB3.4.3/NPB3.4-MPI/bin/mg.C.x"
------------------------------------------------------------

Host:	54.547955 W from 
	package 	core		dram		uncore
Socket0	48.79484 W |	43.235657 W	4.00238 W	0 W	

Top 5 consumers:
Power		PID	Exe
1.0227742 W	3572330	"/home/boggy/ref_rapl/energy_exp_server/NPB3.4.3/NPB3.4-MPI/bin/mg.C.x"
1.0227742 W	3572328	"/home/boggy/ref_rapl/energy_exp_server/NPB3.4.3/NPB3.4-MPI/bin/mg.C.x"
1.0227742 W	3572331	"/home/boggy/ref_rapl/energy_exp_server/NPB3.4.3/NPB3.4-MPI/bin/mg.C.x"
1.0227742 W	3572329	"/home/boggy/ref_rapl/energy_exp_server/NPB3.4.3/NPB3.4-MPI/bin/mg.C.x"
0.6818494 W	3572309	"/home/boggy/ref_rapl/scaphandre/target/release/scaphandre"
------------------------------------------------------------

Host:	56.077047 W from 
	package 	core		dram		uncore
Socket0	51.012375 W |	46.09582 W	4.190658 W	0 W	

Top 5 consumers:
Power		PID	Exe
1.0514448 W	3572330	"/home/boggy/ref_rapl/energy_exp_server/NPB3.4.3/NPB3.4-MPI/bin/mg.C.x"
1.0514448 W	3572328	"/home/boggy/ref_rapl/energy_exp_server/NPB3.4.3/NPB3.4-MPI/bin/mg.C.x"
1.0514448 W	3572331	"/home/boggy/ref_rapl/energy_exp_server/NPB3.4.3/NPB3.4-MPI/bin/mg.C.x"
1.0514448 W	3572329	"/home/boggy/ref_rapl/energy_exp_server/NPB3.4.3/NPB3.4-MPI/bin/mg.C.x"
0.7009631 W	3572309	"/home/boggy/ref_rapl/scaphandre/target/release/scaphandre"
------------------------------------------------------------

Host:	55.488942 W from 
	package 	core		dram		uncore
Socket0	51.375557 W |	46.397892 W	4.587148 W	0 W	

Top 5 consumers:
Power		PID	Exe
1.3872235 W	3572329	"/home/boggy/ref_rapl/energy_exp_server/NPB3.4.3/NPB3.4-MPI/bin/mg.C.x"
1.0404178 W	3572330	"/home/boggy/ref_rapl/energy_exp_server/NPB3.4.3/NPB3.4-MPI/bin/mg.C.x"
1.0404178 W	3572309	"/home/boggy/ref_rapl/scaphandre/target/release/scaphandre"
1.0404178 W	3572328	"/home/boggy/ref_rapl/energy_exp_server/NPB3.4.3/NPB3.4-MPI/bin/mg.C.x"
1.0404178 W	3572331	"/home/boggy/ref_rapl/energy_exp_server/NPB3.4.3/NPB3.4-MPI/bin/mg.C.x"
------------------------------------------------------------

Host:	55.372192 W from 
	package 	core		dram		uncore
Socket0	51.118877 W |	46.50127 W	4.696342 W	0 W	

Top 5 consumers:
Power		PID	Exe
1.3843048 W	3572331	"/home/boggy/ref_rapl/energy_exp_server/NPB3.4.3/NPB3.4-MPI/bin/mg.C.x"
1.0382286 W	3572330	"/home/boggy/ref_rapl/energy_exp_server/NPB3.4.3/NPB3.4-MPI/bin/mg.C.x"
1.0382286 W	3572328	"/home/boggy/ref_rapl/energy_exp_server/NPB3.4.3/NPB3.4-MPI/bin/mg.C.x"
1.0382286 W	3572329	"/home/boggy/ref_rapl/energy_exp_server/NPB3.4.3/NPB3.4-MPI/bin/mg.C.x"
0.6921524 W	3572309	"/home/boggy/ref_rapl/scaphandre/target/release/scaphandre"
------------------------------------------------------------

Host:	56.291938 W from 
	package 	core		dram		uncore
Socket0	52.001415 W |	46.515457 W	4.497225 W	0 W	

Top 5 consumers:
Power		PID	Exe
1.0554739 W	3572330	"/home/boggy/ref_rapl/energy_exp_server/NPB3.4.3/NPB3.4-MPI/bin/mg.C.x"
1.0554739 W	3572309	"/home/boggy/ref_rapl/scaphandre/target/release/scaphandre"
1.0554739 W	3572328	"/home/boggy/ref_rapl/energy_exp_server/NPB3.4.3/NPB3.4-MPI/bin/mg.C.x"
1.0554739 W	3572331	"/home/boggy/ref_rapl/energy_exp_server/NPB3.4.3/NPB3.4-MPI/bin/mg.C.x"
1.0554739 W	3572329	"/home/boggy/ref_rapl/energy_exp_server/NPB3.4.3/NPB3.4-MPI/bin/mg.C.x"
------------------------------------------------------------

Host:	57.908199 W from 
	package 	core		dram		uncore
Socket0	52.25307 W |	46.707043 W	4.640185 W	0 W	

Top 5 consumers:
Power		PID	Exe
1.0857787 W	3572330	"/home/boggy/ref_rapl/energy_exp_server/NPB3.4.3/NPB3.4-MPI/bin/mg.C.x"
1.0857787 W	3572309	"/home/boggy/ref_rapl/scaphandre/target/release/scaphandre"
1.0857787 W	3572328	"/home/boggy/ref_rapl/energy_exp_server/NPB3.4.3/NPB3.4-MPI/bin/mg.C.x"
1.0857787 W	3572331	"/home/boggy/ref_rapl/energy_exp_server/NPB3.4.3/NPB3.4-MPI/bin/mg.C.x"
1.0857787 W	3572329	"/home/boggy/ref_rapl/energy_exp_server/NPB3.4.3/NPB3.4-MPI/bin/mg.C.x"
------------------------------------------------------------

Host:	53.418347 W from 
	package 	core		dram		uncore
Socket0	51.29173 W |	46.614315 W	4.548217 W	0 W	

Top 5 consumers:
Power		PID	Exe
1.2140534 W	3572328	"/home/boggy/ref_rapl/energy_exp_server/NPB3.4.3/NPB3.4-MPI/bin/mg.C.x"
0.91054 W	3572330	"/home/boggy/ref_rapl/energy_exp_server/NPB3.4.3/NPB3.4-MPI/bin/mg.C.x"
0.91054 W	3572331	"/home/boggy/ref_rapl/energy_exp_server/NPB3.4.3/NPB3.4-MPI/bin/mg.C.x"
0.91054 W	3572329	"/home/boggy/ref_rapl/energy_exp_server/NPB3.4.3/NPB3.4-MPI/bin/mg.C.x"
0.6070267 W	3572309	"/home/boggy/ref_rapl/scaphandre/target/release/scaphandre"
------------------------------------------------------------

Host:	52.523549 W from 
	package 	core		dram		uncore
Socket0	49.369686 W |	44.3113 W	3.57095 W	0 W	

Top 5 consumers:
Power		PID	Exe
0.8952878 W	3572330	"/home/boggy/ref_rapl/energy_exp_server/NPB3.4.3/NPB3.4-MPI/bin/mg.C.x"
0.8952878 W	3572309	"/home/boggy/ref_rapl/scaphandre/target/release/scaphandre"
0.8952878 W	3572328	"/home/boggy/ref_rapl/energy_exp_server/NPB3.4.3/NPB3.4-MPI/bin/mg.C.x"
0.8952878 W	3572331	"/home/boggy/ref_rapl/energy_exp_server/NPB3.4.3/NPB3.4-MPI/bin/mg.C.x"
0.8952878 W	3572329	"/home/boggy/ref_rapl/energy_exp_server/NPB3.4.3/NPB3.4-MPI/bin/mg.C.x"
------------------------------------------------------------

Host:	54.751491 W from 
	package 	core		dram		uncore
Socket0	49.130085 W |	43.944744 W	4.611828 W	0 W	

Top 5 consumers:
Power		PID	Exe
1.244352 W	3572330	"/home/boggy/ref_rapl/energy_exp_server/NPB3.4.3/NPB3.4-MPI/bin/mg.C.x"
0.9332641 W	3572328	"/home/boggy/ref_rapl/energy_exp_server/NPB3.4.3/NPB3.4-MPI/bin/mg.C.x"
0.9332641 W	3572331	"/home/boggy/ref_rapl/energy_exp_server/NPB3.4.3/NPB3.4-MPI/bin/mg.C.x"
0.9332641 W	3572329	"/home/boggy/ref_rapl/energy_exp_server/NPB3.4.3/NPB3.4-MPI/bin/mg.C.x"
0.622176 W	3572309	"/home/boggy/ref_rapl/scaphandre/target/release/scaphandre"
------------------------------------------------------------

Host:	53.226088 W from 
	package 	core		dram		uncore
Socket0	49.82699 W |	44.238865 W	4.822891 W	0 W	

Top 5 consumers:
Power		PID	Exe
1.2096838 W	3572331	"/home/boggy/ref_rapl/energy_exp_server/NPB3.4.3/NPB3.4-MPI/bin/mg.C.x"
1.2096838 W	3572329	"/home/boggy/ref_rapl/energy_exp_server/NPB3.4.3/NPB3.4-MPI/bin/mg.C.x"
0.90726286 W	3572330	"/home/boggy/ref_rapl/energy_exp_server/NPB3.4.3/NPB3.4-MPI/bin/mg.C.x"
0.90726286 W	3572309	"/home/boggy/ref_rapl/scaphandre/target/release/scaphandre"
0.90726286 W	3572328	"/home/boggy/ref_rapl/energy_exp_server/NPB3.4.3/NPB3.4-MPI/bin/mg.C.x"
------------------------------------------------------------

Host:	53.948857 W from 
	package 	core		dram		uncore
Socket0	48.667717 W |	44.075687 W	4.722016 W	0 W	

Top 5 consumers:
Power		PID	Exe
1.2261103 W	3572330	"/home/boggy/ref_rapl/energy_exp_server/NPB3.4.3/NPB3.4-MPI/bin/mg.C.x"
1.2261103 W	3572328	"/home/boggy/ref_rapl/energy_exp_server/NPB3.4.3/NPB3.4-MPI/bin/mg.C.x"
0.9195828 W	3572309	"/home/boggy/ref_rapl/scaphandre/target/release/scaphandre"
0.9195828 W	3572331	"/home/boggy/ref_rapl/energy_exp_server/NPB3.4.3/NPB3.4-MPI/bin/mg.C.x"
0.9195828 W	3572329	"/home/boggy/ref_rapl/energy_exp_server/NPB3.4.3/NPB3.4-MPI/bin/mg.C.x"
------------------------------------------------------------

Host:	54.347657 W from 
	package 	core		dram		uncore
Socket0	49.131847 W |	43.92224 W	4.77315 W	0 W	

Top 5 consumers:
Power		PID	Exe
0.9263806 W	3572330	"/home/boggy/ref_rapl/energy_exp_server/NPB3.4.3/NPB3.4-MPI/bin/mg.C.x"
0.9263806 W	3572328	"/home/boggy/ref_rapl/energy_exp_server/NPB3.4.3/NPB3.4-MPI/bin/mg.C.x"
0.9263806 W	3572331	"/home/boggy/ref_rapl/energy_exp_server/NPB3.4.3/NPB3.4-MPI/bin/mg.C.x"
0.9263806 W	3572329	"/home/boggy/ref_rapl/energy_exp_server/NPB3.4.3/NPB3.4-MPI/bin/mg.C.x"
0.617587 W	3572309	"/home/boggy/ref_rapl/scaphandre/target/release/scaphandre"
------------------------------------------------------------

Host:	54.487537 W from 
	package 	core		dram		uncore
Socket0	48.13101 W |	43.453644 W	4.842104 W	0 W	

Top 5 consumers:
Power		PID	Exe
1.2383531 W	3572331	"/home/boggy/ref_rapl/energy_exp_server/NPB3.4.3/NPB3.4-MPI/bin/mg.C.x"
1.2383531 W	3572329	"/home/boggy/ref_rapl/energy_exp_server/NPB3.4.3/NPB3.4-MPI/bin/mg.C.x"
0.9287649 W	3572330	"/home/boggy/ref_rapl/energy_exp_server/NPB3.4.3/NPB3.4-MPI/bin/mg.C.x"
0.9287649 W	3572309	"/home/boggy/ref_rapl/scaphandre/target/release/scaphandre"
0.9287649 W	3572328	"/home/boggy/ref_rapl/energy_exp_server/NPB3.4.3/NPB3.4-MPI/bin/mg.C.x"
------------------------------------------------------------

Host:	54.52394 W from 
	package 	core		dram		uncore
Socket0	50.231224 W |	45.33086 W	4.759584 W	0 W	

Top 5 consumers:
Power		PID	Exe
0.9346961 W	3572330	"/home/boggy/ref_rapl/energy_exp_server/NPB3.4.3/NPB3.4-MPI/bin/mg.C.x"
0.9346961 W	3572328	"/home/boggy/ref_rapl/energy_exp_server/NPB3.4.3/NPB3.4-MPI/bin/mg.C.x"
0.6231307 W	3572309	"/home/boggy/ref_rapl/scaphandre/target/release/scaphandre"
0.6231307 W	3572331	"/home/boggy/ref_rapl/energy_exp_server/NPB3.4.3/NPB3.4-MPI/bin/mg.C.x"
0.6231307 W	3572329	"/home/boggy/ref_rapl/energy_exp_server/NPB3.4.3/NPB3.4-MPI/bin/mg.C.x"
------------------------------------------------------------

Host:	52.780516 W from 
	package 	core		dram		uncore
Socket0	50.6584 W |	44.16685 W	4.668232 W	0 W	

Top 5 consumers:
Power		PID	Exe
0.9048088 W	3572309	"/home/boggy/ref_rapl/scaphandre/target/release/scaphandre"
0.9048088 W	3572329	"/home/boggy/ref_rapl/energy_exp_server/NPB3.4.3/NPB3.4-MPI/bin/mg.C.x"
0.60320586 W	3572330	"/home/boggy/ref_rapl/energy_exp_server/NPB3.4.3/NPB3.4-MPI/bin/mg.C.x"
0.60320586 W	3572328	"/home/boggy/ref_rapl/energy_exp_server/NPB3.4.3/NPB3.4-MPI/bin/mg.C.x"
0.60320586 W	3572331	"/home/boggy/ref_rapl/energy_exp_server/NPB3.4.3/NPB3.4-MPI/bin/mg.C.x"
------------------------------------------------------------

Host:	54.407334 W from 
	package 	core		dram		uncore
Socket0	49.962368 W |	45.474136 W	3.492003 W	0 W	

Top 5 consumers:
Power		PID	Exe
0.62179804 W	3572330	"/home/boggy/ref_rapl/energy_exp_server/NPB3.4.3/NPB3.4-MPI/bin/mg.C.x"
0.62179804 W	3572309	"/home/boggy/ref_rapl/scaphandre/target/release/scaphandre"
0.62179804 W	3572328	"/home/boggy/ref_rapl/energy_exp_server/NPB3.4.3/NPB3.4-MPI/bin/mg.C.x"
0.62179804 W	3572331	"/home/boggy/ref_rapl/energy_exp_server/NPB3.4.3/NPB3.4-MPI/bin/mg.C.x"
0.62179804 W	3572329	"/home/boggy/ref_rapl/energy_exp_server/NPB3.4.3/NPB3.4-MPI/bin/mg.C.x"
------------------------------------------------------------

Host:	52.802094 W from 
	package 	core		dram		uncore
Socket0	49.07372 W |	44.136536 W	4.612027 W	0 W	

Top 5 consumers:
Power		PID	Exe
1.2069049 W	3572331	"/home/boggy/ref_rapl/energy_exp_server/NPB3.4.3/NPB3.4-MPI/bin/mg.C.x"
0.90517867 W	3572330	"/home/boggy/ref_rapl/energy_exp_server/NPB3.4.3/NPB3.4-MPI/bin/mg.C.x"
0.90517867 W	3572328	"/home/boggy/ref_rapl/energy_exp_server/NPB3.4.3/NPB3.4-MPI/bin/mg.C.x"
0.90517867 W	3572329	"/home/boggy/ref_rapl/energy_exp_server/NPB3.4.3/NPB3.4-MPI/bin/mg.C.x"
0.60345244 W	3572309	"/home/boggy/ref_rapl/scaphandre/target/release/scaphandre"
------------------------------------------------------------

Host:	50.555186 W from 
	package 	core		dram		uncore
Socket0	47.97415 W |	42.534492 W	4.696828 W	0 W	

Top 5 consumers:
Power		PID	Exe
1.155547 W	3572330	"/home/boggy/ref_rapl/energy_exp_server/NPB3.4.3/NPB3.4-MPI/bin/mg.C.x"
1.155547 W	3572309	"/home/boggy/ref_rapl/scaphandre/target/release/scaphandre"
1.155547 W	3572328	"/home/boggy/ref_rapl/energy_exp_server/NPB3.4.3/NPB3.4-MPI/bin/mg.C.x"
0.86666024 W	3572331	"/home/boggy/ref_rapl/energy_exp_server/NPB3.4.3/NPB3.4-MPI/bin/mg.C.x"
0.86666024 W	3572329	"/home/boggy/ref_rapl/energy_exp_server/NPB3.4.3/NPB3.4-MPI/bin/mg.C.x"
------------------------------------------------------------

Host:	49.256241 W from 
	package 	core		dram		uncore
Socket0	46.668697 W |	42.442017 W	4.154638 W	0 W	

Top 5 consumers:
Power		PID	Exe
1.1258569 W	3572328	"/home/boggy/ref_rapl/energy_exp_server/NPB3.4.3/NPB3.4-MPI/bin/mg.C.x"
1.1258569 W	3572329	"/home/boggy/ref_rapl/energy_exp_server/NPB3.4.3/NPB3.4-MPI/bin/mg.C.x"
0.8443926 W	3572330	"/home/boggy/ref_rapl/energy_exp_server/NPB3.4.3/NPB3.4-MPI/bin/mg.C.x"
0.8443926 W	3572309	"/home/boggy/ref_rapl/scaphandre/target/release/scaphandre"
0.8443926 W	3572331	"/home/boggy/ref_rapl/energy_exp_server/NPB3.4.3/NPB3.4-MPI/bin/mg.C.x"
------------------------------------------------------------

Host:	47.00698 W from 
	package 	core		dram		uncore
Socket0	42.57298 W |	37.338676 W	4.608428 W	0 W	

Top 5 consumers:
Power		PID	Exe
1.7409992 W	3572330	"/home/boggy/ref_rapl/energy_exp_server/NPB3.4.3/NPB3.4-MPI/bin/mg.C.x"
1.7409992 W	3572309	"/home/boggy/ref_rapl/scaphandre/target/release/scaphandre"
1.7409992 W	3572328	"/home/boggy/ref_rapl/energy_exp_server/NPB3.4.3/NPB3.4-MPI/bin/mg.C.x"
1.7409992 W	3572331	"/home/boggy/ref_rapl/energy_exp_server/NPB3.4.3/NPB3.4-MPI/bin/mg.C.x"
1.4508327 W	3572329	"/home/boggy/ref_rapl/energy_exp_server/NPB3.4.3/NPB3.4-MPI/bin/mg.C.x"
------------------------------------------------------------

Host:	47.39081 W from 
	package 	core		dram		uncore
Socket0	42.513172 W |	36.865223 W	4.561134 W	0 W	

Top 5 consumers:
Power		PID	Exe
1.7552152 W	3572309	"/home/boggy/ref_rapl/scaphandre/target/release/scaphandre"
1.7552152 W	3572331	"/home/boggy/ref_rapl/energy_exp_server/NPB3.4.3/NPB3.4-MPI/bin/mg.C.x"
1.7552152 W	3572329	"/home/boggy/ref_rapl/energy_exp_server/NPB3.4.3/NPB3.4-MPI/bin/mg.C.x"
1.4626794 W	3572330	"/home/boggy/ref_rapl/energy_exp_server/NPB3.4.3/NPB3.4-MPI/bin/mg.C.x"
1.4626794 W	3572328	"/home/boggy/ref_rapl/energy_exp_server/NPB3.4.3/NPB3.4-MPI/bin/mg.C.x"
------------------------------------------------------------

Host:	55.490225 W from 
	package 	core		dram		uncore
Socket0	44.501316 W |	40.18501 W	4.630472 W	0 W	

Top 5 consumers:
Power		PID	Exe
1.370129 W	3572330	"/home/boggy/ref_rapl/energy_exp_server/NPB3.4.3/NPB3.4-MPI/bin/mg.C.x"
1.370129 W	3572328	"/home/boggy/ref_rapl/energy_exp_server/NPB3.4.3/NPB3.4-MPI/bin/mg.C.x"
1.370129 W	3572329	"/home/boggy/ref_rapl/energy_exp_server/NPB3.4.3/NPB3.4-MPI/bin/mg.C.x"
1.0275967 W	3572309	"/home/boggy/ref_rapl/scaphandre/target/release/scaphandre"
1.0275967 W	3572331	"/home/boggy/ref_rapl/energy_exp_server/NPB3.4.3/NPB3.4-MPI/bin/mg.C.x"
------------------------------------------------------------

Host:	56.385894 W from 
	package 	core		dram		uncore
Socket0	53.556408 W |	48.247013 W	4.307684 W	0 W	

Top 5 consumers:
Power		PID	Exe
1.3922442 W	3572331	"/home/boggy/ref_rapl/energy_exp_server/NPB3.4.3/NPB3.4-MPI/bin/mg.C.x"
1.0441831 W	3572330	"/home/boggy/ref_rapl/energy_exp_server/NPB3.4.3/NPB3.4-MPI/bin/mg.C.x"
1.0441831 W	3572328	"/home/boggy/ref_rapl/energy_exp_server/NPB3.4.3/NPB3.4-MPI/bin/mg.C.x"
1.0441831 W	3572329	"/home/boggy/ref_rapl/energy_exp_server/NPB3.4.3/NPB3.4-MPI/bin/mg.C.x"
0.6961221 W	3572309	"/home/boggy/ref_rapl/scaphandre/target/release/scaphandre"
------------------------------------------------------------

Host:	51.45459 W from 
	package 	core		dram		uncore
Socket0	49.654324 W |	43.570606 W	4.502099 W	0 W	

Top 5 consumers:
Power		PID	Exe
1.2704836 W	3572330	"/home/boggy/ref_rapl/energy_exp_server/NPB3.4.3/NPB3.4-MPI/bin/mg.C.x"
1.2704836 W	3572328	"/home/boggy/ref_rapl/energy_exp_server/NPB3.4.3/NPB3.4-MPI/bin/mg.C.x"
0.95286274 W	3572309	"/home/boggy/ref_rapl/scaphandre/target/release/scaphandre"
0.95286274 W	3572331	"/home/boggy/ref_rapl/energy_exp_server/NPB3.4.3/NPB3.4-MPI/bin/mg.C.x"
0.95286274 W	3572329	"/home/boggy/ref_rapl/energy_exp_server/NPB3.4.3/NPB3.4-MPI/bin/mg.C.x"
------------------------------------------------------------

Host:	52.681613 W from 
	package 	core		dram		uncore
Socket0	46.891552 W |	41.90251 W	4.540717 W	0 W	

Top 5 consumers:
Power		PID	Exe
0.97558546 W	3572330	"/home/boggy/ref_rapl/energy_exp_server/NPB3.4.3/NPB3.4-MPI/bin/mg.C.x"
0.97558546 W	3572309	"/home/boggy/ref_rapl/scaphandre/target/release/scaphandre"
0.97558546 W	3572328	"/home/boggy/ref_rapl/energy_exp_server/NPB3.4.3/NPB3.4-MPI/bin/mg.C.x"
0.97558546 W	3572331	"/home/boggy/ref_rapl/energy_exp_server/NPB3.4.3/NPB3.4-MPI/bin/mg.C.x"
0.97558546 W	3572329	"/home/boggy/ref_rapl/energy_exp_server/NPB3.4.3/NPB3.4-MPI/bin/mg.C.x"
------------------------------------------------------------

Host:	52.281938 W from 
	package 	core		dram		uncore
Socket0	47.702 W |	42.099094 W	4.62086 W	0 W	

Top 5 consumers:
Power		PID	Exe
0.87136567 W	3572330	"/home/boggy/ref_rapl/energy_exp_server/NPB3.4.3/NPB3.4-MPI/bin/mg.C.x"
0.87136567 W	3572328	"/home/boggy/ref_rapl/energy_exp_server/NPB3.4.3/NPB3.4-MPI/bin/mg.C.x"
0.87136567 W	3572331	"/home/boggy/ref_rapl/energy_exp_server/NPB3.4.3/NPB3.4-MPI/bin/mg.C.x"
0.58091044 W	3572309	"/home/boggy/ref_rapl/scaphandre/target/release/scaphandre"
0.29045522 W	17	""
------------------------------------------------------------

Host:	55.21122 W from 
	package 	core		dram		uncore
Socket0	49.310074 W |	43.813732 W	4.793894 W	0 W	

Top 5 consumers:
Power		PID	Exe
1.226916 W	3572331	"/home/boggy/ref_rapl/energy_exp_server/NPB3.4.3/NPB3.4-MPI/bin/mg.C.x"
0.92018706 W	3572330	"/home/boggy/ref_rapl/energy_exp_server/NPB3.4.3/NPB3.4-MPI/bin/mg.C.x"
0.92018706 W	3572328	"/home/boggy/ref_rapl/energy_exp_server/NPB3.4.3/NPB3.4-MPI/bin/mg.C.x"
0.92018706 W	3572329	"/home/boggy/ref_rapl/energy_exp_server/NPB3.4.3/NPB3.4-MPI/bin/mg.C.x"
0.613458 W	3572309	"/home/boggy/ref_rapl/scaphandre/target/release/scaphandre"
------------------------------------------------------------

Host:	53.29167 W from 
	package 	core		dram		uncore
Socket0	48.63413 W |	44.30528 W	4.697804 W	0 W	

Top 5 consumers:
Power		PID	Exe
1.1842594 W	3572330	"/home/boggy/ref_rapl/energy_exp_server/NPB3.4.3/NPB3.4-MPI/bin/mg.C.x"
1.1842594 W	3572309	"/home/boggy/ref_rapl/scaphandre/target/release/scaphandre"
1.1842594 W	3572328	"/home/boggy/ref_rapl/energy_exp_server/NPB3.4.3/NPB3.4-MPI/bin/mg.C.x"
0.88819456 W	3572331	"/home/boggy/ref_rapl/energy_exp_server/NPB3.4.3/NPB3.4-MPI/bin/mg.C.x"
0.88819456 W	3572329	"/home/boggy/ref_rapl/energy_exp_server/NPB3.4.3/NPB3.4-MPI/bin/mg.C.x"
------------------------------------------------------------

Host:	53.496187 W from 
	package 	core		dram		uncore
Socket0	49.87854 W |	43.967392 W	4.845978 W	0 W	

Top 5 consumers:
Power		PID	Exe
0.8916032 W	3572330	"/home/boggy/ref_rapl/energy_exp_server/NPB3.4.3/NPB3.4-MPI/bin/mg.C.x"
0.8916032 W	3572328	"/home/boggy/ref_rapl/energy_exp_server/NPB3.4.3/NPB3.4-MPI/bin/mg.C.x"
0.8916032 W	3572331	"/home/boggy/ref_rapl/energy_exp_server/NPB3.4.3/NPB3.4-MPI/bin/mg.C.x"
0.8916032 W	3572329	"/home/boggy/ref_rapl/energy_exp_server/NPB3.4.3/NPB3.4-MPI/bin/mg.C.x"
0.59440213 W	3572309	"/home/boggy/ref_rapl/scaphandre/target/release/scaphandre"
------------------------------------------------------------

Host:	54.916913 W from 
	package 	core		dram		uncore
Socket0	48.973293 W |	44.083096 W	4.747834 W	0 W	

Top 5 consumers:
Power		PID	Exe
1.2203759 W	3572331	"/home/boggy/ref_rapl/energy_exp_server/NPB3.4.3/NPB3.4-MPI/bin/mg.C.x"
1.2203759 W	3572329	"/home/boggy/ref_rapl/energy_exp_server/NPB3.4.3/NPB3.4-MPI/bin/mg.C.x"
0.91528195 W	3572330	"/home/boggy/ref_rapl/energy_exp_server/NPB3.4.3/NPB3.4-MPI/bin/mg.C.x"
0.91528195 W	3572309	"/home/boggy/ref_rapl/scaphandre/target/release/scaphandre"
0.91528195 W	3572328	"/home/boggy/ref_rapl/energy_exp_server/NPB3.4.3/NPB3.4-MPI/bin/mg.C.x"
------------------------------------------------------------

Host:	54.00536 W from 
	package 	core		dram		uncore
Socket0	48.86219 W |	44.24927 W	4.866969 W	0 W	

Top 5 consumers:
Power		PID	Exe
1.2001191 W	3572330	"/home/boggy/ref_rapl/energy_exp_server/NPB3.4.3/NPB3.4-MPI/bin/mg.C.x"
1.2001191 W	3572328	"/home/boggy/ref_rapl/energy_exp_server/NPB3.4.3/NPB3.4-MPI/bin/mg.C.x"
0.9000894 W	3572309	"/home/boggy/ref_rapl/scaphandre/target/release/scaphandre"
0.9000894 W	3572331	"/home/boggy/ref_rapl/energy_exp_server/NPB3.4.3/NPB3.4-MPI/bin/mg.C.x"
0.9000894 W	3572329	"/home/boggy/ref_rapl/energy_exp_server/NPB3.4.3/NPB3.4-MPI/bin/mg.C.x"
------------------------------------------------------------

Host:	52.097855 W from 
	package 	core		dram		uncore
Socket0	49.080826 W |	44.175163 W	4.755147 W	0 W	

Top 5 consumers:
Power		PID	Exe
1.2784749 W	3572329	"/home/boggy/ref_rapl/energy_exp_server/NPB3.4.3/NPB3.4-MPI/bin/mg.C.x"
0.9588562 W	3572330	"/home/boggy/ref_rapl/energy_exp_server/NPB3.4.3/NPB3.4-MPI/bin/mg.C.x"
0.9588562 W	3572328	"/home/boggy/ref_rapl/energy_exp_server/NPB3.4.3/NPB3.4-MPI/bin/mg.C.x"
0.9588562 W	3572331	"/home/boggy/ref_rapl/energy_exp_server/NPB3.4.3/NPB3.4-MPI/bin/mg.C.x"
0.63923746 W	3572309	"/home/boggy/ref_rapl/scaphandre/target/release/scaphandre"
------------------------------------------------------------

Host:	54.43503 W from 
	package 	core		dram		uncore
Socket0	48.013153 W |	43.13828 W	3.985612 W	0 W	

Top 5 consumers:
Power		PID	Exe
1.0018717 W	3572330	"/home/boggy/ref_rapl/energy_exp_server/NPB3.4.3/NPB3.4-MPI/bin/mg.C.x"
1.0018717 W	3572328	"/home/boggy/ref_rapl/energy_exp_server/NPB3.4.3/NPB3.4-MPI/bin/mg.C.x"
1.0018717 W	3572331	"/home/boggy/ref_rapl/energy_exp_server/NPB3.4.3/NPB3.4-MPI/bin/mg.C.x"
0.66791445 W	3572309	"/home/boggy/ref_rapl/scaphandre/target/release/scaphandre"
0.66791445 W	3572329	"/home/boggy/ref_rapl/energy_exp_server/NPB3.4.3/NPB3.4-MPI/bin/mg.C.x"
------------------------------------------------------------

Host:	55.721782 W from 
	package 	core		dram		uncore
Socket0	50.960392 W |	46.344368 W	4.073143 W	0 W	

Top 5 consumers:
Power		PID	Exe
1.0255543 W	3572330	"/home/boggy/ref_rapl/energy_exp_server/NPB3.4.3/NPB3.4-MPI/bin/mg.C.x"
1.0255543 W	3572309	"/home/boggy/ref_rapl/scaphandre/target/release/scaphandre"
1.0255543 W	3572328	"/home/boggy/ref_rapl/energy_exp_server/NPB3.4.3/NPB3.4-MPI/bin/mg.C.x"
1.0255543 W	3572331	"/home/boggy/ref_rapl/energy_exp_server/NPB3.4.3/NPB3.4-MPI/bin/mg.C.x"
1.0255543 W	3572329	"/home/boggy/ref_rapl/energy_exp_server/NPB3.4.3/NPB3.4-MPI/bin/mg.C.x"
------------------------------------------------------------

Host:	57.07131 W from 
	package 	core		dram		uncore
Socket0	52.816223 W |	46.51644 W	4.555616 W	0 W	

Top 5 consumers:
Power		PID	Exe
1.4005228 W	3572331	"/home/boggy/ref_rapl/energy_exp_server/NPB3.4.3/NPB3.4-MPI/bin/mg.C.x"
1.4005228 W	3572329	"/home/boggy/ref_rapl/energy_exp_server/NPB3.4.3/NPB3.4-MPI/bin/mg.C.x"
1.0503923 W	3572330	"/home/boggy/ref_rapl/energy_exp_server/NPB3.4.3/NPB3.4-MPI/bin/mg.C.x"
1.0503923 W	3572309	"/home/boggy/ref_rapl/scaphandre/target/release/scaphandre"
1.0503923 W	3572328	"/home/boggy/ref_rapl/energy_exp_server/NPB3.4.3/NPB3.4-MPI/bin/mg.C.x"
------------------------------------------------------------

Host:	55.965611 W from 
	package 	core		dram		uncore
Socket0	50.95166 W |	46.619953 W	4.669017 W	0 W	

Top 5 consumers:
Power		PID	Exe
1.0300419 W	3572330	"/home/boggy/ref_rapl/energy_exp_server/NPB3.4.3/NPB3.4-MPI/bin/mg.C.x"
1.0300419 W	3572328	"/home/boggy/ref_rapl/energy_exp_server/NPB3.4.3/NPB3.4-MPI/bin/mg.C.x"
1.0300419 W	3572331	"/home/boggy/ref_rapl/energy_exp_server/NPB3.4.3/NPB3.4-MPI/bin/mg.C.x"
1.0300419 W	3572329	"/home/boggy/ref_rapl/energy_exp_server/NPB3.4.3/NPB3.4-MPI/bin/mg.C.x"
0.68669456 W	3572309	"/home/boggy/ref_rapl/scaphandre/target/release/scaphandre"
------------------------------------------------------------

Host:	55.519421 W from 
	package 	core		dram		uncore
Socket0	51.408234 W |	46.47576 W	4.58425 W	0 W	

Top 5 consumers:
Power		PID	Exe
1.0218298 W	3572330	"/home/boggy/ref_rapl/energy_exp_server/NPB3.4.3/NPB3.4-MPI/bin/mg.C.x"
1.0218298 W	3572328	"/home/boggy/ref_rapl/energy_exp_server/NPB3.4.3/NPB3.4-MPI/bin/mg.C.x"
1.0218298 W	3572331	"/home/boggy/ref_rapl/energy_exp_server/NPB3.4.3/NPB3.4-MPI/bin/mg.C.x"
1.0218298 W	3572329	"/home/boggy/ref_rapl/energy_exp_server/NPB3.4.3/NPB3.4-MPI/bin/mg.C.x"
0.6812199 W	3572309	"/home/boggy/ref_rapl/scaphandre/target/release/scaphandre"
------------------------------------------------------------

Host:	57.563771 W from 
	package 	core		dram		uncore
Socket0	52.654793 W |	46.603283 W	4.54479 W	0 W	

Top 5 consumers:
Power		PID	Exe
1.4126078 W	3572328	"/home/boggy/ref_rapl/energy_exp_server/NPB3.4.3/NPB3.4-MPI/bin/mg.C.x"
1.0594559 W	3572330	"/home/boggy/ref_rapl/energy_exp_server/NPB3.4.3/NPB3.4-MPI/bin/mg.C.x"
1.0594559 W	3572309	"/home/boggy/ref_rapl/scaphandre/target/release/scaphandre"
1.0594559 W	3572331	"/home/boggy/ref_rapl/energy_exp_server/NPB3.4.3/NPB3.4-MPI/bin/mg.C.x"
1.0594559 W	3572329	"/home/boggy/ref_rapl/energy_exp_server/NPB3.4.3/NPB3.4-MPI/bin/mg.C.x"
------------------------------------------------------------

Host:	53.222091 W from 
	package 	core		dram		uncore
Socket0	51.10467 W |	46.423862 W	4.547289 W	0 W	

Top 5 consumers:
Power		PID	Exe
1.2305685 W	3572330	"/home/boggy/ref_rapl/energy_exp_server/NPB3.4.3/NPB3.4-MPI/bin/mg.C.x"
0.9229264 W	3572328	"/home/boggy/ref_rapl/energy_exp_server/NPB3.4.3/NPB3.4-MPI/bin/mg.C.x"
0.9229264 W	3572331	"/home/boggy/ref_rapl/energy_exp_server/NPB3.4.3/NPB3.4-MPI/bin/mg.C.x"
0.9229264 W	3572329	"/home/boggy/ref_rapl/energy_exp_server/NPB3.4.3/NPB3.4-MPI/bin/mg.C.x"
0.61528426 W	3572309	"/home/boggy/ref_rapl/scaphandre/target/release/scaphandre"
------------------------------------------------------------

Host:	54.159968 W from 
	package 	core		dram		uncore
Socket0	49.20861 W |	44.329384 W	4.349496 W	0 W	

Top 5 consumers:
Power		PID	Exe
0.9391902 W	3572330	"/home/boggy/ref_rapl/energy_exp_server/NPB3.4.3/NPB3.4-MPI/bin/mg.C.x"
0.9391902 W	3572328	"/home/boggy/ref_rapl/energy_exp_server/NPB3.4.3/NPB3.4-MPI/bin/mg.C.x"
0.9391902 W	3572331	"/home/boggy/ref_rapl/energy_exp_server/NPB3.4.3/NPB3.4-MPI/bin/mg.C.x"
0.9391902 W	3572329	"/home/boggy/ref_rapl/energy_exp_server/NPB3.4.3/NPB3.4-MPI/bin/mg.C.x"
0.62612677 W	3572309	"/home/boggy/ref_rapl/scaphandre/target/release/scaphandre"
------------------------------------------------------------

Host:	54.086967 W from 
	package 	core		dram		uncore
Socket0	49.70056 W |	43.93307 W	4.702498 W	0 W	

Top 5 consumers:
Power		PID	Exe
0.93792427 W	3572330	"/home/boggy/ref_rapl/energy_exp_server/NPB3.4.3/NPB3.4-MPI/bin/mg.C.x"
0.93792427 W	3572309	"/home/boggy/ref_rapl/scaphandre/target/release/scaphandre"
0.93792427 W	3572328	"/home/boggy/ref_rapl/energy_exp_server/NPB3.4.3/NPB3.4-MPI/bin/mg.C.x"
0.93792427 W	3572331	"/home/boggy/ref_rapl/energy_exp_server/NPB3.4.3/NPB3.4-MPI/bin/mg.C.x"
0.93792427 W	3572329	"/home/boggy/ref_rapl/energy_exp_server/NPB3.4.3/NPB3.4-MPI/bin/mg.C.x"
------------------------------------------------------------

Host:	54.033014 W from 
	package 	core		dram		uncore
Socket0	49.49695 W |	44.328857 W	4.781136 W	0 W	

Top 5 consumers:
Power		PID	Exe
1.2493181 W	3572331	"/home/boggy/ref_rapl/energy_exp_server/NPB3.4.3/NPB3.4-MPI/bin/mg.C.x"
1.2493181 W	3572329	"/home/boggy/ref_rapl/energy_exp_server/NPB3.4.3/NPB3.4-MPI/bin/mg.C.x"
0.9369887 W	3572330	"/home/boggy/ref_rapl/energy_exp_server/NPB3.4.3/NPB3.4-MPI/bin/mg.C.x"
0.9369887 W	3572309	"/home/boggy/ref_rapl/scaphandre/target/release/scaphandre"
0.9369887 W	3572328	"/home/boggy/ref_rapl/energy_exp_server/NPB3.4.3/NPB3.4-MPI/bin/mg.C.x"
------------------------------------------------------------

Host:	54.085645 W from 
	package 	core		dram		uncore
Socket0	49.39949 W |	44.062794 W	4.798017 W	0 W	

Top 5 consumers:
Power		PID	Exe
1.250535 W	3572330	"/home/boggy/ref_rapl/energy_exp_server/NPB3.4.3/NPB3.4-MPI/bin/mg.C.x"
1.250535 W	3572328	"/home/boggy/ref_rapl/energy_exp_server/NPB3.4.3/NPB3.4-MPI/bin/mg.C.x"
0.9379014 W	3572309	"/home/boggy/ref_rapl/scaphandre/target/release/scaphandre"
0.9379014 W	3572331	"/home/boggy/ref_rapl/energy_exp_server/NPB3.4.3/NPB3.4-MPI/bin/mg.C.x"
0.9379014 W	3572329	"/home/boggy/ref_rapl/energy_exp_server/NPB3.4.3/NPB3.4-MPI/bin/mg.C.x"
------------------------------------------------------------

Host:	54.682694 W from 
	package 	core		dram		uncore
Socket0	49.092865 W |	44.056183 W	4.764977 W	0 W	

Top 5 consumers:
Power		PID	Exe
1.2643396 W	3572331	"/home/boggy/ref_rapl/energy_exp_server/NPB3.4.3/NPB3.4-MPI/bin/mg.C.x"
0.9482548 W	3572330	"/home/boggy/ref_rapl/energy_exp_server/NPB3.4.3/NPB3.4-MPI/bin/mg.C.x"
0.9482548 W	3572328	"/home/boggy/ref_rapl/energy_exp_server/NPB3.4.3/NPB3.4-MPI/bin/mg.C.x"
0.9482548 W	3572329	"/home/boggy/ref_rapl/energy_exp_server/NPB3.4.3/NPB3.4-MPI/bin/mg.C.x"
0.6321698 W	3572309	"/home/boggy/ref_rapl/scaphandre/target/release/scaphandre"
------------------------------------------------------------

Host:	54.55056 W from 
	package 	core		dram		uncore
Socket0	48.43005 W |	44.17318 W	4.827433 W	0 W	

Top 5 consumers:
Power		PID	Exe
1.3552934 W	3572330	"/home/boggy/ref_rapl/energy_exp_server/NPB3.4.3/NPB3.4-MPI/bin/mg.C.x"
1.3552934 W	3572328	"/home/boggy/ref_rapl/energy_exp_server/NPB3.4.3/NPB3.4-MPI/bin/mg.C.x"
1.3552934 W	3572329	"/home/boggy/ref_rapl/energy_exp_server/NPB3.4.3/NPB3.4-MPI/bin/mg.C.x"
1.0164701 W	3572309	"/home/boggy/ref_rapl/scaphandre/target/release/scaphandre"
1.0164701 W	3572331	"/home/boggy/ref_rapl/energy_exp_server/NPB3.4.3/NPB3.4-MPI/bin/mg.C.x"
------------------------------------------------------------

Host:	51.723356 W from 
	package 	core		dram		uncore
Socket0	49.773617 W |	44.00786 W	4.685011 W	0 W	

Top 5 consumers:
Power		PID	Exe
0.9637892 W	3572330	"/home/boggy/ref_rapl/energy_exp_server/NPB3.4.3/NPB3.4-MPI/bin/mg.C.x"
0.9637892 W	3572309	"/home/boggy/ref_rapl/scaphandre/target/release/scaphandre"
0.9637892 W	3572328	"/home/boggy/ref_rapl/energy_exp_server/NPB3.4.3/NPB3.4-MPI/bin/mg.C.x"
0.9637892 W	3572331	"/home/boggy/ref_rapl/energy_exp_server/NPB3.4.3/NPB3.4-MPI/bin/mg.C.x"
0.9637892 W	3572329	"/home/boggy/ref_rapl/energy_exp_server/NPB3.4.3/NPB3.4-MPI/bin/mg.C.x"
------------------------------------------------------------

Host:	53.583563 W from 
	package 	core		dram		uncore
Socket0	47.501087 W |	42.986446 W	4.18702 W	0 W	

Top 5 consumers:
Power		PID	Exe
1.3312687 W	3572330	"/home/boggy/ref_rapl/energy_exp_server/NPB3.4.3/NPB3.4-MPI/bin/mg.C.x"
1.3312687 W	3572331	"/home/boggy/ref_rapl/energy_exp_server/NPB3.4.3/NPB3.4-MPI/bin/mg.C.x"
0.9984515 W	3572328	"/home/boggy/ref_rapl/energy_exp_server/NPB3.4.3/NPB3.4-MPI/bin/mg.C.x"
0.9984515 W	3572329	"/home/boggy/ref_rapl/energy_exp_server/NPB3.4.3/NPB3.4-MPI/bin/mg.C.x"
0.66563433 W	3572309	"/home/boggy/ref_rapl/scaphandre/target/release/scaphandre"
------------------------------------------------------------

Host:	52.470527 W from 
	package 	core		dram		uncore
Socket0	48.33475 W |	43.200832 W	4.55967 W	0 W	

Top 5 consumers:
Power		PID	Exe
1.3036156 W	3572331	"/home/boggy/ref_rapl/energy_exp_server/NPB3.4.3/NPB3.4-MPI/bin/mg.C.x"
0.9777117 W	3572330	"/home/boggy/ref_rapl/energy_exp_server/NPB3.4.3/NPB3.4-MPI/bin/mg.C.x"
0.9777117 W	3572328	"/home/boggy/ref_rapl/energy_exp_server/NPB3.4.3/NPB3.4-MPI/bin/mg.C.x"
0.9777117 W	3572329	"/home/boggy/ref_rapl/energy_exp_server/NPB3.4.3/NPB3.4-MPI/bin/mg.C.x"
0.6518078 W	3572309	"/home/boggy/ref_rapl/scaphandre/target/release/scaphandre"
------------------------------------------------------------

Host:	50.147041 W from 
	package 	core		dram		uncore
Socket0	47.796623 W |	42.775185 W	4.641457 W	0 W	

Top 5 consumers:
Power		PID	Exe
1.2458893 W	3572309	"/home/boggy/ref_rapl/scaphandre/target/release/scaphandre"
1.2458893 W	3572329	"/home/boggy/ref_rapl/energy_exp_server/NPB3.4.3/NPB3.4-MPI/bin/mg.C.x"
0.93441695 W	3572330	"/home/boggy/ref_rapl/energy_exp_server/NPB3.4.3/NPB3.4-MPI/bin/mg.C.x"
0.93441695 W	3572328	"/home/boggy/ref_rapl/energy_exp_server/NPB3.4.3/NPB3.4-MPI/bin/mg.C.x"
0.93441695 W	3572331	"/home/boggy/ref_rapl/energy_exp_server/NPB3.4.3/NPB3.4-MPI/bin/mg.C.x"
------------------------------------------------------------

Host:	48.182494 W from 
	package 	core		dram		uncore
Socket0	47.440647 W |	41.636543 W	4.20293 W	0 W	

Top 5 consumers:
Power		PID	Exe
1.1970806 W	3572330	"/home/boggy/ref_rapl/energy_exp_server/NPB3.4.3/NPB3.4-MPI/bin/mg.C.x"
1.1970806 W	3572328	"/home/boggy/ref_rapl/energy_exp_server/NPB3.4.3/NPB3.4-MPI/bin/mg.C.x"
1.1970806 W	3572331	"/home/boggy/ref_rapl/energy_exp_server/NPB3.4.3/NPB3.4-MPI/bin/mg.C.x"
0.8978105 W	3572309	"/home/boggy/ref_rapl/scaphandre/target/release/scaphandre"
0.8978105 W	3572329	"/home/boggy/ref_rapl/energy_exp_server/NPB3.4.3/NPB3.4-MPI/bin/mg.C.x"
------------------------------------------------------------

Host:	47.078157 W from 
	package 	core		dram		uncore
Socket0	42.091305 W |	36.94647 W	4.591836 W	0 W	

Top 5 consumers:
Power		PID	Exe
1.5869042 W	3572330	"/home/boggy/ref_rapl/energy_exp_server/NPB3.4.3/NPB3.4-MPI/bin/mg.C.x"
1.5869042 W	3572328	"/home/boggy/ref_rapl/energy_exp_server/NPB3.4.3/NPB3.4-MPI/bin/mg.C.x"
1.5869042 W	3572329	"/home/boggy/ref_rapl/energy_exp_server/NPB3.4.3/NPB3.4-MPI/bin/mg.C.x"
1.3224201 W	3572309	"/home/boggy/ref_rapl/scaphandre/target/release/scaphandre"
1.3224201 W	3572331	"/home/boggy/ref_rapl/energy_exp_server/NPB3.4.3/NPB3.4-MPI/bin/mg.C.x"
------------------------------------------------------------

Host:	48.132469 W from 
	package 	core		dram		uncore
Socket0	42.406418 W |	37.61855 W	4.577721 W	0 W	

Top 5 consumers:
Power		PID	Exe
1.6224427 W	3572309	"/home/boggy/ref_rapl/scaphandre/target/release/scaphandre"
1.6224427 W	3572331	"/home/boggy/ref_rapl/energy_exp_server/NPB3.4.3/NPB3.4-MPI/bin/mg.C.x"
1.3520356 W	3572330	"/home/boggy/ref_rapl/energy_exp_server/NPB3.4.3/NPB3.4-MPI/bin/mg.C.x"
1.3520356 W	3572328	"/home/boggy/ref_rapl/energy_exp_server/NPB3.4.3/NPB3.4-MPI/bin/mg.C.x"
1.3520356 W	3572329	"/home/boggy/ref_rapl/energy_exp_server/NPB3.4.3/NPB3.4-MPI/bin/mg.C.x"
------------------------------------------------------------

Host:	56.022747 W from 
	package 	core		dram		uncore
Socket0	46.066044 W |	40.719837 W	4.47927 W	0 W	

Top 5 consumers:
Power		PID	Exe
1.2589381 W	3572309	"/home/boggy/ref_rapl/scaphandre/target/release/scaphandre"
1.2589381 W	3572329	"/home/boggy/ref_rapl/energy_exp_server/NPB3.4.3/NPB3.4-MPI/bin/mg.C.x"
0.94420356 W	3572330	"/home/boggy/ref_rapl/energy_exp_server/NPB3.4.3/NPB3.4-MPI/bin/mg.C.x"
0.94420356 W	3572328	"/home/boggy/ref_rapl/energy_exp_server/NPB3.4.3/NPB3.4-MPI/bin/mg.C.x"
0.94420356 W	3572331	"/home/boggy/ref_rapl/energy_exp_server/NPB3.4.3/NPB3.4-MPI/bin/mg.C.x"
------------------------------------------------------------

Host:	56.310813 W from 
	package 	core		dram		uncore
Socket0	53.14932 W |	48.432243 W	4.390425 W	0 W	

Top 5 consumers:
Power		PID	Exe
1.2654115 W	3572330	"/home/boggy/ref_rapl/energy_exp_server/NPB3.4.3/NPB3.4-MPI/bin/mg.C.x"
0.94905865 W	3572328	"/home/boggy/ref_rapl/energy_exp_server/NPB3.4.3/NPB3.4-MPI/bin/mg.C.x"
0.94905865 W	3572331	"/home/boggy/ref_rapl/energy_exp_server/NPB3.4.3/NPB3.4-MPI/bin/mg.C.x"
0.94905865 W	3572329	"/home/boggy/ref_rapl/energy_exp_server/NPB3.4.3/NPB3.4-MPI/bin/mg.C.x"
0.31635287 W	3572309	"/home/boggy/ref_rapl/scaphandre/target/release/scaphandre"
------------------------------------------------------------

Host:	50.713406 W from 
	package 	core		dram		uncore
Socket0	48.164753 W |	43.21056 W	4.43307 W	0 W	

Top 5 consumers:
Power		PID	Exe
1.1396271 W	3572309	"/home/boggy/ref_rapl/scaphandre/target/release/scaphandre"
1.1396271 W	3572328	"/home/boggy/ref_rapl/energy_exp_server/NPB3.4.3/NPB3.4-MPI/bin/mg.C.x"
1.1396271 W	3572331	"/home/boggy/ref_rapl/energy_exp_server/NPB3.4.3/NPB3.4-MPI/bin/mg.C.x"
0.8547203 W	3572330	"/home/boggy/ref_rapl/energy_exp_server/NPB3.4.3/NPB3.4-MPI/bin/mg.C.x"
0.8547203 W	3572329	"/home/boggy/ref_rapl/energy_exp_server/NPB3.4.3/NPB3.4-MPI/bin/mg.C.x"
------------------------------------------------------------

Host:	53.068847 W from 
	package 	core		dram		uncore
Socket0	47.538433 W |	41.925255 W	4.611149 W	0 W	

Top 5 consumers:
Power		PID	Exe
0.8944188 W	3572330	"/home/boggy/ref_rapl/energy_exp_server/NPB3.4.3/NPB3.4-MPI/bin/mg.C.x"
0.8944188 W	3572328	"/home/boggy/ref_rapl/energy_exp_server/NPB3.4.3/NPB3.4-MPI/bin/mg.C.x"
0.8944188 W	3572331	"/home/boggy/ref_rapl/energy_exp_server/NPB3.4.3/NPB3.4-MPI/bin/mg.C.x"
0.8944188 W	3572329	"/home/boggy/ref_rapl/energy_exp_server/NPB3.4.3/NPB3.4-MPI/bin/mg.C.x"
0.5962792 W	3572309	"/home/boggy/ref_rapl/scaphandre/target/release/scaphandre"
------------------------------------------------------------

Host:	52.353739 W from 
	package 	core		dram		uncore
Socket0	47.298176 W |	42.081654 W	4.581932 W	0 W	

Top 5 consumers:
Power		PID	Exe
1.1966568 W	3572329	"/home/boggy/ref_rapl/energy_exp_server/NPB3.4.3/NPB3.4-MPI/bin/mg.C.x"
0.89749265 W	3572330	"/home/boggy/ref_rapl/energy_exp_server/NPB3.4.3/NPB3.4-MPI/bin/mg.C.x"
0.89749265 W	3572309	"/home/boggy/ref_rapl/scaphandre/target/release/scaphandre"
0.89749265 W	3572328	"/home/boggy/ref_rapl/energy_exp_server/NPB3.4.3/NPB3.4-MPI/bin/mg.C.x"
0.89749265 W	3572331	"/home/boggy/ref_rapl/energy_exp_server/NPB3.4.3/NPB3.4-MPI/bin/mg.C.x"
------------------------------------------------------------

Host:	55.063979 W from 
	package 	core		dram		uncore
Socket0	50.181633 W |	44.081047 W	4.733605 W	0 W	

Top 5 consumers:
Power		PID	Exe
1.2586051 W	3572330	"/home/boggy/ref_rapl/energy_exp_server/NPB3.4.3/NPB3.4-MPI/bin/mg.C.x"
1.2586051 W	3572328	"/home/boggy/ref_rapl/energy_exp_server/NPB3.4.3/NPB3.4-MPI/bin/mg.C.x"
0.9439539 W	3572331	"/home/boggy/ref_rapl/energy_exp_server/NPB3.4.3/NPB3.4-MPI/bin/mg.C.x"
0.9439539 W	3572329	"/home/boggy/ref_rapl/energy_exp_server/NPB3.4.3/NPB3.4-MPI/bin/mg.C.x"
0.31465128 W	3572309	"/home/boggy/ref_rapl/scaphandre/target/release/scaphandre"
------------------------------------------------------------

Host:	53.675224 W from 
	package 	core		dram		uncore
Socket0	48.4437 W |	44.03297 W	4.837543 W	0 W	

Top 5 consumers:
Power		PID	Exe
1.2268622 W	3572331	"/home/boggy/ref_rapl/energy_exp_server/NPB3.4.3/NPB3.4-MPI/bin/mg.C.x"
0.92014664 W	3572330	"/home/boggy/ref_rapl/energy_exp_server/NPB3.4.3/NPB3.4-MPI/bin/mg.C.x"
0.92014664 W	3572309	"/home/boggy/ref_rapl/scaphandre/target/release/scaphandre"
0.92014664 W	3572328	"/home/boggy/ref_rapl/energy_exp_server/NPB3.4.3/NPB3.4-MPI/bin/mg.C.x"
0.92014664 W	3572329	"/home/boggy/ref_rapl/energy_exp_server/NPB3.4.3/NPB3.4-MPI/bin/mg.C.x"
------------------------------------------------------------

Host:	53.562364 W from 
	package 	core		dram		uncore
Socket0	48.98221 W |	44.103596 W	4.749936 W	0 W	

Top 5 consumers:
Power		PID	Exe
1.2242825 W	3572329	"/home/boggy/ref_rapl/energy_exp_server/NPB3.4.3/NPB3.4-MPI/bin/mg.C.x"
0.9182119 W	3572330	"/home/boggy/ref_rapl/energy_exp_server/NPB3.4.3/NPB3.4-MPI/bin/mg.C.x"
0.9182119 W	3572309	"/home/boggy/ref_rapl/scaphandre/target/release/scaphandre"
0.9182119 W	3572328	"/home/boggy/ref_rapl/energy_exp_server/NPB3.4.3/NPB3.4-MPI/bin/mg.C.x"
0.9182119 W	3572331	"/home/boggy/ref_rapl/energy_exp_server/NPB3.4.3/NPB3.4-MPI/bin/mg.C.x"
------------------------------------------------------------

Host:	54.152949 W from 
	package 	core		dram		uncore
Socket0	49.112946 W |	44.004726 W	4.775659 W	0 W	

Top 5 consumers:
Power		PID	Exe
1.2377816 W	3572330	"/home/boggy/ref_rapl/energy_exp_server/NPB3.4.3/NPB3.4-MPI/bin/mg.C.x"
1.2377816 W	3572328	"/home/boggy/ref_rapl/energy_exp_server/NPB3.4.3/NPB3.4-MPI/bin/mg.C.x"
0.9283362 W	3572309	"/home/boggy/ref_rapl/scaphandre/target/release/scaphandre"
0.9283362 W	3572331	"/home/boggy/ref_rapl/energy_exp_server/NPB3.4.3/NPB3.4-MPI/bin/mg.C.x"
0.9283362 W	3572329	"/home/boggy/ref_rapl/energy_exp_server/NPB3.4.3/NPB3.4-MPI/bin/mg.C.x"
------------------------------------------------------------

Host:	54.007662 W from 
	package 	core		dram		uncore
Socket0	50.4081 W |	44.004128 W	4.752957 W	0 W	

Top 5 consumers:
Power		PID	Exe
1.2344607 W	3572331	"/home/boggy/ref_rapl/energy_exp_server/NPB3.4.3/NPB3.4-MPI/bin/mg.C.x"
0.92584556 W	3572330	"/home/boggy/ref_rapl/energy_exp_server/NPB3.4.3/NPB3.4-MPI/bin/mg.C.x"
0.92584556 W	3572328	"/home/boggy/ref_rapl/energy_exp_server/NPB3.4.3/NPB3.4-MPI/bin/mg.C.x"
0.92584556 W	3572329	"/home/boggy/ref_rapl/energy_exp_server/NPB3.4.3/NPB3.4-MPI/bin/mg.C.x"
0.61723036 W	3572309	"/home/boggy/ref_rapl/scaphandre/target/release/scaphandre"
------------------------------------------------------------

Host:	51.979969 W from 
	package 	core		dram		uncore
Socket0	49.218662 W |	44.001755 W	4.785367 W	0 W	

Top 5 consumers:
Power		PID	Exe
1.3076721 W	3572329	"/home/boggy/ref_rapl/energy_exp_server/NPB3.4.3/NPB3.4-MPI/bin/mg.C.x"
0.98075414 W	3572330	"/home/boggy/ref_rapl/energy_exp_server/NPB3.4.3/NPB3.4-MPI/bin/mg.C.x"
0.98075414 W	3572309	"/home/boggy/ref_rapl/scaphandre/target/release/scaphandre"
0.98075414 W	3572328	"/home/boggy/ref_rapl/energy_exp_server/NPB3.4.3/NPB3.4-MPI/bin/mg.C.x"
0.98075414 W	3572331	"/home/boggy/ref_rapl/energy_exp_server/NPB3.4.3/NPB3.4-MPI/bin/mg.C.x"
------------------------------------------------------------

Host:	54.076425 W from 
	package 	core		dram		uncore
Socket0	46.594624 W |	43.186863 W	3.975007 W	0 W	

Top 5 consumers:
Power		PID	Exe
1.0203099 W	3572330	"/home/boggy/ref_rapl/energy_exp_server/NPB3.4.3/NPB3.4-MPI/bin/mg.C.x"
1.0203099 W	3572328	"/home/boggy/ref_rapl/energy_exp_server/NPB3.4.3/NPB3.4-MPI/bin/mg.C.x"
1.0203099 W	3572331	"/home/boggy/ref_rapl/energy_exp_server/NPB3.4.3/NPB3.4-MPI/bin/mg.C.x"
1.0203099 W	3572329	"/home/boggy/ref_rapl/energy_exp_server/NPB3.4.3/NPB3.4-MPI/bin/mg.C.x"
0.68020654 W	3572309	"/home/boggy/ref_rapl/scaphandre/target/release/scaphandre"
------------------------------------------------------------

Host:	56.528908 W from 
	package 	core		dram		uncore
Socket0	51.9824 W |	46.411446 W	4.07492 W	0 W	

Top 5 consumers:
Power		PID	Exe
1.4221109 W	3572309	"/home/boggy/ref_rapl/scaphandre/target/release/scaphandre"
1.0665832 W	3572330	"/home/boggy/ref_rapl/energy_exp_server/NPB3.4.3/NPB3.4-MPI/bin/mg.C.x"
1.0665832 W	3572328	"/home/boggy/ref_rapl/energy_exp_server/NPB3.4.3/NPB3.4-MPI/bin/mg.C.x"
1.0665832 W	3572331	"/home/boggy/ref_rapl/energy_exp_server/NPB3.4.3/NPB3.4-MPI/bin/mg.C.x"
1.0665832 W	3572329	"/home/boggy/ref_rapl/energy_exp_server/NPB3.4.3/NPB3.4-MPI/bin/mg.C.x"
------------------------------------------------------------

Host:	57.003942 W from 
	package 	core		dram		uncore
Socket0	52.080418 W |	46.67452 W	4.626037 W	0 W	

Top 5 consumers:
Power		PID	Exe
1.4340614 W	3572330	"/home/boggy/ref_rapl/energy_exp_server/NPB3.4.3/NPB3.4-MPI/bin/mg.C.x"
1.4340614 W	3572328	"/home/boggy/ref_rapl/energy_exp_server/NPB3.4.3/NPB3.4-MPI/bin/mg.C.x"
1.075546 W	3572331	"/home/boggy/ref_rapl/energy_exp_server/NPB3.4.3/NPB3.4-MPI/bin/mg.C.x"
1.075546 W	3572329	"/home/boggy/ref_rapl/energy_exp_server/NPB3.4.3/NPB3.4-MPI/bin/mg.C.x"
0.7170307 W	3572309	"/home/boggy/ref_rapl/scaphandre/target/release/scaphandre"
------------------------------------------------------------

Host:	56.508491 W from 
	package 	core		dram		uncore
Socket0	51.023933 W |	46.493786 W	4.685659 W	0 W	

Top 5 consumers:
Power		PID	Exe
1.0661979 W	3572330	"/home/boggy/ref_rapl/energy_exp_server/NPB3.4.3/NPB3.4-MPI/bin/mg.C.x"
1.0661979 W	3572328	"/home/boggy/ref_rapl/energy_exp_server/NPB3.4.3/NPB3.4-MPI/bin/mg.C.x"
1.0661979 W	3572331	"/home/boggy/ref_rapl/energy_exp_server/NPB3.4.3/NPB3.4-MPI/bin/mg.C.x"
1.0661979 W	3572329	"/home/boggy/ref_rapl/energy_exp_server/NPB3.4.3/NPB3.4-MPI/bin/mg.C.x"
0.7107986 W	3572309	"/home/boggy/ref_rapl/scaphandre/target/release/scaphandre"
------------------------------------------------------------

Host:	56.789047 W from 
	package 	core		dram		uncore
Socket0	51.673473 W |	46.615814 W	4.603071 W	0 W	

Top 5 consumers:
Power		PID	Exe
1.4286553 W	3572331	"/home/boggy/ref_rapl/energy_exp_server/NPB3.4.3/NPB3.4-MPI/bin/mg.C.x"
1.0714914 W	3572330	"/home/boggy/ref_rapl/energy_exp_server/NPB3.4.3/NPB3.4-MPI/bin/mg.C.x"
1.0714914 W	3572328	"/home/boggy/ref_rapl/energy_exp_server/NPB3.4.3/NPB3.4-MPI/bin/mg.C.x"
1.0714914 W	3572329	"/home/boggy/ref_rapl/energy_exp_server/NPB3.4.3/NPB3.4-MPI/bin/mg.C.x"
0.71432763 W	3572309	"/home/boggy/ref_rapl/scaphandre/target/release/scaphandre"
------------------------------------------------------------

Host:	55.565972 W from 
	package 	core		dram		uncore
Socket0	51.93113 W |	46.621452 W	4.605183 W	0 W	

Top 5 consumers:
Power		PID	Exe
1.3978862 W	3572329	"/home/boggy/ref_rapl/energy_exp_server/NPB3.4.3/NPB3.4-MPI/bin/mg.C.x"
1.0484146 W	3572330	"/home/boggy/ref_rapl/energy_exp_server/NPB3.4.3/NPB3.4-MPI/bin/mg.C.x"
1.0484146 W	3572309	"/home/boggy/ref_rapl/scaphandre/target/release/scaphandre"
1.0484146 W	3572328	"/home/boggy/ref_rapl/energy_exp_server/NPB3.4.3/NPB3.4-MPI/bin/mg.C.x"
1.0484146 W	3572331	"/home/boggy/ref_rapl/energy_exp_server/NPB3.4.3/NPB3.4-MPI/bin/mg.C.x"
------------------------------------------------------------

Host:	52.761788 W from 
	package 	core		dram		uncore
Socket0	51.430588 W |	46.686943 W	4.572923 W	0 W	

Top 5 consumers:
Power		PID	Exe
0.8942676 W	3572330	"/home/boggy/ref_rapl/energy_exp_server/NPB3.4.3/NPB3.4-MPI/bin/mg.C.x"
0.8942676 W	3572328	"/home/boggy/ref_rapl/energy_exp_server/NPB3.4.3/NPB3.4-MPI/bin/mg.C.x"
0.8942676 W	3572331	"/home/boggy/ref_rapl/energy_exp_server/NPB3.4.3/NPB3.4-MPI/bin/mg.C.x"
0.8942676 W	3572329	"/home/boggy/ref_rapl/energy_exp_server/NPB3.4.3/NPB3.4-MPI/bin/mg.C.x"
0.59617835 W	3572309	"/home/boggy/ref_rapl/scaphandre/target/release/scaphandre"
------------------------------------------------------------

Host:	54.653115 W from 
	package 	core		dram		uncore
Socket0	48.831 W |	43.890102 W	3.297671 W	0 W	

Top 5 consumers:
Power		PID	Exe
0.926324 W	3572330	"/home/boggy/ref_rapl/energy_exp_server/NPB3.4.3/NPB3.4-MPI/bin/mg.C.x"
0.926324 W	3572328	"/home/boggy/ref_rapl/energy_exp_server/NPB3.4.3/NPB3.4-MPI/bin/mg.C.x"
0.926324 W	3572331	"/home/boggy/ref_rapl/energy_exp_server/NPB3.4.3/NPB3.4-MPI/bin/mg.C.x"
0.926324 W	3572329	"/home/boggy/ref_rapl/energy_exp_server/NPB3.4.3/NPB3.4-MPI/bin/mg.C.x"
0.6175493 W	3572309	"/home/boggy/ref_rapl/scaphandre/target/release/scaphandre"
------------------------------------------------------------

Host:	53.61504 W from 
	package 	core		dram		uncore
Socket0	49.534393 W |	44.30171 W	4.670515 W	0 W	

Top 5 consumers:
Power		PID	Exe
1.2116393 W	3572330	"/home/boggy/ref_rapl/energy_exp_server/NPB3.4.3/NPB3.4-MPI/bin/mg.C.x"
1.2116393 W	3572328	"/home/boggy/ref_rapl/energy_exp_server/NPB3.4.3/NPB3.4-MPI/bin/mg.C.x"
0.9087295 W	3572309	"/home/boggy/ref_rapl/scaphandre/target/release/scaphandre"
0.9087295 W	3572331	"/home/boggy/ref_rapl/energy_exp_server/NPB3.4.3/NPB3.4-MPI/bin/mg.C.x"
0.9087295 W	3572329	"/home/boggy/ref_rapl/energy_exp_server/NPB3.4.3/NPB3.4-MPI/bin/mg.C.x"
------------------------------------------------------------

Host:	54.977102 W from 
	package 	core		dram		uncore
Socket0	50.09491 W |	44.09728 W	4.732663 W	0 W	

Top 5 consumers:
Power		PID	Exe
1.2424203 W	3572331	"/home/boggy/ref_rapl/energy_exp_server/NPB3.4.3/NPB3.4-MPI/bin/mg.C.x"
0.9318153 W	3572330	"/home/boggy/ref_rapl/energy_exp_server/NPB3.4.3/NPB3.4-MPI/bin/mg.C.x"
0.9318153 W	3572328	"/home/boggy/ref_rapl/energy_exp_server/NPB3.4.3/NPB3.4-MPI/bin/mg.C.x"
0.9318153 W	3572329	"/home/boggy/ref_rapl/energy_exp_server/NPB3.4.3/NPB3.4-MPI/bin/mg.C.x"
0.62121016 W	3572309	"/home/boggy/ref_rapl/scaphandre/target/release/scaphandre"
------------------------------------------------------------

Host:	53.651863 W from 
	package 	core		dram		uncore
Socket0	48.936695 W |	44.298363 W	4.733182 W	0 W	

Top 5 consumers:
Power		PID	Exe
1.2124715 W	3572329	"/home/boggy/ref_rapl/energy_exp_server/NPB3.4.3/NPB3.4-MPI/bin/mg.C.x"
0.9093536 W	3572330	"/home/boggy/ref_rapl/energy_exp_server/NPB3.4.3/NPB3.4-MPI/bin/mg.C.x"
0.9093536 W	3572309	"/home/boggy/ref_rapl/scaphandre/target/release/scaphandre"
0.9093536 W	3572328	"/home/boggy/ref_rapl/energy_exp_server/NPB3.4.3/NPB3.4-MPI/bin/mg.C.x"
0.9093536 W	3572331	"/home/boggy/ref_rapl/energy_exp_server/NPB3.4.3/NPB3.4-MPI/bin/mg.C.x"
------------------------------------------------------------

Host:	54.440745 W from 
	package 	core		dram		uncore
Socket0	49.05391 W |	44.37622 W	4.875579 W	0 W	

Top 5 consumers:
Power		PID	Exe
1.2302992 W	3572330	"/home/boggy/ref_rapl/energy_exp_server/NPB3.4.3/NPB3.4-MPI/bin/mg.C.x"
1.2302992 W	3572309	"/home/boggy/ref_rapl/scaphandre/target/release/scaphandre"
1.2302992 W	3572328	"/home/boggy/ref_rapl/energy_exp_server/NPB3.4.3/NPB3.4-MPI/bin/mg.C.x"
0.9227245 W	3572331	"/home/boggy/ref_rapl/energy_exp_server/NPB3.4.3/NPB3.4-MPI/bin/mg.C.x"
0.9227245 W	3572329	"/home/boggy/ref_rapl/energy_exp_server/NPB3.4.3/NPB3.4-MPI/bin/mg.C.x"
------------------------------------------------------------

Host:	53.715104 W from 
	package 	core		dram		uncore
Socket0	49.71223 W |	44.142696 W	4.668939 W	0 W	

Top 5 consumers:
Power		PID	Exe
1.3262988 W	3572331	"/home/boggy/ref_rapl/energy_exp_server/NPB3.4.3/NPB3.4-MPI/bin/mg.C.x"
0.99472415 W	3572330	"/home/boggy/ref_rapl/energy_exp_server/NPB3.4.3/NPB3.4-MPI/bin/mg.C.x"
0.99472415 W	3572328	"/home/boggy/ref_rapl/energy_exp_server/NPB3.4.3/NPB3.4-MPI/bin/mg.C.x"
0.99472415 W	3572329	"/home/boggy/ref_rapl/energy_exp_server/NPB3.4.3/NPB3.4-MPI/bin/mg.C.x"
0.6631494 W	3572309	"/home/boggy/ref_rapl/scaphandre/target/release/scaphandre"
------------------------------------------------------------

Host:	53.157552 W from 
	package 	core		dram		uncore
Socket0	48.80271 W |	44.080826 W	4.870369 W	0 W	

Top 5 consumers:
Power		PID	Exe
1.3125321 W	3572329	"/home/boggy/ref_rapl/energy_exp_server/NPB3.4.3/NPB3.4-MPI/bin/mg.C.x"
0.98439914 W	3572330	"/home/boggy/ref_rapl/energy_exp_server/NPB3.4.3/NPB3.4-MPI/bin/mg.C.x"
0.98439914 W	3572328	"/home/boggy/ref_rapl/energy_exp_server/NPB3.4.3/NPB3.4-MPI/bin/mg.C.x"
0.98439914 W	3572331	"/home/boggy/ref_rapl/energy_exp_server/NPB3.4.3/NPB3.4-MPI/bin/mg.C.x"
0.65626603 W	3572309	"/home/boggy/ref_rapl/scaphandre/target/release/scaphandre"
------------------------------------------------------------

Host:	52.920097 W from 
	package 	core		dram		uncore
Socket0	47.77235 W |	42.36392 W	4.710653 W	0 W	

Top 5 consumers:
Power		PID	Exe
1.306669 W	3572328	"/home/boggy/ref_rapl/energy_exp_server/NPB3.4.3/NPB3.4-MPI/bin/mg.C.x"
1.306669 W	3572329	"/home/boggy/ref_rapl/energy_exp_server/NPB3.4.3/NPB3.4-MPI/bin/mg.C.x"
0.98000175 W	3572330	"/home/boggy/ref_rapl/energy_exp_server/NPB3.4.3/NPB3.4-MPI/bin/mg.C.x"
0.98000175 W	3572309	"/home/boggy/ref_rapl/scaphandre/target/release/scaphandre"
0.98000175 W	3572331	"/home/boggy/ref_rapl/energy_exp_server/NPB3.4.3/NPB3.4-MPI/bin/mg.C.x"
------------------------------------------------------------

Host:	51.293459 W from 
	package 	core		dram		uncore
Socket0	48.052338 W |	42.951218 W	4.612594 W	0 W	

Top 5 consumers:
Power		PID	Exe
1.2665051 W	3572330	"/home/boggy/ref_rapl/energy_exp_server/NPB3.4.3/NPB3.4-MPI/bin/mg.C.x"
1.2665051 W	3572331	"/home/boggy/ref_rapl/energy_exp_server/NPB3.4.3/NPB3.4-MPI/bin/mg.C.x"
0.9498789 W	3572328	"/home/boggy/ref_rapl/energy_exp_server/NPB3.4.3/NPB3.4-MPI/bin/mg.C.x"
0.9498789 W	3572329	"/home/boggy/ref_rapl/energy_exp_server/NPB3.4.3/NPB3.4-MPI/bin/mg.C.x"
0.63325256 W	3572309	"/home/boggy/ref_rapl/scaphandre/target/release/scaphandre"
------------------------------------------------------------

Host:	52.829325 W from 
	package 	core		dram		uncore
Socket0	48.19089 W |	42.710903 W	4.558272 W	0 W	

Top 5 consumers:
Power		PID	Exe
0.97832084 W	3572330	"/home/boggy/ref_rapl/energy_exp_server/NPB3.4.3/NPB3.4-MPI/bin/mg.C.x"
0.97832084 W	3572328	"/home/boggy/ref_rapl/energy_exp_server/NPB3.4.3/NPB3.4-MPI/bin/mg.C.x"
0.97832084 W	3572331	"/home/boggy/ref_rapl/energy_exp_server/NPB3.4.3/NPB3.4-MPI/bin/mg.C.x"
0.97832084 W	3572329	"/home/boggy/ref_rapl/energy_exp_server/NPB3.4.3/NPB3.4-MPI/bin/mg.C.x"
0.6522139 W	3572309	"/home/boggy/ref_rapl/scaphandre/target/release/scaphandre"
------------------------------------------------------------

Host:	48.387815 W from 
	package 	core		dram		uncore
Socket0	46.716957 W |	42.05795 W	4.34979 W	0 W	

Top 5 consumers:
Power		PID	Exe
1.1947609 W	3572309	"/home/boggy/ref_rapl/scaphandre/target/release/scaphandre"
1.1947609 W	3572328	"/home/boggy/ref_rapl/energy_exp_server/NPB3.4.3/NPB3.4-MPI/bin/mg.C.x"
0.8960706 W	3572330	"/home/boggy/ref_rapl/energy_exp_server/NPB3.4.3/NPB3.4-MPI/bin/mg.C.x"
0.8960706 W	3572331	"/home/boggy/ref_rapl/energy_exp_server/NPB3.4.3/NPB3.4-MPI/bin/mg.C.x"
0.8960706 W	3572329	"/home/boggy/ref_rapl/energy_exp_server/NPB3.4.3/NPB3.4-MPI/bin/mg.C.x"
------------------------------------------------------------

Host:	46.66927 W from 
	package 	core		dram		uncore
Socket0	43.06391 W |	37.34085 W	4.517551 W	0 W	

Top 5 consumers:
Power		PID	Exe
1.7392275 W	3572309	"/home/boggy/ref_rapl/scaphandre/target/release/scaphandre"
1.4493562 W	3572330	"/home/boggy/ref_rapl/energy_exp_server/NPB3.4.3/NPB3.4-MPI/bin/mg.C.x"
1.4493562 W	3572328	"/home/boggy/ref_rapl/energy_exp_server/NPB3.4.3/NPB3.4-MPI/bin/mg.C.x"
1.4493562 W	3572331	"/home/boggy/ref_rapl/energy_exp_server/NPB3.4.3/NPB3.4-MPI/bin/mg.C.x"
1.4493562 W	3572329	"/home/boggy/ref_rapl/energy_exp_server/NPB3.4.3/NPB3.4-MPI/bin/mg.C.x"
------------------------------------------------------------

Host:	48.681329 W from 
	package 	core		dram		uncore
Socket0	41.772663 W |	37.263763 W	4.628243 W	0 W	

Top 5 consumers:
Power		PID	Exe
1.5118425 W	3572309	"/home/boggy/ref_rapl/scaphandre/target/release/scaphandre"
1.5118425 W	3572329	"/home/boggy/ref_rapl/energy_exp_server/NPB3.4.3/NPB3.4-MPI/bin/mg.C.x"
1.209474 W	3572330	"/home/boggy/ref_rapl/energy_exp_server/NPB3.4.3/NPB3.4-MPI/bin/mg.C.x"
1.209474 W	3572328	"/home/boggy/ref_rapl/energy_exp_server/NPB3.4.3/NPB3.4-MPI/bin/mg.C.x"
1.209474 W	3572331	"/home/boggy/ref_rapl/energy_exp_server/NPB3.4.3/NPB3.4-MPI/bin/mg.C.x"
------------------------------------------------------------

Host:	49.830673 W from 
	package 	core		dram		uncore
Socket0	45.04408 W |	39.048977 W	4.503815 W	0 W	

Top 5 consumers:
Power		PID	Exe
1.2380291 W	3572309	"/home/boggy/ref_rapl/scaphandre/target/release/scaphandre"
1.2380291 W	3572328	"/home/boggy/ref_rapl/energy_exp_server/NPB3.4.3/NPB3.4-MPI/bin/mg.C.x"
0.9285219 W	3572330	"/home/boggy/ref_rapl/energy_exp_server/NPB3.4.3/NPB3.4-MPI/bin/mg.C.x"
0.9285219 W	3572331	"/home/boggy/ref_rapl/energy_exp_server/NPB3.4.3/NPB3.4-MPI/bin/mg.C.x"
0.9285219 W	3572329	"/home/boggy/ref_rapl/energy_exp_server/NPB3.4.3/NPB3.4-MPI/bin/mg.C.x"
------------------------------------------------------------

Host:	56.877582 W from 
	package 	core		dram		uncore
Socket0	52.90016 W |	48.28029 W	4.512856 W	0 W	

Top 5 consumers:
Power		PID	Exe
1.0598308 W	3572330	"/home/boggy/ref_rapl/energy_exp_server/NPB3.4.3/NPB3.4-MPI/bin/mg.C.x"
1.0598308 W	3572331	"/home/boggy/ref_rapl/energy_exp_server/NPB3.4.3/NPB3.4-MPI/bin/mg.C.x"
0.7065538 W	3572309	"/home/boggy/ref_rapl/scaphandre/target/release/scaphandre"
0.7065538 W	3572328	"/home/boggy/ref_rapl/energy_exp_server/NPB3.4.3/NPB3.4-MPI/bin/mg.C.x"
0.7065538 W	3572329	"/home/boggy/ref_rapl/energy_exp_server/NPB3.4.3/NPB3.4-MPI/bin/mg.C.x"
------------------------------------------------------------

Host:	57.999344 W from 
	package 	core		dram		uncore
Socket0	52.546112 W |	47.469612 W	4.034791 W	0 W	

Top 5 consumers:
Power		PID	Exe
1.0807332 W	3572309	"/home/boggy/ref_rapl/scaphandre/target/release/scaphandre"
1.0807332 W	3572329	"/home/boggy/ref_rapl/energy_exp_server/NPB3.4.3/NPB3.4-MPI/bin/mg.C.x"
0.7204887 W	3572330	"/home/boggy/ref_rapl/energy_exp_server/NPB3.4.3/NPB3.4-MPI/bin/mg.C.x"
0.7204887 W	3572328	"/home/boggy/ref_rapl/energy_exp_server/NPB3.4.3/NPB3.4-MPI/bin/mg.C.x"
0.7204887 W	3572331	"/home/boggy/ref_rapl/energy_exp_server/NPB3.4.3/NPB3.4-MPI/bin/mg.C.x"
------------------------------------------------------------

Host:	54.934565 W from 
	package 	core		dram		uncore
Socket0	49.86422 W |	45.39839 W	4.455461 W	0 W	

Top 5 consumers:
Power		PID	Exe
1.0236255 W	3572330	"/home/boggy/ref_rapl/energy_exp_server/NPB3.4.3/NPB3.4-MPI/bin/mg.C.x"
1.0236255 W	3572328	"/home/boggy/ref_rapl/energy_exp_server/NPB3.4.3/NPB3.4-MPI/bin/mg.C.x"
1.0236255 W	3572331	"/home/boggy/ref_rapl/energy_exp_server/NPB3.4.3/NPB3.4-MPI/bin/mg.C.x"
0.6824169 W	3572309	"/home/boggy/ref_rapl/scaphandre/target/release/scaphandre"
0.6824169 W	3572329	"/home/boggy/ref_rapl/energy_exp_server/NPB3.4.3/NPB3.4-MPI/bin/mg.C.x"
------------------------------------------------------------

Host:	52.12293 W from 
	package 	core		dram		uncore
Socket0	49.914837 W |	43.27547 W	4.508541 W	0 W	

Top 5 consumers:
Power		PID	Exe
0.97123474 W	3572309	"/home/boggy/ref_rapl/scaphandre/target/release/scaphandre"
0.97123474 W	3572329	"/home/boggy/ref_rapl/energy_exp_server/NPB3.4.3/NPB3.4-MPI/bin/mg.C.x"
0.6474898 W	3572330	"/home/boggy/ref_rapl/energy_exp_server/NPB3.4.3/NPB3.4-MPI/bin/mg.C.x"
0.6474898 W	3572328	"/home/boggy/ref_rapl/energy_exp_server/NPB3.4.3/NPB3.4-MPI/bin/mg.C.x"
0.6474898 W	3572331	"/home/boggy/ref_rapl/energy_exp_server/NPB3.4.3/NPB3.4-MPI/bin/mg.C.x"
------------------------------------------------------------

Host:	54.318135 W from 
	package 	core		dram		uncore
Socket0	47.809643 W |	43.29003 W	4.498148 W	0 W	

Top 5 consumers:
Power		PID	Exe
0.6789767 W	3572330	"/home/boggy/ref_rapl/energy_exp_server/NPB3.4.3/NPB3.4-MPI/bin/mg.C.x"
0.6789767 W	3572309	"/home/boggy/ref_rapl/scaphandre/target/release/scaphandre"
0.6789767 W	3572328	"/home/boggy/ref_rapl/energy_exp_server/NPB3.4.3/NPB3.4-MPI/bin/mg.C.x"
0.6789767 W	3572331	"/home/boggy/ref_rapl/energy_exp_server/NPB3.4.3/NPB3.4-MPI/bin/mg.C.x"
0.6789767 W	3572329	"/home/boggy/ref_rapl/energy_exp_server/NPB3.4.3/NPB3.4-MPI/bin/mg.C.x"
------------------------------------------------------------

Host:	54.393505 W from 
	package 	core		dram		uncore
Socket0	49.581165 W |	43.42408 W	4.665377 W	0 W	

Top 5 consumers:
Power		PID	Exe
1.0198783 W	3572330	"/home/boggy/ref_rapl/energy_exp_server/NPB3.4.3/NPB3.4-MPI/bin/mg.C.x"
1.0198783 W	3572309	"/home/boggy/ref_rapl/scaphandre/target/release/scaphandre"
1.0198783 W	3572328	"/home/boggy/ref_rapl/energy_exp_server/NPB3.4.3/NPB3.4-MPI/bin/mg.C.x"
1.0198783 W	3572331	"/home/boggy/ref_rapl/energy_exp_server/NPB3.4.3/NPB3.4-MPI/bin/mg.C.x"
0.6799188 W	3572329	"/home/boggy/ref_rapl/energy_exp_server/NPB3.4.3/NPB3.4-MPI/bin/mg.C.x"
------------------------------------------------------------

Host:	54.585064 W from 
	package 	core		dram		uncore
Socket0	49.47172 W |	45.22148 W	4.656509 W	0 W	

Top 5 consumers:
Power		PID	Exe
1.3646266 W	3572309	"/home/boggy/ref_rapl/scaphandre/target/release/scaphandre"
1.02347 W	3572329	"/home/boggy/ref_rapl/energy_exp_server/NPB3.4.3/NPB3.4-MPI/bin/mg.C.x"
0.6823133 W	3572330	"/home/boggy/ref_rapl/energy_exp_server/NPB3.4.3/NPB3.4-MPI/bin/mg.C.x"
0.6823133 W	3572328	"/home/boggy/ref_rapl/energy_exp_server/NPB3.4.3/NPB3.4-MPI/bin/mg.C.x"
0.6823133 W	3572331	"/home/boggy/ref_rapl/energy_exp_server/NPB3.4.3/NPB3.4-MPI/bin/mg.C.x"
------------------------------------------------------------

Host:	55.759675 W from 
	package 	core		dram		uncore
Socket0	51.39924 W |	45.439064 W	4.853318 W	0 W	

Top 5 consumers:
Power		PID	Exe
1.045494 W	3572330	"/home/boggy/ref_rapl/energy_exp_server/NPB3.4.3/NPB3.4-MPI/bin/mg.C.x"
1.045494 W	3572328	"/home/boggy/ref_rapl/energy_exp_server/NPB3.4.3/NPB3.4-MPI/bin/mg.C.x"
1.045494 W	3572331	"/home/boggy/ref_rapl/energy_exp_server/NPB3.4.3/NPB3.4-MPI/bin/mg.C.x"
0.6969959 W	3572309	"/home/boggy/ref_rapl/scaphandre/target/release/scaphandre"
0.6969959 W	3572329	"/home/boggy/ref_rapl/energy_exp_server/NPB3.4.3/NPB3.4-MPI/bin/mg.C.x"
------------------------------------------------------------

Host:	56.378628 W from 
	package 	core		dram		uncore
Socket0	50.926956 W |	45.35884 W	4.819999 W	0 W	

Top 5 consumers:
Power		PID	Exe
1.0570993 W	3572329	"/home/boggy/ref_rapl/energy_exp_server/NPB3.4.3/NPB3.4-MPI/bin/mg.C.x"
0.7047329 W	3572330	"/home/boggy/ref_rapl/energy_exp_server/NPB3.4.3/NPB3.4-MPI/bin/mg.C.x"
0.7047329 W	3572309	"/home/boggy/ref_rapl/scaphandre/target/release/scaphandre"
0.7047329 W	3572328	"/home/boggy/ref_rapl/energy_exp_server/NPB3.4.3/NPB3.4-MPI/bin/mg.C.x"
0.7047329 W	3572331	"/home/boggy/ref_rapl/energy_exp_server/NPB3.4.3/NPB3.4-MPI/bin/mg.C.x"
------------------------------------------------------------

Host:	54.706282 W from 
	package 	core		dram		uncore
Socket0	49.809017 W |	45.411617 W	4.706368 W	0 W	

Top 5 consumers:
Power		PID	Exe
1.0257429 W	3572328	"/home/boggy/ref_rapl/energy_exp_server/NPB3.4.3/NPB3.4-MPI/bin/mg.C.x"
0.6838285 W	3572330	"/home/boggy/ref_rapl/energy_exp_server/NPB3.4.3/NPB3.4-MPI/bin/mg.C.x"
0.6838285 W	3572309	"/home/boggy/ref_rapl/scaphandre/target/release/scaphandre"
0.6838285 W	3572331	"/home/boggy/ref_rapl/energy_exp_server/NPB3.4.3/NPB3.4-MPI/bin/mg.C.x"
0.6838285 W	3572329	"/home/boggy/ref_rapl/energy_exp_server/NPB3.4.3/NPB3.4-MPI/bin/mg.C.x"
------------------------------------------------------------

Host:	55.019888 W from 
	package 	core		dram		uncore
Socket0	50.438454 W |	45.46899 W	4.756338 W	0 W	

Top 5 consumers:
Power		PID	Exe
1.0316229 W	3572330	"/home/boggy/ref_rapl/energy_exp_server/NPB3.4.3/NPB3.4-MPI/bin/mg.C.x"
1.0316229 W	3572309	"/home/boggy/ref_rapl/scaphandre/target/release/scaphandre"
1.0316229 W	3572331	"/home/boggy/ref_rapl/energy_exp_server/NPB3.4.3/NPB3.4-MPI/bin/mg.C.x"
1.0316229 W	3572329	"/home/boggy/ref_rapl/energy_exp_server/NPB3.4.3/NPB3.4-MPI/bin/mg.C.x"
0.6877486 W	3572328	"/home/boggy/ref_rapl/energy_exp_server/NPB3.4.3/NPB3.4-MPI/bin/mg.C.x"
------------------------------------------------------------

Host:	54.672106 W from 
	package 	core		dram		uncore
Socket0	51.678787 W |	45.453403 W	4.90297 W	0 W	

Top 5 consumers:
Power		PID	Exe
1.025102 W	3572309	"/home/boggy/ref_rapl/scaphandre/target/release/scaphandre"
0.6834013 W	3572330	"/home/boggy/ref_rapl/energy_exp_server/NPB3.4.3/NPB3.4-MPI/bin/mg.C.x"
0.6834013 W	3572328	"/home/boggy/ref_rapl/energy_exp_server/NPB3.4.3/NPB3.4-MPI/bin/mg.C.x"
0.6834013 W	3572331	"/home/boggy/ref_rapl/energy_exp_server/NPB3.4.3/NPB3.4-MPI/bin/mg.C.x"
0.6834013 W	3572329	"/home/boggy/ref_rapl/energy_exp_server/NPB3.4.3/NPB3.4-MPI/bin/mg.C.x"
------------------------------------------------------------

Host:	57.136859 W from 
	package 	core		dram		uncore
Socket0	50.26618 W |	45.489662 W	4.733833 W	0 W	

Top 5 consumers:
Power		PID	Exe
1.0713161 W	3572330	"/home/boggy/ref_rapl/energy_exp_server/NPB3.4.3/NPB3.4-MPI/bin/mg.C.x"
1.0713161 W	3572309	"/home/boggy/ref_rapl/scaphandre/target/release/scaphandre"
1.0713161 W	3572328	"/home/boggy/ref_rapl/energy_exp_server/NPB3.4.3/NPB3.4-MPI/bin/mg.C.x"
1.0713161 W	3572331	"/home/boggy/ref_rapl/energy_exp_server/NPB3.4.3/NPB3.4-MPI/bin/mg.C.x"
0.71421075 W	3572329	"/home/boggy/ref_rapl/energy_exp_server/NPB3.4.3/NPB3.4-MPI/bin/mg.C.x"
------------------------------------------------------------

Host:	54.745556 W from 
	package 	core		dram		uncore
Socket0	49.979744 W |	45.4355 W	4.706305 W	0 W	

Top 5 consumers:
Power		PID	Exe
0.92789084 W	3572329	"/home/boggy/ref_rapl/energy_exp_server/NPB3.4.3/NPB3.4-MPI/bin/mg.C.x"
0.6185939 W	3572330	"/home/boggy/ref_rapl/energy_exp_server/NPB3.4.3/NPB3.4-MPI/bin/mg.C.x"
0.6185939 W	3572309	"/home/boggy/ref_rapl/scaphandre/target/release/scaphandre"
0.6185939 W	3572328	"/home/boggy/ref_rapl/energy_exp_server/NPB3.4.3/NPB3.4-MPI/bin/mg.C.x"
0.6185939 W	3572331	"/home/boggy/ref_rapl/energy_exp_server/NPB3.4.3/NPB3.4-MPI/bin/mg.C.x"
------------------------------------------------------------

Host:	51.828204 W from 
	package 	core		dram		uncore
Socket0	49.61908 W |	44.813457 W	4.930945 W	0 W	

Top 5 consumers:
Power		PID	Exe
0.8784442 W	3572330	"/home/boggy/ref_rapl/energy_exp_server/NPB3.4.3/NPB3.4-MPI/bin/mg.C.x"
0.8784442 W	3572309	"/home/boggy/ref_rapl/scaphandre/target/release/scaphandre"
0.8784442 W	3572328	"/home/boggy/ref_rapl/energy_exp_server/NPB3.4.3/NPB3.4-MPI/bin/mg.C.x"
0.8784442 W	3572331	"/home/boggy/ref_rapl/energy_exp_server/NPB3.4.3/NPB3.4-MPI/bin/mg.C.x"
0.58562946 W	3572329	"/home/boggy/ref_rapl/energy_exp_server/NPB3.4.3/NPB3.4-MPI/bin/mg.C.x"
------------------------------------------------------------

Host:	57.090561 W from 
	package 	core		dram		uncore
Socket0	51.104107 W |	45.07174 W	3.754192 W	0 W	

Top 5 consumers:
Power		PID	Exe
0.96763664 W	3572309	"/home/boggy/ref_rapl/scaphandre/target/release/scaphandre"
0.96763664 W	3572329	"/home/boggy/ref_rapl/energy_exp_server/NPB3.4.3/NPB3.4-MPI/bin/mg.C.x"
0.64509106 W	3572330	"/home/boggy/ref_rapl/energy_exp_server/NPB3.4.3/NPB3.4-MPI/bin/mg.C.x"
0.64509106 W	3572328	"/home/boggy/ref_rapl/energy_exp_server/NPB3.4.3/NPB3.4-MPI/bin/mg.C.x"
0.64509106 W	3572331	"/home/boggy/ref_rapl/energy_exp_server/NPB3.4.3/NPB3.4-MPI/bin/mg.C.x"
------------------------------------------------------------

Host:	56.596068 W from 
	package 	core		dram		uncore
Socket0	50.749184 W |	47.348034 W	4.644417 W	0 W	

Top 5 consumers:
Power		PID	Exe
0.63950354 W	3572330	"/home/boggy/ref_rapl/energy_exp_server/NPB3.4.3/NPB3.4-MPI/bin/mg.C.x"
0.63950354 W	3572309	"/home/boggy/ref_rapl/scaphandre/target/release/scaphandre"
0.63950354 W	3572328	"/home/boggy/ref_rapl/energy_exp_server/NPB3.4.3/NPB3.4-MPI/bin/mg.C.x"
0.63950354 W	3572331	"/home/boggy/ref_rapl/energy_exp_server/NPB3.4.3/NPB3.4-MPI/bin/mg.C.x"
0.31975177 W	31	""
------------------------------------------------------------

Host:	59.547783 W from 
	package 	core		dram		uncore
Socket0	54.916 W |	47.81759 W	4.564375 W	0 W	

Top 5 consumers:
Power		PID	Exe
0.67285633 W	3572330	"/home/boggy/ref_rapl/energy_exp_server/NPB3.4.3/NPB3.4-MPI/bin/mg.C.x"
0.67285633 W	3572309	"/home/boggy/ref_rapl/scaphandre/target/release/scaphandre"
0.67285633 W	3572328	"/home/boggy/ref_rapl/energy_exp_server/NPB3.4.3/NPB3.4-MPI/bin/mg.C.x"
0.67285633 W	3572331	"/home/boggy/ref_rapl/energy_exp_server/NPB3.4.3/NPB3.4-MPI/bin/mg.C.x"
0.67285633 W	3572329	"/home/boggy/ref_rapl/energy_exp_server/NPB3.4.3/NPB3.4-MPI/bin/mg.C.x"
------------------------------------------------------------

Host:	56.163169 W from 
	package 	core		dram		uncore
Socket0	51.919647 W |	47.765884 W	4.481709 W	0 W	

Top 5 consumers:
Power		PID	Exe
0.9519181 W	3572330	"/home/boggy/ref_rapl/energy_exp_server/NPB3.4.3/NPB3.4-MPI/bin/mg.C.x"
0.9519181 W	3572328	"/home/boggy/ref_rapl/energy_exp_server/NPB3.4.3/NPB3.4-MPI/bin/mg.C.x"
0.9519181 W	3572331	"/home/boggy/ref_rapl/energy_exp_server/NPB3.4.3/NPB3.4-MPI/bin/mg.C.x"
0.6346121 W	3572309	"/home/boggy/ref_rapl/scaphandre/target/release/scaphandre"
0.6346121 W	3572329	"/home/boggy/ref_rapl/energy_exp_server/NPB3.4.3/NPB3.4-MPI/bin/mg.C.x"
------------------------------------------------------------

Host:	57.322629 W from 
	package 	core		dram		uncore
Socket0	53.750977 W |	48.074703 W	4.648892 W	0 W	

Top 5 consumers:
Power		PID	Exe
0.97157 W	3572309	"/home/boggy/ref_rapl/scaphandre/target/release/scaphandre"
0.97157 W	3572329	"/home/boggy/ref_rapl/energy_exp_server/NPB3.4.3/NPB3.4-MPI/bin/mg.C.x"
0.6477133 W	3572330	"/home/boggy/ref_rapl/energy_exp_server/NPB3.4.3/NPB3.4-MPI/bin/mg.C.x"
0.6477133 W	3572328	"/home/boggy/ref_rapl/energy_exp_server/NPB3.4.3/NPB3.4-MPI/bin/mg.C.x"
0.6477133 W	3572331	"/home/boggy/ref_rapl/energy_exp_server/NPB3.4.3/NPB3.4-MPI/bin/mg.C.x"
------------------------------------------------------------

Host:	58.224423 W from 
	package 	core		dram		uncore
Socket0	53.042267 W |	48.14248 W	4.564828 W	0 W	

Top 5 consumers:
Power		PID	Exe
0.6579031 W	3572330	"/home/boggy/ref_rapl/energy_exp_server/NPB3.4.3/NPB3.4-MPI/bin/mg.C.x"
0.6579031 W	3572309	"/home/boggy/ref_rapl/scaphandre/target/release/scaphandre"
0.6579031 W	3572328	"/home/boggy/ref_rapl/energy_exp_server/NPB3.4.3/NPB3.4-MPI/bin/mg.C.x"
0.6579031 W	3572331	"/home/boggy/ref_rapl/energy_exp_server/NPB3.4.3/NPB3.4-MPI/bin/mg.C.x"
0.6579031 W	3572329	"/home/boggy/ref_rapl/energy_exp_server/NPB3.4.3/NPB3.4-MPI/bin/mg.C.x"
------------------------------------------------------------

Host:	59.386874 W from 
	package 	core		dram		uncore
Socket0	53.734936 W |	48.050575 W	4.626666 W	0 W	

Top 5 consumers:
Power		PID	Exe
1.0065572 W	3572309	"/home/boggy/ref_rapl/scaphandre/target/release/scaphandre"
1.0065572 W	3572328	"/home/boggy/ref_rapl/energy_exp_server/NPB3.4.3/NPB3.4-MPI/bin/mg.C.x"
0.67103815 W	3572330	"/home/boggy/ref_rapl/energy_exp_server/NPB3.4.3/NPB3.4-MPI/bin/mg.C.x"
0.67103815 W	3572331	"/home/boggy/ref_rapl/energy_exp_server/NPB3.4.3/NPB3.4-MPI/bin/mg.C.x"
0.67103815 W	3572329	"/home/boggy/ref_rapl/energy_exp_server/NPB3.4.3/NPB3.4-MPI/bin/mg.C.x"
------------------------------------------------------------

Host:	56.547773 W from 
	package 	core		dram		uncore
Socket0	52.049187 W |	48.057102 W	4.688801 W	0 W	

Top 5 consumers:
Power		PID	Exe
1.0407566 W	3572330	"/home/boggy/ref_rapl/energy_exp_server/NPB3.4.3/NPB3.4-MPI/bin/mg.C.x"
1.0407566 W	3572331	"/home/boggy/ref_rapl/energy_exp_server/NPB3.4.3/NPB3.4-MPI/bin/mg.C.x"
0.6938377 W	3572309	"/home/boggy/ref_rapl/scaphandre/target/release/scaphandre"
0.6938377 W	3572328	"/home/boggy/ref_rapl/energy_exp_server/NPB3.4.3/NPB3.4-MPI/bin/mg.C.x"
0.6938377 W	3572329	"/home/boggy/ref_rapl/energy_exp_server/NPB3.4.3/NPB3.4-MPI/bin/mg.C.x"
------------------------------------------------------------

Host:	56.657257 W from 
	package 	core		dram		uncore
Socket0	54.3326 W |	48.339607 W	4.462681 W	0 W	

Top 5 consumers:
Power		PID	Exe
1.0427716 W	3572329	"/home/boggy/ref_rapl/energy_exp_server/NPB3.4.3/NPB3.4-MPI/bin/mg.C.x"
0.695181 W	3572330	"/home/boggy/ref_rapl/energy_exp_server/NPB3.4.3/NPB3.4-MPI/bin/mg.C.x"
0.695181 W	3572309	"/home/boggy/ref_rapl/scaphandre/target/release/scaphandre"
0.695181 W	3572328	"/home/boggy/ref_rapl/energy_exp_server/NPB3.4.3/NPB3.4-MPI/bin/mg.C.x"
0.695181 W	3572331	"/home/boggy/ref_rapl/energy_exp_server/NPB3.4.3/NPB3.4-MPI/bin/mg.C.x"
------------------------------------------------------------

Host:	54.537964 W from 
	package 	core		dram		uncore
Socket0	49.933403 W |	45.308514 W	4.293231 W	0 W	

Top 5 consumers:
Power		PID	Exe
1.0037663 W	3572309	"/home/boggy/ref_rapl/scaphandre/target/release/scaphandre"
0.6691774 W	3572330	"/home/boggy/ref_rapl/energy_exp_server/NPB3.4.3/NPB3.4-MPI/bin/mg.C.x"
0.6691774 W	3572328	"/home/boggy/ref_rapl/energy_exp_server/NPB3.4.3/NPB3.4-MPI/bin/mg.C.x"
0.6691774 W	3572331	"/home/boggy/ref_rapl/energy_exp_server/NPB3.4.3/NPB3.4-MPI/bin/mg.C.x"
0.6691774 W	3572329	"/home/boggy/ref_rapl/energy_exp_server/NPB3.4.3/NPB3.4-MPI/bin/mg.C.x"
------------------------------------------------------------

Host:	54.922917 W from 
	package 	core		dram		uncore
Socket0	50.919254 W |	46.411926 W	2.993484 W	0 W	

Top 5 consumers:
Power		PID	Exe
1.0108513 W	3572328	"/home/boggy/ref_rapl/energy_exp_server/NPB3.4.3/NPB3.4-MPI/bin/mg.C.x"
0.6739008 W	3572330	"/home/boggy/ref_rapl/energy_exp_server/NPB3.4.3/NPB3.4-MPI/bin/mg.C.x"
0.6739008 W	3572309	"/home/boggy/ref_rapl/scaphandre/target/release/scaphandre"
0.6739008 W	3572331	"/home/boggy/ref_rapl/energy_exp_server/NPB3.4.3/NPB3.4-MPI/bin/mg.C.x"
0.6739008 W	3572329	"/home/boggy/ref_rapl/energy_exp_server/NPB3.4.3/NPB3.4-MPI/bin/mg.C.x"
------------------------------------------------------------

Host:	53.994148 W from 
	package 	core		dram		uncore
Socket0	50.164272 W |	45.528954 W	4.920913 W	0 W	

Top 5 consumers:
Power		PID	Exe
1.3250097 W	3572330	"/home/boggy/ref_rapl/energy_exp_server/NPB3.4.3/NPB3.4-MPI/bin/mg.C.x"
1.3250097 W	3572309	"/home/boggy/ref_rapl/scaphandre/target/release/scaphandre"
1.3250097 W	3572331	"/home/boggy/ref_rapl/energy_exp_server/NPB3.4.3/NPB3.4-MPI/bin/mg.C.x"
0.9937573 W	3572328	"/home/boggy/ref_rapl/energy_exp_server/NPB3.4.3/NPB3.4-MPI/bin/mg.C.x"
0.9937573 W	3572329	"/home/boggy/ref_rapl/energy_exp_server/NPB3.4.3/NPB3.4-MPI/bin/mg.C.x"
------------------------------------------------------------

Host:	54.034837 W from 
	package 	core		dram		uncore
Socket0	50.371967 W |	44.318336 W	4.724839 W	0 W	

Top 5 consumers:
Power		PID	Exe
1.3260082 W	3572329	"/home/boggy/ref_rapl/energy_exp_server/NPB3.4.3/NPB3.4-MPI/bin/mg.C.x"
0.9945062 W	3572330	"/home/boggy/ref_rapl/energy_exp_server/NPB3.4.3/NPB3.4-MPI/bin/mg.C.x"
0.9945062 W	3572328	"/home/boggy/ref_rapl/energy_exp_server/NPB3.4.3/NPB3.4-MPI/bin/mg.C.x"
0.9945062 W	3572331	"/home/boggy/ref_rapl/energy_exp_server/NPB3.4.3/NPB3.4-MPI/bin/mg.C.x"
0.6630041 W	3572309	"/home/boggy/ref_rapl/scaphandre/target/release/scaphandre"
------------------------------------------------------------

Host:	54.821474 W from 
	package 	core		dram		uncore
Socket0	49.29402 W |	44.33033 W	4.759869 W	0 W	

Top 5 consumers:
Power		PID	Exe
1.0089842 W	3572330	"/home/boggy/ref_rapl/energy_exp_server/NPB3.4.3/NPB3.4-MPI/bin/mg.C.x"
1.0089842 W	3572328	"/home/boggy/ref_rapl/energy_exp_server/NPB3.4.3/NPB3.4-MPI/bin/mg.C.x"
1.0089842 W	3572331	"/home/boggy/ref_rapl/energy_exp_server/NPB3.4.3/NPB3.4-MPI/bin/mg.C.x"
1.0089842 W	3572329	"/home/boggy/ref_rapl/energy_exp_server/NPB3.4.3/NPB3.4-MPI/bin/mg.C.x"
0.67265606 W	3572309	"/home/boggy/ref_rapl/scaphandre/target/release/scaphandre"
------------------------------------------------------------

Host:	53.381233 W from 
	package 	core		dram		uncore
Socket0	48.719757 W |	44.243458 W	4.845509 W	0 W	

Top 5 consumers:
Power		PID	Exe
1.3262417 W	3572330	"/home/boggy/ref_rapl/energy_exp_server/NPB3.4.3/NPB3.4-MPI/bin/mg.C.x"
1.3262417 W	3572328	"/home/boggy/ref_rapl/energy_exp_server/NPB3.4.3/NPB3.4-MPI/bin/mg.C.x"
1.3262417 W	3572331	"/home/boggy/ref_rapl/energy_exp_server/NPB3.4.3/NPB3.4-MPI/bin/mg.C.x"
0.99468136 W	3572309	"/home/boggy/ref_rapl/scaphandre/target/release/scaphandre"
0.99468136 W	3572329	"/home/boggy/ref_rapl/energy_exp_server/NPB3.4.3/NPB3.4-MPI/bin/mg.C.x"
------------------------------------------------------------

Host:	55.133667 W from 
	package 	core		dram		uncore
Socket0	49.833565 W |	44.258064 W	4.676956 W	0 W	

Top 5 consumers:
Power		PID	Exe
1.3697805 W	3572329	"/home/boggy/ref_rapl/energy_exp_server/NPB3.4.3/NPB3.4-MPI/bin/mg.C.x"
1.0273354 W	3572330	"/home/boggy/ref_rapl/energy_exp_server/NPB3.4.3/NPB3.4-MPI/bin/mg.C.x"
1.0273354 W	3572309	"/home/boggy/ref_rapl/scaphandre/target/release/scaphandre"
1.0273354 W	3572328	"/home/boggy/ref_rapl/energy_exp_server/NPB3.4.3/NPB3.4-MPI/bin/mg.C.x"
1.0273354 W	3572331	"/home/boggy/ref_rapl/energy_exp_server/NPB3.4.3/NPB3.4-MPI/bin/mg.C.x"
------------------------------------------------------------

Host:	53.950643 W from 
	package 	core		dram		uncore
Socket0	49.1142 W |	44.288857 W	4.88831 W	0 W	

Top 5 consumers:
Power		PID	Exe
1.3403887 W	3572328	"/home/boggy/ref_rapl/energy_exp_server/NPB3.4.3/NPB3.4-MPI/bin/mg.C.x"
1.0052915 W	3572330	"/home/boggy/ref_rapl/energy_exp_server/NPB3.4.3/NPB3.4-MPI/bin/mg.C.x"
1.0052915 W	3572331	"/home/boggy/ref_rapl/energy_exp_server/NPB3.4.3/NPB3.4-MPI/bin/mg.C.x"
1.0052915 W	3572329	"/home/boggy/ref_rapl/energy_exp_server/NPB3.4.3/NPB3.4-MPI/bin/mg.C.x"
0.6701943 W	3572309	"/home/boggy/ref_rapl/scaphandre/target/release/scaphandre"
------------------------------------------------------------

Host:	52.806119 W from 
	package 	core		dram		uncore
Socket0	47.77733 W |	42.98113 W	4.633048 W	0 W	

Top 5 consumers:
Power		PID	Exe
1.3119533 W	3572330	"/home/boggy/ref_rapl/energy_exp_server/NPB3.4.3/NPB3.4-MPI/bin/mg.C.x"
1.3119533 W	3572331	"/home/boggy/ref_rapl/energy_exp_server/NPB3.4.3/NPB3.4-MPI/bin/mg.C.x"
0.983965 W	3572309	"/home/boggy/ref_rapl/scaphandre/target/release/scaphandre"
0.983965 W	3572328	"/home/boggy/ref_rapl/energy_exp_server/NPB3.4.3/NPB3.4-MPI/bin/mg.C.x"
0.983965 W	3572329	"/home/boggy/ref_rapl/energy_exp_server/NPB3.4.3/NPB3.4-MPI/bin/mg.C.x"
------------------------------------------------------------

Host:	52.223181 W from 
	package 	core		dram		uncore
Socket0	49.265343 W |	44.026855 W	4.302965 W	0 W	

Top 5 consumers:
Power		PID	Exe
0.97310275 W	3572330	"/home/boggy/ref_rapl/energy_exp_server/NPB3.4.3/NPB3.4-MPI/bin/mg.C.x"
0.97310275 W	3572309	"/home/boggy/ref_rapl/scaphandre/target/release/scaphandre"
0.97310275 W	3572328	"/home/boggy/ref_rapl/energy_exp_server/NPB3.4.3/NPB3.4-MPI/bin/mg.C.x"
0.97310275 W	3572331	"/home/boggy/ref_rapl/energy_exp_server/NPB3.4.3/NPB3.4-MPI/bin/mg.C.x"
0.97310275 W	3572329	"/home/boggy/ref_rapl/energy_exp_server/NPB3.4.3/NPB3.4-MPI/bin/mg.C.x"
------------------------------------------------------------

Host:	52.026035 W from 
	package 	core		dram		uncore
Socket0	48.85188 W |	42.911785 W	4.612344 W	0 W	

Top 5 consumers:
Power		PID	Exe
1.2925723 W	3572329	"/home/boggy/ref_rapl/energy_exp_server/NPB3.4.3/NPB3.4-MPI/bin/mg.C.x"
0.96942925 W	3572330	"/home/boggy/ref_rapl/energy_exp_server/NPB3.4.3/NPB3.4-MPI/bin/mg.C.x"
0.96942925 W	3572309	"/home/boggy/ref_rapl/scaphandre/target/release/scaphandre"
0.96942925 W	3572328	"/home/boggy/ref_rapl/energy_exp_server/NPB3.4.3/NPB3.4-MPI/bin/mg.C.x"
0.96942925 W	3572331	"/home/boggy/ref_rapl/energy_exp_server/NPB3.4.3/NPB3.4-MPI/bin/mg.C.x"
------------------------------------------------------------

Host:	47.61297 W from 
	package 	core		dram		uncore
Socket0	45.989754 W |	41.473034 W	4.576538 W	0 W	

Top 5 consumers:
Power		PID	Exe
1.1829308 W	3572330	"/home/boggy/ref_rapl/energy_exp_server/NPB3.4.3/NPB3.4-MPI/bin/mg.C.x"
1.1829308 W	3572328	"/home/boggy/ref_rapl/energy_exp_server/NPB3.4.3/NPB3.4-MPI/bin/mg.C.x"
1.1829308 W	3572331	"/home/boggy/ref_rapl/energy_exp_server/NPB3.4.3/NPB3.4-MPI/bin/mg.C.x"
1.1829308 W	3572329	"/home/boggy/ref_rapl/energy_exp_server/NPB3.4.3/NPB3.4-MPI/bin/mg.C.x"
0.88719827 W	3572309	"/home/boggy/ref_rapl/scaphandre/target/release/scaphandre"
------------------------------------------------------------

Host:	46.290341 W from 
	package 	core		dram		uncore
Socket0	42.064392 W |	36.819756 W	4.54693 W	0 W	

Top 5 consumers:
Power		PID	Exe
1.7251059 W	3572330	"/home/boggy/ref_rapl/energy_exp_server/NPB3.4.3/NPB3.4-MPI/bin/mg.C.x"
1.7251059 W	3572328	"/home/boggy/ref_rapl/energy_exp_server/NPB3.4.3/NPB3.4-MPI/bin/mg.C.x"
1.7251059 W	3572331	"/home/boggy/ref_rapl/energy_exp_server/NPB3.4.3/NPB3.4-MPI/bin/mg.C.x"
1.4375882 W	3572309	"/home/boggy/ref_rapl/scaphandre/target/release/scaphandre"
1.4375882 W	3572329	"/home/boggy/ref_rapl/energy_exp_server/NPB3.4.3/NPB3.4-MPI/bin/mg.C.x"
------------------------------------------------------------

Host:	49.075925 W from 
	package 	core		dram		uncore
Socket0	43.269352 W |	37.808823 W	4.556158 W	0 W	

Top 5 consumers:
Power		PID	Exe
1.8289165 W	3572309	"/home/boggy/ref_rapl/scaphandre/target/release/scaphandre"
1.5240971 W	3572330	"/home/boggy/ref_rapl/energy_exp_server/NPB3.4.3/NPB3.4-MPI/bin/mg.C.x"
1.5240971 W	3572328	"/home/boggy/ref_rapl/energy_exp_server/NPB3.4.3/NPB3.4-MPI/bin/mg.C.x"
1.5240971 W	3572331	"/home/boggy/ref_rapl/energy_exp_server/NPB3.4.3/NPB3.4-MPI/bin/mg.C.x"
1.5240971 W	3572329	"/home/boggy/ref_rapl/energy_exp_server/NPB3.4.3/NPB3.4-MPI/bin/mg.C.x"
------------------------------------------------------------

Host:	55.056407 W from 
	package 	core		dram		uncore
Socket0	45.58972 W |	40.72408 W	4.5458 W	0 W	

Top 5 consumers:
Power		PID	Exe
1.367861 W	3572329	"/home/boggy/ref_rapl/energy_exp_server/NPB3.4.3/NPB3.4-MPI/bin/mg.C.x"
1.0258958 W	3572330	"/home/boggy/ref_rapl/energy_exp_server/NPB3.4.3/NPB3.4-MPI/bin/mg.C.x"
1.0258958 W	3572309	"/home/boggy/ref_rapl/scaphandre/target/release/scaphandre"
1.0258958 W	3572328	"/home/boggy/ref_rapl/energy_exp_server/NPB3.4.3/NPB3.4-MPI/bin/mg.C.x"
1.0258958 W	3572331	"/home/boggy/ref_rapl/energy_exp_server/NPB3.4.3/NPB3.4-MPI/bin/mg.C.x"
------------------------------------------------------------

Host:	57.293462 W from 
	package 	core		dram		uncore
Socket0	52.59186 W |	48.255375 W	4.467473 W	0 W	

Top 5 consumers:
Power		PID	Exe
1.0675801 W	3572330	"/home/boggy/ref_rapl/energy_exp_server/NPB3.4.3/NPB3.4-MPI/bin/mg.C.x"
1.0675801 W	3572328	"/home/boggy/ref_rapl/energy_exp_server/NPB3.4.3/NPB3.4-MPI/bin/mg.C.x"
1.0675801 W	3572331	"/home/boggy/ref_rapl/energy_exp_server/NPB3.4.3/NPB3.4-MPI/bin/mg.C.x"
1.0675801 W	3572329	"/home/boggy/ref_rapl/energy_exp_server/NPB3.4.3/NPB3.4-MPI/bin/mg.C.x"
0.71172 W	3572309	"/home/boggy/ref_rapl/scaphandre/target/release/scaphandre"
------------------------------------------------------------

Host:	52.60215 W from 
	package 	core		dram		uncore
Socket0	50.38177 W |	43.825287 W	4.432414 W	0 W	

Top 5 consumers:
Power		PID	Exe
1.2450213 W	3572330	"/home/boggy/ref_rapl/energy_exp_server/NPB3.4.3/NPB3.4-MPI/bin/mg.C.x"
1.2450213 W	3572328	"/home/boggy/ref_rapl/energy_exp_server/NPB3.4.3/NPB3.4-MPI/bin/mg.C.x"
1.2450213 W	3572331	"/home/boggy/ref_rapl/energy_exp_server/NPB3.4.3/NPB3.4-MPI/bin/mg.C.x"
0.933766 W	3572309	"/home/boggy/ref_rapl/scaphandre/target/release/scaphandre"
0.933766 W	3572329	"/home/boggy/ref_rapl/energy_exp_server/NPB3.4.3/NPB3.4-MPI/bin/mg.C.x"
------------------------------------------------------------

Host:	51.458216 W from 
	package 	core		dram		uncore
Socket0	46.39269 W |	42.12243 W	4.604989 W	0 W	

Top 5 consumers:
Power		PID	Exe
0.9134594 W	3572330	"/home/boggy/ref_rapl/energy_exp_server/NPB3.4.3/NPB3.4-MPI/bin/mg.C.x"
0.9134594 W	3572309	"/home/boggy/ref_rapl/scaphandre/target/release/scaphandre"
0.9134594 W	3572328	"/home/boggy/ref_rapl/energy_exp_server/NPB3.4.3/NPB3.4-MPI/bin/mg.C.x"
0.9134594 W	3572331	"/home/boggy/ref_rapl/energy_exp_server/NPB3.4.3/NPB3.4-MPI/bin/mg.C.x"
0.9134594 W	3572329	"/home/boggy/ref_rapl/energy_exp_server/NPB3.4.3/NPB3.4-MPI/bin/mg.C.x"
------------------------------------------------------------

Host:	54.119587 W from 
	package 	core		dram		uncore
Socket0	48.317703 W |	42.13479 W	4.539552 W	0 W	

Top 5 consumers:
Power		PID	Exe
0.9607028 W	3572330	"/home/boggy/ref_rapl/energy_exp_server/NPB3.4.3/NPB3.4-MPI/bin/mg.C.x"
0.9607028 W	3572328	"/home/boggy/ref_rapl/energy_exp_server/NPB3.4.3/NPB3.4-MPI/bin/mg.C.x"
0.9607028 W	3572331	"/home/boggy/ref_rapl/energy_exp_server/NPB3.4.3/NPB3.4-MPI/bin/mg.C.x"
0.9607028 W	3572329	"/home/boggy/ref_rapl/energy_exp_server/NPB3.4.3/NPB3.4-MPI/bin/mg.C.x"
0.6404685 W	3572309	"/home/boggy/ref_rapl/scaphandre/target/release/scaphandre"
------------------------------------------------------------

Host:	52.563908 W from 
	package 	core		dram		uncore
Socket0	49.038612 W |	44.03678 W	4.749289 W	0 W	

Top 5 consumers:
Power		PID	Exe
1.2441163 W	3572329	"/home/boggy/ref_rapl/energy_exp_server/NPB3.4.3/NPB3.4-MPI/bin/mg.C.x"
0.9330871 W	3572330	"/home/boggy/ref_rapl/energy_exp_server/NPB3.4.3/NPB3.4-MPI/bin/mg.C.x"
0.9330871 W	3572309	"/home/boggy/ref_rapl/scaphandre/target/release/scaphandre"
0.9330871 W	3572328	"/home/boggy/ref_rapl/energy_exp_server/NPB3.4.3/NPB3.4-MPI/bin/mg.C.x"
0.9330871 W	3572331	"/home/boggy/ref_rapl/energy_exp_server/NPB3.4.3/NPB3.4-MPI/bin/mg.C.x"
------------------------------------------------------------

Host:	55.526442 W from 
	package 	core		dram		uncore
Socket0	49.55372 W |	44.343994 W	4.79888 W	0 W	

Top 5 consumers:
Power		PID	Exe
1.3142353 W	3572330	"/home/boggy/ref_rapl/energy_exp_server/NPB3.4.3/NPB3.4-MPI/bin/mg.C.x"
1.3142353 W	3572328	"/home/boggy/ref_rapl/energy_exp_server/NPB3.4.3/NPB3.4-MPI/bin/mg.C.x"
1.3142353 W	3572331	"/home/boggy/ref_rapl/energy_exp_server/NPB3.4.3/NPB3.4-MPI/bin/mg.C.x"
0.9856765 W	3572329	"/home/boggy/ref_rapl/energy_exp_server/NPB3.4.3/NPB3.4-MPI/bin/mg.C.x"
0.65711766 W	3572309	"/home/boggy/ref_rapl/scaphandre/target/release/scaphandre"
------------------------------------------------------------

Host:	54.093193 W from 
	package 	core		dram		uncore
Socket0	49.116215 W |	44.243893 W	4.892537 W	0 W	

Top 5 consumers:
Power		PID	Exe
0.96023417 W	3572330	"/home/boggy/ref_rapl/energy_exp_server/NPB3.4.3/NPB3.4-MPI/bin/mg.C.x"
0.96023417 W	3572309	"/home/boggy/ref_rapl/scaphandre/target/release/scaphandre"
0.96023417 W	3572328	"/home/boggy/ref_rapl/energy_exp_server/NPB3.4.3/NPB3.4-MPI/bin/mg.C.x"
0.96023417 W	3572331	"/home/boggy/ref_rapl/energy_exp_server/NPB3.4.3/NPB3.4-MPI/bin/mg.C.x"
0.96023417 W	3572329	"/home/boggy/ref_rapl/energy_exp_server/NPB3.4.3/NPB3.4-MPI/bin/mg.C.x"
------------------------------------------------------------

Host:	53.692313 W from 
	package 	core		dram		uncore
Socket0	49.296165 W |	44.153446 W	4.772985 W	0 W	

Top 5 consumers:
Power		PID	Exe
1.3339705 W	3572329	"/home/boggy/ref_rapl/energy_exp_server/NPB3.4.3/NPB3.4-MPI/bin/mg.C.x"
1.0004779 W	3572330	"/home/boggy/ref_rapl/energy_exp_server/NPB3.4.3/NPB3.4-MPI/bin/mg.C.x"
1.0004779 W	3572309	"/home/boggy/ref_rapl/scaphandre/target/release/scaphandre"
1.0004779 W	3572328	"/home/boggy/ref_rapl/energy_exp_server/NPB3.4.3/NPB3.4-MPI/bin/mg.C.x"
1.0004779 W	3572331	"/home/boggy/ref_rapl/energy_exp_server/NPB3.4.3/NPB3.4-MPI/bin/mg.C.x"
------------------------------------------------------------

Host:	53.994577 W from 
	package 	core		dram		uncore
Socket0	49.282307 W |	44.355713 W	4.753309 W	0 W	

Top 5 consumers:
Power		PID	Exe
1.3414801 W	3572330	"/home/boggy/ref_rapl/energy_exp_server/NPB3.4.3/NPB3.4-MPI/bin/mg.C.x"
1.3414801 W	3572328	"/home/boggy/ref_rapl/energy_exp_server/NPB3.4.3/NPB3.4-MPI/bin/mg.C.x"
1.3414801 W	3572331	"/home/boggy/ref_rapl/energy_exp_server/NPB3.4.3/NPB3.4-MPI/bin/mg.C.x"
1.0061102 W	3572329	"/home/boggy/ref_rapl/energy_exp_server/NPB3.4.3/NPB3.4-MPI/bin/mg.C.x"
0.67074007 W	3572309	"/home/boggy/ref_rapl/scaphandre/target/release/scaphandre"
------------------------------------------------------------

Host:	52.608616 W from 
	package 	core		dram		uncore
Socket0	50.35202 W |	44.315304 W	4.72468 W	0 W	

Top 5 consumers:
Power		PID	Exe
1.3070464 W	3572309	"/home/boggy/ref_rapl/scaphandre/target/release/scaphandre"
1.3070464 W	3572329	"/home/boggy/ref_rapl/energy_exp_server/NPB3.4.3/NPB3.4-MPI/bin/mg.C.x"
0.9802848 W	3572330	"/home/boggy/ref_rapl/energy_exp_server/NPB3.4.3/NPB3.4-MPI/bin/mg.C.x"
0.9802848 W	3572328	"/home/boggy/ref_rapl/energy_exp_server/NPB3.4.3/NPB3.4-MPI/bin/mg.C.x"
0.9802848 W	3572331	"/home/boggy/ref_rapl/energy_exp_server/NPB3.4.3/NPB3.4-MPI/bin/mg.C.x"
------------------------------------------------------------

Host:	56.126373 W from 
	package 	core		dram		uncore
Socket0	48.60944 W |	43.67268 W	4.133728 W	0 W	

Top 5 consumers:
Power		PID	Exe
1.394444 W	3572330	"/home/boggy/ref_rapl/energy_exp_server/NPB3.4.3/NPB3.4-MPI/bin/mg.C.x"
1.0458331 W	3572328	"/home/boggy/ref_rapl/energy_exp_server/NPB3.4.3/NPB3.4-MPI/bin/mg.C.x"
1.0458331 W	3572331	"/home/boggy/ref_rapl/energy_exp_server/NPB3.4.3/NPB3.4-MPI/bin/mg.C.x"
0.697222 W	3572309	"/home/boggy/ref_rapl/scaphandre/target/release/scaphandre"
0.697222 W	3572329	"/home/boggy/ref_rapl/energy_exp_server/NPB3.4.3/NPB3.4-MPI/bin/mg.C.x"
------------------------------------------------------------

Host:	55.008831 W from 
	package 	core		dram		uncore
Socket0	50.816776 W |	46.50706 W	4.117589 W	0 W	

Top 5 consumers:
Power		PID	Exe
1.366679 W	3572329	"/home/boggy/ref_rapl/energy_exp_server/NPB3.4.3/NPB3.4-MPI/bin/mg.C.x"
1.0250093 W	3572330	"/home/boggy/ref_rapl/energy_exp_server/NPB3.4.3/NPB3.4-MPI/bin/mg.C.x"
1.0250093 W	3572328	"/home/boggy/ref_rapl/energy_exp_server/NPB3.4.3/NPB3.4-MPI/bin/mg.C.x"
1.0250093 W	3572331	"/home/boggy/ref_rapl/energy_exp_server/NPB3.4.3/NPB3.4-MPI/bin/mg.C.x"
0.6833395 W	3572309	"/home/boggy/ref_rapl/scaphandre/target/release/scaphandre"
------------------------------------------------------------

Host:	56.267667 W from 
	package 	core		dram		uncore
Socket0	52.57371 W |	46.687977 W	4.674917 W	0 W	

Top 5 consumers:
Power		PID	Exe
1.0484658 W	3572330	"/home/boggy/ref_rapl/energy_exp_server/NPB3.4.3/NPB3.4-MPI/bin/mg.C.x"
1.0484658 W	3572328	"/home/boggy/ref_rapl/energy_exp_server/NPB3.4.3/NPB3.4-MPI/bin/mg.C.x"
1.0484658 W	3572331	"/home/boggy/ref_rapl/energy_exp_server/NPB3.4.3/NPB3.4-MPI/bin/mg.C.x"
1.0484658 W	3572329	"/home/boggy/ref_rapl/energy_exp_server/NPB3.4.3/NPB3.4-MPI/bin/mg.C.x"
0.69897723 W	3572309	"/home/boggy/ref_rapl/scaphandre/target/release/scaphandre"
------------------------------------------------------------

Host:	57.812323 W from 
	package 	core		dram		uncore
Socket0	51.397144 W |	46.619484 W	4.559817 W	0 W	

Top 5 consumers:
Power		PID	Exe
1.0772482 W	3572330	"/home/boggy/ref_rapl/energy_exp_server/NPB3.4.3/NPB3.4-MPI/bin/mg.C.x"
1.0772482 W	3572328	"/home/boggy/ref_rapl/energy_exp_server/NPB3.4.3/NPB3.4-MPI/bin/mg.C.x"
1.0772482 W	3572331	"/home/boggy/ref_rapl/energy_exp_server/NPB3.4.3/NPB3.4-MPI/bin/mg.C.x"
1.0772482 W	3572329	"/home/boggy/ref_rapl/energy_exp_server/NPB3.4.3/NPB3.4-MPI/bin/mg.C.x"
0.7181655 W	3572309	"/home/boggy/ref_rapl/scaphandre/target/release/scaphandre"
------------------------------------------------------------

Host:	55.492935 W from 
	package 	core		dram		uncore
Socket0	51.05379 W |	46.640755 W	4.690553 W	0 W	

Top 5 consumers:
Power		PID	Exe
0.9459023 W	3572330	"/home/boggy/ref_rapl/energy_exp_server/NPB3.4.3/NPB3.4-MPI/bin/mg.C.x"
0.9459023 W	3572309	"/home/boggy/ref_rapl/scaphandre/target/release/scaphandre"
0.9459023 W	3572328	"/home/boggy/ref_rapl/energy_exp_server/NPB3.4.3/NPB3.4-MPI/bin/mg.C.x"
0.9459023 W	3572331	"/home/boggy/ref_rapl/energy_exp_server/NPB3.4.3/NPB3.4-MPI/bin/mg.C.x"
0.9459023 W	3572329	"/home/boggy/ref_rapl/energy_exp_server/NPB3.4.3/NPB3.4-MPI/bin/mg.C.x"
------------------------------------------------------------

Host:	57.093051 W from 
	package 	core		dram		uncore
Socket0	52.90447 W |	46.81109 W	4.538521 W	0 W	

Top 5 consumers:
Power		PID	Exe
0.973177 W	3572330	"/home/boggy/ref_rapl/energy_exp_server/NPB3.4.3/NPB3.4-MPI/bin/mg.C.x"
0.973177 W	3572309	"/home/boggy/ref_rapl/scaphandre/target/release/scaphandre"
0.973177 W	3572328	"/home/boggy/ref_rapl/energy_exp_server/NPB3.4.3/NPB3.4-MPI/bin/mg.C.x"
0.973177 W	3572331	"/home/boggy/ref_rapl/energy_exp_server/NPB3.4.3/NPB3.4-MPI/bin/mg.C.x"
0.973177 W	3572329	"/home/boggy/ref_rapl/energy_exp_server/NPB3.4.3/NPB3.4-MPI/bin/mg.C.x"
------------------------------------------------------------

Host:	53.85739 W from 
	package 	core		dram		uncore
Socket0	50.69092 W |	46.664005 W	4.623176 W	0 W	

Top 5 consumers:
Power		PID	Exe
1.2240316 W	3572330	"/home/boggy/ref_rapl/energy_exp_server/NPB3.4.3/NPB3.4-MPI/bin/mg.C.x"
1.2240316 W	3572328	"/home/boggy/ref_rapl/energy_exp_server/NPB3.4.3/NPB3.4-MPI/bin/mg.C.x"
1.2240316 W	3572331	"/home/boggy/ref_rapl/energy_exp_server/NPB3.4.3/NPB3.4-MPI/bin/mg.C.x"
0.9180237 W	3572329	"/home/boggy/ref_rapl/energy_exp_server/NPB3.4.3/NPB3.4-MPI/bin/mg.C.x"
0.3060079 W	3572309	"/home/boggy/ref_rapl/scaphandre/target/release/scaphandre"
------------------------------------------------------------

Host:	53.426596 W from 
	package 	core		dram		uncore
Socket0	48.831055 W |	44.045616 W	3.892863 W	0 W	

Top 5 consumers:
Power		PID	Exe
0.91068065 W	3572330	"/home/boggy/ref_rapl/energy_exp_server/NPB3.4.3/NPB3.4-MPI/bin/mg.C.x"
0.91068065 W	3572309	"/home/boggy/ref_rapl/scaphandre/target/release/scaphandre"
0.91068065 W	3572331	"/home/boggy/ref_rapl/energy_exp_server/NPB3.4.3/NPB3.4-MPI/bin/mg.C.x"
0.91068065 W	3572329	"/home/boggy/ref_rapl/energy_exp_server/NPB3.4.3/NPB3.4-MPI/bin/mg.C.x"
0.6071204 W	3572328	"/home/boggy/ref_rapl/energy_exp_server/NPB3.4.3/NPB3.4-MPI/bin/mg.C.x"
------------------------------------------------------------

Host:	53.548622 W from 
	package 	core		dram		uncore
Socket0	50.376472 W |	44.079014 W	4.771297 W	0 W	

Top 5 consumers:
Power		PID	Exe
1.2170141 W	3572328	"/home/boggy/ref_rapl/energy_exp_server/NPB3.4.3/NPB3.4-MPI/bin/mg.C.x"
0.9127606 W	3572330	"/home/boggy/ref_rapl/energy_exp_server/NPB3.4.3/NPB3.4-MPI/bin/mg.C.x"
0.9127606 W	3572309	"/home/boggy/ref_rapl/scaphandre/target/release/scaphandre"
0.9127606 W	3572331	"/home/boggy/ref_rapl/energy_exp_server/NPB3.4.3/NPB3.4-MPI/bin/mg.C.x"
0.9127606 W	3572329	"/home/boggy/ref_rapl/energy_exp_server/NPB3.4.3/NPB3.4-MPI/bin/mg.C.x"
------------------------------------------------------------

Host:	55.389806 W from 
	package 	core		dram		uncore
Socket0	48.90257 W |	44.34172 W	4.716311 W	0 W	

Top 5 consumers:
Power		PID	Exe
1.2588593 W	3572329	"/home/boggy/ref_rapl/energy_exp_server/NPB3.4.3/NPB3.4-MPI/bin/mg.C.x"
0.9441444 W	3572330	"/home/boggy/ref_rapl/energy_exp_server/NPB3.4.3/NPB3.4-MPI/bin/mg.C.x"
0.9441444 W	3572309	"/home/boggy/ref_rapl/scaphandre/target/release/scaphandre"
0.9441444 W	3572328	"/home/boggy/ref_rapl/energy_exp_server/NPB3.4.3/NPB3.4-MPI/bin/mg.C.x"
0.9441444 W	3572331	"/home/boggy/ref_rapl/energy_exp_server/NPB3.4.3/NPB3.4-MPI/bin/mg.C.x"
------------------------------------------------------------

Host:	53.368982 W from 
	package 	core		dram		uncore
Socket0	49.063103 W |	44.36819 W	4.880073 W	0 W	

Top 5 consumers:
Power		PID	Exe
1.2129314 W	3572331	"/home/boggy/ref_rapl/energy_exp_server/NPB3.4.3/NPB3.4-MPI/bin/mg.C.x"
0.90969855 W	3572330	"/home/boggy/ref_rapl/energy_exp_server/NPB3.4.3/NPB3.4-MPI/bin/mg.C.x"
0.90969855 W	3572328	"/home/boggy/ref_rapl/energy_exp_server/NPB3.4.3/NPB3.4-MPI/bin/mg.C.x"
0.90969855 W	3572329	"/home/boggy/ref_rapl/energy_exp_server/NPB3.4.3/NPB3.4-MPI/bin/mg.C.x"
0.6064657 W	3572309	"/home/boggy/ref_rapl/scaphandre/target/release/scaphandre"
------------------------------------------------------------

Host:	54.443236 W from 
	package 	core		dram		uncore
Socket0	50.211826 W |	44.22753 W	4.726118 W	0 W	

Top 5 consumers:
Power		PID	Exe
1.2098497 W	3572330	"/home/boggy/ref_rapl/energy_exp_server/NPB3.4.3/NPB3.4-MPI/bin/mg.C.x"
1.2098497 W	3572328	"/home/boggy/ref_rapl/energy_exp_server/NPB3.4.3/NPB3.4-MPI/bin/mg.C.x"
0.9073873 W	3572331	"/home/boggy/ref_rapl/energy_exp_server/NPB3.4.3/NPB3.4-MPI/bin/mg.C.x"
0.9073873 W	3572329	"/home/boggy/ref_rapl/energy_exp_server/NPB3.4.3/NPB3.4-MPI/bin/mg.C.x"
0.60492486 W	3572309	"/home/boggy/ref_rapl/scaphandre/target/release/scaphandre"
------------------------------------------------------------

Host:	53.737905 W from 
	package 	core		dram		uncore
Socket0	49.389236 W |	44.284145 W	4.77259 W	0 W	

Top 5 consumers:
Power		PID	Exe
1.1941757 W	3572309	"/home/boggy/ref_rapl/scaphandre/target/release/scaphandre"
1.1941757 W	3572329	"/home/boggy/ref_rapl/energy_exp_server/NPB3.4.3/NPB3.4-MPI/bin/mg.C.x"
0.8956318 W	3572330	"/home/boggy/ref_rapl/energy_exp_server/NPB3.4.3/NPB3.4-MPI/bin/mg.C.x"
0.8956318 W	3572328	"/home/boggy/ref_rapl/energy_exp_server/NPB3.4.3/NPB3.4-MPI/bin/mg.C.x"
0.8956318 W	3572331	"/home/boggy/ref_rapl/energy_exp_server/NPB3.4.3/NPB3.4-MPI/bin/mg.C.x"
------------------------------------------------------------

Host:	53.421668 W from 
	package 	core		dram		uncore
Socket0	49.30907 W |	44.323177 W	4.754353 W	0 W	

Top 5 consumers:
Power		PID	Exe
1.1871482 W	3572330	"/home/boggy/ref_rapl/energy_exp_server/NPB3.4.3/NPB3.4-MPI/bin/mg.C.x"
1.1871482 W	3572331	"/home/boggy/ref_rapl/energy_exp_server/NPB3.4.3/NPB3.4-MPI/bin/mg.C.x"
0.8903612 W	3572328	"/home/boggy/ref_rapl/energy_exp_server/NPB3.4.3/NPB3.4-MPI/bin/mg.C.x"
0.8903612 W	3572329	"/home/boggy/ref_rapl/energy_exp_server/NPB3.4.3/NPB3.4-MPI/bin/mg.C.x"
0.5935741 W	3572309	"/home/boggy/ref_rapl/scaphandre/target/release/scaphandre"
------------------------------------------------------------

Host:	53.150306 W from 
	package 	core		dram		uncore
Socket0	47.162865 W |	42.80913 W	4.611191 W	0 W	

Top 5 consumers:
Power		PID	Exe
1.181118 W	3572328	"/home/boggy/ref_rapl/energy_exp_server/NPB3.4.3/NPB3.4-MPI/bin/mg.C.x"
0.8858385 W	3572330	"/home/boggy/ref_rapl/energy_exp_server/NPB3.4.3/NPB3.4-MPI/bin/mg.C.x"
0.8858385 W	3572309	"/home/boggy/ref_rapl/scaphandre/target/release/scaphandre"
0.8858385 W	3572331	"/home/boggy/ref_rapl/energy_exp_server/NPB3.4.3/NPB3.4-MPI/bin/mg.C.x"
0.8858385 W	3572329	"/home/boggy/ref_rapl/energy_exp_server/NPB3.4.3/NPB3.4-MPI/bin/mg.C.x"
------------------------------------------------------------

Host:	52.474654 W from 
	package 	core		dram		uncore
Socket0	49.285416 W |	43.344208 W	4.483139 W	0 W	

Top 5 consumers:
Power		PID	Exe
0.87457764 W	3572330	"/home/boggy/ref_rapl/energy_exp_server/NPB3.4.3/NPB3.4-MPI/bin/mg.C.x"
0.87457764 W	3572328	"/home/boggy/ref_rapl/energy_exp_server/NPB3.4.3/NPB3.4-MPI/bin/mg.C.x"
0.87457764 W	3572331	"/home/boggy/ref_rapl/energy_exp_server/NPB3.4.3/NPB3.4-MPI/bin/mg.C.x"
0.87457764 W	3572329	"/home/boggy/ref_rapl/energy_exp_server/NPB3.4.3/NPB3.4-MPI/bin/mg.C.x"
0.58305174 W	3572309	"/home/boggy/ref_rapl/scaphandre/target/release/scaphandre"
------------------------------------------------------------

Host:	52.291029 W from 
	package 	core		dram		uncore
Socket0	47.880135 W |	42.985172 W	4.641344 W	0 W	

Top 5 consumers:
Power		PID	Exe
1.1620228 W	3572329	"/home/boggy/ref_rapl/energy_exp_server/NPB3.4.3/NPB3.4-MPI/bin/mg.C.x"
0.8715172 W	3572330	"/home/boggy/ref_rapl/energy_exp_server/NPB3.4.3/NPB3.4-MPI/bin/mg.C.x"
0.8715172 W	3572309	"/home/boggy/ref_rapl/scaphandre/target/release/scaphandre"
0.8715172 W	3572328	"/home/boggy/ref_rapl/energy_exp_server/NPB3.4.3/NPB3.4-MPI/bin/mg.C.x"
0.8715172 W	3572331	"/home/boggy/ref_rapl/energy_exp_server/NPB3.4.3/NPB3.4-MPI/bin/mg.C.x"
------------------------------------------------------------

Host:	47.935045 W from 
	package 	core		dram		uncore
Socket0	46.987335 W |	41.99723 W	4.280541 W	0 W	

Top 5 consumers:
Power		PID	Exe
0.87154627 W	3572330	"/home/boggy/ref_rapl/energy_exp_server/NPB3.4.3/NPB3.4-MPI/bin/mg.C.x"
0.87154627 W	3572328	"/home/boggy/ref_rapl/energy_exp_server/NPB3.4.3/NPB3.4-MPI/bin/mg.C.x"
0.87154627 W	3572331	"/home/boggy/ref_rapl/energy_exp_server/NPB3.4.3/NPB3.4-MPI/bin/mg.C.x"
0.87154627 W	3572329	"/home/boggy/ref_rapl/energy_exp_server/NPB3.4.3/NPB3.4-MPI/bin/mg.C.x"
0.5810308 W	3572309	"/home/boggy/ref_rapl/scaphandre/target/release/scaphandre"
------------------------------------------------------------

Host:	46.607376 W from 
	package 	core		dram		uncore
Socket0	41.636314 W |	36.83984 W	4.571866 W	0 W	

Top 5 consumers:
Power		PID	Exe
1.9772828 W	3572309	"/home/boggy/ref_rapl/scaphandre/target/release/scaphandre"
1.6948136 W	3572330	"/home/boggy/ref_rapl/energy_exp_server/NPB3.4.3/NPB3.4-MPI/bin/mg.C.x"
1.6948136 W	3572328	"/home/boggy/ref_rapl/energy_exp_server/NPB3.4.3/NPB3.4-MPI/bin/mg.C.x"
1.6948136 W	3572331	"/home/boggy/ref_rapl/energy_exp_server/NPB3.4.3/NPB3.4-MPI/bin/mg.C.x"
1.6948136 W	3572329	"/home/boggy/ref_rapl/energy_exp_server/NPB3.4.3/NPB3.4-MPI/bin/mg.C.x"
------------------------------------------------------------

Host:	48.820703 W from 
	package 	core		dram		uncore
Socket0	43.590298 W |	37.72294 W	4.60274 W	0 W	

Top 5 consumers:
Power		PID	Exe
1.4794153 W	3572330	"/home/boggy/ref_rapl/energy_exp_server/NPB3.4.3/NPB3.4-MPI/bin/mg.C.x"
1.4794153 W	3572328	"/home/boggy/ref_rapl/energy_exp_server/NPB3.4.3/NPB3.4-MPI/bin/mg.C.x"
1.4794153 W	3572331	"/home/boggy/ref_rapl/energy_exp_server/NPB3.4.3/NPB3.4-MPI/bin/mg.C.x"
1.4794153 W	3572329	"/home/boggy/ref_rapl/energy_exp_server/NPB3.4.3/NPB3.4-MPI/bin/mg.C.x"
1.1835321 W	3572309	"/home/boggy/ref_rapl/scaphandre/target/release/scaphandre"
------------------------------------------------------------

Host:	54.221064 W from 
	package 	core		dram		uncore
Socket0	45.70128 W |	40.5721 W	4.556769 W	0 W	

Top 5 consumers:
Power		PID	Exe
1.31445 W	3572330	"/home/boggy/ref_rapl/energy_exp_server/NPB3.4.3/NPB3.4-MPI/bin/mg.C.x"
1.31445 W	3572309	"/home/boggy/ref_rapl/scaphandre/target/release/scaphandre"
1.31445 W	3572328	"/home/boggy/ref_rapl/energy_exp_server/NPB3.4.3/NPB3.4-MPI/bin/mg.C.x"
1.31445 W	3572331	"/home/boggy/ref_rapl/energy_exp_server/NPB3.4.3/NPB3.4-MPI/bin/mg.C.x"
1.31445 W	3572329	"/home/boggy/ref_rapl/energy_exp_server/NPB3.4.3/NPB3.4-MPI/bin/mg.C.x"
------------------------------------------------------------

Host:	57.097136 W from 
	package 	core		dram		uncore
Socket0	53.58801 W |	48.386906 W	4.379316 W	0 W	

Top 5 consumers:
Power		PID	Exe
1.0381297 W	3572330	"/home/boggy/ref_rapl/energy_exp_server/NPB3.4.3/NPB3.4-MPI/bin/mg.C.x"
1.0381297 W	3572328	"/home/boggy/ref_rapl/energy_exp_server/NPB3.4.3/NPB3.4-MPI/bin/mg.C.x"
1.0381297 W	3572331	"/home/boggy/ref_rapl/energy_exp_server/NPB3.4.3/NPB3.4-MPI/bin/mg.C.x"
0.69208646 W	3572309	"/home/boggy/ref_rapl/scaphandre/target/release/scaphandre"
0.69208646 W	3572329	"/home/boggy/ref_rapl/energy_exp_server/NPB3.4.3/NPB3.4-MPI/bin/mg.C.x"
------------------------------------------------------------

Host:	51.621175 W from 
	package 	core		dram		uncore
Socket0	48.261196 W |	43.28597 W	4.401541 W	0 W	

Top 5 consumers:
Power		PID	Exe
1.2905294 W	3572309	"/home/boggy/ref_rapl/scaphandre/target/release/scaphandre"
1.2905294 W	3572329	"/home/boggy/ref_rapl/energy_exp_server/NPB3.4.3/NPB3.4-MPI/bin/mg.C.x"
0.96789706 W	3572330	"/home/boggy/ref_rapl/energy_exp_server/NPB3.4.3/NPB3.4-MPI/bin/mg.C.x"
0.96789706 W	3572328	"/home/boggy/ref_rapl/energy_exp_server/NPB3.4.3/NPB3.4-MPI/bin/mg.C.x"
0.96789706 W	3572331	"/home/boggy/ref_rapl/energy_exp_server/NPB3.4.3/NPB3.4-MPI/bin/mg.C.x"
------------------------------------------------------------

Host:	53.027503 W from 
	package 	core		dram		uncore
Socket0	46.922806 W |	42.031532 W	4.519092 W	0 W	

Top 5 consumers:
Power		PID	Exe
0.99426574 W	3572330	"/home/boggy/ref_rapl/energy_exp_server/NPB3.4.3/NPB3.4-MPI/bin/mg.C.x"
0.99426574 W	3572328	"/home/boggy/ref_rapl/energy_exp_server/NPB3.4.3/NPB3.4-MPI/bin/mg.C.x"
0.99426574 W	3572331	"/home/boggy/ref_rapl/energy_exp_server/NPB3.4.3/NPB3.4-MPI/bin/mg.C.x"
0.99426574 W	3572329	"/home/boggy/ref_rapl/energy_exp_server/NPB3.4.3/NPB3.4-MPI/bin/mg.C.x"
0.6628438 W	3572309	"/home/boggy/ref_rapl/scaphandre/target/release/scaphandre"
------------------------------------------------------------

Host:	53.696932 W from 
	package 	core		dram		uncore
Socket0	48.34587 W |	42.431377 W	4.666212 W	0 W	

Top 5 consumers:
Power		PID	Exe
1.3424232 W	3572330	"/home/boggy/ref_rapl/energy_exp_server/NPB3.4.3/NPB3.4-MPI/bin/mg.C.x"
1.3424232 W	3572328	"/home/boggy/ref_rapl/energy_exp_server/NPB3.4.3/NPB3.4-MPI/bin/mg.C.x"
1.3424232 W	3572331	"/home/boggy/ref_rapl/energy_exp_server/NPB3.4.3/NPB3.4-MPI/bin/mg.C.x"
1.0068176 W	3572329	"/home/boggy/ref_rapl/energy_exp_server/NPB3.4.3/NPB3.4-MPI/bin/mg.C.x"
0.6712116 W	3572309	"/home/boggy/ref_rapl/scaphandre/target/release/scaphandre"
------------------------------------------------------------

Host:	53.650703 W from 
	package 	core		dram		uncore
Socket0	48.737144 W |	44.090282 W	4.707546 W	0 W	

Top 5 consumers:
Power		PID	Exe
1.0059508 W	3572330	"/home/boggy/ref_rapl/energy_exp_server/NPB3.4.3/NPB3.4-MPI/bin/mg.C.x"
1.0059508 W	3572309	"/home/boggy/ref_rapl/scaphandre/target/release/scaphandre"
1.0059508 W	3572328	"/home/boggy/ref_rapl/energy_exp_server/NPB3.4.3/NPB3.4-MPI/bin/mg.C.x"
1.0059508 W	3572331	"/home/boggy/ref_rapl/energy_exp_server/NPB3.4.3/NPB3.4-MPI/bin/mg.C.x"
1.0059508 W	3572329	"/home/boggy/ref_rapl/energy_exp_server/NPB3.4.3/NPB3.4-MPI/bin/mg.C.x"
------------------------------------------------------------

Host:	53.615744 W from 
	package 	core		dram		uncore
Socket0	50.183693 W |	44.434303 W	4.838286 W	0 W	

Top 5 consumers:
Power		PID	Exe
1.3403937 W	3572329	"/home/boggy/ref_rapl/energy_exp_server/NPB3.4.3/NPB3.4-MPI/bin/mg.C.x"
1.0052953 W	3572330	"/home/boggy/ref_rapl/energy_exp_server/NPB3.4.3/NPB3.4-MPI/bin/mg.C.x"
1.0052953 W	3572309	"/home/boggy/ref_rapl/scaphandre/target/release/scaphandre"
1.0052953 W	3572328	"/home/boggy/ref_rapl/energy_exp_server/NPB3.4.3/NPB3.4-MPI/bin/mg.C.x"
1.0052953 W	3572331	"/home/boggy/ref_rapl/energy_exp_server/NPB3.4.3/NPB3.4-MPI/bin/mg.C.x"
------------------------------------------------------------

Host:	55.262597 W from 
	package 	core		dram		uncore
Socket0	49.012737 W |	44.209583 W	4.740378 W	0 W	

Top 5 consumers:
Power		PID	Exe
1.3815649 W	3572330	"/home/boggy/ref_rapl/energy_exp_server/NPB3.4.3/NPB3.4-MPI/bin/mg.C.x"
1.3815649 W	3572328	"/home/boggy/ref_rapl/energy_exp_server/NPB3.4.3/NPB3.4-MPI/bin/mg.C.x"
1.3815649 W	3572331	"/home/boggy/ref_rapl/energy_exp_server/NPB3.4.3/NPB3.4-MPI/bin/mg.C.x"
1.0361737 W	3572329	"/home/boggy/ref_rapl/energy_exp_server/NPB3.4.3/NPB3.4-MPI/bin/mg.C.x"
0.6907824 W	3572309	"/home/boggy/ref_rapl/scaphandre/target/release/scaphandre"
------------------------------------------------------------

Host:	53.4868 W from 
	package 	core		dram		uncore
Socket0	49.074425 W |	44.194736 W	4.743296 W	0 W	

Top 5 consumers:
Power		PID	Exe
0.98441964 W	3572330	"/home/boggy/ref_rapl/energy_exp_server/NPB3.4.3/NPB3.4-MPI/bin/mg.C.x"
0.98441964 W	3572309	"/home/boggy/ref_rapl/scaphandre/target/release/scaphandre"
0.98441964 W	3572328	"/home/boggy/ref_rapl/energy_exp_server/NPB3.4.3/NPB3.4-MPI/bin/mg.C.x"
0.98441964 W	3572331	"/home/boggy/ref_rapl/energy_exp_server/NPB3.4.3/NPB3.4-MPI/bin/mg.C.x"
0.98441964 W	3572329	"/home/boggy/ref_rapl/energy_exp_server/NPB3.4.3/NPB3.4-MPI/bin/mg.C.x"
------------------------------------------------------------

Host:	53.902236 W from 
	package 	core		dram		uncore
Socket0	50.435577 W |	44.474346 W	4.868493 W	0 W	

Top 5 consumers:
Power		PID	Exe
1.3227541 W	3572329	"/home/boggy/ref_rapl/energy_exp_server/NPB3.4.3/NPB3.4-MPI/bin/mg.C.x"
0.99206567 W	3572330	"/home/boggy/ref_rapl/energy_exp_server/NPB3.4.3/NPB3.4-MPI/bin/mg.C.x"
0.99206567 W	3572328	"/home/boggy/ref_rapl/energy_exp_server/NPB3.4.3/NPB3.4-MPI/bin/mg.C.x"
0.99206567 W	3572331	"/home/boggy/ref_rapl/energy_exp_server/NPB3.4.3/NPB3.4-MPI/bin/mg.C.x"
0.6613771 W	3572309	"/home/boggy/ref_rapl/scaphandre/target/release/scaphandre"
------------------------------------------------------------

Host:	52.831495 W from 
	package 	core		dram		uncore
Socket0	48.854633 W |	44.23933 W	4.717187 W	0 W	

Top 5 consumers:
Power		PID	Exe
1.2964784 W	3572330	"/home/boggy/ref_rapl/energy_exp_server/NPB3.4.3/NPB3.4-MPI/bin/mg.C.x"
1.2964784 W	3572328	"/home/boggy/ref_rapl/energy_exp_server/NPB3.4.3/NPB3.4-MPI/bin/mg.C.x"
1.2964784 W	3572331	"/home/boggy/ref_rapl/energy_exp_server/NPB3.4.3/NPB3.4-MPI/bin/mg.C.x"
0.9723588 W	3572309	"/home/boggy/ref_rapl/scaphandre/target/release/scaphandre"
0.9723588 W	3572329	"/home/boggy/ref_rapl/energy_exp_server/NPB3.4.3/NPB3.4-MPI/bin/mg.C.x"
------------------------------------------------------------

Host:	54.013381 W from 
	package 	core		dram		uncore
Socket0	47.395107 W |	43.513702 W	4.051445 W	0 W	

Top 5 consumers:
Power		PID	Exe
1.3254817 W	3572331	"/home/boggy/ref_rapl/energy_exp_server/NPB3.4.3/NPB3.4-MPI/bin/mg.C.x"
0.9941113 W	3572330	"/home/boggy/ref_rapl/energy_exp_server/NPB3.4.3/NPB3.4-MPI/bin/mg.C.x"
0.9941113 W	3572309	"/home/boggy/ref_rapl/scaphandre/target/release/scaphandre"
0.9941113 W	3572328	"/home/boggy/ref_rapl/energy_exp_server/NPB3.4.3/NPB3.4-MPI/bin/mg.C.x"
0.9941113 W	3572329	"/home/boggy/ref_rapl/energy_exp_server/NPB3.4.3/NPB3.4-MPI/bin/mg.C.x"
------------------------------------------------------------

Host:	57.478138 W from 
	package 	core		dram		uncore
Socket0	52.253403 W |	46.415443 W	4.030732 W	0 W	

Top 5 consumers:
Power		PID	Exe
1.0578799 W	3572330	"/home/boggy/ref_rapl/energy_exp_server/NPB3.4.3/NPB3.4-MPI/bin/mg.C.x"
1.0578799 W	3572328	"/home/boggy/ref_rapl/energy_exp_server/NPB3.4.3/NPB3.4-MPI/bin/mg.C.x"
1.0578799 W	3572331	"/home/boggy/ref_rapl/energy_exp_server/NPB3.4.3/NPB3.4-MPI/bin/mg.C.x"
1.0578799 W	3572329	"/home/boggy/ref_rapl/energy_exp_server/NPB3.4.3/NPB3.4-MPI/bin/mg.C.x"
0.7052532 W	3572309	"/home/boggy/ref_rapl/scaphandre/target/release/scaphandre"
------------------------------------------------------------

Host:	57.617278 W from 
	package 	core		dram		uncore
Socket0	51.97103 W |	46.40906 W	4.652023 W	0 W	

Top 5 consumers:
Power		PID	Exe
1.0604408 W	3572309	"/home/boggy/ref_rapl/scaphandre/target/release/scaphandre"
1.0604408 W	3572329	"/home/boggy/ref_rapl/energy_exp_server/NPB3.4.3/NPB3.4-MPI/bin/mg.C.x"
0.70696044 W	3572330	"/home/boggy/ref_rapl/energy_exp_server/NPB3.4.3/NPB3.4-MPI/bin/mg.C.x"
0.70696044 W	3572328	"/home/boggy/ref_rapl/energy_exp_server/NPB3.4.3/NPB3.4-MPI/bin/mg.C.x"
0.70696044 W	3572331	"/home/boggy/ref_rapl/energy_exp_server/NPB3.4.3/NPB3.4-MPI/bin/mg.C.x"
------------------------------------------------------------

Host:	56.915069 W from 
	package 	core		dram		uncore
Socket0	52.225937 W |	48.125637 W	4.482706 W	0 W	

Top 5 consumers:
Power		PID	Exe
1.0475166 W	3572330	"/home/boggy/ref_rapl/energy_exp_server/NPB3.4.3/NPB3.4-MPI/bin/mg.C.x"
1.0475166 W	3572309	"/home/boggy/ref_rapl/scaphandre/target/release/scaphandre"
1.0475166 W	3572328	"/home/boggy/ref_rapl/energy_exp_server/NPB3.4.3/NPB3.4-MPI/bin/mg.C.x"
1.0475166 W	3572331	"/home/boggy/ref_rapl/energy_exp_server/NPB3.4.3/NPB3.4-MPI/bin/mg.C.x"
0.69834435 W	3572329	"/home/boggy/ref_rapl/energy_exp_server/NPB3.4.3/NPB3.4-MPI/bin/mg.C.x"
------------------------------------------------------------

Host:	56.897825 W from 
	package 	core		dram		uncore
Socket0	52.406036 W |	48.243805 W	4.705009 W	0 W	

Top 5 consumers:
Power		PID	Exe
0.6981328 W	3572330	"/home/boggy/ref_rapl/energy_exp_server/NPB3.4.3/NPB3.4-MPI/bin/mg.C.x"
0.6981328 W	3572328	"/home/boggy/ref_rapl/energy_exp_server/NPB3.4.3/NPB3.4-MPI/bin/mg.C.x"
0.6981328 W	3572331	"/home/boggy/ref_rapl/energy_exp_server/NPB3.4.3/NPB3.4-MPI/bin/mg.C.x"
0.6981328 W	3572329	"/home/boggy/ref_rapl/energy_exp_server/NPB3.4.3/NPB3.4-MPI/bin/mg.C.x"
0.3490664 W	3572309	"/home/boggy/ref_rapl/scaphandre/target/release/scaphandre"
------------------------------------------------------------

Host:	59.223185 W from 
	package 	core		dram		uncore
Socket0	54.67975 W |	48.164375 W	4.515664 W	0 W	

Top 5 consumers:
Power		PID	Exe
1.0152546 W	3572329	"/home/boggy/ref_rapl/energy_exp_server/NPB3.4.3/NPB3.4-MPI/bin/mg.C.x"
0.6768364 W	3572330	"/home/boggy/ref_rapl/energy_exp_server/NPB3.4.3/NPB3.4-MPI/bin/mg.C.x"
0.6768364 W	3572309	"/home/boggy/ref_rapl/scaphandre/target/release/scaphandre"
0.6768364 W	3572328	"/home/boggy/ref_rapl/energy_exp_server/NPB3.4.3/NPB3.4-MPI/bin/mg.C.x"
0.6768364 W	3572331	"/home/boggy/ref_rapl/energy_exp_server/NPB3.4.3/NPB3.4-MPI/bin/mg.C.x"
------------------------------------------------------------

Host:	57.514933 W from 
	package 	core		dram		uncore
Socket0	52.372856 W |	48.175274 W	4.4966 W	0 W	

Top 5 consumers:
Power		PID	Exe
1.314627 W	3572309	"/home/boggy/ref_rapl/scaphandre/target/release/scaphandre"
0.6573135 W	3572330	"/home/boggy/ref_rapl/energy_exp_server/NPB3.4.3/NPB3.4-MPI/bin/mg.C.x"
0.6573135 W	3572328	"/home/boggy/ref_rapl/energy_exp_server/NPB3.4.3/NPB3.4-MPI/bin/mg.C.x"
0.6573135 W	3572331	"/home/boggy/ref_rapl/energy_exp_server/NPB3.4.3/NPB3.4-MPI/bin/mg.C.x"
0.6573135 W	3572329	"/home/boggy/ref_rapl/energy_exp_server/NPB3.4.3/NPB3.4-MPI/bin/mg.C.x"
------------------------------------------------------------

Host:	54.421579 W from 
	package 	core		dram		uncore
Socket0	54.493942 W |	47.975895 W	4.701081 W	0 W	

Top 5 consumers:
Power		PID	Exe
1.2439218 W	3572330	"/home/boggy/ref_rapl/energy_exp_server/NPB3.4.3/NPB3.4-MPI/bin/mg.C.x"
1.2439218 W	3572328	"/home/boggy/ref_rapl/energy_exp_server/NPB3.4.3/NPB3.4-MPI/bin/mg.C.x"
0.9329413 W	3572331	"/home/boggy/ref_rapl/energy_exp_server/NPB3.4.3/NPB3.4-MPI/bin/mg.C.x"
0.9329413 W	3572329	"/home/boggy/ref_rapl/energy_exp_server/NPB3.4.3/NPB3.4-MPI/bin/mg.C.x"
0.6219609 W	3572309	"/home/boggy/ref_rapl/scaphandre/target/release/scaphandre"
------------------------------------------------------------

Host:	54.831577 W from 
	package 	core		dram		uncore
Socket0	49.353374 W |	44.339718 W	4.243141 W	0 W	

Top 5 consumers:
Power		PID	Exe
1.2532932 W	3572328	"/home/boggy/ref_rapl/energy_exp_server/NPB3.4.3/NPB3.4-MPI/bin/mg.C.x"
1.2532932 W	3572331	"/home/boggy/ref_rapl/energy_exp_server/NPB3.4.3/NPB3.4-MPI/bin/mg.C.x"
1.2532932 W	3572329	"/home/boggy/ref_rapl/energy_exp_server/NPB3.4.3/NPB3.4-MPI/bin/mg.C.x"
0.93996984 W	3572330	"/home/boggy/ref_rapl/energy_exp_server/NPB3.4.3/NPB3.4-MPI/bin/mg.C.x"
0.93996984 W	3572309	"/home/boggy/ref_rapl/scaphandre/target/release/scaphandre"
------------------------------------------------------------

Host:	52.862336 W from 
	package 	core		dram		uncore
Socket0	49.653103 W |	45.430546 W	3.88242 W	0 W	

Top 5 consumers:
Power		PID	Exe
1.2082819 W	3572329	"/home/boggy/ref_rapl/energy_exp_server/NPB3.4.3/NPB3.4-MPI/bin/mg.C.x"
0.90621144 W	3572330	"/home/boggy/ref_rapl/energy_exp_server/NPB3.4.3/NPB3.4-MPI/bin/mg.C.x"
0.90621144 W	3572309	"/home/boggy/ref_rapl/scaphandre/target/release/scaphandre"
0.90621144 W	3572328	"/home/boggy/ref_rapl/energy_exp_server/NPB3.4.3/NPB3.4-MPI/bin/mg.C.x"
0.90621144 W	3572331	"/home/boggy/ref_rapl/energy_exp_server/NPB3.4.3/NPB3.4-MPI/bin/mg.C.x"
------------------------------------------------------------

Host:	55.214149 W from 
	package 	core		dram		uncore
Socket0	49.687794 W |	44.34193 W	4.803041 W	0 W	

Top 5 consumers:
Power		PID	Exe
1.2620376 W	3572328	"/home/boggy/ref_rapl/energy_exp_server/NPB3.4.3/NPB3.4-MPI/bin/mg.C.x"
0.9465282 W	3572330	"/home/boggy/ref_rapl/energy_exp_server/NPB3.4.3/NPB3.4-MPI/bin/mg.C.x"
0.9465282 W	3572331	"/home/boggy/ref_rapl/energy_exp_server/NPB3.4.3/NPB3.4-MPI/bin/mg.C.x"
0.9465282 W	3572329	"/home/boggy/ref_rapl/energy_exp_server/NPB3.4.3/NPB3.4-MPI/bin/mg.C.x"
0.6310188 W	3572309	"/home/boggy/ref_rapl/scaphandre/target/release/scaphandre"
------------------------------------------------------------

Host:	54.250874 W from 
	package 	core		dram		uncore
Socket0	49.14494 W |	44.42782 W	4.87512 W	0 W	

Top 5 consumers:
Power		PID	Exe
1.2400199 W	3572330	"/home/boggy/ref_rapl/energy_exp_server/NPB3.4.3/NPB3.4-MPI/bin/mg.C.x"
1.2400199 W	3572331	"/home/boggy/ref_rapl/energy_exp_server/NPB3.4.3/NPB3.4-MPI/bin/mg.C.x"
0.9300149 W	3572328	"/home/boggy/ref_rapl/energy_exp_server/NPB3.4.3/NPB3.4-MPI/bin/mg.C.x"
0.9300149 W	3572329	"/home/boggy/ref_rapl/energy_exp_server/NPB3.4.3/NPB3.4-MPI/bin/mg.C.x"
0.62000996 W	3572309	"/home/boggy/ref_rapl/scaphandre/target/release/scaphandre"
------------------------------------------------------------

Host:	54.337192 W from 
	package 	core		dram		uncore
Socket0	49.30392 W |	44.410866 W	4.739323 W	0 W	

Top 5 consumers:
Power		PID	Exe
1.2210605 W	3572329	"/home/boggy/ref_rapl/energy_exp_server/NPB3.4.3/NPB3.4-MPI/bin/mg.C.x"
0.9157954 W	3572330	"/home/boggy/ref_rapl/energy_exp_server/NPB3.4.3/NPB3.4-MPI/bin/mg.C.x"
0.9157954 W	3572309	"/home/boggy/ref_rapl/scaphandre/target/release/scaphandre"
0.9157954 W	3572328	"/home/boggy/ref_rapl/energy_exp_server/NPB3.4.3/NPB3.4-MPI/bin/mg.C.x"
0.9157954 W	3572331	"/home/boggy/ref_rapl/energy_exp_server/NPB3.4.3/NPB3.4-MPI/bin/mg.C.x"
------------------------------------------------------------

Host:	53.882105 W from 
	package 	core		dram		uncore
Socket0	49.316998 W |	44.19593 W	4.788163 W	0 W	

Top 5 consumers:
Power		PID	Exe
0.90812534 W	3572330	"/home/boggy/ref_rapl/energy_exp_server/NPB3.4.3/NPB3.4-MPI/bin/mg.C.x"
0.90812534 W	3572309	"/home/boggy/ref_rapl/scaphandre/target/release/scaphandre"
0.90812534 W	3572328	"/home/boggy/ref_rapl/energy_exp_server/NPB3.4.3/NPB3.4-MPI/bin/mg.C.x"
0.90812534 W	3572331	"/home/boggy/ref_rapl/energy_exp_server/NPB3.4.3/NPB3.4-MPI/bin/mg.C.x"
0.90812534 W	3572329	"/home/boggy/ref_rapl/energy_exp_server/NPB3.4.3/NPB3.4-MPI/bin/mg.C.x"
------------------------------------------------------------

Host:	53.661572 W from 
	package 	core		dram		uncore
Socket0	50.551422 W |	44.19215 W	4.745617 W	0 W	

Top 5 consumers:
Power		PID	Exe
1.205878 W	3572330	"/home/boggy/ref_rapl/energy_exp_server/NPB3.4.3/NPB3.4-MPI/bin/mg.C.x"
1.205878 W	3572328	"/home/boggy/ref_rapl/energy_exp_server/NPB3.4.3/NPB3.4-MPI/bin/mg.C.x"
1.205878 W	3572331	"/home/boggy/ref_rapl/energy_exp_server/NPB3.4.3/NPB3.4-MPI/bin/mg.C.x"
0.9044085 W	3572309	"/home/boggy/ref_rapl/scaphandre/target/release/scaphandre"
0.9044085 W	3572329	"/home/boggy/ref_rapl/energy_exp_server/NPB3.4.3/NPB3.4-MPI/bin/mg.C.x"
------------------------------------------------------------

Host:	53.164325 W from 
	package 	core		dram		uncore
Socket0	47.943745 W |	43.339584 W	4.849404 W	0 W	

Top 5 consumers:
Power		PID	Exe
1.1947038 W	3572329	"/home/boggy/ref_rapl/energy_exp_server/NPB3.4.3/NPB3.4-MPI/bin/mg.C.x"
0.8960279 W	3572330	"/home/boggy/ref_rapl/energy_exp_server/NPB3.4.3/NPB3.4-MPI/bin/mg.C.x"
0.8960279 W	3572328	"/home/boggy/ref_rapl/energy_exp_server/NPB3.4.3/NPB3.4-MPI/bin/mg.C.x"
0.8960279 W	3572331	"/home/boggy/ref_rapl/energy_exp_server/NPB3.4.3/NPB3.4-MPI/bin/mg.C.x"
0.5973519 W	3572309	"/home/boggy/ref_rapl/scaphandre/target/release/scaphandre"
------------------------------------------------------------

Host:	52.460187 W from 
	package 	core		dram		uncore
Socket0	49.070133 W |	43.84239 W	3.971948 W	0 W	

Top 5 consumers:
Power		PID	Exe
0.88416046 W	3572330	"/home/boggy/ref_rapl/energy_exp_server/NPB3.4.3/NPB3.4-MPI/bin/mg.C.x"
0.88416046 W	3572328	"/home/boggy/ref_rapl/energy_exp_server/NPB3.4.3/NPB3.4-MPI/bin/mg.C.x"
0.88416046 W	3572331	"/home/boggy/ref_rapl/energy_exp_server/NPB3.4.3/NPB3.4-MPI/bin/mg.C.x"
0.88416046 W	3572329	"/home/boggy/ref_rapl/energy_exp_server/NPB3.4.3/NPB3.4-MPI/bin/mg.C.x"
0.5894403 W	3572309	"/home/boggy/ref_rapl/scaphandre/target/release/scaphandre"
------------------------------------------------------------

Host:	51.851939 W from 
	package 	core		dram		uncore
Socket0	47.89724 W |	43.09359 W	4.651917 W	0 W	

Top 5 consumers:
Power		PID	Exe
1.1652122 W	3572328	"/home/boggy/ref_rapl/energy_exp_server/NPB3.4.3/NPB3.4-MPI/bin/mg.C.x"
0.87390906 W	3572330	"/home/boggy/ref_rapl/energy_exp_server/NPB3.4.3/NPB3.4-MPI/bin/mg.C.x"
0.87390906 W	3572309	"/home/boggy/ref_rapl/scaphandre/target/release/scaphandre"
0.87390906 W	3572331	"/home/boggy/ref_rapl/energy_exp_server/NPB3.4.3/NPB3.4-MPI/bin/mg.C.x"
0.87390906 W	3572329	"/home/boggy/ref_rapl/energy_exp_server/NPB3.4.3/NPB3.4-MPI/bin/mg.C.x"
------------------------------------------------------------

Host:	50.500255 W from 
	package 	core		dram		uncore
Socket0	47.417088 W |	42.54232 W	4.333784 W	0 W	

Top 5 consumers:
Power		PID	Exe
1.2469199 W	3572330	"/home/boggy/ref_rapl/energy_exp_server/NPB3.4.3/NPB3.4-MPI/bin/mg.C.x"
1.2469199 W	3572331	"/home/boggy/ref_rapl/energy_exp_server/NPB3.4.3/NPB3.4-MPI/bin/mg.C.x"
0.9351899 W	3572309	"/home/boggy/ref_rapl/scaphandre/target/release/scaphandre"
0.9351899 W	3572328	"/home/boggy/ref_rapl/energy_exp_server/NPB3.4.3/NPB3.4-MPI/bin/mg.C.x"
0.9351899 W	3572329	"/home/boggy/ref_rapl/energy_exp_server/NPB3.4.3/NPB3.4-MPI/bin/mg.C.x"
------------------------------------------------------------

Host:	46.693546 W from 
	package 	core		dram		uncore
Socket0	43.522152 W |	38.218708 W	4.474064 W	0 W	

Top 5 consumers:
Power		PID	Exe
1.7293906 W	3572309	"/home/boggy/ref_rapl/scaphandre/target/release/scaphandre"
1.7293906 W	3572328	"/home/boggy/ref_rapl/energy_exp_server/NPB3.4.3/NPB3.4-MPI/bin/mg.C.x"
1.7293906 W	3572329	"/home/boggy/ref_rapl/energy_exp_server/NPB3.4.3/NPB3.4-MPI/bin/mg.C.x"
1.4411589 W	3572330	"/home/boggy/ref_rapl/energy_exp_server/NPB3.4.3/NPB3.4-MPI/bin/mg.C.x"
1.4411589 W	3572331	"/home/boggy/ref_rapl/energy_exp_server/NPB3.4.3/NPB3.4-MPI/bin/mg.C.x"
------------------------------------------------------------

Host:	47.681987 W from 
	package 	core		dram		uncore
Socket0	42.03048 W |	37.100048 W	4.653249 W	0 W	

Top 5 consumers:
Power		PID	Exe
1.7659996 W	3572330	"/home/boggy/ref_rapl/energy_exp_server/NPB3.4.3/NPB3.4-MPI/bin/mg.C.x"
1.7659996 W	3572331	"/home/boggy/ref_rapl/energy_exp_server/NPB3.4.3/NPB3.4-MPI/bin/mg.C.x"
1.7659996 W	3572329	"/home/boggy/ref_rapl/energy_exp_server/NPB3.4.3/NPB3.4-MPI/bin/mg.C.x"
1.4716662 W	3572309	"/home/boggy/ref_rapl/scaphandre/target/release/scaphandre"
1.4716662 W	3572328	"/home/boggy/ref_rapl/energy_exp_server/NPB3.4.3/NPB3.4-MPI/bin/mg.C.x"
------------------------------------------------------------

Host:	52.979407 W from 
	package 	core		dram		uncore
Socket0	43.67967 W |	38.777775 W	4.525802 W	0 W	

Top 5 consumers:
Power		PID	Exe
1.3081335 W	3572330	"/home/boggy/ref_rapl/energy_exp_server/NPB3.4.3/NPB3.4-MPI/bin/mg.C.x"
1.3081335 W	3572328	"/home/boggy/ref_rapl/energy_exp_server/NPB3.4.3/NPB3.4-MPI/bin/mg.C.x"
1.3081335 W	3572331	"/home/boggy/ref_rapl/energy_exp_server/NPB3.4.3/NPB3.4-MPI/bin/mg.C.x"
1.3081335 W	3572329	"/home/boggy/ref_rapl/energy_exp_server/NPB3.4.3/NPB3.4-MPI/bin/mg.C.x"
0.98110014 W	3572309	"/home/boggy/ref_rapl/scaphandre/target/release/scaphandre"
------------------------------------------------------------

Host:	55.674712 W from 
	package 	core		dram		uncore
Socket0	52.7505 W |	46.98658 W	4.452185 W	0 W	

Top 5 consumers:
Power		PID	Exe
1.3746842 W	3572330	"/home/boggy/ref_rapl/energy_exp_server/NPB3.4.3/NPB3.4-MPI/bin/mg.C.x"
1.3746842 W	3572309	"/home/boggy/ref_rapl/scaphandre/target/release/scaphandre"
1.3746842 W	3572328	"/home/boggy/ref_rapl/energy_exp_server/NPB3.4.3/NPB3.4-MPI/bin/mg.C.x"
1.0310131 W	3572331	"/home/boggy/ref_rapl/energy_exp_server/NPB3.4.3/NPB3.4-MPI/bin/mg.C.x"
1.0310131 W	3572329	"/home/boggy/ref_rapl/energy_exp_server/NPB3.4.3/NPB3.4-MPI/bin/mg.C.x"
------------------------------------------------------------

Host:	51.673802 W from 
	package 	core		dram		uncore
Socket0	50.035114 W |	44.60408 W	4.518427 W	0 W	

Top 5 consumers:
Power		PID	Exe
0.9118907 W	3572330	"/home/boggy/ref_rapl/energy_exp_server/NPB3.4.3/NPB3.4-MPI/bin/mg.C.x"
0.9118907 W	3572328	"/home/boggy/ref_rapl/energy_exp_server/NPB3.4.3/NPB3.4-MPI/bin/mg.C.x"
0.9118907 W	3572331	"/home/boggy/ref_rapl/energy_exp_server/NPB3.4.3/NPB3.4-MPI/bin/mg.C.x"
0.9118907 W	3572329	"/home/boggy/ref_rapl/energy_exp_server/NPB3.4.3/NPB3.4-MPI/bin/mg.C.x"
0.60792714 W	3572309	"/home/boggy/ref_rapl/scaphandre/target/release/scaphandre"
------------------------------------------------------------

Host:	51.696672 W from 
	package 	core		dram		uncore
Socket0	47.0059 W |	42.060703 W	4.530527 W	0 W	

Top 5 consumers:
Power		PID	Exe
1.2163924 W	3572331	"/home/boggy/ref_rapl/energy_exp_server/NPB3.4.3/NPB3.4-MPI/bin/mg.C.x"
0.91229427 W	3572330	"/home/boggy/ref_rapl/energy_exp_server/NPB3.4.3/NPB3.4-MPI/bin/mg.C.x"
0.91229427 W	3572309	"/home/boggy/ref_rapl/scaphandre/target/release/scaphandre"
0.91229427 W	3572328	"/home/boggy/ref_rapl/energy_exp_server/NPB3.4.3/NPB3.4-MPI/bin/mg.C.x"
0.91229427 W	3572329	"/home/boggy/ref_rapl/energy_exp_server/NPB3.4.3/NPB3.4-MPI/bin/mg.C.x"
------------------------------------------------------------

Host:	53.140315 W from 
	package 	core		dram		uncore
Socket0	47.210712 W |	42.18608 W	4.647797 W	0 W	

Top 5 consumers:
Power		PID	Exe
1.2503604 W	3572329	"/home/boggy/ref_rapl/energy_exp_server/NPB3.4.3/NPB3.4-MPI/bin/mg.C.x"
0.9377703 W	3572330	"/home/boggy/ref_rapl/energy_exp_server/NPB3.4.3/NPB3.4-MPI/bin/mg.C.x"
0.9377703 W	3572328	"/home/boggy/ref_rapl/energy_exp_server/NPB3.4.3/NPB3.4-MPI/bin/mg.C.x"
0.9377703 W	3572331	"/home/boggy/ref_rapl/energy_exp_server/NPB3.4.3/NPB3.4-MPI/bin/mg.C.x"
0.6251802 W	3572309	"/home/boggy/ref_rapl/scaphandre/target/release/scaphandre"
------------------------------------------------------------

Host:	54.701426 W from 
	package 	core		dram		uncore
Socket0	49.26811 W |	44.111137 W	4.697049 W	0 W	

Top 5 consumers:
Power		PID	Exe
1.2870923 W	3572330	"/home/boggy/ref_rapl/energy_exp_server/NPB3.4.3/NPB3.4-MPI/bin/mg.C.x"
1.2870923 W	3572328	"/home/boggy/ref_rapl/energy_exp_server/NPB3.4.3/NPB3.4-MPI/bin/mg.C.x"
0.9653194 W	3572309	"/home/boggy/ref_rapl/scaphandre/target/release/scaphandre"
0.9653194 W	3572331	"/home/boggy/ref_rapl/energy_exp_server/NPB3.4.3/NPB3.4-MPI/bin/mg.C.x"
0.9653194 W	3572329	"/home/boggy/ref_rapl/energy_exp_server/NPB3.4.3/NPB3.4-MPI/bin/mg.C.x"
------------------------------------------------------------

Host:	53.554225 W from 
	package 	core		dram		uncore
Socket0	48.909714 W |	44.33015 W	4.850816 W	0 W	

Top 5 consumers:
Power		PID	Exe
1.2600995 W	3572331	"/home/boggy/ref_rapl/energy_exp_server/NPB3.4.3/NPB3.4-MPI/bin/mg.C.x"
0.9450746 W	3572330	"/home/boggy/ref_rapl/energy_exp_server/NPB3.4.3/NPB3.4-MPI/bin/mg.C.x"
0.9450746 W	3572309	"/home/boggy/ref_rapl/scaphandre/target/release/scaphandre"
0.9450746 W	3572328	"/home/boggy/ref_rapl/energy_exp_server/NPB3.4.3/NPB3.4-MPI/bin/mg.C.x"
0.31502488 W	3572209	""
------------------------------------------------------------

Host:	55.333014 W from 
	package 	core		dram		uncore
Socket0	50.459435 W |	44.304546 W	4.757208 W	0 W	

Top 5 consumers:
Power		PID	Exe
0.976465 W	3572330	"/home/boggy/ref_rapl/energy_exp_server/NPB3.4.3/NPB3.4-MPI/bin/mg.C.x"
0.976465 W	3572328	"/home/boggy/ref_rapl/energy_exp_server/NPB3.4.3/NPB3.4-MPI/bin/mg.C.x"
0.976465 W	3572331	"/home/boggy/ref_rapl/energy_exp_server/NPB3.4.3/NPB3.4-MPI/bin/mg.C.x"
0.65097666 W	3572309	"/home/boggy/ref_rapl/scaphandre/target/release/scaphandre"
0.32548833 W	3572209	""
------------------------------------------------------------

Host:	54.067848 W from 
	package 	core		dram		uncore
Socket0	49.098713 W |	44.313847 W	4.737964 W	0 W	

Top 5 consumers:
Power		PID	Exe
1.3350086 W	3572330	"/home/boggy/ref_rapl/energy_exp_server/NPB3.4.3/NPB3.4-MPI/bin/mg.C.x"
1.3350086 W	3572328	"/home/boggy/ref_rapl/energy_exp_server/NPB3.4.3/NPB3.4-MPI/bin/mg.C.x"
1.0012565 W	3572309	"/home/boggy/ref_rapl/scaphandre/target/release/scaphandre"
1.0012565 W	3572331	"/home/boggy/ref_rapl/energy_exp_server/NPB3.4.3/NPB3.4-MPI/bin/mg.C.x"
1.0012565 W	3572329	"/home/boggy/ref_rapl/energy_exp_server/NPB3.4.3/NPB3.4-MPI/bin/mg.C.x"
------------------------------------------------------------

Host:	52.707968 W from 
	package 	core		dram		uncore
Socket0	48.78272 W |	44.20063 W	4.727653 W	0 W	

Top 5 consumers:
Power		PID	Exe
1.3014313 W	3572331	"/home/boggy/ref_rapl/energy_exp_server/NPB3.4.3/NPB3.4-MPI/bin/mg.C.x"
1.3014313 W	3572329	"/home/boggy/ref_rapl/energy_exp_server/NPB3.4.3/NPB3.4-MPI/bin/mg.C.x"
0.97607344 W	3572330	"/home/boggy/ref_rapl/energy_exp_server/NPB3.4.3/NPB3.4-MPI/bin/mg.C.x"
0.97607344 W	3572328	"/home/boggy/ref_rapl/energy_exp_server/NPB3.4.3/NPB3.4-MPI/bin/mg.C.x"
0.65071565 W	3572309	"/home/boggy/ref_rapl/scaphandre/target/release/scaphandre"
------------------------------------------------------------

Host:	53.089937 W from 
	package 	core		dram		uncore
Socket0	49.30899 W |	44.28292 W	4.762416 W	0 W	

Top 5 consumers:
Power		PID	Exe
1.3108627 W	3572328	"/home/boggy/ref_rapl/energy_exp_server/NPB3.4.3/NPB3.4-MPI/bin/mg.C.x"
0.98314697 W	3572330	"/home/boggy/ref_rapl/energy_exp_server/NPB3.4.3/NPB3.4-MPI/bin/mg.C.x"
0.98314697 W	3572309	"/home/boggy/ref_rapl/scaphandre/target/release/scaphandre"
0.98314697 W	3572331	"/home/boggy/ref_rapl/energy_exp_server/NPB3.4.3/NPB3.4-MPI/bin/mg.C.x"
0.98314697 W	3572329	"/home/boggy/ref_rapl/energy_exp_server/NPB3.4.3/NPB3.4-MPI/bin/mg.C.x"
------------------------------------------------------------

Host:	54.674785 W from 
	package 	core		dram		uncore
Socket0	48.403152 W |	43.557644 W	3.849256 W	0 W	

Top 5 consumers:
Power		PID	Exe
1.3499947 W	3572330	"/home/boggy/ref_rapl/energy_exp_server/NPB3.4.3/NPB3.4-MPI/bin/mg.C.x"
1.3499947 W	3572331	"/home/boggy/ref_rapl/energy_exp_server/NPB3.4.3/NPB3.4-MPI/bin/mg.C.x"
1.012496 W	3572328	"/home/boggy/ref_rapl/energy_exp_server/NPB3.4.3/NPB3.4-MPI/bin/mg.C.x"
1.012496 W	3572329	"/home/boggy/ref_rapl/energy_exp_server/NPB3.4.3/NPB3.4-MPI/bin/mg.C.x"
0.6749973 W	3572309	"/home/boggy/ref_rapl/scaphandre/target/release/scaphandre"
------------------------------------------------------------

Host:	56.064582 W from 
	package 	core		dram		uncore
Socket0	50.62921 W |	45.980618 W	4.361802 W	0 W	

Top 5 consumers:
Power		PID	Exe
1.3843106 W	3572329	"/home/boggy/ref_rapl/energy_exp_server/NPB3.4.3/NPB3.4-MPI/bin/mg.C.x"
1.038233 W	3572330	"/home/boggy/ref_rapl/energy_exp_server/NPB3.4.3/NPB3.4-MPI/bin/mg.C.x"
1.038233 W	3572309	"/home/boggy/ref_rapl/scaphandre/target/release/scaphandre"
1.038233 W	3572328	"/home/boggy/ref_rapl/energy_exp_server/NPB3.4.3/NPB3.4-MPI/bin/mg.C.x"
1.038233 W	3572331	"/home/boggy/ref_rapl/energy_exp_server/NPB3.4.3/NPB3.4-MPI/bin/mg.C.x"
------------------------------------------------------------

Host:	55.675126 W from 
	package 	core		dram		uncore
Socket0	51.63701 W |	46.60816 W	4.554593 W	0 W	

Top 5 consumers:
Power		PID	Exe
1.0310208 W	3572330	"/home/boggy/ref_rapl/energy_exp_server/NPB3.4.3/NPB3.4-MPI/bin/mg.C.x"
1.0310208 W	3572328	"/home/boggy/ref_rapl/energy_exp_server/NPB3.4.3/NPB3.4-MPI/bin/mg.C.x"
1.0310208 W	3572331	"/home/boggy/ref_rapl/energy_exp_server/NPB3.4.3/NPB3.4-MPI/bin/mg.C.x"
1.0310208 W	3572329	"/home/boggy/ref_rapl/energy_exp_server/NPB3.4.3/NPB3.4-MPI/bin/mg.C.x"
0.68734723 W	3572309	"/home/boggy/ref_rapl/scaphandre/target/release/scaphandre"
------------------------------------------------------------

Host:	56.607429 W from 
	package 	core		dram		uncore
Socket0	50.687473 W |	46.583874 W	4.669444 W	0 W	

Top 5 consumers:
Power		PID	Exe
1.0613893 W	3572330	"/home/boggy/ref_rapl/energy_exp_server/NPB3.4.3/NPB3.4-MPI/bin/mg.C.x"
1.0613893 W	3572309	"/home/boggy/ref_rapl/scaphandre/target/release/scaphandre"
1.0613893 W	3572328	"/home/boggy/ref_rapl/energy_exp_server/NPB3.4.3/NPB3.4-MPI/bin/mg.C.x"
1.0613893 W	3572331	"/home/boggy/ref_rapl/energy_exp_server/NPB3.4.3/NPB3.4-MPI/bin/mg.C.x"
1.0613893 W	3572329	"/home/boggy/ref_rapl/energy_exp_server/NPB3.4.3/NPB3.4-MPI/bin/mg.C.x"
------------------------------------------------------------

Host:	56.249164 W from 
	package 	core		dram		uncore
Socket0	52.695675 W |	46.949852 W	4.613368 W	0 W	

Top 5 consumers:
Power		PID	Exe
1.4062291 W	3572328	"/home/boggy/ref_rapl/energy_exp_server/NPB3.4.3/NPB3.4-MPI/bin/mg.C.x"
1.0546719 W	3572330	"/home/boggy/ref_rapl/energy_exp_server/NPB3.4.3/NPB3.4-MPI/bin/mg.C.x"
1.0546719 W	3572331	"/home/boggy/ref_rapl/energy_exp_server/NPB3.4.3/NPB3.4-MPI/bin/mg.C.x"
1.0546719 W	3572329	"/home/boggy/ref_rapl/energy_exp_server/NPB3.4.3/NPB3.4-MPI/bin/mg.C.x"
0.70311457 W	3572309	"/home/boggy/ref_rapl/scaphandre/target/release/scaphandre"
------------------------------------------------------------

Host:	55.510239 W from 
	package 	core		dram		uncore
Socket0	51.257458 W |	46.633545 W	4.561799 W	0 W	

Top 5 consumers:
Power		PID	Exe
1.387756 W	3572330	"/home/boggy/ref_rapl/energy_exp_server/NPB3.4.3/NPB3.4-MPI/bin/mg.C.x"
1.040817 W	3572328	"/home/boggy/ref_rapl/energy_exp_server/NPB3.4.3/NPB3.4-MPI/bin/mg.C.x"
1.040817 W	3572331	"/home/boggy/ref_rapl/energy_exp_server/NPB3.4.3/NPB3.4-MPI/bin/mg.C.x"
1.040817 W	3572329	"/home/boggy/ref_rapl/energy_exp_server/NPB3.4.3/NPB3.4-MPI/bin/mg.C.x"
0.693878 W	3572309	"/home/boggy/ref_rapl/scaphandre/target/release/scaphandre"
------------------------------------------------------------

Host:	54.664791 W from 
	package 	core		dram		uncore
Socket0	52.843304 W |	46.700855 W	4.556866 W	0 W	

Top 5 consumers:
Power		PID	Exe
1.0249649 W	3572330	"/home/boggy/ref_rapl/energy_exp_server/NPB3.4.3/NPB3.4-MPI/bin/mg.C.x"
1.0249649 W	3572309	"/home/boggy/ref_rapl/scaphandre/target/release/scaphandre"
1.0249649 W	3572328	"/home/boggy/ref_rapl/energy_exp_server/NPB3.4.3/NPB3.4-MPI/bin/mg.C.x"
1.0249649 W	3572331	"/home/boggy/ref_rapl/energy_exp_server/NPB3.4.3/NPB3.4-MPI/bin/mg.C.x"
1.0249649 W	3572329	"/home/boggy/ref_rapl/energy_exp_server/NPB3.4.3/NPB3.4-MPI/bin/mg.C.x"
------------------------------------------------------------

Host:	53.831152 W from 
	package 	core		dram		uncore
Socket0	49.28397 W |	43.89964 W	4.315935 W	0 W	

Top 5 consumers:
Power		PID	Exe
1.3457787 W	3572331	"/home/boggy/ref_rapl/energy_exp_server/NPB3.4.3/NPB3.4-MPI/bin/mg.C.x"
1.0093342 W	3572330	"/home/boggy/ref_rapl/energy_exp_server/NPB3.4.3/NPB3.4-MPI/bin/mg.C.x"
1.0093342 W	3572328	"/home/boggy/ref_rapl/energy_exp_server/NPB3.4.3/NPB3.4-MPI/bin/mg.C.x"
0.67288935 W	3572309	"/home/boggy/ref_rapl/scaphandre/target/release/scaphandre"
0.33644468 W	18	""
------------------------------------------------------------

Host:	53.997944 W from 
	package 	core		dram		uncore
Socket0	49.391197 W |	44.204346 W	4.782491 W	0 W	

Top 5 consumers:
Power		PID	Exe
1.0124615 W	3572330	"/home/boggy/ref_rapl/energy_exp_server/NPB3.4.3/NPB3.4-MPI/bin/mg.C.x"
1.0124615 W	3572309	"/home/boggy/ref_rapl/scaphandre/target/release/scaphandre"
1.0124615 W	3572328	"/home/boggy/ref_rapl/energy_exp_server/NPB3.4.3/NPB3.4-MPI/bin/mg.C.x"
1.0124615 W	3572331	"/home/boggy/ref_rapl/energy_exp_server/NPB3.4.3/NPB3.4-MPI/bin/mg.C.x"
1.0124615 W	3572329	"/home/boggy/ref_rapl/energy_exp_server/NPB3.4.3/NPB3.4-MPI/bin/mg.C.x"
------------------------------------------------------------

Host:	54.974502 W from 
	package 	core		dram		uncore
Socket0	48.953697 W |	44.270184 W	4.730615 W	0 W	

Top 5 consumers:
Power		PID	Exe
1.3743625 W	3572330	"/home/boggy/ref_rapl/energy_exp_server/NPB3.4.3/NPB3.4-MPI/bin/mg.C.x"
1.3743625 W	3572328	"/home/boggy/ref_rapl/energy_exp_server/NPB3.4.3/NPB3.4-MPI/bin/mg.C.x"
1.030772 W	3572331	"/home/boggy/ref_rapl/energy_exp_server/NPB3.4.3/NPB3.4-MPI/bin/mg.C.x"
1.030772 W	3572329	"/home/boggy/ref_rapl/energy_exp_server/NPB3.4.3/NPB3.4-MPI/bin/mg.C.x"
0.68718123 W	3572309	"/home/boggy/ref_rapl/scaphandre/target/release/scaphandre"
------------------------------------------------------------

Host:	53.590535 W from 
	package 	core		dram		uncore
Socket0	48.881187 W |	44.398167 W	4.857232 W	0 W	

Top 5 consumers:
Power		PID	Exe
1.1909009 W	3572331	"/home/boggy/ref_rapl/energy_exp_server/NPB3.4.3/NPB3.4-MPI/bin/mg.C.x"
1.1909009 W	3572329	"/home/boggy/ref_rapl/energy_exp_server/NPB3.4.3/NPB3.4-MPI/bin/mg.C.x"
0.8931756 W	3572330	"/home/boggy/ref_rapl/energy_exp_server/NPB3.4.3/NPB3.4-MPI/bin/mg.C.x"
0.8931756 W	3572309	"/home/boggy/ref_rapl/scaphandre/target/release/scaphandre"
0.8931756 W	3572328	"/home/boggy/ref_rapl/energy_exp_server/NPB3.4.3/NPB3.4-MPI/bin/mg.C.x"
------------------------------------------------------------

Host:	54.879182 W from 
	package 	core		dram		uncore
Socket0	50.261086 W |	44.255424 W	4.711026 W	0 W	

Top 5 consumers:
Power		PID	Exe
0.91465306 W	3572330	"/home/boggy/ref_rapl/energy_exp_server/NPB3.4.3/NPB3.4-MPI/bin/mg.C.x"
0.91465306 W	3572309	"/home/boggy/ref_rapl/scaphandre/target/release/scaphandre"
0.91465306 W	3572328	"/home/boggy/ref_rapl/energy_exp_server/NPB3.4.3/NPB3.4-MPI/bin/mg.C.x"
0.91465306 W	3572331	"/home/boggy/ref_rapl/energy_exp_server/NPB3.4.3/NPB3.4-MPI/bin/mg.C.x"
0.91465306 W	3572329	"/home/boggy/ref_rapl/energy_exp_server/NPB3.4.3/NPB3.4-MPI/bin/mg.C.x"
------------------------------------------------------------

Host:	53.948726 W from 
	package 	core		dram		uncore
Socket0	48.638268 W |	44.411175 W	4.817802 W	0 W	

Top 5 consumers:
Power		PID	Exe
1.1988606 W	3572330	"/home/boggy/ref_rapl/energy_exp_server/NPB3.4.3/NPB3.4-MPI/bin/mg.C.x"
1.1988606 W	3572328	"/home/boggy/ref_rapl/energy_exp_server/NPB3.4.3/NPB3.4-MPI/bin/mg.C.x"
0.8991455 W	3572309	"/home/boggy/ref_rapl/scaphandre/target/release/scaphandre"
0.8991455 W	3572331	"/home/boggy/ref_rapl/energy_exp_server/NPB3.4.3/NPB3.4-MPI/bin/mg.C.x"
0.8991455 W	3572329	"/home/boggy/ref_rapl/energy_exp_server/NPB3.4.3/NPB3.4-MPI/bin/mg.C.x"
------------------------------------------------------------

Host:	52.114236 W from 
	package 	core		dram		uncore
Socket0	50.479557 W |	44.310787 W	4.739559 W	0 W	

Top 5 consumers:
Power		PID	Exe
1.1580943 W	3572331	"/home/boggy/ref_rapl/energy_exp_server/NPB3.4.3/NPB3.4-MPI/bin/mg.C.x"
0.8685706 W	3572330	"/home/boggy/ref_rapl/energy_exp_server/NPB3.4.3/NPB3.4-MPI/bin/mg.C.x"
0.8685706 W	3572328	"/home/boggy/ref_rapl/energy_exp_server/NPB3.4.3/NPB3.4-MPI/bin/mg.C.x"
0.8685706 W	3572329	"/home/boggy/ref_rapl/energy_exp_server/NPB3.4.3/NPB3.4-MPI/bin/mg.C.x"
0.57904714 W	3572309	"/home/boggy/ref_rapl/scaphandre/target/release/scaphandre"
------------------------------------------------------------

Host:	54.045548 W from 
	package 	core		dram		uncore
Socket0	48.47114 W |	43.672047 W	3.795339 W	0 W	

Top 5 consumers:
Power		PID	Exe
0.90075916 W	3572330	"/home/boggy/ref_rapl/energy_exp_server/NPB3.4.3/NPB3.4-MPI/bin/mg.C.x"
0.90075916 W	3572309	"/home/boggy/ref_rapl/scaphandre/target/release/scaphandre"
0.90075916 W	3572328	"/home/boggy/ref_rapl/energy_exp_server/NPB3.4.3/NPB3.4-MPI/bin/mg.C.x"
0.90075916 W	3572331	"/home/boggy/ref_rapl/energy_exp_server/NPB3.4.3/NPB3.4-MPI/bin/mg.C.x"
0.90075916 W	3572329	"/home/boggy/ref_rapl/energy_exp_server/NPB3.4.3/NPB3.4-MPI/bin/mg.C.x"
------------------------------------------------------------

Host:	52.640628 W from 
	package 	core		dram		uncore
Socket0	48.469734 W |	43.257225 W	4.549624 W	0 W	

Top 5 consumers:
Power		PID	Exe
1.1697917 W	3572329	"/home/boggy/ref_rapl/energy_exp_server/NPB3.4.3/NPB3.4-MPI/bin/mg.C.x"
0.87734383 W	3572330	"/home/boggy/ref_rapl/energy_exp_server/NPB3.4.3/NPB3.4-MPI/bin/mg.C.x"
0.87734383 W	3572328	"/home/boggy/ref_rapl/energy_exp_server/NPB3.4.3/NPB3.4-MPI/bin/mg.C.x"
0.87734383 W	3572331	"/home/boggy/ref_rapl/energy_exp_server/NPB3.4.3/NPB3.4-MPI/bin/mg.C.x"
0.58489585 W	3572309	"/home/boggy/ref_rapl/scaphandre/target/release/scaphandre"
------------------------------------------------------------

Host:	50.685832 W from 
	package 	core		dram		uncore
Socket0	47.798313 W |	42.79507 W	4.651192 W	0 W	

Top 5 consumers:
Power		PID	Exe
0.84476393 W	3572330	"/home/boggy/ref_rapl/energy_exp_server/NPB3.4.3/NPB3.4-MPI/bin/mg.C.x"
0.84476393 W	3572309	"/home/boggy/ref_rapl/scaphandre/target/release/scaphandre"
0.84476393 W	3572328	"/home/boggy/ref_rapl/energy_exp_server/NPB3.4.3/NPB3.4-MPI/bin/mg.C.x"
0.84476393 W	3572331	"/home/boggy/ref_rapl/energy_exp_server/NPB3.4.3/NPB3.4-MPI/bin/mg.C.x"
0.84476393 W	3572329	"/home/boggy/ref_rapl/energy_exp_server/NPB3.4.3/NPB3.4-MPI/bin/mg.C.x"
------------------------------------------------------------

Host:	48.997392 W from 
	package 	core		dram		uncore
Socket0	45.75628 W |	42.153107 W	4.25527 W	0 W	

Top 5 consumers:
Power		PID	Exe
1.0768658 W	3572330	"/home/boggy/ref_rapl/energy_exp_server/NPB3.4.3/NPB3.4-MPI/bin/mg.C.x"
1.0768658 W	3572328	"/home/boggy/ref_rapl/energy_exp_server/NPB3.4.3/NPB3.4-MPI/bin/mg.C.x"
1.0768658 W	3572331	"/home/boggy/ref_rapl/energy_exp_server/NPB3.4.3/NPB3.4-MPI/bin/mg.C.x"
1.0768658 W	3572329	"/home/boggy/ref_rapl/energy_exp_server/NPB3.4.3/NPB3.4-MPI/bin/mg.C.x"
0.8076494 W	3572309	"/home/boggy/ref_rapl/scaphandre/target/release/scaphandre"
------------------------------------------------------------

Host:	46.239695 W from 
	package 	core		dram		uncore
Socket0	42.687183 W |	36.995453 W	4.577315 W	0 W	

Top 5 consumers:
Power		PID	Exe
1.5243856 W	3572330	"/home/boggy/ref_rapl/energy_exp_server/NPB3.4.3/NPB3.4-MPI/bin/mg.C.x"
1.5243856 W	3572309	"/home/boggy/ref_rapl/scaphandre/target/release/scaphandre"
1.5243856 W	3572328	"/home/boggy/ref_rapl/energy_exp_server/NPB3.4.3/NPB3.4-MPI/bin/mg.C.x"
1.5243856 W	3572331	"/home/boggy/ref_rapl/energy_exp_server/NPB3.4.3/NPB3.4-MPI/bin/mg.C.x"
1.2703212 W	3572329	"/home/boggy/ref_rapl/energy_exp_server/NPB3.4.3/NPB3.4-MPI/bin/mg.C.x"
------------------------------------------------------------

Host:	48.82148 W from 
	package 	core		dram		uncore
Socket0	42.668747 W |	37.877304 W	4.597114 W	0 W	

Top 5 consumers:
Power		PID	Exe
1.3412493 W	3572330	"/home/boggy/ref_rapl/energy_exp_server/NPB3.4.3/NPB3.4-MPI/bin/mg.C.x"
1.3412493 W	3572309	"/home/boggy/ref_rapl/scaphandre/target/release/scaphandre"
1.3412493 W	3572328	"/home/boggy/ref_rapl/energy_exp_server/NPB3.4.3/NPB3.4-MPI/bin/mg.C.x"
1.3412493 W	3572331	"/home/boggy/ref_rapl/energy_exp_server/NPB3.4.3/NPB3.4-MPI/bin/mg.C.x"
1.3412493 W	3572329	"/home/boggy/ref_rapl/energy_exp_server/NPB3.4.3/NPB3.4-MPI/bin/mg.C.x"
------------------------------------------------------------

Host:	55.463951 W from 
	package 	core		dram		uncore
Socket0	45.699436 W |	40.51416 W	4.567077 W	0 W	

Top 5 consumers:
Power		PID	Exe
1.218988 W	3572330	"/home/boggy/ref_rapl/energy_exp_server/NPB3.4.3/NPB3.4-MPI/bin/mg.C.x"
1.218988 W	3572329	"/home/boggy/ref_rapl/energy_exp_server/NPB3.4.3/NPB3.4-MPI/bin/mg.C.x"
0.914241 W	3572309	"/home/boggy/ref_rapl/scaphandre/target/release/scaphandre"
0.914241 W	3572328	"/home/boggy/ref_rapl/energy_exp_server/NPB3.4.3/NPB3.4-MPI/bin/mg.C.x"
0.914241 W	3572331	"/home/boggy/ref_rapl/energy_exp_server/NPB3.4.3/NPB3.4-MPI/bin/mg.C.x"
------------------------------------------------------------

Host:	56.629526 W from 
	package 	core		dram		uncore
Socket0	54.758236 W |	48.474987 W	4.342163 W	0 W	

Top 5 consumers:
Power		PID	Exe
1.244605 W	3572328	"/home/boggy/ref_rapl/energy_exp_server/NPB3.4.3/NPB3.4-MPI/bin/mg.C.x"
0.9334538 W	3572330	"/home/boggy/ref_rapl/energy_exp_server/NPB3.4.3/NPB3.4-MPI/bin/mg.C.x"
0.9334538 W	3572309	"/home/boggy/ref_rapl/scaphandre/target/release/scaphandre"
0.9334538 W	3572331	"/home/boggy/ref_rapl/energy_exp_server/NPB3.4.3/NPB3.4-MPI/bin/mg.C.x"
0.9334538 W	3572329	"/home/boggy/ref_rapl/energy_exp_server/NPB3.4.3/NPB3.4-MPI/bin/mg.C.x"
------------------------------------------------------------

Host:	51.943895 W from 
	package 	core		dram		uncore
Socket0	48.282654 W |	43.383945 W	4.302782 W	0 W	

Top 5 consumers:
Power		PID	Exe
1.2367594 W	3572331	"/home/boggy/ref_rapl/energy_exp_server/NPB3.4.3/NPB3.4-MPI/bin/mg.C.x"
0.9275696 W	3572330	"/home/boggy/ref_rapl/energy_exp_server/NPB3.4.3/NPB3.4-MPI/bin/mg.C.x"
0.9275696 W	3572309	"/home/boggy/ref_rapl/scaphandre/target/release/scaphandre"
0.9275696 W	3572328	"/home/boggy/ref_rapl/energy_exp_server/NPB3.4.3/NPB3.4-MPI/bin/mg.C.x"
0.9275696 W	3572329	"/home/boggy/ref_rapl/energy_exp_server/NPB3.4.3/NPB3.4-MPI/bin/mg.C.x"
------------------------------------------------------------

Host:	51.892001 W from 
	package 	core		dram		uncore
Socket0	47.41751 W |	42.11462 W	4.573494 W	0 W	

Top 5 consumers:
Power		PID	Exe
0.92664295 W	3572330	"/home/boggy/ref_rapl/energy_exp_server/NPB3.4.3/NPB3.4-MPI/bin/mg.C.x"
0.92664295 W	3572328	"/home/boggy/ref_rapl/energy_exp_server/NPB3.4.3/NPB3.4-MPI/bin/mg.C.x"
0.92664295 W	3572331	"/home/boggy/ref_rapl/energy_exp_server/NPB3.4.3/NPB3.4-MPI/bin/mg.C.x"
0.92664295 W	3572329	"/home/boggy/ref_rapl/energy_exp_server/NPB3.4.3/NPB3.4-MPI/bin/mg.C.x"
0.6177619 W	3572309	"/home/boggy/ref_rapl/scaphandre/target/release/scaphandre"
------------------------------------------------------------

Host:	54.01284 W from 
	package 	core		dram		uncore
Socket0	46.983852 W |	42.17362 W	4.678188 W	0 W	

Top 5 consumers:
Power		PID	Exe
1.28602 W	3572329	"/home/boggy/ref_rapl/energy_exp_server/NPB3.4.3/NPB3.4-MPI/bin/mg.C.x"
0.9645151 W	3572330	"/home/boggy/ref_rapl/energy_exp_server/NPB3.4.3/NPB3.4-MPI/bin/mg.C.x"
0.9645151 W	3572328	"/home/boggy/ref_rapl/energy_exp_server/NPB3.4.3/NPB3.4-MPI/bin/mg.C.x"
0.9645151 W	3572331	"/home/boggy/ref_rapl/energy_exp_server/NPB3.4.3/NPB3.4-MPI/bin/mg.C.x"
0.64301 W	3572309	"/home/boggy/ref_rapl/scaphandre/target/release/scaphandre"
------------------------------------------------------------

Host:	53.708756 W from 
	package 	core		dram		uncore
Socket0	50.375435 W |	44.11856 W	4.744984 W	0 W	

Top 5 consumers:
Power		PID	Exe
1.2787799 W	3572330	"/home/boggy/ref_rapl/energy_exp_server/NPB3.4.3/NPB3.4-MPI/bin/mg.C.x"
1.2787799 W	3572309	"/home/boggy/ref_rapl/scaphandre/target/release/scaphandre"
1.2787799 W	3572328	"/home/boggy/ref_rapl/energy_exp_server/NPB3.4.3/NPB3.4-MPI/bin/mg.C.x"
0.959085 W	3572331	"/home/boggy/ref_rapl/energy_exp_server/NPB3.4.3/NPB3.4-MPI/bin/mg.C.x"
0.959085 W	3572329	"/home/boggy/ref_rapl/energy_exp_server/NPB3.4.3/NPB3.4-MPI/bin/mg.C.x"
------------------------------------------------------------

Host:	55.026872 W from 
	package 	core		dram		uncore
Socket0	49.20638 W |	44.335167 W	4.747512 W	0 W	

Top 5 consumers:
Power		PID	Exe
0.98262274 W	3572330	"/home/boggy/ref_rapl/energy_exp_server/NPB3.4.3/NPB3.4-MPI/bin/mg.C.x"
0.98262274 W	3572328	"/home/boggy/ref_rapl/energy_exp_server/NPB3.4.3/NPB3.4-MPI/bin/mg.C.x"
0.98262274 W	3572331	"/home/boggy/ref_rapl/energy_exp_server/NPB3.4.3/NPB3.4-MPI/bin/mg.C.x"
0.98262274 W	3572329	"/home/boggy/ref_rapl/energy_exp_server/NPB3.4.3/NPB3.4-MPI/bin/mg.C.x"
0.6550818 W	3572309	"/home/boggy/ref_rapl/scaphandre/target/release/scaphandre"
------------------------------------------------------------

Host:	53.367142 W from 
	package 	core		dram		uncore
Socket0	48.63181 W |	44.44856 W	4.818146 W	0 W	

Top 5 consumers:
Power		PID	Exe
1.2706462 W	3572331	"/home/boggy/ref_rapl/energy_exp_server/NPB3.4.3/NPB3.4-MPI/bin/mg.C.x"
1.2706462 W	3572329	"/home/boggy/ref_rapl/energy_exp_server/NPB3.4.3/NPB3.4-MPI/bin/mg.C.x"
0.95298475 W	3572330	"/home/boggy/ref_rapl/energy_exp_server/NPB3.4.3/NPB3.4-MPI/bin/mg.C.x"
0.95298475 W	3572328	"/home/boggy/ref_rapl/energy_exp_server/NPB3.4.3/NPB3.4-MPI/bin/mg.C.x"
0.6353231 W	3572309	"/home/boggy/ref_rapl/scaphandre/target/release/scaphandre"
------------------------------------------------------------

Host:	55.716112 W from 
	package 	core		dram		uncore
Socket0	50.193394 W |	44.271233 W	4.707563 W	0 W	

Top 5 consumers:
Power		PID	Exe
1.3757066 W	3572330	"/home/boggy/ref_rapl/energy_exp_server/NPB3.4.3/NPB3.4-MPI/bin/mg.C.x"
1.3757066 W	3572328	"/home/boggy/ref_rapl/energy_exp_server/NPB3.4.3/NPB3.4-MPI/bin/mg.C.x"
1.0317798 W	3572309	"/home/boggy/ref_rapl/scaphandre/target/release/scaphandre"
1.0317798 W	3572331	"/home/boggy/ref_rapl/energy_exp_server/NPB3.4.3/NPB3.4-MPI/bin/mg.C.x"
1.0317798 W	3572329	"/home/boggy/ref_rapl/energy_exp_server/NPB3.4.3/NPB3.4-MPI/bin/mg.C.x"
------------------------------------------------------------

Host:	53.871567 W from 
	package 	core		dram		uncore
Socket0	49.458805 W |	44.453144 W	4.754951 W	0 W	

Top 5 consumers:
Power		PID	Exe
0.9976216 W	3572330	"/home/boggy/ref_rapl/energy_exp_server/NPB3.4.3/NPB3.4-MPI/bin/mg.C.x"
0.9976216 W	3572309	"/home/boggy/ref_rapl/scaphandre/target/release/scaphandre"
0.9976216 W	3572328	"/home/boggy/ref_rapl/energy_exp_server/NPB3.4.3/NPB3.4-MPI/bin/mg.C.x"
0.9976216 W	3572331	"/home/boggy/ref_rapl/energy_exp_server/NPB3.4.3/NPB3.4-MPI/bin/mg.C.x"
0.9976216 W	3572329	"/home/boggy/ref_rapl/energy_exp_server/NPB3.4.3/NPB3.4-MPI/bin/mg.C.x"
------------------------------------------------------------

Host:	54.333643 W from 
	package 	core		dram		uncore
Socket0	49.21121 W |	44.55594 W	4.869285 W	0 W	

Top 5 consumers:
Power		PID	Exe
1.3415713 W	3572331	"/home/boggy/ref_rapl/energy_exp_server/NPB3.4.3/NPB3.4-MPI/bin/mg.C.x"
1.3415713 W	3572329	"/home/boggy/ref_rapl/energy_exp_server/NPB3.4.3/NPB3.4-MPI/bin/mg.C.x"
1.0061786 W	3572330	"/home/boggy/ref_rapl/energy_exp_server/NPB3.4.3/NPB3.4-MPI/bin/mg.C.x"
1.0061786 W	3572309	"/home/boggy/ref_rapl/scaphandre/target/release/scaphandre"
1.0061786 W	3572328	"/home/boggy/ref_rapl/energy_exp_server/NPB3.4.3/NPB3.4-MPI/bin/mg.C.x"
------------------------------------------------------------

Host:	53.927617 W from 
	package 	core		dram		uncore
Socket0	49.1443 W |	43.588413 W	4.587305 W	0 W	

Top 5 consumers:
Power		PID	Exe
1.3315461 W	3572331	"/home/boggy/ref_rapl/energy_exp_server/NPB3.4.3/NPB3.4-MPI/bin/mg.C.x"
0.99865955 W	3572330	"/home/boggy/ref_rapl/energy_exp_server/NPB3.4.3/NPB3.4-MPI/bin/mg.C.x"
0.99865955 W	3572328	"/home/boggy/ref_rapl/energy_exp_server/NPB3.4.3/NPB3.4-MPI/bin/mg.C.x"
0.99865955 W	3572329	"/home/boggy/ref_rapl/energy_exp_server/NPB3.4.3/NPB3.4-MPI/bin/mg.C.x"
0.66577303 W	3572309	"/home/boggy/ref_rapl/scaphandre/target/release/scaphandre"
------------------------------------------------------------

Host:	55.800821 W from 
	package 	core		dram		uncore
Socket0	51.004013 W |	46.215454 W	4.577466 W	0 W	

Top 5 consumers:
Power		PID	Exe
1.377798 W	3572330	"/home/boggy/ref_rapl/energy_exp_server/NPB3.4.3/NPB3.4-MPI/bin/mg.C.x"
1.0333484 W	3572328	"/home/boggy/ref_rapl/energy_exp_server/NPB3.4.3/NPB3.4-MPI/bin/mg.C.x"
1.0333484 W	3572331	"/home/boggy/ref_rapl/energy_exp_server/NPB3.4.3/NPB3.4-MPI/bin/mg.C.x"
1.0333484 W	3572329	"/home/boggy/ref_rapl/energy_exp_server/NPB3.4.3/NPB3.4-MPI/bin/mg.C.x"
0.688899 W	3572309	"/home/boggy/ref_rapl/scaphandre/target/release/scaphandre"
------------------------------------------------------------

Host:	56.612962 W from 
	package 	core		dram		uncore
Socket0	52.969284 W |	46.912632 W	4.544784 W	0 W	

Top 5 consumers:
Power		PID	Exe
1.0483882 W	3572330	"/home/boggy/ref_rapl/energy_exp_server/NPB3.4.3/NPB3.4-MPI/bin/mg.C.x"
1.0483882 W	3572328	"/home/boggy/ref_rapl/energy_exp_server/NPB3.4.3/NPB3.4-MPI/bin/mg.C.x"
1.0483882 W	3572331	"/home/boggy/ref_rapl/energy_exp_server/NPB3.4.3/NPB3.4-MPI/bin/mg.C.x"
1.0483882 W	3572329	"/home/boggy/ref_rapl/energy_exp_server/NPB3.4.3/NPB3.4-MPI/bin/mg.C.x"
0.69892544 W	3572309	"/home/boggy/ref_rapl/scaphandre/target/release/scaphandre"
------------------------------------------------------------

Host:	57.580377 W from 
	package 	core		dram		uncore
Socket0	51.4395 W |	46.65155 W	4.548605 W	0 W	

Top 5 consumers:
Power		PID	Exe
1.4217377 W	3572328	"/home/boggy/ref_rapl/energy_exp_server/NPB3.4.3/NPB3.4-MPI/bin/mg.C.x"
1.0663033 W	3572330	"/home/boggy/ref_rapl/energy_exp_server/NPB3.4.3/NPB3.4-MPI/bin/mg.C.x"
1.0663033 W	3572309	"/home/boggy/ref_rapl/scaphandre/target/release/scaphandre"
1.0663033 W	3572331	"/home/boggy/ref_rapl/energy_exp_server/NPB3.4.3/NPB3.4-MPI/bin/mg.C.x"
1.0663033 W	3572329	"/home/boggy/ref_rapl/energy_exp_server/NPB3.4.3/NPB3.4-MPI/bin/mg.C.x"
------------------------------------------------------------

Host:	56.220947 W from 
	package 	core		dram		uncore
Socket0	51.646152 W |	46.98937 W	4.728231 W	0 W	

Top 5 consumers:
Power		PID	Exe
0.9637876 W	3572330	"/home/boggy/ref_rapl/energy_exp_server/NPB3.4.3/NPB3.4-MPI/bin/mg.C.x"
0.9637876 W	3572328	"/home/boggy/ref_rapl/energy_exp_server/NPB3.4.3/NPB3.4-MPI/bin/mg.C.x"
0.9637876 W	3572331	"/home/boggy/ref_rapl/energy_exp_server/NPB3.4.3/NPB3.4-MPI/bin/mg.C.x"
0.9637876 W	3572329	"/home/boggy/ref_rapl/energy_exp_server/NPB3.4.3/NPB3.4-MPI/bin/mg.C.x"
0.6425251 W	3572309	"/home/boggy/ref_rapl/scaphandre/target/release/scaphandre"
------------------------------------------------------------

Host:	56.31498 W from 
	package 	core		dram		uncore
Socket0	51.665462 W |	46.861427 W	4.571357 W	0 W	

Top 5 consumers:
Power		PID	Exe
0.9653996 W	3572330	"/home/boggy/ref_rapl/energy_exp_server/NPB3.4.3/NPB3.4-MPI/bin/mg.C.x"
0.9653996 W	3572309	"/home/boggy/ref_rapl/scaphandre/target/release/scaphandre"
0.9653996 W	3572328	"/home/boggy/ref_rapl/energy_exp_server/NPB3.4.3/NPB3.4-MPI/bin/mg.C.x"
0.9653996 W	3572331	"/home/boggy/ref_rapl/energy_exp_server/NPB3.4.3/NPB3.4-MPI/bin/mg.C.x"
0.9653996 W	3572329	"/home/boggy/ref_rapl/energy_exp_server/NPB3.4.3/NPB3.4-MPI/bin/mg.C.x"
------------------------------------------------------------

Host:	54.151823 W from 
	package 	core		dram		uncore
Socket0	51.686214 W |	46.168007 W	4.619685 W	0 W	

Top 5 consumers:
Power		PID	Exe
1.2377559 W	3572331	"/home/boggy/ref_rapl/energy_exp_server/NPB3.4.3/NPB3.4-MPI/bin/mg.C.x"
0.92831695 W	3572330	"/home/boggy/ref_rapl/energy_exp_server/NPB3.4.3/NPB3.4-MPI/bin/mg.C.x"
0.92831695 W	3572309	"/home/boggy/ref_rapl/scaphandre/target/release/scaphandre"
0.92831695 W	3572328	"/home/boggy/ref_rapl/energy_exp_server/NPB3.4.3/NPB3.4-MPI/bin/mg.C.x"
0.92831695 W	3572329	"/home/boggy/ref_rapl/energy_exp_server/NPB3.4.3/NPB3.4-MPI/bin/mg.C.x"
------------------------------------------------------------

Host:	55.871385 W from 
	package 	core		dram		uncore
Socket0	50.21613 W |	43.9994 W	4.488004 W	0 W	

Top 5 consumers:
Power		PID	Exe
0.95779514 W	3572330	"/home/boggy/ref_rapl/energy_exp_server/NPB3.4.3/NPB3.4-MPI/bin/mg.C.x"
0.95779514 W	3572309	"/home/boggy/ref_rapl/scaphandre/target/release/scaphandre"
0.95779514 W	3572328	"/home/boggy/ref_rapl/energy_exp_server/NPB3.4.3/NPB3.4-MPI/bin/mg.C.x"
0.95779514 W	3572329	"/home/boggy/ref_rapl/energy_exp_server/NPB3.4.3/NPB3.4-MPI/bin/mg.C.x"
0.6385301 W	3572331	"/home/boggy/ref_rapl/energy_exp_server/NPB3.4.3/NPB3.4-MPI/bin/mg.C.x"
------------------------------------------------------------

Host:	55.599607 W from 
	package 	core		dram		uncore
Socket0	50.837616 W |	45.633316 W	4.776702 W	0 W	

Top 5 consumers:
Power		PID	Exe
0.9531361 W	3572331	"/home/boggy/ref_rapl/energy_exp_server/NPB3.4.3/NPB3.4-MPI/bin/mg.C.x"
0.6354241 W	3572330	"/home/boggy/ref_rapl/energy_exp_server/NPB3.4.3/NPB3.4-MPI/bin/mg.C.x"
0.6354241 W	3572309	"/home/boggy/ref_rapl/scaphandre/target/release/scaphandre"
0.6354241 W	3572328	"/home/boggy/ref_rapl/energy_exp_server/NPB3.4.3/NPB3.4-MPI/bin/mg.C.x"
0.6354241 W	3572329	"/home/boggy/ref_rapl/energy_exp_server/NPB3.4.3/NPB3.4-MPI/bin/mg.C.x"
------------------------------------------------------------

Host:	56.646752 W from 
	package 	core		dram		uncore
Socket0	50.696903 W |	45.696053 W	4.768802 W	0 W	

Top 5 consumers:
Power		PID	Exe
0.9710871 W	3572330	"/home/boggy/ref_rapl/energy_exp_server/NPB3.4.3/NPB3.4-MPI/bin/mg.C.x"
0.9710871 W	3572309	"/home/boggy/ref_rapl/scaphandre/target/release/scaphandre"
0.9710871 W	3572328	"/home/boggy/ref_rapl/energy_exp_server/NPB3.4.3/NPB3.4-MPI/bin/mg.C.x"
0.9710871 W	3572329	"/home/boggy/ref_rapl/energy_exp_server/NPB3.4.3/NPB3.4-MPI/bin/mg.C.x"
0.64739144 W	3572331	"/home/boggy/ref_rapl/energy_exp_server/NPB3.4.3/NPB3.4-MPI/bin/mg.C.x"
------------------------------------------------------------

Host:	54.728984 W from 
	package 	core		dram		uncore
Socket0	50.128456 W |	45.675446 W	4.711978 W	0 W	

Top 5 consumers:
Power		PID	Exe
0.62547404 W	3572330	"/home/boggy/ref_rapl/energy_exp_server/NPB3.4.3/NPB3.4-MPI/bin/mg.C.x"
0.62547404 W	3572309	"/home/boggy/ref_rapl/scaphandre/target/release/scaphandre"
0.62547404 W	3572328	"/home/boggy/ref_rapl/energy_exp_server/NPB3.4.3/NPB3.4-MPI/bin/mg.C.x"
0.62547404 W	3572331	"/home/boggy/ref_rapl/energy_exp_server/NPB3.4.3/NPB3.4-MPI/bin/mg.C.x"
0.62547404 W	3572329	"/home/boggy/ref_rapl/energy_exp_server/NPB3.4.3/NPB3.4-MPI/bin/mg.C.x"
------------------------------------------------------------

Host:	54.587482 W from 
	package 	core		dram		uncore
Socket0	50.215164 W |	45.660793 W	4.912765 W	0 W	

Top 5 consumers:
Power		PID	Exe
0.93578535 W	3572330	"/home/boggy/ref_rapl/energy_exp_server/NPB3.4.3/NPB3.4-MPI/bin/mg.C.x"
0.93578535 W	3572309	"/home/boggy/ref_rapl/scaphandre/target/release/scaphandre"
0.93578535 W	3572328	"/home/boggy/ref_rapl/energy_exp_server/NPB3.4.3/NPB3.4-MPI/bin/mg.C.x"
0.93578535 W	3572331	"/home/boggy/ref_rapl/energy_exp_server/NPB3.4.3/NPB3.4-MPI/bin/mg.C.x"
0.93578535 W	3572329	"/home/boggy/ref_rapl/energy_exp_server/NPB3.4.3/NPB3.4-MPI/bin/mg.C.x"
------------------------------------------------------------

Host:	56.326142 W from 
	package 	core		dram		uncore
Socket0	51.26986 W |	45.59256 W	4.631083 W	0 W	

Top 5 consumers:
Power		PID	Exe
0.98817796 W	3572309	"/home/boggy/ref_rapl/scaphandre/target/release/scaphandre"
0.6587853 W	3572330	"/home/boggy/ref_rapl/energy_exp_server/NPB3.4.3/NPB3.4-MPI/bin/mg.C.x"
0.6587853 W	3572328	"/home/boggy/ref_rapl/energy_exp_server/NPB3.4.3/NPB3.4-MPI/bin/mg.C.x"
0.6587853 W	3572331	"/home/boggy/ref_rapl/energy_exp_server/NPB3.4.3/NPB3.4-MPI/bin/mg.C.x"
0.6587853 W	3572329	"/home/boggy/ref_rapl/energy_exp_server/NPB3.4.3/NPB3.4-MPI/bin/mg.C.x"
------------------------------------------------------------

Host:	56.184385 W from 
	package 	core		dram		uncore
Socket0	51.482815 W |	45.509003 W	4.8681 W	0 W	

Top 5 consumers:
Power		PID	Exe
0.98569095 W	3572330	"/home/boggy/ref_rapl/energy_exp_server/NPB3.4.3/NPB3.4-MPI/bin/mg.C.x"
0.98569095 W	3572331	"/home/boggy/ref_rapl/energy_exp_server/NPB3.4.3/NPB3.4-MPI/bin/mg.C.x"
0.98569095 W	3572329	"/home/boggy/ref_rapl/energy_exp_server/NPB3.4.3/NPB3.4-MPI/bin/mg.C.x"
0.6571274 W	3572309	"/home/boggy/ref_rapl/scaphandre/target/release/scaphandre"
0.6571274 W	3572328	"/home/boggy/ref_rapl/energy_exp_server/NPB3.4.3/NPB3.4-MPI/bin/mg.C.x"
------------------------------------------------------------

Host:	54.141903 W from 
	package 	core		dram		uncore
Socket0	49.648502 W |	45.59003 W	4.851125 W	0 W	

Top 5 consumers:
Power		PID	Exe
0.94985795 W	3572309	"/home/boggy/ref_rapl/scaphandre/target/release/scaphandre"
0.94985795 W	3572328	"/home/boggy/ref_rapl/energy_exp_server/NPB3.4.3/NPB3.4-MPI/bin/mg.C.x"
0.6332387 W	3572330	"/home/boggy/ref_rapl/energy_exp_server/NPB3.4.3/NPB3.4-MPI/bin/mg.C.x"
0.6332387 W	3572331	"/home/boggy/ref_rapl/energy_exp_server/NPB3.4.3/NPB3.4-MPI/bin/mg.C.x"
0.6332387 W	3572329	"/home/boggy/ref_rapl/energy_exp_server/NPB3.4.3/NPB3.4-MPI/bin/mg.C.x"
------------------------------------------------------------

Host:	53.751297 W from 
	package 	core		dram		uncore
Socket0	51.446373 W |	45.57643 W	4.666385 W	0 W	

Top 5 consumers:
Power		PID	Exe
0.9430052 W	3572330	"/home/boggy/ref_rapl/energy_exp_server/NPB3.4.3/NPB3.4-MPI/bin/mg.C.x"
0.9430052 W	3572309	"/home/boggy/ref_rapl/scaphandre/target/release/scaphandre"
0.9430052 W	3572331	"/home/boggy/ref_rapl/energy_exp_server/NPB3.4.3/NPB3.4-MPI/bin/mg.C.x"
0.9430052 W	3572329	"/home/boggy/ref_rapl/energy_exp_server/NPB3.4.3/NPB3.4-MPI/bin/mg.C.x"
0.6286702 W	3572328	"/home/boggy/ref_rapl/energy_exp_server/NPB3.4.3/NPB3.4-MPI/bin/mg.C.x"
------------------------------------------------------------

Host:	53.599167 W from 
	package 	core		dram		uncore
Socket0	47.882957 W |	44.070526 W	3.966326 W	0 W	

Top 5 consumers:
Power		PID	Exe
0.9403362 W	3572328	"/home/boggy/ref_rapl/energy_exp_server/NPB3.4.3/NPB3.4-MPI/bin/mg.C.x"
0.6268909 W	3572330	"/home/boggy/ref_rapl/energy_exp_server/NPB3.4.3/NPB3.4-MPI/bin/mg.C.x"
0.6268909 W	3572309	"/home/boggy/ref_rapl/scaphandre/target/release/scaphandre"
0.6268909 W	3572331	"/home/boggy/ref_rapl/energy_exp_server/NPB3.4.3/NPB3.4-MPI/bin/mg.C.x"
0.6268909 W	3572329	"/home/boggy/ref_rapl/energy_exp_server/NPB3.4.3/NPB3.4-MPI/bin/mg.C.x"
------------------------------------------------------------

Host:	55.573767 W from 
	package 	core		dram		uncore
Socket0	50.311108 W |	45.313457 W	4.123421 W	0 W	

Top 5 consumers:
Power		PID	Exe
0.9749784 W	3572330	"/home/boggy/ref_rapl/energy_exp_server/NPB3.4.3/NPB3.4-MPI/bin/mg.C.x"
0.9749784 W	3572309	"/home/boggy/ref_rapl/scaphandre/target/release/scaphandre"
0.6499856 W	3572328	"/home/boggy/ref_rapl/energy_exp_server/NPB3.4.3/NPB3.4-MPI/bin/mg.C.x"
0.6499856 W	3572331	"/home/boggy/ref_rapl/energy_exp_server/NPB3.4.3/NPB3.4-MPI/bin/mg.C.x"
0.6499856 W	3572329	"/home/boggy/ref_rapl/energy_exp_server/NPB3.4.3/NPB3.4-MPI/bin/mg.C.x"
------------------------------------------------------------

Host:	52.642521 W from 
	package 	core		dram		uncore
Socket0	50.495865 W |	44.238796 W	4.580848 W	0 W	

Top 5 consumers:
Power		PID	Exe
0.923553 W	3572309	"/home/boggy/ref_rapl/scaphandre/target/release/scaphandre"
0.923553 W	3572331	"/home/boggy/ref_rapl/energy_exp_server/NPB3.4.3/NPB3.4-MPI/bin/mg.C.x"
0.61570203 W	3572330	"/home/boggy/ref_rapl/energy_exp_server/NPB3.4.3/NPB3.4-MPI/bin/mg.C.x"
0.61570203 W	3572328	"/home/boggy/ref_rapl/energy_exp_server/NPB3.4.3/NPB3.4-MPI/bin/mg.C.x"
0.61570203 W	3572329	"/home/boggy/ref_rapl/energy_exp_server/NPB3.4.3/NPB3.4-MPI/bin/mg.C.x"
------------------------------------------------------------

Host:	54.464115 W from 
	package 	core		dram		uncore
Socket0	48.36681 W |	44.6203 W	4.735883 W	0 W	

Top 5 consumers:
Power		PID	Exe
0.95551074 W	3572330	"/home/boggy/ref_rapl/energy_exp_server/NPB3.4.3/NPB3.4-MPI/bin/mg.C.x"
0.95551074 W	3572328	"/home/boggy/ref_rapl/energy_exp_server/NPB3.4.3/NPB3.4-MPI/bin/mg.C.x"
0.95551074 W	3572329	"/home/boggy/ref_rapl/energy_exp_server/NPB3.4.3/NPB3.4-MPI/bin/mg.C.x"
0.63700724 W	3572309	"/home/boggy/ref_rapl/scaphandre/target/release/scaphandre"
0.63700724 W	3572331	"/home/boggy/ref_rapl/energy_exp_server/NPB3.4.3/NPB3.4-MPI/bin/mg.C.x"
------------------------------------------------------------

Host:	50.080082 W from 
	package 	core		dram		uncore
Socket0	50.279697 W |	43.807625 W	4.371673 W	0 W	

Top 5 consumers:
Power		PID	Exe
0.9390016 W	3572330	"/home/boggy/ref_rapl/energy_exp_server/NPB3.4.3/NPB3.4-MPI/bin/mg.C.x"
0.9390016 W	3572309	"/home/boggy/ref_rapl/scaphandre/target/release/scaphandre"
0.9390016 W	3572331	"/home/boggy/ref_rapl/energy_exp_server/NPB3.4.3/NPB3.4-MPI/bin/mg.C.x"
0.9390016 W	3572329	"/home/boggy/ref_rapl/energy_exp_server/NPB3.4.3/NPB3.4-MPI/bin/mg.C.x"
0.626001 W	3572328	"/home/boggy/ref_rapl/energy_exp_server/NPB3.4.3/NPB3.4-MPI/bin/mg.C.x"
------------------------------------------------------------

Host:	47.397492 W from 
	package 	core		dram		uncore
Socket0	43.218536 W |	38.057293 W	4.51366 W	0 W	

Top 5 consumers:
Power		PID	Exe
2.0736403 W	3572309	"/home/boggy/ref_rapl/scaphandre/target/release/scaphandre"
1.7774061 W	3572328	"/home/boggy/ref_rapl/energy_exp_server/NPB3.4.3/NPB3.4-MPI/bin/mg.C.x"
1.4811716 W	3572330	"/home/boggy/ref_rapl/energy_exp_server/NPB3.4.3/NPB3.4-MPI/bin/mg.C.x"
1.4811716 W	3572331	"/home/boggy/ref_rapl/energy_exp_server/NPB3.4.3/NPB3.4-MPI/bin/mg.C.x"
1.4811716 W	3572329	"/home/boggy/ref_rapl/energy_exp_server/NPB3.4.3/NPB3.4-MPI/bin/mg.C.x"
------------------------------------------------------------

Host:	48.080912 W from 
	package 	core		dram		uncore
Socket0	42.573395 W |	37.606495 W	4.66263 W	0 W	

Top 5 consumers:
Power		PID	Exe
1.5025285 W	3572309	"/home/boggy/ref_rapl/scaphandre/target/release/scaphandre"
1.5025285 W	3572329	"/home/boggy/ref_rapl/energy_exp_server/NPB3.4.3/NPB3.4-MPI/bin/mg.C.x"
1.2020228 W	3572330	"/home/boggy/ref_rapl/energy_exp_server/NPB3.4.3/NPB3.4-MPI/bin/mg.C.x"
1.2020228 W	3572328	"/home/boggy/ref_rapl/energy_exp_server/NPB3.4.3/NPB3.4-MPI/bin/mg.C.x"
1.2020228 W	3572331	"/home/boggy/ref_rapl/energy_exp_server/NPB3.4.3/NPB3.4-MPI/bin/mg.C.x"
------------------------------------------------------------

Host:	50.509158 W from 
	package 	core		dram		uncore
Socket0	46.315334 W |	40.543457 W	4.40298 W	0 W	

Top 5 consumers:
Power		PID	Exe
1.262729 W	3572309	"/home/boggy/ref_rapl/scaphandre/target/release/scaphandre"
1.262729 W	3572331	"/home/boggy/ref_rapl/energy_exp_server/NPB3.4.3/NPB3.4-MPI/bin/mg.C.x"
0.94704676 W	3572330	"/home/boggy/ref_rapl/energy_exp_server/NPB3.4.3/NPB3.4-MPI/bin/mg.C.x"
0.94704676 W	3572328	"/home/boggy/ref_rapl/energy_exp_server/NPB3.4.3/NPB3.4-MPI/bin/mg.C.x"
0.94704676 W	3572329	"/home/boggy/ref_rapl/energy_exp_server/NPB3.4.3/NPB3.4-MPI/bin/mg.C.x"
------------------------------------------------------------

Host:	58.244735 W from 
	package 	core		dram		uncore
Socket0	48.039345 W |	43.398403 W	4.612088 W	0 W	

Top 5 consumers:
Power		PID	Exe
1.0920888 W	3572330	"/home/boggy/ref_rapl/energy_exp_server/NPB3.4.3/NPB3.4-MPI/bin/mg.C.x"
1.0920888 W	3572309	"/home/boggy/ref_rapl/scaphandre/target/release/scaphandre"
1.0920888 W	3572328	"/home/boggy/ref_rapl/energy_exp_server/NPB3.4.3/NPB3.4-MPI/bin/mg.C.x"
1.0920888 W	3572329	"/home/boggy/ref_rapl/energy_exp_server/NPB3.4.3/NPB3.4-MPI/bin/mg.C.x"
0.7280592 W	3572331	"/home/boggy/ref_rapl/energy_exp_server/NPB3.4.3/NPB3.4-MPI/bin/mg.C.x"
------------------------------------------------------------

Host:	57.852282 W from 
	package 	core		dram		uncore
Socket0	52.892494 W |	47.66072 W	4.181901 W	0 W	

Top 5 consumers:
Power		PID	Exe
0.7231535 W	3572330	"/home/boggy/ref_rapl/energy_exp_server/NPB3.4.3/NPB3.4-MPI/bin/mg.C.x"
0.7231535 W	3572309	"/home/boggy/ref_rapl/scaphandre/target/release/scaphandre"
0.7231535 W	3572328	"/home/boggy/ref_rapl/energy_exp_server/NPB3.4.3/NPB3.4-MPI/bin/mg.C.x"
0.7231535 W	3572331	"/home/boggy/ref_rapl/energy_exp_server/NPB3.4.3/NPB3.4-MPI/bin/mg.C.x"
0.7231535 W	3572329	"/home/boggy/ref_rapl/energy_exp_server/NPB3.4.3/NPB3.4-MPI/bin/mg.C.x"
------------------------------------------------------------

Host:	54.209732 W from 
	package 	core		dram		uncore
Socket0	51.543095 W |	47.201687 W	4.279766 W	0 W	

Top 5 consumers:
Power		PID	Exe
1.0101192 W	3572330	"/home/boggy/ref_rapl/energy_exp_server/NPB3.4.3/NPB3.4-MPI/bin/mg.C.x"
1.0101192 W	3572309	"/home/boggy/ref_rapl/scaphandre/target/release/scaphandre"
1.0101192 W	3572328	"/home/boggy/ref_rapl/energy_exp_server/NPB3.4.3/NPB3.4-MPI/bin/mg.C.x"
1.0101192 W	3572331	"/home/boggy/ref_rapl/energy_exp_server/NPB3.4.3/NPB3.4-MPI/bin/mg.C.x"
1.0101192 W	3572329	"/home/boggy/ref_rapl/energy_exp_server/NPB3.4.3/NPB3.4-MPI/bin/mg.C.x"
------------------------------------------------------------

Host:	52.843755 W from 
	package 	core		dram		uncore
Socket0	50.248005 W |	43.414448 W	4.552639 W	0 W	

Top 5 consumers:
Power		PID	Exe
0.6564442 W	3572330	"/home/boggy/ref_rapl/energy_exp_server/NPB3.4.3/NPB3.4-MPI/bin/mg.C.x"
0.6564442 W	3572309	"/home/boggy/ref_rapl/scaphandre/target/release/scaphandre"
0.6564442 W	3572328	"/home/boggy/ref_rapl/energy_exp_server/NPB3.4.3/NPB3.4-MPI/bin/mg.C.x"
0.6564442 W	3572331	"/home/boggy/ref_rapl/energy_exp_server/NPB3.4.3/NPB3.4-MPI/bin/mg.C.x"
0.6564442 W	3572329	"/home/boggy/ref_rapl/energy_exp_server/NPB3.4.3/NPB3.4-MPI/bin/mg.C.x"
------------------------------------------------------------

Host:	54.487686 W from 
	package 	core		dram		uncore
Socket0	48.339294 W |	43.3305 W	4.550726 W	0 W	

Top 5 consumers:
Power		PID	Exe
0.6768657 W	3572330	"/home/boggy/ref_rapl/energy_exp_server/NPB3.4.3/NPB3.4-MPI/bin/mg.C.x"
0.6768657 W	3572309	"/home/boggy/ref_rapl/scaphandre/target/release/scaphandre"
0.6768657 W	3572328	"/home/boggy/ref_rapl/energy_exp_server/NPB3.4.3/NPB3.4-MPI/bin/mg.C.x"
0.6768657 W	3572331	"/home/boggy/ref_rapl/energy_exp_server/NPB3.4.3/NPB3.4-MPI/bin/mg.C.x"
0.6768657 W	3572329	"/home/boggy/ref_rapl/energy_exp_server/NPB3.4.3/NPB3.4-MPI/bin/mg.C.x"
------------------------------------------------------------

Host:	52.820194 W from 
	package 	core		dram		uncore
Socket0	47.79507 W |	43.60065 W	4.661104 W	0 W	

Top 5 consumers:
Power		PID	Exe
0.98422724 W	3572330	"/home/boggy/ref_rapl/energy_exp_server/NPB3.4.3/NPB3.4-MPI/bin/mg.C.x"
0.98422724 W	3572309	"/home/boggy/ref_rapl/scaphandre/target/release/scaphandre"
0.98422724 W	3572328	"/home/boggy/ref_rapl/energy_exp_server/NPB3.4.3/NPB3.4-MPI/bin/mg.C.x"
0.98422724 W	3572331	"/home/boggy/ref_rapl/energy_exp_server/NPB3.4.3/NPB3.4-MPI/bin/mg.C.x"
0.98422724 W	3572329	"/home/boggy/ref_rapl/energy_exp_server/NPB3.4.3/NPB3.4-MPI/bin/mg.C.x"
------------------------------------------------------------

Host:	56.635641 W from 
	package 	core		dram		uncore
Socket0	51.58691 W |	44.736355 W	4.671418 W	0 W	

Top 5 consumers:
Power		PID	Exe
1.0553225 W	3572309	"/home/boggy/ref_rapl/scaphandre/target/release/scaphandre"
0.7035483 W	3572330	"/home/boggy/ref_rapl/energy_exp_server/NPB3.4.3/NPB3.4-MPI/bin/mg.C.x"
0.7035483 W	3572328	"/home/boggy/ref_rapl/energy_exp_server/NPB3.4.3/NPB3.4-MPI/bin/mg.C.x"
0.7035483 W	3572331	"/home/boggy/ref_rapl/energy_exp_server/NPB3.4.3/NPB3.4-MPI/bin/mg.C.x"
0.7035483 W	3572329	"/home/boggy/ref_rapl/energy_exp_server/NPB3.4.3/NPB3.4-MPI/bin/mg.C.x"
------------------------------------------------------------

Host:	55.551883 W from 
	package 	core		dram		uncore
Socket0	49.532227 W |	45.627544 W	4.648876 W	0 W	

Top 5 consumers:
Power		PID	Exe
1.0351284 W	3572331	"/home/boggy/ref_rapl/energy_exp_server/NPB3.4.3/NPB3.4-MPI/bin/mg.C.x"
0.6900855 W	3572330	"/home/boggy/ref_rapl/energy_exp_server/NPB3.4.3/NPB3.4-MPI/bin/mg.C.x"
0.6900855 W	3572309	"/home/boggy/ref_rapl/scaphandre/target/release/scaphandre"
0.6900855 W	3572328	"/home/boggy/ref_rapl/energy_exp_server/NPB3.4.3/NPB3.4-MPI/bin/mg.C.x"
0.6900855 W	3572329	"/home/boggy/ref_rapl/energy_exp_server/NPB3.4.3/NPB3.4-MPI/bin/mg.C.x"
------------------------------------------------------------

Host:	53.921564 W from 
	package 	core		dram		uncore
Socket0	50.843536 W |	45.709488 W	4.963869 W	0 W	

Top 5 consumers:
Power		PID	Exe
1.0047497 W	3572330	"/home/boggy/ref_rapl/energy_exp_server/NPB3.4.3/NPB3.4-MPI/bin/mg.C.x"
1.0047497 W	3572309	"/home/boggy/ref_rapl/scaphandre/target/release/scaphandre"
1.0047497 W	3572328	"/home/boggy/ref_rapl/energy_exp_server/NPB3.4.3/NPB3.4-MPI/bin/mg.C.x"
1.0047497 W	3572329	"/home/boggy/ref_rapl/energy_exp_server/NPB3.4.3/NPB3.4-MPI/bin/mg.C.x"
0.66983306 W	3572331	"/home/boggy/ref_rapl/energy_exp_server/NPB3.4.3/NPB3.4-MPI/bin/mg.C.x"
------------------------------------------------------------

Host:	55.509335 W from 
	package 	core		dram		uncore
Socket0	51.45965 W |	45.540596 W	4.661619 W	0 W	

Top 5 consumers:
Power		PID	Exe
1.0343355 W	3572309	"/home/boggy/ref_rapl/scaphandre/target/release/scaphandre"
0.68955696 W	3572330	"/home/boggy/ref_rapl/energy_exp_server/NPB3.4.3/NPB3.4-MPI/bin/mg.C.x"
0.68955696 W	3572328	"/home/boggy/ref_rapl/energy_exp_server/NPB3.4.3/NPB3.4-MPI/bin/mg.C.x"
0.68955696 W	3572331	"/home/boggy/ref_rapl/energy_exp_server/NPB3.4.3/NPB3.4-MPI/bin/mg.C.x"
0.68955696 W	3572329	"/home/boggy/ref_rapl/energy_exp_server/NPB3.4.3/NPB3.4-MPI/bin/mg.C.x"
------------------------------------------------------------

Host:	57.263768 W from 
	package 	core		dram		uncore
Socket0	50.62169 W |	45.63013 W	4.760195 W	0 W	

Top 5 consumers:
Power		PID	Exe
1.0670267 W	3572330	"/home/boggy/ref_rapl/energy_exp_server/NPB3.4.3/NPB3.4-MPI/bin/mg.C.x"
1.0670267 W	3572328	"/home/boggy/ref_rapl/energy_exp_server/NPB3.4.3/NPB3.4-MPI/bin/mg.C.x"
1.0670267 W	3572331	"/home/boggy/ref_rapl/energy_exp_server/NPB3.4.3/NPB3.4-MPI/bin/mg.C.x"
1.0670267 W	3572329	"/home/boggy/ref_rapl/energy_exp_server/NPB3.4.3/NPB3.4-MPI/bin/mg.C.x"
0.7113511 W	3572309	"/home/boggy/ref_rapl/scaphandre/target/release/scaphandre"
------------------------------------------------------------

Host:	54.738019 W from 
	package 	core		dram		uncore
Socket0	50.376713 W |	45.731316 W	4.917914 W	0 W	

Top 5 consumers:
Power		PID	Exe
0.9603161 W	3572309	"/home/boggy/ref_rapl/scaphandre/target/release/scaphandre"
0.6402108 W	3572330	"/home/boggy/ref_rapl/energy_exp_server/NPB3.4.3/NPB3.4-MPI/bin/mg.C.x"
0.6402108 W	3572328	"/home/boggy/ref_rapl/energy_exp_server/NPB3.4.3/NPB3.4-MPI/bin/mg.C.x"
0.6402108 W	3572331	"/home/boggy/ref_rapl/energy_exp_server/NPB3.4.3/NPB3.4-MPI/bin/mg.C.x"
0.6402108 W	3572329	"/home/boggy/ref_rapl/energy_exp_server/NPB3.4.3/NPB3.4-MPI/bin/mg.C.x"
------------------------------------------------------------

Host:	54.567003 W from 
	package 	core		dram		uncore
Socket0	51.794617 W |	45.530693 W	4.69157 W	0 W	

Top 5 consumers:
Power		PID	Exe
0.9573158 W	3572330	"/home/boggy/ref_rapl/energy_exp_server/NPB3.4.3/NPB3.4-MPI/bin/mg.C.x"
0.9573158 W	3572309	"/home/boggy/ref_rapl/scaphandre/target/release/scaphandre"
0.9573158 W	3572328	"/home/boggy/ref_rapl/energy_exp_server/NPB3.4.3/NPB3.4-MPI/bin/mg.C.x"
0.9573158 W	3572331	"/home/boggy/ref_rapl/energy_exp_server/NPB3.4.3/NPB3.4-MPI/bin/mg.C.x"
0.9573158 W	3572329	"/home/boggy/ref_rapl/energy_exp_server/NPB3.4.3/NPB3.4-MPI/bin/mg.C.x"
------------------------------------------------------------

Host:	55.592901 W from 
	package 	core		dram		uncore
Socket0	50.313286 W |	45.853035 W	4.717733 W	0 W	

Top 5 consumers:
Power		PID	Exe
0.9753141 W	3572330	"/home/boggy/ref_rapl/energy_exp_server/NPB3.4.3/NPB3.4-MPI/bin/mg.C.x"
0.9753141 W	3572309	"/home/boggy/ref_rapl/scaphandre/target/release/scaphandre"
0.9753141 W	3572328	"/home/boggy/ref_rapl/energy_exp_server/NPB3.4.3/NPB3.4-MPI/bin/mg.C.x"
0.9753141 W	3572331	"/home/boggy/ref_rapl/energy_exp_server/NPB3.4.3/NPB3.4-MPI/bin/mg.C.x"
0.9753141 W	3572329	"/home/boggy/ref_rapl/energy_exp_server/NPB3.4.3/NPB3.4-MPI/bin/mg.C.x"
------------------------------------------------------------

Host:	52.911481 W from 
	package 	core		dram		uncore
Socket0	48.23397 W |	43.448036 W	4.87325 W	0 W	

Top 5 consumers:
Power		PID	Exe
0.9282716 W	3572330	"/home/boggy/ref_rapl/energy_exp_server/NPB3.4.3/NPB3.4-MPI/bin/mg.C.x"
0.9282716 W	3572328	"/home/boggy/ref_rapl/energy_exp_server/NPB3.4.3/NPB3.4-MPI/bin/mg.C.x"
0.9282716 W	3572331	"/home/boggy/ref_rapl/energy_exp_server/NPB3.4.3/NPB3.4-MPI/bin/mg.C.x"
0.9282716 W	3572329	"/home/boggy/ref_rapl/energy_exp_server/NPB3.4.3/NPB3.4-MPI/bin/mg.C.x"
0.6188477 W	3572309	"/home/boggy/ref_rapl/scaphandre/target/release/scaphandre"
------------------------------------------------------------

Host:	57.263044 W from 
	package 	core		dram		uncore
Socket0	51.978477 W |	46.16037 W	3.959824 W	0 W	

Top 5 consumers:
Power		PID	Exe
1.3394865 W	3572331	"/home/boggy/ref_rapl/energy_exp_server/NPB3.4.3/NPB3.4-MPI/bin/mg.C.x"
1.0046148 W	3572330	"/home/boggy/ref_rapl/energy_exp_server/NPB3.4.3/NPB3.4-MPI/bin/mg.C.x"
1.0046148 W	3572328	"/home/boggy/ref_rapl/energy_exp_server/NPB3.4.3/NPB3.4-MPI/bin/mg.C.x"
1.0046148 W	3572329	"/home/boggy/ref_rapl/energy_exp_server/NPB3.4.3/NPB3.4-MPI/bin/mg.C.x"
0.66974324 W	3572309	"/home/boggy/ref_rapl/scaphandre/target/release/scaphandre"
------------------------------------------------------------

Host:	56.134705 W from 
	package 	core		dram		uncore
Socket0	51.173866 W |	46.724834 W	4.533739 W	0 W	

Top 5 consumers:
Power		PID	Exe
1.3130926 W	3572330	"/home/boggy/ref_rapl/energy_exp_server/NPB3.4.3/NPB3.4-MPI/bin/mg.C.x"
1.3130926 W	3572328	"/home/boggy/ref_rapl/energy_exp_server/NPB3.4.3/NPB3.4-MPI/bin/mg.C.x"
1.3130926 W	3572329	"/home/boggy/ref_rapl/energy_exp_server/NPB3.4.3/NPB3.4-MPI/bin/mg.C.x"
0.98481935 W	3572309	"/home/boggy/ref_rapl/scaphandre/target/release/scaphandre"
0.98481935 W	3572331	"/home/boggy/ref_rapl/energy_exp_server/NPB3.4.3/NPB3.4-MPI/bin/mg.C.x"
------------------------------------------------------------

Host:	55.542397 W from 
	package 	core		dram		uncore
Socket0	51.734024 W |	46.788227 W	4.734894 W	0 W	

Top 5 consumers:
Power		PID	Exe
0.974428 W	3572330	"/home/boggy/ref_rapl/energy_exp_server/NPB3.4.3/NPB3.4-MPI/bin/mg.C.x"
0.974428 W	3572328	"/home/boggy/ref_rapl/energy_exp_server/NPB3.4.3/NPB3.4-MPI/bin/mg.C.x"
0.974428 W	3572331	"/home/boggy/ref_rapl/energy_exp_server/NPB3.4.3/NPB3.4-MPI/bin/mg.C.x"
0.974428 W	3572329	"/home/boggy/ref_rapl/energy_exp_server/NPB3.4.3/NPB3.4-MPI/bin/mg.C.x"
0.6496187 W	3572309	"/home/boggy/ref_rapl/scaphandre/target/release/scaphandre"
------------------------------------------------------------

Host:	57.40228 W from 
	package 	core		dram		uncore
Socket0	52.597954 W |	46.73989 W	4.520966 W	0 W	

Top 5 consumers:
Power		PID	Exe
0.9896944 W	3572330	"/home/boggy/ref_rapl/energy_exp_server/NPB3.4.3/NPB3.4-MPI/bin/mg.C.x"
0.9896944 W	3572328	"/home/boggy/ref_rapl/energy_exp_server/NPB3.4.3/NPB3.4-MPI/bin/mg.C.x"
0.9896944 W	3572331	"/home/boggy/ref_rapl/energy_exp_server/NPB3.4.3/NPB3.4-MPI/bin/mg.C.x"
0.9896944 W	3572329	"/home/boggy/ref_rapl/energy_exp_server/NPB3.4.3/NPB3.4-MPI/bin/mg.C.x"
0.6597963 W	3572309	"/home/boggy/ref_rapl/scaphandre/target/release/scaphandre"
------------------------------------------------------------

Host:	56.737642 W from 
	package 	core		dram		uncore
Socket0	51.46906 W |	46.904976 W	4.678725 W	0 W	

Top 5 consumers:
Power		PID	Exe
0.9782352 W	3572330	"/home/boggy/ref_rapl/energy_exp_server/NPB3.4.3/NPB3.4-MPI/bin/mg.C.x"
0.9782352 W	3572309	"/home/boggy/ref_rapl/scaphandre/target/release/scaphandre"
0.9782352 W	3572328	"/home/boggy/ref_rapl/energy_exp_server/NPB3.4.3/NPB3.4-MPI/bin/mg.C.x"
0.9782352 W	3572331	"/home/boggy/ref_rapl/energy_exp_server/NPB3.4.3/NPB3.4-MPI/bin/mg.C.x"
0.9782352 W	3572329	"/home/boggy/ref_rapl/energy_exp_server/NPB3.4.3/NPB3.4-MPI/bin/mg.C.x"
------------------------------------------------------------

Host:	54.002574 W from 
	package 	core		dram		uncore
Socket0	51.702553 W |	46.77141 W	4.587856 W	0 W	

Top 5 consumers:
Power		PID	Exe
0.93107885 W	3572330	"/home/boggy/ref_rapl/energy_exp_server/NPB3.4.3/NPB3.4-MPI/bin/mg.C.x"
0.93107885 W	3572328	"/home/boggy/ref_rapl/energy_exp_server/NPB3.4.3/NPB3.4-MPI/bin/mg.C.x"
0.93107885 W	3572331	"/home/boggy/ref_rapl/energy_exp_server/NPB3.4.3/NPB3.4-MPI/bin/mg.C.x"
0.93107885 W	3572329	"/home/boggy/ref_rapl/energy_exp_server/NPB3.4.3/NPB3.4-MPI/bin/mg.C.x"
0.62071925 W	3572309	"/home/boggy/ref_rapl/scaphandre/target/release/scaphandre"
------------------------------------------------------------

Host:	54.297163 W from 
	package 	core		dram		uncore
Socket0	50.7862 W |	44.821114 W	4.300248 W	0 W	

Top 5 consumers:
Power		PID	Exe
1.2482107 W	3572330	"/home/boggy/ref_rapl/energy_exp_server/NPB3.4.3/NPB3.4-MPI/bin/mg.C.x"
1.2482107 W	3572309	"/home/boggy/ref_rapl/scaphandre/target/release/scaphandre"
1.2482107 W	3572328	"/home/boggy/ref_rapl/energy_exp_server/NPB3.4.3/NPB3.4-MPI/bin/mg.C.x"
1.2482107 W	3572331	"/home/boggy/ref_rapl/energy_exp_server/NPB3.4.3/NPB3.4-MPI/bin/mg.C.x"
0.93615794 W	3572329	"/home/boggy/ref_rapl/energy_exp_server/NPB3.4.3/NPB3.4-MPI/bin/mg.C.x"
------------------------------------------------------------

Host:	55.289032 W from 
	package 	core		dram		uncore
Socket0	49.257957 W |	44.364346 W	4.713544 W	0 W	

Top 5 consumers:
Power		PID	Exe
1.2710123 W	3572329	"/home/boggy/ref_rapl/energy_exp_server/NPB3.4.3/NPB3.4-MPI/bin/mg.C.x"
0.95325917 W	3572330	"/home/boggy/ref_rapl/energy_exp_server/NPB3.4.3/NPB3.4-MPI/bin/mg.C.x"
0.95325917 W	3572309	"/home/boggy/ref_rapl/scaphandre/target/release/scaphandre"
0.95325917 W	3572328	"/home/boggy/ref_rapl/energy_exp_server/NPB3.4.3/NPB3.4-MPI/bin/mg.C.x"
0.95325917 W	3572331	"/home/boggy/ref_rapl/energy_exp_server/NPB3.4.3/NPB3.4-MPI/bin/mg.C.x"
------------------------------------------------------------

Host:	53.762554 W from 
	package 	core		dram		uncore
Socket0	49.045193 W |	44.381664 W	4.848687 W	0 W	

Top 5 consumers:
Power		PID	Exe
0.92694056 W	3572330	"/home/boggy/ref_rapl/energy_exp_server/NPB3.4.3/NPB3.4-MPI/bin/mg.C.x"
0.92694056 W	3572328	"/home/boggy/ref_rapl/energy_exp_server/NPB3.4.3/NPB3.4-MPI/bin/mg.C.x"
0.92694056 W	3572331	"/home/boggy/ref_rapl/energy_exp_server/NPB3.4.3/NPB3.4-MPI/bin/mg.C.x"
0.92694056 W	3572329	"/home/boggy/ref_rapl/energy_exp_server/NPB3.4.3/NPB3.4-MPI/bin/mg.C.x"
0.6179604 W	3572309	"/home/boggy/ref_rapl/scaphandre/target/release/scaphandre"
------------------------------------------------------------

Host:	54.713914 W from 
	package 	core		dram		uncore
Socket0	50.5386 W |	44.39473 W	4.752295 W	0 W	

Top 5 consumers:
Power		PID	Exe
1.3426726 W	3572330	"/home/boggy/ref_rapl/energy_exp_server/NPB3.4.3/NPB3.4-MPI/bin/mg.C.x"
1.3426726 W	3572328	"/home/boggy/ref_rapl/energy_exp_server/NPB3.4.3/NPB3.4-MPI/bin/mg.C.x"
1.3426726 W	3572331	"/home/boggy/ref_rapl/energy_exp_server/NPB3.4.3/NPB3.4-MPI/bin/mg.C.x"
1.3426726 W	3572329	"/home/boggy/ref_rapl/energy_exp_server/NPB3.4.3/NPB3.4-MPI/bin/mg.C.x"
0.6713363 W	3572309	"/home/boggy/ref_rapl/scaphandre/target/release/scaphandre"
------------------------------------------------------------

Host:	54.973616 W from 
	package 	core		dram		uncore
Socket0	48.450768 W |	44.502888 W	4.793823 W	0 W	

Top 5 consumers:
Power		PID	Exe
1.0117844 W	3572330	"/home/boggy/ref_rapl/energy_exp_server/NPB3.4.3/NPB3.4-MPI/bin/mg.C.x"
1.0117844 W	3572309	"/home/boggy/ref_rapl/scaphandre/target/release/scaphandre"
1.0117844 W	3572328	"/home/boggy/ref_rapl/energy_exp_server/NPB3.4.3/NPB3.4-MPI/bin/mg.C.x"
1.0117844 W	3572331	"/home/boggy/ref_rapl/energy_exp_server/NPB3.4.3/NPB3.4-MPI/bin/mg.C.x"
1.0117844 W	3572329	"/home/boggy/ref_rapl/energy_exp_server/NPB3.4.3/NPB3.4-MPI/bin/mg.C.x"
------------------------------------------------------------

Host:	54.374493 W from 
	package 	core		dram		uncore
Socket0	50.304523 W |	44.446384 W	4.692518 W	0 W	

Top 5 consumers:
Power		PID	Exe
1.0007576 W	3572330	"/home/boggy/ref_rapl/energy_exp_server/NPB3.4.3/NPB3.4-MPI/bin/mg.C.x"
1.0007576 W	3572309	"/home/boggy/ref_rapl/scaphandre/target/release/scaphandre"
1.0007576 W	3572328	"/home/boggy/ref_rapl/energy_exp_server/NPB3.4.3/NPB3.4-MPI/bin/mg.C.x"
1.0007576 W	3572331	"/home/boggy/ref_rapl/energy_exp_server/NPB3.4.3/NPB3.4-MPI/bin/mg.C.x"
1.0007576 W	3572329	"/home/boggy/ref_rapl/energy_exp_server/NPB3.4.3/NPB3.4-MPI/bin/mg.C.x"
------------------------------------------------------------

Host:	53.071294 W from 
	package 	core		dram		uncore
Socket0	49.48767 W |	44.542927 W	4.758394 W	0 W	

Top 5 consumers:
Power		PID	Exe
1.302363 W	3572330	"/home/boggy/ref_rapl/energy_exp_server/NPB3.4.3/NPB3.4-MPI/bin/mg.C.x"
1.302363 W	3572328	"/home/boggy/ref_rapl/energy_exp_server/NPB3.4.3/NPB3.4-MPI/bin/mg.C.x"
1.302363 W	3572331	"/home/boggy/ref_rapl/energy_exp_server/NPB3.4.3/NPB3.4-MPI/bin/mg.C.x"
1.302363 W	3572329	"/home/boggy/ref_rapl/energy_exp_server/NPB3.4.3/NPB3.4-MPI/bin/mg.C.x"
0.6511815 W	3572309	"/home/boggy/ref_rapl/scaphandre/target/release/scaphandre"
------------------------------------------------------------

Host:	52.453832 W from 
	package 	core		dram		uncore
Socket0	48.780148 W |	42.68971 W	4.807563 W	0 W	

Top 5 consumers:
Power		PID	Exe
1.2872105 W	3572309	"/home/boggy/ref_rapl/scaphandre/target/release/scaphandre"
0.9654079 W	3572330	"/home/boggy/ref_rapl/energy_exp_server/NPB3.4.3/NPB3.4-MPI/bin/mg.C.x"
0.9654079 W	3572328	"/home/boggy/ref_rapl/energy_exp_server/NPB3.4.3/NPB3.4-MPI/bin/mg.C.x"
0.9654079 W	3572331	"/home/boggy/ref_rapl/energy_exp_server/NPB3.4.3/NPB3.4-MPI/bin/mg.C.x"
0.9654079 W	3572329	"/home/boggy/ref_rapl/energy_exp_server/NPB3.4.3/NPB3.4-MPI/bin/mg.C.x"
------------------------------------------------------------

Host:	52.939696 W from 
	package 	core		dram		uncore
Socket0	47.797344 W |	42.857445 W	4.672231 W	0 W	

Top 5 consumers:
Power		PID	Exe
0.9743503 W	3572330	"/home/boggy/ref_rapl/energy_exp_server/NPB3.4.3/NPB3.4-MPI/bin/mg.C.x"
0.9743503 W	3572328	"/home/boggy/ref_rapl/energy_exp_server/NPB3.4.3/NPB3.4-MPI/bin/mg.C.x"
0.9743503 W	3572331	"/home/boggy/ref_rapl/energy_exp_server/NPB3.4.3/NPB3.4-MPI/bin/mg.C.x"
0.9743503 W	3572329	"/home/boggy/ref_rapl/energy_exp_server/NPB3.4.3/NPB3.4-MPI/bin/mg.C.x"
0.6495668 W	3572309	"/home/boggy/ref_rapl/scaphandre/target/release/scaphandre"
------------------------------------------------------------

Host:	51.630148 W from 
	package 	core		dram		uncore
Socket0	47.018246 W |	42.810635 W	4.715537 W	0 W	

Top 5 consumers:
Power		PID	Exe
1.2669973 W	3572331	"/home/boggy/ref_rapl/energy_exp_server/NPB3.4.3/NPB3.4-MPI/bin/mg.C.x"
0.9502481 W	3572330	"/home/boggy/ref_rapl/energy_exp_server/NPB3.4.3/NPB3.4-MPI/bin/mg.C.x"
0.9502481 W	3572309	"/home/boggy/ref_rapl/scaphandre/target/release/scaphandre"
0.9502481 W	3572328	"/home/boggy/ref_rapl/energy_exp_server/NPB3.4.3/NPB3.4-MPI/bin/mg.C.x"
0.9502481 W	3572329	"/home/boggy/ref_rapl/energy_exp_server/NPB3.4.3/NPB3.4-MPI/bin/mg.C.x"
------------------------------------------------------------

Host:	47.027346 W from 
	package 	core		dram		uncore
Socket0	45.601337 W |	40.438713 W	4.43197 W	0 W	

Top 5 consumers:
Power		PID	Exe
1.2441096 W	3572330	"/home/boggy/ref_rapl/energy_exp_server/NPB3.4.3/NPB3.4-MPI/bin/mg.C.x"
1.2441096 W	3572328	"/home/boggy/ref_rapl/energy_exp_server/NPB3.4.3/NPB3.4-MPI/bin/mg.C.x"
1.2441096 W	3572329	"/home/boggy/ref_rapl/energy_exp_server/NPB3.4.3/NPB3.4-MPI/bin/mg.C.x"
0.9952878 W	3572309	"/home/boggy/ref_rapl/scaphandre/target/release/scaphandre"
0.9952878 W	3572331	"/home/boggy/ref_rapl/energy_exp_server/NPB3.4.3/NPB3.4-MPI/bin/mg.C.x"
------------------------------------------------------------

Host:	47.354454 W from 
	package 	core		dram		uncore
Socket0	42.15968 W |	36.936638 W	4.580354 W	0 W	

Top 5 consumers:
Power		PID	Exe
1.5033162 W	3572330	"/home/boggy/ref_rapl/energy_exp_server/NPB3.4.3/NPB3.4-MPI/bin/mg.C.x"
1.5033162 W	3572309	"/home/boggy/ref_rapl/scaphandre/target/release/scaphandre"
1.5033162 W	3572328	"/home/boggy/ref_rapl/energy_exp_server/NPB3.4.3/NPB3.4-MPI/bin/mg.C.x"
1.5033162 W	3572331	"/home/boggy/ref_rapl/energy_exp_server/NPB3.4.3/NPB3.4-MPI/bin/mg.C.x"
1.5033162 W	3572329	"/home/boggy/ref_rapl/energy_exp_server/NPB3.4.3/NPB3.4-MPI/bin/mg.C.x"
------------------------------------------------------------

Host:	49.344569 W from 
	package 	core		dram		uncore
Socket0	43.430817 W |	38.808987 W	4.58294 W	0 W	

Top 5 consumers:
Power		PID	Exe
1.0443295 W	3572330	"/home/boggy/ref_rapl/energy_exp_server/NPB3.4.3/NPB3.4-MPI/bin/mg.C.x"
1.0443295 W	3572309	"/home/boggy/ref_rapl/scaphandre/target/release/scaphandre"
1.0443295 W	3572328	"/home/boggy/ref_rapl/energy_exp_server/NPB3.4.3/NPB3.4-MPI/bin/mg.C.x"
1.0443295 W	3572331	"/home/boggy/ref_rapl/energy_exp_server/NPB3.4.3/NPB3.4-MPI/bin/mg.C.x"
1.0443295 W	3572329	"/home/boggy/ref_rapl/energy_exp_server/NPB3.4.3/NPB3.4-MPI/bin/mg.C.x"
------------------------------------------------------------

Host:	56.633244 W from 
	package 	core		dram		uncore
Socket0	48.602253 W |	41.770947 W	4.536839 W	0 W	

Top 5 consumers:
Power		PID	Exe
1.1985873 W	3572331	"/home/boggy/ref_rapl/energy_exp_server/NPB3.4.3/NPB3.4-MPI/bin/mg.C.x"
0.89894044 W	3572330	"/home/boggy/ref_rapl/energy_exp_server/NPB3.4.3/NPB3.4-MPI/bin/mg.C.x"
0.89894044 W	3572328	"/home/boggy/ref_rapl/energy_exp_server/NPB3.4.3/NPB3.4-MPI/bin/mg.C.x"
0.89894044 W	3572329	"/home/boggy/ref_rapl/energy_exp_server/NPB3.4.3/NPB3.4-MPI/bin/mg.C.x"
0.59929365 W	3572309	"/home/boggy/ref_rapl/scaphandre/target/release/scaphandre"
------------------------------------------------------------

Host:	56.011325 W from 
	package 	core		dram		uncore
Socket0	52.4302 W |	48.82501 W	4.383535 W	0 W	

Top 5 consumers:
Power		PID	Exe
0.8890687 W	3572330	"/home/boggy/ref_rapl/energy_exp_server/NPB3.4.3/NPB3.4-MPI/bin/mg.C.x"
0.8890687 W	3572309	"/home/boggy/ref_rapl/scaphandre/target/release/scaphandre"
0.8890687 W	3572328	"/home/boggy/ref_rapl/energy_exp_server/NPB3.4.3/NPB3.4-MPI/bin/mg.C.x"
0.8890687 W	3572331	"/home/boggy/ref_rapl/energy_exp_server/NPB3.4.3/NPB3.4-MPI/bin/mg.C.x"
0.8890687 W	3572329	"/home/boggy/ref_rapl/energy_exp_server/NPB3.4.3/NPB3.4-MPI/bin/mg.C.x"
------------------------------------------------------------

Host:	51.802932 W from 
	package 	core		dram		uncore
Socket0	49.110447 W |	42.91978 W	4.276065 W	0 W	

Top 5 consumers:
Power		PID	Exe
1.2950733 W	3572328	"/home/boggy/ref_rapl/energy_exp_server/NPB3.4.3/NPB3.4-MPI/bin/mg.C.x"
0.9713051 W	3572330	"/home/boggy/ref_rapl/energy_exp_server/NPB3.4.3/NPB3.4-MPI/bin/mg.C.x"
0.9713051 W	3572331	"/home/boggy/ref_rapl/energy_exp_server/NPB3.4.3/NPB3.4-MPI/bin/mg.C.x"
0.9713051 W	3572329	"/home/boggy/ref_rapl/energy_exp_server/NPB3.4.3/NPB3.4-MPI/bin/mg.C.x"
0.64753664 W	3572309	"/home/boggy/ref_rapl/scaphandre/target/release/scaphandre"
------------------------------------------------------------

Host:	53.447724 W from 
	package 	core		dram		uncore
Socket0	47.517105 W |	42.324425 W	4.561845 W	0 W	

Top 5 consumers:
Power		PID	Exe
1.3361931 W	3572330	"/home/boggy/ref_rapl/energy_exp_server/NPB3.4.3/NPB3.4-MPI/bin/mg.C.x"
1.3361931 W	3572331	"/home/boggy/ref_rapl/energy_exp_server/NPB3.4.3/NPB3.4-MPI/bin/mg.C.x"
1.3361931 W	3572329	"/home/boggy/ref_rapl/energy_exp_server/NPB3.4.3/NPB3.4-MPI/bin/mg.C.x"
1.0021449 W	3572328	"/home/boggy/ref_rapl/energy_exp_server/NPB3.4.3/NPB3.4-MPI/bin/mg.C.x"
0.66809654 W	3572309	"/home/boggy/ref_rapl/scaphandre/target/release/scaphandre"
------------------------------------------------------------

Host:	52.395936 W from 
	package 	core		dram		uncore
Socket0	48.461117 W |	42.350594 W	4.678251 W	0 W	

Top 5 consumers:
Power		PID	Exe
1.3098984 W	3572309	"/home/boggy/ref_rapl/scaphandre/target/release/scaphandre"
0.9824239 W	3572330	"/home/boggy/ref_rapl/energy_exp_server/NPB3.4.3/NPB3.4-MPI/bin/mg.C.x"
0.9824239 W	3572328	"/home/boggy/ref_rapl/energy_exp_server/NPB3.4.3/NPB3.4-MPI/bin/mg.C.x"
0.9824239 W	3572331	"/home/boggy/ref_rapl/energy_exp_server/NPB3.4.3/NPB3.4-MPI/bin/mg.C.x"
0.9824239 W	3572329	"/home/boggy/ref_rapl/energy_exp_server/NPB3.4.3/NPB3.4-MPI/bin/mg.C.x"
------------------------------------------------------------

Host:	54.8675 W from 
	package 	core		dram		uncore
Socket0	48.878094 W |	44.176353 W	4.72291 W	0 W	

Top 5 consumers:
Power		PID	Exe
1.0287657 W	3572330	"/home/boggy/ref_rapl/energy_exp_server/NPB3.4.3/NPB3.4-MPI/bin/mg.C.x"
1.0287657 W	3572328	"/home/boggy/ref_rapl/energy_exp_server/NPB3.4.3/NPB3.4-MPI/bin/mg.C.x"
1.0287657 W	3572331	"/home/boggy/ref_rapl/energy_exp_server/NPB3.4.3/NPB3.4-MPI/bin/mg.C.x"
1.0287657 W	3572329	"/home/boggy/ref_rapl/energy_exp_server/NPB3.4.3/NPB3.4-MPI/bin/mg.C.x"
0.68584377 W	3572309	"/home/boggy/ref_rapl/scaphandre/target/release/scaphandre"
------------------------------------------------------------

Host:	53.788743 W from 
	package 	core		dram		uncore
Socket0	50.136467 W |	44.43776 W	4.832421 W	0 W	

Top 5 consumers:
Power		PID	Exe
1.3447186 W	3572330	"/home/boggy/ref_rapl/energy_exp_server/NPB3.4.3/NPB3.4-MPI/bin/mg.C.x"
1.3447186 W	3572328	"/home/boggy/ref_rapl/energy_exp_server/NPB3.4.3/NPB3.4-MPI/bin/mg.C.x"
1.3447186 W	3572331	"/home/boggy/ref_rapl/energy_exp_server/NPB3.4.3/NPB3.4-MPI/bin/mg.C.x"
1.3447186 W	3572329	"/home/boggy/ref_rapl/energy_exp_server/NPB3.4.3/NPB3.4-MPI/bin/mg.C.x"
0.6723593 W	3572309	"/home/boggy/ref_rapl/scaphandre/target/release/scaphandre"
------------------------------------------------------------

Host:	54.088688 W from 
	package 	core		dram		uncore
Socket0	49.20175 W |	44.46376 W	4.731213 W	0 W	

Top 5 consumers:
Power		PID	Exe
1.0141629 W	3572330	"/home/boggy/ref_rapl/energy_exp_server/NPB3.4.3/NPB3.4-MPI/bin/mg.C.x"
1.0141629 W	3572309	"/home/boggy/ref_rapl/scaphandre/target/release/scaphandre"
1.0141629 W	3572328	"/home/boggy/ref_rapl/energy_exp_server/NPB3.4.3/NPB3.4-MPI/bin/mg.C.x"
1.0141629 W	3572331	"/home/boggy/ref_rapl/energy_exp_server/NPB3.4.3/NPB3.4-MPI/bin/mg.C.x"
1.0141629 W	3572329	"/home/boggy/ref_rapl/energy_exp_server/NPB3.4.3/NPB3.4-MPI/bin/mg.C.x"
------------------------------------------------------------

Host:	55.831982 W from 
	package 	core		dram		uncore
Socket0	49.606808 W |	44.35704 W	4.781579 W	0 W	

Top 5 consumers:
Power		PID	Exe
1.0403475 W	3572330	"/home/boggy/ref_rapl/energy_exp_server/NPB3.4.3/NPB3.4-MPI/bin/mg.C.x"
1.0403475 W	3572309	"/home/boggy/ref_rapl/scaphandre/target/release/scaphandre"
1.0403475 W	3572328	"/home/boggy/ref_rapl/energy_exp_server/NPB3.4.3/NPB3.4-MPI/bin/mg.C.x"
1.0403475 W	3572331	"/home/boggy/ref_rapl/energy_exp_server/NPB3.4.3/NPB3.4-MPI/bin/mg.C.x"
1.0403475 W	3572329	"/home/boggy/ref_rapl/energy_exp_server/NPB3.4.3/NPB3.4-MPI/bin/mg.C.x"
------------------------------------------------------------

Host:	54.330461 W from 
	package 	core		dram		uncore
Socket0	49.249626 W |	44.338272 W	4.748448 W	0 W	

Top 5 consumers:
Power		PID	Exe
1.3498251 W	3572330	"/home/boggy/ref_rapl/energy_exp_server/NPB3.4.3/NPB3.4-MPI/bin/mg.C.x"
1.3498251 W	3572328	"/home/boggy/ref_rapl/energy_exp_server/NPB3.4.3/NPB3.4-MPI/bin/mg.C.x"
1.3498251 W	3572331	"/home/boggy/ref_rapl/energy_exp_server/NPB3.4.3/NPB3.4-MPI/bin/mg.C.x"
1.0123689 W	3572309	"/home/boggy/ref_rapl/scaphandre/target/release/scaphandre"
1.0123689 W	3572329	"/home/boggy/ref_rapl/energy_exp_server/NPB3.4.3/NPB3.4-MPI/bin/mg.C.x"
------------------------------------------------------------

Host:	53.081597 W from 
	package 	core		dram		uncore
Socket0	49.45802 W |	44.485527 W	4.758627 W	0 W	

Top 5 consumers:
Power		PID	Exe
0.98909813 W	3572330	"/home/boggy/ref_rapl/energy_exp_server/NPB3.4.3/NPB3.4-MPI/bin/mg.C.x"
0.98909813 W	3572328	"/home/boggy/ref_rapl/energy_exp_server/NPB3.4.3/NPB3.4-MPI/bin/mg.C.x"
0.98909813 W	3572331	"/home/boggy/ref_rapl/energy_exp_server/NPB3.4.3/NPB3.4-MPI/bin/mg.C.x"
0.6593987 W	3572309	"/home/boggy/ref_rapl/scaphandre/target/release/scaphandre"
0.32969934 W	49	""
------------------------------------------------------------

Host:	54.5672 W from 
	package 	core		dram		uncore
Socket0	48.55075 W |	42.78384 W	4.720346 W	0 W	

Top 5 consumers:
Power		PID	Exe
1.3557069 W	3572328	"/home/boggy/ref_rapl/energy_exp_server/NPB3.4.3/NPB3.4-MPI/bin/mg.C.x"
1.0167801 W	3572330	"/home/boggy/ref_rapl/energy_exp_server/NPB3.4.3/NPB3.4-MPI/bin/mg.C.x"
1.0167801 W	3572309	"/home/boggy/ref_rapl/scaphandre/target/release/scaphandre"
1.0167801 W	3572331	"/home/boggy/ref_rapl/energy_exp_server/NPB3.4.3/NPB3.4-MPI/bin/mg.C.x"
1.0167801 W	3572329	"/home/boggy/ref_rapl/energy_exp_server/NPB3.4.3/NPB3.4-MPI/bin/mg.C.x"
------------------------------------------------------------

Host:	56.263583 W from 
	package 	core		dram		uncore
Socket0	50.90704 W |	46.817535 W	4.667137 W	0 W	

Top 5 consumers:
Power		PID	Exe
1.397853 W	3572330	"/home/boggy/ref_rapl/energy_exp_server/NPB3.4.3/NPB3.4-MPI/bin/mg.C.x"
1.0483898 W	3572328	"/home/boggy/ref_rapl/energy_exp_server/NPB3.4.3/NPB3.4-MPI/bin/mg.C.x"
1.0483898 W	3572331	"/home/boggy/ref_rapl/energy_exp_server/NPB3.4.3/NPB3.4-MPI/bin/mg.C.x"
1.0483898 W	3572329	"/home/boggy/ref_rapl/energy_exp_server/NPB3.4.3/NPB3.4-MPI/bin/mg.C.x"
0.6989265 W	3572309	"/home/boggy/ref_rapl/scaphandre/target/release/scaphandre"
------------------------------------------------------------

Host:	56.71332 W from 
	package 	core		dram		uncore
Socket0	53.169487 W |	46.858376 W	4.554068 W	0 W	

Top 5 consumers:
Power		PID	Exe
1.4090266 W	3572331	"/home/boggy/ref_rapl/energy_exp_server/NPB3.4.3/NPB3.4-MPI/bin/mg.C.x"
1.05677 W	3572330	"/home/boggy/ref_rapl/energy_exp_server/NPB3.4.3/NPB3.4-MPI/bin/mg.C.x"
1.05677 W	3572309	"/home/boggy/ref_rapl/scaphandre/target/release/scaphandre"
1.05677 W	3572328	"/home/boggy/ref_rapl/energy_exp_server/NPB3.4.3/NPB3.4-MPI/bin/mg.C.x"
1.05677 W	3572329	"/home/boggy/ref_rapl/energy_exp_server/NPB3.4.3/NPB3.4-MPI/bin/mg.C.x"
------------------------------------------------------------

Host:	56.486821 W from 
	package 	core		dram		uncore
Socket0	50.645367 W |	46.852745 W	4.616582 W	0 W	

Top 5 consumers:
Power		PID	Exe
1.4033992 W	3572329	"/home/boggy/ref_rapl/energy_exp_server/NPB3.4.3/NPB3.4-MPI/bin/mg.C.x"
1.0525495 W	3572330	"/home/boggy/ref_rapl/energy_exp_server/NPB3.4.3/NPB3.4-MPI/bin/mg.C.x"
1.0525495 W	3572328	"/home/boggy/ref_rapl/energy_exp_server/NPB3.4.3/NPB3.4-MPI/bin/mg.C.x"
1.0525495 W	3572331	"/home/boggy/ref_rapl/energy_exp_server/NPB3.4.3/NPB3.4-MPI/bin/mg.C.x"
0.7016996 W	3572309	"/home/boggy/ref_rapl/scaphandre/target/release/scaphandre"
------------------------------------------------------------

Host:	57.863631 W from 
	package 	core		dram		uncore
Socket0	53.27541 W |	46.906322 W	4.575694 W	0 W	

Top 5 consumers:
Power		PID	Exe
0.9590657 W	3572330	"/home/boggy/ref_rapl/energy_exp_server/NPB3.4.3/NPB3.4-MPI/bin/mg.C.x"
0.9590657 W	3572309	"/home/boggy/ref_rapl/scaphandre/target/release/scaphandre"
0.9590657 W	3572328	"/home/boggy/ref_rapl/energy_exp_server/NPB3.4.3/NPB3.4-MPI/bin/mg.C.x"
0.9590657 W	3572331	"/home/boggy/ref_rapl/energy_exp_server/NPB3.4.3/NPB3.4-MPI/bin/mg.C.x"
0.9590657 W	3572329	"/home/boggy/ref_rapl/energy_exp_server/NPB3.4.3/NPB3.4-MPI/bin/mg.C.x"
------------------------------------------------------------

Host:	56.184284 W from 
	package 	core		dram		uncore
Socket0	51.570377 W |	47.013817 W	4.552126 W	0 W	

Top 5 consumers:
Power		PID	Exe
0.9312312 W	3572330	"/home/boggy/ref_rapl/energy_exp_server/NPB3.4.3/NPB3.4-MPI/bin/mg.C.x"
0.9312312 W	3572328	"/home/boggy/ref_rapl/energy_exp_server/NPB3.4.3/NPB3.4-MPI/bin/mg.C.x"
0.9312312 W	3572331	"/home/boggy/ref_rapl/energy_exp_server/NPB3.4.3/NPB3.4-MPI/bin/mg.C.x"
0.9312312 W	3572329	"/home/boggy/ref_rapl/energy_exp_server/NPB3.4.3/NPB3.4-MPI/bin/mg.C.x"
0.6208208 W	3572309	"/home/boggy/ref_rapl/scaphandre/target/release/scaphandre"
------------------------------------------------------------

Host:	51.788182 W from 
	package 	core		dram		uncore
Socket0	49.12816 W |	44.24852 W	4.580713 W	0 W	

Top 5 consumers:
Power		PID	Exe
1.1444902 W	3572330	"/home/boggy/ref_rapl/energy_exp_server/NPB3.4.3/NPB3.4-MPI/bin/mg.C.x"
1.1444902 W	3572328	"/home/boggy/ref_rapl/energy_exp_server/NPB3.4.3/NPB3.4-MPI/bin/mg.C.x"
0.8583676 W	3572331	"/home/boggy/ref_rapl/energy_exp_server/NPB3.4.3/NPB3.4-MPI/bin/mg.C.x"
0.8583676 W	3572329	"/home/boggy/ref_rapl/energy_exp_server/NPB3.4.3/NPB3.4-MPI/bin/mg.C.x"
0.5722451 W	3572309	"/home/boggy/ref_rapl/scaphandre/target/release/scaphandre"
------------------------------------------------------------

Host:	54.510355 W from 
	package 	core		dram		uncore
Socket0	51.127167 W |	45.423126 W	3.985118 W	0 W	

Top 5 consumers:
Power		PID	Exe
1.2046487 W	3572309	"/home/boggy/ref_rapl/scaphandre/target/release/scaphandre"
1.2046487 W	3572331	"/home/boggy/ref_rapl/energy_exp_server/NPB3.4.3/NPB3.4-MPI/bin/mg.C.x"
1.2046487 W	3572329	"/home/boggy/ref_rapl/energy_exp_server/NPB3.4.3/NPB3.4-MPI/bin/mg.C.x"
0.90348655 W	3572330	"/home/boggy/ref_rapl/energy_exp_server/NPB3.4.3/NPB3.4-MPI/bin/mg.C.x"
0.90348655 W	3572328	"/home/boggy/ref_rapl/energy_exp_server/NPB3.4.3/NPB3.4-MPI/bin/mg.C.x"
------------------------------------------------------------

Host:	53.919497 W from 
	package 	core		dram		uncore
Socket0	48.73152 W |	44.576015 W	4.817918 W	0 W	

Top 5 consumers:
Power		PID	Exe
0.8936933 W	3572330	"/home/boggy/ref_rapl/energy_exp_server/NPB3.4.3/NPB3.4-MPI/bin/mg.C.x"
0.8936933 W	3572328	"/home/boggy/ref_rapl/energy_exp_server/NPB3.4.3/NPB3.4-MPI/bin/mg.C.x"
0.8936933 W	3572331	"/home/boggy/ref_rapl/energy_exp_server/NPB3.4.3/NPB3.4-MPI/bin/mg.C.x"
0.8936933 W	3572329	"/home/boggy/ref_rapl/energy_exp_server/NPB3.4.3/NPB3.4-MPI/bin/mg.C.x"
0.5957956 W	3572309	"/home/boggy/ref_rapl/scaphandre/target/release/scaphandre"
------------------------------------------------------------

Host:	55.721477 W from 
	package 	core		dram		uncore
Socket0	50.37952 W |	44.61985 W	4.695523 W	0 W	

Top 5 consumers:
Power		PID	Exe
1.2314138 W	3572328	"/home/boggy/ref_rapl/energy_exp_server/NPB3.4.3/NPB3.4-MPI/bin/mg.C.x"
0.9235604 W	3572330	"/home/boggy/ref_rapl/energy_exp_server/NPB3.4.3/NPB3.4-MPI/bin/mg.C.x"
0.9235604 W	3572331	"/home/boggy/ref_rapl/energy_exp_server/NPB3.4.3/NPB3.4-MPI/bin/mg.C.x"
0.9235604 W	3572329	"/home/boggy/ref_rapl/energy_exp_server/NPB3.4.3/NPB3.4-MPI/bin/mg.C.x"
0.6157069 W	3572309	"/home/boggy/ref_rapl/scaphandre/target/release/scaphandre"
------------------------------------------------------------

Host:	54.00443 W from 
	package 	core		dram		uncore
Socket0	49.196617 W |	44.366573 W	4.869498 W	0 W	

Top 5 consumers:
Power		PID	Exe
1.341725 W	3572330	"/home/boggy/ref_rapl/energy_exp_server/NPB3.4.3/NPB3.4-MPI/bin/mg.C.x"
1.341725 W	3572331	"/home/boggy/ref_rapl/energy_exp_server/NPB3.4.3/NPB3.4-MPI/bin/mg.C.x"
1.341725 W	3572329	"/home/boggy/ref_rapl/energy_exp_server/NPB3.4.3/NPB3.4-MPI/bin/mg.C.x"
1.0062938 W	3572309	"/home/boggy/ref_rapl/scaphandre/target/release/scaphandre"
1.0062938 W	3572328	"/home/boggy/ref_rapl/energy_exp_server/NPB3.4.3/NPB3.4-MPI/bin/mg.C.x"
------------------------------------------------------------

Host:	54.016762 W from 
	package 	core		dram		uncore
Socket0	49.15684 W |	44.394264 W	4.757759 W	0 W	

Top 5 consumers:
Power		PID	Exe
1.0065236 W	3572330	"/home/boggy/ref_rapl/energy_exp_server/NPB3.4.3/NPB3.4-MPI/bin/mg.C.x"
1.0065236 W	3572309	"/home/boggy/ref_rapl/scaphandre/target/release/scaphandre"
1.0065236 W	3572328	"/home/boggy/ref_rapl/energy_exp_server/NPB3.4.3/NPB3.4-MPI/bin/mg.C.x"
1.0065236 W	3572331	"/home/boggy/ref_rapl/energy_exp_server/NPB3.4.3/NPB3.4-MPI/bin/mg.C.x"
1.0065236 W	3572329	"/home/boggy/ref_rapl/energy_exp_server/NPB3.4.3/NPB3.4-MPI/bin/mg.C.x"
------------------------------------------------------------

Host:	53.928392 W from 
	package 	core		dram		uncore
Socket0	49.520184 W |	44.336887 W	4.76819 W	0 W	

Top 5 consumers:
Power		PID	Exe
1.3398359 W	3572328	"/home/boggy/ref_rapl/energy_exp_server/NPB3.4.3/NPB3.4-MPI/bin/mg.C.x"
1.0048769 W	3572330	"/home/boggy/ref_rapl/energy_exp_server/NPB3.4.3/NPB3.4-MPI/bin/mg.C.x"
1.0048769 W	3572309	"/home/boggy/ref_rapl/scaphandre/target/release/scaphandre"
1.0048769 W	3572331	"/home/boggy/ref_rapl/energy_exp_server/NPB3.4.3/NPB3.4-MPI/bin/mg.C.x"
1.0048769 W	3572329	"/home/boggy/ref_rapl/energy_exp_server/NPB3.4.3/NPB3.4-MPI/bin/mg.C.x"
------------------------------------------------------------

Host:	53.399951 W from 
	package 	core		dram		uncore
Socket0	49.696644 W |	43.8239 W	4.691207 W	0 W	

Top 5 consumers:
Power		PID	Exe
1.3267069 W	3572330	"/home/boggy/ref_rapl/energy_exp_server/NPB3.4.3/NPB3.4-MPI/bin/mg.C.x"
1.3267069 W	3572328	"/home/boggy/ref_rapl/energy_exp_server/NPB3.4.3/NPB3.4-MPI/bin/mg.C.x"
1.3267069 W	3572331	"/home/boggy/ref_rapl/energy_exp_server/NPB3.4.3/NPB3.4-MPI/bin/mg.C.x"
0.99503016 W	3572329	"/home/boggy/ref_rapl/energy_exp_server/NPB3.4.3/NPB3.4-MPI/bin/mg.C.x"
0.66335344 W	3572309	"/home/boggy/ref_rapl/scaphandre/target/release/scaphandre"
------------------------------------------------------------

Host:	56.047749 W from 
	package 	core		dram		uncore
Socket0	49.009212 W |	44.949776 W	4.294533 W	0 W	

Top 5 consumers:
Power		PID	Exe
1.044368 W	3572330	"/home/boggy/ref_rapl/energy_exp_server/NPB3.4.3/NPB3.4-MPI/bin/mg.C.x"
1.044368 W	3572309	"/home/boggy/ref_rapl/scaphandre/target/release/scaphandre"
1.044368 W	3572328	"/home/boggy/ref_rapl/energy_exp_server/NPB3.4.3/NPB3.4-MPI/bin/mg.C.x"
1.044368 W	3572329	"/home/boggy/ref_rapl/energy_exp_server/NPB3.4.3/NPB3.4-MPI/bin/mg.C.x"
0.6962453 W	3572331	"/home/boggy/ref_rapl/energy_exp_server/NPB3.4.3/NPB3.4-MPI/bin/mg.C.x"
------------------------------------------------------------

Host:	52.075788 W from 
	package 	core		dram		uncore
Socket0	52.858356 W |	47.35948 W	3.783333 W	0 W	

Top 5 consumers:
Power		PID	Exe
0.9703563 W	3572330	"/home/boggy/ref_rapl/energy_exp_server/NPB3.4.3/NPB3.4-MPI/bin/mg.C.x"
0.9703563 W	3572331	"/home/boggy/ref_rapl/energy_exp_server/NPB3.4.3/NPB3.4-MPI/bin/mg.C.x"
0.9703563 W	3572329	"/home/boggy/ref_rapl/energy_exp_server/NPB3.4.3/NPB3.4-MPI/bin/mg.C.x"
0.6469042 W	3572328	"/home/boggy/ref_rapl/energy_exp_server/NPB3.4.3/NPB3.4-MPI/bin/mg.C.x"
0.3234521 W	3572309	"/home/boggy/ref_rapl/scaphandre/target/release/scaphandre"
------------------------------------------------------------

Host:	49.839908 W from 
	package 	core		dram		uncore
Socket0	48.8382 W |	44.64476 W	2.224333 W	0 W	

Top 5 consumers:
Power		PID	Exe
0.92869395 W	3572330	"/home/boggy/ref_rapl/energy_exp_server/NPB3.4.3/NPB3.4-MPI/bin/mg.C.x"
0.92869395 W	3572309	"/home/boggy/ref_rapl/scaphandre/target/release/scaphandre"
0.92869395 W	3572328	"/home/boggy/ref_rapl/energy_exp_server/NPB3.4.3/NPB3.4-MPI/bin/mg.C.x"
0.92869395 W	3572331	"/home/boggy/ref_rapl/energy_exp_server/NPB3.4.3/NPB3.4-MPI/bin/mg.C.x"
0.92869395 W	3572329	"/home/boggy/ref_rapl/energy_exp_server/NPB3.4.3/NPB3.4-MPI/bin/mg.C.x"
------------------------------------------------------------

Host:	46.631506 W from 
	package 	core		dram		uncore
Socket0	47.850506 W |	44.100258 W	1.860184 W	0 W	

Top 5 consumers:
Power		PID	Exe
0.8039915 W	3572330	"/home/boggy/ref_rapl/energy_exp_server/NPB3.4.3/NPB3.4-MPI/bin/mg.C.x"
0.8039915 W	3572328	"/home/boggy/ref_rapl/energy_exp_server/NPB3.4.3/NPB3.4-MPI/bin/mg.C.x"
0.8039915 W	3572331	"/home/boggy/ref_rapl/energy_exp_server/NPB3.4.3/NPB3.4-MPI/bin/mg.C.x"
0.8039915 W	3572329	"/home/boggy/ref_rapl/energy_exp_server/NPB3.4.3/NPB3.4-MPI/bin/mg.C.x"
0.5359943 W	3572309	"/home/boggy/ref_rapl/scaphandre/target/release/scaphandre"
------------------------------------------------------------

Host:	16.683134 W from 
	package 	core		dram		uncore
Socket0	38.30519 W |	33.90277 W	1.589065 W	0 W	

Top 5 consumers:
Power		PID	Exe
0.19176015 W	3572309	"/home/boggy/ref_rapl/scaphandre/target/release/scaphandre"
0 W	60	""
0 W	51	""
0 W	3473017	""
0 W	21	""
------------------------------------------------------------

Host:	24.061195 W from 
	package 	core		dram		uncore
Socket0	15.529446 W |	12.149342 W	1.076659 W	0 W	

Top 5 consumers:
Power		PID	Exe
0.27656546 W	3572309	"/home/boggy/ref_rapl/scaphandre/target/release/scaphandre"
0 W	60	""
0 W	51	""
0 W	3473017	""
0 W	21	""
------------------------------------------------------------

Host:	10.877581 W from 
	package 	core		dram		uncore
Socket0	20.347343 W |	16.533024 W	1.484188 W	0 W	

Top 5 consumers:
Power		PID	Exe
0.12502967 W	3572309	"/home/boggy/ref_rapl/scaphandre/target/release/scaphandre"
0 W	60	""
0 W	51	""
0 W	3473017	""
0 W	21	""
------------------------------------------------------------

