Delta,Time,CPU_FREQUENCY_0,CPU_FREQUENCY_1,CPU_FREQUENCY_2,CPU_FREQUENCY_3,CPU_FREQUENCY_4,CPU_FREQUENCY_5,CPU_FREQUENCY_6,CPU_FREQUENCY_7,CPU_USAGE_0,CPU_USAGE_1,CPU_USAGE_2,CPU_USAGE_3,CPU_USAGE_4,CPU_USAGE_5,CPU_USAGE_6,CPU_USAGE_7,DRAM_ENERGY (J),PACKAGE_ENERGY (J),PP0_ENERGY (J),PP1_ENERGY (J),TOTAL_MEMORY,TOTAL_SWAP,USED_MEMORY,USED_SWAP
0,1762416539469,3300,3301,800,3307,3304,3533,3301,3300,4,0,0,0,0,0,0,7.692307949066162,252007.95581054688,58121.67858886719,93665.93914794922,0.3956298828125,33572028416,0,849588224,0
1,1762416539469,3300,3301,800,3307,3304,3533,3301,3300,4,0,0,0,0,0,0,7.692307949066162,252007.95581054688,58121.67858886719,93665.94104003906,0.3956298828125,33572028416,0,849588224,0
0,1762416539470,3300,3301,800,3307,3304,3533,3301,3300,4,0,0,0,0,0,0,7.692307949066162,252007.95819091797,58121.690368652344,93665.94403076172,0.3956298828125,33572028416,0,849588224,0
0,1762416539472,3300,3301,800,3307,3304,3533,3301,3300,4,0,0,0,0,0,0,7.692307949066162,252007.95935058594,58121.696044921875,93665.9468383789,0.3956298828125,33572028416,0,849588224,0
0,1762416539473,3300,3301,800,3307,3304,3533,3301,3300,4,0,0,0,0,0,0,7.692307949066162,252007.96032714844,58121.70068359375,93665.94842529297,0.3956298828125,33572028416,0,849588224,0
0,1762416539474,3300,3301,800,3307,3304,3533,3301,3300,4,0,0,0,0,0,0,7.692307949066162,252007.96130371094,58121.705139160156,93665.95007324219,0.3956298828125,33572028416,0,849588224,0
0,1762416539475,3300,3301,800,3307,3304,3533,3301,3300,4,0,0,0,0,0,0,7.692307949066162,252007.96228027344,58121.709899902344,93665.95166015625,0.3956298828125,33572028416,0,849588224,0
1,1762416539476,3300,3301,800,3307,3304,3533,3301,3300,4,0,0,0,0,0,0,7.692307949066162,252007.9633178711,58121.71472167969,93665.95300292969,0.3956298828125,33572028416,0,849588224,0
0,1762416539477,3300,3301,800,3307,3304,3533,3301,3300,4,0,0,0,0,0,0,7.692307949066162,252007.96435546875,58121.719299316406,93665.9546508789,0.3956298828125,33572028416,0,849588224,0
0,1762416539478,3300,3301,800,3307,3304,3533,3301,3300,4,0,0,0,0,0,0,7.692307949066162,252007.9663696289,58121.72863769531,93665.95654296875,0.3956298828125,33572028416,0,849588224,0
0,1762416539479,3300,3301,800,3307,3304,3533,3301,3300,4,0,0,0,0,0,0,7.692307949066162,252007.9673461914,58121.733825683594,93665.95892333984,0.3956298828125,33572028416,0,849588224,0
0,1762416539480,3300,3301,800,3307,3304,3533,3301,3300,4,0,0,0,0,0,0,7.692307949066162,252007.96838378906,58121.739013671875,93665.9613647461,0.3956298828125,33572028416,0,849588224,0
0,1762416539481,3300,3301,800,3307,3304,3533,3301,3300,4,0,0,0,0,0,0,7.692307949066162,252007.96942138672,58121.74450683594,93665.96350097656,0.3956298828125,33572028416,0,849588224,0
0,1762416539482,3300,3301,800,3307,3304,3533,3301,3300,4,0,0,0,0,0,0,7.692307949066162,252007.97039794922,58121.74969482422,93665.96551513672,0.3956298828125,33572028416,0,849588224,0
0,1762416539483,3300,3301,800,3307,3304,3533,3301,3300,4,0,0,0,0,0,0,7.692307949066162,252007.97137451172,58121.754638671875,93665.96759033203,0.3956298828125,33572028416,0,849588224,0
0,1762416539485,3300,3301,800,3307,3304,3533,3301,3300,4,0,0,0,0,0,0,7.692307949066162,252007.97241210938,58121.76007080078,93665.96997070313,0.3956298828125,33572028416,0,849588224,0
0,1762416539486,3300,3301,800,3307,3304,3533,3301,3300,4,0,0,0,0,0,0,7.692307949066162,252007.97338867188,58121.765380859375,93665.97265625,0.3956298828125,33572028416,0,849588224,0
0,1762416539487,3300,3301,800,3307,3304,3533,3301,3300,4,0,0,0,0,0,0,7.692307949066162,252007.97442626953,58121.770935058594,93665.9750366211,0.3956298828125,33572028416,0,849588224,0
0,1762416539488,3300,3301,800,3307,3304,3533,3301,3300,4,0,0,0,0,0,0,7.692307949066162,252007.97540283203,58121.77606201172,93665.97717285156,0.3956298828125,33572028416,0,849588224,0
0,1762416539489,3300,3301,800,3307,3304,3533,3301,3300,4,0,0,0,0,0,0,7.692307949066162,252007.9764404297,58121.781311035156,93665.97900390625,0.3956298828125,33572028416,0,849588224,0
1,1762416539490,3300,3301,800,3307,3304,3533,3301,3300,4,0,0,0,0,0,0,7.692307949066162,252007.97747802734,58121.78625488281,93665.98095703125,0.3956298828125,33572028416,0,849588224,0
1,1762416539491,3300,3301,800,3307,3304,3533,3301,3300,4,0,0,0,0,0,0,7.692307949066162,252007.9783935547,58121.79138183594,93665.98309326172,0.3956298828125,33572028416,0,849588224,0
0,1762416539492,3300,3301,800,3307,3304,3533,3301,3300,4,0,0,0,0,0,0,7.692307949066162,252007.97943115234,58121.796325683594,93665.9848022461,0.3956298828125,33572028416,0,849588224,0
0,1762416539493,3300,3301,800,3307,3304,3533,3301,3300,4,0,0,0,0,0,0,7.692307949066162,252007.98040771484,58121.80090332031,93665.98681640625,0.3956298828125,33572028416,0,849588224,0
0,1762416539494,3300,3301,800,3307,3304,3533,3301,3300,4,0,0,0,0,0,0,7.692307949066162,252007.9814453125,58121.80584716797,93665.98895263672,0.3956298828125,33572028416,0,849588224,0
0,1762416539495,3300,3301,800,3307,3304,3533,3301,3300,4,0,0,0,0,0,0,7.692307949066162,252007.98345947266,58121.816833496094,93665.9916381836,0.3956298828125,33572028416,0,849588224,0
0,1762416539496,3300,3301,800,3307,3304,3533,3301,3300,4,0,0,0,0,0,0,7.692307949066162,252007.98443603516,58121.822204589844,93665.99395751953,0.3956298828125,33572028416,0,849588224,0
0,1762416539497,3300,3301,800,3307,3304,3533,3301,3300,4,0,0,0,0,0,0,7.692307949066162,252007.9854736328,58121.82775878906,93665.99670410156,0.3956298828125,33572028416,0,849588224,0
0,1762416539499,3300,3301,800,3307,3304,3533,3301,3300,4,0,0,0,0,0,0,7.692307949066162,252007.9864501953,58121.833068847656,93665.99920654297,0.3956298828125,33572028416,0,849588224,0
0,1762416539500,3300,3301,800,3307,3304,3533,3301,3300,4,0,0,0,0,0,0,7.692307949066162,252007.9874267578,58121.83837890625,93666.0014038086,0.3956298828125,33572028416,0,849588224,0
0,1762416539501,3300,3301,800,3307,3304,3533,3301,3300,4,0,0,0,0,0,0,7.692307949066162,252007.98846435547,58121.843994140625,93666.0043334961,0.3956298828125,33572028416,0,849588224,0
0,1762416539502,3300,3301,800,3307,3304,3533,3301,3300,4,0,0,0,0,0,0,7.692307949066162,252007.98944091797,58121.84948730469,93666.00677490234,0.3956298828125,33572028416,0,849588224,0
1,1762416539503,3300,3301,800,3307,3304,3533,3301,3300,4,0,0,0,0,0,0,7.692307949066162,252007.99047851563,58121.855224609375,93666.00946044922,0.3956298828125,33572028416,0,849588224,0
1,1762416539504,3300,3301,800,3307,3304,3533,3301,3300,4,0,0,0,0,0,0,7.692307949066162,252007.99145507813,58121.86065673828,93666.01165771484,0.3956298828125,33572028416,0,849588224,0
1,1762416539505,3300,3301,800,3307,3304,3533,3301,3300,4,0,0,0,0,0,0,7.692307949066162,252007.99249267578,58121.86608886719,93666.01403808594,0.3956298828125,33572028416,0,849588224,0
1,1762416539506,3300,3301,800,3307,3304,3533,3301,3300,4,0,0,0,0,0,0,7.692307949066162,252007.99346923828,58121.87139892578,93666.01611328125,0.3956298828125,33572028416,0,849588224,0
0,1762416539507,3300,3301,800,3307,3304,3533,3301,3300,4,0,0,0,0,0,0,7.692307949066162,252007.99542236328,58121.88098144531,93666.0181274414,0.3956298828125,33572028416,0,849588224,0
0,1762416539508,3300,3301,800,3307,3304,3533,3301,3300,4,0,0,0,0,0,0,7.692307949066162,252007.99639892578,58121.886474609375,93666.02081298828,0.3956298828125,33572028416,0,849588224,0
0,1762416539509,3300,3301,800,3307,3304,3533,3301,3300,4,0,0,0,0,0,0,7.692307949066162,252007.9974975586,58121.886474609375,93666.0228881836,0.3956298828125,33572028416,0,849588224,0
0,1762416539510,3300,3301,800,3307,3304,3533,3301,3300,4,0,0,0,0,0,0,7.692307949066162,252007.9984741211,58121.89709472656,93666.02532958984,0.3956298828125,33572028416,0,849588224,0
0,1762416539511,3300,3301,800,3307,3304,3533,3301,3300,4,0,0,0,0,0,0,7.692307949066162,252007.9994506836,58121.90252685547,93666.02813720703,0.3956298828125,33572028416,0,849588224,0
0,1762416539513,3300,3301,800,3307,3304,3533,3301,3300,4,0,0,0,0,0,0,7.692307949066162,252008.00048828125,58121.907958984375,93666.0302734375,0.3956298828125,33572028416,0,849588224,0
0,1762416539514,3300,3301,800,3307,3304,3533,3301,3300,4,0,0,0,0,0,0,7.692307949066162,252008.00146484375,58121.91345214844,93666.03302001953,0.3956298828125,33572028416,0,849588224,0
0,1762416539515,3300,3301,800,3307,3304,3533,3301,3300,4,0,0,0,0,0,0,7.692307949066162,252008.00244140625,58121.918884277344,93666.03582763672,0.3956298828125,33572028416,0,849588224,0
1,1762416539516,3300,3301,800,3307,3304,3533,3301,3300,4,0,0,0,0,0,0,7.692307949066162,252008.0034790039,58121.924865722656,93666.03839111328,0.3956298828125,33572028416,0,849588224,0
1,1762416539517,3300,3301,800,3307,3304,3533,3301,3300,4,0,0,0,0,0,0,7.692307949066162,252008.0044555664,58121.930419921875,93666.04083251953,0.3956298828125,33572028416,0,849588224,0
1,1762416539518,3300,3301,800,3307,3304,3533,3301,3300,4,0,0,0,0,0,0,7.692307949066162,252008.0054321289,58121.935607910156,93666.04290771484,0.3956298828125,33572028416,0,849588224,0
0,1762416539519,3300,3301,800,3307,3304,3533,3301,3300,4,0,0,0,0,0,0,7.692307949066162,252008.00646972656,58121.940673828125,93666.044921875,0.3956298828125,33572028416,0,849588224,0
0,1762416539520,3300,3301,800,3307,3304,3533,3301,3300,4,0,0,0,0,0,0,7.692307949066162,252008.00744628906,58121.94567871094,93666.046875,0.3956298828125,33572028416,0,849588224,0
1,1762416539521,3300,3301,800,3307,3304,3533,3301,3300,4,0,0,0,0,0,0,7.692307949066162,252008.00842285156,58121.950439453125,93666.04895019531,0.3956298828125,33572028416,0,849588224,0
0,1762416539522,3300,3301,800,3307,3304,3533,3301,3300,4,0,0,0,0,0,0,7.692307949066162,252008.01043701172,58121.96044921875,93666.05126953125,0.3956298828125,33572028416,0,849588224,0
0,1762416539523,3300,3301,800,3307,3304,3533,3301,3300,4,0,0,0,0,0,0,7.692307949066162,252008.01147460938,58121.966247558594,93666.05389404297,0.3956298828125,33572028416,0,849588224,0
0,1762416539524,3300,3301,800,3307,3304,3533,3301,3300,4,0,0,0,0,0,0,7.692307949066162,252008.01245117188,58121.971618652344,93666.05639648438,0.3956298828125,33572028416,0,849588224,0
0,1762416539525,3300,3301,800,3307,3304,3533,3301,3300,4,0,0,0,0,0,0,7.692307949066162,252008.01348876953,58121.97735595703,93666.05895996094,0.3956298828125,33572028416,0,849588224,0
0,1762416539527,3300,3301,800,3307,3304,3533,3301,3300,4,0,0,0,0,0,0,7.692307949066162,252008.01446533203,58121.98278808594,93666.06146240234,0.3956298828125,33572028416,0,849588224,0
0,1762416539528,3300,3301,800,3307,3304,3533,3301,3300,4,0,0,0,0,0,0,7.692307949066162,252008.0155029297,58121.98828125,93666.06414794922,0.3956298828125,33572028416,0,849588224,0
0,1762416539529,3300,3301,800,3307,3304,3533,3301,3300,4,0,0,0,0,0,0,7.692307949066162,252008.0164794922,58121.99383544922,93666.06689453125,0.3956298828125,33572028416,0,849588224,0
1,1762416539530,3300,3301,800,3307,3304,3533,3301,3300,4,0,0,0,0,0,0,7.692307949066162,252008.01751708984,58121.99963378906,93666.06951904297,0.3956298828125,33572028416,0,849588224,0
1,1762416539531,3300,3301,800,3307,3304,3533,3301,3300,4,0,0,0,0,0,0,7.692307949066162,252008.01849365234,58122.00524902344,93666.07196044922,0.3956298828125,33572028416,0,849588224,0
1,1762416539532,3300,3301,800,3307,3304,3533,3301,3300,4,0,0,0,0,0,0,7.692307949066162,252008.01947021484,58122.010314941406,93666.07391357422,0.3956298828125,33572028416,0,849588224,0
1,1762416539533,3300,3301,800,3307,3304,3533,3301,3300,4,0,0,0,0,0,0,7.692307949066162,252008.0205078125,58122.01531982422,93666.07580566406,0.3956298828125,33572028416,0,849588224,0
0,1762416539534,3300,3301,800,3307,3304,3533,3301,3300,4,0,0,0,0,0,0,7.692307949066162,252008.0224609375,58122.020263671875,93666.0775756836,0.3956298828125,33572028416,0,849588224,0
0,1762416539535,3300,3301,800,3307,3304,3533,3301,3300,4,0,0,0,0,0,0,7.692307949066162,252008.02349853516,58122.03057861328,93666.08044433594,0.3956298828125,33572028416,0,849588224,0
0,1762416539536,3300,3301,800,3307,3304,3533,3301,3300,4,0,0,0,0,0,0,7.692307949066162,252008.0245361328,58122.036071777344,93666.08270263672,0.3956298828125,33572028416,0,849588224,0
0,1762416539537,3300,3301,800,3307,3304,3533,3301,3300,4,0,0,0,0,0,0,7.692307949066162,252008.0255126953,58122.04150390625,93666.0853881836,0.3956298828125,33572028416,0,849588224,0
0,1762416539538,3300,3301,800,3307,3304,3533,3301,3300,4,0,0,0,0,0,0,7.692307949066162,252008.0264892578,58122.04675292969,93666.08807373047,0.3956298828125,33572028416,0,849588224,0
0,1762416539540,3300,3301,800,3307,3304,3533,3301,3300,4,0,0,0,0,0,0,7.692307949066162,252008.0274658203,58122.05224609375,93666.09045410156,0.3956298828125,33572028416,0,849588224,0
0,1762416539541,3300,3301,800,3307,3304,3533,3301,3300,4,0,0,0,0,0,0,7.692307949066162,252008.02850341797,58122.05773925781,93666.0927734375,0.3956298828125,33572028416,0,849588224,0
0,1762416539542,3300,3301,800,3307,3304,3533,3301,3300,4,0,0,0,0,0,0,7.692307949066162,252008.02947998047,58122.063232421875,93666.09539794922,0.3956298828125,33572028416,0,849588224,0
0,1762416539543,3300,3301,800,3307,3304,3533,3301,3300,4,0,0,0,0,0,0,7.692307949066162,252008.03051757813,58122.068786621094,93666.09790039063,0.3956298828125,33572028416,0,849588224,0
1,1762416539544,3300,3301,800,3307,3304,3533,3301,3300,4,0,0,0,0,0,0,7.692307949066162,252008.03149414063,58122.074157714844,93666.10052490234,0.3956298828125,33572028416,0,849588224,0
1,1762416539545,3300,3301,800,3307,3304,3533,3301,3300,4,0,0,0,0,0,0,7.692307949066162,252008.03253173828,58122.07989501953,93666.10302734375,0.3956298828125,33572028416,0,849588224,0
1,1762416539546,3300,3301,800,3307,3304,3533,3301,3300,4,0,0,0,0,0,0,7.692307949066162,252008.03350830078,58122.085205078125,93666.10510253906,0.3956298828125,33572028416,0,849588224,0
1,1762416539547,3300,3301,800,3307,3304,3533,3301,3300,4,0,0,0,0,0,0,7.692307949066162,252008.03448486328,58122.09014892578,93666.1069946289,0.3956298828125,33572028416,0,849588224,0
0,1762416539548,3300,3301,800,3307,3304,3533,3301,3300,4,0,0,0,0,0,0,7.692307949066162,252008.03649902344,58122.100036621094,93666.1089477539,0.3956298828125,33572028416,0,849588224,0
0,1762416539549,3300,3301,800,3307,3304,3533,3301,3300,4,0,0,0,0,0,0,7.692307949066162,252008.03747558594,58122.10546875,93666.11157226563,0.3956298828125,33572028416,0,849588224,0
0,1762416539550,3300,3301,800,3307,3304,3533,3301,3300,4,0,0,0,0,0,0,7.692307949066162,252008.03747558594,58122.10546875,93666.11437988281,0.3956298828125,33572028416,0,849588224,0
0,1762416539551,3300,3301,800,3307,3304,3533,3301,3300,4,0,0,0,0,0,0,7.692307949066162,252008.0394897461,58122.11657714844,93666.1167602539,0.3956298828125,33572028416,0,849588224,0
0,1762416539552,3300,3301,800,3307,3304,3533,3301,3300,4,0,0,0,0,0,0,7.692307949066162,252008.04052734375,58122.122131347656,93666.11962890625,0.3956298828125,33572028416,0,849588224,0
0,1762416539554,3300,3301,800,3307,3304,3533,3301,3300,4,0,0,0,0,0,0,7.692307949066162,252008.04150390625,58122.127380371094,93666.12188720703,0.3956298828125,33572028416,0,849588224,0
0,1762416539555,3300,3301,800,3307,3304,3533,3301,3300,4,0,0,0,0,0,0,7.692307949066162,252008.0425415039,58122.132873535156,93666.12438964844,0.3956298828125,33572028416,0,849588224,0
0,1762416539556,3300,3301,800,3307,3304,3533,3301,3300,4,0,0,0,0,0,0,7.692307949066162,252008.0435180664,58122.138427734375,93666.12677001953,0.3956298828125,33572028416,0,849588224,0
1,1762416539557,3300,3301,800,3307,3304,3533,3301,3300,4,0,0,0,0,0,0,7.692307949066162,252008.04455566406,58122.14416503906,93666.12969970703,0.3956298828125,33572028416,0,849588224,0
1,1762416539558,3300,3301,800,3307,3304,3533,3301,3300,4,0,0,0,0,0,0,7.692307949066162,252008.04553222656,58122.14953613281,93666.13232421875,0.3956298828125,33572028416,0,849588224,0
0,1762416539559,3300,3301,800,3307,3304,3533,3301,3300,4,0,0,0,0,0,0,7.692307949066162,252008.04656982422,58122.155212402344,93666.13452148438,0.3956298828125,33572028416,0,849588224,0
0,1762416539560,3300,3301,800,3307,3304,3533,3301,3300,4,0,0,0,0,0,0,7.692307949066162,252008.04760742188,58122.16033935547,93666.13684082031,0.3956298828125,33572028416,0,849588224,0
1,1762416539561,3300,3301,800,3307,3304,3533,3301,3300,4,0,0,0,0,0,0,7.692307949066162,252008.04858398438,58122.165771484375,93666.13916015625,0.3956298828125,33572028416,0,849588224,0
0,1762416539562,3300,3301,800,3307,3304,3533,3301,3300,4,0,0,0,0,0,0,7.692307949066162,252008.04962158203,58122.170959472656,93666.14099121094,0.3956298828125,33572028416,0,849588224,0
0,1762416539563,3300,3301,800,3307,3304,3533,3301,3300,4,0,0,0,0,0,0,7.692307949066162,252008.05059814453,58122.175720214844,93666.14343261719,0.3956298828125,33572028416,0,849588224,0
0,1762416539564,3300,3301,800,3307,3304,3533,3301,3300,4,0,0,0,0,0,0,7.692307949066162,252008.0526123047,58122.18615722656,93666.14581298828,0.3956298828125,33572028416,0,849588224,0
0,1762416539565,3300,3301,800,3307,3304,3533,3301,3300,4,0,0,0,0,0,0,7.692307949066162,252008.05364990234,58122.192138671875,93666.14849853516,0.3956298828125,33572028416,0,849588224,0
0,1762416539566,3300,3301,800,3307,3304,3533,3301,3300,4,0,0,0,0,0,0,7.692307949066162,252008.05462646484,58122.197509765625,93666.15112304688,0.3956298828125,33572028416,0,849588224,0
0,1762416539567,3300,3301,800,3307,3304,3533,3301,3300,4,0,0,0,0,0,0,7.692307949066162,252008.05560302734,58122.20281982422,93666.1533203125,0.3956298828125,33572028416,0,849588224,0
0,1762416539569,3300,3301,800,3307,3304,3533,3301,3300,4,0,0,0,0,0,0,7.692307949066162,252008.05657958984,58122.20819091797,93666.15576171875,0.3956298828125,33572028416,0,849588224,0
0,1762416539570,3300,3301,800,3307,3304,3533,3301,3300,4,0,0,0,0,0,0,7.692307949066162,252008.0576171875,58122.21398925781,93666.15826416016,0.3956298828125,33572028416,0,849588224,0
0,1762416539571,3300,3301,800,3307,3304,3533,3301,3300,4,0,0,0,0,0,0,7.692307949066162,252008.05865478516,58122.21942138672,93666.1611328125,0.3956298828125,33572028416,0,849588224,0
1,1762416539572,3300,3301,800,3307,3304,3533,3301,3300,4,0,0,0,0,0,0,7.692307949066162,252008.05963134766,58122.22509765625,93666.16381835938,0.3956298828125,33572028416,0,849588224,0
1,1762416539573,3300,3301,800,3307,3304,3533,3301,3300,4,0,0,0,0,0,0,7.692307949066162,252008.06060791016,58122.23077392578,93666.16625976563,0.3956298828125,33572028416,0,849588224,0
1,1762416539574,3300,3301,800,3307,3304,3533,3301,3300,4,0,0,0,0,0,0,7.692307949066162,252008.0616455078,58122.23620605469,93666.16845703125,0.3956298828125,33572028416,0,849588224,0
1,1762416539575,3300,3301,800,3307,3304,3533,3301,3300,4,0,0,0,0,0,0,7.692307949066162,252008.0626220703,58122.241149902344,93666.17022705078,0.3956298828125,33572028416,0,849588224,0
0,1762416539576,3300,3301,800,3307,3304,3533,3301,3300,4,0,0,0,0,0,0,7.692307949066162,252008.0635986328,58122.245849609375,93666.171875,0.3956298828125,33572028416,0,849588224,0
0,1762416539577,3300,3301,800,3307,3304,3533,3301,3300,4,0,0,0,0,0,0,7.692307949066162,252008.06463623047,58122.250732421875,93666.17419433594,0.3956298828125,33572028416,0,849588224,0
0,1762416539578,3300,3301,800,3307,3304,3533,3301,3300,4,0,0,0,0,0,0,7.692307949066162,252008.06567382813,58122.25616455078,93666.17700195313,0.3956298828125,33572028416,0,849588224,0
1,1762416539579,3300,3301,800,3307,3304,3533,3301,3300,4,0,0,0,0,0,0,7.692307949066162,252008.06665039063,58122.26159667969,93666.17944335938,0.3956298828125,33572028416,0,849588224,0
0,1762416539580,3300,3301,800,3307,3304,3533,3301,3300,4,0,0,0,0,0,0,7.692307949066162,252008.06860351563,58122.271728515625,93666.18194580078,0.3956298828125,33572028416,0,849588224,0
0,1762416539582,3300,3301,800,3307,3304,3533,3301,3300,4,0,0,0,0,0,0,7.692307949066162,252008.06964111328,58122.27716064453,93666.18408203125,0.3956298828125,33572028416,0,849588224,0
0,1762416539583,3300,3301,800,3307,3304,3533,3301,3300,4,0,0,0,0,0,0,7.692307949066162,252008.07061767578,58122.28259277344,93666.18664550781,0.3956298828125,33572028416,0,849588224,0
0,1762416539584,3300,3301,800,3307,3304,3533,3301,3300,4,0,0,0,0,0,0,7.692307949066162,252008.07165527344,58122.28826904297,93666.1890258789,0.3956298828125,33572028416,0,849588224,0
1,1762416539585,3300,3301,800,3307,3304,3533,3301,3300,4,0,0,0,0,0,0,7.692307949066162,252008.07263183594,58122.293518066406,93666.19152832031,0.3956298828125,33572028416,0,849588224,0
1,1762416539586,3300,3301,800,3307,3304,3533,3301,3300,4,0,0,0,0,0,0,7.692307949066162,252008.0736694336,58122.29913330078,93666.19396972656,0.3956298828125,33572028416,0,849588224,0
0,1762416539587,3300,3301,800,3307,3304,3533,3301,3300,4,0,0,0,0,0,0,7.692307949066162,252008.0746459961,58122.30438232422,93666.19659423828,0.3956298828125,33572028416,0,849588224,0
1,1762416539588,3300,3301,800,3307,3304,3533,3301,3300,4,0,0,0,0,0,0,7.692307949066162,252008.07568359375,58122.30993652344,93666.19854736328,0.3956298828125,33572028416,0,849588224,0
1,1762416539589,3300,3301,800,3307,3304,3533,3301,3300,4,0,0,0,0,0,0,7.692307949066162,252008.07666015625,58122.314880371094,93666.20043945313,0.3956298828125,33572028416,0,849588224,0
1,1762416539590,3300,3301,800,3307,3304,3533,3301,3300,4,0,0,0,0,0,0,7.692307949066162,252008.0776977539,58122.32000732422,93666.20281982422,0.3956298828125,33572028416,0,849588224,0
1,1762416539591,3300,3301,800,3307,3304,3533,3301,3300,4,0,0,0,0,0,0,7.692307949066162,252008.0786743164,58122.32482910156,93666.20434570313,0.3956298828125,33572028416,0,849588224,0
0,1762416539592,3300,3301,800,3307,3304,3533,3301,3300,4,0,0,0,0,0,0,7.692307949066162,252008.0806274414,58122.33386230469,93666.20617675781,0.3956298828125,33572028416,0,849588224,0
0,1762416539594,3300,3301,800,3307,3304,3533,3301,3300,4,0,0,0,0,0,0,7.692307949066162,252008.08166503906,58122.33856201172,93666.20764160156,0.3956298828125,33572028416,0,849588224,0
0,1762416539595,3300,3301,800,3307,3304,3533,3301,3300,4,0,0,0,0,0,0,7.692307949066162,252008.08264160156,58122.34307861328,93666.20892333984,0.3956298828125,33572028416,0,849588224,0
1,1762416539596,3300,3301,800,3307,3304,3533,3301,3300,4,0,0,0,0,0,0,7.692307949066162,252008.08361816406,58122.34729003906,93666.21026611328,0.3956298828125,33572028416,0,849588224,0
1,1762416539597,3300,3301,800,3307,3304,3533,3301,3300,4,0,0,0,0,0,0,7.692307949066162,252008.08459472656,58122.35168457031,93666.21154785156,0.3956298828125,33572028416,0,849588224,0
1,1762416539598,3300,3301,800,3307,3304,3533,3301,3300,4,0,0,0,0,0,0,7.692307949066162,252008.08563232422,58122.356018066406,93666.21264648438,0.3956298828125,33572028416,0,849588224,0
1,1762416539599,3300,3301,800,3307,3304,3533,3301,3300,4,0,0,0,0,0,0,7.692307949066162,252008.08660888672,58122.3603515625,93666.21398925781,0.3956298828125,33572028416,0,849588224,0
1,1762416539600,3300,3301,800,3307,3304,3533,3301,3300,4,0,0,0,0,0,0,7.692307949066162,252008.08758544922,58122.36486816406,93666.2152709961,0.3956298828125,33572028416,0,849588224,0
1,1762416539601,3300,3301,800,3307,3304,3533,3301,3300,4,0,0,0,0,0,0,7.692307949066162,252008.08862304688,58122.36932373047,93666.21704101563,0.3956298828125,33572028416,0,849588224,0
1,1762416539602,3300,3301,800,3307,3304,3533,3301,3300,4,0,0,0,0,0,0,7.692307949066162,252008.08959960938,58122.373962402344,93666.21850585938,0.3956298828125,33572028416,0,849588224,0
1,1762416539603,3300,3301,800,3307,3304,3533,3301,3300,4,0,0,0,0,0,0,7.692307949066162,252008.09155273438,58122.38262939453,93666.21990966797,0.3956298828125,33572028416,0,849588224,0
0,1762416539605,3300,3301,800,3307,3304,3533,3301,3300,4,0,0,0,0,0,0,7.692307949066162,252008.09259033203,58122.38702392578,93666.22149658203,0.3956298828125,33572028416,0,849588224,0
0,1762416539606,3300,3301,800,3307,3304,3533,3301,3300,4,0,0,0,0,0,0,7.692307949066162,252008.09356689453,58122.39141845703,93666.22265625,0.3956298828125,33572028416,0,849588224,0
1,1762416539607,3300,3301,800,3307,3304,3533,3301,3300,4,0,0,0,0,0,0,7.692307949066162,252008.09454345703,58122.39569091797,93666.22399902344,0.3956298828125,33572028416,0,849588224,0
1,1762416539608,3300,3301,800,3307,3304,3533,3301,3300,4,0,0,0,0,0,0,7.692307949066162,252008.09552001953,58122.40020751953,93666.22534179688,0.3956298828125,33572028416,0,849846272,0
1,1762416539609,3300,3301,800,3307,3304,3533,3301,3300,4,0,0,0,0,0,0,7.692307949066162,252008.09649658203,58122.40460205078,93666.22680664063,0.3956298828125,33572028416,0,849846272,0
1,1762416539610,3300,3301,800,3307,3304,3533,3301,3300,4,0,0,0,0,0,0,7.692307949066162,252008.09747314453,58122.4091796875,93666.228515625,0.3956298828125,33572028416,0,849846272,0
1,1762416539611,3300,3301,800,3307,3304,3533,3301,3300,4,0,0,0,0,0,0,7.692307949066162,252008.0985107422,58122.41387939453,93666.22998046875,0.3956298828125,33572028416,0,849846272,0
1,1762416539612,3300,3301,800,3307,3304,3533,3301,3300,4,0,0,0,0,0,0,7.692307949066162,252008.0994873047,58122.41845703125,93666.2314453125,0.3956298828125,33572028416,0,849846272,0
1,1762416539613,3300,3301,800,3307,3304,3533,3301,3300,4,0,0,0,0,0,0,7.692307949066162,252008.1014404297,58122.427001953125,93666.2328491211,0.3956298828125,33572028416,0,849846272,0
0,1762416539615,3300,3301,800,3307,3304,3533,3301,3300,4,0,0,0,0,0,0,7.692307949066162,252008.10247802734,58122.431396484375,93666.234375,0.3956298828125,33572028416,0,849846272,0
0,1762416539616,3300,3301,800,3307,3304,3533,3301,3300,4,0,0,0,0,0,0,7.692307949066162,252008.10345458984,58122.435791015625,93666.23565673828,0.3956298828125,33572028416,0,849846272,0
1,1762416539617,3300,3301,800,3307,3304,3533,3301,3300,4,0,0,0,0,0,0,7.692307949066162,252008.10443115234,58122.440185546875,93666.23706054688,0.3956298828125,33572028416,0,849846272,0
1,1762416539618,3300,3301,800,3307,3304,3533,3301,3300,4,0,0,0,0,0,0,7.692307949066162,252008.10546875,58122.444763183594,93666.23840332031,0.3956298828125,33572028416,0,849846272,0
1,1762416539619,3300,3301,800,3307,3304,3533,3301,3300,4,0,0,0,0,0,0,7.692307949066162,252008.1064453125,58122.44909667969,93666.23974609375,0.3956298828125,33572028416,0,849846272,0
1,1762416539620,3300,3301,800,3307,3304,3533,3301,3300,4,0,0,0,0,0,0,7.692307949066162,252008.10748291016,58122.45361328125,93666.24108886719,0.3956298828125,33572028416,0,849846272,0
1,1762416539621,3300,3301,800,3307,3304,3533,3301,3300,4,0,0,0,0,0,0,7.692307949066162,252008.10845947266,58122.458068847656,93666.24243164063,0.3956298828125,33572028416,0,849846272,0
1,1762416539622,3300,3301,800,3307,3304,3533,3301,3300,4,0,0,0,0,0,0,7.692307949066162,252008.10943603516,58122.462463378906,93666.24383544922,0.3956298828125,33572028416,0,849846272,0
1,1762416539623,3300,3301,800,3307,3304,3533,3301,3300,4,0,0,0,0,0,0,7.692307949066162,252008.1104736328,58122.46691894531,93666.24523925781,0.3956298828125,33572028416,0,849846272,0
0,1762416539624,3300,3301,800,3307,3304,3533,3301,3300,4,0,0,0,0,0,0,7.692307949066162,252008.11236572266,58122.475158691406,93666.24639892578,0.3956298828125,33572028416,0,849846272,0
0,1762416539626,3300,3301,800,3307,3304,3533,3301,3300,4,0,0,0,0,0,0,7.692307949066162,252008.1134033203,58122.479553222656,93666.24768066406,0.3956298828125,33572028416,0,849846272,0
0,1762416539627,3300,3301,800,3307,3304,3533,3301,3300,4,0,0,0,0,0,0,7.692307949066162,252008.1143798828,58122.483947753906,93666.24890136719,0.3956298828125,33572028416,0,849846272,0
1,1762416539628,3300,3301,800,3307,3304,3533,3301,3300,4,0,0,0,0,0,0,7.692307949066162,252008.1153564453,58122.48809814453,93666.25012207031,0.3956298828125,33572028416,0,849846272,0
1,1762416539629,3300,3301,800,3307,3304,3533,3301,3300,4,0,0,0,0,0,0,7.692307949066162,252008.1163330078,58122.49255371094,93666.25158691406,0.3956298828125,33572028416,0,849846272,0
1,1762416539630,3300,3301,800,3307,3304,3533,3301,3300,4,0,0,0,0,0,0,7.692307949066162,252008.11737060547,58122.497131347656,93666.25286865234,0.3956298828125,33572028416,0,849846272,0
1,1762416539631,3300,3301,800,3307,3304,3533,3301,3300,4,0,0,0,0,0,0,7.692307949066162,252008.11834716797,58122.50158691406,93666.25463867188,0.3956298828125,33572028416,0,849846272,0
1,1762416539632,3300,3301,800,3307,3304,3533,3301,3300,4,0,0,0,0,0,0,7.692307949066162,252008.11932373047,58122.50622558594,93666.25604248047,0.3956298828125,33572028416,0,849846272,0
1,1762416539633,3300,3301,800,3307,3304,3533,3301,3300,4,0,0,0,0,0,0,7.692307949066162,252008.12036132813,58122.510803222656,93666.2573852539,0.3956298828125,33572028416,0,849846272,0
1,1762416539634,3300,3301,800,3307,3304,3533,3301,3300,4,0,0,0,0,0,0,7.692307949066162,252008.12231445313,58122.51922607422,93666.25891113281,0.3956298828125,33572028416,0,849846272,0
0,1762416539635,3300,3301,800,3307,3304,3533,3301,3300,4,0,0,0,0,0,0,7.692307949066162,252008.12329101563,58122.52355957031,93666.2603149414,0.3956298828125,33572028416,0,849846272,0
0,1762416539637,3300,3301,800,3307,3304,3533,3301,3300,4,0,0,0,0,0,0,7.692307949066162,252008.12426757813,58122.52801513672,93666.26177978516,0.3956298828125,33572028416,0,849846272,0
0,1762416539638,3300,3301,800,3307,3304,3533,3301,3300,4,0,0,0,0,0,0,7.692307949066162,252008.12530517578,58122.53253173828,93666.2631225586,0.3956298828125,33572028416,0,849846272,0
1,1762416539639,3300,3301,800,3307,3304,3533,3301,3300,4,0,0,0,0,0,0,7.692307949066162,252008.12628173828,58122.53698730469,93666.26446533203,0.3956298828125,33572028416,0,849846272,0
1,1762416539640,3300,3301,800,3307,3304,3533,3301,3300,4,0,0,0,0,0,0,7.692307949066162,252008.12731933594,58122.54138183594,93666.26568603516,0.3956298828125,33572028416,0,849846272,0
1,1762416539641,3300,3301,800,3307,3304,3533,3301,3300,4,0,0,0,0,0,0,7.692307949066162,252008.12823486328,58122.54559326172,93666.26690673828,0.3956298828125,33572028416,0,849846272,0
1,1762416539642,3300,3301,800,3307,3304,3533,3301,3300,4,0,0,0,0,0,0,7.692307949066162,252008.12927246094,58122.550048828125,93666.26831054688,0.3956298828125,33572028416,0,849846272,0
1,1762416539643,3300,3301,800,3307,3304,3533,3301,3300,4,0,0,0,0,0,0,7.692307949066162,252008.13024902344,58122.55456542969,93666.26983642578,0.3956298828125,33572028416,0,849846272,0
1,1762416539644,3300,3301,800,3307,3304,3533,3301,3300,4,0,0,0,0,0,0,7.692307949066162,252008.1312866211,58122.55920410156,93666.27117919922,0.3956298828125,33572028416,0,849846272,0
1,1762416539645,3300,3301,800,3307,3304,3533,3301,3300,4,0,0,0,0,0,0,7.692307949066162,252008.1332397461,58122.56756591797,93666.27264404297,0.3956298828125,33572028416,0,849846272,0
0,1762416539646,3300,3301,800,3307,3304,3533,3301,3300,4,0,0,0,0,0,0,7.692307949066162,252008.1342163086,58122.571838378906,93666.27380371094,0.3956298828125,33572028416,0,849846272,0
0,1762416539648,3300,3301,800,3307,3304,3533,3301,3300,4,0,0,0,0,0,0,7.692307949066162,252008.1351928711,58122.576171875,93666.27508544922,0.3956298828125,33572028416,0,849846272,0
0,1762416539649,3300,3301,800,3307,3304,3533,3301,3300,4,0,0,0,0,0,0,7.692307949066162,252008.1361694336,58122.58044433594,93666.2763671875,0.3956298828125,33572028416,0,849846272,0
1,1762416539650,3300,3301,800,3307,3304,3533,3301,3300,4,0,0,0,0,0,0,7.692307949066162,252008.13720703125,58122.584716796875,93666.27746582031,0.3956298828125,33572028416,0,849846272,0
1,1762416539651,3300,3301,800,3307,3304,3533,3301,3300,4,0,0,0,0,0,0,7.692307949066162,252008.13818359375,58122.589111328125,93666.2788696289,0.3956298828125,33572028416,0,849846272,0
1,1762416539652,3300,3301,800,3307,3304,3533,3301,3300,4,0,0,0,0,0,0,7.692307949066162,252008.13916015625,58122.593505859375,93666.28039550781,0.3956298828125,33572028416,0,849846272,0
1,1762416539653,3300,3301,800,3307,3304,3533,3301,3300,4,0,0,0,0,0,0,7.692307949066162,252008.14013671875,58122.59826660156,93666.28173828125,0.3956298828125,33572028416,0,849846272,0
1,1762416539654,3300,3301,800,3307,3304,3533,3301,3300,4,0,0,0,0,0,0,7.692307949066162,252008.1411743164,58122.602783203125,93666.28326416016,0.3956298828125,33572028416,0,849846272,0
1,1762416539655,3300,3301,800,3307,3304,3533,3301,3300,4,0,0,0,0,0,0,7.692307949066162,252008.1421508789,58122.60723876953,93666.28466796875,0.3956298828125,33572028416,0,849846272,0
1,1762416539656,3300,3301,800,3307,3304,3533,3301,3300,4,0,0,0,0,0,0,7.692307949066162,252008.1441040039,58122.61584472656,93666.28625488281,0.3956298828125,33572028416,0,849846272,0
0,1762416539657,3300,3301,800,3307,3304,3533,3301,3300,4,0,0,0,0,0,0,7.692307949066162,252008.1450805664,58122.620178222656,93666.28759765625,0.3956298828125,33572028416,0,849846272,0
0,1762416539659,3300,3301,800,3307,3304,3533,3301,3300,4,0,0,0,0,0,0,7.692307949066162,252008.14611816406,58122.62451171875,93666.28887939453,0.3956298828125,33572028416,0,849846272,0
0,1762416539660,3300,3301,800,3307,3304,3533,3301,3300,4,0,0,0,0,0,0,7.692307949066162,252008.14709472656,58122.628967285156,93666.29022216797,0.3956298828125,33572028416,0,849846272,0
0,1762416539661,3300,3301,800,3307,3304,3533,3301,3300,4,0,0,0,0,0,0,7.692307949066162,252008.14807128906,58122.63317871094,93666.29150390625,0.3956298828125,33572028416,0,849846272,0
1,1762416539662,3300,3301,800,3307,3304,3533,3301,3300,4,0,0,0,0,0,0,7.692307949066162,252008.14904785156,58122.63757324219,93666.29272460938,0.3956298828125,33572028416,0,849846272,0
0,1762416539663,3300,3301,800,3307,3304,3533,3301,3300,4,0,0,0,0,0,0,7.692307949066162,252008.15008544922,58122.64208984375,93666.29400634766,0.3956298828125,33572028416,0,849846272,0
1,1762416539664,3300,3301,800,3307,3304,3533,3301,3300,4,0,0,0,0,0,0,7.692307949066162,252008.15106201172,58122.646545410156,93666.29541015625,0.3956298828125,33572028416,0,849846272,0
1,1762416539665,3300,3301,800,3307,3304,3533,3301,3300,4,0,0,0,0,0,0,7.692307949066162,252008.15203857422,58122.65106201172,93666.296875,0.3956298828125,33572028416,0,849846272,0
1,1762416539666,3300,3301,800,3307,3304,3533,3301,3300,4,0,0,0,0,0,0,7.692307949066162,252008.15307617188,58122.65557861328,93666.29815673828,0.3956298828125,33572028416,0,849846272,0
1,1762416539667,3300,3301,800,3307,3304,3533,3301,3300,10.526315689086914,20,0,0,0,0,0,0,252008.15502929688,58122.663818359375,93666.29968261719,0.3956298828125,33572028416,0,849846272,0
0,1762416539669,3300,3301,800,3307,3304,3533,3301,3300,10.526315689086914,20,0,0,0,0,0,0,252008.15600585938,58122.66827392578,93666.30102539063,0.3956298828125,33572028416,0,849846272,0
0,1762416539670,3300,3301,800,3307,3304,3533,3301,3300,10.526315689086914,20,0,0,0,0,0,0,252008.15704345703,58122.67272949219,93666.30224609375,0.3956298828125,33572028416,0,849846272,0
0,1762416539671,3300,3301,800,3307,3304,3533,3301,3300,10.526315689086914,20,0,0,0,0,0,0,252008.15795898438,58122.67687988281,93666.30346679688,0.3956298828125,33572028416,0,849846272,0
1,1762416539672,3300,3301,800,3307,3304,3533,3301,3300,10.526315689086914,20,0,0,0,0,0,0,252008.15899658203,58122.681396484375,93666.30474853516,0.3956298828125,33572028416,0,849846272,0
1,1762416539673,3300,3301,800,3307,3304,3533,3301,3300,10.526315689086914,20,0,0,0,0,0,0,252008.15997314453,58122.68572998047,93666.30627441406,0.3956298828125,33572028416,0,849846272,0
1,1762416539674,3300,3301,800,3307,3304,3533,3301,3300,10.526315689086914,20,0,0,0,0,0,0,252008.16094970703,58122.69030761719,93666.3080444336,0.3956298828125,33572028416,0,849846272,0
1,1762416539675,3300,3301,800,3307,3304,3533,3301,3300,10.526315689086914,20,0,0,0,0,0,0,252008.1619873047,58122.695068359375,93666.30926513672,0.3956298828125,33572028416,0,849846272,0
1,1762416539676,3300,3301,800,3307,3304,3533,3301,3300,10.526315689086914,20,0,0,0,0,0,0,252008.1629638672,58122.69952392578,93666.31079101563,0.3956298828125,33572028416,0,849846272,0
1,1762416539677,3300,3301,800,3307,3304,3533,3301,3300,10.526315689086914,20,0,0,0,0,0,0,252008.1639404297,58122.703857421875,93666.31213378906,0.3956298828125,33572028416,0,849846272,0
1,1762416539678,3300,3301,800,3307,3304,3533,3301,3300,10.526315689086914,20,0,0,0,0,0,0,252008.16595458984,58122.71270751953,93666.31359863281,0.3956298828125,33572028416,0,849846272,0
0,1762416539679,3300,3301,800,3307,3304,3533,3301,3300,10.526315689086914,20,0,0,0,0,0,0,252008.16693115234,58122.716857910156,93666.31494140625,0.3956298828125,33572028416,0,849846272,0
0,1762416539681,3300,3301,800,3307,3304,3533,3301,3300,10.526315689086914,20,0,0,0,0,0,0,252008.16790771484,58122.72119140625,93666.31622314453,0.3956298828125,33572028416,0,849846272,0
0,1762416539682,3300,3301,800,3307,3304,3533,3301,3300,10.526315689086914,20,0,0,0,0,0,0,252008.16888427734,58122.72540283203,93666.3173828125,0.3956298828125,33572028416,0,849846272,0
1,1762416539683,3300,3301,800,3307,3304,3533,3301,3300,10.526315689086914,20,0,0,0,0,0,0,252008.16986083984,58122.729736328125,93666.31854248047,0.3956298828125,33572028416,0,849846272,0
1,1762416539684,3300,3301,800,3307,3304,3533,3301,3300,10.526315689086914,20,0,0,0,0,0,0,252008.1708984375,58122.734130859375,93666.32000732422,0.3956298828125,33572028416,0,849846272,0
1,1762416539685,3300,3301,800,3307,3304,3533,3301,3300,10.526315689086914,20,0,0,0,0,0,0,252008.171875,58122.73846435547,93666.32116699219,0.3956298828125,33572028416,0,849846272,0
1,1762416539686,3300,3301,800,3307,3304,3533,3301,3300,10.526315689086914,20,0,0,0,0,0,0,252008.17291259766,58122.743103027344,93666.32275390625,0.3956298828125,33572028416,0,849846272,0
1,1762416539687,3300,3301,800,3307,3304,3533,3301,3300,10.526315689086914,20,0,0,0,0,0,0,252008.17388916016,58122.74755859375,93666.32409667969,0.3956298828125,33572028416,0,849846272,0
1,1762416539688,3300,3301,800,3307,3304,3533,3301,3300,10.526315689086914,20,0,0,0,0,0,0,252008.1748046875,58122.75183105469,93666.32543945313,0.3956298828125,33572028416,0,849846272,0
1,1762416539689,3300,3301,800,3307,3304,3533,3301,3300,10.526315689086914,20,0,0,0,0,0,0,252008.17681884766,58122.76043701172,93666.32684326172,0.3956298828125,33572028416,0,849846272,0
0,1762416539690,3300,3301,800,3307,3304,3533,3301,3300,10.526315689086914,20,0,0,0,0,0,0,252008.1778564453,58122.7646484375,93666.32794189453,0.3956298828125,33572028416,0,849846272,0
0,1762416539692,3300,3301,800,3307,3304,3533,3301,3300,10.526315689086914,20,0,0,0,0,0,0,252008.1788330078,58122.76892089844,93666.32916259766,0.3956298828125,33572028416,0,849846272,0
0,1762416539693,3300,3301,800,3307,3304,3533,3301,3300,10.526315689086914,20,0,0,0,0,0,0,252008.1798095703,58122.77307128906,93666.33044433594,0.3956298828125,33572028416,0,849846272,0
1,1762416539694,3300,3301,800,3307,3304,3533,3301,3300,10.526315689086914,20,0,0,0,0,0,0,252008.1807861328,58122.77746582031,93666.33178710938,0.3956298828125,33572028416,0,849846272,0
1,1762416539695,3300,3301,800,3307,3304,3533,3301,3300,10.526315689086914,20,0,0,0,0,0,0,252008.18182373047,58122.781982421875,93666.33331298828,0.3956298828125,33572028416,0,849846272,0
1,1762416539696,3300,3301,800,3307,3304,3533,3301,3300,10.526315689086914,20,0,0,0,0,0,0,252008.18280029297,58122.786560058594,93666.33465576172,0.3956298828125,33572028416,0,849846272,0
1,1762416539697,3300,3301,800,3307,3304,3533,3301,3300,10.526315689086914,20,0,0,0,0,0,0,252008.18377685547,58122.791015625,93666.33605957031,0.3956298828125,33572028416,0,849846272,0
1,1762416539698,3300,3301,800,3307,3304,3533,3301,3300,10.526315689086914,20,0,0,0,0,0,0,252008.18475341797,58122.79553222656,93666.3374633789,0.3956298828125,33572028416,0,849846272,0
1,1762416539699,3300,3301,800,3307,3304,3533,3301,3300,10.526315689086914,20,0,0,0,0,0,0,252008.18572998047,58122.79992675781,93666.3388671875,0.3956298828125,33572028416,0,849846272,0
1,1762416539700,3300,3301,800,3307,3304,3533,3301,3300,10.526315689086914,20,0,0,0,0,0,0,252008.18774414063,58122.80877685547,93666.3403930664,0.3956298828125,33572028416,0,849846272,0
0,1762416539701,3300,3301,800,3307,3304,3533,3301,3300,10.526315689086914,20,0,0,0,0,0,0,252008.18872070313,58122.81286621094,93666.34167480469,0.3956298828125,33572028416,0,849846272,0
0,1762416539703,3300,3301,800,3307,3304,3533,3301,3300,10.526315689086914,20,0,0,0,0,0,0,252008.18969726563,58122.81719970703,93666.34295654297,0.3956298828125,33572028416,0,849846272,0
0,1762416539704,3300,3301,800,3307,3304,3533,3301,3300,10.526315689086914,20,0,0,0,0,0,0,252008.19067382813,58122.82147216797,93666.3441772461,0.3956298828125,33572028416,0,849846272,0
1,1762416539705,3300,3301,800,3307,3304,3533,3301,3300,10.526315689086914,20,0,0,0,0,0,0,252008.19165039063,58122.825744628906,93666.3452758789,0.3956298828125,33572028416,0,849846272,0
1,1762416539706,3300,3301,800,3307,3304,3533,3301,3300,10.526315689086914,20,0,0,0,0,0,0,252008.19268798828,58122.83026123047,93666.34674072266,0.3956298828125,33572028416,0,849846272,0
1,1762416539707,3300,3301,800,3307,3304,3533,3301,3300,10.526315689086914,20,0,0,0,0,0,0,252008.19366455078,58122.834716796875,93666.3480834961,0.3956298828125,33572028416,0,849846272,0
1,1762416539708,3300,3301,800,3307,3304,3533,3301,3300,10.526315689086914,20,0,0,0,0,0,0,252008.19470214844,58122.839294433594,93666.34985351563,0.3956298828125,33572028416,0,849846272,0
1,1762416539709,3300,3301,800,3307,3304,3533,3301,3300,10.526315689086914,20,0,0,0,0,0,0,252008.19567871094,58122.84405517578,93666.3511352539,0.3956298828125,33572028416,0,849846272,0
1,1762416539710,3300,3301,800,3307,3304,3533,3301,3300,10.526315689086914,20,0,0,0,0,0,0,252008.19665527344,58122.848388671875,93666.35247802734,0.3956298828125,33572028416,0,849846272,0
1,1762416539711,3300,3301,800,3307,3304,3533,3301,3300,10.526315689086914,20,0,0,0,0,0,0,252008.19860839844,58122.85662841797,93666.35357666016,0.3956298828125,33572028416,0,849846272,0
0,1762416539712,3300,3301,800,3307,3304,3533,3301,3300,10.526315689086914,20,0,0,0,0,0,0,252008.19958496094,58122.860900878906,93666.3550415039,0.3956298828125,33572028416,0,849846272,0
0,1762416539714,3300,3301,800,3307,3304,3533,3301,3300,10.526315689086914,20,0,0,0,0,0,0,252008.2006225586,58122.86535644531,93666.35626220703,0.3956298828125,33572028416,0,849846272,0
0,1762416539715,3300,3301,800,3307,3304,3533,3301,3300,10.526315689086914,20,0,0,0,0,0,0,252008.2015991211,58122.86962890625,93666.35760498047,0.3956298828125,33572028416,0,849846272,0
1,1762416539716,3300,3301,800,3307,3304,3533,3301,3300,10.526315689086914,20,0,0,0,0,0,0,252008.2025756836,58122.873962402344,93666.35900878906,0.3956298828125,33572028416,0,849846272,0
1,1762416539717,3300,3301,800,3307,3304,3533,3301,3300,10.526315689086914,20,0,0,0,0,0,0,252008.20361328125,58122.87860107422,93666.3607788086,0.3956298828125,33572028416,0,849846272,0
1,1762416539718,3300,3301,800,3307,3304,3533,3301,3300,10.526315689086914,20,0,0,0,0,0,0,252008.2045288086,58122.883239746094,93666.36199951172,0.3956298828125,33572028416,0,849846272,0
1,1762416539719,3300,3301,800,3307,3304,3533,3301,3300,10.526315689086914,20,0,0,0,0,0,0,252008.20556640625,58122.8876953125,93666.36334228516,0.3956298828125,33572028416,0,849846272,0
1,1762416539720,3300,3301,800,3307,3304,3533,3301,3300,10.526315689086914,20,0,0,0,0,0,0,252008.20654296875,58122.89221191406,93666.36486816406,0.3956298828125,33572028416,0,849846272,0
1,1762416539721,3300,3301,800,3307,3304,3533,3301,3300,10.526315689086914,20,0,0,0,0,0,0,252008.20751953125,58122.89666748047,93666.36614990234,0.3956298828125,33572028416,0,849846272,0
1,1762416539722,3300,3301,800,3307,3304,3533,3301,3300,10.526315689086914,20,0,0,0,0,0,0,252008.2095336914,58122.90106201172,93666.36743164063,0.3956298828125,33572028416,0,849846272,0
0,1762416539723,3300,3301,800,3307,3304,3533,3301,3300,10.526315689086914,20,0,0,0,0,0,0,252008.2105102539,58122.909118652344,93666.36865234375,0.3956298828125,33572028416,0,849846272,0
0,1762416539725,3300,3301,800,3307,3304,3533,3301,3300,10.526315689086914,20,0,0,0,0,0,0,252008.2114868164,58122.91345214844,93666.36993408203,0.3956298828125,33572028416,0,849846272,0
0,1762416539726,3300,3301,800,3307,3304,3533,3301,3300,10.526315689086914,20,0,0,0,0,0,0,252008.21252441406,58122.91784667969,93666.37103271484,0.3956298828125,33572028416,0,849846272,0
1,1762416539727,3300,3301,800,3307,3304,3533,3301,3300,10.526315689086914,20,0,0,0,0,0,0,252008.2134399414,58122.92205810547,93666.37231445313,0.3956298828125,33572028416,0,849846272,0
1,1762416539728,3300,3301,800,3307,3304,3533,3301,3300,10.526315689086914,20,0,0,0,0,0,0,252008.21447753906,58122.92663574219,93666.37384033203,0.3956298828125,33572028416,0,849846272,0
1,1762416539729,3300,3301,800,3307,3304,3533,3301,3300,10.526315689086914,20,0,0,0,0,0,0,252008.21545410156,58122.93127441406,93666.37536621094,0.3956298828125,33572028416,0,849846272,0
1,1762416539730,3300,3301,800,3307,3304,3533,3301,3300,10.526315689086914,20,0,0,0,0,0,0,252008.21649169922,58122.93591308594,93666.37689208984,0.3956298828125,33572028416,0,849846272,0
1,1762416539731,3300,3301,800,3307,3304,3533,3301,3300,10.526315689086914,20,0,0,0,0,0,0,252008.21746826172,58122.940490722656,93666.37817382813,0.3956298828125,33572028416,0,849846272,0
1,1762416539732,3300,3301,800,3307,3304,3533,3301,3300,10.526315689086914,20,0,0,0,0,0,0,252008.21844482422,58122.94470214844,93666.3794555664,0.3956298828125,33572028416,0,849846272,0
1,1762416539733,3300,3301,800,3307,3304,3533,3301,3300,10.526315689086914,20,0,0,0,0,0,0,252008.22045898438,58122.95324707031,93666.38073730469,0.3956298828125,33572028416,0,849846272,0
0,1762416539734,3300,3301,800,3307,3304,3533,3301,3300,10.526315689086914,20,0,0,0,0,0,0,252008.22143554688,58122.95751953125,93666.38208007813,0.3956298828125,33572028416,0,849846272,0
0,1762416539736,3300,3301,800,3307,3304,3533,3301,3300,10.526315689086914,20,0,0,0,0,0,0,252008.22241210938,58122.961853027344,93666.38330078125,0.3956298828125,33572028416,0,849846272,0
0,1762416539737,3300,3301,800,3307,3304,3533,3301,3300,10.526315689086914,20,0,0,0,0,0,0,252008.22338867188,58122.96612548828,93666.38488769531,0.3956298828125,33572028416,0,849846272,0
1,1762416539738,3300,3301,800,3307,3304,3533,3301,3300,10.526315689086914,20,0,0,0,0,0,0,252008.22436523438,58122.970642089844,93666.38647460938,0.3956298828125,33572028416,0,849846272,0
1,1762416539739,3300,3301,800,3307,3304,3533,3301,3300,10.526315689086914,20,0,0,0,0,0,0,252008.22540283203,58122.97540283203,93666.38781738281,0.3956298828125,33572028416,0,849846272,0
1,1762416539740,3300,3301,800,3307,3304,3533,3301,3300,10.526315689086914,20,0,0,0,0,0,0,252008.22637939453,58122.97979736328,93666.38903808594,0.3956298828125,33572028416,0,849846272,0
1,1762416539741,3300,3301,800,3307,3304,3533,3301,3300,10.526315689086914,20,0,0,0,0,0,0,252008.22735595703,58122.98425292969,93666.390625,0.3956298828125,33572028416,0,849846272,0
1,1762416539742,3300,3301,800,3307,3304,3533,3301,3300,10.526315689086914,20,0,0,0,0,0,0,252008.22833251953,58122.988830566406,93666.39196777344,0.3956298828125,33572028416,0,849846272,0
1,1762416539743,3300,3301,800,3307,3304,3533,3301,3300,10.526315689086914,20,0,0,0,0,0,0,252008.22930908203,58122.9931640625,93666.39331054688,0.3956298828125,33572028416,0,849846272,0
1,1762416539744,3300,3301,800,3307,3304,3533,3301,3300,10.526315689086914,20,0,0,0,0,0,0,252008.2313232422,58123.001708984375,93666.39477539063,0.3956298828125,33572028416,0,849846272,0
0,1762416539745,3300,3301,800,3307,3304,3533,3301,3300,10.526315689086914,20,0,0,0,0,0,0,252008.2322998047,58123.00598144531,93666.39599609375,0.3956298828125,33572028416,0,849846272,0
0,1762416539747,3300,3301,800,3307,3304,3533,3301,3300,10.526315689086914,20,0,0,0,0,0,0,252008.2332763672,58123.010192871094,93666.39721679688,0.3956298828125,33572028416,0,849846272,0
0,1762416539748,3300,3301,800,3307,3304,3533,3301,3300,10.526315689086914,20,0,0,0,0,0,0,252008.2342529297,58123.01452636719,93666.3984375,0.3956298828125,33572028416,0,849846272,0
1,1762416539749,3300,3301,800,3307,3304,3533,3301,3300,10.526315689086914,20,0,0,0,0,0,0,252008.23529052734,58123.01904296875,93666.39971923828,0.3956298828125,33572028416,0,849846272,0
1,1762416539750,3300,3301,800,3307,3304,3533,3301,3300,10.526315689086914,20,0,0,0,0,0,0,252008.23626708984,58123.0234375,93666.40124511719,0.3956298828125,33572028416,0,849846272,0
1,1762416539751,3300,3301,800,3307,3304,3533,3301,3300,10.526315689086914,20,0,0,0,0,0,0,252008.23724365234,58123.028076171875,93666.40295410156,0.3956298828125,33572028416,0,849846272,0
1,1762416539752,3300,3301,800,3307,3304,3533,3301,3300,10.526315689086914,20,0,0,0,0,0,0,252008.23828125,58123.03283691406,93666.40447998047,0.3956298828125,33572028416,0,849846272,0
1,1762416539753,3300,3301,800,3307,3304,3533,3301,3300,10.526315689086914,20,0,0,0,0,0,0,252008.2392578125,58123.03747558594,93666.4058227539,0.3956298828125,33572028416,0,849846272,0
1,1762416539754,3300,3301,800,3307,3304,3533,3301,3300,10.526315689086914,20,0,0,0,0,0,0,252008.240234375,58123.041931152344,93666.40716552734,0.3956298828125,33572028416,0,849846272,0
1,1762416539755,3300,3301,800,3307,3304,3533,3301,3300,10.526315689086914,20,0,0,0,0,0,0,252008.2421875,58123.04998779297,93666.40832519531,0.3956298828125,33572028416,0,849846272,0
0,1762416539756,3300,3301,800,3307,3304,3533,3301,3300,10.526315689086914,20,0,0,0,0,0,0,252008.2431640625,58123.05432128906,93666.40979003906,0.3956298828125,33572028416,0,849846272,0
0,1762416539758,3300,3301,800,3307,3304,3533,3301,3300,10.526315689086914,20,0,0,0,0,0,0,252008.24420166016,58123.05877685547,93666.41101074219,0.3956298828125,33572028416,0,849846272,0
0,1762416539759,3300,3301,800,3307,3304,3533,3301,3300,10.526315689086914,20,0,0,0,0,0,0,252008.24517822266,58123.06335449219,93666.4125366211,0.3956298828125,33572028416,0,849846272,0
1,1762416539760,3300,3301,800,3307,3304,3533,3301,3300,10.526315689086914,20,0,0,0,0,0,0,252008.24615478516,58123.067932128906,93666.41400146484,0.3956298828125,33572028416,0,849846272,0
1,1762416539761,3300,3301,800,3307,3304,3533,3301,3300,10.526315689086914,20,0,0,0,0,0,0,252008.2471923828,58123.07238769531,93666.41534423828,0.3956298828125,33572028416,0,849846272,0
1,1762416539762,3300,3301,800,3307,3304,3533,3301,3300,10.526315689086914,20,0,0,0,0,0,0,252008.2481689453,58123.07678222656,93666.41668701172,0.3956298828125,33572028416,0,849846272,0
1,1762416539763,3300,3301,800,3307,3304,3533,3301,3300,10.526315689086914,20,0,0,0,0,0,0,252008.2491455078,58123.08135986328,93666.41833496094,0.3956298828125,33572028416,0,849846272,0
1,1762416539764,3300,3301,800,3307,3304,3533,3301,3300,10.526315689086914,20,0,0,0,0,0,0,252008.2501220703,58123.085998535156,93666.41986083984,0.3956298828125,33572028416,0,849846272,0
1,1762416539765,3300,3301,800,3307,3304,3533,3301,3300,10.526315689086914,20,0,0,0,0,0,0,252008.25115966797,58123.09063720703,93666.42126464844,0.3956298828125,33572028416,0,849846272,0
1,1762416539766,3300,3301,800,3307,3304,3533,3301,3300,10.526315689086914,20,0,0,0,0,0,0,252008.25311279297,58123.09924316406,93666.42254638672,0.3956298828125,33572028416,0,849846272,0
0,1762416539767,3300,3301,800,3307,3304,3533,3301,3300,10.526315689086914,20,0,0,0,0,0,0,252008.25408935547,58123.10321044922,93666.42370605469,0.3956298828125,33572028416,0,849846272,0
0,1762416539769,3300,3301,800,3307,3304,3533,3301,3300,10.526315689086914,20,0,0,0,0,0,0,252008.25506591797,58123.10754394531,93666.42504882813,0.3956298828125,33572028416,0,849846272,0
0,1762416539770,3300,3301,800,3307,3304,3533,3301,3300,10.526315689086914,20,0,0,0,0,0,0,252008.25610351563,58123.11193847656,93666.4263305664,0.3956298828125,33572028416,0,849846272,0
1,1762416539771,3300,3301,800,3307,3304,3533,3301,3300,10.526315689086914,20,0,0,0,0,0,0,252008.25708007813,58123.116271972656,93666.42755126953,0.3956298828125,33572028416,0,849846272,0
1,1762416539772,3300,3301,800,3307,3304,3533,3301,3300,10.526315689086914,20,0,0,0,0,0,0,252008.25811767578,58123.120849609375,93666.4292602539,0.3956298828125,33572028416,0,849846272,0
1,1762416539773,3300,3301,800,3307,3304,3533,3301,3300,10.526315689086914,20,0,0,0,0,0,0,252008.25903320313,58123.12536621094,93666.43084716797,0.3956298828125,33572028416,0,849846272,0
1,1762416539774,3300,3301,800,3307,3304,3533,3301,3300,10.526315689086914,20,0,0,0,0,0,0,252008.26000976563,58123.13006591797,93666.43225097656,0.3956298828125,33572028416,0,849846272,0
1,1762416539775,3300,3301,800,3307,3304,3533,3301,3300,10.526315689086914,20,0,0,0,0,0,0,252008.26104736328,58123.134704589844,93666.43359375,0.3956298828125,33572028416,0,849846272,0
1,1762416539776,3300,3301,800,3307,3304,3533,3301,3300,10.526315689086914,20,0,0,0,0,0,0,252008.26202392578,58123.138916015625,93666.43487548828,0.3956298828125,33572028416,0,849846272,0
1,1762416539777,3300,3301,800,3307,3304,3533,3301,3300,10.526315689086914,20,0,0,0,0,0,0,252008.26403808594,58123.14727783203,93666.43591308594,0.3956298828125,33572028416,0,849846272,0
0,1762416539778,3300,3301,800,3307,3304,3533,3301,3300,10.526315689086914,20,0,0,0,0,0,0,252008.26501464844,58123.151611328125,93666.43743896484,0.3956298828125,33572028416,0,849846272,0
0,1762416539780,3300,3301,800,3307,3304,3533,3301,3300,10.526315689086914,20,0,0,0,0,0,0,252008.26599121094,58123.155822753906,93666.43878173828,0.3956298828125,33572028416,0,849846272,0
0,1762416539781,3300,3301,800,3307,3304,3533,3301,3300,10.526315689086914,20,0,0,0,0,0,0,252008.26696777344,58123.16046142578,93666.44024658203,0.3956298828125,33572028416,0,849846272,0
0,1762416539782,3300,3301,800,3307,3304,3533,3301,3300,10.526315689086914,20,0,0,0,0,0,0,252008.26794433594,58123.164794921875,93666.44140625,0.3956298828125,33572028416,0,849846272,0
1,1762416539783,3300,3301,800,3307,3304,3533,3301,3300,10.526315689086914,20,0,0,0,0,0,0,252008.2689819336,58123.169372558594,93666.44287109375,0.3956298828125,33572028416,0,849846272,0
1,1762416539784,3300,3301,800,3307,3304,3533,3301,3300,10.526315689086914,20,0,0,0,0,0,0,252008.27001953125,58123.174255371094,93666.44464111328,0.3956298828125,33572028416,0,849846272,0
1,1762416539785,3300,3301,800,3307,3304,3533,3301,3300,10.526315689086914,20,0,0,0,0,0,0,252008.27099609375,58123.178771972656,93666.44622802734,0.3956298828125,33572028416,0,849846272,0
1,1762416539786,3300,3301,800,3307,3304,3533,3301,3300,10.526315689086914,20,0,0,0,0,0,0,252008.27197265625,58123.183349609375,93666.44744873047,0.3956298828125,33572028416,0,849846272,0
1,1762416539787,3300,3301,800,3307,3304,3533,3301,3300,10.526315689086914,20,0,0,0,0,0,0,252008.27294921875,58123.18768310547,93666.44885253906,0.3956298828125,33572028416,0,849846272,0
1,1762416539788,3300,3301,800,3307,3304,3533,3301,3300,10.526315689086914,20,0,0,0,0,0,0,252008.2749633789,58123.19201660156,93666.45007324219,0.3956298828125,33572028416,0,849846272,0
0,1762416539789,3300,3301,800,3307,3304,3533,3301,3300,10.526315689086914,20,0,0,0,0,0,0,252008.2759399414,58123.20037841797,93666.45141601563,0.3956298828125,33572028416,0,849846272,0
0,1762416539791,3300,3301,800,3307,3304,3533,3301,3300,10.526315689086914,20,0,0,0,0,0,0,252008.2769165039,58123.20471191406,93666.4526977539,0.3956298828125,33572028416,0,849846272,0
0,1762416539792,3300,3301,800,3307,3304,3533,3301,3300,10.526315689086914,20,0,0,0,0,0,0,252008.27795410156,58123.20947265625,93666.45428466797,0.3956298828125,33572028416,0,849846272,0
1,1762416539793,3300,3301,800,3307,3304,3533,3301,3300,10.526315689086914,20,0,0,0,0,0,0,252008.2788696289,58123.213928222656,93666.45593261719,0.3956298828125,33572028416,0,849846272,0
1,1762416539794,3300,3301,800,3307,3304,3533,3301,3300,10.526315689086914,20,0,0,0,0,0,0,252008.27990722656,58123.21856689453,93666.45739746094,0.3956298828125,33572028416,0,849846272,0
1,1762416539795,3300,3301,800,3307,3304,3533,3301,3300,10.526315689086914,20,0,0,0,0,0,0,252008.28088378906,58123.22326660156,93666.45886230469,0.3956298828125,33572028416,0,849846272,0
1,1762416539796,3300,3301,800,3307,3304,3533,3301,3300,10.526315689086914,20,0,0,0,0,0,0,252008.28186035156,58123.227783203125,93666.46020507813,0.3956298828125,33572028416,0,849846272,0
1,1762416539797,3300,3301,800,3307,3304,3533,3301,3300,10.526315689086914,20,0,0,0,0,0,0,252008.28283691406,58123.232177734375,93666.46160888672,0.3956298828125,33572028416,0,849846272,0
1,1762416539798,3300,3301,800,3307,3304,3533,3301,3300,10.526315689086914,20,0,0,0,0,0,0,252008.28387451172,58123.236572265625,93666.46295166016,0.3956298828125,33572028416,0,849846272,0
1,1762416539799,3300,3301,800,3307,3304,3533,3301,3300,10.526315689086914,20,0,0,0,0,0,0,252008.28485107422,58123.240966796875,93666.46417236328,0.3956298828125,33572028416,0,849846272,0
0,1762416539800,3300,3301,800,3307,3304,3533,3301,3300,10.526315689086914,20,0,0,0,0,0,0,252008.28686523438,58123.24951171875,93666.4658203125,0.3956298828125,33572028416,0,849846272,0
0,1762416539802,3300,3301,800,3307,3304,3533,3301,3300,10.526315689086914,20,0,0,0,0,0,0,252008.28778076172,58123.25378417969,93666.4673461914,0.3956298828125,33572028416,0,849846272,0
0,1762416539803,3300,3301,800,3307,3304,3533,3301,3300,10.526315689086914,20,0,0,0,0,0,0,252008.28881835938,58123.25842285156,93666.46868896484,0.3956298828125,33572028416,0,849846272,0
1,1762416539804,3300,3301,800,3307,3304,3533,3301,3300,10.526315689086914,20,0,0,0,0,0,0,252008.28979492188,58123.26281738281,93666.46984863281,0.3956298828125,33572028416,0,849846272,0
1,1762416539805,3300,3301,800,3307,3304,3533,3301,3300,10.526315689086914,20,0,0,0,0,0,0,252008.29077148438,58123.267150878906,93666.4712524414,0.3956298828125,33572028416,0,849846272,0
1,1762416539806,3300,3301,800,3307,3304,3533,3301,3300,10.526315689086914,20,0,0,0,0,0,0,252008.29180908203,58123.271728515625,93666.47296142578,0.3956298828125,33572028416,0,849846272,0
1,1762416539807,3300,3301,800,3307,3304,3533,3301,3300,10.526315689086914,20,0,0,0,0,0,0,252008.29278564453,58123.27667236328,93666.47473144531,0.3956298828125,33572028416,0,849846272,0
1,1762416539808,3300,3301,800,3307,3304,3533,3301,3300,10.526315689086914,20,0,0,0,0,0,0,252008.29376220703,58123.281188964844,93666.47595214844,0.3956298828125,33572028416,0,849846272,0
1,1762416539809,3300,3301,800,3307,3304,3533,3301,3300,10.526315689086914,20,0,0,0,0,0,0,252008.2947998047,58123.285583496094,93666.47729492188,0.3956298828125,33572028416,0,849846272,0
1,1762416539810,3300,3301,800,3307,3304,3533,3301,3300,10.526315689086914,20,0,0,0,0,0,0,252008.2967529297,58123.293701171875,93666.47845458984,0.3956298828125,33572028416,0,849846272,0
0,1762416539811,3300,3301,800,3307,3304,3533,3301,3300,10.526315689086914,20,0,0,0,0,0,0,252008.2977294922,58123.29797363281,93666.47973632813,0.3956298828125,33572028416,0,849846272,0
0,1762416539813,3300,3301,800,3307,3304,3533,3301,3300,10.526315689086914,20,0,0,0,0,0,0,252008.2987060547,58123.30242919922,93666.4810180664,0.3956298828125,33572028416,0,849846272,0
0,1762416539814,3300,3301,800,3307,3304,3533,3301,3300,10.526315689086914,20,0,0,0,0,0,0,252008.2996826172,58123.30682373047,93666.48260498047,0.3956298828125,33572028416,0,849846272,0
1,1762416539815,3300,3301,800,3307,3304,3533,3301,3300,10.526315689086914,20,0,0,0,0,0,0,252008.30072021484,58123.311584472656,93666.48425292969,0.3956298828125,33572028416,0,849846272,0
1,1762416539816,3300,3301,800,3307,3304,3533,3301,3300,10.526315689086914,20,0,0,0,0,0,0,252008.30169677734,58123.31610107422,93666.48571777344,0.3956298828125,33572028416,0,849846272,0
1,1762416539817,3300,3301,800,3307,3304,3533,3301,3300,10.526315689086914,20,0,0,0,0,0,0,252008.30267333984,58123.320861816406,93666.48742675781,0.3956298828125,33572028416,0,849846272,0
1,1762416539818,3300,3301,800,3307,3304,3533,3301,3300,10.526315689086914,20,0,0,0,0,0,0,252008.30364990234,58123.325439453125,93666.48858642578,0.3956298828125,33572028416,0,849846272,0
1,1762416539819,3300,3301,800,3307,3304,3533,3301,3300,10.526315689086914,20,0,0,0,0,0,0,252008.30462646484,58123.32977294922,93666.48992919922,0.3956298828125,33572028416,0,849846272,0
1,1762416539820,3300,3301,800,3307,3304,3533,3301,3300,10.526315689086914,20,0,0,0,0,0,0,252008.3056640625,58123.33410644531,93666.49133300781,0.3956298828125,33572028416,0,849846272,0
1,1762416539821,3300,3301,800,3307,3304,3533,3301,3300,10.526315689086914,20,0,0,0,0,0,0,252008.3076171875,58123.342529296875,93666.49267578125,0.3956298828125,33572028416,0,849846272,0
0,1762416539822,3300,3301,800,3307,3304,3533,3301,3300,10.526315689086914,20,0,0,0,0,0,0,252008.30865478516,58123.347106933594,93666.49426269531,0.3956298828125,33572028416,0,849846272,0
0,1762416539824,3300,3301,800,3307,3304,3533,3301,3300,10.526315689086914,20,0,0,0,0,0,0,252008.30963134766,58123.35144042969,93666.4955444336,0.3956298828125,33572028416,0,849846272,0
0,1762416539825,3300,3301,800,3307,3304,3533,3301,3300,10.526315689086914,20,0,0,0,0,0,0,252008.31060791016,58123.35583496094,93666.49682617188,0.3956298828125,33572028416,0,849846272,0
1,1762416539826,3300,3301,800,3307,3304,3533,3301,3300,10.526315689086914,20,0,0,0,0,0,0,252008.31158447266,58123.36016845703,93666.49816894531,0.3956298828125,33572028416,0,849846272,0
1,1762416539827,3300,3301,800,3307,3304,3533,3301,3300,10.526315689086914,20,0,0,0,0,0,0,252008.31256103516,58123.36474609375,93666.49975585938,0.3956298828125,33572028416,0,849846272,0
1,1762416539828,3300,3301,800,3307,3304,3533,3301,3300,10.526315689086914,20,0,0,0,0,0,0,252008.31353759766,58123.36944580078,93666.5015258789,0.3956298828125,33572028416,0,849846272,0
1,1762416539829,3300,3301,800,3307,3304,3533,3301,3300,10.526315689086914,20,0,0,0,0,0,0,252008.3145751953,58123.37420654297,93666.50299072266,0.3956298828125,33572028416,0,849846272,0
1,1762416539830,3300,3301,800,3307,3304,3533,3301,3300,10.526315689086914,20,0,0,0,0,0,0,252008.3155517578,58123.378845214844,93666.50439453125,0.3956298828125,33572028416,0,849846272,0
1,1762416539831,3300,3301,800,3307,3304,3533,3301,3300,10.526315689086914,20,0,0,0,0,0,0,252008.3165283203,58123.383056640625,93666.50567626953,0.3956298828125,33572028416,0,849846272,0
1,1762416539832,3300,3301,800,3307,3304,3533,3301,3300,10.526315689086914,20,0,0,0,0,0,0,252008.31854248047,58123.3916015625,93666.5068359375,0.3956298828125,33572028416,0,849846272,0
0,1762416539833,3300,3301,800,3307,3304,3533,3301,3300,10.526315689086914,20,0,0,0,0,0,0,252008.31951904297,58123.39569091797,93666.50830078125,0.3956298828125,33572028416,0,849846272,0
0,1762416539835,3300,3301,800,3307,3304,3533,3301,3300,10.526315689086914,20,0,0,0,0,0,0,252008.32049560547,58123.40008544922,93666.50952148438,0.3956298828125,33572028416,0,849846272,0
0,1762416539836,3300,3301,800,3307,3304,3533,3301,3300,10.526315689086914,20,0,0,0,0,0,0,252008.32147216797,58123.40466308594,93666.51123046875,0.3956298828125,33572028416,0,849846272,0
1,1762416539837,3300,3301,800,3307,3304,3533,3301,3300,10.526315689086914,20,0,0,0,0,0,0,252008.32244873047,58123.409240722656,93666.51275634766,0.3956298828125,33572028416,0,849846272,0
1,1762416539838,3300,3301,800,3307,3304,3533,3301,3300,10.526315689086914,20,0,0,0,0,0,0,252008.32348632813,58123.41394042969,93666.51397705078,0.3956298828125,33572028416,0,849846272,0
1,1762416539839,3300,3301,800,3307,3304,3533,3301,3300,10.526315689086914,20,0,0,0,0,0,0,252008.32446289063,58123.41845703125,93666.51544189453,0.3956298828125,33572028416,0,849846272,0
1,1762416539840,3300,3301,800,3307,3304,3533,3301,3300,10.526315689086914,20,0,0,0,0,0,0,252008.32543945313,58123.422790527344,93666.5166015625,0.3956298828125,33572028416,0,849846272,0
1,1762416539841,3300,3301,800,3307,3304,3533,3301,3300,10.526315689086914,20,0,0,0,0,0,0,252008.32641601563,58123.42724609375,93666.5181274414,0.3956298828125,33572028416,0,849846272,0
1,1762416539842,3300,3301,800,3307,3304,3533,3301,3300,10.526315689086914,20,0,0,0,0,0,0,252008.32745361328,58123.431579589844,93666.51940917969,0.3956298828125,33572028416,0,849846272,0
1,1762416539843,3300,3301,800,3307,3304,3533,3301,3300,10.526315689086914,20,0,0,0,0,0,0,252008.32940673828,58123.440185546875,93666.52081298828,0.3956298828125,33572028416,0,849846272,0
0,1762416539844,3300,3301,800,3307,3304,3533,3301,3300,10.526315689086914,20,0,0,0,0,0,0,252008.33044433594,58123.44464111328,93666.52233886719,0.3956298828125,33572028416,0,849846272,0
0,1762416539846,3300,3301,800,3307,3304,3533,3301,3300,10.526315689086914,20,0,0,0,0,0,0,252008.33135986328,58123.44891357422,93666.52368164063,0.3956298828125,33572028416,0,849846272,0
0,1762416539847,3300,3301,800,3307,3304,3533,3301,3300,10.526315689086914,20,0,0,0,0,0,0,252008.33239746094,58123.453369140625,93666.52502441406,0.3956298828125,33572028416,0,849846272,0
1,1762416539848,3300,3301,800,3307,3304,3533,3301,3300,10.526315689086914,20,0,0,0,0,0,0,252008.33337402344,58123.457763671875,93666.52648925781,0.3956298828125,33572028416,0,849846272,0
1,1762416539849,3300,3301,800,3307,3304,3533,3301,3300,10.526315689086914,20,0,0,0,0,0,0,252008.33435058594,58123.46240234375,93666.52807617188,0.3956298828125,33572028416,0,849846272,0
1,1762416539850,3300,3301,800,3307,3304,3533,3301,3300,10.526315689086914,20,0,0,0,0,0,0,252008.3353881836,58123.46710205078,93666.52966308594,0.3956298828125,33572028416,0,849846272,0
1,1762416539851,3300,3301,800,3307,3304,3533,3301,3300,10.526315689086914,20,0,0,0,0,0,0,252008.3363647461,58123.471618652344,93666.53094482422,0.3956298828125,33572028416,0,849846272,0
1,1762416539852,3300,3301,800,3307,3304,3533,3301,3300,10.526315689086914,20,0,0,0,0,0,0,252008.3373413086,58123.476135253906,93666.5322265625,0.3956298828125,33572028416,0,849846272,0
1,1762416539853,3300,3301,800,3307,3304,3533,3301,3300,10.526315689086914,20,0,0,0,0,0,0,252008.3383178711,58123.480407714844,93666.53350830078,0.3956298828125,33572028416,0,849846272,0
1,1762416539854,3300,3301,800,3307,3304,3533,3301,3300,10.526315689086914,20,0,0,0,0,0,0,252008.34033203125,58123.48889160156,93666.5347290039,0.3956298828125,33572028416,0,849846272,0
0,1762416539855,3300,3301,800,3307,3304,3533,3301,3300,10.526315689086914,20,0,0,0,0,0,0,252008.34130859375,58123.493103027344,93666.53619384766,0.3956298828125,33572028416,0,849846272,0
0,1762416539857,3300,3301,800,3307,3304,3533,3301,3300,10.526315689086914,20,0,0,0,0,0,0,252008.34228515625,58123.49755859375,93666.53771972656,0.3956298828125,33572028416,0,849846272,0
0,1762416539858,3300,3301,800,3307,3304,3533,3301,3300,10.526315689086914,20,0,0,0,0,0,0,252008.3433227539,58123.50231933594,93666.53924560547,0.3956298828125,33572028416,0,849846272,0
1,1762416539859,3300,3301,800,3307,3304,3533,3301,3300,10.526315689086914,20,0,0,0,0,0,0,252008.3442993164,58123.506774902344,93666.54071044922,0.3956298828125,33572028416,0,849846272,0
1,1762416539860,3300,3301,800,3307,3304,3533,3301,3300,10.526315689086914,20,0,0,0,0,0,0,252008.3452758789,58123.511291503906,93666.54193115234,0.3956298828125,33572028416,0,849846272,0
1,1762416539861,3300,3301,800,3307,3304,3533,3301,3300,10.526315689086914,20,0,0,0,0,0,0,252008.3462524414,58123.51580810547,93666.54345703125,0.3956298828125,33572028416,0,849846272,0
1,1762416539862,3300,3301,800,3307,3304,3533,3301,3300,10.526315689086914,20,0,0,0,0,0,0,252008.34729003906,58123.52032470703,93666.54467773438,0.3956298828125,33572028416,0,849846272,0
1,1762416539863,3300,3301,800,3307,3304,3533,3301,3300,10.526315689086914,20,0,0,0,0,0,0,252008.34826660156,58123.524841308594,93666.54626464844,0.3956298828125,33572028416,0,849846272,0
1,1762416539864,3300,3301,800,3307,3304,3533,3301,3300,10.526315689086914,20,0,0,0,0,0,0,252008.34924316406,58123.529235839844,93666.54760742188,0.3956298828125,33572028416,0,849846272,0
1,1762416539865,3300,3301,800,3307,3304,3533,3301,3300,10.526315689086914,20,0,0,0,0,0,0,252008.35125732422,58123.53796386719,93666.54901123047,0.3956298828125,33572028416,0,849846272,0
0,1762416539866,3300,3301,800,3307,3304,3533,3301,3300,10.526315689086914,20,0,0,0,0,0,0,252008.35217285156,58123.54211425781,93666.55047607422,0.3956298828125,33572028416,0,849846272,0
0,1762416539868,3300,3301,800,3307,3304,3533,3301,3300,22.22222328186035,0,0,0,0,0,0,0,252008.35327148438,58123.547119140625,93666.5523071289,0.3956298828125,33572028416,0,849846272,0
0,1762416539869,3300,3301,800,3307,3304,3533,3301,3300,22.22222328186035,0,0,0,0,0,0,0,252008.35418701172,58123.551513671875,93666.55377197266,0.3956298828125,33572028416,0,849846272,0
0,1762416539870,3300,3301,800,3307,3304,3533,3301,3300,22.22222328186035,0,0,0,0,0,0,0,252008.35522460938,58123.55633544922,93666.5556640625,0.3956298828125,33572028416,0,849846272,0
1,1762416539871,3300,3301,800,3307,3304,3533,3301,3300,22.22222328186035,0,0,0,0,0,0,0,252008.35620117188,58123.56115722656,93666.55712890625,0.3956298828125,33572028416,0,849846272,0
1,1762416539872,3300,3301,800,3307,3304,3533,3301,3300,22.22222328186035,0,0,0,0,0,0,0,252008.35723876953,58123.56579589844,93666.55859375,0.3956298828125,33572028416,0,849846272,0
1,1762416539873,3300,3301,800,3307,3304,3533,3301,3300,22.22222328186035,0,0,0,0,0,0,0,252008.35821533203,58123.5703125,93666.55981445313,0.3956298828125,33572028416,0,849846272,0
1,1762416539874,3300,3301,800,3307,3304,3533,3301,3300,22.22222328186035,0,0,0,0,0,0,0,252008.35913085938,58123.57458496094,93666.56134033203,0.3956298828125,33572028416,0,849846272,0
1,1762416539875,3300,3301,800,3307,3304,3533,3301,3300,22.22222328186035,0,0,0,0,0,0,0,252008.3602294922,58123.5791015625,93666.56262207031,0.3956298828125,33572028416,0,849846272,0
1,1762416539876,3300,3301,800,3307,3304,3533,3301,3300,22.22222328186035,0,0,0,0,0,0,0,252008.36212158203,58123.58740234375,93666.56396484375,0.3956298828125,33572028416,0,849846272,0
0,1762416539877,3300,3301,800,3307,3304,3533,3301,3300,22.22222328186035,0,0,0,0,0,0,0,252008.3631591797,58123.591796875,93666.5654296875,0.3956298828125,33572028416,0,849846272,0
0,1762416539879,3300,3301,800,3307,3304,3533,3301,3300,22.22222328186035,0,0,0,0,0,0,0,252008.3641357422,58123.59631347656,93666.56689453125,0.3956298828125,33572028416,0,849846272,0
0,1762416539880,3300,3301,800,3307,3304,3533,3301,3300,22.22222328186035,0,0,0,0,0,0,0,252008.3651123047,58123.6005859375,93666.56829833984,0.3956298828125,33572028416,0,849846272,0
1,1762416539881,3300,3301,800,3307,3304,3533,3301,3300,22.22222328186035,0,0,0,0,0,0,0,252008.3660888672,58123.60510253906,93666.56964111328,0.3956298828125,33572028416,0,849846272,0
1,1762416539882,3300,3301,800,3307,3304,3533,3301,3300,22.22222328186035,0,0,0,0,0,0,0,252008.3670654297,58123.60968017578,93666.57092285156,0.3956298828125,33572028416,0,849846272,0
1,1762416539883,3300,3301,800,3307,3304,3533,3301,3300,22.22222328186035,0,0,0,0,0,0,0,252008.36810302734,58123.614013671875,93666.57220458984,0.3956298828125,33572028416,0,849846272,0
1,1762416539884,3300,3301,800,3307,3304,3533,3301,3300,22.22222328186035,0,0,0,0,0,0,0,252008.36907958984,58123.61834716797,93666.57336425781,0.3956298828125,33572028416,0,849846272,0
1,1762416539885,3300,3301,800,3307,3304,3533,3301,3300,22.22222328186035,0,0,0,0,0,0,0,252008.37005615234,58123.622802734375,93666.57482910156,0.3956298828125,33572028416,0,849846272,0
1,1762416539886,3300,3301,800,3307,3304,3533,3301,3300,22.22222328186035,0,0,0,0,0,0,0,252008.37103271484,58123.627197265625,93666.57611083984,0.3956298828125,33572028416,0,849846272,0
1,1762416539887,3300,3301,800,3307,3304,3533,3301,3300,22.22222328186035,0,0,0,0,0,0,0,252008.3720703125,58123.63153076172,93666.57763671875,0.3956298828125,33572028416,0,849846272,0
0,1762416539888,3300,3301,800,3307,3304,3533,3301,3300,22.22222328186035,0,0,0,0,0,0,0,252008.3740234375,58123.63995361328,93666.57879638672,0.3956298828125,33572028416,0,849846272,0
0,1762416539890,3300,3301,800,3307,3304,3533,3301,3300,22.22222328186035,0,0,0,0,0,0,0,252008.37506103516,58123.644470214844,93666.58026123047,0.3956298828125,33572028416,0,849846272,0
0,1762416539891,3300,3301,800,3307,3304,3533,3301,3300,22.22222328186035,0,0,0,0,0,0,0,252008.3759765625,58123.64874267578,93666.58184814453,0.3956298828125,33572028416,0,849846272,0
1,1762416539892,3300,3301,800,3307,3304,3533,3301,3300,22.22222328186035,0,0,0,0,0,0,0,252008.37701416016,58123.65350341797,93666.5834350586,0.3956298828125,33572028416,0,849846272,0
1,1762416539893,3300,3301,800,3307,3304,3533,3301,3300,22.22222328186035,0,0,0,0,0,0,0,252008.37799072266,58123.65802001953,93666.58471679688,0.3956298828125,33572028416,0,849846272,0
1,1762416539894,3300,3301,800,3307,3304,3533,3301,3300,22.22222328186035,0,0,0,0,0,0,0,252008.37896728516,58123.662536621094,93666.58612060547,0.3956298828125,33572028416,0,849846272,0
1,1762416539895,3300,3301,800,3307,3304,3533,3301,3300,22.22222328186035,0,0,0,0,0,0,0,252008.3800048828,58123.666931152344,93666.5873413086,0.3956298828125,33572028416,0,849846272,0
1,1762416539896,3300,3301,800,3307,3304,3533,3301,3300,22.22222328186035,0,0,0,0,0,0,0,252008.3809814453,58123.67138671875,93666.58880615234,0.3956298828125,33572028416,0,849846272,0
1,1762416539897,3300,3301,800,3307,3304,3533,3301,3300,22.22222328186035,0,0,0,0,0,0,0,252008.3819580078,58123.675842285156,93666.59014892578,0.3956298828125,33572028416,0,849846272,0
1,1762416539898,3300,3301,800,3307,3304,3533,3301,3300,22.22222328186035,0,0,0,0,0,0,0,252008.3829345703,58123.68005371094,93666.59155273438,0.3956298828125,33572028416,0,849846272,0
0,1762416539899,3300,3301,800,3307,3304,3533,3301,3300,22.22222328186035,0,0,0,0,0,0,0,252008.38494873047,58123.68896484375,93666.5933227539,0.3956298828125,33572028416,0,849846272,0
0,1762416539901,3300,3301,800,3307,3304,3533,3301,3300,22.22222328186035,0,0,0,0,0,0,0,252008.38592529297,58123.693603515625,93666.59484863281,0.3956298828125,33572028416,0,849846272,0
0,1762416539902,3300,3301,800,3307,3304,3533,3301,3300,22.22222328186035,0,0,0,0,0,0,0,252008.38690185547,58123.69793701172,93666.5961303711,0.3956298828125,33572028416,0,849846272,0
1,1762416539903,3300,3301,800,3307,3304,3533,3301,3300,22.22222328186035,0,0,0,0,0,0,0,252008.38793945313,58123.702392578125,93666.59741210938,0.3956298828125,33572028416,0,849846272,0
1,1762416539904,3300,3301,800,3307,3304,3533,3301,3300,22.22222328186035,0,0,0,0,0,0,0,252008.38891601563,58123.70672607422,93666.59875488281,0.3956298828125,33572028416,0,849846272,0
1,1762416539905,3300,3301,800,3307,3304,3533,3301,3300,22.22222328186035,0,0,0,0,0,0,0,252008.38989257813,58123.711181640625,93666.59997558594,0.3956298828125,33572028416,0,849846272,0
1,1762416539906,3300,3301,800,3307,3304,3533,3301,3300,22.22222328186035,0,0,0,0,0,0,0,252008.39086914063,58123.715576171875,93666.60131835938,0.3956298828125,33572028416,0,849846272,0
1,1762416539907,3300,3301,800,3307,3304,3533,3301,3300,22.22222328186035,0,0,0,0,0,0,0,252008.39184570313,58123.72009277344,93666.60290527344,0.3956298828125,33572028416,0,849846272,0
1,1762416539908,3300,3301,800,3307,3304,3533,3301,3300,22.22222328186035,0,0,0,0,0,0,0,252008.39288330078,58123.72491455078,93666.6044921875,0.3956298828125,33572028416,0,849846272,0
1,1762416539909,3300,3301,800,3307,3304,3533,3301,3300,22.22222328186035,0,0,0,0,0,0,0,252008.39483642578,58123.73352050781,93666.60583496094,0.3956298828125,33572028416,0,849846272,0
0,1762416539910,3300,3301,800,3307,3304,3533,3301,3300,22.22222328186035,0,0,0,0,0,0,0,252008.39587402344,58123.73779296875,93666.60711669922,0.3956298828125,33572028416,0,849846272,0
0,1762416539912,3300,3301,800,3307,3304,3533,3301,3300,22.22222328186035,0,0,0,0,0,0,0,252008.39678955078,58123.74188232422,93666.60858154297,0.3956298828125,33572028416,0,849846272,0
0,1762416539913,3300,3301,800,3307,3304,3533,3301,3300,22.22222328186035,0,0,0,0,0,0,0,252008.39782714844,58123.74645996094,93666.61010742188,0.3956298828125,33572028416,0,849846272,0
1,1762416539914,3300,3301,800,3307,3304,3533,3301,3300,22.22222328186035,0,0,0,0,0,0,0,252008.39880371094,58123.75109863281,93666.61145019531,0.3956298828125,33572028416,0,849846272,0
1,1762416539915,3300,3301,800,3307,3304,3533,3301,3300,22.22222328186035,0,0,0,0,0,0,0,252008.39978027344,58123.75549316406,93666.6127319336,0.3956298828125,33572028416,0,849846272,0
1,1762416539916,3300,3301,800,3307,3304,3533,3301,3300,22.22222328186035,0,0,0,0,0,0,0,252008.40075683594,58123.75994873047,93666.61419677734,0.3956298828125,33572028416,0,849846272,0
1,1762416539917,3300,3301,800,3307,3304,3533,3301,3300,22.22222328186035,0,0,0,0,0,0,0,252008.4017944336,58123.76434326172,93666.61529541016,0.3956298828125,33572028416,0,849846272,0
1,1762416539918,3300,3301,800,3307,3304,3533,3301,3300,22.22222328186035,0,0,0,0,0,0,0,252008.4027709961,58123.76885986328,93666.61682128906,0.3956298828125,33572028416,0,849846272,0
1,1762416539919,3300,3301,800,3307,3304,3533,3301,3300,22.22222328186035,0,0,0,0,0,0,0,252008.4037475586,58123.77325439453,93666.6181640625,0.3956298828125,33572028416,0,849846272,0
1,1762416539920,3300,3301,800,3307,3304,3533,3301,3300,22.22222328186035,0,0,0,0,0,0,0,252008.4057006836,58123.781799316406,93666.61975097656,0.3956298828125,33572028416,0,849846272,0
0,1762416539921,3300,3301,800,3307,3304,3533,3301,3300,22.22222328186035,0,0,0,0,0,0,0,252008.40673828125,58123.78601074219,93666.62097167969,0.3956298828125,33572028416,0,849846272,0
0,1762416539923,3300,3301,800,3307,3304,3533,3301,3300,22.22222328186035,0,0,0,0,0,0,0,252008.40771484375,58123.79034423828,93666.62237548828,0.3956298828125,33572028416,0,849846272,0
0,1762416539924,3300,3301,800,3307,3304,3533,3301,3300,22.22222328186035,0,0,0,0,0,0,0,252008.40869140625,58123.79479980469,93666.62353515625,0.3956298828125,33572028416,0,849846272,0
1,1762416539925,3300,3301,800,3307,3304,3533,3301,3300,22.22222328186035,0,0,0,0,0,0,0,252008.40966796875,58123.799072265625,93666.62475585938,0.3956298828125,33572028416,0,849846272,0
1,1762416539926,3300,3301,800,3307,3304,3533,3301,3300,22.22222328186035,0,0,0,0,0,0,0,252008.4107055664,58123.80352783203,93666.62609863281,0.3956298828125,33572028416,0,849846272,0
1,1762416539927,3300,3301,800,3307,3304,3533,3301,3300,22.22222328186035,0,0,0,0,0,0,0,252008.4116821289,58123.807861328125,93666.62725830078,0.3956298828125,33572028416,0,849846272,0
1,1762416539928,3300,3301,800,3307,3304,3533,3301,3300,22.22222328186035,0,0,0,0,0,0,0,252008.4126586914,58123.81231689453,93666.62884521484,0.3956298828125,33572028416,0,849846272,0
1,1762416539929,3300,3301,800,3307,3304,3533,3301,3300,22.22222328186035,0,0,0,0,0,0,0,252008.4136352539,58123.81677246094,93666.63024902344,0.3956298828125,33572028416,0,849846272,0
1,1762416539930,3300,3301,800,3307,3304,3533,3301,3300,22.22222328186035,0,0,0,0,0,0,0,252008.41467285156,58123.821350097656,93666.63165283203,0.3956298828125,33572028416,0,849846272,0
1,1762416539931,3300,3301,800,3307,3304,3533,3301,3300,22.22222328186035,0,0,0,0,0,0,0,252008.41662597656,58123.82977294922,93666.63293457031,0.3956298828125,33572028416,0,849846272,0
0,1762416539932,3300,3301,800,3307,3304,3533,3301,3300,22.22222328186035,0,0,0,0,0,0,0,252008.41760253906,58123.833923339844,93666.63427734375,0.3956298828125,33572028416,0,849846272,0
0,1762416539934,3300,3301,800,3307,3304,3533,3301,3300,22.22222328186035,0,0,0,0,0,0,0,252008.41864013672,58123.838317871094,93666.63562011719,0.3956298828125,33572028416,0,849846272,0
0,1762416539935,3300,3301,800,3307,3304,3533,3301,3300,22.22222328186035,0,0,0,0,0,0,0,252008.41961669922,58123.842712402344,93666.63684082031,0.3956298828125,33572028416,0,849846272,0
1,1762416539936,3300,3301,800,3307,3304,3533,3301,3300,22.22222328186035,0,0,0,0,0,0,0,252008.42059326172,58123.84698486328,93666.6382446289,0.3956298828125,33572028416,0,849846272,0
1,1762416539937,3300,3301,800,3307,3304,3533,3301,3300,22.22222328186035,0,0,0,0,0,0,0,252008.42156982422,58123.851501464844,93666.63952636719,0.3956298828125,33572028416,0,849846272,0
1,1762416539938,3300,3301,800,3307,3304,3533,3301,3300,22.22222328186035,0,0,0,0,0,0,0,252008.42254638672,58123.85583496094,93666.64080810547,0.3956298828125,33572028416,0,849846272,0
1,1762416539939,3300,3301,800,3307,3304,3533,3301,3300,22.22222328186035,0,0,0,0,0,0,0,252008.42358398438,58123.860290527344,93666.6420288086,0.3956298828125,33572028416,0,849846272,0
1,1762416539940,3300,3301,800,3307,3304,3533,3301,3300,22.22222328186035,0,0,0,0,0,0,0,252008.42456054688,58123.864807128906,93666.64367675781,0.3956298828125,33572028416,0,849846272,0
1,1762416539941,3300,3301,800,3307,3304,3533,3301,3300,22.22222328186035,0,0,0,0,0,0,0,252008.42553710938,58123.869201660156,93666.6450805664,0.3956298828125,33572028416,0,849846272,0
1,1762416539942,3300,3301,800,3307,3304,3533,3301,3300,22.22222328186035,0,0,0,0,0,0,0,252008.42755126953,58123.8779296875,93666.64642333984,0.3956298828125,33572028416,0,849846272,0
0,1762416539943,3300,3301,800,3307,3304,3533,3301,3300,22.22222328186035,0,0,0,0,0,0,0,252008.42852783203,58123.88220214844,93666.64782714844,0.3956298828125,33572028416,0,849846272,0
0,1762416539945,3300,3301,800,3307,3304,3533,3301,3300,22.22222328186035,0,0,0,0,0,0,0,252008.42950439453,58123.88641357422,93666.64910888672,0.3956298828125,33572028416,0,849846272,0
0,1762416539946,3300,3301,800,3307,3304,3533,3301,3300,22.22222328186035,0,0,0,0,0,0,0,252008.4305419922,58123.890869140625,93666.65032958984,0.3956298828125,33572028416,0,849846272,0
1,1762416539947,3300,3301,800,3307,3304,3533,3301,3300,22.22222328186035,0,0,0,0,0,0,0,252008.43145751953,58123.89514160156,93666.65148925781,0.3956298828125,33572028416,0,849846272,0
1,1762416539948,3300,3301,800,3307,3304,3533,3301,3300,22.22222328186035,0,0,0,0,0,0,0,252008.4324951172,58123.89959716797,93666.6528930664,0.3956298828125,33572028416,0,849846272,0
1,1762416539949,3300,3301,800,3307,3304,3533,3301,3300,22.22222328186035,0,0,0,0,0,0,0,252008.4334716797,58123.904052734375,93666.65411376953,0.3956298828125,33572028416,0,849846272,0
1,1762416539950,3300,3301,800,3307,3304,3533,3301,3300,22.22222328186035,0,0,0,0,0,0,0,252008.4344482422,58123.90838623047,93666.6557006836,0.3956298828125,33572028416,0,849846272,0
1,1762416539951,3300,3301,800,3307,3304,3533,3301,3300,22.22222328186035,0,0,0,0,0,0,0,252008.4354248047,58123.913024902344,93666.65716552734,0.3956298828125,33572028416,0,849846272,0
1,1762416539952,3300,3301,800,3307,3304,3533,3301,3300,22.22222328186035,0,0,0,0,0,0,0,252008.43646240234,58123.91760253906,93666.65844726563,0.3956298828125,33572028416,0,849846272,0
1,1762416539953,3300,3301,800,3307,3304,3533,3301,3300,22.22222328186035,0,0,0,0,0,0,0,252008.43841552734,58123.925842285156,93666.65985107422,0.3956298828125,33572028416,0,849846272,0
0,1762416539954,3300,3301,800,3307,3304,3533,3301,3300,22.22222328186035,0,0,0,0,0,0,0,252008.43939208984,58123.930114746094,93666.66101074219,0.3956298828125,33572028416,0,849846272,0
0,1762416539956,3300,3301,800,3307,3304,3533,3301,3300,22.22222328186035,0,0,0,0,0,0,0,252008.4404296875,58123.93444824219,93666.66241455078,0.3956298828125,33572028416,0,849846272,0
0,1762416539957,3300,3301,800,3307,3304,3533,3301,3300,22.22222328186035,0,0,0,0,0,0,0,252008.44134521484,58123.93859863281,93666.6636352539,0.3956298828125,33572028416,0,849846272,0
1,1762416539958,3300,3301,800,3307,3304,3533,3301,3300,22.22222328186035,0,0,0,0,0,0,0,252008.4423828125,58123.94299316406,93666.66497802734,0.3956298828125,33572028416,0,849846272,0
1,1762416539959,3300,3301,800,3307,3304,3533,3301,3300,22.22222328186035,0,0,0,0,0,0,0,252008.443359375,58123.947509765625,93666.66632080078,0.3956298828125,33572028416,0,849846272,0
1,1762416539960,3300,3301,800,3307,3304,3533,3301,3300,22.22222328186035,0,0,0,0,0,0,0,252008.44439697266,58123.95196533203,93666.6675415039,0.3956298828125,33572028416,0,849846272,0
1,1762416539961,3300,3301,800,3307,3304,3533,3301,3300,22.22222328186035,0,0,0,0,0,0,0,252008.44537353516,58123.95635986328,93666.66900634766,0.3956298828125,33572028416,0,849846272,0
1,1762416539962,3300,3301,800,3307,3304,3533,3301,3300,22.22222328186035,0,0,0,0,0,0,0,252008.44635009766,58123.9609375,93666.67065429688,0.3956298828125,33572028416,0,849846272,0
1,1762416539963,3300,3301,800,3307,3304,3533,3301,3300,22.22222328186035,0,0,0,0,0,0,0,252008.44732666016,58123.96569824219,93666.67211914063,0.3956298828125,33572028416,0,849846272,0
0,1762416539964,3300,3301,800,3307,3304,3533,3301,3300,22.22222328186035,0,0,0,0,0,0,0,252008.44927978516,58123.974365234375,93666.67370605469,0.3956298828125,33572028416,0,849846272,0
0,1762416539965,3300,3301,800,3307,3304,3533,3301,3300,22.22222328186035,0,0,0,0,0,0,0,252008.4503173828,58123.978515625,93666.67486572266,0.3956298828125,33572028416,0,849846272,0
0,1762416539967,3300,3301,800,3307,3304,3533,3301,3300,22.22222328186035,0,0,0,0,0,0,0,252008.4512939453,58123.98291015625,93666.67614746094,0.3956298828125,33572028416,0,849846272,0
0,1762416539968,3300,3301,800,3307,3304,3533,3301,3300,22.22222328186035,0,0,0,0,0,0,0,252008.4522705078,58123.987365722656,93666.67742919922,0.3956298828125,33572028416,0,849846272,0
1,1762416539969,3300,3301,800,3307,3304,3533,3301,3300,22.22222328186035,0,0,0,0,0,0,0,252008.4532470703,58123.99157714844,93666.67858886719,0.3956298828125,33572028416,0,849846272,0
1,1762416539970,3300,3301,800,3307,3304,3533,3301,3300,22.22222328186035,0,0,0,0,0,0,0,252008.45428466797,58123.99597167969,93666.67999267578,0.3956298828125,33572028416,0,849846272,0
0,1762416539971,3300,3301,800,3307,3304,3533,3301,3300,22.22222328186035,0,0,0,0,0,0,0,252008.45526123047,58124.00067138672,93666.681640625,0.3956298828125,33572028416,0,849846272,0
1,1762416539972,3300,3301,800,3307,3304,3533,3301,3300,22.22222328186035,0,0,0,0,0,0,0,252008.45629882813,58124.00537109375,93666.68444824219,0.3956298828125,33572028416,0,849846272,0
1,1762416539973,3300,3301,800,3307,3304,3533,3301,3300,22.22222328186035,0,0,0,0,0,0,0,252008.45733642578,58124.011474609375,93666.68640136719,0.3956298828125,33572028416,0,849846272,0
1,1762416539974,3300,3301,800,3307,3304,3533,3301,3300,22.22222328186035,0,0,0,0,0,0,0,252008.45831298828,58124.01623535156,93666.68786621094,0.3956298828125,33572028416,0,849846272,0
1,1762416539975,3300,3301,800,3307,3304,3533,3301,3300,22.22222328186035,0,0,0,0,0,0,0,252008.45928955078,58124.020568847656,93666.68920898438,0.3956298828125,33572028416,0,849784832,0
1,1762416539976,3300,3301,800,3307,3304,3533,3301,3300,22.22222328186035,0,0,0,0,0,0,0,252008.46130371094,58124.029296875,93666.69061279297,0.3956298828125,33572028416,0,849784832,0
0,1762416539978,3300,3301,800,3307,3304,3533,3301,3300,22.22222328186035,0,0,0,0,0,0,0,252008.46228027344,58124.033447265625,93666.69232177734,0.3956298828125,33572028416,0,849784832,0
0,1762416539979,3300,3301,800,3307,3304,3533,3301,3300,22.22222328186035,0,0,0,0,0,0,0,252008.46325683594,58124.038146972656,93666.69360351563,0.3956298828125,33572028416,0,849784832,0
1,1762416539980,3300,3301,800,3307,3304,3533,3301,3300,22.22222328186035,0,0,0,0,0,0,0,252008.46423339844,58124.042419433594,93666.69494628906,0.3956298828125,33572028416,0,849784832,0
1,1762416539981,3300,3301,800,3307,3304,3533,3301,3300,22.22222328186035,0,0,0,0,0,0,0,252008.4652709961,58124.046875,93666.69616699219,0.3956298828125,33572028416,0,849784832,0
1,1762416539982,3300,3301,800,3307,3304,3533,3301,3300,22.22222328186035,0,0,0,0,0,0,0,252008.4662475586,58124.05126953125,93666.69738769531,0.3956298828125,33572028416,0,849784832,0
1,1762416539983,3300,3301,800,3307,3304,3533,3301,3300,22.22222328186035,0,0,0,0,0,0,0,252008.4672241211,58124.055725097656,93666.69885253906,0.3956298828125,33572028416,0,849784832,0
1,1762416539984,3300,3301,800,3307,3304,3533,3301,3300,22.22222328186035,0,0,0,0,0,0,0,252008.46826171875,58124.06024169922,93666.70031738281,0.3956298828125,33572028416,0,849784832,0
1,1762416539985,3300,3301,800,3307,3304,3533,3301,3300,22.22222328186035,0,0,0,0,0,0,0,252008.46923828125,58124.06475830078,93666.70178222656,0.3956298828125,33572028416,0,849784832,0
1,1762416539986,3300,3301,800,3307,3304,3533,3301,3300,22.22222328186035,0,0,0,0,0,0,0,252008.47119140625,58124.0732421875,93666.703125,0.3956298828125,33572028416,0,849784832,0
0,1762416539987,3300,3301,800,3307,3304,3533,3301,3300,22.22222328186035,0,0,0,0,0,0,0,252008.47216796875,58124.07745361328,93666.70434570313,0.3956298828125,33572028416,0,849784832,0
0,1762416539989,3300,3301,800,3307,3304,3533,3301,3300,22.22222328186035,0,0,0,0,0,0,0,252008.4732055664,58124.08184814453,93666.7056274414,0.3956298828125,33572028416,0,849784832,0
0,1762416539990,3300,3301,800,3307,3304,3533,3301,3300,22.22222328186035,0,0,0,0,0,0,0,252008.4741821289,58124.08612060547,93666.70678710938,0.3956298828125,33572028416,0,849784832,0
1,1762416539991,3300,3301,800,3307,3304,3533,3301,3300,22.22222328186035,0,0,0,0,0,0,0,252008.4751586914,58124.090576171875,93666.70806884766,0.3956298828125,33572028416,0,849784832,0
1,1762416539992,3300,3301,800,3307,3304,3533,3301,3300,22.22222328186035,0,0,0,0,0,0,0,252008.4761352539,58124.09490966797,93666.70947265625,0.3956298828125,33572028416,0,849784832,0
1,1762416539993,3300,3301,800,3307,3304,3533,3301,3300,22.22222328186035,0,0,0,0,0,0,0,252008.47717285156,58124.09948730469,93666.71105957031,0.3956298828125,33572028416,0,849784832,0
1,1762416539994,3300,3301,800,3307,3304,3533,3301,3300,22.22222328186035,0,0,0,0,0,0,0,252008.47814941406,58124.10412597656,93666.71270751953,0.3956298828125,33572028416,0,849784832,0
1,1762416539995,3300,3301,800,3307,3304,3533,3301,3300,22.22222328186035,0,0,0,0,0,0,0,252008.47912597656,58124.10876464844,93666.7138671875,0.3956298828125,33572028416,0,849784832,0
1,1762416539996,3300,3301,800,3307,3304,3533,3301,3300,22.22222328186035,0,0,0,0,0,0,0,252008.48010253906,58124.11297607422,93666.7152709961,0.3956298828125,33572028416,0,849784832,0
1,1762416539997,3300,3301,800,3307,3304,3533,3301,3300,22.22222328186035,0,0,0,0,0,0,0,252008.48211669922,58124.12139892578,93666.71649169922,0.3956298828125,33572028416,0,849784832,0
0,1762416539998,3300,3301,800,3307,3304,3533,3301,3300,22.22222328186035,0,0,0,0,0,0,0,252008.48309326172,58124.12567138672,93666.71795654297,0.3956298828125,33572028416,0,849784832,0
0,1762416540000,3300,3301,800,3307,3304,3533,3301,3300,22.22222328186035,0,0,0,0,0,0,0,252008.48406982422,58124.129943847656,93666.7191772461,0.3956298828125,33572028416,0,849784832,0
0,1762416540001,3300,3301,800,3307,3304,3533,3301,3300,22.22222328186035,0,0,0,0,0,0,0,252008.48504638672,58124.13409423828,93666.72033691406,0.3956298828125,33572028416,0,849784832,0
1,1762416540002,3300,3301,800,3307,3304,3533,3301,3300,22.22222328186035,0,0,0,0,0,0,0,252008.48602294922,58124.138427734375,93666.72149658203,0.3956298828125,33572028416,0,849784832,0
1,1762416540003,3300,3301,800,3307,3304,3533,3301,3300,22.22222328186035,0,0,0,0,0,0,0,252008.48706054688,58124.14288330078,93666.72283935547,0.3956298828125,33572028416,0,849784832,0
1,1762416540004,3300,3301,800,3307,3304,3533,3301,3300,22.22222328186035,0,0,0,0,0,0,0,252008.48803710938,58124.147216796875,93666.72412109375,0.3956298828125,33572028416,0,849784832,0
1,1762416540005,3300,3301,800,3307,3304,3533,3301,3300,22.22222328186035,0,0,0,0,0,0,0,252008.48901367188,58124.151794433594,93666.72576904297,0.3956298828125,33572028416,0,849784832,0
1,1762416540006,3300,3301,800,3307,3304,3533,3301,3300,22.22222328186035,0,0,0,0,0,0,0,252008.49005126953,58124.156494140625,93666.72717285156,0.3956298828125,33572028416,0,849784832,0
1,1762416540007,3300,3301,800,3307,3304,3533,3301,3300,22.22222328186035,0,0,0,0,0,0,0,252008.49102783203,58124.16082763672,93666.72845458984,0.3956298828125,33572028416,0,849784832,0
1,1762416540008,3300,3301,800,3307,3304,3533,3301,3300,22.22222328186035,0,0,0,0,0,0,0,252008.49298095703,58124.16516113281,93666.72973632813,0.3956298828125,33572028416,0,849784832,0
0,1762416540009,3300,3301,800,3307,3304,3533,3301,3300,22.22222328186035,0,0,0,0,0,0,0,252008.49395751953,58124.173400878906,93666.7310180664,0.3956298828125,33572028416,0,849784832,0
0,1762416540011,3300,3301,800,3307,3304,3533,3301,3300,22.22222328186035,0,0,0,0,0,0,0,252008.49493408203,58124.17755126953,93666.73223876953,0.3956298828125,33572028416,0,849784832,0
0,1762416540012,3300,3301,800,3307,3304,3533,3301,3300,22.22222328186035,0,0,0,0,0,0,0,252008.49591064453,58124.181884765625,93666.73352050781,0.3956298828125,33572028416,0,849784832,0
1,1762416540013,3300,3301,800,3307,3304,3533,3301,3300,22.22222328186035,0,0,0,0,0,0,0,252008.4969482422,58124.18634033203,93666.7348022461,0.3956298828125,33572028416,0,849784832,0
1,1762416540014,3300,3301,800,3307,3304,3533,3301,3300,22.22222328186035,0,0,0,0,0,0,0,252008.4979248047,58124.19079589844,93666.73638916016,0.3956298828125,33572028416,0,849784832,0
1,1762416540015,3300,3301,800,3307,3304,3533,3301,3300,22.22222328186035,0,0,0,0,0,0,0,252008.49896240234,58124.195556640625,93666.73809814453,0.3956298828125,33572028416,0,849784832,0
1,1762416540016,3300,3301,800,3307,3304,3533,3301,3300,22.22222328186035,0,0,0,0,0,0,0,252008.4998779297,58124.200134277344,93666.73944091797,0.3956298828125,33572028416,0,849784832,0
1,1762416540017,3300,3301,800,3307,3304,3533,3301,3300,22.22222328186035,0,0,0,0,0,0,0,252008.50091552734,58124.20471191406,93666.74084472656,0.3956298828125,33572028416,0,849784832,0
1,1762416540018,3300,3301,800,3307,3304,3533,3301,3300,22.22222328186035,0,0,0,0,0,0,0,252008.50189208984,58124.20910644531,93666.74206542969,0.3956298828125,33572028416,0,849784832,0
1,1762416540019,3300,3301,800,3307,3304,3533,3301,3300,22.22222328186035,0,0,0,0,0,0,0,252008.50286865234,58124.21325683594,93666.74328613281,0.3956298828125,33572028416,0,849784832,0
0,1762416540020,3300,3301,800,3307,3304,3533,3301,3300,22.22222328186035,0,0,0,0,0,0,0,252008.5048828125,58124.22149658203,93666.74462890625,0.3956298828125,33572028416,0,849784832,0
0,1762416540022,3300,3301,800,3307,3304,3533,3301,3300,22.22222328186035,0,0,0,0,0,0,0,252008.505859375,58124.225830078125,93666.74591064453,0.3956298828125,33572028416,0,849784832,0
0,1762416540023,3300,3301,800,3307,3304,3533,3301,3300,22.22222328186035,0,0,0,0,0,0,0,252008.5068359375,58124.23016357422,93666.74713134766,0.3956298828125,33572028416,0,849784832,0
1,1762416540024,3300,3301,800,3307,3304,3533,3301,3300,22.22222328186035,0,0,0,0,0,0,0,252008.5078125,58124.234436035156,93666.74829101563,0.3956298828125,33572028416,0,849784832,0
1,1762416540025,3300,3301,800,3307,3304,3533,3301,3300,22.22222328186035,0,0,0,0,0,0,0,252008.50885009766,58124.23889160156,93666.74969482422,0.3956298828125,33572028416,0,849784832,0
1,1762416540026,3300,3301,800,3307,3304,3533,3301,3300,22.22222328186035,0,0,0,0,0,0,0,252008.50982666016,58124.243408203125,93666.75115966797,0.3956298828125,33572028416,0,849784832,0
1,1762416540027,3300,3301,800,3307,3304,3533,3301,3300,22.22222328186035,0,0,0,0,0,0,0,252008.51080322266,58124.247985839844,93666.75280761719,0.3956298828125,33572028416,0,849784832,0
1,1762416540028,3300,3301,800,3307,3304,3533,3301,3300,22.22222328186035,0,0,0,0,0,0,0,252008.5118408203,58124.25274658203,93666.75415039063,0.3956298828125,33572028416,0,849784832,0
1,1762416540029,3300,3301,800,3307,3304,3533,3301,3300,22.22222328186035,0,0,0,0,0,0,0,252008.5128173828,58124.25714111328,93666.75561523438,0.3956298828125,33572028416,0,849784832,0
1,1762416540030,3300,3301,800,3307,3304,3533,3301,3300,22.22222328186035,0,0,0,0,0,0,0,252008.5147705078,58124.265563964844,93666.7568359375,0.3956298828125,33572028416,0,849784832,0
0,1762416540031,3300,3301,800,3307,3304,3533,3301,3300,22.22222328186035,0,0,0,0,0,0,0,252008.5157470703,58124.269775390625,93666.75811767578,0.3956298828125,33572028416,0,849784832,0
0,1762416540033,3300,3301,800,3307,3304,3533,3301,3300,22.22222328186035,0,0,0,0,0,0,0,252008.51678466797,58124.27423095703,93666.75946044922,0.3956298828125,33572028416,0,849784832,0
0,1762416540034,3300,3301,800,3307,3304,3533,3301,3300,22.22222328186035,0,0,0,0,0,0,0,252008.5177001953,58124.27844238281,93666.7607421875,0.3956298828125,33572028416,0,849784832,0
1,1762416540035,3300,3301,800,3307,3304,3533,3301,3300,22.22222328186035,0,0,0,0,0,0,0,252008.51873779297,58124.282958984375,93666.76232910156,0.3956298828125,33572028416,0,849784832,0
1,1762416540036,3300,3301,800,3307,3304,3533,3301,3300,22.22222328186035,0,0,0,0,0,0,0,252008.51971435547,58124.28741455078,93666.76379394531,0.3956298828125,33572028416,0,849784832,0
1,1762416540037,3300,3301,800,3307,3304,3533,3301,3300,22.22222328186035,0,0,0,0,0,0,0,252008.52069091797,58124.29217529297,93666.76550292969,0.3956298828125,33572028416,0,849784832,0
1,1762416540038,3300,3301,800,3307,3304,3533,3301,3300,22.22222328186035,0,0,0,0,0,0,0,252008.52172851563,58124.296936035156,93666.76678466797,0.3956298828125,33572028416,0,849784832,0
1,1762416540039,3300,3301,800,3307,3304,3533,3301,3300,22.22222328186035,0,0,0,0,0,0,0,252008.52270507813,58124.301330566406,93666.76831054688,0.3956298828125,33572028416,0,849784832,0
1,1762416540040,3300,3301,800,3307,3304,3533,3301,3300,22.22222328186035,0,0,0,0,0,0,0,252008.52368164063,58124.30584716797,93666.76959228516,0.3956298828125,33572028416,0,849784832,0
1,1762416540041,3300,3301,800,3307,3304,3533,3301,3300,22.22222328186035,0,0,0,0,0,0,0,252008.52569580078,58124.314514160156,93666.77099609375,0.3956298828125,33572028416,0,849784832,0
0,1762416540042,3300,3301,800,3307,3304,3533,3301,3300,22.22222328186035,0,0,0,0,0,0,0,252008.52661132813,58124.31848144531,93666.77221679688,0.3956298828125,33572028416,0,849784832,0
0,1762416540044,3300,3301,800,3307,3304,3533,3301,3300,22.22222328186035,0,0,0,0,0,0,0,252008.52764892578,58124.32293701172,93666.77355957031,0.3956298828125,33572028416,0,849784832,0
0,1762416540045,3300,3301,800,3307,3304,3533,3301,3300,22.22222328186035,0,0,0,0,0,0,0,252008.52862548828,58124.32727050781,93666.77478027344,0.3956298828125,33572028416,0,849784832,0
1,1762416540046,3300,3301,800,3307,3304,3533,3301,3300,22.22222328186035,0,0,0,0,0,0,0,252008.52960205078,58124.33154296875,93666.7759399414,0.3956298828125,33572028416,0,849784832,0
1,1762416540047,3300,3301,800,3307,3304,3533,3301,3300,22.22222328186035,0,0,0,0,0,0,0,252008.53057861328,58124.3359375,93666.77740478516,0.3956298828125,33572028416,0,849784832,0
1,1762416540048,3300,3301,800,3307,3304,3533,3301,3300,22.22222328186035,0,0,0,0,0,0,0,252008.53161621094,58124.34045410156,93666.77899169922,0.3956298828125,33572028416,0,849784832,0
1,1762416540049,3300,3301,800,3307,3304,3533,3301,3300,22.22222328186035,0,0,0,0,0,0,0,252008.53259277344,58124.345275878906,93666.78063964844,0.3956298828125,33572028416,0,849784832,0
1,1762416540050,3300,3301,800,3307,3304,3533,3301,3300,22.22222328186035,0,0,0,0,0,0,0,252008.5336303711,58124.350036621094,93666.78204345703,0.3956298828125,33572028416,0,849784832,0
1,1762416540051,3300,3301,800,3307,3304,3533,3301,3300,22.22222328186035,0,0,0,0,0,0,0,252008.5346069336,58124.35437011719,93666.7836303711,0.3956298828125,33572028416,0,849784832,0
1,1762416540052,3300,3301,800,3307,3304,3533,3301,3300,22.22222328186035,0,0,0,0,0,0,0,252008.5365600586,58124.36297607422,93666.78485107422,0.3956298828125,33572028416,0,849784832,0
0,1762416540053,3300,3301,800,3307,3304,3533,3301,3300,22.22222328186035,0,0,0,0,0,0,0,252008.5375366211,58124.36730957031,93666.78631591797,0.3956298828125,33572028416,0,849784832,0
0,1762416540055,3300,3301,800,3307,3304,3533,3301,3300,22.22222328186035,0,0,0,0,0,0,0,252008.5385131836,58124.371643066406,93666.78759765625,0.3956298828125,33572028416,0,849784832,0
0,1762416540056,3300,3301,800,3307,3304,3533,3301,3300,22.22222328186035,0,0,0,0,0,0,0,252008.53955078125,58124.37609863281,93666.78918457031,0.3956298828125,33572028416,0,849784832,0
1,1762416540057,3300,3301,800,3307,3304,3533,3301,3300,22.22222328186035,0,0,0,0,0,0,0,252008.54052734375,58124.38067626953,93666.79095458984,0.3956298828125,33572028416,0,849784832,0
1,1762416540058,3300,3301,800,3307,3304,3533,3301,3300,22.22222328186035,0,0,0,0,0,0,0,252008.54150390625,58124.385498046875,93666.79266357422,0.3956298828125,33572028416,0,849784832,0
1,1762416540059,3300,3301,800,3307,3304,3533,3301,3300,22.22222328186035,0,0,0,0,0,0,0,252008.5425415039,58124.390563964844,93666.79431152344,0.3956298828125,33572028416,0,849784832,0
1,1762416540060,3300,3301,800,3307,3304,3533,3301,3300,22.22222328186035,0,0,0,0,0,0,0,252008.5435180664,58124.395263671875,93666.79559326172,0.3956298828125,33572028416,0,849784832,0
1,1762416540061,3300,3301,800,3307,3304,3533,3301,3300,22.22222328186035,0,0,0,0,0,0,0,252008.5444946289,58124.399658203125,93666.79705810547,0.3956298828125,33572028416,0,849784832,0
1,1762416540062,3300,3301,800,3307,3304,3533,3301,3300,22.22222328186035,0,0,0,0,0,0,0,252008.54553222656,58124.40411376953,93666.79852294922,0.3956298828125,33572028416,0,849784832,0
1,1762416540063,3300,3301,800,3307,3304,3533,3301,3300,22.22222328186035,0,0,0,0,0,0,0,252008.54650878906,58124.40832519531,93666.79992675781,0.3956298828125,33572028416,0,849784832,0
0,1762416540064,3300,3301,800,3307,3304,3533,3301,3300,22.22222328186035,0,0,0,0,0,0,0,252008.54846191406,58124.41668701172,93666.80108642578,0.3956298828125,33572028416,0,849784832,0
0,1762416540066,3300,3301,800,3307,3304,3533,3301,3300,22.22222328186035,0,0,0,0,0,0,0,252008.54943847656,58124.42102050781,93666.80242919922,0.3956298828125,33572028416,0,849784832,0
0,1762416540067,3300,3301,800,3307,3304,3533,3301,3300,22.22222328186035,0,0,0,0,0,0,0,252008.55047607422,58124.42541503906,93666.8037109375,0.3956298828125,33572028416,0,849784832,0
1,1762416540068,3300,3301,800,3307,3304,3533,3301,3300,22.22222328186035,0,0,0,0,0,0,0,252008.55145263672,58124.429748535156,93666.80505371094,0.3956298828125,33572028416,0,849784832,0
1,1762416540069,3300,3301,800,3307,3304,3533,3301,3300,22.22222328186035,0,0,0,0,0,0,0,252008.55242919922,58124.43426513672,93666.806640625,0.3956298828125,33572028416,0,849784832,0
1,1762416540070,3300,3301,800,3307,3304,3533,3301,3300,22.22222328186035,0,0,0,0,0,0,0,252008.55340576172,58124.43896484375,93666.8081665039,0.3956298828125,33572028416,0,849784832,0
1,1762416540071,3300,3301,800,3307,3304,3533,3301,3300,22.22222328186035,0,0,0,0,0,0,0,252008.55438232422,58124.443603515625,93666.80975341797,0.3956298828125,33572028416,0,849784832,0
1,1762416540072,3300,3301,800,3307,3304,3533,3301,3300,22.22222328186035,0,0,0,0,0,0,0,252008.55535888672,58124.44812011719,93666.81091308594,0.3956298828125,33572028416,0,849784832,0
1,1762416540073,3300,3301,800,3307,3304,3533,3301,3300,22.22222328186035,0,0,0,0,0,0,0,252008.55639648438,58124.45251464844,93666.81237792969,0.3956298828125,33572028416,0,849784832,0
1,1762416540074,3300,3301,800,3307,3304,3533,3301,3300,22.22222328186035,0,0,0,0,0,0,0,252008.55841064453,58124.4609375,93666.8134765625,0.3956298828125,33572028416,0,849784832,0
0,1762416540076,3300,3301,800,3307,3304,3533,3301,3300,22.22222328186035,0,0,0,0,0,0,0,252008.55932617188,58124.46502685547,93666.8148803711,0.3956298828125,33572028416,0,849784832,0
0,1762416540077,3300,3301,800,3307,3304,3533,3301,3300,22.22222328186035,0,0,0,0,0,0,0,252008.56030273438,58124.46936035156,93666.81616210938,0.3956298828125,33572028416,0,849784832,0
0,1762416540078,3300,3301,800,3307,3304,3533,3301,3300,22.22222328186035,0,0,0,0,0,0,0,252008.56134033203,58124.474060058594,93666.81799316406,0.3956298828125,33572028416,0,849784832,0
1,1762416540079,3300,3301,800,3307,3304,3533,3301,3300,22.22222328186035,0,0,0,0,0,0,0,252008.56231689453,58124.478759765625,93666.81951904297,0.3956298828125,33572028416,0,849784832,0
1,1762416540080,3300,3301,800,3307,3304,3533,3301,3300,22.22222328186035,0,0,0,0,0,0,0,252008.56329345703,58124.483337402344,93666.8208618164,0.3956298828125,33572028416,0,849784832,0
1,1762416540081,3300,3301,800,3307,3304,3533,3301,3300,22.22222328186035,0,0,0,0,0,0,0,252008.5643310547,58124.487854003906,93666.82232666016,0.3956298828125,33572028416,0,849784832,0
1,1762416540082,3300,3301,800,3307,3304,3533,3301,3300,22.22222328186035,0,0,0,0,0,0,0,252008.5653076172,58124.492431640625,93666.82360839844,0.3956298828125,33572028416,0,849784832,0
1,1762416540083,3300,3301,800,3307,3304,3533,3301,3300,22.22222328186035,0,0,0,0,0,0,0,252008.56634521484,58124.496826171875,93666.82501220703,0.3956298828125,33572028416,0,849784832,0
1,1762416540084,3300,3301,800,3307,3304,3533,3301,3300,22.22222328186035,0,0,0,0,0,0,0,252008.56732177734,58124.501220703125,93666.82635498047,0.3956298828125,33572028416,0,849784832,0
1,1762416540085,3300,3301,800,3307,3304,3533,3301,3300,22.22222328186035,0,0,0,0,0,0,0,252008.56927490234,58124.50946044922,93666.82763671875,0.3956298828125,33572028416,0,849784832,0
0,1762416540086,3300,3301,800,3307,3304,3533,3301,3300,22.22222328186035,0,0,0,0,0,0,0,252008.57025146484,58124.513732910156,93666.82885742188,0.3956298828125,33572028416,0,849784832,0
0,1762416540088,3300,3301,800,3307,3304,3533,3301,3300,22.22222328186035,0,0,0,0,0,0,0,252008.57122802734,58124.517822265625,93666.83001708984,0.3956298828125,33572028416,0,849784832,0
0,1762416540089,3300,3301,800,3307,3304,3533,3301,3300,22.22222328186035,0,0,0,0,0,0,0,252008.57220458984,58124.52209472656,93666.83123779297,0.3956298828125,33572028416,0,849784832,0
1,1762416540090,3300,3301,800,3307,3304,3533,3301,3300,22.22222328186035,0,0,0,0,0,0,0,252008.5732421875,58124.52667236328,93666.83276367188,0.3956298828125,33572028416,0,849784832,0
1,1762416540091,3300,3301,800,3307,3304,3533,3301,3300,22.22222328186035,0,0,0,0,0,0,0,252008.57421875,58124.531188964844,93666.83428955078,0.3956298828125,33572028416,0,849784832,0
1,1762416540092,3300,3301,800,3307,3304,3533,3301,3300,22.22222328186035,0,0,0,0,0,0,0,252008.57525634766,58124.536071777344,93666.8359375,0.3956298828125,33572028416,0,849784832,0
1,1762416540093,3300,3301,800,3307,3304,3533,3301,3300,22.22222328186035,0,0,0,0,0,0,0,252008.576171875,58124.540466308594,93666.83728027344,0.3956298828125,33572028416,0,849784832,0
1,1762416540094,3300,3301,800,3307,3304,3533,3301,3300,22.22222328186035,0,0,0,0,0,0,0,252008.57720947266,58124.54510498047,93666.83874511719,0.3956298828125,33572028416,0,849784832,0
1,1762416540095,3300,3301,800,3307,3304,3533,3301,3300,22.22222328186035,0,0,0,0,0,0,0,252008.57818603516,58124.54931640625,93666.84002685547,0.3956298828125,33572028416,0,849784832,0
1,1762416540096,3300,3301,800,3307,3304,3533,3301,3300,22.22222328186035,0,0,0,0,0,0,0,252008.58013916016,58124.5576171875,93666.84118652344,0.3956298828125,33572028416,0,849784832,0
0,1762416540097,3300,3301,800,3307,3304,3533,3301,3300,22.22222328186035,0,0,0,0,0,0,0,252008.58111572266,58124.561950683594,93666.84259033203,0.3956298828125,33572028416,0,849784832,0
0,1762416540099,3300,3301,800,3307,3304,3533,3301,3300,22.22222328186035,0,0,0,0,0,0,0,252008.5821533203,58124.566467285156,93666.84399414063,0.3956298828125,33572028416,0,849784832,0
0,1762416540100,3300,3301,800,3307,3304,3533,3301,3300,22.22222328186035,0,0,0,0,0,0,0,252008.5831298828,58124.57098388672,93666.84558105469,0.3956298828125,33572028416,0,849784832,0
1,1762416540101,3300,3301,800,3307,3304,3533,3301,3300,22.22222328186035,0,0,0,0,0,0,0,252008.5841064453,58124.575439453125,93666.84704589844,0.3956298828125,33572028416,0,849784832,0
1,1762416540102,3300,3301,800,3307,3304,3533,3301,3300,22.22222328186035,0,0,0,0,0,0,0,252008.58514404297,58124.58020019531,93666.84893798828,0.3956298828125,33572028416,0,849784832,0
1,1762416540103,3300,3301,800,3307,3304,3533,3301,3300,22.22222328186035,0,0,0,0,0,0,0,252008.58612060547,58124.585876464844,93666.85174560547,0.3956298828125,33572028416,0,849784832,0
1,1762416540104,3300,3301,800,3307,3304,3533,3301,3300,22.22222328186035,0,0,0,0,0,0,0,252008.58715820313,58124.59161376953,93666.85437011719,0.3956298828125,33572028416,0,849784832,0
1,1762416540105,3300,3301,800,3307,3304,3533,3301,3300,22.22222328186035,0,0,0,0,0,0,0,252008.58813476563,58124.597229003906,93666.85729980469,0.3956298828125,33572028416,0,849784832,0
1,1762416540106,3300,3301,800,3307,3304,3533,3301,3300,22.22222328186035,0,0,0,0,0,0,0,252008.58911132813,58124.60284423828,93666.86041259766,0.3956298828125,33572028416,0,849784832,0
1,1762416540107,3300,3301,800,3307,3304,3533,3301,3300,22.22222328186035,0,0,0,0,0,0,0,252008.59112548828,58124.61395263672,93666.86309814453,0.3956298828125,33572028416,0,849784832,0
0,1762416540108,3300,3301,800,3307,3304,3533,3301,3300,22.22222328186035,0,0,0,0,0,0,0,252008.59216308594,58124.61944580078,93666.8656616211,0.3956298828125,33572028416,0,849784832,0
0,1762416540110,3300,3301,800,3307,3304,3533,3301,3300,22.22222328186035,0,0,0,0,0,0,0,252008.59313964844,58124.625061035156,93666.8685913086,0.3956298828125,33572028416,0,849784832,0
0,1762416540111,3300,3301,800,3307,3304,3533,3301,3300,22.22222328186035,0,0,0,0,0,0,0,252008.5941772461,58124.630920410156,93666.87127685547,0.3956298828125,33572028416,0,850042880,0
1,1762416540112,3300,3301,800,3307,3304,3533,3301,3300,22.22222328186035,0,0,0,0,0,0,0,252008.5951538086,58124.63610839844,93666.87365722656,0.3956298828125,33572028416,0,850042880,0
1,1762416540113,3300,3301,800,3307,3304,3533,3301,3300,22.22222328186035,0,0,0,0,0,0,0,252008.59619140625,58124.64178466797,93666.87585449219,0.3956298828125,33572028416,0,850042880,0
1,1762416540114,3300,3301,800,3307,3304,3533,3301,3300,22.22222328186035,0,0,0,0,0,0,0,252008.59716796875,58124.64685058594,93666.87799072266,0.3956298828125,33572028416,0,850042880,0
0,1762416540115,3300,3301,800,3307,3304,3533,3301,3300,22.22222328186035,0,0,0,0,0,0,0,252008.59814453125,58124.651794433594,93666.88006591797,0.3956298828125,33572028416,0,850042880,0
0,1762416540116,3300,3301,800,3307,3304,3533,3301,3300,22.22222328186035,0,0,0,0,0,0,0,252008.5991821289,58124.656799316406,93666.88195800781,0.3956298828125,33572028416,0,850042880,0
0,1762416540117,3300,3301,800,3307,3304,3533,3301,3300,22.22222328186035,0,0,0,0,0,0,0,252008.60021972656,58124.66180419922,93666.8837890625,0.3956298828125,33572028416,0,850042880,0
0,1762416540118,3300,3301,800,3307,3304,3533,3301,3300,22.22222328186035,0,0,0,0,0,0,0,252008.60119628906,58124.666564941406,93666.88592529297,0.3956298828125,33572028416,0,850042880,0
0,1762416540119,3300,3301,800,3307,3304,3533,3301,3300,22.22222328186035,0,0,0,0,0,0,0,252008.60223388672,58124.67205810547,93666.88830566406,0.3956298828125,33572028416,0,850042880,0
0,1762416540120,3300,3301,800,3307,3304,3533,3301,3300,22.22222328186035,0,0,0,0,0,0,0,252008.60424804688,58124.682556152344,93666.89074707031,0.3956298828125,33572028416,0,850042880,0
0,1762416540121,3300,3301,800,3307,3304,3533,3301,3300,22.22222328186035,0,0,0,0,0,0,0,252008.60522460938,58124.68762207031,93666.89306640625,0.3956298828125,33572028416,0,850042880,0
0,1762416540122,3300,3301,800,3307,3304,3533,3301,3300,22.22222328186035,0,0,0,0,0,0,0,252008.60620117188,58124.69299316406,93666.89575195313,0.3956298828125,33572028416,0,850042880,0
0,1762416540123,3300,3301,800,3307,3304,3533,3301,3300,22.22222328186035,0,0,0,0,0,0,0,252008.60717773438,58124.69854736328,93666.89825439453,0.3956298828125,33572028416,0,850042880,0
0,1762416540125,3300,3301,800,3307,3304,3533,3301,3300,22.22222328186035,0,0,0,0,0,0,0,252008.60821533203,58124.704040527344,93666.90075683594,0.3956298828125,33572028416,0,850042880,0
0,1762416540126,3300,3301,800,3307,3304,3533,3301,3300,22.22222328186035,0,0,0,0,0,0,0,252008.60919189453,58124.70959472656,93666.90325927734,0.3956298828125,33572028416,0,850042880,0
0,1762416540127,3300,3301,800,3307,3304,3533,3301,3300,22.22222328186035,0,0,0,0,0,0,0,252008.6102294922,58124.71502685547,93666.90551757813,0.3956298828125,33572028416,0,850042880,0
1,1762416540128,3300,3301,800,3307,3304,3533,3301,3300,22.22222328186035,0,0,0,0,0,0,0,252008.6112060547,58124.72033691406,93666.90802001953,0.3956298828125,33572028416,0,850042880,0
1,1762416540129,3300,3301,800,3307,3304,3533,3301,3300,22.22222328186035,0,0,0,0,0,0,0,252008.61224365234,58124.72595214844,93666.91021728516,0.3956298828125,33572028416,0,850042880,0
1,1762416540130,3300,3301,800,3307,3304,3533,3301,3300,22.22222328186035,0,0,0,0,0,0,0,252008.61322021484,58124.731018066406,93666.91241455078,0.3956298828125,33572028416,0,850042880,0
1,1762416540131,3300,3301,800,3307,3304,3533,3301,3300,22.22222328186035,0,0,0,0,0,0,0,252008.61419677734,58124.73645019531,93666.91455078125,0.3956298828125,33572028416,0,850042880,0
1,1762416540132,3300,3301,800,3307,3304,3533,3301,3300,22.22222328186035,0,0,0,0,0,0,0,252008.615234375,58124.741455078125,93666.91650390625,0.3956298828125,33572028416,0,850042880,0
0,1762416540133,3300,3301,800,3307,3304,3533,3301,3300,22.22222328186035,0,0,0,0,0,0,0,252008.6171875,58124.75085449219,93666.91864013672,0.3956298828125,33572028416,0,850042880,0
0,1762416540134,3300,3301,800,3307,3304,3533,3301,3300,22.22222328186035,0,0,0,0,0,0,0,252008.6181640625,58124.756408691406,93666.92108154297,0.3956298828125,33572028416,0,850042880,0
0,1762416540135,3300,3301,800,3307,3304,3533,3301,3300,22.22222328186035,0,0,0,0,0,0,0,252008.61920166016,58124.761474609375,93666.92309570313,0.3956298828125,33572028416,0,850042880,0
0,1762416540136,3300,3301,800,3307,3304,3533,3301,3300,22.22222328186035,0,0,0,0,0,0,0,252008.62017822266,58124.76678466797,93666.92553710938,0.3956298828125,33572028416,0,850042880,0
0,1762416540138,3300,3301,800,3307,3304,3533,3301,3300,22.22222328186035,0,0,0,0,0,0,0,252008.6212158203,58124.77215576172,93666.92791748047,0.3956298828125,33572028416,0,850042880,0
0,1762416540139,3300,3301,800,3307,3304,3533,3301,3300,22.22222328186035,0,0,0,0,0,0,0,252008.6221923828,58124.77770996094,93666.93060302734,0.3956298828125,33572028416,0,850042880,0
0,1762416540140,3300,3301,800,3307,3304,3533,3301,3300,22.22222328186035,0,0,0,0,0,0,0,252008.6231689453,58124.783203125,93666.93328857422,0.3956298828125,33572028416,0,850042880,0
1,1762416540141,3300,3301,800,3307,3304,3533,3301,3300,22.22222328186035,0,0,0,0,0,0,0,252008.62420654297,58124.78924560547,93666.9360961914,0.3956298828125,33572028416,0,850042880,0
1,1762416540142,3300,3301,800,3307,3304,3533,3301,3300,22.22222328186035,0,0,0,0,0,0,0,252008.62518310547,58124.794677734375,93666.93853759766,0.3956298828125,33572028416,0,850042880,0
1,1762416540143,3300,3301,800,3307,3304,3533,3301,3300,22.22222328186035,0,0,0,0,0,0,0,252008.62622070313,58124.79998779297,93666.94067382813,0.3956298828125,33572028416,0,850042880,0
1,1762416540144,3300,3301,800,3307,3304,3533,3301,3300,22.22222328186035,0,0,0,0,0,0,0,252008.62719726563,58124.80517578125,93666.94268798828,0.3956298828125,33572028416,0,850042880,0
1,1762416540145,3300,3301,800,3307,3304,3533,3301,3300,22.22222328186035,0,0,0,0,0,0,0,252008.62817382813,58124.810119628906,93666.94439697266,0.3956298828125,33572028416,0,850042880,0
0,1762416540146,3300,3301,800,3307,3304,3533,3301,3300,22.22222328186035,0,0,0,0,0,0,0,252008.63018798828,58124.81951904297,93666.94641113281,0.3956298828125,33572028416,0,850042880,0
0,1762416540147,3300,3301,800,3307,3304,3533,3301,3300,22.22222328186035,0,0,0,0,0,0,0,252008.63116455078,58124.82470703125,93666.9487915039,0.3956298828125,33572028416,0,850042880,0
0,1762416540148,3300,3301,800,3307,3304,3533,3301,3300,22.22222328186035,0,0,0,0,0,0,0,252008.63220214844,58124.82995605469,93666.95080566406,0.3956298828125,33572028416,0,850042880,0
0,1762416540149,3300,3301,800,3307,3304,3533,3301,3300,22.22222328186035,0,0,0,0,0,0,0,252008.63317871094,58124.83514404297,93666.95361328125,0.3956298828125,33572028416,0,850042880,0
0,1762416540151,3300,3301,800,3307,3304,3533,3301,3300,22.22222328186035,0,0,0,0,0,0,0,252008.6342163086,58124.84069824219,93666.95611572266,0.3956298828125,33572028416,0,850042880,0
0,1762416540152,3300,3301,800,3307,3304,3533,3301,3300,22.22222328186035,0,0,0,0,0,0,0,252008.6351928711,58124.846252441406,93666.95849609375,0.3956298828125,33572028416,0,850042880,0
0,1762416540153,3300,3301,800,3307,3304,3533,3301,3300,22.22222328186035,0,0,0,0,0,0,0,252008.6361694336,58124.8515625,93666.96105957031,0.3956298828125,33572028416,0,850042880,0
1,1762416540154,3300,3301,800,3307,3304,3533,3301,3300,22.22222328186035,0,0,0,0,0,0,0,252008.63720703125,58124.857482910156,93666.96368408203,0.3956298828125,33572028416,0,850042880,0
1,1762416540155,3300,3301,800,3307,3304,3533,3301,3300,22.22222328186035,0,0,0,0,0,0,0,252008.63818359375,58124.862854003906,93666.96594238281,0.3956298828125,33572028416,0,850042880,0
1,1762416540156,3300,3301,800,3307,3304,3533,3301,3300,22.22222328186035,0,0,0,0,0,0,0,252008.6392211914,58124.868103027344,93666.96795654297,0.3956298828125,33572028416,0,850042880,0
1,1762416540157,3300,3301,800,3307,3304,3533,3301,3300,22.22222328186035,0,0,0,0,0,0,0,252008.6401977539,58124.872985839844,93666.96978759766,0.3956298828125,33572028416,0,850042880,0
0,1762416540158,3300,3301,800,3307,3304,3533,3301,3300,22.22222328186035,0,0,0,0,0,0,0,252008.64221191406,58124.88262939453,93666.97180175781,0.3956298828125,33572028416,0,850042880,0
0,1762416540159,3300,3301,800,3307,3304,3533,3301,3300,22.22222328186035,0,0,0,0,0,0,0,252008.64221191406,58124.88262939453,93666.97430419922,0.3956298828125,33572028416,0,850042880,0
0,1762416540160,3300,3301,800,3307,3304,3533,3301,3300,22.22222328186035,0,0,0,0,0,0,0,252008.64318847656,58124.888244628906,93666.97662353516,0.3956298828125,33572028416,0,850042880,0
0,1762416540161,3300,3301,800,3307,3304,3533,3301,3300,22.22222328186035,0,0,0,0,0,0,0,252008.64520263672,58124.89923095703,93666.97912597656,0.3956298828125,33572028416,0,850042880,0
0,1762416540162,3300,3301,800,3307,3304,3533,3301,3300,22.22222328186035,0,0,0,0,0,0,0,252008.64624023438,58124.904541015625,93666.98223876953,0.3956298828125,33572028416,0,850042880,0
0,1762416540164,3300,3301,800,3307,3304,3533,3301,3300,22.22222328186035,0,0,0,0,0,0,0,252008.64721679688,58124.91015625,93666.98468017578,0.3956298828125,33572028416,0,850042880,0
0,1762416540165,3300,3301,800,3307,3304,3533,3301,3300,22.22222328186035,0,0,0,0,0,0,0,252008.64819335938,58124.915588378906,93666.9873046875,0.3956298828125,33572028416,0,850042880,0
0,1762416540166,3300,3301,800,3307,3304,3533,3301,3300,22.22222328186035,0,0,0,0,0,0,0,252008.64923095703,58124.921325683594,93666.98986816406,0.3956298828125,33572028416,0,850042880,0
0,1762416540167,3300,3301,800,3307,3304,3533,3301,3300,22.22222328186035,0,0,0,0,0,0,0,252008.65020751953,58124.926818847656,93666.99230957031,0.3956298828125,33572028416,0,850042880,0
1,1762416540168,3300,3301,800,3307,3304,3533,3301,3300,22.22222328186035,0,0,0,0,0,0,0,252008.6512451172,58124.932067871094,93666.99475097656,0.3956298828125,33572028416,0,850042880,0
1,1762416540169,3300,3301,800,3307,3304,3533,3301,3300,22.22222328186035,0,0,0,0,0,0,0,252008.6522216797,58124.937561035156,93666.99713134766,0.3956298828125,33572028416,0,850042880,0
1,1762416540170,3300,3301,800,3307,3304,3533,3301,3300,22.22222328186035,0,0,0,0,0,0,0,252008.6531982422,58124.94299316406,93666.99951171875,0.3956298828125,33572028416,0,850042880,0
1,1762416540171,3300,3301,800,3307,3304,3533,3301,3300,22.22222328186035,0,0,0,0,0,0,0,252008.65423583984,58124.9482421875,93667.00146484375,0.3956298828125,33572028416,0,850042880,0
0,1762416540172,3300,3301,800,3307,3304,3533,3301,3300,22.22222328186035,0,0,0,0,0,0,0,252008.65618896484,58124.95770263672,93667.00323486328,0.3956298828125,33572028416,0,850042880,0
0,1762416540173,3300,3301,800,3307,3304,3533,3301,3300,22.22222328186035,0,0,0,0,0,0,0,252008.6572265625,58124.96325683594,93667.00579833984,0.3956298828125,33572028416,0,850042880,0
0,1762416540174,3300,3301,800,3307,3304,3533,3301,3300,22.22222328186035,0,0,0,0,0,0,0,252008.658203125,58124.968505859375,93667.00805664063,0.3956298828125,33572028416,0,850042880,0
0,1762416540175,3300,3301,800,3307,3304,3533,3301,3300,22.22222328186035,0,0,0,0,0,0,0,252008.65924072266,58124.97430419922,93667.01092529297,0.3956298828125,33572028416,0,850042880,0
0,1762416540176,3300,3301,800,3307,3304,3533,3301,3300,22.22222328186035,0,0,0,0,0,0,0,252008.66021728516,58124.97961425781,93667.01391601563,0.3956298828125,33572028416,0,850042880,0
0,1762416540178,3300,3301,800,3307,3304,3533,3301,3300,22.22222328186035,0,0,0,0,0,0,0,252008.6612548828,58124.9853515625,93667.01611328125,0.3956298828125,33572028416,0,850042880,0
0,1762416540179,3300,3301,800,3307,3304,3533,3301,3300,22.22222328186035,0,0,0,0,0,0,0,252008.6622314453,58124.990783691406,93667.01861572266,0.3956298828125,33572028416,0,850042880,0
0,1762416540180,3300,3301,800,3307,3304,3533,3301,3300,22.22222328186035,0,0,0,0,0,0,0,252008.6632080078,58124.99621582031,93667.02117919922,0.3956298828125,33572028416,0,850042880,0
1,1762416540181,3300,3301,800,3307,3304,3533,3301,3300,22.22222328186035,0,0,0,0,0,0,0,252008.66424560547,58125.001708984375,93667.02368164063,0.3956298828125,33572028416,0,850042880,0
1,1762416540182,3300,3301,800,3307,3304,3533,3301,3300,22.22222328186035,0,0,0,0,0,0,0,252008.66522216797,58125.00732421875,93667.02612304688,0.3956298828125,33572028416,0,850042880,0
1,1762416540183,3300,3301,800,3307,3304,3533,3301,3300,22.22222328186035,0,0,0,0,0,0,0,252008.66625976563,58125.0126953125,93667.02850341797,0.3956298828125,33572028416,0,850042880,0
0,1762416540184,3300,3301,800,3307,3304,3533,3301,3300,22.22222328186035,0,0,0,0,0,0,0,252008.66723632813,58125.018005371094,93667.03063964844,0.3956298828125,33572028416,0,850042880,0
0,1762416540185,3300,3301,800,3307,3304,3533,3301,3300,22.22222328186035,0,0,0,0,0,0,0,252008.66821289063,58125.02294921875,93667.03295898438,0.3956298828125,33572028416,0,850042880,0
0,1762416540186,3300,3301,800,3307,3304,3533,3301,3300,22.22222328186035,0,0,0,0,0,0,0,252008.66925048828,58125.02844238281,93667.03515625,0.3956298828125,33572028416,0,850042880,0
0,1762416540187,3300,3301,800,3307,3304,3533,3301,3300,22.22222328186035,0,0,0,0,0,0,0,252008.67022705078,58125.03356933594,93667.03747558594,0.3956298828125,33572028416,0,850042880,0
0,1762416540188,3300,3301,800,3307,3304,3533,3301,3300,22.22222328186035,0,0,0,0,0,0,0,252008.67126464844,58125.038818359375,93667.03973388672,0.3956298828125,33572028416,0,850042880,0
0,1762416540189,3300,3301,800,3307,3304,3533,3301,3300,22.22222328186035,0,0,0,0,0,0,0,252008.67321777344,58125.04943847656,93667.04217529297,0.3956298828125,33572028416,0,850042880,0
0,1762416540190,3300,3301,800,3307,3304,3533,3301,3300,22.22222328186035,0,0,0,0,0,0,0,252008.6742553711,58125.055114746094,93667.04516601563,0.3956298828125,33572028416,0,850042880,0
0,1762416540192,3300,3301,800,3307,3304,3533,3301,3300,22.22222328186035,0,0,0,0,0,0,0,252008.6752319336,58125.06042480469,93667.04779052734,0.3956298828125,33572028416,0,850042880,0
0,1762416540193,3300,3301,800,3307,3304,3533,3301,3300,22.22222328186035,0,0,0,0,0,0,0,252008.67626953125,58125.06591796875,93667.0502319336,0.3956298828125,33572028416,0,850042880,0
0,1762416540194,3300,3301,800,3307,3304,3533,3301,3300,22.22222328186035,0,0,0,0,0,0,0,252008.67724609375,58125.07147216797,93667.052734375,0.3956298828125,33572028416,0,850042880,0
0,1762416540195,3300,3301,800,3307,3304,3533,3301,3300,22.22222328186035,0,0,0,0,0,0,0,252008.67822265625,58125.077209472656,93667.0556640625,0.3956298828125,33572028416,0,850042880,0
1,1762416540196,3300,3301,800,3307,3304,3533,3301,3300,22.22222328186035,0,0,0,0,0,0,0,252008.6792602539,58125.083068847656,93667.05841064453,0.3956298828125,33572028416,0,850042880,0
1,1762416540197,3300,3301,800,3307,3304,3533,3301,3300,22.22222328186035,0,0,0,0,0,0,0,252008.6802368164,58125.08850097656,93667.06079101563,0.3956298828125,33572028416,0,850042880,0
1,1762416540198,3300,3301,800,3307,3304,3533,3301,3300,22.22222328186035,0,0,0,0,0,0,0,252008.68127441406,58125.09393310547,93667.06274414063,0.3956298828125,33572028416,0,850042880,0
0,1762416540199,3300,3301,800,3307,3304,3533,3301,3300,22.22222328186035,0,0,0,0,0,0,0,252008.68225097656,58125.098876953125,93667.06463623047,0.3956298828125,33572028416,0,850042880,0
0,1762416540200,3300,3301,800,3307,3304,3533,3301,3300,22.22222328186035,0,0,0,0,0,0,0,252008.68328857422,58125.10388183594,93667.0668334961,0.3956298828125,33572028416,0,850042880,0
0,1762416540201,3300,3301,800,3307,3304,3533,3301,3300,22.22222328186035,0,0,0,0,0,0,0,252008.68426513672,58125.109130859375,93667.06909179688,0.3956298828125,33572028416,0,850042880,0
0,1762416540202,3300,3301,800,3307,3304,3533,3301,3300,22.22222328186035,0,0,0,0,0,0,0,252008.68524169922,58125.114196777344,93667.07116699219,0.3956298828125,33572028416,0,850042880,0
0,1762416540203,3300,3301,800,3307,3304,3533,3301,3300,22.22222328186035,0,0,0,0,0,0,0,252008.68627929688,58125.119201660156,93667.07336425781,0.3956298828125,33572028416,0,850042880,0
1,1762416540204,3300,3301,800,3307,3304,3533,3301,3300,22.22222328186035,0,0,0,0,0,0,0,252008.68829345703,58125.13006591797,93667.07580566406,0.3956298828125,33572028416,0,850042880,0
0,1762416540206,3300,3301,800,3307,3304,3533,3301,3300,22.22222328186035,0,0,0,0,0,0,0,252008.68927001953,58125.134826660156,93667.0785522461,0.3956298828125,33572028416,0,850042880,0
0,1762416540207,3300,3301,800,3307,3304,3533,3301,3300,22.22222328186035,0,0,0,0,0,0,0,252008.69024658203,58125.14050292969,93667.08081054688,0.3956298828125,33572028416,0,850042880,0
0,1762416540208,3300,3301,800,3307,3304,3533,3301,3300,22.22222328186035,0,0,0,0,0,0,0,252008.6912841797,58125.145751953125,93667.08312988281,0.3956298828125,33572028416,0,850042880,0
1,1762416540209,3300,3301,800,3307,3304,3533,3301,3300,22.22222328186035,0,0,0,0,0,0,0,252008.69232177734,58125.151306152344,93667.08575439453,0.3956298828125,33572028416,0,850042880,0
1,1762416540210,3300,3301,800,3307,3304,3533,3301,3300,22.22222328186035,0,0,0,0,0,0,0,252008.69329833984,58125.15686035156,93667.08807373047,0.3956298828125,33572028416,0,850042880,0
1,1762416540211,3300,3301,800,3307,3304,3533,3301,3300,22.22222328186035,0,0,0,0,0,0,0,252008.69427490234,58125.162109375,93667.0903930664,0.3956298828125,33572028416,0,850042880,0
1,1762416540212,3300,3301,800,3307,3304,3533,3301,3300,22.22222328186035,0,0,0,0,0,0,0,252008.69525146484,58125.16735839844,93667.09265136719,0.3956298828125,33572028416,0,850042880,0
0,1762416540213,3300,3301,800,3307,3304,3533,3301,3300,22.22222328186035,0,0,0,0,0,0,0,252008.69622802734,58125.17224121094,93667.09466552734,0.3956298828125,33572028416,0,850042880,0
0,1762416540214,3300,3301,800,3307,3304,3533,3301,3300,22.22222328186035,0,0,0,0,0,0,0,252008.6982421875,58125.182556152344,93667.09704589844,0.3956298828125,33572028416,0,850042880,0
0,1762416540215,3300,3301,800,3307,3304,3533,3301,3300,22.22222328186035,0,0,0,0,0,0,0,252008.6982421875,58125.182556152344,93667.099609375,0.3956298828125,33572028416,0,850042880,0
0,1762416540216,3300,3301,800,3307,3304,3533,3301,3300,22.22222328186035,0,0,0,0,0,0,0,252008.70025634766,58125.19372558594,93667.10205078125,0.3956298828125,33572028416,0,850042880,0
0,1762416540217,3300,3301,800,3307,3304,3533,3301,3300,22.22222328186035,0,0,0,0,0,0,0,252008.70123291016,58125.198791503906,93667.10498046875,0.3956298828125,33572028416,0,850042880,0
0,1762416540219,3300,3301,800,3307,3304,3533,3301,3300,22.22222328186035,0,0,0,0,0,0,0,252008.7022705078,58125.204528808594,93667.10736083984,0.3956298828125,33572028416,0,850042880,0
0,1762416540220,3300,3301,800,3307,3304,3533,3301,3300,22.22222328186035,0,0,0,0,0,0,0,252008.7032470703,58125.20983886719,93667.10974121094,0.3956298828125,33572028416,0,850042880,0
0,1762416540221,3300,3301,800,3307,3304,3533,3301,3300,22.22222328186035,0,0,0,0,0,0,0,252008.70428466797,58125.215393066406,93667.11236572266,0.3956298828125,33572028416,0,850042880,0
0,1762416540222,3300,3301,800,3307,3304,3533,3301,3300,22.22222328186035,0,0,0,0,0,0,0,252008.70526123047,58125.220703125,93667.11486816406,0.3956298828125,33572028416,0,850042880,0
1,1762416540223,3300,3301,800,3307,3304,3533,3301,3300,22.22222328186035,0,0,0,0,0,0,0,252008.70629882813,58125.22619628906,93667.1171875,0.3956298828125,33572028416,0,850042880,0
1,1762416540224,3300,3301,800,3307,3304,3533,3301,3300,22.22222328186035,0,0,0,0,0,0,0,252008.70727539063,58125.231689453125,93667.11962890625,0.3956298828125,33572028416,0,850042880,0
1,1762416540225,3300,3301,800,3307,3304,3533,3301,3300,22.22222328186035,0,0,0,0,0,0,0,252008.70831298828,58125.23718261719,93667.12194824219,0.3956298828125,33572028416,0,850042880,0
1,1762416540226,3300,3301,800,3307,3304,3533,3301,3300,22.22222328186035,0,0,0,0,0,0,0,252008.70928955078,58125.24255371094,93667.12414550781,0.3956298828125,33572028416,0,850042880,0
0,1762416540227,3300,3301,800,3307,3304,3533,3301,3300,22.22222328186035,0,0,0,0,0,0,0,252008.71130371094,58125.25213623047,93667.12609863281,0.3956298828125,33572028416,0,850042880,0
0,1762416540228,3300,3301,800,3307,3304,3533,3301,3300,22.22222328186035,0,0,0,0,0,0,0,252008.71228027344,58125.25744628906,93667.12854003906,0.3956298828125,33572028416,0,850042880,0
0,1762416540229,3300,3301,800,3307,3304,3533,3301,3300,22.22222328186035,0,0,0,0,0,0,0,252008.7133178711,58125.25744628906,93667.13098144531,0.3956298828125,33572028416,0,850042880,0
0,1762416540230,3300,3301,800,3307,3304,3533,3301,3300,22.22222328186035,0,0,0,0,0,0,0,252008.7142944336,58125.26837158203,93667.13342285156,0.3956298828125,33572028416,0,850042880,0
0,1762416540231,3300,3301,800,3307,3304,3533,3301,3300,22.22222328186035,0,0,0,0,0,0,0,252008.7152709961,58125.27374267578,93667.13604736328,0.3956298828125,33572028416,0,850042880,0
0,1762416540233,3300,3301,800,3307,3304,3533,3301,3300,22.22222328186035,0,0,0,0,0,0,0,252008.71630859375,58125.27947998047,93667.138671875,0.3956298828125,33572028416,0,850042880,0
0,1762416540234,3300,3301,800,3307,3304,3533,3301,3300,22.22222328186035,0,0,0,0,0,0,0,252008.71728515625,58125.28503417969,93667.14141845703,0.3956298828125,33572028416,0,850042880,0
0,1762416540235,3300,3301,800,3307,3304,3533,3301,3300,22.22222328186035,0,0,0,0,0,0,0,252008.71826171875,58125.29071044922,93667.14422607422,0.3956298828125,33572028416,0,850042880,0
1,1762416540236,3300,3301,800,3307,3304,3533,3301,3300,22.22222328186035,0,0,0,0,0,0,0,252008.7192993164,58125.29650878906,93667.1470336914,0.3956298828125,33572028416,0,850042880,0
1,1762416540237,3300,3301,800,3307,3304,3533,3301,3300,22.22222328186035,0,0,0,0,0,0,0,252008.7202758789,58125.30212402344,93667.1494140625,0.3956298828125,33572028416,0,850042880,0
1,1762416540238,3300,3301,800,3307,3304,3533,3301,3300,22.22222328186035,0,0,0,0,0,0,0,252008.72131347656,58125.3076171875,93667.15161132813,0.3956298828125,33572028416,0,850042880,0
1,1762416540239,3300,3301,800,3307,3304,3533,3301,3300,22.22222328186035,0,0,0,0,0,0,0,252008.72229003906,58125.312927246094,93667.15399169922,0.3956298828125,33572028416,0,850042880,0
0,1762416540240,3300,3301,800,3307,3304,3533,3301,3300,22.22222328186035,0,0,0,0,0,0,0,252008.72430419922,58125.31787109375,93667.15588378906,0.3956298828125,33572028416,0,850042880,0
0,1762416540241,3300,3301,800,3307,3304,3533,3301,3300,22.22222328186035,0,0,0,0,0,0,0,252008.72430419922,58125.32287597656,93667.15850830078,0.3956298828125,33572028416,0,850042880,0
0,1762416540242,3300,3301,800,3307,3304,3533,3301,3300,22.22222328186035,0,0,0,0,0,0,0,252008.72528076172,58125.328369140625,93667.16082763672,0.3956298828125,33572028416,0,850042880,0
0,1762416540243,3300,3301,800,3307,3304,3533,3301,3300,22.22222328186035,0,0,0,0,0,0,0,252008.72729492188,58125.33905029297,93667.16326904297,0.3956298828125,33572028416,0,850042880,0
0,1762416540244,3300,3301,800,3307,3304,3533,3301,3300,22.22222328186035,0,0,0,0,0,0,0,252008.72827148438,58125.34442138672,93667.16613769531,0.3956298828125,33572028416,0,850042880,0
0,1762416540246,3300,3301,800,3307,3304,3533,3301,3300,22.22222328186035,0,0,0,0,0,0,0,252008.72930908203,58125.35009765625,93667.1685180664,0.3956298828125,33572028416,0,850042880,0
0,1762416540247,3300,3301,800,3307,3304,3533,3301,3300,22.22222328186035,0,0,0,0,0,0,0,252008.73028564453,58125.35546875,93667.17102050781,0.3956298828125,33572028416,0,850042880,0
0,1762416540248,3300,3301,800,3307,3304,3533,3301,3300,22.22222328186035,0,0,0,0,0,0,0,252008.73126220703,58125.360900878906,93667.17370605469,0.3956298828125,33572028416,0,850042880,0
1,1762416540249,3300,3301,800,3307,3304,3533,3301,3300,22.22222328186035,0,0,0,0,0,0,0,252008.7322998047,58125.36651611328,93667.17639160156,0.3956298828125,33572028416,0,850042880,0
1,1762416540250,3300,3301,800,3307,3304,3533,3301,3300,22.22222328186035,0,0,0,0,0,0,0,252008.7332763672,58125.37219238281,93667.17877197266,0.3956298828125,33572028416,0,850042880,0
1,1762416540251,3300,3301,800,3307,3304,3533,3301,3300,22.22222328186035,0,0,0,0,0,0,0,252008.73431396484,58125.37756347656,93667.18090820313,0.3956298828125,33572028416,0,850042880,0
1,1762416540252,3300,3301,800,3307,3304,3533,3301,3300,22.22222328186035,0,0,0,0,0,0,0,252008.73529052734,58125.38269042969,93667.18286132813,0.3956298828125,33572028416,0,850042880,0
0,1762416540253,3300,3301,800,3307,3304,3533,3301,3300,22.22222328186035,0,0,0,0,0,0,0,252008.73626708984,58125.38739013672,93667.18469238281,0.3956298828125,33572028416,0,850042880,0
0,1762416540254,3300,3301,800,3307,3304,3533,3301,3300,22.22222328186035,0,0,0,0,0,0,0,252008.73828125,58125.39776611328,93667.18725585938,0.3956298828125,33572028416,0,850042880,0
0,1762416540255,3300,3301,800,3307,3304,3533,3301,3300,22.22222328186035,0,0,0,0,0,0,0,252008.73828125,58125.39776611328,93667.1900024414,0.3956298828125,33572028416,0,850042880,0
0,1762416540256,3300,3301,800,3307,3304,3533,3301,3300,22.22222328186035,0,0,0,0,0,0,0,252008.74029541016,58125.408935546875,93667.19250488281,0.3956298828125,33572028416,0,850042880,0
0,1762416540257,3300,3301,800,3307,3304,3533,3301,3300,22.22222328186035,0,0,0,0,0,0,0,252008.7413330078,58125.41455078125,93667.19561767578,0.3956298828125,33572028416,0,850042880,0
0,1762416540259,3300,3301,800,3307,3304,3533,3301,3300,22.22222328186035,0,0,0,0,0,0,0,252008.7423095703,58125.419921875,93667.19799804688,0.3956298828125,33572028416,0,850042880,0
0,1762416540260,3300,3301,800,3307,3304,3533,3301,3300,22.22222328186035,0,0,0,0,0,0,0,252008.7432861328,58125.42541503906,93667.20056152344,0.3956298828125,33572028416,0,850042880,0
0,1762416540261,3300,3301,800,3307,3304,3533,3301,3300,22.22222328186035,0,0,0,0,0,0,0,252008.74432373047,58125.430908203125,93667.20306396484,0.3956298828125,33572028416,0,850042880,0
0,1762416540262,3300,3301,800,3307,3304,3533,3301,3300,22.22222328186035,0,0,0,0,0,0,0,252008.74536132813,58125.436584472656,93667.20568847656,0.3956298828125,33572028416,0,850042880,0
1,1762416540263,3300,3301,800,3307,3304,3533,3301,3300,22.22222328186035,0,0,0,0,0,0,0,252008.74633789063,58125.44219970703,93667.20819091797,0.3956298828125,33572028416,0,850042880,0
1,1762416540264,3300,3301,800,3307,3304,3533,3301,3300,22.22222328186035,0,0,0,0,0,0,0,252008.74731445313,58125.44775390625,93667.21075439453,0.3956298828125,33572028416,0,850042880,0
1,1762416540265,3300,3301,800,3307,3304,3533,3301,3300,22.22222328186035,0,0,0,0,0,0,0,252008.74829101563,58125.45294189453,93667.21264648438,0.3956298828125,33572028416,0,850042880,0
1,1762416540266,3300,3301,800,3307,3304,3533,3301,3300,22.22222328186035,0,0,0,0,0,0,0,252008.74932861328,58125.4580078125,93667.21466064453,0.3956298828125,33572028416,0,850042880,0
0,1762416540267,3300,3301,800,3307,3304,3533,3301,3300,22.22222328186035,0,0,0,0,0,0,0,252008.75134277344,58125.467712402344,93667.21661376953,0.3956298828125,33572028416,0,850042880,0
0,1762416540268,3300,3301,800,3307,3304,3533,3301,3300,5.263157844543457,25,0,0,0,0,0,0,252008.75231933594,58125.47302246094,93667.21948242188,0.3956298828125,33572028416,0,850042880,0
0,1762416540269,3300,3301,800,3307,3304,3533,3301,3300,5.263157844543457,25,0,0,0,0,0,0,252008.7533569336,58125.478942871094,93667.22186279297,0.3956298828125,33572028416,0,850042880,0
0,1762416540270,3300,3301,800,3307,3304,3533,3301,3300,5.263157844543457,25,0,0,0,0,0,0,252008.7543334961,58125.484313964844,93667.22442626953,0.3956298828125,33572028416,0,850042880,0
0,1762416540271,3300,3301,800,3307,3304,3533,3301,3300,5.263157844543457,25,0,0,0,0,0,0,252008.7553100586,58125.48962402344,93667.22717285156,0.3956298828125,33572028416,0,850042880,0
0,1762416540273,3300,3301,800,3307,3304,3533,3301,3300,5.263157844543457,25,0,0,0,0,0,0,252008.75634765625,58125.4951171875,93667.22955322266,0.3956298828125,33572028416,0,850042880,0
0,1762416540274,3300,3301,800,3307,3304,3533,3301,3300,5.263157844543457,25,0,0,0,0,0,0,252008.75732421875,58125.50048828125,93667.23205566406,0.3956298828125,33572028416,0,850042880,0
0,1762416540275,3300,3301,800,3307,3304,3533,3301,3300,5.263157844543457,25,0,0,0,0,0,0,252008.75830078125,58125.505920410156,93667.23443603516,0.3956298828125,33572028416,0,850042880,0
1,1762416540276,3300,3301,800,3307,3304,3533,3301,3300,5.263157844543457,25,0,0,0,0,0,0,252008.7593383789,58125.511657714844,93667.23718261719,0.3956298828125,33572028416,0,850042880,0
1,1762416540277,3300,3301,800,3307,3304,3533,3301,3300,5.263157844543457,25,0,0,0,0,0,0,252008.7603149414,58125.51696777344,93667.23956298828,0.3956298828125,33572028416,0,850042880,0
1,1762416540278,3300,3301,800,3307,3304,3533,3301,3300,5.263157844543457,25,0,0,0,0,0,0,252008.76135253906,58125.52233886719,93667.2416381836,0.3956298828125,33572028416,0,850042880,0
1,1762416540279,3300,3301,800,3307,3304,3533,3301,3300,5.263157844543457,25,0,0,0,0,0,0,252008.76232910156,58125.527404785156,93667.24353027344,0.3956298828125,33572028416,0,850042880,0
0,1762416540280,3300,3301,800,3307,3304,3533,3301,3300,5.263157844543457,25,0,0,0,0,0,0,252008.76434326172,58125.537109375,93667.24542236328,0.3956298828125,33572028416,0,850042880,0
0,1762416540281,3300,3301,800,3307,3304,3533,3301,3300,5.263157844543457,25,0,0,0,0,0,0,252008.76538085938,58125.542724609375,93667.24816894531,0.3956298828125,33572028416,0,850042880,0
0,1762416540282,3300,3301,800,3307,3304,3533,3301,3300,5.263157844543457,25,0,0,0,0,0,0,252008.76635742188,58125.542724609375,93667.25067138672,0.3956298828125,33572028416,0,850042880,0
0,1762416540283,3300,3301,800,3307,3304,3533,3301,3300,5.263157844543457,25,0,0,0,0,0,0,252008.76733398438,58125.553649902344,93667.25323486328,0.3956298828125,33572028416,0,850042880,0
0,1762416540284,3300,3301,800,3307,3304,3533,3301,3300,5.263157844543457,25,0,0,0,0,0,0,252008.76837158203,58125.55926513672,93667.25616455078,0.3956298828125,33572028416,0,850042880,0
0,1762416540286,3300,3301,800,3307,3304,3533,3301,3300,5.263157844543457,25,0,0,0,0,0,0,252008.76934814453,58125.564514160156,93667.25842285156,0.3956298828125,33572028416,0,850042880,0
0,1762416540287,3300,3301,800,3307,3304,3533,3301,3300,5.263157844543457,25,0,0,0,0,0,0,252008.77032470703,58125.56994628906,93667.26080322266,0.3956298828125,33572028416,0,850042880,0
0,1762416540288,3300,3301,800,3307,3304,3533,3301,3300,5.263157844543457,25,0,0,0,0,0,0,252008.7713623047,58125.57556152344,93667.26330566406,0.3956298828125,33572028416,0,850042880,0
1,1762416540289,3300,3301,800,3307,3304,3533,3301,3300,5.263157844543457,25,0,0,0,0,0,0,252008.77239990234,58125.58135986328,93667.2661743164,0.3956298828125,33572028416,0,850042880,0
1,1762416540290,3300,3301,800,3307,3304,3533,3301,3300,5.263157844543457,25,0,0,0,0,0,0,252008.7733154297,58125.586669921875,93667.2685546875,0.3956298828125,33572028416,0,850042880,0
1,1762416540291,3300,3301,800,3307,3304,3533,3301,3300,5.263157844543457,25,0,0,0,0,0,0,252008.77435302734,58125.592041015625,93667.27062988281,0.3956298828125,33572028416,0,850042880,0
0,1762416540292,3300,3301,800,3307,3304,3533,3301,3300,5.263157844543457,25,0,0,0,0,0,0,252008.77532958984,58125.59716796875,93667.27252197266,0.3956298828125,33572028416,0,850042880,0
0,1762416540293,3300,3301,800,3307,3304,3533,3301,3300,5.263157844543457,25,0,0,0,0,0,0,252008.77630615234,58125.60205078125,93667.27471923828,0.3956298828125,33572028416,0,850042880,0
0,1762416540294,3300,3301,800,3307,3304,3533,3301,3300,5.263157844543457,25,0,0,0,0,0,0,252008.77734375,58125.60705566406,93667.27673339844,0.3956298828125,33572028416,0,850042880,0
0,1762416540295,3300,3301,800,3307,3304,3533,3301,3300,5.263157844543457,25,0,0,0,0,0,0,252008.77935791016,58125.617431640625,93667.27905273438,0.3956298828125,33572028416,0,850042880,0
0,1762416540296,3300,3301,800,3307,3304,3533,3301,3300,5.263157844543457,25,0,0,0,0,0,0,252008.77935791016,58125.617431640625,93667.28186035156,0.3956298828125,33572028416,0,850042880,0
0,1762416540297,3300,3301,800,3307,3304,3533,3301,3300,5.263157844543457,25,0,0,0,0,0,0,252008.7813720703,58125.62829589844,93667.28381347656,0.3956298828125,33572028416,0,850042880,0
0,1762416540298,3300,3301,800,3307,3304,3533,3301,3300,5.263157844543457,25,0,0,0,0,0,0,252008.7823486328,58125.63269042969,93667.2857055664,0.3956298828125,33572028416,0,850042880,0
0,1762416540300,3300,3301,800,3307,3304,3533,3301,3300,5.263157844543457,25,0,0,0,0,0,0,252008.7833251953,58125.637451171875,93667.28741455078,0.3956298828125,33572028416,0,850042880,0
0,1762416540301,3300,3301,800,3307,3304,3533,3301,3300,5.263157844543457,25,0,0,0,0,0,0,252008.78436279297,58125.642150878906,93667.28881835938,0.3956298828125,33572028416,0,850042880,0
1,1762416540302,3300,3301,800,3307,3304,3533,3301,3300,5.263157844543457,25,0,0,0,0,0,0,252008.78533935547,58125.64666748047,93667.29016113281,0.3956298828125,33572028416,0,850042880,0
1,1762416540303,3300,3301,800,3307,3304,3533,3301,3300,5.263157844543457,25,0,0,0,0,0,0,252008.78631591797,58125.65118408203,93667.29187011719,0.3956298828125,33572028416,0,850042880,0
1,1762416540304,3300,3301,800,3307,3304,3533,3301,3300,5.263157844543457,25,0,0,0,0,0,0,252008.78729248047,58125.65594482422,93667.29364013672,0.3956298828125,33572028416,0,850042880,0
1,1762416540305,3300,3301,800,3307,3304,3533,3301,3300,5.263157844543457,25,0,0,0,0,0,0,252008.78833007813,58125.66076660156,93667.2954711914,0.3956298828125,33572028416,0,850042880,0
1,1762416540306,3300,3301,800,3307,3304,3533,3301,3300,5.263157844543457,25,0,0,0,0,0,0,252008.78930664063,58125.665588378906,93667.29693603516,0.3956298828125,33572028416,0,850042880,0
1,1762416540307,3300,3301,800,3307,3304,3533,3301,3300,5.263157844543457,25,0,0,0,0,0,0,252008.79028320313,58125.67004394531,93667.2984008789,0.3956298828125,33572028416,0,850042880,0
1,1762416540308,3300,3301,800,3307,3304,3533,3301,3300,5.263157844543457,25,0,0,0,0,0,0,252008.79223632813,58125.67858886719,93667.29962158203,0.3956298828125,33572028416,0,850042880,0
0,1762416540309,3300,3301,800,3307,3304,3533,3301,3300,5.263157844543457,25,0,0,0,0,0,0,252008.79321289063,58125.682861328125,93667.3012084961,0.3956298828125,33572028416,0,850042880,0
0,1762416540311,3300,3301,800,3307,3304,3533,3301,3300,5.263157844543457,25,0,0,0,0,0,0,252008.79425048828,58125.68737792969,93667.30261230469,0.3956298828125,33572028416,0,850042880,0
0,1762416540312,3300,3301,800,3307,3304,3533,3301,3300,5.263157844543457,25,0,0,0,0,0,0,252008.79522705078,58125.69177246094,93667.3041381836,0.3956298828125,33572028416,0,850042880,0
1,1762416540313,3300,3301,800,3307,3304,3533,3301,3300,5.263157844543457,25,0,0,0,0,0,0,252008.79620361328,58125.69659423828,93667.30584716797,0.3956298828125,33572028416,0,850042880,0
1,1762416540314,3300,3301,800,3307,3304,3533,3301,3300,5.263157844543457,25,0,0,0,0,0,0,252008.79724121094,58125.701232910156,93667.3071899414,0.3956298828125,33572028416,0,850042880,0
1,1762416540315,3300,3301,800,3307,3304,3533,3301,3300,5.263157844543457,25,0,0,0,0,0,0,252008.79821777344,58125.70574951172,93667.30865478516,0.3956298828125,33572028416,0,850042880,0
1,1762416540316,3300,3301,800,3307,3304,3533,3301,3300,5.263157844543457,25,0,0,0,0,0,0,252008.79919433594,58125.710205078125,93667.30981445313,0.3956298828125,33572028416,0,850042880,0
1,1762416540317,3300,3301,800,3307,3304,3533,3301,3300,5.263157844543457,25,0,0,0,0,0,0,252008.8002319336,58125.714782714844,93667.31140136719,0.3956298828125,33572028416,0,850042880,0
1,1762416540318,3300,3301,800,3307,3304,3533,3301,3300,5.263157844543457,25,0,0,0,0,0,0,252008.8012084961,58125.719177246094,93667.31274414063,0.3956298828125,33572028416,0,850042880,0
1,1762416540319,3300,3301,800,3307,3304,3533,3301,3300,5.263157844543457,25,0,0,0,0,0,0,252008.8031616211,58125.7275390625,93667.31408691406,0.3956298828125,33572028416,0,850042880,0
0,1762416540320,3300,3301,800,3307,3304,3533,3301,3300,5.263157844543457,25,0,0,0,0,0,0,252008.8041381836,58125.73193359375,93667.31555175781,0.3956298828125,33572028416,0,850042880,0
0,1762416540322,3300,3301,800,3307,3304,3533,3301,3300,5.263157844543457,25,0,0,0,0,0,0,252008.8051147461,58125.73651123047,93667.31713867188,0.3956298828125,33572028416,0,850042880,0
0,1762416540323,3300,3301,800,3307,3304,3533,3301,3300,5.263157844543457,25,0,0,0,0,0,0,252008.80615234375,58125.741149902344,93667.31854248047,0.3956298828125,33572028416,0,850042880,0
1,1762416540324,3300,3301,800,3307,3304,3533,3301,3300,5.263157844543457,25,0,0,0,0,0,0,252008.80712890625,58125.74548339844,93667.31994628906,0.3956298828125,33572028416,0,850042880,0
1,1762416540325,3300,3301,800,3307,3304,3533,3301,3300,5.263157844543457,25,0,0,0,0,0,0,252008.80810546875,58125.750244140625,93667.32153320313,0.3956298828125,33572028416,0,850042880,0
1,1762416540326,3300,3301,800,3307,3304,3533,3301,3300,5.263157844543457,25,0,0,0,0,0,0,252008.80908203125,58125.754943847656,93667.32318115234,0.3956298828125,33572028416,0,850042880,0
1,1762416540327,3300,3301,800,3307,3304,3533,3301,3300,5.263157844543457,25,0,0,0,0,0,0,252008.8101196289,58125.75964355469,93667.3246459961,0.3956298828125,33572028416,0,850042880,0
1,1762416540328,3300,3301,800,3307,3304,3533,3301,3300,5.263157844543457,25,0,0,0,0,0,0,252008.8110961914,58125.763916015625,93667.32586669922,0.3956298828125,33572028416,0,850042880,0
1,1762416540329,3300,3301,800,3307,3304,3533,3301,3300,5.263157844543457,25,0,0,0,0,0,0,252008.8120727539,58125.768310546875,93667.32720947266,0.3956298828125,33572028416,0,850042880,0
1,1762416540330,3300,3301,800,3307,3304,3533,3301,3300,5.263157844543457,25,0,0,0,0,0,0,252008.81408691406,58125.776611328125,93667.32843017578,0.3956298828125,33572028416,0,850042880,0
0,1762416540332,3300,3301,800,3307,3304,3533,3301,3300,5.263157844543457,25,0,0,0,0,0,0,252008.81506347656,58125.78094482422,93667.32977294922,0.3956298828125,33572028416,0,850042880,0
0,1762416540333,3300,3301,800,3307,3304,3533,3301,3300,5.263157844543457,25,0,0,0,0,0,0,252008.81604003906,58125.78546142578,93667.33117675781,0.3956298828125,33572028416,0,850042880,0
0,1762416540334,3300,3301,800,3307,3304,3533,3301,3300,5.263157844543457,25,0,0,0,0,0,0,252008.81701660156,58125.789794921875,93667.33282470703,0.3956298828125,33572028416,0,850042880,0
1,1762416540335,3300,3301,800,3307,3304,3533,3301,3300,5.263157844543457,25,0,0,0,0,0,0,252008.81805419922,58125.794677734375,93667.3344116211,0.3956298828125,33572028416,0,850042880,0
1,1762416540336,3300,3301,800,3307,3304,3533,3301,3300,5.263157844543457,25,0,0,0,0,0,0,252008.81896972656,58125.799072265625,93667.33563232422,0.3956298828125,33572028416,0,850042880,0
1,1762416540337,3300,3301,800,3307,3304,3533,3301,3300,5.263157844543457,25,0,0,0,0,0,0,252008.82000732422,58125.8037109375,93667.33709716797,0.3956298828125,33572028416,0,850042880,0
1,1762416540338,3300,3301,800,3307,3304,3533,3301,3300,5.263157844543457,25,0,0,0,0,0,0,252008.82098388672,58125.808166503906,93667.3383178711,0.3956298828125,33572028416,0,850042880,0
1,1762416540339,3300,3301,800,3307,3304,3533,3301,3300,5.263157844543457,25,0,0,0,0,0,0,252008.82196044922,58125.81262207031,93667.33990478516,0.3956298828125,33572028416,0,850042880,0
1,1762416540340,3300,3301,800,3307,3304,3533,3301,3300,5.263157844543457,25,0,0,0,0,0,0,252008.82293701172,58125.816955566406,93667.34106445313,0.3956298828125,33572028416,0,850042880,0
0,1762416540341,3300,3301,800,3307,3304,3533,3301,3300,5.263157844543457,25,0,0,0,0,0,0,252008.82495117188,58125.825744628906,93667.34259033203,0.3956298828125,33572028416,0,850042880,0
0,1762416540342,3300,3301,800,3307,3304,3533,3301,3300,5.263157844543457,25,0,0,0,0,0,0,252008.82592773438,58125.830139160156,93667.3442993164,0.3956298828125,33572028416,0,850042880,0
0,1762416540344,3300,3301,800,3307,3304,3533,3301,3300,5.263157844543457,25,0,0,0,0,0,0,252008.82690429688,58125.83459472656,93667.34558105469,0.3956298828125,33572028416,0,850042880,0
0,1762416540345,3300,3301,800,3307,3304,3533,3301,3300,5.263157844543457,25,0,0,0,0,0,0,252008.82788085938,58125.838928222656,93667.34698486328,0.3956298828125,33572028416,0,850042880,0
1,1762416540346,3300,3301,800,3307,3304,3533,3301,3300,5.263157844543457,25,0,0,0,0,0,0,252008.82891845703,58125.843505859375,93667.34844970703,0.3956298828125,33572028416,0,850042880,0
1,1762416540347,3300,3301,800,3307,3304,3533,3301,3300,5.263157844543457,25,0,0,0,0,0,0,252008.82989501953,58125.84796142578,93667.34991455078,0.3956298828125,33572028416,0,850042880,0
1,1762416540348,3300,3301,800,3307,3304,3533,3301,3300,5.263157844543457,25,0,0,0,0,0,0,252008.83087158203,58125.852600097656,93667.3515625,0.3956298828125,33572028416,0,850042880,0
1,1762416540349,3300,3301,800,3307,3304,3533,3301,3300,5.263157844543457,25,0,0,0,0,0,0,252008.8319091797,58125.85729980469,93667.3529663086,0.3956298828125,33572028416,0,850042880,0
1,1762416540350,3300,3301,800,3307,3304,3533,3301,3300,5.263157844543457,25,0,0,0,0,0,0,252008.8328857422,58125.86181640625,93667.35430908203,0.3956298828125,33572028416,0,850042880,0
1,1762416540351,3300,3301,800,3307,3304,3533,3301,3300,5.263157844543457,25,0,0,0,0,0,0,252008.8338623047,58125.86608886719,93667.35559082031,0.3956298828125,33572028416,0,850042880,0
1,1762416540352,3300,3301,800,3307,3304,3533,3301,3300,5.263157844543457,25,0,0,0,0,0,0,252008.83587646484,58125.87048339844,93667.3568725586,0.3956298828125,33572028416,0,850042880,0
0,1762416540353,3300,3301,800,3307,3304,3533,3301,3300,5.263157844543457,25,0,0,0,0,0,0,252008.83685302734,58125.878967285156,93667.35845947266,0.3956298828125,33572028416,0,850042880,0
0,1762416540355,3300,3301,800,3307,3304,3533,3301,3300,5.263157844543457,25,0,0,0,0,0,0,252008.83782958984,58125.88348388672,93667.3599243164,0.3956298828125,33572028416,0,850042880,0
0,1762416540356,3300,3301,800,3307,3304,3533,3301,3300,5.263157844543457,25,0,0,0,0,0,0,252008.83880615234,58125.88800048828,93667.361328125,0.3956298828125,33572028416,0,850042880,0
1,1762416540357,3300,3301,800,3307,3304,3533,3301,3300,5.263157844543457,25,0,0,0,0,0,0,252008.83978271484,58125.89245605469,93667.36291503906,0.3956298828125,33572028416,0,850042880,0
1,1762416540358,3300,3301,800,3307,3304,3533,3301,3300,5.263157844543457,25,0,0,0,0,0,0,252008.84075927734,58125.89697265625,93667.3642578125,0.3956298828125,33572028416,0,850042880,0
1,1762416540359,3300,3301,800,3307,3304,3533,3301,3300,5.263157844543457,25,0,0,0,0,0,0,252008.841796875,58125.90155029297,93667.36560058594,0.3956298828125,33572028416,0,850042880,0
1,1762416540360,3300,3301,800,3307,3304,3533,3301,3300,5.263157844543457,25,0,0,0,0,0,0,252008.8427734375,58125.90594482422,93667.36682128906,0.3956298828125,33572028416,0,850042880,0
1,1762416540361,3300,3301,800,3307,3304,3533,3301,3300,5.263157844543457,25,0,0,0,0,0,0,252008.84381103516,58125.910400390625,93667.36828613281,0.3956298828125,33572028416,0,850042880,0
1,1762416540362,3300,3301,800,3307,3304,3533,3301,3300,5.263157844543457,25,0,0,0,0,0,0,252008.84478759766,58125.914794921875,93667.36975097656,0.3956298828125,33572028416,0,850042880,0
1,1762416540363,3300,3301,800,3307,3304,3533,3301,3300,5.263157844543457,25,0,0,0,0,0,0,252008.84674072266,58125.923400878906,93667.37115478516,0.3956298828125,33572028416,0,850042880,0
0,1762416540364,3300,3301,800,3307,3304,3533,3301,3300,5.263157844543457,25,0,0,0,0,0,0,252008.84771728516,58125.92785644531,93667.37274169922,0.3956298828125,33572028416,0,850042880,0
0,1762416540366,3300,3301,800,3307,3304,3533,3301,3300,5.263157844543457,25,0,0,0,0,0,0,252008.8487548828,58125.932189941406,93667.3740234375,0.3956298828125,33572028416,0,850042880,0
0,1762416540367,3300,3301,800,3307,3304,3533,3301,3300,5.263157844543457,25,0,0,0,0,0,0,252008.84967041016,58125.9365234375,93667.37548828125,0.3956298828125,33572028416,0,850042880,0
1,1762416540368,3300,3301,800,3307,3304,3533,3301,3300,5.263157844543457,25,0,0,0,0,0,0,252008.8507080078,58125.94110107422,93667.37701416016,0.3956298828125,33572028416,0,850042880,0
1,1762416540369,3300,3301,800,3307,3304,3533,3301,3300,5.263157844543457,25,0,0,0,0,0,0,252008.8516845703,58125.94561767578,93667.3784790039,0.3956298828125,33572028416,0,850042880,0
1,1762416540370,3300,3301,800,3307,3304,3533,3301,3300,5.263157844543457,25,0,0,0,0,0,0,252008.8526611328,58125.95037841797,93667.38000488281,0.3956298828125,33572028416,0,850042880,0
1,1762416540371,3300,3301,800,3307,3304,3533,3301,3300,5.263157844543457,25,0,0,0,0,0,0,252008.85369873047,58125.95495605469,93667.3812866211,0.3956298828125,33572028416,0,850042880,0
1,1762416540372,3300,3301,800,3307,3304,3533,3301,3300,5.263157844543457,25,0,0,0,0,0,0,252008.85467529297,58125.95935058594,93667.38256835938,0.3956298828125,33572028416,0,850042880,0
1,1762416540373,3300,3301,800,3307,3304,3533,3301,3300,5.263157844543457,25,0,0,0,0,0,0,252008.85565185547,58125.96356201172,93667.38391113281,0.3956298828125,33572028416,0,850042880,0
1,1762416540374,3300,3301,800,3307,3304,3533,3301,3300,5.263157844543457,25,0,0,0,0,0,0,252008.85760498047,58125.97198486328,93667.38513183594,0.3956298828125,33572028416,0,850042880,0
0,1762416540375,3300,3301,800,3307,3304,3533,3301,3300,5.263157844543457,25,0,0,0,0,0,0,252008.85864257813,58125.97637939453,93667.38659667969,0.3956298828125,33572028416,0,850042880,0
0,1762416540377,3300,3301,800,3307,3304,3533,3301,3300,5.263157844543457,25,0,0,0,0,0,0,252008.85961914063,58125.980895996094,93667.38806152344,0.3956298828125,33572028416,0,850042880,0
0,1762416540378,3300,3301,800,3307,3304,3533,3301,3300,5.263157844543457,25,0,0,0,0,0,0,252008.86059570313,58125.98522949219,93667.38940429688,0.3956298828125,33572028416,0,850042880,0
1,1762416540379,3300,3301,800,3307,3304,3533,3301,3300,5.263157844543457,25,0,0,0,0,0,0,252008.86157226563,58125.98986816406,93667.39080810547,0.3956298828125,33572028416,0,850042880,0
1,1762416540380,3300,3301,800,3307,3304,3533,3301,3300,5.263157844543457,25,0,0,0,0,0,0,252008.86260986328,58125.99426269531,93667.3920288086,0.3956298828125,33572028416,0,850042880,0
1,1762416540381,3300,3301,800,3307,3304,3533,3301,3300,5.263157844543457,25,0,0,0,0,0,0,252008.86358642578,58125.998596191406,93667.39343261719,0.3956298828125,33572028416,0,850042880,0
1,1762416540382,3300,3301,800,3307,3304,3533,3301,3300,5.263157844543457,25,0,0,0,0,0,0,252008.86456298828,58126.00311279297,93667.39465332031,0.3956298828125,33572028416,0,850042880,0
1,1762416540383,3300,3301,800,3307,3304,3533,3301,3300,5.263157844543457,25,0,0,0,0,0,0,252008.86553955078,58126.00750732422,93667.39617919922,0.3956298828125,33572028416,0,850042880,0
1,1762416540384,3300,3301,800,3307,3304,3533,3301,3300,5.263157844543457,25,0,0,0,0,0,0,252008.86651611328,58126.01184082031,93667.39752197266,0.3956298828125,33572028416,0,850042880,0
1,1762416540385,3300,3301,800,3307,3304,3533,3301,3300,5.263157844543457,25,0,0,0,0,0,0,252008.86853027344,58126.020568847656,93667.39904785156,0.3956298828125,33572028416,0,850042880,0
0,1762416540386,3300,3301,800,3307,3304,3533,3301,3300,5.263157844543457,25,0,0,0,0,0,0,252008.86950683594,58126.024841308594,93667.40032958984,0.3956298828125,33572028416,0,850042880,0
0,1762416540388,3300,3301,800,3307,3304,3533,3301,3300,5.263157844543457,25,0,0,0,0,0,0,252008.87048339844,58126.029052734375,93667.40142822266,0.3956298828125,33572028416,0,850042880,0
0,1762416540389,3300,3301,800,3307,3304,3533,3301,3300,5.263157844543457,25,0,0,0,0,0,0,252008.87145996094,58126.033447265625,93667.40307617188,0.3956298828125,33572028416,0,850042880,0
0,1762416540390,3300,3301,800,3307,3304,3533,3301,3300,5.263157844543457,25,0,0,0,0,0,0,252008.8724975586,58126.03826904297,93667.4047241211,0.3956298828125,33572028416,0,850042880,0
1,1762416540391,3300,3301,800,3307,3304,3533,3301,3300,5.263157844543457,25,0,0,0,0,0,0,252008.8734741211,58126.04284667969,93667.40606689453,0.3956298828125,33572028416,0,850042880,0
1,1762416540392,3300,3301,800,3307,3304,3533,3301,3300,5.263157844543457,25,0,0,0,0,0,0,252008.87451171875,58126.047424316406,93667.40753173828,0.3956298828125,33572028416,0,850042880,0
1,1762416540393,3300,3301,800,3307,3304,3533,3301,3300,5.263157844543457,25,0,0,0,0,0,0,252008.87548828125,58126.05187988281,93667.40869140625,0.3956298828125,33572028416,0,850042880,0
1,1762416540394,3300,3301,800,3307,3304,3533,3301,3300,5.263157844543457,25,0,0,0,0,0,0,252008.87646484375,58126.056213378906,93667.41021728516,0.3956298828125,33572028416,0,850042880,0
1,1762416540395,3300,3301,800,3307,3304,3533,3301,3300,5.263157844543457,25,0,0,0,0,0,0,252008.87744140625,58126.060791015625,93667.4115600586,0.3956298828125,33572028416,0,850042880,0
1,1762416540396,3300,3301,800,3307,3304,3533,3301,3300,5.263157844543457,25,0,0,0,0,0,0,252008.8794555664,58126.06921386719,93667.41284179688,0.3956298828125,33572028416,0,850042880,0
0,1762416540397,3300,3301,800,3307,3304,3533,3301,3300,5.263157844543457,25,0,0,0,0,0,0,252008.8804321289,58126.07354736328,93667.41442871094,0.3956298828125,33572028416,0,850042880,0
0,1762416540399,3300,3301,800,3307,3304,3533,3301,3300,5.263157844543457,25,0,0,0,0,0,0,252008.8814086914,58126.07800292969,93667.41583251953,0.3956298828125,33572028416,0,850042880,0
0,1762416540400,3300,3301,800,3307,3304,3533,3301,3300,5.263157844543457,25,0,0,0,0,0,0,252008.8823852539,58126.082275390625,93667.41705322266,0.3956298828125,33572028416,0,850042880,0
1,1762416540401,3300,3301,800,3307,3304,3533,3301,3300,5.263157844543457,25,0,0,0,0,0,0,252008.8833618164,58126.086853027344,93667.4185180664,0.3956298828125,33572028416,0,850042880,0
1,1762416540402,3300,3301,800,3307,3304,3533,3301,3300,5.263157844543457,25,0,0,0,0,0,0,252008.88439941406,58126.09143066406,93667.41979980469,0.3956298828125,33572028416,0,850042880,0
1,1762416540403,3300,3301,800,3307,3304,3533,3301,3300,5.263157844543457,25,0,0,0,0,0,0,252008.88537597656,58126.095764160156,93667.42102050781,0.3956298828125,33572028416,0,850042880,0
1,1762416540404,3300,3301,800,3307,3304,3533,3301,3300,5.263157844543457,25,0,0,0,0,0,0,252008.88635253906,58126.10009765625,93667.4224243164,0.3956298828125,33572028416,0,850042880,0
1,1762416540405,3300,3301,800,3307,3304,3533,3301,3300,5.263157844543457,25,0,0,0,0,0,0,252008.88739013672,58126.10461425781,93667.42388916016,0.3956298828125,33572028416,0,850042880,0
1,1762416540406,3300,3301,800,3307,3304,3533,3301,3300,5.263157844543457,25,0,0,0,0,0,0,252008.88836669922,58126.10906982422,93667.42547607422,0.3956298828125,33572028416,0,850042880,0
1,1762416540407,3300,3301,800,3307,3304,3533,3301,3300,5.263157844543457,25,0,0,0,0,0,0,252008.88934326172,58126.11346435547,93667.42663574219,0.3956298828125,33572028416,0,850042880,0
0,1762416540408,3300,3301,800,3307,3304,3533,3301,3300,5.263157844543457,25,0,0,0,0,0,0,252008.89129638672,58126.12188720703,93667.42810058594,0.3956298828125,33572028416,0,850042880,0
0,1762416540410,3300,3301,800,3307,3304,3533,3301,3300,5.263157844543457,25,0,0,0,0,0,0,252008.89233398438,58126.126403808594,93667.42950439453,0.3956298828125,33572028416,0,850042880,0
0,1762416540411,3300,3301,800,3307,3304,3533,3301,3300,5.263157844543457,25,0,0,0,0,0,0,252008.89324951172,58126.130798339844,93667.4312133789,0.3956298828125,33572028416,0,850042880,0
1,1762416540412,3300,3301,800,3307,3304,3533,3301,3300,5.263157844543457,25,0,0,0,0,0,0,252008.89428710938,58126.135498046875,93667.4326171875,0.3956298828125,33572028416,0,850042880,0
1,1762416540413,3300,3301,800,3307,3304,3533,3301,3300,5.263157844543457,25,0,0,0,0,0,0,252008.89526367188,58126.14001464844,93667.43395996094,0.3956298828125,33572028416,0,850042880,0
0,1762416540414,3300,3301,800,3307,3304,3533,3301,3300,5.263157844543457,25,0,0,0,0,0,0,252008.89630126953,58126.144592285156,93667.43548583984,0.3956298828125,33572028416,0,850042880,0
1,1762416540415,3300,3301,800,3307,3304,3533,3301,3300,5.263157844543457,25,0,0,0,0,0,0,252008.89721679688,58126.148986816406,93667.43701171875,0.3956298828125,33572028416,0,850042880,0
1,1762416540416,3300,3301,800,3307,3304,3533,3301,3300,5.263157844543457,25,0,0,0,0,0,0,252008.89825439453,58126.15362548828,93667.43829345703,0.3956298828125,33572028416,0,850042880,0
0,1762416540417,3300,3301,800,3307,3304,3533,3301,3300,5.263157844543457,25,0,0,0,0,0,0,252008.8992919922,58126.158142089844,93667.43963623047,0.3956298828125,33572028416,0,850042880,0
1,1762416540418,3300,3301,800,3307,3304,3533,3301,3300,5.263157844543457,25,0,0,0,0,0,0,252008.90020751953,58126.16223144531,93667.44134521484,0.3956298828125,33572028416,0,850042880,0
1,1762416540419,3300,3301,800,3307,3304,3533,3301,3300,5.263157844543457,25,0,0,0,0,0,0,252008.9022216797,58126.171325683594,93667.4428100586,0.3956298828125,33572028416,0,850042880,0
0,1762416540421,3300,3301,800,3307,3304,3533,3301,3300,5.263157844543457,25,0,0,0,0,0,0,252008.9031982422,58126.17565917969,93667.44421386719,0.3956298828125,33572028416,0,850042880,0
0,1762416540422,3300,3301,800,3307,3304,3533,3301,3300,5.263157844543457,25,0,0,0,0,0,0,252008.9041748047,58126.179931640625,93667.44543457031,0.3956298828125,33572028416,0,850042880,0
1,1762416540423,3300,3301,800,3307,3304,3533,3301,3300,5.263157844543457,25,0,0,0,0,0,0,252008.9051513672,58126.18426513672,93667.44665527344,0.3956298828125,33572028416,0,850042880,0
1,1762416540424,3300,3301,800,3307,3304,3533,3301,3300,5.263157844543457,25,0,0,0,0,0,0,252008.90618896484,58126.18878173828,93667.44812011719,0.3956298828125,33572028416,0,850042880,0
1,1762416540425,3300,3301,800,3307,3304,3533,3301,3300,5.263157844543457,25,0,0,0,0,0,0,252008.90716552734,58126.19317626953,93667.44921875,0.3956298828125,33572028416,0,850042880,0
1,1762416540426,3300,3301,800,3307,3304,3533,3301,3300,5.263157844543457,25,0,0,0,0,0,0,252008.908203125,58126.19757080078,93667.45068359375,0.3956298828125,33572028416,0,850042880,0
1,1762416540427,3300,3301,800,3307,3304,3533,3301,3300,5.263157844543457,25,0,0,0,0,0,0,252008.9091796875,58126.20202636719,93667.45208740234,0.3956298828125,33572028416,0,850042880,0
1,1762416540428,3300,3301,800,3307,3304,3533,3301,3300,5.263157844543457,25,0,0,0,0,0,0,252008.91015625,58126.20642089844,93667.4535522461,0.3956298828125,33572028416,0,850042880,0
1,1762416540429,3300,3301,800,3307,3304,3533,3301,3300,5.263157844543457,25,0,0,0,0,0,0,252008.91217041016,58126.215087890625,93667.45489501953,0.3956298828125,33572028416,0,850042880,0
0,1762416540430,3300,3301,800,3307,3304,3533,3301,3300,5.263157844543457,25,0,0,0,0,0,0,252008.9130859375,58126.21923828125,93667.45642089844,0.3956298828125,33572028416,0,850042880,0
0,1762416540432,3300,3301,800,3307,3304,3533,3301,3300,5.263157844543457,25,0,0,0,0,0,0,252008.91412353516,58126.22381591797,93667.45788574219,0.3956298828125,33572028416,0,850042880,0
0,1762416540433,3300,3301,800,3307,3304,3533,3301,3300,5.263157844543457,25,0,0,0,0,0,0,252008.91510009766,58126.22833251953,93667.45947265625,0.3956298828125,33572028416,0,850042880,0
1,1762416540434,3300,3301,800,3307,3304,3533,3301,3300,5.263157844543457,25,0,0,0,0,0,0,252008.91607666016,58126.232971191406,93667.46087646484,0.3956298828125,33572028416,0,850042880,0
1,1762416540435,3300,3301,800,3307,3304,3533,3301,3300,5.263157844543457,25,0,0,0,0,0,0,252008.9171142578,58126.23742675781,93667.46203613281,0.3956298828125,33572028416,0,850042880,0
1,1762416540436,3300,3301,800,3307,3304,3533,3301,3300,5.263157844543457,25,0,0,0,0,0,0,252008.9180908203,58126.241760253906,93667.4633178711,0.3956298828125,33572028416,0,850042880,0
1,1762416540437,3300,3301,800,3307,3304,3533,3301,3300,5.263157844543457,25,0,0,0,0,0,0,252008.9190673828,58126.24621582031,93667.46466064453,0.3956298828125,33572028416,0,850042880,0
1,1762416540438,3300,3301,800,3307,3304,3533,3301,3300,5.263157844543457,25,0,0,0,0,0,0,252008.9200439453,58126.25067138672,93667.46612548828,0.3956298828125,33572028416,0,850042880,0
1,1762416540439,3300,3301,800,3307,3304,3533,3301,3300,5.263157844543457,25,0,0,0,0,0,0,252008.9210205078,58126.255126953125,93667.46752929688,0.3956298828125,33572028416,0,850042880,0
1,1762416540440,3300,3301,800,3307,3304,3533,3301,3300,5.263157844543457,25,0,0,0,0,0,0,252008.92303466797,58126.263732910156,93667.46899414063,0.3956298828125,33572028416,0,850042880,0
0,1762416540441,3300,3301,800,3307,3304,3533,3301,3300,5.263157844543457,25,0,0,0,0,0,0,252008.92401123047,58126.268005371094,93667.47039794922,0.3956298828125,33572028416,0,850042880,0
0,1762416540443,3300,3301,800,3307,3304,3533,3301,3300,5.263157844543457,25,0,0,0,0,0,0,252008.92498779297,58126.272216796875,93667.47174072266,0.3956298828125,33572028416,0,850042880,0
0,1762416540444,3300,3301,800,3307,3304,3533,3301,3300,5.263157844543457,25,0,0,0,0,0,0,252008.92596435547,58126.27667236328,93667.47296142578,0.3956298828125,33572028416,0,850042880,0
1,1762416540445,3300,3301,800,3307,3304,3533,3301,3300,5.263157844543457,25,0,0,0,0,0,0,252008.92700195313,58126.281005859375,93667.4741821289,0.3956298828125,33572028416,0,850042880,0
1,1762416540446,3300,3301,800,3307,3304,3533,3301,3300,5.263157844543457,25,0,0,0,0,0,0,252008.92797851563,58126.28546142578,93667.47552490234,0.3956298828125,33572028416,0,850042880,0
1,1762416540447,3300,3301,800,3307,3304,3533,3301,3300,5.263157844543457,25,0,0,0,0,0,0,252008.92895507813,58126.289794921875,93667.47680664063,0.3956298828125,33572028416,0,850042880,0
1,1762416540448,3300,3301,800,3307,3304,3533,3301,3300,5.263157844543457,25,0,0,0,0,0,0,252008.92999267578,58126.29425048828,93667.47827148438,0.3956298828125,33572028416,0,850042880,0
1,1762416540449,3300,3301,800,3307,3304,3533,3301,3300,5.263157844543457,25,0,0,0,0,0,0,252008.93096923828,58126.298828125,93667.47967529297,0.3956298828125,33572028416,0,850042880,0
1,1762416540450,3300,3301,800,3307,3304,3533,3301,3300,5.263157844543457,25,0,0,0,0,0,0,252008.93194580078,58126.30310058594,93667.48083496094,0.3956298828125,33572028416,0,850042880,0
1,1762416540451,3300,3301,800,3307,3304,3533,3301,3300,5.263157844543457,25,0,0,0,0,0,0,252008.93292236328,58126.307373046875,93667.48217773438,0.3956298828125,33572028416,0,850042880,0
0,1762416540452,3300,3301,800,3307,3304,3533,3301,3300,5.263157844543457,25,0,0,0,0,0,0,252008.93487548828,58126.31573486328,93667.48376464844,0.3956298828125,33572028416,0,850042880,0
0,1762416540454,3300,3301,800,3307,3304,3533,3301,3300,5.263157844543457,25,0,0,0,0,0,0,252008.93591308594,58126.3203125,93667.48522949219,0.3956298828125,33572028416,0,850042880,0
0,1762416540455,3300,3301,800,3307,3304,3533,3301,3300,5.263157844543457,25,0,0,0,0,0,0,252008.93688964844,58126.32501220703,93667.48669433594,0.3956298828125,33572028416,0,850042880,0
1,1762416540456,3300,3301,800,3307,3304,3533,3301,3300,5.263157844543457,25,0,0,0,0,0,0,252008.93786621094,58126.329345703125,93667.48803710938,0.3956298828125,33572028416,0,850042880,0
1,1762416540457,3300,3301,800,3307,3304,3533,3301,3300,5.263157844543457,25,0,0,0,0,0,0,252008.93884277344,58126.33380126953,93667.48931884766,0.3956298828125,33572028416,0,850042880,0
1,1762416540458,3300,3301,800,3307,3304,3533,3301,3300,5.263157844543457,25,0,0,0,0,0,0,252008.93981933594,58126.33819580078,93667.49072265625,0.3956298828125,33572028416,0,850042880,0
1,1762416540459,3300,3301,800,3307,3304,3533,3301,3300,5.263157844543457,25,0,0,0,0,0,0,252008.9408569336,58126.34259033203,93667.49188232422,0.3956298828125,33572028416,0,850042880,0
1,1762416540460,3300,3301,800,3307,3304,3533,3301,3300,5.263157844543457,25,0,0,0,0,0,0,252008.9418334961,58126.34698486328,93667.49340820313,0.3956298828125,33572028416,0,850042880,0
1,1762416540461,3300,3301,800,3307,3304,3533,3301,3300,5.263157844543457,25,0,0,0,0,0,0,252008.94287109375,58126.351501464844,93667.49475097656,0.3956298828125,33572028416,0,850042880,0
1,1762416540462,3300,3301,800,3307,3304,3533,3301,3300,5.263157844543457,25,0,0,0,0,0,0,252008.94482421875,58126.35998535156,93667.49621582031,0.3956298828125,33572028416,0,850042880,0
0,1762416540464,3300,3301,800,3307,3304,3533,3301,3300,5.263157844543457,25,0,0,0,0,0,0,252008.94580078125,58126.364196777344,93667.4974975586,0.3956298828125,33572028416,0,850042880,0
0,1762416540465,3300,3301,800,3307,3304,3533,3301,3300,5.263157844543457,25,0,0,0,0,0,0,252008.94677734375,58126.368591308594,93667.49877929688,0.3956298828125,33572028416,0,850042880,0
0,1762416540466,3300,3301,800,3307,3304,3533,3301,3300,5.263157844543457,25,0,0,0,0,0,0,252008.94775390625,58126.373046875,93667.50006103516,0.3956298828125,33572028416,0,850042880,0
1,1762416540467,3300,3301,800,3307,3304,3533,3301,3300,5.263157844543457,25,0,0,0,0,0,0,252008.9487915039,58126.37731933594,93667.50122070313,0.3956298828125,33572028416,0,850042880,0
1,1762416540468,3300,3301,800,3307,3304,3533,3301,3300,5.263157844543457,25,0,0,0,0,0,0,252008.9497680664,58126.38171386719,93667.50268554688,0.3956298828125,33572028416,0,850042880,0
1,1762416540469,3300,3301,800,3307,3304,3533,3301,3300,21.052631378173828,5,0,0,0,0,0,0,252008.9507446289,58126.38623046875,93667.50408935547,0.3956298828125,33572028416,0,850042880,0
1,1762416540470,3300,3301,800,3307,3304,3533,3301,3300,21.052631378173828,5,0,0,0,0,0,0,252008.9517211914,58126.39080810547,93667.50567626953,0.3956298828125,33572028416,0,850042880,0
1,1762416540471,3300,3301,800,3307,3304,3533,3301,3300,21.052631378173828,5,0,0,0,0,0,0,252008.95275878906,58126.395568847656,93667.50720214844,0.3956298828125,33572028416,0,850042880,0
1,1762416540472,3300,3301,800,3307,3304,3533,3301,3300,21.052631378173828,5,0,0,0,0,0,0,252008.95373535156,58126.399963378906,93667.50854492188,0.3956298828125,33572028416,0,850042880,0
1,1762416540473,3300,3301,800,3307,3304,3533,3301,3300,21.052631378173828,5,0,0,0,0,0,0,252008.95574951172,58126.40441894531,93667.51000976563,0.3956298828125,33572028416,0,850042880,0
0,1762416540474,3300,3301,800,3307,3304,3533,3301,3300,21.052631378173828,5,0,0,0,0,0,0,252008.95666503906,58126.41296386719,93667.51153564453,0.3956298828125,33572028416,0,850042880,0
0,1762416540476,3300,3301,800,3307,3304,3533,3301,3300,21.052631378173828,5,0,0,0,0,0,0,252008.95770263672,58126.417419433594,93667.51293945313,0.3956298828125,33572028416,0,850042880,0
0,1762416540477,3300,3301,800,3307,3304,3533,3301,3300,21.052631378173828,5,0,0,0,0,0,0,252008.95867919922,58126.421813964844,93667.51416015625,0.3956298828125,33572028416,0,850042880,0
1,1762416540478,3300,3301,800,3307,3304,3533,3301,3300,21.052631378173828,5,0,0,0,0,0,0,252008.95965576172,58126.42608642578,93667.51550292969,0.3956298828125,33572028416,0,850042880,0
1,1762416540479,3300,3301,800,3307,3304,3533,3301,3300,21.052631378173828,5,0,0,0,0,0,0,252008.96063232422,58126.43054199219,93667.51678466797,0.3956298828125,33572028416,0,850042880,0
1,1762416540480,3300,3301,800,3307,3304,3533,3301,3300,21.052631378173828,5,0,0,0,0,0,0,252008.96166992188,58126.43493652344,93667.51806640625,0.3956298828125,33572028416,0,850042880,0
1,1762416540481,3300,3301,800,3307,3304,3533,3301,3300,21.052631378173828,5,0,0,0,0,0,0,252008.96264648438,58126.43933105469,93667.51940917969,0.3956298828125,33572028416,0,850042880,0
1,1762416540482,3300,3301,800,3307,3304,3533,3301,3300,21.052631378173828,5,0,0,0,0,0,0,252008.96362304688,58126.443908691406,93667.52087402344,0.3956298828125,33572028416,0,850042880,0
1,1762416540483,3300,3301,800,3307,3304,3533,3301,3300,21.052631378173828,5,0,0,0,0,0,0,252008.96459960938,58126.448303222656,93667.52221679688,0.3956298828125,33572028416,0,850042880,0
1,1762416540484,3300,3301,800,3307,3304,3533,3301,3300,21.052631378173828,5,0,0,0,0,0,0,252008.96661376953,58126.45672607422,93667.52368164063,0.3956298828125,33572028416,0,850042880,0
0,1762416540485,3300,3301,800,3307,3304,3533,3301,3300,21.052631378173828,5,0,0,0,0,0,0,252008.96759033203,58126.460998535156,93667.52502441406,0.3956298828125,33572028416,0,850042880,0
0,1762416540487,3300,3301,800,3307,3304,3533,3301,3300,21.052631378173828,5,0,0,0,0,0,0,252008.96856689453,58126.465270996094,93667.52612304688,0.3956298828125,33572028416,0,850042880,0
0,1762416540488,3300,3301,800,3307,3304,3533,3301,3300,21.052631378173828,5,0,0,0,0,0,0,252008.96954345703,58126.469665527344,93667.52746582031,0.3956298828125,33572028416,0,850042880,0
1,1762416540489,3300,3301,800,3307,3304,3533,3301,3300,21.052631378173828,5,0,0,0,0,0,0,252008.9705810547,58126.47393798828,93667.52856445313,0.3956298828125,33572028416,0,850042880,0
1,1762416540490,3300,3301,800,3307,3304,3533,3301,3300,21.052631378173828,5,0,0,0,0,0,0,252008.9715576172,58126.478271484375,93667.52990722656,0.3956298828125,33572028416,0,850042880,0
1,1762416540491,3300,3301,800,3307,3304,3533,3301,3300,21.052631378173828,5,0,0,0,0,0,0,252008.9725341797,58126.48278808594,93667.53149414063,0.3956298828125,33572028416,0,850042880,0
1,1762416540492,3300,3301,800,3307,3304,3533,3301,3300,21.052631378173828,5,0,0,0,0,0,0,252008.9735107422,58126.48742675781,93667.533203125,0.3956298828125,33572028416,0,850042880,0
1,1762416540493,3300,3301,800,3307,3304,3533,3301,3300,21.052631378173828,5,0,0,0,0,0,0,252008.9744873047,58126.492248535156,93667.53485107422,0.3956298828125,33572028416,0,850042880,0
1,1762416540494,3300,3301,800,3307,3304,3533,3301,3300,21.052631378173828,5,0,0,0,0,0,0,252008.97552490234,58126.49694824219,93667.53625488281,0.3956298828125,33572028416,0,850042880,0
0,1762416540495,3300,3301,800,3307,3304,3533,3301,3300,21.052631378173828,5,0,0,0,0,0,0,252008.97747802734,58126.50567626953,93667.53802490234,0.3956298828125,33572028416,0,850042880,0
0,1762416540496,3300,3301,800,3307,3304,3533,3301,3300,21.052631378173828,5,0,0,0,0,0,0,252008.978515625,58126.51013183594,93667.5394897461,0.3956298828125,33572028416,0,850042880,0
0,1762416540498,3300,3301,800,3307,3304,3533,3301,3300,21.052631378173828,5,0,0,0,0,0,0,252008.9794921875,58126.5146484375,93667.54089355469,0.3956298828125,33572028416,0,850042880,0
0,1762416540499,3300,3301,800,3307,3304,3533,3301,3300,21.052631378173828,5,0,0,0,0,0,0,252008.98046875,58126.51892089844,93667.54211425781,0.3956298828125,33572028416,0,850042880,0
1,1762416540500,3300,3301,800,3307,3304,3533,3301,3300,21.052631378173828,5,0,0,0,0,0,0,252008.9814453125,58126.52325439453,93667.54345703125,0.3956298828125,33572028416,0,850042880,0
1,1762416540501,3300,3301,800,3307,3304,3533,3301,3300,21.052631378173828,5,0,0,0,0,0,0,252008.982421875,58126.52764892578,93667.54473876953,0.3956298828125,33572028416,0,850042880,0
1,1762416540502,3300,3301,800,3307,3304,3533,3301,3300,21.052631378173828,5,0,0,0,0,0,0,252008.9833984375,58126.53204345703,93667.54595947266,0.3956298828125,33572028416,0,850042880,0
1,1762416540503,3300,3301,800,3307,3304,3533,3301,3300,21.052631378173828,5,0,0,0,0,0,0,252008.98443603516,58126.53649902344,93667.54748535156,0.3956298828125,33572028416,0,850042880,0
1,1762416540504,3300,3301,800,3307,3304,3533,3301,3300,21.052631378173828,5,0,0,0,0,0,0,252008.98541259766,58126.540954589844,93667.54901123047,0.3956298828125,33572028416,0,850042880,0
1,1762416540505,3300,3301,800,3307,3304,3533,3301,3300,21.052631378173828,5,0,0,0,0,0,0,252008.98638916016,58126.54559326172,93667.5503540039,0.3956298828125,33572028416,0,850042880,0
1,1762416540506,3300,3301,800,3307,3304,3533,3301,3300,21.052631378173828,5,0,0,0,0,0,0,252008.98834228516,58126.553955078125,93667.55163574219,0.3956298828125,33572028416,0,850042880,0
0,1762416540507,3300,3301,800,3307,3304,3533,3301,3300,21.052631378173828,5,0,0,0,0,0,0,252008.9893798828,58126.55810546875,93667.55285644531,0.3956298828125,33572028416,0,850042880,0
0,1762416540509,3300,3301,800,3307,3304,3533,3301,3300,21.052631378173828,5,0,0,0,0,0,0,252008.9903564453,58126.562438964844,93667.55395507813,0.3956298828125,33572028416,0,850042880,0
0,1762416540510,3300,3301,800,3307,3304,3533,3301,3300,21.052631378173828,5,0,0,0,0,0,0,252008.9913330078,58126.566833496094,93667.55535888672,0.3956298828125,33572028416,0,850042880,0
1,1762416540511,3300,3301,800,3307,3304,3533,3301,3300,21.052631378173828,5,0,0,0,0,0,0,252008.99237060547,58126.571228027344,93667.55645751953,0.3956298828125,33572028416,0,850042880,0
1,1762416540512,3300,3301,800,3307,3304,3533,3301,3300,21.052631378173828,5,0,0,0,0,0,0,252008.99334716797,58126.57556152344,93667.55810546875,0.3956298828125,33572028416,0,850042880,0
1,1762416540513,3300,3301,800,3307,3304,3533,3301,3300,21.052631378173828,5,0,0,0,0,0,0,252008.99432373047,58126.58020019531,93667.55975341797,0.3956298828125,33572028416,0,850042880,0
1,1762416540514,3300,3301,800,3307,3304,3533,3301,3300,21.052631378173828,5,0,0,0,0,0,0,252008.99530029297,58126.584899902344,93667.56134033203,0.3956298828125,33572028416,0,850042880,0
1,1762416540515,3300,3301,800,3307,3304,3533,3301,3300,21.052631378173828,5,0,0,0,0,0,0,252008.99633789063,58126.58953857422,93667.56286621094,0.3956298828125,33572028416,0,850042880,0
1,1762416540516,3300,3301,800,3307,3304,3533,3301,3300,21.052631378173828,5,0,0,0,0,0,0,252008.99731445313,58126.59387207031,93667.56420898438,0.3956298828125,33572028416,0,850042880,0
1,1762416540517,3300,3301,800,3307,3304,3533,3301,3300,21.052631378173828,5,0,0,0,0,0,0,252008.99926757813,58126.602600097656,93667.56579589844,0.3956298828125,33572028416,0,850042880,0
0,1762416540518,3300,3301,800,3307,3304,3533,3301,3300,21.052631378173828,5,0,0,0,0,0,0,252009.00024414063,58126.60681152344,93667.56713867188,0.3956298828125,33572028416,0,850042880,0
0,1762416540520,3300,3301,800,3307,3304,3533,3301,3300,21.052631378173828,5,0,0,0,0,0,0,252009.00122070313,58126.611083984375,93667.568359375,0.3956298828125,33572028416,0,850042880,0
0,1762416540521,3300,3301,800,3307,3304,3533,3301,3300,21.052631378173828,5,0,0,0,0,0,0,252009.00225830078,58126.61560058594,93667.56958007813,0.3956298828125,33572028416,0,850042880,0
1,1762416540522,3300,3301,800,3307,3304,3533,3301,3300,21.052631378173828,5,0,0,0,0,0,0,252009.00323486328,58126.61981201172,93667.5707397461,0.3956298828125,33572028416,0,850042880,0
1,1762416540523,3300,3301,800,3307,3304,3533,3301,3300,21.052631378173828,5,0,0,0,0,0,0,252009.00421142578,58126.624267578125,93667.57214355469,0.3956298828125,33572028416,0,850042880,0
1,1762416540524,3300,3301,800,3307,3304,3533,3301,3300,21.052631378173828,5,0,0,0,0,0,0,252009.00524902344,58126.62872314453,93667.57336425781,0.3956298828125,33572028416,0,850042880,0
1,1762416540525,3300,3301,800,3307,3304,3533,3301,3300,21.052631378173828,5,0,0,0,0,0,0,252009.00622558594,58126.63330078125,93667.57501220703,0.3956298828125,33572028416,0,850042880,0
1,1762416540526,3300,3301,800,3307,3304,3533,3301,3300,21.052631378173828,5,0,0,0,0,0,0,252009.00720214844,58126.637756347656,93667.57647705078,0.3956298828125,33572028416,0,850042880,0
1,1762416540527,3300,3301,800,3307,3304,3533,3301,3300,21.052631378173828,5,0,0,0,0,0,0,252009.0082397461,58126.642333984375,93667.57788085938,0.3956298828125,33572028416,0,850042880,0
1,1762416540528,3300,3301,800,3307,3304,3533,3301,3300,21.052631378173828,5,0,0,0,0,0,0,252009.0101928711,58126.65057373047,93667.5791015625,0.3956298828125,33572028416,0,850042880,0
0,1762416540529,3300,3301,800,3307,3304,3533,3301,3300,21.052631378173828,5,0,0,0,0,0,0,252009.0111694336,58126.65490722656,93667.5805053711,0.3956298828125,33572028416,0,850042880,0
0,1762416540531,3300,3301,800,3307,3304,3533,3301,3300,21.052631378173828,5,0,0,0,0,0,0,252009.0121459961,58126.6591796875,93667.58166503906,0.3956298828125,33572028416,0,850042880,0
0,1762416540532,3300,3301,800,3307,3304,3533,3301,3300,21.052631378173828,5,0,0,0,0,0,0,252009.0131225586,58126.66357421875,93667.5830078125,0.3956298828125,33572028416,0,850042880,0
1,1762416540533,3300,3301,800,3307,3304,3533,3301,3300,21.052631378173828,5,0,0,0,0,0,0,252009.0140991211,58126.66796875,93667.58435058594,0.3956298828125,33572028416,0,850042880,0
1,1762416540534,3300,3301,800,3307,3304,3533,3301,3300,21.052631378173828,5,0,0,0,0,0,0,252009.01513671875,58126.67236328125,93667.58587646484,0.3956298828125,33572028416,0,850042880,0
1,1762416540535,3300,3301,800,3307,3304,3533,3301,3300,21.052631378173828,5,0,0,0,0,0,0,252009.01611328125,58126.67712402344,93667.58758544922,0.3956298828125,33572028416,0,850042880,0
1,1762416540536,3300,3301,800,3307,3304,3533,3301,3300,21.052631378173828,5,0,0,0,0,0,0,252009.01708984375,58126.68182373047,93667.58911132813,0.3956298828125,33572028416,0,850042880,0
1,1762416540537,3300,3301,800,3307,3304,3533,3301,3300,21.052631378173828,5,0,0,0,0,0,0,252009.0181274414,58126.686584472656,93667.59057617188,0.3956298828125,33572028416,0,850042880,0
1,1762416540538,3300,3301,800,3307,3304,3533,3301,3300,21.052631378173828,5,0,0,0,0,0,0,252009.0191040039,58126.69104003906,93667.59197998047,0.3956298828125,33572028416,0,850042880,0
1,1762416540539,3300,3301,800,3307,3304,3533,3301,3300,21.052631378173828,5,0,0,0,0,0,0,252009.0210571289,58126.699462890625,93667.59326171875,0.3956298828125,33572028416,0,850042880,0
1,1762416540540,3300,3301,800,3307,3304,3533,3301,3300,21.052631378173828,5,0,0,0,0,0,0,252009.02209472656,58126.703674316406,93667.59454345703,0.3956298828125,33572028416,0,850042880,0
0,1762416540542,3300,3301,800,3307,3304,3533,3301,3300,21.052631378173828,5,0,0,0,0,0,0,252009.02307128906,58126.7080078125,93667.59600830078,0.3956298828125,33572028416,0,850042880,0
0,1762416540543,3300,3301,800,3307,3304,3533,3301,3300,21.052631378173828,5,0,0,0,0,0,0,252009.02410888672,58126.712951660156,93667.59765625,0.3956298828125,33572028416,0,850042880,0
1,1762416540544,3300,3301,800,3307,3304,3533,3301,3300,21.052631378173828,5,0,0,0,0,0,0,252009.02502441406,58126.71716308594,93667.59887695313,0.3956298828125,33572028416,0,850042880,0
1,1762416540545,3300,3301,800,3307,3304,3533,3301,3300,21.052631378173828,5,0,0,0,0,0,0,252009.02600097656,58126.72149658203,93667.60021972656,0.3956298828125,33572028416,0,850042880,0
1,1762416540546,3300,3301,800,3307,3304,3533,3301,3300,21.052631378173828,5,0,0,0,0,0,0,252009.02703857422,58126.726013183594,93667.60168457031,0.3956298828125,33572028416,0,850042880,0
1,1762416540547,3300,3301,800,3307,3304,3533,3301,3300,21.052631378173828,5,0,0,0,0,0,0,252009.02801513672,58126.73065185547,93667.60339355469,0.3956298828125,33572028416,0,850042880,0
1,1762416540548,3300,3301,800,3307,3304,3533,3301,3300,21.052631378173828,5,0,0,0,0,0,0,252009.02899169922,58126.735290527344,93667.60473632813,0.3956298828125,33572028416,0,850042880,0
1,1762416540549,3300,3301,800,3307,3304,3533,3301,3300,21.052631378173828,5,0,0,0,0,0,0,252009.02996826172,58126.739685058594,93667.60614013672,0.3956298828125,33572028416,0,850042880,0
1,1762416540550,3300,3301,800,3307,3304,3533,3301,3300,21.052631378173828,5,0,0,0,0,0,0,252009.03198242188,58126.74835205078,93667.60754394531,0.3956298828125,33572028416,0,850042880,0
0,1762416540551,3300,3301,800,3307,3304,3533,3301,3300,21.052631378173828,5,0,0,0,0,0,0,252009.03295898438,58126.75244140625,93667.60870361328,0.3956298828125,33572028416,0,850042880,0
0,1762416540553,3300,3301,800,3307,3304,3533,3301,3300,21.052631378173828,5,0,0,0,0,0,0,252009.03399658203,58126.75695800781,93667.61004638672,0.3956298828125,33572028416,0,850042880,0
0,1762416540554,3300,3301,800,3307,3304,3533,3301,3300,21.052631378173828,5,0,0,0,0,0,0,252009.03491210938,58126.76123046875,93667.61151123047,0.3956298828125,33572028416,0,850042880,0
1,1762416540555,3300,3301,800,3307,3304,3533,3301,3300,21.052631378173828,5,0,0,0,0,0,0,252009.03594970703,58126.76574707031,93667.61309814453,0.3956298828125,33572028416,0,850042880,0
1,1762416540556,3300,3301,800,3307,3304,3533,3301,3300,21.052631378173828,5,0,0,0,0,0,0,252009.03692626953,58126.77032470703,93667.61456298828,0.3956298828125,33572028416,0,850042880,0
1,1762416540557,3300,3301,800,3307,3304,3533,3301,3300,21.052631378173828,5,0,0,0,0,0,0,252009.03790283203,58126.77502441406,93667.61627197266,0.3956298828125,33572028416,0,850042880,0
1,1762416540558,3300,3301,800,3307,3304,3533,3301,3300,21.052631378173828,5,0,0,0,0,0,0,252009.0389404297,58126.779724121094,93667.6177368164,0.3956298828125,33572028416,0,850042880,0
1,1762416540559,3300,3301,800,3307,3304,3533,3301,3300,21.052631378173828,5,0,0,0,0,0,0,252009.0399169922,58126.78430175781,93667.619140625,0.3956298828125,33572028416,0,850042880,0
1,1762416540560,3300,3301,800,3307,3304,3533,3301,3300,21.052631378173828,5,0,0,0,0,0,0,252009.0408935547,58126.78875732422,93667.62060546875,0.3956298828125,33572028416,0,850042880,0
1,1762416540561,3300,3301,800,3307,3304,3533,3301,3300,21.052631378173828,5,0,0,0,0,0,0,252009.0428466797,58126.797302246094,93667.62200927734,0.3956298828125,33572028416,0,850042880,0
0,1762416540562,3300,3301,800,3307,3304,3533,3301,3300,21.052631378173828,5,0,0,0,0,0,0,252009.04388427734,58126.80145263672,93667.62316894531,0.3956298828125,33572028416,0,850042880,0
0,1762416540564,3300,3301,800,3307,3304,3533,3301,3300,21.052631378173828,5,0,0,0,0,0,0,252009.04486083984,58126.80578613281,93667.6244506836,0.3956298828125,33572028416,0,850042880,0
0,1762416540565,3300,3301,800,3307,3304,3533,3301,3300,21.052631378173828,5,0,0,0,0,0,0,252009.04583740234,58126.81018066406,93667.62579345703,0.3956298828125,33572028416,0,850042880,0
1,1762416540566,3300,3301,800,3307,3304,3533,3301,3300,21.052631378173828,5,0,0,0,0,0,0,252009.046875,58126.81463623047,93667.62701416016,0.3956298828125,33572028416,0,850042880,0
1,1762416540567,3300,3301,800,3307,3304,3533,3301,3300,21.052631378173828,5,0,0,0,0,0,0,252009.0478515625,58126.81896972656,93667.62841796875,0.3956298828125,33572028416,0,850042880,0
1,1762416540568,3300,3301,800,3307,3304,3533,3301,3300,21.052631378173828,5,0,0,0,0,0,0,252009.048828125,58126.823486328125,93667.63006591797,0.3956298828125,33572028416,0,850042880,0
1,1762416540569,3300,3301,800,3307,3304,3533,3301,3300,21.052631378173828,5,0,0,0,0,0,0,252009.0498046875,58126.82824707031,93667.63171386719,0.3956298828125,33572028416,0,850042880,0
1,1762416540570,3300,3301,800,3307,3304,3533,3301,3300,21.052631378173828,5,0,0,0,0,0,0,252009.05084228516,58126.833068847656,93667.63305664063,0.3956298828125,33572028416,0,850042880,0
1,1762416540571,3300,3301,800,3307,3304,3533,3301,3300,21.052631378173828,5,0,0,0,0,0,0,252009.05181884766,58126.83740234375,93667.63439941406,0.3956298828125,33572028416,0,850042880,0
1,1762416540572,3300,3301,800,3307,3304,3533,3301,3300,21.052631378173828,5,0,0,0,0,0,0,252009.05279541016,58126.841735839844,93667.63549804688,0.3956298828125,33572028416,0,850042880,0
0,1762416540573,3300,3301,800,3307,3304,3533,3301,3300,21.052631378173828,5,0,0,0,0,0,0,252009.0548095703,58126.84997558594,93667.63690185547,0.3956298828125,33572028416,0,850042880,0
0,1762416540575,3300,3301,800,3307,3304,3533,3301,3300,21.052631378173828,5,0,0,0,0,0,0,252009.05572509766,58126.854248046875,93667.63818359375,0.3956298828125,33572028416,0,850042880,0
0,1762416540576,3300,3301,800,3307,3304,3533,3301,3300,21.052631378173828,5,0,0,0,0,0,0,252009.0567626953,58126.85876464844,93667.63970947266,0.3956298828125,33572028416,0,850042880,0
1,1762416540577,3300,3301,800,3307,3304,3533,3301,3300,21.052631378173828,5,0,0,0,0,0,0,252009.0577392578,58126.86340332031,93667.64129638672,0.3956298828125,33572028416,0,850042880,0
1,1762416540578,3300,3301,800,3307,3304,3533,3301,3300,21.052631378173828,5,0,0,0,0,0,0,252009.0587158203,58126.867919921875,93667.64282226563,0.3956298828125,33572028416,0,850042880,0
1,1762416540579,3300,3301,800,3307,3304,3533,3301,3300,21.052631378173828,5,0,0,0,0,0,0,252009.0596923828,58126.872619628906,93667.64434814453,0.3956298828125,33572028416,0,850042880,0
1,1762416540580,3300,3301,800,3307,3304,3533,3301,3300,21.052631378173828,5,0,0,0,0,0,0,252009.06072998047,58126.877197265625,93667.6459350586,0.3956298828125,33572028416,0,850042880,0
1,1762416540581,3300,3301,800,3307,3304,3533,3301,3300,21.052631378173828,5,0,0,0,0,0,0,252009.06170654297,58126.8818359375,93667.6474609375,0.3956298828125,33572028416,0,850042880,0
1,1762416540582,3300,3301,800,3307,3304,3533,3301,3300,21.052631378173828,5,0,0,0,0,0,0,252009.06268310547,58126.88623046875,93667.64880371094,0.3956298828125,33572028416,0,850042880,0
1,1762416540583,3300,3301,800,3307,3304,3533,3301,3300,21.052631378173828,5,0,0,0,0,0,0,252009.06365966797,58126.890686035156,93667.65008544922,0.3956298828125,33572028416,0,850042880,0
0,1762416540584,3300,3301,800,3307,3304,3533,3301,3300,21.052631378173828,5,0,0,0,0,0,0,252009.06567382813,58126.89880371094,93667.65124511719,0.3956298828125,33572028416,0,850042880,0
0,1762416540586,3300,3301,800,3307,3304,3533,3301,3300,21.052631378173828,5,0,0,0,0,0,0,252009.06665039063,58126.90313720703,93667.65258789063,0.3956298828125,33572028416,0,850042880,0
0,1762416540587,3300,3301,800,3307,3304,3533,3301,3300,21.052631378173828,5,0,0,0,0,0,0,252009.06768798828,58126.907653808594,93667.6538696289,0.3956298828125,33572028416,0,850042880,0
1,1762416540588,3300,3301,800,3307,3304,3533,3301,3300,21.052631378173828,5,0,0,0,0,0,0,252009.06866455078,58126.912048339844,93667.65515136719,0.3956298828125,33572028416,0,850042880,0
1,1762416540589,3300,3301,800,3307,3304,3533,3301,3300,21.052631378173828,5,0,0,0,0,0,0,252009.06958007813,58126.916442871094,93667.6567993164,0.3956298828125,33572028416,0,850042880,0
1,1762416540590,3300,3301,800,3307,3304,3533,3301,3300,21.052631378173828,5,0,0,0,0,0,0,252009.07061767578,58126.92108154297,93667.65832519531,0.3956298828125,33572028416,0,850042880,0
1,1762416540591,3300,3301,800,3307,3304,3533,3301,3300,21.052631378173828,5,0,0,0,0,0,0,252009.07159423828,58126.92578125,93667.6597290039,0.3956298828125,33572028416,0,850042880,0
1,1762416540592,3300,3301,800,3307,3304,3533,3301,3300,21.052631378173828,5,0,0,0,0,0,0,252009.07263183594,58126.930236816406,93667.66088867188,0.3956298828125,33572028416,0,850042880,0
1,1762416540593,3300,3301,800,3307,3304,3533,3301,3300,21.052631378173828,5,0,0,0,0,0,0,252009.07354736328,58126.93438720703,93667.66229248047,0.3956298828125,33572028416,0,850042880,0
1,1762416540594,3300,3301,800,3307,3304,3533,3301,3300,21.052631378173828,5,0,0,0,0,0,0,252009.07556152344,58126.942626953125,93667.66339111328,0.3956298828125,33572028416,0,850042880,0
0,1762416540595,3300,3301,800,3307,3304,3533,3301,3300,21.052631378173828,5,0,0,0,0,0,0,252009.0765991211,58126.947204589844,93667.66485595703,0.3956298828125,33572028416,0,850042880,0
0,1762416540597,3300,3301,800,3307,3304,3533,3301,3300,21.052631378173828,5,0,0,0,0,0,0,252009.07751464844,58126.951416015625,93667.66613769531,0.3956298828125,33572028416,0,850042880,0
0,1762416540598,3300,3301,800,3307,3304,3533,3301,3300,21.052631378173828,5,0,0,0,0,0,0,252009.07849121094,58126.95593261719,93667.66802978516,0.3956298828125,33572028416,0,850042880,0
1,1762416540599,3300,3301,800,3307,3304,3533,3301,3300,21.052631378173828,5,0,0,0,0,0,0,252009.0795288086,58126.960998535156,93667.6694946289,0.3956298828125,33572028416,0,850042880,0
1,1762416540600,3300,3301,800,3307,3304,3533,3301,3300,21.052631378173828,5,0,0,0,0,0,0,252009.0805053711,58126.965576171875,93667.67083740234,0.3956298828125,33572028416,0,850042880,0
1,1762416540601,3300,3301,800,3307,3304,3533,3301,3300,21.052631378173828,5,0,0,0,0,0,0,252009.08154296875,58126.970153808594,93667.67236328125,0.3956298828125,33572028416,0,850042880,0
1,1762416540602,3300,3301,800,3307,3304,3533,3301,3300,21.052631378173828,5,0,0,0,0,0,0,252009.08251953125,58126.97473144531,93667.67419433594,0.3956298828125,33572028416,0,850042880,0
1,1762416540603,3300,3301,800,3307,3304,3533,3301,3300,21.052631378173828,5,0,0,0,0,0,0,252009.08349609375,58126.97937011719,93667.67547607422,0.3956298828125,33572028416,0,850042880,0
1,1762416540604,3300,3301,800,3307,3304,3533,3301,3300,21.052631378173828,5,0,0,0,0,0,0,252009.08447265625,58126.98370361328,93667.67681884766,0.3956298828125,33572028416,0,850042880,0
1,1762416540605,3300,3301,800,3307,3304,3533,3301,3300,21.052631378173828,5,0,0,0,0,0,0,252009.0864868164,58126.9921875,93667.67803955078,0.3956298828125,33572028416,0,850042880,0
0,1762416540606,3300,3301,800,3307,3304,3533,3301,3300,21.052631378173828,5,0,0,0,0,0,0,252009.08740234375,58126.996154785156,93667.6792602539,0.3956298828125,33572028416,0,850042880,0
0,1762416540608,3300,3301,800,3307,3304,3533,3301,3300,21.052631378173828,5,0,0,0,0,0,0,252009.0884399414,58127.00048828125,93667.68060302734,0.3956298828125,33572028416,0,850042880,0
0,1762416540609,3300,3301,800,3307,3304,3533,3301,3300,21.052631378173828,5,0,0,0,0,0,0,252009.0894165039,58127.0048828125,93667.68188476563,0.3956298828125,33572028416,0,850042880,0
0,1762416540610,3300,3301,800,3307,3304,3533,3301,3300,21.052631378173828,5,0,0,0,0,0,0,252009.0903930664,58127.009216308594,93667.68328857422,0.3956298828125,33572028416,0,850042880,0
1,1762416540611,3300,3301,800,3307,3304,3533,3301,3300,21.052631378173828,5,0,0,0,0,0,0,252009.09143066406,58127.01385498047,93667.68493652344,0.3956298828125,33572028416,0,850042880,0
1,1762416540612,3300,3301,800,3307,3304,3533,3301,3300,21.052631378173828,5,0,0,0,0,0,0,252009.09240722656,58127.0185546875,93667.68658447266,0.3956298828125,33572028416,0,850042880,0
1,1762416540613,3300,3301,800,3307,3304,3533,3301,3300,21.052631378173828,5,0,0,0,0,0,0,252009.09338378906,58127.02313232422,93667.68786621094,0.3956298828125,33572028416,0,850042880,0
1,1762416540614,3300,3301,800,3307,3304,3533,3301,3300,21.052631378173828,5,0,0,0,0,0,0,252009.09436035156,58127.02764892578,93667.68920898438,0.3956298828125,33572028416,0,850042880,0
1,1762416540615,3300,3301,800,3307,3304,3533,3301,3300,21.052631378173828,5,0,0,0,0,0,0,252009.09539794922,58127.03204345703,93667.69049072266,0.3956298828125,33572028416,0,850042880,0
1,1762416540616,3300,3301,800,3307,3304,3533,3301,3300,21.052631378173828,5,0,0,0,0,0,0,252009.09735107422,58127.04016113281,93667.69171142578,0.3956298828125,33572028416,0,850042880,0
0,1762416540617,3300,3301,800,3307,3304,3533,3301,3300,21.052631378173828,5,0,0,0,0,0,0,252009.09832763672,58127.04455566406,93667.69305419922,0.3956298828125,33572028416,0,850042880,0
0,1762416540619,3300,3301,800,3307,3304,3533,3301,3300,21.052631378173828,5,0,0,0,0,0,0,252009.09936523438,58127.04913330078,93667.69451904297,0.3956298828125,33572028416,0,850042880,0
0,1762416540620,3300,3301,800,3307,3304,3533,3301,3300,21.052631378173828,5,0,0,0,0,0,0,252009.10028076172,58127.05340576172,93667.69598388672,0.3956298828125,33572028416,0,850042880,0
1,1762416540621,3300,3301,800,3307,3304,3533,3301,3300,21.052631378173828,5,0,0,0,0,0,0,252009.10131835938,58127.05810546875,93667.69757080078,0.3956298828125,33572028416,0,850042880,0
1,1762416540622,3300,3301,800,3307,3304,3533,3301,3300,21.052631378173828,5,0,0,0,0,0,0,252009.10229492188,58127.062744140625,93667.69885253906,0.3956298828125,33572028416,0,850042880,0
1,1762416540623,3300,3301,800,3307,3304,3533,3301,3300,21.052631378173828,5,0,0,0,0,0,0,252009.10333251953,58127.06719970703,93667.70037841797,0.3956298828125,33572028416,0,850042880,0
1,1762416540624,3300,3301,800,3307,3304,3533,3301,3300,21.052631378173828,5,0,0,0,0,0,0,252009.10430908203,58127.07189941406,93667.70220947266,0.3956298828125,33572028416,0,850042880,0
1,1762416540625,3300,3301,800,3307,3304,3533,3301,3300,21.052631378173828,5,0,0,0,0,0,0,252009.10528564453,58127.076599121094,93667.70349121094,0.3956298828125,33572028416,0,850042880,0
1,1762416540626,3300,3301,800,3307,3304,3533,3301,3300,21.052631378173828,5,0,0,0,0,0,0,252009.10626220703,58127.08093261719,93667.70489501953,0.3956298828125,33572028416,0,850042880,0
1,1762416540627,3300,3301,800,3307,3304,3533,3301,3300,21.052631378173828,5,0,0,0,0,0,0,252009.10821533203,58127.08923339844,93667.70611572266,0.3956298828125,33572028416,0,850042880,0
0,1762416540628,3300,3301,800,3307,3304,3533,3301,3300,21.052631378173828,5,0,0,0,0,0,0,252009.1092529297,58127.093505859375,93667.70733642578,0.3956298828125,33572028416,0,850042880,0
0,1762416540630,3300,3301,800,3307,3304,3533,3301,3300,21.052631378173828,5,0,0,0,0,0,0,252009.1102294922,58127.097717285156,93667.7085571289,0.3956298828125,33572028416,0,850042880,0
0,1762416540631,3300,3301,800,3307,3304,3533,3301,3300,21.052631378173828,5,0,0,0,0,0,0,252009.1112060547,58127.10217285156,93667.7099609375,0.3956298828125,33572028416,0,850042880,0
1,1762416540632,3300,3301,800,3307,3304,3533,3301,3300,21.052631378173828,5,0,0,0,0,0,0,252009.1121826172,58127.10662841797,93667.71142578125,0.3956298828125,33572028416,0,850042880,0
1,1762416540633,3300,3301,800,3307,3304,3533,3301,3300,21.052631378173828,5,0,0,0,0,0,0,252009.11322021484,58127.11114501953,93667.71301269531,0.3956298828125,33572028416,0,850042880,0
1,1762416540634,3300,3301,800,3307,3304,3533,3301,3300,21.052631378173828,5,0,0,0,0,0,0,252009.11419677734,58127.11572265625,93667.7144165039,0.3956298828125,33572028416,0,850042880,0
1,1762416540635,3300,3301,800,3307,3304,3533,3301,3300,21.052631378173828,5,0,0,0,0,0,0,252009.115234375,58127.120361328125,93667.71575927734,0.3956298828125,33572028416,0,850042880,0
1,1762416540636,3300,3301,800,3307,3304,3533,3301,3300,21.052631378173828,5,0,0,0,0,0,0,252009.11614990234,58127.12463378906,93667.71704101563,0.3956298828125,33572028416,0,850042880,0
1,1762416540637,3300,3301,800,3307,3304,3533,3301,3300,21.052631378173828,5,0,0,0,0,0,0,252009.1171875,58127.129150390625,93667.71838378906,0.3956298828125,33572028416,0,850042880,0
1,1762416540638,3300,3301,800,3307,3304,3533,3301,3300,21.052631378173828,5,0,0,0,0,0,0,252009.119140625,58127.13751220703,93667.7197265625,0.3956298828125,33572028416,0,850042880,0
0,1762416540639,3300,3301,800,3307,3304,3533,3301,3300,21.052631378173828,5,0,0,0,0,0,0,252009.1201171875,58127.14190673828,93667.7211303711,0.3956298828125,33572028416,0,850042880,0
0,1762416540641,3300,3301,800,3307,3304,3533,3301,3300,21.052631378173828,5,0,0,0,0,0,0,252009.12109375,58127.14630126953,93667.72253417969,0.3956298828125,33572028416,0,850042880,0
0,1762416540642,3300,3301,800,3307,3304,3533,3301,3300,21.052631378173828,5,0,0,0,0,0,0,252009.12213134766,58127.150939941406,93667.7240600586,0.3956298828125,33572028416,0,850042880,0
1,1762416540643,3300,3301,800,3307,3304,3533,3301,3300,21.052631378173828,5,0,0,0,0,0,0,252009.12310791016,58127.15539550781,93667.72546386719,0.3956298828125,33572028416,0,850042880,0
1,1762416540644,3300,3301,800,3307,3304,3533,3301,3300,21.052631378173828,5,0,0,0,0,0,0,252009.12408447266,58127.16003417969,93667.72723388672,0.3956298828125,33572028416,0,850042880,0
1,1762416540645,3300,3301,800,3307,3304,3533,3301,3300,21.052631378173828,5,0,0,0,0,0,0,252009.12506103516,58127.164794921875,93667.72882080078,0.3956298828125,33572028416,0,850042880,0
1,1762416540646,3300,3301,800,3307,3304,3533,3301,3300,21.052631378173828,5,0,0,0,0,0,0,252009.1260986328,58127.16955566406,93667.73034667969,0.3956298828125,33572028416,0,850042880,0
1,1762416540647,3300,3301,800,3307,3304,3533,3301,3300,21.052631378173828,5,0,0,0,0,0,0,252009.1270751953,58127.17413330078,93667.73162841797,0.3956298828125,33572028416,0,850042880,0
1,1762416540648,3300,3301,800,3307,3304,3533,3301,3300,21.052631378173828,5,0,0,0,0,0,0,252009.1280517578,58127.178466796875,93667.73309326172,0.3956298828125,33572028416,0,850042880,0
1,1762416540649,3300,3301,800,3307,3304,3533,3301,3300,21.052631378173828,5,0,0,0,0,0,0,252009.13006591797,58127.18682861328,93667.73419189453,0.3956298828125,33572028416,0,850042880,0
0,1762416540650,3300,3301,800,3307,3304,3533,3301,3300,21.052631378173828,5,0,0,0,0,0,0,252009.13104248047,58127.190979003906,93667.73553466797,0.3956298828125,33572028416,0,850042880,0
0,1762416540652,3300,3301,800,3307,3304,3533,3301,3300,21.052631378173828,5,0,0,0,0,0,0,252009.13201904297,58127.195251464844,93667.73669433594,0.3956298828125,33572028416,0,850042880,0
0,1762416540653,3300,3301,800,3307,3304,3533,3301,3300,21.052631378173828,5,0,0,0,0,0,0,252009.13299560547,58127.199768066406,93667.73834228516,0.3956298828125,33572028416,0,850042880,0
1,1762416540654,3300,3301,800,3307,3304,3533,3301,3300,21.052631378173828,5,0,0,0,0,0,0,252009.13403320313,58127.204528808594,93667.740234375,0.3956298828125,33572028416,0,850042880,0
1,1762416540655,3300,3301,800,3307,3304,3533,3301,3300,21.052631378173828,5,0,0,0,0,0,0,252009.13500976563,58127.20916748047,93667.74145507813,0.3956298828125,33572028416,0,850042880,0
1,1762416540656,3300,3301,800,3307,3304,3533,3301,3300,21.052631378173828,5,0,0,0,0,0,0,252009.13598632813,58127.21374511719,93667.74310302734,0.3956298828125,33572028416,0,850042880,0
1,1762416540657,3300,3301,800,3307,3304,3533,3301,3300,21.052631378173828,5,0,0,0,0,0,0,252009.13696289063,58127.21838378906,93667.74438476563,0.3956298828125,33572028416,0,850042880,0
0,1762416540658,3300,3301,800,3307,3304,3533,3301,3300,21.052631378173828,5,0,0,0,0,0,0,252009.13800048828,58127.22283935547,93667.74591064453,0.3956298828125,33572028416,0,850042880,0
1,1762416540659,3300,3301,800,3307,3304,3533,3301,3300,21.052631378173828,5,0,0,0,0,0,0,252009.13897705078,58127.22723388672,93667.74713134766,0.3956298828125,33572028416,0,850042880,0
1,1762416540660,3300,3301,800,3307,3304,3533,3301,3300,21.052631378173828,5,0,0,0,0,0,0,252009.13995361328,58127.23162841797,93667.7484741211,0.3956298828125,33572028416,0,850042880,0
0,1762416540661,3300,3301,800,3307,3304,3533,3301,3300,21.052631378173828,5,0,0,0,0,0,0,252009.14190673828,58127.239990234375,93667.75006103516,0.3956298828125,33572028416,0,850042880,0
0,1762416540663,3300,3301,800,3307,3304,3533,3301,3300,21.052631378173828,5,0,0,0,0,0,0,252009.14288330078,58127.24444580078,93667.7514038086,0.3956298828125,33572028416,0,850042880,0
0,1762416540664,3300,3301,800,3307,3304,3533,3301,3300,21.052631378173828,5,0,0,0,0,0,0,252009.14392089844,58127.2490234375,93667.75262451172,0.3956298828125,33572028416,0,850042880,0
1,1762416540665,3300,3301,800,3307,3304,3533,3301,3300,21.052631378173828,5,0,0,0,0,0,0,252009.14489746094,58127.25341796875,93667.75402832031,0.3956298828125,33572028416,0,850042880,0
1,1762416540666,3300,3301,800,3307,3304,3533,3301,3300,21.052631378173828,5,0,0,0,0,0,0,252009.14587402344,58127.25793457031,93667.75561523438,0.3956298828125,33572028416,0,850042880,0
1,1762416540667,3300,3301,800,3307,3304,3533,3301,3300,21.052631378173828,5,0,0,0,0,0,0,252009.14685058594,58127.26257324219,93667.7572631836,0.3956298828125,33572028416,0,850042880,0
1,1762416540668,3300,3301,800,3307,3304,3533,3301,3300,21.052631378173828,5,0,0,0,0,0,0,252009.1478881836,58127.26721191406,93667.75860595703,0.3956298828125,33572028416,0,850042880,0
1,1762416540669,3300,3301,800,3307,3304,3533,3301,3300,16.666667938232422,0,0,0,0,0,0,0,252009.1488647461,58127.271728515625,93667.7601928711,0.3956298828125,33572028416,0,850042880,0
1,1762416540670,3300,3301,800,3307,3304,3533,3301,3300,16.666667938232422,0,0,0,0,0,0,0,252009.1498413086,58127.27618408203,93667.76141357422,0.3956298828125,33572028416,0,850042880,0
1,1762416540671,3300,3301,800,3307,3304,3533,3301,3300,16.666667938232422,0,0,0,0,0,0,0,252009.15087890625,58127.28057861328,93667.76263427734,0.3956298828125,33572028416,0,850042880,0
0,1762416540672,3300,3301,800,3307,3304,3533,3301,3300,16.666667938232422,0,0,0,0,0,0,0,252009.15283203125,58127.28875732422,93667.76403808594,0.3956298828125,33572028416,0,850042880,0
0,1762416540674,3300,3301,800,3307,3304,3533,3301,3300,16.666667938232422,0,0,0,0,0,0,0,252009.15380859375,58127.29315185547,93667.76544189453,0.3956298828125,33572028416,0,850042880,0
0,1762416540675,3300,3301,800,3307,3304,3533,3301,3300,16.666667938232422,0,0,0,0,0,0,0,252009.15478515625,58127.297607421875,93667.7670288086,0.3956298828125,33572028416,0,850042880,0
1,1762416540676,3300,3301,800,3307,3304,3533,3301,3300,16.666667938232422,0,0,0,0,0,0,0,252009.1558227539,58127.30224609375,93667.76837158203,0.3956298828125,33572028416,0,850042880,0
1,1762416540677,3300,3301,800,3307,3304,3533,3301,3300,16.666667938232422,0,0,0,0,0,0,0,252009.1567993164,58127.306701660156,93667.76965332031,0.3956298828125,33572028416,0,850042880,0
1,1762416540678,3300,3301,800,3307,3304,3533,3301,3300,16.666667938232422,0,0,0,0,0,0,0,252009.1577758789,58127.31134033203,93667.77130126953,0.3956298828125,33572028416,0,850042880,0
1,1762416540679,3300,3301,800,3307,3304,3533,3301,3300,16.666667938232422,0,0,0,0,0,0,0,252009.15881347656,58127.31591796875,93667.77252197266,0.3956298828125,33572028416,0,850042880,0
1,1762416540680,3300,3301,800,3307,3304,3533,3301,3300,16.666667938232422,0,0,0,0,0,0,0,252009.15979003906,58127.320373535156,93667.7739868164,0.3956298828125,33572028416,0,850042880,0
1,1762416540681,3300,3301,800,3307,3304,3533,3301,3300,16.666667938232422,0,0,0,0,0,0,0,252009.16076660156,58127.32470703125,93667.77545166016,0.3956298828125,33572028416,0,850042880,0
1,1762416540682,3300,3301,800,3307,3304,3533,3301,3300,16.666667938232422,0,0,0,0,0,0,0,252009.16271972656,58127.33319091797,93667.7767944336,0.3956298828125,33572028416,0,850042880,0
0,1762416540683,3300,3301,800,3307,3304,3533,3301,3300,16.666667938232422,0,0,0,0,0,0,0,252009.16369628906,58127.33770751953,93667.77825927734,0.3956298828125,33572028416,0,850042880,0
0,1762416540685,3300,3301,800,3307,3304,3533,3301,3300,16.666667938232422,0,0,0,0,0,0,0,252009.16473388672,58127.342224121094,93667.7797241211,0.3956298828125,33572028416,0,850042880,0
0,1762416540686,3300,3301,800,3307,3304,3533,3301,3300,16.666667938232422,0,0,0,0,0,0,0,252009.16564941406,58127.346618652344,93667.78100585938,0.3956298828125,33572028416,0,850042880,0
1,1762416540687,3300,3301,800,3307,3304,3533,3301,3300,16.666667938232422,0,0,0,0,0,0,0,252009.16668701172,58127.351318359375,93667.7826538086,0.3956298828125,33572028416,0,850042880,0
1,1762416540688,3300,3301,800,3307,3304,3533,3301,3300,16.666667938232422,0,0,0,0,0,0,0,252009.16766357422,58127.35583496094,93667.7841796875,0.3956298828125,33572028416,0,850042880,0
1,1762416540689,3300,3301,800,3307,3304,3533,3301,3300,16.666667938232422,0,0,0,0,0,0,0,252009.16864013672,58127.36047363281,93667.78576660156,0.3956298828125,33572028416,0,850042880,0
1,1762416540690,3300,3301,800,3307,3304,3533,3301,3300,16.666667938232422,0,0,0,0,0,0,0,252009.16967773438,58127.364990234375,93667.787109375,0.3956298828125,33572028416,0,850042880,0
1,1762416540691,3300,3301,800,3307,3304,3533,3301,3300,16.666667938232422,0,0,0,0,0,0,0,252009.17065429688,58127.36950683594,93667.78857421875,0.3956298828125,33572028416,0,850042880,0
1,1762416540692,3300,3301,800,3307,3304,3533,3301,3300,16.666667938232422,0,0,0,0,0,0,0,252009.17169189453,58127.3740234375,93667.78985595703,0.3956298828125,33572028416,0,850042880,0
1,1762416540693,3300,3301,800,3307,3304,3533,3301,3300,16.666667938232422,0,0,0,0,0,0,0,252009.17358398438,58127.382263183594,93667.79119873047,0.3956298828125,33572028416,0,850042880,0
0,1762416540694,3300,3301,800,3307,3304,3533,3301,3300,16.666667938232422,0,0,0,0,0,0,0,252009.17462158203,58127.38659667969,93667.7925415039,0.3956298828125,33572028416,0,850042880,0
0,1762416540696,3300,3301,800,3307,3304,3533,3301,3300,16.666667938232422,0,0,0,0,0,0,0,252009.17559814453,58127.39111328125,93667.79400634766,0.3956298828125,33572028416,0,850042880,0
0,1762416540697,3300,3301,800,3307,3304,3533,3301,3300,16.666667938232422,0,0,0,0,0,0,0,252009.1766357422,58127.395751953125,93667.7954711914,0.3956298828125,33572028416,0,850042880,0
1,1762416540698,3300,3301,800,3307,3304,3533,3301,3300,16.666667938232422,0,0,0,0,0,0,0,252009.1776123047,58127.400329589844,93667.79705810547,0.3956298828125,33572028416,0,850042880,0
1,1762416540699,3300,3301,800,3307,3304,3533,3301,3300,16.666667938232422,0,0,0,0,0,0,0,252009.1785888672,58127.40490722656,93667.79833984375,0.3956298828125,33572028416,0,850042880,0
1,1762416540700,3300,3301,800,3307,3304,3533,3301,3300,16.666667938232422,0,0,0,0,0,0,0,252009.1795654297,58127.409240722656,93667.79956054688,0.3956298828125,33572028416,0,850042880,0
1,1762416540701,3300,3301,800,3307,3304,3533,3301,3300,16.666667938232422,0,0,0,0,0,0,0,252009.1805419922,58127.413635253906,93667.80084228516,0.3956298828125,33572028416,0,850042880,0
1,1762416540702,3300,3301,800,3307,3304,3533,3301,3300,16.666667938232422,0,0,0,0,0,0,0,252009.18157958984,58127.418212890625,93667.80249023438,0.3956298828125,33572028416,0,850042880,0
1,1762416540703,3300,3301,800,3307,3304,3533,3301,3300,16.666667938232422,0,0,0,0,0,0,0,252009.18255615234,58127.42266845703,93667.80377197266,0.3956298828125,33572028416,0,850042880,0
1,1762416540704,3300,3301,800,3307,3304,3533,3301,3300,16.666667938232422,0,0,0,0,0,0,0,252009.18353271484,58127.42706298828,93667.80535888672,0.3956298828125,33572028416,0,850042880,0
0,1762416540705,3300,3301,800,3307,3304,3533,3301,3300,16.666667938232422,0,0,0,0,0,0,0,252009.18548583984,58127.43542480469,93667.80676269531,0.3956298828125,33572028416,0,850042880,0
0,1762416540707,3300,3301,800,3307,3304,3533,3301,3300,16.666667938232422,0,0,0,0,0,0,0,252009.18646240234,58127.43975830078,93667.8080444336,0.3956298828125,33572028416,0,850042880,0
0,1762416540708,3300,3301,800,3307,3304,3533,3301,3300,16.666667938232422,0,0,0,0,0,0,0,252009.1875,58127.44421386719,93667.80920410156,0.3956298828125,33572028416,0,850042880,0
1,1762416540709,3300,3301,800,3307,3304,3533,3301,3300,16.666667938232422,0,0,0,0,0,0,0,252009.1884765625,58127.448486328125,93667.81066894531,0.3956298828125,33572028416,0,850042880,0
1,1762416540710,3300,3301,800,3307,3304,3533,3301,3300,16.666667938232422,0,0,0,0,0,0,0,252009.189453125,58127.45294189453,93667.8120727539,0.3956298828125,33572028416,0,850042880,0
1,1762416540711,3300,3301,800,3307,3304,3533,3301,3300,16.666667938232422,0,0,0,0,0,0,0,252009.1904296875,58127.457580566406,93667.81359863281,0.3956298828125,33572028416,0,850042880,0
1,1762416540712,3300,3301,800,3307,3304,3533,3301,3300,16.666667938232422,0,0,0,0,0,0,0,252009.19146728516,58127.46203613281,93667.81481933594,0.3956298828125,33572028416,0,850042880,0
1,1762416540713,3300,3301,800,3307,3304,3533,3301,3300,16.666667938232422,0,0,0,0,0,0,0,252009.19244384766,58127.46649169922,93667.81622314453,0.3956298828125,33572028416,0,850042880,0
1,1762416540714,3300,3301,800,3307,3304,3533,3301,3300,16.666667938232422,0,0,0,0,0,0,0,252009.19342041016,58127.470947265625,93667.81750488281,0.3956298828125,33572028416,0,850042880,0
1,1762416540715,3300,3301,800,3307,3304,3533,3301,3300,16.666667938232422,0,0,0,0,0,0,0,252009.19537353516,58127.479248046875,93667.81860351563,0.3956298828125,33572028416,0,850042880,0
0,1762416540716,3300,3301,800,3307,3304,3533,3301,3300,16.666667938232422,0,0,0,0,0,0,0,252009.1964111328,58127.48370361328,93667.8203125,0.3956298828125,33572028416,0,850042880,0
0,1762416540718,3300,3301,800,3307,3304,3533,3301,3300,16.666667938232422,0,0,0,0,0,0,0,252009.1973876953,58127.48809814453,93667.8218383789,0.3956298828125,33572028416,0,850042880,0
0,1762416540719,3300,3301,800,3307,3304,3533,3301,3300,16.666667938232422,0,0,0,0,0,0,0,252009.1983642578,58127.492736816406,93667.82318115234,0.3956298828125,33572028416,0,850042880,0
1,1762416540720,3300,3301,800,3307,3304,3533,3301,3300,16.666667938232422,0,0,0,0,0,0,0,252009.1993408203,58127.497131347656,93667.8246459961,0.3956298828125,33572028416,0,850042880,0
1,1762416540721,3300,3301,800,3307,3304,3533,3301,3300,16.666667938232422,0,0,0,0,0,0,0,252009.20037841797,58127.501708984375,93667.82598876953,0.3956298828125,33572028416,0,850042880,0
1,1762416540722,3300,3301,800,3307,3304,3533,3301,3300,16.666667938232422,0,0,0,0,0,0,0,252009.20135498047,58127.50622558594,93667.82739257813,0.3956298828125,33572028416,0,850042880,0
1,1762416540723,3300,3301,800,3307,3304,3533,3301,3300,16.666667938232422,0,0,0,0,0,0,0,252009.20233154297,58127.510681152344,93667.82849121094,0.3956298828125,33572028416,0,850042880,0
1,1762416540724,3300,3301,800,3307,3304,3533,3301,3300,16.666667938232422,0,0,0,0,0,0,0,252009.20330810547,58127.51501464844,93667.830078125,0.3956298828125,33572028416,0,850042880,0
1,1762416540725,3300,3301,800,3307,3304,3533,3301,3300,16.666667938232422,0,0,0,0,0,0,0,252009.20428466797,58127.51934814453,93667.83135986328,0.3956298828125,33572028416,0,850042880,0
1,1762416540726,3300,3301,800,3307,3304,3533,3301,3300,16.666667938232422,0,0,0,0,0,0,0,252009.20629882813,58127.52795410156,93667.83288574219,0.3956298828125,33572028416,0,850042880,0
0,1762416540727,3300,3301,800,3307,3304,3533,3301,3300,16.666667938232422,0,0,0,0,0,0,0,252009.20733642578,58127.532287597656,93667.83410644531,0.3956298828125,33572028416,0,850042880,0
0,1762416540729,3300,3301,800,3307,3304,3533,3301,3300,16.666667938232422,0,0,0,0,0,0,0,252009.20825195313,58127.53643798828,93667.8353881836,0.3956298828125,33572028416,0,850042880,0
0,1762416540730,3300,3301,800,3307,3304,3533,3301,3300,16.666667938232422,0,0,0,0,0,0,0,252009.20928955078,58127.54113769531,93667.83709716797,0.3956298828125,33572028416,0,850042880,0
1,1762416540731,3300,3301,800,3307,3304,3533,3301,3300,16.666667938232422,0,0,0,0,0,0,0,252009.21026611328,58127.54559326172,93667.83856201172,0.3956298828125,33572028416,0,850042880,0
1,1762416540732,3300,3301,800,3307,3304,3533,3301,3300,16.666667938232422,0,0,0,0,0,0,0,252009.21124267578,58127.55029296875,93667.83996582031,0.3956298828125,33572028416,0,850042880,0
1,1762416540733,3300,3301,800,3307,3304,3533,3301,3300,16.666667938232422,0,0,0,0,0,0,0,252009.21228027344,58127.55480957031,93667.84143066406,0.3956298828125,33572028416,0,850042880,0
1,1762416540734,3300,3301,800,3307,3304,3533,3301,3300,16.666667938232422,0,0,0,0,0,0,0,252009.21325683594,58127.55926513672,93667.84271240234,0.3956298828125,33572028416,0,850042880,0
1,1762416540735,3300,3301,800,3307,3304,3533,3301,3300,16.666667938232422,0,0,0,0,0,0,0,252009.21423339844,58127.563720703125,93667.84423828125,0.3956298828125,33572028416,0,850042880,0
1,1762416540736,3300,3301,800,3307,3304,3533,3301,3300,16.666667938232422,0,0,0,0,0,0,0,252009.21520996094,58127.56805419922,93667.84552001953,0.3956298828125,33572028416,0,850042880,0
1,1762416540737,3300,3301,800,3307,3304,3533,3301,3300,16.666667938232422,0,0,0,0,0,0,0,252009.21716308594,58127.57666015625,93667.84698486328,0.3956298828125,33572028416,0,850042880,0
0,1762416540738,3300,3301,800,3307,3304,3533,3301,3300,16.666667938232422,0,0,0,0,0,0,0,252009.2182006836,58127.580993652344,93667.84838867188,0.3956298828125,33572028416,0,850042880,0
0,1762416540740,3300,3301,800,3307,3304,3533,3301,3300,16.666667938232422,0,0,0,0,0,0,0,252009.2191772461,58127.58526611328,93667.84979248047,0.3956298828125,33572028416,0,850042880,0
0,1762416540741,3300,3301,800,3307,3304,3533,3301,3300,16.666667938232422,0,0,0,0,0,0,0,252009.2201538086,58127.58984375,93667.8511352539,0.3956298828125,33572028416,0,850042880,0
1,1762416540742,3300,3301,800,3307,3304,3533,3301,3300,16.666667938232422,0,0,0,0,0,0,0,252009.2211303711,58127.594177246094,93667.85235595703,0.3956298828125,33572028416,0,850042880,0
1,1762416540743,3300,3301,800,3307,3304,3533,3301,3300,16.666667938232422,0,0,0,0,0,0,0,252009.22216796875,58127.598693847656,93667.85363769531,0.3956298828125,33572028416,0,850042880,0
1,1762416540744,3300,3301,800,3307,3304,3533,3301,3300,16.666667938232422,0,0,0,0,0,0,0,252009.22314453125,58127.602966308594,93667.85479736328,0.3956298828125,33572028416,0,850042880,0
1,1762416540745,3300,3301,800,3307,3304,3533,3301,3300,16.666667938232422,0,0,0,0,0,0,0,252009.22412109375,58127.607360839844,93667.85620117188,0.3956298828125,33572028416,0,850042880,0
1,1762416540746,3300,3301,800,3307,3304,3533,3301,3300,16.666667938232422,0,0,0,0,0,0,0,252009.22509765625,58127.611877441406,93667.85791015625,0.3956298828125,33572028416,0,850042880,0
1,1762416540747,3300,3301,800,3307,3304,3533,3301,3300,16.666667938232422,0,0,0,0,0,0,0,252009.2261352539,58127.61682128906,93667.85943603516,0.3956298828125,33572028416,0,850042880,0
1,1762416540748,3300,3301,800,3307,3304,3533,3301,3300,16.666667938232422,0,0,0,0,0,0,0,252009.2280883789,58127.62530517578,93667.86083984375,0.3956298828125,33572028416,0,850042880,0
0,1762416540749,3300,3301,800,3307,3304,3533,3301,3300,16.666667938232422,0,0,0,0,0,0,0,252009.2290649414,58127.62951660156,93667.86212158203,0.3956298828125,33572028416,0,850042880,0
0,1762416540751,3300,3301,800,3307,3304,3533,3301,3300,16.666667938232422,0,0,0,0,0,0,0,252009.23010253906,58127.63409423828,93667.8637084961,0.3956298828125,33572028416,0,850042880,0
0,1762416540752,3300,3301,800,3307,3304,3533,3301,3300,16.666667938232422,0,0,0,0,0,0,0,252009.23107910156,58127.638671875,93667.86535644531,0.3956298828125,33572028416,0,850042880,0
1,1762416540753,3300,3301,800,3307,3304,3533,3301,3300,16.666667938232422,0,0,0,0,0,0,0,252009.23205566406,58127.64306640625,93667.8667602539,0.3956298828125,33572028416,0,850042880,0
1,1762416540754,3300,3301,800,3307,3304,3533,3301,3300,16.666667938232422,0,0,0,0,0,0,0,252009.23303222656,58127.647705078125,93667.86810302734,0.3956298828125,33572028416,0,850042880,0
1,1762416540755,3300,3301,800,3307,3304,3533,3301,3300,16.666667938232422,0,0,0,0,0,0,0,252009.23406982422,58127.652404785156,93667.8696899414,0.3956298828125,33572028416,0,850042880,0
1,1762416540756,3300,3301,800,3307,3304,3533,3301,3300,16.666667938232422,0,0,0,0,0,0,0,252009.23504638672,58127.656799316406,93667.87078857422,0.3956298828125,33572028416,0,850042880,0
1,1762416540757,3300,3301,800,3307,3304,3533,3301,3300,16.666667938232422,0,0,0,0,0,0,0,252009.23602294922,58127.66131591797,93667.87237548828,0.3956298828125,33572028416,0,850042880,0
1,1762416540758,3300,3301,800,3307,3304,3533,3301,3300,16.666667938232422,0,0,0,0,0,0,0,252009.23699951172,58127.665588378906,93667.87371826172,0.3956298828125,33572028416,0,850042880,0
1,1762416540759,3300,3301,800,3307,3304,3533,3301,3300,16.666667938232422,0,0,0,0,0,0,0,252009.23901367188,58127.674255371094,93667.875,0.3956298828125,33572028416,0,850042880,0
0,1762416540760,3300,3301,800,3307,3304,3533,3301,3300,16.666667938232422,0,0,0,0,0,0,0,252009.23999023438,58127.678649902344,93667.87658691406,0.3956298828125,33572028416,0,850042880,0
0,1762416540762,3300,3301,800,3307,3304,3533,3301,3300,16.666667938232422,0,0,0,0,0,0,0,252009.24096679688,58127.68298339844,93667.87805175781,0.3956298828125,33572028416,0,850042880,0
0,1762416540763,3300,3301,800,3307,3304,3533,3301,3300,16.666667938232422,0,0,0,0,0,0,0,252009.24194335938,58127.68731689453,93667.87927246094,0.3956298828125,33572028416,0,850042880,0
1,1762416540764,3300,3301,800,3307,3304,3533,3301,3300,16.666667938232422,0,0,0,0,0,0,0,252009.24291992188,58127.69171142578,93667.88061523438,0.3956298828125,33572028416,0,850042880,0
1,1762416540765,3300,3301,800,3307,3304,3533,3301,3300,16.666667938232422,0,0,0,0,0,0,0,252009.24395751953,58127.696350097656,93667.88189697266,0.3956298828125,33572028416,0,850042880,0
1,1762416540766,3300,3301,800,3307,3304,3533,3301,3300,16.666667938232422,0,0,0,0,0,0,0,252009.24493408203,58127.70068359375,93667.8832397461,0.3956298828125,33572028416,0,850042880,0
1,1762416540767,3300,3301,800,3307,3304,3533,3301,3300,16.666667938232422,0,0,0,0,0,0,0,252009.24591064453,58127.705078125,93667.88446044922,0.3956298828125,33572028416,0,850042880,0
1,1762416540768,3300,3301,800,3307,3304,3533,3301,3300,16.666667938232422,0,0,0,0,0,0,0,252009.24688720703,58127.70947265625,93667.88598632813,0.3956298828125,33572028416,0,850042880,0
1,1762416540769,3300,3301,800,3307,3304,3533,3301,3300,16.666667938232422,0,0,0,0,0,0,0,252009.2479248047,58127.71405029297,93667.88732910156,0.3956298828125,33572028416,0,850042880,0
1,1762416540770,3300,3301,800,3307,3304,3533,3301,3300,16.666667938232422,0,0,0,0,0,0,0,252009.2498779297,58127.72247314453,93667.88879394531,0.3956298828125,33572028416,0,850042880,0
0,1762416540771,3300,3301,800,3307,3304,3533,3301,3300,16.666667938232422,0,0,0,0,0,0,0,252009.2508544922,58127.726989746094,93667.89038085938,0.3956298828125,33572028416,0,850042880,0
0,1762416540773,3300,3301,800,3307,3304,3533,3301,3300,16.666667938232422,0,0,0,0,0,0,0,252009.2518310547,58127.73126220703,93667.89184570313,0.3956298828125,33572028416,0,850042880,0
0,1762416540774,3300,3301,800,3307,3304,3533,3301,3300,16.666667938232422,0,0,0,0,0,0,0,252009.25286865234,58127.73596191406,93667.89337158203,0.3956298828125,33572028416,0,850042880,0
1,1762416540775,3300,3301,800,3307,3304,3533,3301,3300,16.666667938232422,0,0,0,0,0,0,0,252009.25384521484,58127.74035644531,93667.89471435547,0.3956298828125,33572028416,0,850042880,0
1,1762416540776,3300,3301,800,3307,3304,3533,3301,3300,16.666667938232422,0,0,0,0,0,0,0,252009.25482177734,58127.74481201172,93667.8959350586,0.3956298828125,33572028416,0,850042880,0
1,1762416540777,3300,3301,800,3307,3304,3533,3301,3300,16.666667938232422,0,0,0,0,0,0,0,252009.255859375,58127.749267578125,93667.89727783203,0.3956298828125,33572028416,0,850042880,0
1,1762416540778,3300,3301,800,3307,3304,3533,3301,3300,16.666667938232422,0,0,0,0,0,0,0,252009.2568359375,58127.753662109375,93667.89849853516,0.3956298828125,33572028416,0,850042880,0
1,1762416540779,3300,3301,800,3307,3304,3533,3301,3300,16.666667938232422,0,0,0,0,0,0,0,252009.2578125,58127.75811767578,93667.8999633789,0.3956298828125,33572028416,0,850042880,0
1,1762416540780,3300,3301,800,3307,3304,3533,3301,3300,16.666667938232422,0,0,0,0,0,0,0,252009.2587890625,58127.76251220703,93667.90130615234,0.3956298828125,33572028416,0,850042880,0
1,1762416540781,3300,3301,800,3307,3304,3533,3301,3300,16.666667938232422,0,0,0,0,0,0,0,252009.26080322266,58127.771240234375,93667.90283203125,0.3956298828125,33572028416,0,850042880,0
0,1762416540782,3300,3301,800,3307,3304,3533,3301,3300,16.666667938232422,0,0,0,0,0,0,0,252009.26177978516,58127.775451660156,93667.90423583984,0.3956298828125,33572028416,0,850042880,0
0,1762416540784,3300,3301,800,3307,3304,3533,3301,3300,16.666667938232422,0,0,0,0,0,0,0,252009.26275634766,58127.77960205078,93667.90539550781,0.3956298828125,33572028416,0,850042880,0
0,1762416540785,3300,3301,800,3307,3304,3533,3301,3300,16.666667938232422,0,0,0,0,0,0,0,252009.26373291016,58127.78399658203,93667.9066772461,0.3956298828125,33572028416,0,850042880,0
0,1762416540786,3300,3301,800,3307,3304,3533,3301,3300,16.666667938232422,0,0,0,0,0,0,0,252009.26470947266,58127.78820800781,93667.90783691406,0.3956298828125,33572028416,0,850042880,0
0,1762416540787,3300,3301,800,3307,3304,3533,3301,3300,16.666667938232422,0,0,0,0,0,0,0,252009.26568603516,58127.792541503906,93667.90924072266,0.3956298828125,33572028416,0,850042880,0
1,1762416540788,3300,3301,800,3307,3304,3533,3301,3300,16.666667938232422,0,0,0,0,0,0,0,252009.2667236328,58127.79699707031,93667.91082763672,0.3956298828125,33572028416,0,850042880,0
1,1762416540789,3300,3301,800,3307,3304,3533,3301,3300,16.666667938232422,0,0,0,0,0,0,0,252009.2677001953,58127.801818847656,93667.912109375,0.3956298828125,33572028416,0,850042880,0
1,1762416540790,3300,3301,800,3307,3304,3533,3301,3300,16.666667938232422,0,0,0,0,0,0,0,252009.26873779297,58127.80627441406,93667.91381835938,0.3956298828125,33572028416,0,850042880,0
1,1762416540791,3300,3301,800,3307,3304,3533,3301,3300,16.666667938232422,0,0,0,0,0,0,0,252009.26971435547,58127.811096191406,93667.91510009766,0.3956298828125,33572028416,0,850042880,0
1,1762416540792,3300,3301,800,3307,3304,3533,3301,3300,16.666667938232422,0,0,0,0,0,0,0,252009.27069091797,58127.815368652344,93667.91650390625,0.3956298828125,33572028416,0,850042880,0
1,1762416540793,3300,3301,800,3307,3304,3533,3301,3300,16.666667938232422,0,0,0,0,0,0,0,252009.27264404297,58127.823669433594,93667.91784667969,0.3956298828125,33572028416,0,850042880,0
0,1762416540794,3300,3301,800,3307,3304,3533,3301,3300,16.666667938232422,0,0,0,0,0,0,0,252009.27368164063,58127.82800292969,93667.91925048828,0.3956298828125,33572028416,0,850042880,0
0,1762416540796,3300,3301,800,3307,3304,3533,3301,3300,16.666667938232422,0,0,0,0,0,0,0,252009.27465820313,58127.83239746094,93667.92053222656,0.3956298828125,33572028416,0,850042880,0
0,1762416540797,3300,3301,800,3307,3304,3533,3301,3300,16.666667938232422,0,0,0,0,0,0,0,252009.27563476563,58127.836853027344,93667.92181396484,0.3956298828125,33572028416,0,850042880,0
1,1762416540798,3300,3301,800,3307,3304,3533,3301,3300,16.666667938232422,0,0,0,0,0,0,0,252009.27661132813,58127.84118652344,93667.9232788086,0.3956298828125,33572028416,0,850042880,0
1,1762416540799,3300,3301,800,3307,3304,3533,3301,3300,16.666667938232422,0,0,0,0,0,0,0,252009.27758789063,58127.845642089844,93667.92468261719,0.3956298828125,33572028416,0,850042880,0
1,1762416540800,3300,3301,800,3307,3304,3533,3301,3300,16.666667938232422,0,0,0,0,0,0,0,252009.27856445313,58127.84997558594,93667.92584228516,0.3956298828125,33572028416,0,850042880,0
1,1762416540801,3300,3301,800,3307,3304,3533,3301,3300,16.666667938232422,0,0,0,0,0,0,0,252009.27960205078,58127.854431152344,93667.9271850586,0.3956298828125,33572028416,0,850042880,0
1,1762416540802,3300,3301,800,3307,3304,3533,3301,3300,16.666667938232422,0,0,0,0,0,0,0,252009.28057861328,58127.858947753906,93667.92877197266,0.3956298828125,33572028416,0,850042880,0
1,1762416540803,3300,3301,800,3307,3304,3533,3301,3300,16.666667938232422,0,0,0,0,0,0,0,252009.28155517578,58127.863342285156,93667.93005371094,0.3956298828125,33572028416,0,850042880,0
1,1762416540804,3300,3301,800,3307,3304,3533,3301,3300,16.666667938232422,0,0,0,0,0,0,0,252009.28356933594,58127.87188720703,93667.93145751953,0.3956298828125,33572028416,0,850042880,0
0,1762416540805,3300,3301,800,3307,3304,3533,3301,3300,16.666667938232422,0,0,0,0,0,0,0,252009.28454589844,58127.87609863281,93667.93273925781,0.3956298828125,33572028416,0,850042880,0
0,1762416540807,3300,3301,800,3307,3304,3533,3301,3300,16.666667938232422,0,0,0,0,0,0,0,252009.28552246094,58127.880432128906,93667.93383789063,0.3956298828125,33572028416,0,850042880,0
0,1762416540808,3300,3301,800,3307,3304,3533,3301,3300,16.666667938232422,0,0,0,0,0,0,0,252009.2865600586,58127.884826660156,93667.93505859375,0.3956298828125,33572028416,0,850042880,0
1,1762416540809,3300,3301,800,3307,3304,3533,3301,3300,16.666667938232422,0,0,0,0,0,0,0,252009.2875366211,58127.889099121094,93667.93634033203,0.3956298828125,33572028416,0,850042880,0
1,1762416540810,3300,3301,800,3307,3304,3533,3301,3300,16.666667938232422,0,0,0,0,0,0,0,252009.2885131836,58127.893615722656,93667.93780517578,0.3956298828125,33572028416,0,850042880,0
1,1762416540811,3300,3301,800,3307,3304,3533,3301,3300,16.666667938232422,0,0,0,0,0,0,0,252009.28955078125,58127.89813232422,93667.93927001953,0.3956298828125,33572028416,0,850042880,0
1,1762416540812,3300,3301,800,3307,3304,3533,3301,3300,16.666667938232422,0,0,0,0,0,0,0,252009.29052734375,58127.90270996094,93667.94104003906,0.3956298828125,33572028416,0,850042880,0
1,1762416540813,3300,3301,800,3307,3304,3533,3301,3300,16.666667938232422,0,0,0,0,0,0,0,252009.29150390625,58127.907470703125,93667.9423828125,0.3956298828125,33572028416,0,850042880,0
1,1762416540814,3300,3301,800,3307,3304,3533,3301,3300,16.666667938232422,0,0,0,0,0,0,0,252009.29248046875,58127.91162109375,93667.94384765625,0.3956298828125,33572028416,0,850042880,0
1,1762416540815,3300,3301,800,3307,3304,3533,3301,3300,16.666667938232422,0,0,0,0,0,0,0,252009.29443359375,58127.92041015625,93667.94512939453,0.3956298828125,33572028416,0,850042880,0
0,1762416540816,3300,3301,800,3307,3304,3533,3301,3300,16.666667938232422,0,0,0,0,0,0,0,252009.29541015625,58127.92462158203,93667.94659423828,0.3956298828125,33572028416,0,850042880,0
0,1762416540818,3300,3301,800,3307,3304,3533,3301,3300,16.666667938232422,0,0,0,0,0,0,0,252009.2964477539,58127.928955078125,93667.94799804688,0.3956298828125,33572028416,0,850042880,0
0,1762416540819,3300,3301,800,3307,3304,3533,3301,3300,16.666667938232422,0,0,0,0,0,0,0,252009.2974243164,58127.93341064453,93667.94921875,0.3956298828125,33572028416,0,850042880,0
1,1762416540820,3300,3301,800,3307,3304,3533,3301,3300,16.666667938232422,0,0,0,0,0,0,0,252009.2984008789,58127.93780517578,93667.95056152344,0.3956298828125,33572028416,0,850042880,0
1,1762416540821,3300,3301,800,3307,3304,3533,3301,3300,16.666667938232422,0,0,0,0,0,0,0,252009.29943847656,58127.94219970703,93667.95190429688,0.3956298828125,33572028416,0,850042880,0
1,1762416540822,3300,3301,800,3307,3304,3533,3301,3300,16.666667938232422,0,0,0,0,0,0,0,252009.30041503906,58127.94659423828,93667.953125,0.3956298828125,33572028416,0,850042880,0
1,1762416540823,3300,3301,800,3307,3304,3533,3301,3300,16.666667938232422,0,0,0,0,0,0,0,252009.30139160156,58127.95104980469,93667.9545288086,0.3956298828125,33572028416,0,850042880,0
1,1762416540824,3300,3301,800,3307,3304,3533,3301,3300,16.666667938232422,0,0,0,0,0,0,0,252009.30242919922,58127.955627441406,93667.95599365234,0.3956298828125,33572028416,0,850042880,0
1,1762416540825,3300,3301,800,3307,3304,3533,3301,3300,16.666667938232422,0,0,0,0,0,0,0,252009.30334472656,58127.9599609375,93667.9574584961,0.3956298828125,33572028416,0,850042880,0
1,1762416540826,3300,3301,800,3307,3304,3533,3301,3300,16.666667938232422,0,0,0,0,0,0,0,252009.30535888672,58127.96844482422,93667.95880126953,0.3956298828125,33572028416,0,850042880,0
0,1762416540827,3300,3301,800,3307,3304,3533,3301,3300,16.666667938232422,0,0,0,0,0,0,0,252009.30633544922,58127.97277832031,93667.95989990234,0.3956298828125,33572028416,0,850042880,0
0,1762416540829,3300,3301,800,3307,3304,3533,3301,3300,16.666667938232422,0,0,0,0,0,0,0,252009.30731201172,58127.97692871094,93667.96118164063,0.3956298828125,33572028416,0,850042880,0
0,1762416540830,3300,3301,800,3307,3304,3533,3301,3300,16.666667938232422,0,0,0,0,0,0,0,252009.30828857422,58127.98132324219,93667.9624633789,0.3956298828125,33572028416,0,850042880,0
1,1762416540831,3300,3301,800,3307,3304,3533,3301,3300,16.666667938232422,0,0,0,0,0,0,0,252009.30932617188,58127.985778808594,93667.96368408203,0.3956298828125,33572028416,0,850042880,0
1,1762416540832,3300,3301,800,3307,3304,3533,3301,3300,16.666667938232422,0,0,0,0,0,0,0,252009.31030273438,58127.989990234375,93667.96520996094,0.3956298828125,33572028416,0,850042880,0
1,1762416540833,3300,3301,800,3307,3304,3533,3301,3300,16.666667938232422,0,0,0,0,0,0,0,252009.31127929688,58127.994689941406,93667.96685791016,0.3956298828125,33572028416,0,850042880,0
1,1762416540834,3300,3301,800,3307,3304,3533,3301,3300,16.666667938232422,0,0,0,0,0,0,0,252009.31225585938,58127.99951171875,93667.96838378906,0.3956298828125,33572028416,0,850042880,0
1,1762416540835,3300,3301,800,3307,3304,3533,3301,3300,16.666667938232422,0,0,0,0,0,0,0,252009.31329345703,58128.004150390625,93667.96990966797,0.3956298828125,33572028416,0,850042880,0
1,1762416540836,3300,3301,800,3307,3304,3533,3301,3300,16.666667938232422,0,0,0,0,0,0,0,252009.31427001953,58128.008728027344,93667.9712524414,0.3956298828125,33572028416,0,850042880,0
1,1762416540837,3300,3301,800,3307,3304,3533,3301,3300,16.666667938232422,0,0,0,0,0,0,0,252009.31622314453,58128.01727294922,93667.97290039063,0.3956298828125,33572028416,0,850042880,0
0,1762416540838,3300,3301,800,3307,3304,3533,3301,3300,16.666667938232422,0,0,0,0,0,0,0,252009.3172607422,58128.021423339844,93667.9740600586,0.3956298828125,33572028416,0,850042880,0
0,1762416540840,3300,3301,800,3307,3304,3533,3301,3300,16.666667938232422,0,0,0,0,0,0,0,252009.3182373047,58128.02575683594,93667.97534179688,0.3956298828125,33572028416,0,850042880,0
0,1762416540841,3300,3301,800,3307,3304,3533,3301,3300,16.666667938232422,0,0,0,0,0,0,0,252009.3192138672,58128.03015136719,93667.9765625,0.3956298828125,33572028416,0,850042880,0
1,1762416540842,3300,3301,800,3307,3304,3533,3301,3300,16.666667938232422,0,0,0,0,0,0,0,252009.3201904297,58128.03436279297,93667.97778320313,0.3956298828125,33572028416,0,850042880,0
1,1762416540843,3300,3301,800,3307,3304,3533,3301,3300,16.666667938232422,0,0,0,0,0,0,0,252009.32122802734,58128.038818359375,93667.97918701172,0.3956298828125,33572028416,0,850042880,0
1,1762416540844,3300,3301,800,3307,3304,3533,3301,3300,16.666667938232422,0,0,0,0,0,0,0,252009.32220458984,58128.043212890625,93667.98040771484,0.3956298828125,33572028416,0,850042880,0
1,1762416540845,3300,3301,800,3307,3304,3533,3301,3300,16.666667938232422,0,0,0,0,0,0,0,252009.32318115234,58128.04772949219,93667.98211669922,0.3956298828125,33572028416,0,850042880,0
1,1762416540846,3300,3301,800,3307,3304,3533,3301,3300,16.666667938232422,0,0,0,0,0,0,0,252009.32415771484,58128.05236816406,93667.98345947266,0.3956298828125,33572028416,0,850042880,0
1,1762416540847,3300,3301,800,3307,3304,3533,3301,3300,16.666667938232422,0,0,0,0,0,0,0,252009.32513427734,58128.05676269531,93667.9848022461,0.3956298828125,33572028416,0,850042880,0
1,1762416540848,3300,3301,800,3307,3304,3533,3301,3300,16.666667938232422,0,0,0,0,0,0,0,252009.3271484375,58128.06506347656,93667.98596191406,0.3956298828125,33572028416,0,850042880,0
0,1762416540849,3300,3301,800,3307,3304,3533,3301,3300,16.666667938232422,0,0,0,0,0,0,0,252009.328125,58128.0693359375,93667.9873046875,0.3956298828125,33572028416,0,850042880,0
0,1762416540851,3300,3301,800,3307,3304,3533,3301,3300,16.666667938232422,0,0,0,0,0,0,0,252009.32916259766,58128.073791503906,93667.98858642578,0.3956298828125,33572028416,0,850042880,0
0,1762416540852,3300,3301,800,3307,3304,3533,3301,3300,16.666667938232422,0,0,0,0,0,0,0,252009.330078125,58128.07800292969,93667.98992919922,0.3956298828125,33572028416,0,850042880,0
1,1762416540853,3300,3301,800,3307,3304,3533,3301,3300,16.666667938232422,0,0,0,0,0,0,0,252009.33111572266,58128.08251953125,93667.99127197266,0.3956298828125,33572028416,0,850042880,0
1,1762416540854,3300,3301,800,3307,3304,3533,3301,3300,16.666667938232422,0,0,0,0,0,0,0,252009.33209228516,58128.08679199219,93667.9927368164,0.3956298828125,33572028416,0,850042880,0
1,1762416540855,3300,3301,800,3307,3304,3533,3301,3300,16.666667938232422,0,0,0,0,0,0,0,252009.33306884766,58128.09149169922,93667.99438476563,0.3956298828125,33572028416,0,850042880,0
1,1762416540856,3300,3301,800,3307,3304,3533,3301,3300,16.666667938232422,0,0,0,0,0,0,0,252009.33404541016,58128.096130371094,93667.99572753906,0.3956298828125,33572028416,0,850042880,0
1,1762416540857,3300,3301,800,3307,3304,3533,3301,3300,16.666667938232422,0,0,0,0,0,0,0,252009.3350830078,58128.100646972656,93667.99725341797,0.3956298828125,33572028416,0,850042880,0
1,1762416540858,3300,3301,800,3307,3304,3533,3301,3300,16.666667938232422,0,0,0,0,0,0,0,252009.3360595703,58128.10528564453,93667.9985961914,0.3956298828125,33572028416,0,850042880,0
1,1762416540859,3300,3301,800,3307,3304,3533,3301,3300,16.666667938232422,0,0,0,0,0,0,0,252009.33709716797,58128.10968017578,93668,0.3956298828125,33572028416,0,850042880,0
0,1762416540860,3300,3301,800,3307,3304,3533,3301,3300,16.666667938232422,0,0,0,0,0,0,0,252009.33905029297,58128.11798095703,93668.00128173828,0.3956298828125,33572028416,0,850042880,0
0,1762416540862,3300,3301,800,3307,3304,3533,3301,3300,16.666667938232422,0,0,0,0,0,0,0,252009.34002685547,58128.12225341797,93668.0025024414,0.3956298828125,33572028416,0,850042880,0
0,1762416540863,3300,3301,800,3307,3304,3533,3301,3300,16.666667938232422,0,0,0,0,0,0,0,252009.34100341797,58128.12646484375,93668.00366210938,0.3956298828125,33572028416,0,850042880,0
1,1762416540864,3300,3301,800,3307,3304,3533,3301,3300,16.666667938232422,0,0,0,0,0,0,0,252009.34204101563,58128.130859375,93668.0048828125,0.3956298828125,33572028416,0,850042880,0
1,1762416540865,3300,3301,800,3307,3304,3533,3301,3300,16.666667938232422,0,0,0,0,0,0,0,252009.34295654297,58128.135192871094,93668.00634765625,0.3956298828125,33572028416,0,850042880,0
1,1762416540866,3300,3301,800,3307,3304,3533,3301,3300,16.666667938232422,0,0,0,0,0,0,0,252009.34399414063,58128.139709472656,93668.00775146484,0.3956298828125,33572028416,0,850042880,0
1,1762416540867,3300,3301,800,3307,3304,3533,3301,3300,16.666667938232422,0,0,0,0,0,0,0,252009.34497070313,58128.14434814453,93668.00946044922,0.3956298828125,33572028416,0,850042880,0
1,1762416540868,3300,3301,800,3307,3304,3533,3301,3300,16.666667938232422,0,0,0,0,0,0,0,252009.34594726563,58128.14892578125,93668.01068115234,0.3956298828125,33572028416,0,850042880,0
1,1762416540869,3300,3301,800,3307,3304,3533,3301,3300,22.22222328186035,0,0,0,0,0,0,0,252009.34692382813,58128.15319824219,93668.01220703125,0.3956298828125,33572028416,0,850042880,0
1,1762416540870,3300,3301,800,3307,3304,3533,3301,3300,22.22222328186035,0,0,0,0,0,0,0,252009.34893798828,58128.16180419922,93668.01348876953,0.3956298828125,33572028416,0,850042880,0
0,1762416540871,3300,3301,800,3307,3304,3533,3301,3300,22.22222328186035,0,0,0,0,0,0,0,252009.34991455078,58128.166015625,93668.01470947266,0.3956298828125,33572028416,0,850042880,0
0,1762416540873,3300,3301,800,3307,3304,3533,3301,3300,22.22222328186035,0,0,0,0,0,0,0,252009.35095214844,58128.170471191406,93668.01593017578,0.3956298828125,33572028416,0,850042880,0
0,1762416540874,3300,3301,800,3307,3304,3533,3301,3300,22.22222328186035,0,0,0,0,0,0,0,252009.35192871094,58128.174743652344,93668.01733398438,0.3956298828125,33572028416,0,850042880,0
1,1762416540875,3300,3301,800,3307,3304,3533,3301,3300,22.22222328186035,0,0,0,0,0,0,0,252009.35290527344,58128.17907714844,93668.01879882813,0.3956298828125,33572028416,0,850042880,0
1,1762416540876,3300,3301,800,3307,3304,3533,3301,3300,22.22222328186035,0,0,0,0,0,0,0,252009.35388183594,58128.183654785156,93668.02038574219,0.3956298828125,33572028416,0,850042880,0
1,1762416540877,3300,3301,800,3307,3304,3533,3301,3300,22.22222328186035,0,0,0,0,0,0,0,252009.35485839844,58128.1884765625,93668.0220336914,0.3956298828125,33572028416,0,850042880,0
1,1762416540878,3300,3301,800,3307,3304,3533,3301,3300,22.22222328186035,0,0,0,0,0,0,0,252009.3558959961,58128.19317626953,93668.02349853516,0.3956298828125,33572028416,0,850042880,0
1,1762416540879,3300,3301,800,3307,3304,3533,3301,3300,22.22222328186035,0,0,0,0,0,0,0,252009.3568725586,58128.197692871094,93668.0249633789,0.3956298828125,33572028416,0,850042880,0
1,1762416540880,3300,3301,800,3307,3304,3533,3301,3300,22.22222328186035,0,0,0,0,0,0,0,252009.3578491211,58128.20227050781,93668.02624511719,0.3956298828125,33572028416,0,850042880,0
1,1762416540881,3300,3301,800,3307,3304,3533,3301,3300,22.22222328186035,0,0,0,0,0,0,0,252009.3598022461,58128.21063232422,93668.02770996094,0.3956298828125,33572028416,0,850042880,0
0,1762416540882,3300,3301,800,3307,3304,3533,3301,3300,22.22222328186035,0,0,0,0,0,0,0,252009.3607788086,58128.214782714844,93668.02880859375,0.3956298828125,33572028416,0,850042880,0
0,1762416540884,3300,3301,800,3307,3304,3533,3301,3300,22.22222328186035,0,0,0,0,0,0,0,252009.36181640625,58128.21905517578,93668.02996826172,0.3956298828125,33572028416,0,850042880,0
0,1762416540885,3300,3301,800,3307,3304,3533,3301,3300,22.22222328186035,0,0,0,0,0,0,0,252009.36279296875,58128.22344970703,93668.03125,0.3956298828125,33572028416,0,850042880,0
1,1762416540886,3300,3301,800,3307,3304,3533,3301,3300,22.22222328186035,0,0,0,0,0,0,0,252009.36376953125,58128.227783203125,93668.03247070313,0.3956298828125,33572028416,0,850042880,0
1,1762416540887,3300,3301,800,3307,3304,3533,3301,3300,22.22222328186035,0,0,0,0,0,0,0,252009.3648071289,58128.23211669922,93668.03381347656,0.3956298828125,33572028416,0,850042880,0
1,1762416540888,3300,3301,800,3307,3304,3533,3301,3300,22.22222328186035,0,0,0,0,0,0,0,252009.3657836914,58128.236572265625,93668.03540039063,0.3956298828125,33572028416,0,850042880,0
1,1762416540889,3300,3301,800,3307,3304,3533,3301,3300,22.22222328186035,0,0,0,0,0,0,0,252009.3667602539,58128.24133300781,93668.037109375,0.3956298828125,33572028416,0,850042880,0
1,1762416540890,3300,3301,800,3307,3304,3533,3301,3300,22.22222328186035,0,0,0,0,0,0,0,252009.3677368164,58128.24591064453,93668.03833007813,0.3956298828125,33572028416,0,850042880,0
1,1762416540891,3300,3301,800,3307,3304,3533,3301,3300,22.22222328186035,0,0,0,0,0,0,0,252009.36877441406,58128.25036621094,93668.03973388672,0.3956298828125,33572028416,0,850042880,0
1,1762416540892,3300,3301,800,3307,3304,3533,3301,3300,22.22222328186035,0,0,0,0,0,0,0,252009.37072753906,58128.258544921875,93668.04095458984,0.3956298828125,33572028416,0,850042880,0
0,1762416540893,3300,3301,800,3307,3304,3533,3301,3300,22.22222328186035,0,0,0,0,0,0,0,252009.37170410156,58128.26281738281,93668.04235839844,0.3956298828125,33572028416,0,850042880,0
0,1762416540895,3300,3301,800,3307,3304,3533,3301,3300,22.22222328186035,0,0,0,0,0,0,0,252009.37268066406,58128.26739501953,93668.04357910156,0.3956298828125,33572028416,0,850042880,0
0,1762416540896,3300,3301,800,3307,3304,3533,3301,3300,22.22222328186035,0,0,0,0,0,0,0,252009.37365722656,58128.27185058594,93668.04522705078,0.3956298828125,33572028416,0,850042880,0
1,1762416540897,3300,3301,800,3307,3304,3533,3301,3300,22.22222328186035,0,0,0,0,0,0,0,252009.37463378906,58128.276306152344,93668.04675292969,0.3956298828125,33572028416,0,850042880,0
1,1762416540898,3300,3301,800,3307,3304,3533,3301,3300,22.22222328186035,0,0,0,0,0,0,0,252009.37567138672,58128.28112792969,93668.0482788086,0.3956298828125,33572028416,0,850042880,0
1,1762416540899,3300,3301,800,3307,3304,3533,3301,3300,22.22222328186035,0,0,0,0,0,0,0,252009.37664794922,58128.28582763672,93668.04986572266,0.3956298828125,33572028416,0,850042880,0
1,1762416540900,3300,3301,800,3307,3304,3533,3301,3300,22.22222328186035,0,0,0,0,0,0,0,252009.37768554688,58128.290466308594,93668.05145263672,0.3956298828125,33572028416,0,850042880,0
1,1762416540901,3300,3301,800,3307,3304,3533,3301,3300,22.22222328186035,0,0,0,0,0,0,0,252009.37866210938,58128.29504394531,93668.05297851563,0.3956298828125,33572028416,0,850042880,0
1,1762416540902,3300,3301,800,3307,3304,3533,3301,3300,22.22222328186035,0,0,0,0,0,0,0,252009.37963867188,58128.29943847656,93668.05432128906,0.3956298828125,33572028416,0,850042880,0
1,1762416540903,3300,3301,800,3307,3304,3533,3301,3300,22.22222328186035,0,0,0,0,0,0,0,252009.38165283203,58128.30810546875,93668.05560302734,0.3956298828125,33572028416,0,850042880,0
0,1762416540904,3300,3301,800,3307,3304,3533,3301,3300,22.22222328186035,0,0,0,0,0,0,0,252009.38262939453,58128.31213378906,93668.05682373047,0.3956298828125,33572028416,0,850042880,0
0,1762416540906,3300,3301,800,3307,3304,3533,3301,3300,22.22222328186035,0,0,0,0,0,0,0,252009.38354492188,58128.31628417969,93668.0580444336,0.3956298828125,33572028416,0,850042880,0
0,1762416540907,3300,3301,800,3307,3304,3533,3301,3300,22.22222328186035,0,0,0,0,0,0,0,252009.38458251953,58128.320739746094,93668.05932617188,0.3956298828125,33572028416,0,850042880,0
1,1762416540908,3300,3301,800,3307,3304,3533,3301,3300,22.22222328186035,0,0,0,0,0,0,0,252009.38555908203,58128.32501220703,93668.06048583984,0.3956298828125,33572028416,0,850042880,0
1,1762416540909,3300,3301,800,3307,3304,3533,3301,3300,22.22222328186035,0,0,0,0,0,0,0,252009.38653564453,58128.329528808594,93668.06219482422,0.3956298828125,33572028416,0,850042880,0
1,1762416540910,3300,3301,800,3307,3304,3533,3301,3300,22.22222328186035,0,0,0,0,0,0,0,252009.3875732422,58128.33428955078,93668.0640258789,0.3956298828125,33572028416,0,850042880,0
1,1762416540911,3300,3301,800,3307,3304,3533,3301,3300,22.22222328186035,0,0,0,0,0,0,0,252009.3885498047,58128.33917236328,93668.06549072266,0.3956298828125,33572028416,0,850042880,0
1,1762416540912,3300,3301,800,3307,3304,3533,3301,3300,22.22222328186035,0,0,0,0,0,0,0,252009.3895263672,58128.34362792969,93668.06677246094,0.3956298828125,33572028416,0,850042880,0
1,1762416540913,3300,3301,800,3307,3304,3533,3301,3300,22.22222328186035,0,0,0,0,0,0,0,252009.3905029297,58128.34783935547,93668.06805419922,0.3956298828125,33572028416,0,850042880,0
1,1762416540914,3300,3301,800,3307,3304,3533,3301,3300,22.22222328186035,0,0,0,0,0,0,0,252009.39251708984,58128.356201171875,93668.0693359375,0.3956298828125,33572028416,0,850042880,0
0,1762416540915,3300,3301,800,3307,3304,3533,3301,3300,22.22222328186035,0,0,0,0,0,0,0,252009.39349365234,58128.360412597656,93668.07055664063,0.3956298828125,33572028416,0,850042880,0
0,1762416540917,3300,3301,800,3307,3304,3533,3301,3300,22.22222328186035,0,0,0,0,0,0,0,252009.39447021484,58128.36474609375,93668.0717163086,0.3956298828125,33572028416,0,850042880,0
0,1762416540918,3300,3301,800,3307,3304,3533,3301,3300,22.22222328186035,0,0,0,0,0,0,0,252009.3955078125,58128.36932373047,93668.07342529297,0.3956298828125,33572028416,0,850042880,0
1,1762416540919,3300,3301,800,3307,3304,3533,3301,3300,22.22222328186035,0,0,0,0,0,0,0,252009.39642333984,58128.373779296875,93668.07495117188,0.3956298828125,33572028416,0,850042880,0
1,1762416540920,3300,3301,800,3307,3304,3533,3301,3300,22.22222328186035,0,0,0,0,0,0,0,252009.3974609375,58128.37860107422,93668.07666015625,0.3956298828125,33572028416,0,850042880,0
1,1762416540921,3300,3301,800,3307,3304,3533,3301,3300,22.22222328186035,0,0,0,0,0,0,0,252009.3984375,58128.38311767578,93668.07781982422,0.3956298828125,33572028416,0,850042880,0
1,1762416540922,3300,3301,800,3307,3304,3533,3301,3300,22.22222328186035,0,0,0,0,0,0,0,252009.39947509766,58128.3876953125,93668.07934570313,0.3956298828125,33572028416,0,850042880,0
1,1762416540923,3300,3301,800,3307,3304,3533,3301,3300,22.22222328186035,0,0,0,0,0,0,0,252009.400390625,58128.39208984375,93668.08081054688,0.3956298828125,33572028416,0,850042880,0
1,1762416540924,3300,3301,800,3307,3304,3533,3301,3300,22.22222328186035,0,0,0,0,0,0,0,252009.40142822266,58128.396423339844,93668.08209228516,0.3956298828125,33572028416,0,850042880,0
1,1762416540925,3300,3301,800,3307,3304,3533,3301,3300,22.22222328186035,0,0,0,0,0,0,0,252009.40338134766,58128.40496826172,93668.08337402344,0.3956298828125,33572028416,0,850042880,0
0,1762416540926,3300,3301,800,3307,3304,3533,3301,3300,22.22222328186035,0,0,0,0,0,0,0,252009.40435791016,58128.40905761719,93668.08477783203,0.3956298828125,33572028416,0,850042880,0
0,1762416540928,3300,3301,800,3307,3304,3533,3301,3300,22.22222328186035,0,0,0,0,0,0,0,252009.4053955078,58128.41339111328,93668.0859375,0.3956298828125,33572028416,0,850042880,0
0,1762416540929,3300,3301,800,3307,3304,3533,3301,3300,22.22222328186035,0,0,0,0,0,0,0,252009.4063720703,58128.41784667969,93668.08715820313,0.3956298828125,33572028416,0,850042880,0
1,1762416540930,3300,3301,800,3307,3304,3533,3301,3300,22.22222328186035,0,0,0,0,0,0,0,252009.4073486328,58128.422119140625,93668.08850097656,0.3956298828125,33572028416,0,850042880,0
1,1762416540931,3300,3301,800,3307,3304,3533,3301,3300,22.22222328186035,0,0,0,0,0,0,0,252009.40838623047,58128.426696777344,93668.09008789063,0.3956298828125,33572028416,0,850042880,0
1,1762416540932,3300,3301,800,3307,3304,3533,3301,3300,22.22222328186035,0,0,0,0,0,0,0,252009.40936279297,58128.43133544922,93668.09167480469,0.3956298828125,33572028416,0,850042880,0
1,1762416540933,3300,3301,800,3307,3304,3533,3301,3300,22.22222328186035,0,0,0,0,0,0,0,252009.41033935547,58128.43603515625,93668.09326171875,0.3956298828125,33572028416,0,850042880,0
1,1762416540934,3300,3301,800,3307,3304,3533,3301,3300,22.22222328186035,0,0,0,0,0,0,0,252009.41131591797,58128.440673828125,93668.09454345703,0.3956298828125,33572028416,0,850042880,0
1,1762416540935,3300,3301,800,3307,3304,3533,3301,3300,22.22222328186035,0,0,0,0,0,0,0,252009.41235351563,58128.444885253906,93668.09588623047,0.3956298828125,33572028416,0,850042880,0
1,1762416540936,3300,3301,800,3307,3304,3533,3301,3300,22.22222328186035,0,0,0,0,0,0,0,252009.41430664063,58128.453125,93668.09704589844,0.3956298828125,33572028416,0,850042880,0
0,1762416540937,3300,3301,800,3307,3304,3533,3301,3300,22.22222328186035,0,0,0,0,0,0,0,252009.41528320313,58128.45751953125,93668.09857177734,0.3956298828125,33572028416,0,850042880,0
0,1762416540939,3300,3301,800,3307,3304,3533,3301,3300,22.22222328186035,0,0,0,0,0,0,0,252009.41625976563,58128.46209716797,93668.09997558594,0.3956298828125,33572028416,0,850042880,0
0,1762416540940,3300,3301,800,3307,3304,3533,3301,3300,22.22222328186035,0,0,0,0,0,0,0,252009.41723632813,58128.466552734375,93668.1015625,0.3956298828125,33572028416,0,850042880,0
1,1762416540941,3300,3301,800,3307,3304,3533,3301,3300,22.22222328186035,0,0,0,0,0,0,0,252009.41827392578,58128.471252441406,93668.1029663086,0.3956298828125,33572028416,0,850042880,0
1,1762416540942,3300,3301,800,3307,3304,3533,3301,3300,22.22222328186035,0,0,0,0,0,0,0,252009.41925048828,58128.475646972656,93668.10443115234,0.3956298828125,33572028416,0,850042880,0
1,1762416540943,3300,3301,800,3307,3304,3533,3301,3300,22.22222328186035,0,0,0,0,0,0,0,252009.42028808594,58128.480407714844,93668.10583496094,0.3956298828125,33572028416,0,850042880,0
1,1762416540944,3300,3301,800,3307,3304,3533,3301,3300,22.22222328186035,0,0,0,0,0,0,0,252009.42126464844,58128.48504638672,93668.10766601563,0.3956298828125,33572028416,0,850042880,0
1,1762416540945,3300,3301,800,3307,3304,3533,3301,3300,22.22222328186035,0,0,0,0,0,0,0,252009.42224121094,58128.48974609375,93668.10900878906,0.3956298828125,33572028416,0,850042880,0
1,1762416540946,3300,3301,800,3307,3304,3533,3301,3300,22.22222328186035,0,0,0,0,0,0,0,252009.42321777344,58128.49401855469,93668.1103515625,0.3956298828125,33572028416,0,850042880,0
1,1762416540947,3300,3301,800,3307,3304,3533,3301,3300,22.22222328186035,0,0,0,0,0,0,0,252009.42517089844,58128.502380371094,93668.11163330078,0.3956298828125,33572028416,0,850042880,0
0,1762416540948,3300,3301,800,3307,3304,3533,3301,3300,22.22222328186035,0,0,0,0,0,0,0,252009.4262084961,58128.506591796875,93668.1127319336,0.3956298828125,33572028416,0,850042880,0
0,1762416540950,3300,3301,800,3307,3304,3533,3301,3300,22.22222328186035,0,0,0,0,0,0,0,252009.4271850586,58128.510986328125,93668.11419677734,0.3956298828125,33572028416,0,850042880,0
0,1762416540951,3300,3301,800,3307,3304,3533,3301,3300,22.22222328186035,0,0,0,0,0,0,0,252009.4281616211,58128.51531982422,93668.11547851563,0.3956298828125,33572028416,0,850042880,0
0,1762416540952,3300,3301,800,3307,3304,3533,3301,3300,22.22222328186035,0,0,0,0,0,0,0,252009.42919921875,58128.519958496094,93668.11700439453,0.3956298828125,33572028416,0,850042880,0
1,1762416540953,3300,3301,800,3307,3304,3533,3301,3300,22.22222328186035,0,0,0,0,0,0,0,252009.43017578125,58128.52459716797,93668.11865234375,0.3956298828125,33572028416,0,850042880,0
1,1762416540954,3300,3301,800,3307,3304,3533,3301,3300,22.22222328186035,0,0,0,0,0,0,0,252009.43115234375,58128.529235839844,93668.12023925781,0.3956298828125,33572028416,0,850042880,0
1,1762416540955,3300,3301,800,3307,3304,3533,3301,3300,22.22222328186035,0,0,0,0,0,0,0,252009.43212890625,58128.533752441406,93668.12139892578,0.3956298828125,33572028416,0,850042880,0
1,1762416540956,3300,3301,800,3307,3304,3533,3301,3300,22.22222328186035,0,0,0,0,0,0,0,252009.43310546875,58128.5380859375,93668.12274169922,0.3956298828125,33572028416,0,850042880,0
1,1762416540957,3300,3301,800,3307,3304,3533,3301,3300,22.22222328186035,0,0,0,0,0,0,0,252009.4341430664,58128.54248046875,93668.1240234375,0.3956298828125,33572028416,0,850042880,0
1,1762416540958,3300,3301,800,3307,3304,3533,3301,3300,22.22222328186035,0,0,0,0,0,0,0,252009.43603515625,58128.550720214844,93668.12530517578,0.3956298828125,33572028416,0,850042880,0
0,1762416540959,3300,3301,800,3307,3304,3533,3301,3300,22.22222328186035,0,0,0,0,0,0,0,252009.4370727539,58128.55505371094,93668.12683105469,0.3956298828125,33572028416,0,850042880,0
0,1762416540961,3300,3301,800,3307,3304,3533,3301,3300,22.22222328186035,0,0,0,0,0,0,0,252009.4380493164,58128.5595703125,93668.12811279297,0.3956298828125,33572028416,0,850042880,0
0,1762416540962,3300,3301,800,3307,3304,3533,3301,3300,22.22222328186035,0,0,0,0,0,0,0,252009.43908691406,58128.56414794922,93668.12963867188,0.3956298828125,33572028416,0,850042880,0
1,1762416540963,3300,3301,800,3307,3304,3533,3301,3300,22.22222328186035,0,0,0,0,0,0,0,252009.4400024414,58128.56848144531,93668.13079833984,0.3956298828125,33572028416,0,850042880,0
1,1762416540964,3300,3301,800,3307,3304,3533,3301,3300,22.22222328186035,0,0,0,0,0,0,0,252009.44104003906,58128.57305908203,93668.1322631836,0.3956298828125,33572028416,0,850042880,0
1,1762416540965,3300,3301,800,3307,3304,3533,3301,3300,22.22222328186035,0,0,0,0,0,0,0,252009.44201660156,58128.57751464844,93668.13385009766,0.3956298828125,33572028416,0,850042880,0
1,1762416540966,3300,3301,800,3307,3304,3533,3301,3300,22.22222328186035,0,0,0,0,0,0,0,252009.44299316406,58128.58221435547,93668.13543701172,0.3956298828125,33572028416,0,850042880,0
1,1762416540967,3300,3301,800,3307,3304,3533,3301,3300,22.22222328186035,0,0,0,0,0,0,0,252009.44403076172,58128.58673095703,93668.13665771484,0.3956298828125,33572028416,0,850042880,0
1,1762416540968,3300,3301,800,3307,3304,3533,3301,3300,22.22222328186035,0,0,0,0,0,0,0,252009.44500732422,58128.59100341797,93668.13806152344,0.3956298828125,33572028416,0,850042880,0
1,1762416540969,3300,3301,800,3307,3304,3533,3301,3300,22.22222328186035,0,0,0,0,0,0,0,252009.44696044922,58128.59948730469,93668.1392211914,0.3956298828125,33572028416,0,850042880,0
0,1762416540970,3300,3301,800,3307,3304,3533,3301,3300,22.22222328186035,0,0,0,0,0,0,0,252009.44799804688,58128.60382080078,93668.140625,0.3956298828125,33572028416,0,850042880,0
0,1762416540972,3300,3301,800,3307,3304,3533,3301,3300,22.22222328186035,0,0,0,0,0,0,0,252009.44897460938,58128.60803222656,93668.14172363281,0.3956298828125,33572028416,0,850042880,0
0,1762416540973,3300,3301,800,3307,3304,3533,3301,3300,22.22222328186035,0,0,0,0,0,0,0,252009.44995117188,58128.612243652344,93668.14324951172,0.3956298828125,33572028416,0,850042880,0
1,1762416540974,3300,3301,800,3307,3304,3533,3301,3300,22.22222328186035,0,0,0,0,0,0,0,252009.45092773438,58128.61706542969,93668.14489746094,0.3956298828125,33572028416,0,850042880,0
1,1762416540975,3300,3301,800,3307,3304,3533,3301,3300,22.22222328186035,0,0,0,0,0,0,0,252009.45190429688,58128.621520996094,93668.14617919922,0.3956298828125,33572028416,0,850042880,0
1,1762416540976,3300,3301,800,3307,3304,3533,3301,3300,22.22222328186035,0,0,0,0,0,0,0,252009.45288085938,58128.62609863281,93668.14770507813,0.3956298828125,33572028416,0,850042880,0
1,1762416540977,3300,3301,800,3307,3304,3533,3301,3300,22.22222328186035,0,0,0,0,0,0,0,252009.45391845703,58128.63073730469,93668.14904785156,0.3956298828125,33572028416,0,850042880,0
1,1762416540978,3300,3301,800,3307,3304,3533,3301,3300,22.22222328186035,0,0,0,0,0,0,0,252009.45489501953,58128.63513183594,93668.150390625,0.3956298828125,33572028416,0,850042880,0
1,1762416540979,3300,3301,800,3307,3304,3533,3301,3300,22.22222328186035,0,0,0,0,0,0,0,252009.45587158203,58128.63946533203,93668.15161132813,0.3956298828125,33572028416,0,850042880,0
1,1762416540980,3300,3301,800,3307,3304,3533,3301,3300,22.22222328186035,0,0,0,0,0,0,0,252009.4578857422,58128.64764404297,93668.1527709961,0.3956298828125,33572028416,0,850042880,0
0,1762416540981,3300,3301,800,3307,3304,3533,3301,3300,22.22222328186035,0,0,0,0,0,0,0,252009.4588623047,58128.65203857422,93668.15435791016,0.3956298828125,33572028416,0,850042880,0
0,1762416540983,3300,3301,800,3307,3304,3533,3301,3300,22.22222328186035,0,0,0,0,0,0,0,252009.4598388672,58128.65655517578,93668.1558227539,0.3956298828125,33572028416,0,850042880,0
0,1762416540984,3300,3301,800,3307,3304,3533,3301,3300,22.22222328186035,0,0,0,0,0,0,0,252009.4608154297,58128.66094970703,93668.1572265625,0.3956298828125,33572028416,0,850042880,0
1,1762416540985,3300,3301,800,3307,3304,3533,3301,3300,22.22222328186035,0,0,0,0,0,0,0,252009.46185302734,58128.66534423828,93668.15844726563,0.3956298828125,33572028416,0,850042880,0
1,1762416540986,3300,3301,800,3307,3304,3533,3301,3300,22.22222328186035,0,0,0,0,0,0,0,252009.46282958984,58128.66979980469,93668.15997314453,0.3956298828125,33572028416,0,850042880,0
1,1762416540987,3300,3301,800,3307,3304,3533,3301,3300,22.22222328186035,0,0,0,0,0,0,0,252009.46380615234,58128.674560546875,93668.16174316406,0.3956298828125,33572028416,0,850042880,0
1,1762416540988,3300,3301,800,3307,3304,3533,3301,3300,22.22222328186035,0,0,0,0,0,0,0,252009.46478271484,58128.679260253906,93668.1630859375,0.3956298828125,33572028416,0,850042880,0
1,1762416540989,3300,3301,800,3307,3304,3533,3301,3300,22.22222328186035,0,0,0,0,0,0,0,252009.46575927734,58128.68371582031,93668.1646118164,0.3956298828125,33572028416,0,850042880,0
1,1762416540990,3300,3301,800,3307,3304,3533,3301,3300,22.22222328186035,0,0,0,0,0,0,0,252009.46673583984,58128.688049316406,93668.16595458984,0.3956298828125,33572028416,0,850042880,0
1,1762416540991,3300,3301,800,3307,3304,3533,3301,3300,22.22222328186035,0,0,0,0,0,0,0,252009.46875,58128.69647216797,93668.16705322266,0.3956298828125,33572028416,0,850042880,0
0,1762416540992,3300,3301,800,3307,3304,3533,3301,3300,22.22222328186035,0,0,0,0,0,0,0,252009.4697265625,58128.70086669922,93668.1685180664,0.3956298828125,33572028416,0,850042880,0
0,1762416540994,3300,3301,800,3307,3304,3533,3301,3300,22.22222328186035,0,0,0,0,0,0,0,252009.47076416016,58128.70520019531,93668.16986083984,0.3956298828125,33572028416,0,850042880,0
0,1762416540995,3300,3301,800,3307,3304,3533,3301,3300,22.22222328186035,0,0,0,0,0,0,0,252009.47174072266,58128.70965576172,93668.1714477539,0.3956298828125,33572028416,0,850042880,0
1,1762416540996,3300,3301,800,3307,3304,3533,3301,3300,22.22222328186035,0,0,0,0,0,0,0,252009.47271728516,58128.71435546875,93668.17297363281,0.3956298828125,33572028416,0,850042880,0
1,1762416540997,3300,3301,800,3307,3304,3533,3301,3300,22.22222328186035,0,0,0,0,0,0,0,252009.4737548828,58128.71893310547,93668.1743774414,0.3956298828125,33572028416,0,850042880,0
1,1762416540998,3300,3301,800,3307,3304,3533,3301,3300,22.22222328186035,0,0,0,0,0,0,0,252009.4747314453,58128.723571777344,93668.17645263672,0.3956298828125,33572028416,0,850391040,0
1,1762416540999,3300,3301,800,3307,3304,3533,3301,3300,22.22222328186035,0,0,0,0,0,0,0,252009.4757080078,58128.72869873047,93668.177734375,0.3956298828125,33572028416,0,850391040,0
1,1762416541000,3300,3301,800,3307,3304,3533,3301,3300,22.22222328186035,0,0,0,0,0,0,0,252009.4766845703,58128.73291015625,93668.1791381836,0.3956298828125,33572028416,0,850391040,0
1,1762416541001,3300,3301,800,3307,3304,3533,3301,3300,22.22222328186035,0,0,0,0,0,0,0,252009.47772216797,58128.73748779297,93668.18048095703,0.3956298828125,33572028416,0,850391040,0
1,1762416541002,3300,3301,800,3307,3304,3533,3301,3300,22.22222328186035,0,0,0,0,0,0,0,252009.47967529297,58128.74578857422,93668.18188476563,0.3956298828125,33572028416,0,850391040,0
0,1762416541003,3300,3301,800,3307,3304,3533,3301,3300,22.22222328186035,0,0,0,0,0,0,0,252009.48065185547,58128.75030517578,93668.18334960938,0.3956298828125,33572028416,0,850391040,0
0,1762416541005,3300,3301,800,3307,3304,3533,3301,3300,22.22222328186035,0,0,0,0,0,0,0,252009.48162841797,58128.75476074219,93668.18475341797,0.3956298828125,33572028416,0,850391040,0
0,1762416541006,3300,3301,800,3307,3304,3533,3301,3300,22.22222328186035,0,0,0,0,0,0,0,252009.48266601563,58128.75915527344,93668.18603515625,0.3956298828125,33572028416,0,850391040,0
1,1762416541007,3300,3301,800,3307,3304,3533,3301,3300,22.22222328186035,0,0,0,0,0,0,0,252009.48364257813,58128.76348876953,93668.18737792969,0.3956298828125,33572028416,0,850391040,0
1,1762416541008,3300,3301,800,3307,3304,3533,3301,3300,22.22222328186035,0,0,0,0,0,0,0,252009.48461914063,58128.76788330078,93668.1889038086,0.3956298828125,33572028416,0,850391040,0
1,1762416541009,3300,3301,800,3307,3304,3533,3301,3300,22.22222328186035,0,0,0,0,0,0,0,252009.48559570313,58128.77258300781,93668.19067382813,0.3956298828125,33572028416,0,850391040,0
1,1762416541010,3300,3301,800,3307,3304,3533,3301,3300,22.22222328186035,0,0,0,0,0,0,0,252009.48657226563,58128.77734375,93668.1919555664,0.3956298828125,33572028416,0,850391040,0
1,1762416541011,3300,3301,800,3307,3304,3533,3301,3300,22.22222328186035,0,0,0,0,0,0,0,252009.48760986328,58128.78186035156,93668.193359375,0.3956298828125,33572028416,0,850391040,0
1,1762416541012,3300,3301,800,3307,3304,3533,3301,3300,22.22222328186035,0,0,0,0,0,0,0,252009.48858642578,58128.786071777344,93668.19451904297,0.3956298828125,33572028416,0,850391040,0
1,1762416541013,3300,3301,800,3307,3304,3533,3301,3300,22.22222328186035,0,0,0,0,0,0,0,252009.49060058594,58128.794494628906,93668.1957397461,0.3956298828125,33572028416,0,850391040,0
0,1762416541014,3300,3301,800,3307,3304,3533,3301,3300,22.22222328186035,0,0,0,0,0,0,0,252009.49157714844,58128.798889160156,93668.19732666016,0.3956298828125,33572028416,0,850391040,0
0,1762416541016,3300,3301,800,3307,3304,3533,3301,3300,22.22222328186035,0,0,0,0,0,0,0,252009.49255371094,58128.803283691406,93668.19860839844,0.3956298828125,33572028416,0,850391040,0
0,1762416541017,3300,3301,800,3307,3304,3533,3301,3300,22.22222328186035,0,0,0,0,0,0,0,252009.49353027344,58128.807861328125,93668.2001953125,0.3956298828125,33572028416,0,850391040,0
1,1762416541018,3300,3301,800,3307,3304,3533,3301,3300,22.22222328186035,0,0,0,0,0,0,0,252009.49450683594,58128.812255859375,93668.20166015625,0.3956298828125,33572028416,0,850391040,0
1,1762416541019,3300,3301,800,3307,3304,3533,3301,3300,22.22222328186035,0,0,0,0,0,0,0,252009.49548339844,58128.816833496094,93668.20300292969,0.3956298828125,33572028416,0,850391040,0
1,1762416541020,3300,3301,800,3307,3304,3533,3301,3300,22.22222328186035,0,0,0,0,0,0,0,252009.4965209961,58128.821350097656,93668.20440673828,0.3956298828125,33572028416,0,850391040,0
1,1762416541021,3300,3301,800,3307,3304,3533,3301,3300,22.22222328186035,0,0,0,0,0,0,0,252009.4974975586,58128.82580566406,93668.2055053711,0.3956298828125,33572028416,0,850391040,0
1,1762416541022,3300,3301,800,3307,3304,3533,3301,3300,22.22222328186035,0,0,0,0,0,0,0,252009.4984741211,58128.830139160156,93668.20703125,0.3956298828125,33572028416,0,850391040,0
1,1762416541023,3300,3301,800,3307,3304,3533,3301,3300,22.22222328186035,0,0,0,0,0,0,0,252009.4994506836,58128.834533691406,93668.20831298828,0.3956298828125,33572028416,0,850391040,0
1,1762416541024,3300,3301,800,3307,3304,3533,3301,3300,22.22222328186035,0,0,0,0,0,0,0,252009.50146484375,58128.8388671875,93668.20977783203,0.3956298828125,33572028416,0,850391040,0
0,1762416541026,3300,3301,800,3307,3304,3533,3301,3300,22.22222328186035,0,0,0,0,0,0,0,252009.50244140625,58128.847595214844,93668.21130371094,0.3956298828125,33572028416,0,850391040,0
0,1762416541027,3300,3301,800,3307,3304,3533,3301,3300,22.22222328186035,0,0,0,0,0,0,0,252009.50341796875,58128.851806640625,93668.21264648438,0.3956298828125,33572028416,0,850391040,0
0,1762416541028,3300,3301,800,3307,3304,3533,3301,3300,22.22222328186035,0,0,0,0,0,0,0,252009.50439453125,58128.85632324219,93668.21411132813,0.3956298828125,33572028416,0,850391040,0
1,1762416541029,3300,3301,800,3307,3304,3533,3301,3300,22.22222328186035,0,0,0,0,0,0,0,252009.50537109375,58128.860778808594,93668.21569824219,0.3956298828125,33572028416,0,850391040,0
1,1762416541030,3300,3301,800,3307,3304,3533,3301,3300,22.22222328186035,0,0,0,0,0,0,0,252009.5064086914,58128.86560058594,93668.2172241211,0.3956298828125,33572028416,0,850391040,0
0,1762416541031,3300,3301,800,3307,3304,3533,3301,3300,22.22222328186035,0,0,0,0,0,0,0,252009.5073852539,58128.87023925781,93668.21868896484,0.3956298828125,33572028416,0,850391040,0
1,1762416541032,3300,3301,800,3307,3304,3533,3301,3300,22.22222328186035,0,0,0,0,0,0,0,252009.50842285156,58128.87469482422,93668.21990966797,0.3956298828125,33572028416,0,850391040,0
1,1762416541033,3300,3301,800,3307,3304,3533,3301,3300,22.22222328186035,0,0,0,0,0,0,0,252009.50939941406,58128.87921142578,93668.22174072266,0.3956298828125,33572028416,0,850391040,0
1,1762416541034,3300,3301,800,3307,3304,3533,3301,3300,22.22222328186035,0,0,0,0,0,0,0,252009.51043701172,58128.88415527344,93668.22314453125,0.3956298828125,33572028416,0,850391040,0
1,1762416541035,3300,3301,800,3307,3304,3533,3301,3300,22.22222328186035,0,0,0,0,0,0,0,252009.51141357422,58128.888427734375,93668.224609375,0.3956298828125,33572028416,0,850391040,0
0,1762416541036,3300,3301,800,3307,3304,3533,3301,3300,22.22222328186035,0,0,0,0,0,0,0,252009.51336669922,58128.89685058594,93668.22607421875,0.3956298828125,33572028416,0,850391040,0
0,1762416541038,3300,3301,800,3307,3304,3533,3301,3300,22.22222328186035,0,0,0,0,0,0,0,252009.51434326172,58128.9013671875,93668.22747802734,0.3956298828125,33572028416,0,850391040,0
0,1762416541039,3300,3301,800,3307,3304,3533,3301,3300,22.22222328186035,0,0,0,0,0,0,0,252009.51531982422,58128.905822753906,93668.22900390625,0.3956298828125,33572028416,0,850391040,0
1,1762416541040,3300,3301,800,3307,3304,3533,3301,3300,22.22222328186035,0,0,0,0,0,0,0,252009.51629638672,58128.91046142578,93668.23040771484,0.3956298828125,33572028416,0,850391040,0
1,1762416541041,3300,3301,800,3307,3304,3533,3301,3300,22.22222328186035,0,0,0,0,0,0,0,252009.51733398438,58128.915100097656,93668.23175048828,0.3956298828125,33572028416,0,850391040,0
1,1762416541042,3300,3301,800,3307,3304,3533,3301,3300,22.22222328186035,0,0,0,0,0,0,0,252009.51831054688,58128.919372558594,93668.23309326172,0.3956298828125,33572028416,0,850391040,0
1,1762416541043,3300,3301,800,3307,3304,3533,3301,3300,22.22222328186035,0,0,0,0,0,0,0,252009.51928710938,58128.923889160156,93668.23443603516,0.3956298828125,33572028416,0,850391040,0
1,1762416541044,3300,3301,800,3307,3304,3533,3301,3300,22.22222328186035,0,0,0,0,0,0,0,252009.52026367188,58128.928283691406,93668.2359008789,0.3956298828125,33572028416,0,850391040,0
1,1762416541045,3300,3301,800,3307,3304,3533,3301,3300,22.22222328186035,0,0,0,0,0,0,0,252009.52130126953,58128.932861328125,93668.23724365234,0.3956298828125,33572028416,0,850391040,0
1,1762416541046,3300,3301,800,3307,3304,3533,3301,3300,22.22222328186035,0,0,0,0,0,0,0,252009.52325439453,58128.94171142578,93668.23889160156,0.3956298828125,33572028416,0,850391040,0
0,1762416541047,3300,3301,800,3307,3304,3533,3301,3300,22.22222328186035,0,0,0,0,0,0,0,252009.52423095703,58128.94580078125,93668.240234375,0.3956298828125,33572028416,0,850391040,0
0,1762416541049,3300,3301,800,3307,3304,3533,3301,3300,22.22222328186035,0,0,0,0,0,0,0,252009.5252685547,58128.95007324219,93668.24133300781,0.3956298828125,33572028416,0,850391040,0
0,1762416541050,3300,3301,800,3307,3304,3533,3301,3300,22.22222328186035,0,0,0,0,0,0,0,252009.5262451172,58128.95458984375,93668.24304199219,0.3956298828125,33572028416,0,850391040,0
1,1762416541051,3300,3301,800,3307,3304,3533,3301,3300,22.22222328186035,0,0,0,0,0,0,0,252009.5272216797,58128.959228515625,93668.24462890625,0.3956298828125,33572028416,0,850391040,0
1,1762416541052,3300,3301,800,3307,3304,3533,3301,3300,22.22222328186035,0,0,0,0,0,0,0,252009.5281982422,58128.96356201172,93668.24597167969,0.3956298828125,33572028416,0,850391040,0
1,1762416541053,3300,3301,800,3307,3304,3533,3301,3300,22.22222328186035,0,0,0,0,0,0,0,252009.5291748047,58128.968200683594,93668.2474975586,0.3956298828125,33572028416,0,850391040,0
1,1762416541054,3300,3301,800,3307,3304,3533,3301,3300,22.22222328186035,0,0,0,0,0,0,0,252009.53021240234,58128.97283935547,93668.24865722656,0.3956298828125,33572028416,0,850391040,0
1,1762416541055,3300,3301,800,3307,3304,3533,3301,3300,22.22222328186035,0,0,0,0,0,0,0,252009.53118896484,58128.977111816406,93668.25012207031,0.3956298828125,33572028416,0,850391040,0
1,1762416541056,3300,3301,800,3307,3304,3533,3301,3300,22.22222328186035,0,0,0,0,0,0,0,252009.53216552734,58128.9814453125,93668.2514038086,0.3956298828125,33572028416,0,850391040,0
1,1762416541057,3300,3301,800,3307,3304,3533,3301,3300,22.22222328186035,0,0,0,0,0,0,0,252009.5341796875,58128.98596191406,93668.25274658203,0.3956298828125,33572028416,0,850391040,0
0,1762416541058,3300,3301,800,3307,3304,3533,3301,3300,22.22222328186035,0,0,0,0,0,0,0,252009.53509521484,58128.99432373047,93668.25439453125,0.3956298828125,33572028416,0,850391040,0
0,1762416541060,3300,3301,800,3307,3304,3533,3301,3300,22.22222328186035,0,0,0,0,0,0,0,252009.5361328125,58128.99884033203,93668.25592041016,0.3956298828125,33572028416,0,850391040,0
0,1762416541061,3300,3301,800,3307,3304,3533,3301,3300,22.22222328186035,0,0,0,0,0,0,0,252009.537109375,58129.00341796875,93668.25720214844,0.3956298828125,33572028416,0,850391040,0
1,1762416541062,3300,3301,800,3307,3304,3533,3301,3300,22.22222328186035,0,0,0,0,0,0,0,252009.5380859375,58129.00793457031,93668.25885009766,0.3956298828125,33572028416,0,850391040,0
1,1762416541063,3300,3301,800,3307,3304,3533,3301,3300,22.22222328186035,0,0,0,0,0,0,0,252009.5390625,58129.0126953125,93668.2601928711,0.3956298828125,33572028416,0,850391040,0
1,1762416541064,3300,3301,800,3307,3304,3533,3301,3300,22.22222328186035,0,0,0,0,0,0,0,252009.54010009766,58129.017028808594,93668.26147460938,0.3956298828125,33572028416,0,850391040,0
1,1762416541065,3300,3301,800,3307,3304,3533,3301,3300,22.22222328186035,0,0,0,0,0,0,0,252009.54107666016,58129.021423339844,93668.2626953125,0.3956298828125,33572028416,0,850391040,0
1,1762416541066,3300,3301,800,3307,3304,3533,3301,3300,22.22222328186035,0,0,0,0,0,0,0,252009.54205322266,58129.025817871094,93668.26416015625,0.3956298828125,33572028416,0,850391040,0
1,1762416541067,3300,3301,800,3307,3304,3533,3301,3300,22.22222328186035,0,0,0,0,0,0,0,252009.5430908203,58129.030334472656,93668.26550292969,0.3956298828125,33572028416,0,850391040,0
1,1762416541068,3300,3301,800,3307,3304,3533,3301,3300,22.22222328186035,0,0,0,0,0,0,0,252009.5450439453,58129.039123535156,93668.2671508789,0.3956298828125,33572028416,0,850391040,0
0,1762416541069,3300,3301,800,3307,3304,3533,3301,3300,22.22222328186035,0,0,0,0,0,0,0,252009.5460205078,58129.043395996094,93668.26873779297,0.3956298828125,33572028416,0,850391040,0
0,1762416541071,3300,3301,800,3307,3304,3533,3301,3300,22.22222328186035,0,0,0,0,0,0,0,252009.5469970703,58129.047912597656,93668.27014160156,0.3956298828125,33572028416,0,850391040,0
0,1762416541072,3300,3301,800,3307,3304,3533,3301,3300,22.22222328186035,0,0,0,0,0,0,0,252009.54803466797,58129.05255126953,93668.27178955078,0.3956298828125,33572028416,0,850391040,0
1,1762416541073,3300,3301,800,3307,3304,3533,3301,3300,22.22222328186035,0,0,0,0,0,0,0,252009.54901123047,58129.05700683594,93668.27331542969,0.3956298828125,33572028416,0,850391040,0
1,1762416541074,3300,3301,800,3307,3304,3533,3301,3300,22.22222328186035,0,0,0,0,0,0,0,252009.54998779297,58129.061462402344,93668.27459716797,0.3956298828125,33572028416,0,850391040,0
1,1762416541075,3300,3301,800,3307,3304,3533,3301,3300,22.22222328186035,0,0,0,0,0,0,0,252009.55102539063,58129.066162109375,93668.27612304688,0.3956298828125,33572028416,0,850391040,0
1,1762416541076,3300,3301,800,3307,3304,3533,3301,3300,22.22222328186035,0,0,0,0,0,0,0,252009.55200195313,58129.07067871094,93668.27728271484,0.3956298828125,33572028416,0,850391040,0
1,1762416541077,3300,3301,800,3307,3304,3533,3301,3300,22.22222328186035,0,0,0,0,0,0,0,252009.55297851563,58129.07489013672,93668.27856445313,0.3956298828125,33572028416,0,850391040,0
1,1762416541078,3300,3301,800,3307,3304,3533,3301,3300,22.22222328186035,0,0,0,0,0,0,0,252009.55395507813,58129.07940673828,93668.27996826172,0.3956298828125,33572028416,0,850391040,0
1,1762416541079,3300,3301,800,3307,3304,3533,3301,3300,22.22222328186035,0,0,0,0,0,0,0,252009.55596923828,58129.087890625,93668.28143310547,0.3956298828125,33572028416,0,850391040,0
0,1762416541080,3300,3301,800,3307,3304,3533,3301,3300,22.22222328186035,0,0,0,0,0,0,0,252009.55694580078,58129.092346191406,93668.28289794922,0.3956298828125,33572028416,0,850391040,0
0,1762416541082,3300,3301,800,3307,3304,3533,3301,3300,22.22222328186035,0,0,0,0,0,0,0,252009.55792236328,58129.096618652344,93668.28424072266,0.3956298828125,33572028416,0,850391040,0
0,1762416541083,3300,3301,800,3307,3304,3533,3301,3300,22.22222328186035,0,0,0,0,0,0,0,252009.55889892578,58129.10107421875,93668.2855834961,0.3956298828125,33572028416,0,850391040,0
1,1762416541084,3300,3301,800,3307,3304,3533,3301,3300,22.22222328186035,0,0,0,0,0,0,0,252009.55993652344,58129.10565185547,93668.28704833984,0.3956298828125,33572028416,0,850391040,0
1,1762416541085,3300,3301,800,3307,3304,3533,3301,3300,22.22222328186035,0,0,0,0,0,0,0,252009.56091308594,58129.11016845703,93668.28839111328,0.3956298828125,33572028416,0,850391040,0
1,1762416541086,3300,3301,800,3307,3304,3533,3301,3300,22.22222328186035,0,0,0,0,0,0,0,252009.56188964844,58129.11437988281,93668.2894897461,0.3956298828125,33572028416,0,850391040,0
1,1762416541087,3300,3301,800,3307,3304,3533,3301,3300,22.22222328186035,0,0,0,0,0,0,0,252009.56286621094,58129.11877441406,93668.29089355469,0.3956298828125,33572028416,0,850391040,0
1,1762416541088,3300,3301,800,3307,3304,3533,3301,3300,22.22222328186035,0,0,0,0,0,0,0,252009.56384277344,58129.12322998047,93668.29235839844,0.3956298828125,33572028416,0,850391040,0
1,1762416541089,3300,3301,800,3307,3304,3533,3301,3300,22.22222328186035,0,0,0,0,0,0,0,252009.5648803711,58129.12774658203,93668.29400634766,0.3956298828125,33572028416,0,850391040,0
1,1762416541090,3300,3301,800,3307,3304,3533,3301,3300,22.22222328186035,0,0,0,0,0,0,0,252009.5658569336,58129.132263183594,93668.29510498047,0.3956298828125,33572028416,0,850391040,0
0,1762416541091,3300,3301,800,3307,3304,3533,3301,3300,22.22222328186035,0,0,0,0,0,0,0,252009.5678100586,58129.14050292969,93668.29663085938,0.3956298828125,33572028416,0,850391040,0
0,1762416541093,3300,3301,800,3307,3304,3533,3301,3300,22.22222328186035,0,0,0,0,0,0,0,252009.5687866211,58129.14489746094,93668.29797363281,0.3956298828125,33572028416,0,850391040,0
0,1762416541094,3300,3301,800,3307,3304,3533,3301,3300,22.22222328186035,0,0,0,0,0,0,0,252009.5697631836,58129.1494140625,93668.29949951172,0.3956298828125,33572028416,0,850391040,0
1,1762416541095,3300,3301,800,3307,3304,3533,3301,3300,22.22222328186035,0,0,0,0,0,0,0,252009.57080078125,58129.15411376953,93668.30096435547,0.3956298828125,33572028416,0,850391040,0
1,1762416541096,3300,3301,800,3307,3304,3533,3301,3300,22.22222328186035,0,0,0,0,0,0,0,252009.57177734375,58129.15856933594,93668.30224609375,0.3956298828125,33572028416,0,850391040,0
1,1762416541097,3300,3301,800,3307,3304,3533,3301,3300,22.22222328186035,0,0,0,0,0,0,0,252009.57275390625,58129.163024902344,93668.3037109375,0.3956298828125,33572028416,0,850391040,0
1,1762416541098,3300,3301,800,3307,3304,3533,3301,3300,22.22222328186035,0,0,0,0,0,0,0,252009.5737915039,58129.167419433594,93668.30480957031,0.3956298828125,33572028416,0,850391040,0
1,1762416541099,3300,3301,800,3307,3304,3533,3301,3300,22.22222328186035,0,0,0,0,0,0,0,252009.5747680664,58129.171936035156,93668.30645751953,0.3956298828125,33572028416,0,850391040,0
1,1762416541100,3300,3301,800,3307,3304,3533,3301,3300,22.22222328186035,0,0,0,0,0,0,0,252009.5757446289,58129.17626953125,93668.30773925781,0.3956298828125,33572028416,0,850391040,0
1,1762416541101,3300,3301,800,3307,3304,3533,3301,3300,22.22222328186035,0,0,0,0,0,0,0,252009.57775878906,58129.185119628906,93668.30926513672,0.3956298828125,33572028416,0,850391040,0
0,1762416541102,3300,3301,800,3307,3304,3533,3301,3300,22.22222328186035,0,0,0,0,0,0,0,252009.57873535156,58129.189453125,93668.31079101563,0.3956298828125,33572028416,0,850391040,0
0,1762416541104,3300,3301,800,3307,3304,3533,3301,3300,22.22222328186035,0,0,0,0,0,0,0,252009.57971191406,58129.19372558594,93668.31219482422,0.3956298828125,33572028416,0,850391040,0
0,1762416541105,3300,3301,800,3307,3304,3533,3301,3300,22.22222328186035,0,0,0,0,0,0,0,252009.58068847656,58129.198181152344,93668.31329345703,0.3956298828125,33572028416,0,850391040,0
1,1762416541106,3300,3301,800,3307,3304,3533,3301,3300,22.22222328186035,0,0,0,0,0,0,0,252009.58166503906,58129.20245361328,93668.31457519531,0.3956298828125,33572028416,0,850391040,0
1,1762416541107,3300,3301,800,3307,3304,3533,3301,3300,22.22222328186035,0,0,0,0,0,0,0,252009.58270263672,58129.20703125,93668.3159790039,0.3956298828125,33572028416,0,850391040,0
1,1762416541108,3300,3301,800,3307,3304,3533,3301,3300,22.22222328186035,0,0,0,0,0,0,0,252009.58367919922,58129.211486816406,93668.31719970703,0.3956298828125,33572028416,0,850391040,0
1,1762416541109,3300,3301,800,3307,3304,3533,3301,3300,22.22222328186035,0,0,0,0,0,0,0,252009.58465576172,58129.215881347656,93668.31872558594,0.3956298828125,33572028416,0,850391040,0
1,1762416541110,3300,3301,800,3307,3304,3533,3301,3300,22.22222328186035,0,0,0,0,0,0,0,252009.58569335938,58129.220458984375,93668.32019042969,0.3956298828125,33572028416,0,850391040,0
1,1762416541111,3300,3301,800,3307,3304,3533,3301,3300,22.22222328186035,0,0,0,0,0,0,0,252009.58666992188,58129.22491455078,93668.32165527344,0.3956298828125,33572028416,0,850391040,0
1,1762416541112,3300,3301,800,3307,3304,3533,3301,3300,22.22222328186035,0,0,0,0,0,0,0,252009.58764648438,58129.22918701172,93668.3228149414,0.3956298828125,33572028416,0,850391040,0
1,1762416541113,3300,3301,800,3307,3304,3533,3301,3300,22.22222328186035,0,0,0,0,0,0,0,252009.58959960938,58129.237731933594,93668.32458496094,0.3956298828125,33572028416,0,850391040,0
0,1762416541115,3300,3301,800,3307,3304,3533,3301,3300,22.22222328186035,0,0,0,0,0,0,0,252009.59063720703,58129.24249267578,93668.32635498047,0.3956298828125,33572028416,0,850391040,0
0,1762416541116,3300,3301,800,3307,3304,3533,3301,3300,22.22222328186035,0,0,0,0,0,0,0,252009.59155273438,58129.2470703125,93668.32806396484,0.3956298828125,33572028416,0,850391040,0
1,1762416541117,3300,3301,800,3307,3304,3533,3301,3300,22.22222328186035,0,0,0,0,0,0,0,252009.59259033203,58129.252014160156,93668.3295288086,0.3956298828125,33572028416,0,850391040,0
1,1762416541118,3300,3301,800,3307,3304,3533,3301,3300,22.22222328186035,0,0,0,0,0,0,0,252009.59356689453,58129.25646972656,93668.33093261719,0.3956298828125,33572028416,0,850391040,0
1,1762416541119,3300,3301,800,3307,3304,3533,3301,3300,22.22222328186035,0,0,0,0,0,0,0,252009.5946044922,58129.26104736328,93668.33233642578,0.3956298828125,33572028416,0,850391040,0
1,1762416541120,3300,3301,800,3307,3304,3533,3301,3300,22.22222328186035,0,0,0,0,0,0,0,252009.5955810547,58129.26550292969,93668.33349609375,0.3956298828125,33572028416,0,850391040,0
1,1762416541121,3300,3301,800,3307,3304,3533,3301,3300,22.22222328186035,0,0,0,0,0,0,0,252009.5965576172,58129.26989746094,93668.33502197266,0.3956298828125,33572028416,0,850391040,0
1,1762416541122,3300,3301,800,3307,3304,3533,3301,3300,22.22222328186035,0,0,0,0,0,0,0,252009.5975341797,58129.27429199219,93668.33630371094,0.3956298828125,33572028416,0,850391040,0
1,1762416541123,3300,3301,800,3307,3304,3533,3301,3300,22.22222328186035,0,0,0,0,0,0,0,252009.59954833984,58129.28289794922,93668.337890625,0.3956298828125,33572028416,0,850391040,0
0,1762416541125,3300,3301,800,3307,3304,3533,3301,3300,22.22222328186035,0,0,0,0,0,0,0,252009.6004638672,58129.287109375,93668.33935546875,0.3956298828125,33572028416,0,850391040,0
0,1762416541126,3300,3301,800,3307,3304,3533,3301,3300,22.22222328186035,0,0,0,0,0,0,0,252009.6004638672,58129.287109375,93668.34033203125,0.3956298828125,33572028416,0,850391040,0
0,1762416541127,3300,3301,800,3307,3304,3533,3301,3300,22.22222328186035,0,0,0,0,0,0,0,252009.60260009766,58129.298278808594,93668.3441772461,0.3956298828125,33572028416,0,850391040,0
1,1762416541128,3300,3301,800,3307,3304,3533,3301,3300,22.22222328186035,0,0,0,0,0,0,0,252009.60357666016,58129.30310058594,93668.34576416016,0.3956298828125,33572028416,0,850391040,0
1,1762416541129,3300,3301,800,3307,3304,3533,3301,3300,22.22222328186035,0,0,0,0,0,0,0,252009.6046142578,58129.307556152344,93668.34729003906,0.3956298828125,33572028416,0,850391040,0
1,1762416541130,3300,3301,800,3307,3304,3533,3301,3300,22.22222328186035,0,0,0,0,0,0,0,252009.6055908203,58129.312072753906,93668.34851074219,0.3956298828125,33572028416,0,850391040,0
1,1762416541131,3300,3301,800,3307,3304,3533,3301,3300,22.22222328186035,0,0,0,0,0,0,0,252009.6065673828,58129.31658935547,93668.35021972656,0.3956298828125,33572028416,0,850391040,0
1,1762416541132,3300,3301,800,3307,3304,3533,3301,3300,22.22222328186035,0,0,0,0,0,0,0,252009.60760498047,58129.3212890625,93668.35168457031,0.3956298828125,33572028416,0,850391040,0
1,1762416541133,3300,3301,800,3307,3304,3533,3301,3300,22.22222328186035,0,0,0,0,0,0,0,252009.60858154297,58129.32556152344,93668.3529663086,0.3956298828125,33572028416,0,850391040,0
1,1762416541134,3300,3301,800,3307,3304,3533,3301,3300,22.22222328186035,0,0,0,0,0,0,0,252009.61053466797,58129.33410644531,93668.35443115234,0.3956298828125,33572028416,0,850391040,0
0,1762416541135,3300,3301,800,3307,3304,3533,3301,3300,22.22222328186035,0,0,0,0,0,0,0,252009.61151123047,58129.33868408203,93668.35607910156,0.3956298828125,33572028416,0,850391040,0
0,1762416541137,3300,3301,800,3307,3304,3533,3301,3300,22.22222328186035,0,0,0,0,0,0,0,252009.61254882813,58129.343200683594,93668.35748291016,0.3956298828125,33572028416,0,850391040,0
0,1762416541138,3300,3301,800,3307,3304,3533,3301,3300,22.22222328186035,0,0,0,0,0,0,0,252009.61352539063,58129.34747314453,93668.35876464844,0.3956298828125,33572028416,0,850391040,0
1,1762416541139,3300,3301,800,3307,3304,3533,3301,3300,22.22222328186035,0,0,0,0,0,0,0,252009.61450195313,58129.35217285156,93668.36029052734,0.3956298828125,33572028416,0,850391040,0
1,1762416541140,3300,3301,800,3307,3304,3533,3301,3300,22.22222328186035,0,0,0,0,0,0,0,252009.61547851563,58129.35662841797,93668.36157226563,0.3956298828125,33572028416,0,850391040,0
1,1762416541141,3300,3301,800,3307,3304,3533,3301,3300,22.22222328186035,0,0,0,0,0,0,0,252009.61651611328,58129.36096191406,93668.36279296875,0.3956298828125,33572028416,0,850391040,0
1,1762416541142,3300,3301,800,3307,3304,3533,3301,3300,22.22222328186035,0,0,0,0,0,0,0,252009.61749267578,58129.36535644531,93668.36413574219,0.3956298828125,33572028416,0,850391040,0
1,1762416541143,3300,3301,800,3307,3304,3533,3301,3300,22.22222328186035,0,0,0,0,0,0,0,252009.61846923828,58129.369873046875,93668.36572265625,0.3956298828125,33572028416,0,850391040,0
1,1762416541144,3300,3301,800,3307,3304,3533,3301,3300,22.22222328186035,0,0,0,0,0,0,0,252009.61944580078,58129.37432861328,93668.36700439453,0.3956298828125,33572028416,0,850391040,0
1,1762416541145,3300,3301,800,3307,3304,3533,3301,3300,22.22222328186035,0,0,0,0,0,0,0,252009.62145996094,58129.378845214844,93668.36877441406,0.3956298828125,33572028416,0,850391040,0
0,1762416541147,3300,3301,800,3307,3304,3533,3301,3300,22.22222328186035,0,0,0,0,0,0,0,252009.62243652344,58129.387451171875,93668.37017822266,0.3956298828125,33572028416,0,850391040,0
0,1762416541148,3300,3301,800,3307,3304,3533,3301,3300,22.22222328186035,0,0,0,0,0,0,0,252009.62341308594,58129.39196777344,93668.37139892578,0.3956298828125,33572028416,0,850391040,0
0,1762416541149,3300,3301,800,3307,3304,3533,3301,3300,22.22222328186035,0,0,0,0,0,0,0,252009.62438964844,58129.39630126953,93668.37268066406,0.3956298828125,33572028416,0,850391040,0
1,1762416541150,3300,3301,800,3307,3304,3533,3301,3300,22.22222328186035,0,0,0,0,0,0,0,252009.62536621094,58129.40057373047,93668.37384033203,0.3956298828125,33572028416,0,850391040,0
1,1762416541151,3300,3301,800,3307,3304,3533,3301,3300,22.22222328186035,0,0,0,0,0,0,0,252009.6264038086,58129.40509033203,93668.37530517578,0.3956298828125,33572028416,0,850391040,0
1,1762416541152,3300,3301,800,3307,3304,3533,3301,3300,22.22222328186035,0,0,0,0,0,0,0,252009.6273803711,58129.409606933594,93668.37670898438,0.3956298828125,33572028416,0,850391040,0
1,1762416541153,3300,3301,800,3307,3304,3533,3301,3300,22.22222328186035,0,0,0,0,0,0,0,252009.6283569336,58129.41418457031,93668.37854003906,0.3956298828125,33572028416,0,850391040,0
1,1762416541154,3300,3301,800,3307,3304,3533,3301,3300,22.22222328186035,0,0,0,0,0,0,0,252009.62939453125,58129.4189453125,93668.38012695313,0.3956298828125,33572028416,0,850391040,0
1,1762416541155,3300,3301,800,3307,3304,3533,3301,3300,22.22222328186035,0,0,0,0,0,0,0,252009.63037109375,58129.423583984375,93668.3814086914,0.3956298828125,33572028416,0,850391040,0
1,1762416541156,3300,3301,800,3307,3304,3533,3301,3300,22.22222328186035,0,0,0,0,0,0,0,252009.63232421875,58129.43243408203,93668.38330078125,0.3956298828125,33572028416,0,850391040,0
0,1762416541157,3300,3301,800,3307,3304,3533,3301,3300,22.22222328186035,0,0,0,0,0,0,0,252009.6333618164,58129.436950683594,93668.38494873047,0.3956298828125,33572028416,0,850391040,0
0,1762416541159,3300,3301,800,3307,3304,3533,3301,3300,22.22222328186035,0,0,0,0,0,0,0,252009.6343383789,58129.44158935547,93668.38641357422,0.3956298828125,33572028416,0,850391040,0
0,1762416541160,3300,3301,800,3307,3304,3533,3301,3300,22.22222328186035,0,0,0,0,0,0,0,252009.6353149414,58129.44592285156,93668.38757324219,0.3956298828125,33572028416,0,850391040,0
1,1762416541161,3300,3301,800,3307,3304,3533,3301,3300,22.22222328186035,0,0,0,0,0,0,0,252009.6362915039,58129.450134277344,93668.38891601563,0.3956298828125,33572028416,0,850391040,0
1,1762416541162,3300,3301,800,3307,3304,3533,3301,3300,22.22222328186035,0,0,0,0,0,0,0,252009.63732910156,58129.45471191406,93668.39031982422,0.3956298828125,33572028416,0,850391040,0
1,1762416541163,3300,3301,800,3307,3304,3533,3301,3300,22.22222328186035,0,0,0,0,0,0,0,252009.63830566406,58129.459045410156,93668.39154052734,0.3956298828125,33572028416,0,850391040,0
1,1762416541164,3300,3301,800,3307,3304,3533,3301,3300,22.22222328186035,0,0,0,0,0,0,0,252009.63928222656,58129.46350097656,93668.39288330078,0.3956298828125,33572028416,0,850391040,0
1,1762416541165,3300,3301,800,3307,3304,3533,3301,3300,22.22222328186035,0,0,0,0,0,0,0,252009.64025878906,58129.46807861328,93668.39447021484,0.3956298828125,33572028416,0,850391040,0
1,1762416541166,3300,3301,800,3307,3304,3533,3301,3300,22.22222328186035,0,0,0,0,0,0,0,252009.64129638672,58129.47277832031,93668.39587402344,0.3956298828125,33572028416,0,850391040,0
1,1762416541167,3300,3301,800,3307,3304,3533,3301,3300,22.22222328186035,0,0,0,0,0,0,0,252009.64227294922,58129.47717285156,93668.39752197266,0.3956298828125,33572028416,0,850391040,0
0,1762416541168,3300,3301,800,3307,3304,3533,3301,3300,22.22222328186035,0,0,0,0,0,0,0,252009.64422607422,58129.48571777344,93668.39874267578,0.3956298828125,33572028416,0,850391040,0
0,1762416541170,3300,3301,800,3307,3304,3533,3301,3300,22.22222328186035,0,0,0,0,0,0,0,252009.64520263672,58129.49005126953,93668.40002441406,0.3956298828125,33572028416,0,850391040,0
0,1762416541171,3300,3301,800,3307,3304,3533,3301,3300,22.22222328186035,0,0,0,0,0,0,0,252009.64617919922,58129.49426269531,93668.40124511719,0.3956298828125,33572028416,0,850391040,0
1,1762416541172,3300,3301,800,3307,3304,3533,3301,3300,22.22222328186035,0,0,0,0,0,0,0,252009.64721679688,58129.498596191406,93668.40240478516,0.3956298828125,33572028416,0,850391040,0
1,1762416541173,3300,3301,800,3307,3304,3533,3301,3300,22.22222328186035,0,0,0,0,0,0,0,252009.64819335938,58129.5029296875,93668.4037475586,0.3956298828125,33572028416,0,850391040,0
1,1762416541174,3300,3301,800,3307,3304,3533,3301,3300,22.22222328186035,0,0,0,0,0,0,0,252009.64916992188,58129.50750732422,93668.40539550781,0.3956298828125,33572028416,0,850391040,0
1,1762416541175,3300,3301,800,3307,3304,3533,3301,3300,22.22222328186035,0,0,0,0,0,0,0,252009.65020751953,58129.512268066406,93668.4072265625,0.3956298828125,33572028416,0,850391040,0
1,1762416541176,3300,3301,800,3307,3304,3533,3301,3300,22.22222328186035,0,0,0,0,0,0,0,252009.65118408203,58129.51721191406,93668.40869140625,0.3956298828125,33572028416,0,850391040,0
1,1762416541177,3300,3301,800,3307,3304,3533,3301,3300,22.22222328186035,0,0,0,0,0,0,0,252009.65216064453,58129.52160644531,93668.41003417969,0.3956298828125,33572028416,0,850391040,0
1,1762416541178,3300,3301,800,3307,3304,3533,3301,3300,22.22222328186035,0,0,0,0,0,0,0,252009.65411376953,58129.53039550781,93668.41186523438,0.3956298828125,33572028416,0,850391040,0
0,1762416541179,3300,3301,800,3307,3304,3533,3301,3300,22.22222328186035,0,0,0,0,0,0,0,252009.6551513672,58129.53466796875,93668.4130859375,0.3956298828125,33572028416,0,850391040,0
0,1762416541181,3300,3301,800,3307,3304,3533,3301,3300,22.22222328186035,0,0,0,0,0,0,0,252009.6561279297,58129.5390625,93668.41442871094,0.3956298828125,33572028416,0,850391040,0
0,1762416541182,3300,3301,800,3307,3304,3533,3301,3300,22.22222328186035,0,0,0,0,0,0,0,252009.6571044922,58129.54327392578,93668.4155883789,0.3956298828125,33572028416,0,850391040,0
1,1762416541183,3300,3301,800,3307,3304,3533,3301,3300,22.22222328186035,0,0,0,0,0,0,0,252009.6580810547,58129.547607421875,93668.41680908203,0.3956298828125,33572028416,0,850391040,0
1,1762416541184,3300,3301,800,3307,3304,3533,3301,3300,22.22222328186035,0,0,0,0,0,0,0,252009.65911865234,58129.55212402344,93668.41821289063,0.3956298828125,33572028416,0,850391040,0
1,1762416541185,3300,3301,800,3307,3304,3533,3301,3300,22.22222328186035,0,0,0,0,0,0,0,252009.66009521484,58129.556396484375,93668.41943359375,0.3956298828125,33572028416,0,850391040,0
1,1762416541186,3300,3301,800,3307,3304,3533,3301,3300,22.22222328186035,0,0,0,0,0,0,0,252009.66107177734,58129.56085205078,93668.42102050781,0.3956298828125,33572028416,0,850391040,0
1,1762416541187,3300,3301,800,3307,3304,3533,3301,3300,22.22222328186035,0,0,0,0,0,0,0,252009.66204833984,58129.56555175781,93668.42266845703,0.3956298828125,33572028416,0,850391040,0
1,1762416541188,3300,3301,800,3307,3304,3533,3301,3300,22.22222328186035,0,0,0,0,0,0,0,252009.66302490234,58129.570068359375,93668.42388916016,0.3956298828125,33572028416,0,850391040,0
1,1762416541189,3300,3301,800,3307,3304,3533,3301,3300,22.22222328186035,0,0,0,0,0,0,0,252009.6640625,58129.574462890625,93668.42529296875,0.3956298828125,33572028416,0,850391040,0
0,1762416541191,3300,3301,800,3307,3304,3533,3301,3300,22.22222328186035,0,0,0,0,0,0,0,252009.66607666016,58129.583251953125,93668.42687988281,0.3956298828125,33572028416,0,850391040,0
0,1762416541192,3300,3301,800,3307,3304,3533,3301,3300,22.22222328186035,0,0,0,0,0,0,0,252009.66705322266,58129.587646484375,93668.4281616211,0.3956298828125,33572028416,0,850391040,0
0,1762416541193,3300,3301,800,3307,3304,3533,3301,3300,22.22222328186035,0,0,0,0,0,0,0,252009.66802978516,58129.591857910156,93668.42944335938,0.3956298828125,33572028416,0,850391040,0
1,1762416541194,3300,3301,800,3307,3304,3533,3301,3300,22.22222328186035,0,0,0,0,0,0,0,252009.66900634766,58129.59619140625,93668.43060302734,0.3956298828125,33572028416,0,850391040,0
1,1762416541195,3300,3301,800,3307,3304,3533,3301,3300,22.22222328186035,0,0,0,0,0,0,0,252009.66998291016,58129.600524902344,93668.43212890625,0.3956298828125,33572028416,0,850391040,0
1,1762416541196,3300,3301,800,3307,3304,3533,3301,3300,22.22222328186035,0,0,0,0,0,0,0,252009.6710205078,58129.60528564453,93668.43377685547,0.3956298828125,33572028416,0,850391040,0
1,1762416541197,3300,3301,800,3307,3304,3533,3301,3300,22.22222328186035,0,0,0,0,0,0,0,252009.6719970703,58129.610107421875,93668.43542480469,0.3956298828125,33572028416,0,850391040,0
1,1762416541198,3300,3301,800,3307,3304,3533,3301,3300,22.22222328186035,0,0,0,0,0,0,0,252009.6729736328,58129.614807128906,93668.43682861328,0.3956298828125,33572028416,0,850391040,0
1,1762416541199,3300,3301,800,3307,3304,3533,3301,3300,22.22222328186035,0,0,0,0,0,0,0,252009.6739501953,58129.619201660156,93668.43823242188,0.3956298828125,33572028416,0,850391040,0
1,1762416541200,3300,3301,800,3307,3304,3533,3301,3300,22.22222328186035,0,0,0,0,0,0,0,252009.6759033203,58129.6279296875,93668.4400024414,0.3956298828125,33572028416,0,850391040,0
0,1762416541201,3300,3301,800,3307,3304,3533,3301,3300,22.22222328186035,0,0,0,0,0,0,0,252009.67694091797,58129.632080078125,93668.44116210938,0.3956298828125,33572028416,0,850391040,0
0,1762416541203,3300,3301,800,3307,3304,3533,3301,3300,22.22222328186035,0,0,0,0,0,0,0,252009.67791748047,58129.63641357422,93668.44256591797,0.3956298828125,33572028416,0,850391040,0
0,1762416541204,3300,3301,800,3307,3304,3533,3301,3300,22.22222328186035,0,0,0,0,0,0,0,252009.67889404297,58129.640686035156,93668.44360351563,0.3956298828125,33572028416,0,850391040,0
1,1762416541205,3300,3301,800,3307,3304,3533,3301,3300,22.22222328186035,0,0,0,0,0,0,0,252009.67993164063,58129.64514160156,93668.44494628906,0.3956298828125,33572028416,0,850391040,0
1,1762416541206,3300,3301,800,3307,3304,3533,3301,3300,22.22222328186035,0,0,0,0,0,0,0,252009.68090820313,58129.64959716797,93668.4462890625,0.3956298828125,33572028416,0,850391040,0
1,1762416541207,3300,3301,800,3307,3304,3533,3301,3300,22.22222328186035,0,0,0,0,0,0,0,252009.68188476563,58129.65399169922,93668.44763183594,0.3956298828125,33572028416,0,850391040,0
1,1762416541208,3300,3301,800,3307,3304,3533,3301,3300,22.22222328186035,0,0,0,0,0,0,0,252009.68286132813,58129.658630371094,93668.44940185547,0.3956298828125,33572028416,0,850391040,0
1,1762416541209,3300,3301,800,3307,3304,3533,3301,3300,22.22222328186035,0,0,0,0,0,0,0,252009.68383789063,58129.663146972656,93668.45080566406,0.3956298828125,33572028416,0,850391040,0
1,1762416541210,3300,3301,800,3307,3304,3533,3301,3300,22.22222328186035,0,0,0,0,0,0,0,252009.68487548828,58129.66778564453,93668.45220947266,0.3956298828125,33572028416,0,850391040,0
1,1762416541211,3300,3301,800,3307,3304,3533,3301,3300,22.22222328186035,0,0,0,0,0,0,0,252009.68682861328,58129.676208496094,93668.4536743164,0.3956298828125,33572028416,0,850391040,0
0,1762416541212,3300,3301,800,3307,3304,3533,3301,3300,22.22222328186035,0,0,0,0,0,0,0,252009.68780517578,58129.68048095703,93668.45489501953,0.3956298828125,33572028416,0,850391040,0
0,1762416541214,3300,3301,800,3307,3304,3533,3301,3300,22.22222328186035,0,0,0,0,0,0,0,252009.68884277344,58129.68487548828,93668.4560546875,0.3956298828125,33572028416,0,850391040,0
0,1762416541215,3300,3301,800,3307,3304,3533,3301,3300,22.22222328186035,0,0,0,0,0,0,0,252009.68975830078,58129.689025878906,93668.45739746094,0.3956298828125,33572028416,0,850391040,0
1,1762416541216,3300,3301,800,3307,3304,3533,3301,3300,22.22222328186035,0,0,0,0,0,0,0,252009.69079589844,58129.693603515625,93668.45880126953,0.3956298828125,33572028416,0,850391040,0
1,1762416541217,3300,3301,800,3307,3304,3533,3301,3300,22.22222328186035,0,0,0,0,0,0,0,252009.6918334961,58129.69812011719,93668.4603881836,0.3956298828125,33572028416,0,850391040,0
1,1762416541218,3300,3301,800,3307,3304,3533,3301,3300,22.22222328186035,0,0,0,0,0,0,0,252009.69274902344,58129.70263671875,93668.46197509766,0.3956298828125,33572028416,0,850391040,0
1,1762416541219,3300,3301,800,3307,3304,3533,3301,3300,22.22222328186035,0,0,0,0,0,0,0,252009.6937866211,58129.70751953125,93668.4634399414,0.3956298828125,33572028416,0,850391040,0
1,1762416541220,3300,3301,800,3307,3304,3533,3301,3300,22.22222328186035,0,0,0,0,0,0,0,252009.6947631836,58129.71203613281,93668.46484375,0.3956298828125,33572028416,0,850391040,0
1,1762416541221,3300,3301,800,3307,3304,3533,3301,3300,22.22222328186035,0,0,0,0,0,0,0,252009.6957397461,58129.71643066406,93668.4662475586,0.3956298828125,33572028416,0,850391040,0
1,1762416541222,3300,3301,800,3307,3304,3533,3301,3300,22.22222328186035,0,0,0,0,0,0,0,252009.69775390625,58129.72540283203,93668.46795654297,0.3956298828125,33572028416,0,850391040,0
0,1762416541223,3300,3301,800,3307,3304,3533,3301,3300,22.22222328186035,0,0,0,0,0,0,0,252009.6986694336,58129.729431152344,93668.4692993164,0.3956298828125,33572028416,0,850391040,0
0,1762416541225,3300,3301,800,3307,3304,3533,3301,3300,22.22222328186035,0,0,0,0,0,0,0,252009.69970703125,58129.73376464844,93668.47052001953,0.3956298828125,33572028416,0,850391040,0
0,1762416541226,3300,3301,800,3307,3304,3533,3301,3300,22.22222328186035,0,0,0,0,0,0,0,252009.70068359375,58129.73815917969,93668.47180175781,0.3956298828125,33572028416,0,850391040,0
1,1762416541227,3300,3301,800,3307,3304,3533,3301,3300,22.22222328186035,0,0,0,0,0,0,0,252009.70166015625,58129.742431640625,93668.47302246094,0.3956298828125,33572028416,0,850391040,0
1,1762416541228,3300,3301,800,3307,3304,3533,3301,3300,22.22222328186035,0,0,0,0,0,0,0,252009.7026977539,58129.74688720703,93668.47442626953,0.3956298828125,33572028416,0,850391040,0
1,1762416541229,3300,3301,800,3307,3304,3533,3301,3300,22.22222328186035,0,0,0,0,0,0,0,252009.7036743164,58129.751403808594,93668.47589111328,0.3956298828125,33572028416,0,850391040,0
1,1762416541230,3300,3301,800,3307,3304,3533,3301,3300,22.22222328186035,0,0,0,0,0,0,0,252009.7046508789,58129.756103515625,93668.47772216797,0.3956298828125,33572028416,0,850391040,0
1,1762416541231,3300,3301,800,3307,3304,3533,3301,3300,22.22222328186035,0,0,0,0,0,0,0,252009.70568847656,58129.760803222656,93668.47900390625,0.3956298828125,33572028416,0,850391040,0
1,1762416541232,3300,3301,800,3307,3304,3533,3301,3300,22.22222328186035,0,0,0,0,0,0,0,252009.70666503906,58129.765197753906,93668.48046875,0.3956298828125,33572028416,0,850391040,0
1,1762416541233,3300,3301,800,3307,3304,3533,3301,3300,22.22222328186035,0,0,0,0,0,0,0,252009.70861816406,58129.773498535156,93668.48156738281,0.3956298828125,33572028416,0,850391040,0
0,1762416541234,3300,3301,800,3307,3304,3533,3301,3300,22.22222328186035,0,0,0,0,0,0,0,252009.70959472656,58129.777587890625,93668.4829711914,0.3956298828125,33572028416,0,850391040,0
0,1762416541236,3300,3301,800,3307,3304,3533,3301,3300,22.22222328186035,0,0,0,0,0,0,0,252009.71057128906,58129.782165527344,93668.48425292969,0.3956298828125,33572028416,0,850391040,0
0,1762416541237,3300,3301,800,3307,3304,3533,3301,3300,22.22222328186035,0,0,0,0,0,0,0,252009.71160888672,58129.786682128906,93668.48571777344,0.3956298828125,33572028416,0,850391040,0
1,1762416541238,3300,3301,800,3307,3304,3533,3301,3300,22.22222328186035,0,0,0,0,0,0,0,252009.71258544922,58129.791015625,93668.4873046875,0.3956298828125,33572028416,0,850391040,0
1,1762416541239,3300,3301,800,3307,3304,3533,3301,3300,22.22222328186035,0,0,0,0,0,0,0,252009.71356201172,58129.795654296875,93668.4888305664,0.3956298828125,33572028416,0,850391040,0
1,1762416541240,3300,3301,800,3307,3304,3533,3301,3300,22.22222328186035,0,0,0,0,0,0,0,252009.71453857422,58129.80047607422,93668.49047851563,0.3956298828125,33572028416,0,850391040,0
1,1762416541241,3300,3301,800,3307,3304,3533,3301,3300,22.22222328186035,0,0,0,0,0,0,0,252009.71557617188,58129.804931640625,93668.49188232422,0.3956298828125,33572028416,0,850391040,0
1,1762416541242,3300,3301,800,3307,3304,3533,3301,3300,22.22222328186035,0,0,0,0,0,0,0,252009.71655273438,58129.80944824219,93668.49334716797,0.3956298828125,33572028416,0,850391040,0
1,1762416541243,3300,3301,800,3307,3304,3533,3301,3300,22.22222328186035,0,0,0,0,0,0,0,252009.71752929688,58129.81384277344,93668.4946899414,0.3956298828125,33572028416,0,850391040,0
1,1762416541244,3300,3301,800,3307,3304,3533,3301,3300,22.22222328186035,0,0,0,0,0,0,0,252009.71856689453,58129.818420410156,93668.49627685547,0.3956298828125,33572028416,0,850391040,0
0,1762416541245,3300,3301,800,3307,3304,3533,3301,3300,22.22222328186035,0,0,0,0,0,0,0,252009.72052001953,58129.82684326172,93668.4974975586,0.3956298828125,33572028416,0,850391040,0
0,1762416541247,3300,3301,800,3307,3304,3533,3301,3300,22.22222328186035,0,0,0,0,0,0,0,252009.72149658203,58129.83117675781,93668.49884033203,0.3956298828125,33572028416,0,850391040,0
0,1762416541248,3300,3301,800,3307,3304,3533,3301,3300,22.22222328186035,0,0,0,0,0,0,0,252009.72247314453,58129.83563232422,93668.50012207031,0.3956298828125,33572028416,0,850391040,0
1,1762416541249,3300,3301,800,3307,3304,3533,3301,3300,22.22222328186035,0,0,0,0,0,0,0,252009.72344970703,58129.839904785156,93668.5014038086,0.3956298828125,33572028416,0,850391040,0
1,1762416541250,3300,3301,800,3307,3304,3533,3301,3300,22.22222328186035,0,0,0,0,0,0,0,252009.7244873047,58129.84460449219,93668.50299072266,0.3956298828125,33572028416,0,850391040,0
1,1762416541251,3300,3301,800,3307,3304,3533,3301,3300,22.22222328186035,0,0,0,0,0,0,0,252009.7254638672,58129.84924316406,93668.5044555664,0.3956298828125,33572028416,0,850391040,0
1,1762416541252,3300,3301,800,3307,3304,3533,3301,3300,22.22222328186035,0,0,0,0,0,0,0,252009.7264404297,58129.85369873047,93668.50604248047,0.3956298828125,33572028416,0,850391040,0
1,1762416541253,3300,3301,800,3307,3304,3533,3301,3300,22.22222328186035,0,0,0,0,0,0,0,252009.72747802734,58129.8583984375,93668.50720214844,0.3956298828125,33572028416,0,850391040,0
1,1762416541254,3300,3301,800,3307,3304,3533,3301,3300,22.22222328186035,0,0,0,0,0,0,0,252009.72845458984,58129.86260986328,93668.5087890625,0.3956298828125,33572028416,0,850391040,0
1,1762416541255,3300,3301,800,3307,3304,3533,3301,3300,22.22222328186035,0,0,0,0,0,0,0,252009.73040771484,58129.87109375,93668.51007080078,0.3956298828125,33572028416,0,850391040,0
0,1762416541256,3300,3301,800,3307,3304,3533,3301,3300,22.22222328186035,0,0,0,0,0,0,0,252009.73138427734,58129.87536621094,93668.5112915039,0.3956298828125,33572028416,0,850391040,0
0,1762416541258,3300,3301,800,3307,3304,3533,3301,3300,22.22222328186035,0,0,0,0,0,0,0,252009.732421875,58129.87976074219,93668.51251220703,0.3956298828125,33572028416,0,850391040,0
0,1762416541259,3300,3301,800,3307,3304,3533,3301,3300,22.22222328186035,0,0,0,0,0,0,0,252009.73333740234,58129.884033203125,93668.51416015625,0.3956298828125,33572028416,0,850391040,0
1,1762416541260,3300,3301,800,3307,3304,3533,3301,3300,22.22222328186035,0,0,0,0,0,0,0,252009.734375,58129.888671875,93668.51568603516,0.3956298828125,33572028416,0,850391040,0
1,1762416541261,3300,3301,800,3307,3304,3533,3301,3300,22.22222328186035,0,0,0,0,0,0,0,252009.73541259766,58129.89343261719,93668.5171508789,0.3956298828125,33572028416,0,850391040,0
1,1762416541262,3300,3301,800,3307,3304,3533,3301,3300,22.22222328186035,0,0,0,0,0,0,0,252009.736328125,58129.897888183594,93668.51867675781,0.3956298828125,33572028416,0,850391040,0
1,1762416541263,3300,3301,800,3307,3304,3533,3301,3300,22.22222328186035,0,0,0,0,0,0,0,252009.73736572266,58129.90270996094,93668.52032470703,0.3956298828125,33572028416,0,850391040,0
1,1762416541264,3300,3301,800,3307,3304,3533,3301,3300,22.22222328186035,0,0,0,0,0,0,0,252009.73834228516,58129.907287597656,93668.52172851563,0.3956298828125,33572028416,0,850391040,0
1,1762416541265,3300,3301,800,3307,3304,3533,3301,3300,22.22222328186035,0,0,0,0,0,0,0,252009.73931884766,58129.911682128906,93668.5230102539,0.3956298828125,33572028416,0,850391040,0
1,1762416541266,3300,3301,800,3307,3304,3533,3301,3300,22.22222328186035,0,0,0,0,0,0,0,252009.7403564453,58129.916076660156,93668.5244140625,0.3956298828125,33572028416,0,850391040,0
0,1762416541267,3300,3301,800,3307,3304,3533,3301,3300,22.22222328186035,0,0,0,0,0,0,0,252009.7423095703,58129.92431640625,93668.52563476563,0.3956298828125,33572028416,0,850391040,0
0,1762416541269,3300,3301,800,3307,3304,3533,3301,3300,22.22222328186035,0,0,0,0,0,0,0,252009.7432861328,58129.92858886719,93668.5269165039,0.3956298828125,33572028416,0,850391040,0
0,1762416541270,3300,3301,800,3307,3304,3533,3301,3300,22.22222328186035,0,0,0,0,0,4.761904716491699,0,252009.7442626953,58129.93298339844,93668.5283203125,0.3956298828125,33572028416,0,850391040,0
0,1762416541271,3300,3301,800,3307,3304,3533,3301,3300,22.22222328186035,0,0,0,0,0,4.761904716491699,0,252009.74530029297,58129.93762207031,93668.5297241211,0.3956298828125,33572028416,0,850391040,0
1,1762416541272,3300,3301,800,3307,3304,3533,3301,3300,22.22222328186035,0,0,0,0,0,4.761904716491699,0,252009.74627685547,58129.94207763672,93668.53125,0.3956298828125,33572028416,0,850391040,0
1,1762416541273,3300,3301,800,3307,3304,3533,3301,3300,22.22222328186035,0,0,0,0,0,4.761904716491699,0,252009.74725341797,58129.94677734375,93668.53283691406,0.3956298828125,33572028416,0,850391040,0
1,1762416541274,3300,3301,800,3307,3304,3533,3301,3300,22.22222328186035,0,0,0,0,0,4.761904716491699,0,252009.74822998047,58129.95135498047,93668.53436279297,0.3956298828125,33572028416,0,850391040,0
1,1762416541275,3300,3301,800,3307,3304,3533,3301,3300,22.22222328186035,0,0,0,0,0,4.761904716491699,0,252009.74920654297,58129.955810546875,93668.53564453125,0.3956298828125,33572028416,0,850391040,0
1,1762416541276,3300,3301,800,3307,3304,3533,3301,3300,22.22222328186035,0,0,0,0,0,4.761904716491699,0,252009.75024414063,58129.96032714844,93668.53698730469,0.3956298828125,33572028416,0,850391040,0
1,1762416541277,3300,3301,800,3307,3304,3533,3301,3300,22.22222328186035,0,0,0,0,0,4.761904716491699,0,252009.75219726563,58129.968505859375,93668.53820800781,0.3956298828125,33572028416,0,850391040,0
0,1762416541279,3300,3301,800,3307,3304,3533,3301,3300,22.22222328186035,0,0,0,0,0,4.761904716491699,0,252009.75317382813,58129.97302246094,93668.53991699219,0.3956298828125,33572028416,0,850391040,0
0,1762416541280,3300,3301,800,3307,3304,3533,3301,3300,22.22222328186035,0,0,0,0,0,4.761904716491699,0,252009.75421142578,58129.97766113281,93668.5414428711,0.3956298828125,33572028416,0,850391040,0
1,1762416541281,3300,3301,800,3307,3304,3533,3301,3300,22.22222328186035,0,0,0,0,0,4.761904716491699,0,252009.75518798828,58129.98211669922,93668.54302978516,0.3956298828125,33572028416,0,850391040,0
1,1762416541282,3300,3301,800,3307,3304,3533,3301,3300,22.22222328186035,0,0,0,0,0,4.761904716491699,0,252009.75616455078,58129.98681640625,93668.54455566406,0.3956298828125,33572028416,0,850391040,0
1,1762416541283,3300,3301,800,3307,3304,3533,3301,3300,22.22222328186035,0,0,0,0,0,4.761904716491699,0,252009.75714111328,58129.991455078125,93668.54602050781,0.3956298828125,33572028416,0,850391040,0
1,1762416541284,3300,3301,800,3307,3304,3533,3301,3300,22.22222328186035,0,0,0,0,0,4.761904716491699,0,252009.75817871094,58129.99609375,93668.54772949219,0.3956298828125,33572028416,0,850391040,0
1,1762416541285,3300,3301,800,3307,3304,3533,3301,3300,22.22222328186035,0,0,0,0,0,4.761904716491699,0,252009.75915527344,58130.00067138672,93668.54919433594,0.3956298828125,33572028416,0,850391040,0
1,1762416541286,3300,3301,800,3307,3304,3533,3301,3300,22.22222328186035,0,0,0,0,0,4.761904716491699,0,252009.76013183594,58130.005310058594,93668.55072021484,0.3956298828125,33572028416,0,850391040,0
1,1762416541287,3300,3301,800,3307,3304,3533,3301,3300,22.22222328186035,0,0,0,0,0,4.761904716491699,0,252009.76110839844,58130.00964355469,93668.55206298828,0.3956298828125,33572028416,0,850391040,0
0,1762416541288,3300,3301,800,3307,3304,3533,3301,3300,22.22222328186035,0,0,0,0,0,4.761904716491699,0,252009.7631225586,58130.01824951172,93668.55346679688,0.3956298828125,33572028416,0,850391040,0
0,1762416541290,3300,3301,800,3307,3304,3533,3301,3300,22.22222328186035,0,0,0,0,0,4.761904716491699,0,252009.7640991211,58130.0224609375,93668.55462646484,0.3956298828125,33572028416,0,850391040,0
0,1762416541291,3300,3301,800,3307,3304,3533,3301,3300,22.22222328186035,0,0,0,0,0,4.761904716491699,0,252009.7650756836,58130.026794433594,93668.55596923828,0.3956298828125,33572028416,0,850391040,0
1,1762416541292,3300,3301,800,3307,3304,3533,3301,3300,22.22222328186035,0,0,0,0,0,4.761904716491699,0,252009.7660522461,58130.031005859375,93668.55700683594,0.3956298828125,33572028416,0,850391040,0
1,1762416541293,3300,3301,800,3307,3304,3533,3301,3300,22.22222328186035,0,0,0,0,0,4.761904716491699,0,252009.76708984375,58130.035583496094,93668.55859375,0.3956298828125,33572028416,0,850391040,0
1,1762416541294,3300,3301,800,3307,3304,3533,3301,3300,22.22222328186035,0,0,0,0,0,4.761904716491699,0,252009.76806640625,58130.04016113281,93668.56030273438,0.3956298828125,33572028416,0,850391040,0
1,1762416541295,3300,3301,800,3307,3304,3533,3301,3300,22.22222328186035,0,0,0,0,0,4.761904716491699,0,252009.76904296875,58130.044921875,93668.56182861328,0.3956298828125,33572028416,0,850391040,0
1,1762416541296,3300,3301,800,3307,3304,3533,3301,3300,22.22222328186035,0,0,0,0,0,4.761904716491699,0,252009.7700805664,58130.049560546875,93668.56317138672,0.3956298828125,33572028416,0,850391040,0
1,1762416541297,3300,3301,800,3307,3304,3533,3301,3300,22.22222328186035,0,0,0,0,0,4.761904716491699,0,252009.77099609375,58130.053771972656,93668.56451416016,0.3956298828125,33572028416,0,850391040,0
1,1762416541298,3300,3301,800,3307,3304,3533,3301,3300,22.22222328186035,0,0,0,0,0,4.761904716491699,0,252009.7730102539,58130.06268310547,93668.56604003906,0.3956298828125,33572028416,0,850391040,0
0,1762416541299,3300,3301,800,3307,3304,3533,3301,3300,22.22222328186035,0,0,0,0,0,4.761904716491699,0,252009.7739868164,58130.06701660156,93668.56756591797,0.3956298828125,33572028416,0,850391040,0
0,1762416541301,3300,3301,800,3307,3304,3533,3301,3300,22.22222328186035,0,0,0,0,0,4.761904716491699,0,252009.77502441406,58130.071350097656,93668.5687866211,0.3956298828125,33572028416,0,850391040,0
0,1762416541302,3300,3301,800,3307,3304,3533,3301,3300,22.22222328186035,0,0,0,0,0,4.761904716491699,0,252009.77600097656,58130.075744628906,93668.57067871094,0.3956298828125,33572028416,0,850391040,0
1,1762416541303,3300,3301,800,3307,3304,3533,3301,3300,22.22222328186035,0,0,0,0,0,4.761904716491699,0,252009.77697753906,58130.080810546875,93668.57257080078,0.3956298828125,33572028416,0,850391040,0
1,1762416541304,3300,3301,800,3307,3304,3533,3301,3300,22.22222328186035,0,0,0,0,0,4.761904716491699,0,252009.77795410156,58130.085693359375,93668.57403564453,0.3956298828125,33572028416,0,850391040,0
1,1762416541305,3300,3301,800,3307,3304,3533,3301,3300,22.22222328186035,0,0,0,0,0,4.761904716491699,0,252009.77899169922,58130.09045410156,93668.57556152344,0.3956298828125,33572028416,0,850391040,0
0,1762416541306,3300,3301,800,3307,3304,3533,3301,3300,22.22222328186035,0,0,0,0,0,4.761904716491699,0,252009.77996826172,58130.095153808594,93668.57745361328,0.3956298828125,33572028416,0,850391040,0
0,1762416541307,3300,3301,800,3307,3304,3533,3301,3300,22.22222328186035,0,0,0,0,0,4.761904716491699,0,252009.78094482422,58130.09991455078,93668.58001708984,0.3956298828125,33572028416,0,850391040,0
0,1762416541308,3300,3301,800,3307,3304,3533,3301,3300,22.22222328186035,0,0,0,0,0,4.761904716491699,0,252009.7821044922,58130.105529785156,93668.58215332031,0.3956298828125,33572028416,0,850391040,0
0,1762416541309,3300,3301,800,3307,3304,3533,3301,3300,22.22222328186035,0,0,0,0,0,4.761904716491699,0,252009.78314208984,58130.11065673828,93668.58599853516,0.3956298828125,33572028416,0,850391040,0
0,1762416541310,3300,3301,800,3307,3304,3533,3301,3300,22.22222328186035,0,0,0,0,0,4.761904716491699,0,252009.78564453125,58130.12683105469,93668.59197998047,0.3956298828125,33572028416,0,850391040,0
0,1762416541311,3300,3301,800,3307,3304,3533,3301,3300,22.22222328186035,0,0,0,0,0,4.761904716491699,0,252009.7866821289,58130.135681152344,93668.59875488281,0.3956298828125,33572028416,0,850391040,0
0,1762416541312,3300,3301,800,3307,3304,3533,3301,3300,22.22222328186035,0,0,0,0,0,4.761904716491699,0,252009.78784179688,58130.14532470703,93668.60516357422,0.3956298828125,33572028416,0,850391040,0
0,1762416541314,3300,3301,800,3307,3304,3533,3301,3300,22.22222328186035,0,0,0,0,0,4.761904716491699,0,252009.78881835938,58130.153381347656,93668.61047363281,0.3956298828125,33572028416,0,850391040,0
0,1762416541315,3300,3301,800,3307,3304,3533,3301,3300,22.22222328186035,0,0,0,0,0,4.761904716491699,0,252009.78985595703,58130.16162109375,93668.61602783203,0.3956298828125,33572028416,0,850391040,0
0,1762416541316,3300,3301,800,3307,3304,3533,3301,3300,22.22222328186035,0,0,0,0,0,4.761904716491699,0,252009.7908935547,58130.17004394531,93668.62133789063,0.3956298828125,33572028416,0,850391040,0
1,1762416541317,3300,3301,800,3307,3304,3533,3301,3300,22.22222328186035,0,0,0,0,0,4.761904716491699,0,252009.79193115234,58130.17810058594,93668.62664794922,0.3956298828125,33572028416,0,850391040,0
1,1762416541318,3300,3301,800,3307,3304,3533,3301,3300,22.22222328186035,0,0,0,0,0,4.761904716491699,0,252009.79290771484,58130.185302734375,93668.62982177734,0.3956298828125,33572028416,0,850391040,0
1,1762416541319,3300,3301,800,3307,3304,3533,3301,3300,22.22222328186035,0,0,0,0,0,4.761904716491699,0,252009.7939453125,58130.189880371094,93668.63110351563,0.3956298828125,33572028416,0,850391040,0
1,1762416541320,3300,3301,800,3307,3304,3533,3301,3300,22.22222328186035,0,0,0,0,0,4.761904716491699,0,252009.794921875,58130.194274902344,93668.63244628906,0.3956298828125,33572028416,0,850391040,0
1,1762416541321,3300,3301,800,3307,3304,3533,3301,3300,22.22222328186035,0,0,0,0,0,4.761904716491699,0,252009.7958984375,58130.198669433594,93668.63385009766,0.3956298828125,33572028416,0,850391040,0
1,1762416541322,3300,3301,800,3307,3304,3533,3301,3300,22.22222328186035,0,0,0,0,0,4.761904716491699,0,252009.79693603516,58130.203186035156,93668.63537597656,0.3956298828125,33572028416,0,850391040,0
0,1762416541323,3300,3301,800,3307,3304,3533,3301,3300,22.22222328186035,0,0,0,0,0,4.761904716491699,0,252009.79888916016,58130.21179199219,93668.63702392578,0.3956298828125,33572028416,0,850391040,0
0,1762416541325,3300,3301,800,3307,3304,3533,3301,3300,22.22222328186035,0,0,0,0,0,4.761904716491699,0,252009.79986572266,58130.21649169922,93668.638671875,0.3956298828125,33572028416,0,850391040,0
0,1762416541326,3300,3301,800,3307,3304,3533,3301,3300,22.22222328186035,0,0,0,0,0,4.761904716491699,0,252009.80084228516,58130.22106933594,93668.64031982422,0.3956298828125,33572028416,0,850391040,0
1,1762416541327,3300,3301,800,3307,3304,3533,3301,3300,22.22222328186035,0,0,0,0,0,4.761904716491699,0,252009.80181884766,58130.225646972656,93668.64178466797,0.3956298828125,33572028416,0,850391040,0
1,1762416541328,3300,3301,800,3307,3304,3533,3301,3300,22.22222328186035,0,0,0,0,0,4.761904716491699,0,252009.8028564453,58130.230407714844,93668.64331054688,0.3956298828125,33572028416,0,850391040,0
1,1762416541329,3300,3301,800,3307,3304,3533,3301,3300,22.22222328186035,0,0,0,0,0,4.761904716491699,0,252009.8038330078,58130.23504638672,93668.64501953125,0.3956298828125,33572028416,0,850391040,0
1,1762416541330,3300,3301,800,3307,3304,3533,3301,3300,22.22222328186035,0,0,0,0,0,4.761904716491699,0,252009.8048095703,58130.239685058594,93668.64630126953,0.3956298828125,33572028416,0,850391040,0
1,1762416541331,3300,3301,800,3307,3304,3533,3301,3300,22.22222328186035,0,0,0,0,0,4.761904716491699,0,252009.80584716797,58130.244140625,93668.64764404297,0.3956298828125,33572028416,0,850391040,0
1,1762416541332,3300,3301,800,3307,3304,3533,3301,3300,22.22222328186035,0,0,0,0,0,4.761904716491699,0,252009.80682373047,58130.248596191406,93668.64904785156,0.3956298828125,33572028416,0,850391040,0
1,1762416541333,3300,3301,800,3307,3304,3533,3301,3300,22.22222328186035,0,0,0,0,0,4.761904716491699,0,252009.80877685547,58130.256774902344,93668.65020751953,0.3956298828125,33572028416,0,850391040,0
0,1762416541334,3300,3301,800,3307,3304,3533,3301,3300,22.22222328186035,0,0,0,0,0,4.761904716491699,0,252009.80975341797,58130.261169433594,93668.6517944336,0.3956298828125,33572028416,0,850391040,0
0,1762416541336,3300,3301,800,3307,3304,3533,3301,3300,22.22222328186035,0,0,0,0,0,4.761904716491699,0,252009.81079101563,58130.265686035156,93668.65307617188,0.3956298828125,33572028416,0,850391040,0
0,1762416541337,3300,3301,800,3307,3304,3533,3301,3300,22.22222328186035,0,0,0,0,0,4.761904716491699,0,252009.81176757813,58130.27032470703,93668.65478515625,0.3956298828125,33572028416,0,850391040,0
0,1762416541338,3300,3301,800,3307,3304,3533,3301,3300,22.22222328186035,0,0,0,0,0,4.761904716491699,0,252009.81274414063,58130.274841308594,93668.65631103516,0.3956298828125,33572028416,0,850391040,0
1,1762416541339,3300,3301,800,3307,3304,3533,3301,3300,22.22222328186035,0,0,0,0,0,4.761904716491699,0,252009.81372070313,58130.279357910156,93668.65759277344,0.3956298828125,33572028416,0,850391040,0
1,1762416541340,3300,3301,800,3307,3304,3533,3301,3300,22.22222328186035,0,0,0,0,0,4.761904716491699,0,252009.81475830078,58130.283935546875,93668.65911865234,0.3956298828125,33572028416,0,850391040,0
1,1762416541341,3300,3301,800,3307,3304,3533,3301,3300,22.22222328186035,0,0,0,0,0,4.761904716491699,0,252009.81573486328,58130.28845214844,93668.66021728516,0.3956298828125,33572028416,0,850391040,0
1,1762416541342,3300,3301,800,3307,3304,3533,3301,3300,22.22222328186035,0,0,0,0,0,4.761904716491699,0,252009.81671142578,58130.29284667969,93668.66180419922,0.3956298828125,33572028416,0,850391040,0
1,1762416541343,3300,3301,800,3307,3304,3533,3301,3300,22.22222328186035,0,0,0,0,0,4.761904716491699,0,252009.81774902344,58130.297424316406,93668.66314697266,0.3956298828125,33572028416,0,850391040,0
1,1762416541344,3300,3301,800,3307,3304,3533,3301,3300,22.22222328186035,0,0,0,0,0,4.761904716491699,0,252009.81970214844,58130.30584716797,93668.6646118164,0.3956298828125,33572028416,0,850391040,0
0,1762416541345,3300,3301,800,3307,3304,3533,3301,3300,22.22222328186035,0,0,0,0,0,4.761904716491699,0,252009.82067871094,58130.310119628906,93668.66583251953,0.3956298828125,33572028416,0,850391040,0
0,1762416541347,3300,3301,800,3307,3304,3533,3301,3300,22.22222328186035,0,0,0,0,0,4.761904716491699,0,252009.82165527344,58130.31457519531,93668.66735839844,0.3956298828125,33572028416,0,850391040,0
0,1762416541348,3300,3301,800,3307,3304,3533,3301,3300,22.22222328186035,0,0,0,0,0,4.761904716491699,0,252009.8226928711,58130.319091796875,93668.66882324219,0.3956298828125,33572028416,0,850391040,0
1,1762416541349,3300,3301,800,3307,3304,3533,3301,3300,22.22222328186035,0,0,0,0,0,4.761904716491699,0,252009.8236694336,58130.32373046875,93668.67041015625,0.3956298828125,33572028416,0,850391040,0
1,1762416541350,3300,3301,800,3307,3304,3533,3301,3300,22.22222328186035,0,0,0,0,0,4.761904716491699,0,252009.8246459961,58130.32824707031,93668.671875,0.3956298828125,33572028416,0,850391040,0
1,1762416541351,3300,3301,800,3307,3304,3533,3301,3300,22.22222328186035,0,0,0,0,0,4.761904716491699,0,252009.8256225586,58130.33282470703,93668.67346191406,0.3956298828125,33572028416,0,850391040,0
1,1762416541352,3300,3301,800,3307,3304,3533,3301,3300,22.22222328186035,0,0,0,0,0,4.761904716491699,0,252009.82666015625,58130.33758544922,93668.67468261719,0.3956298828125,33572028416,0,850391040,0
1,1762416541353,3300,3301,800,3307,3304,3533,3301,3300,22.22222328186035,0,0,0,0,0,4.761904716491699,0,252009.82763671875,58130.34191894531,93668.67614746094,0.3956298828125,33572028416,0,850391040,0
1,1762416541354,3300,3301,800,3307,3304,3533,3301,3300,22.22222328186035,0,0,0,0,0,4.761904716491699,0,252009.82861328125,58130.346252441406,93668.67742919922,0.3956298828125,33572028416,0,850391040,0
1,1762416541355,3300,3301,800,3307,3304,3533,3301,3300,22.22222328186035,0,0,0,0,0,4.761904716491699,0,252009.8306274414,58130.354736328125,93668.67864990234,0.3956298828125,33572028416,0,850391040,0
0,1762416541356,3300,3301,800,3307,3304,3533,3301,3300,22.22222328186035,0,0,0,0,0,4.761904716491699,0,252009.8316040039,58130.35900878906,93668.6802368164,0.3956298828125,33572028416,0,850391040,0
0,1762416541358,3300,3301,800,3307,3304,3533,3301,3300,22.22222328186035,0,0,0,0,0,4.761904716491699,0,252009.8325805664,58130.36346435547,93668.681640625,0.3956298828125,33572028416,0,850391040,0
0,1762416541359,3300,3301,800,3307,3304,3533,3301,3300,22.22222328186035,0,0,0,0,0,4.761904716491699,0,252009.8335571289,58130.36804199219,93668.68322753906,0.3956298828125,33572028416,0,850391040,0
1,1762416541360,3300,3301,800,3307,3304,3533,3301,3300,22.22222328186035,0,0,0,0,0,4.761904716491699,0,252009.8345336914,58130.37255859375,93668.68469238281,0.3956298828125,33572028416,0,850391040,0
1,1762416541361,3300,3301,800,3307,3304,3533,3301,3300,22.22222328186035,0,0,0,0,0,4.761904716491699,0,252009.8355102539,58130.37707519531,93668.68591308594,0.3956298828125,33572028416,0,850391040,0
1,1762416541362,3300,3301,800,3307,3304,3533,3301,3300,22.22222328186035,0,0,0,0,0,4.761904716491699,0,252009.83654785156,58130.381591796875,93668.68725585938,0.3956298828125,33572028416,0,850391040,0
1,1762416541363,3300,3301,800,3307,3304,3533,3301,3300,22.22222328186035,0,0,0,0,0,4.761904716491699,0,252009.83752441406,58130.385986328125,93668.68859863281,0.3956298828125,33572028416,0,850391040,0
1,1762416541364,3300,3301,800,3307,3304,3533,3301,3300,22.22222328186035,0,0,0,0,0,4.761904716491699,0,252009.83850097656,58130.39031982422,93668.69012451172,0.3956298828125,33572028416,0,850391040,0
1,1762416541365,3300,3301,800,3307,3304,3533,3301,3300,22.22222328186035,0,0,0,0,0,4.761904716491699,0,252009.83953857422,58130.394958496094,93668.69152832031,0.3956298828125,33572028416,0,850391040,0
1,1762416541366,3300,3301,800,3307,3304,3533,3301,3300,22.22222328186035,0,0,0,0,0,4.761904716491699,0,252009.84149169922,58130.399169921875,93668.69299316406,0.3956298828125,33572028416,0,850391040,0
0,1762416541367,3300,3301,800,3307,3304,3533,3301,3300,22.22222328186035,0,0,0,0,0,4.761904716491699,0,252009.84252929688,58130.407958984375,93668.69445800781,0.3956298828125,33572028416,0,850391040,0
0,1762416541369,3300,3301,800,3307,3304,3533,3301,3300,22.22222328186035,0,0,0,0,0,4.761904716491699,0,252009.84344482422,58130.412170410156,93668.6957397461,0.3956298828125,33572028416,0,850391040,0
0,1762416541370,3300,3301,800,3307,3304,3533,3301,3300,22.22222328186035,0,0,0,0,0,4.761904716491699,0,252009.84448242188,58130.41668701172,93668.697265625,0.3956298828125,33572028416,0,850391040,0
1,1762416541371,3300,3301,800,3307,3304,3533,3301,3300,22.22222328186035,0,0,0,0,0,4.761904716491699,0,252009.84545898438,58130.421142578125,93668.69873046875,0.3956298828125,33572028416,0,850391040,0
1,1762416541372,3300,3301,800,3307,3304,3533,3301,3300,22.22222328186035,0,0,0,0,0,4.761904716491699,0,252009.84649658203,58130.42596435547,93668.70031738281,0.3956298828125,33572028416,0,850391040,0
1,1762416541373,3300,3301,800,3307,3304,3533,3301,3300,22.22222328186035,0,0,0,0,0,4.761904716491699,0,252009.84747314453,58130.430603027344,93668.70184326172,0.3956298828125,33572028416,0,850391040,0
1,1762416541374,3300,3301,800,3307,3304,3533,3301,3300,22.22222328186035,0,0,0,0,0,4.761904716491699,0,252009.84844970703,58130.435119628906,93668.70300292969,0.3956298828125,33572028416,0,850391040,0
1,1762416541375,3300,3301,800,3307,3304,3533,3301,3300,22.22222328186035,0,0,0,0,0,4.761904716491699,0,252009.84942626953,58130.43957519531,93668.7045288086,0.3956298828125,33572028416,0,850391040,0
1,1762416541376,3300,3301,800,3307,3304,3533,3301,3300,22.22222328186035,0,0,0,0,0,4.761904716491699,0,252009.8504638672,58130.44396972656,93668.70574951172,0.3956298828125,33572028416,0,850391040,0
1,1762416541377,3300,3301,800,3307,3304,3533,3301,3300,22.22222328186035,0,0,0,0,0,4.761904716491699,0,252009.85235595703,58130.4521484375,93668.70709228516,0.3956298828125,33572028416,0,850391040,0
0,1762416541378,3300,3301,800,3307,3304,3533,3301,3300,22.22222328186035,0,0,0,0,0,4.761904716491699,0,252009.8533935547,58130.45666503906,93668.70861816406,0.3956298828125,33572028416,0,850391040,0
0,1762416541380,3300,3301,800,3307,3304,3533,3301,3300,22.22222328186035,0,0,0,0,0,4.761904716491699,0,252009.8543701172,58130.46124267578,93668.71020507813,0.3956298828125,33572028416,0,850391040,0
0,1762416541381,3300,3301,800,3307,3304,3533,3301,3300,22.22222328186035,0,0,0,0,0,4.761904716491699,0,252009.8553466797,58130.465759277344,93668.71160888672,0.3956298828125,33572028416,0,850391040,0
1,1762416541382,3300,3301,800,3307,3304,3533,3301,3300,22.22222328186035,0,0,0,0,0,4.761904716491699,0,252009.85638427734,58130.470458984375,93668.71313476563,0.3956298828125,33572028416,0,850391040,0
0,1762416541383,3300,3301,800,3307,3304,3533,3301,3300,22.22222328186035,0,0,0,0,0,4.761904716491699,0,252009.85736083984,58130.47491455078,93668.71447753906,0.3956298828125,33572028416,0,850391040,0
1,1762416541384,3300,3301,800,3307,3304,3533,3301,3300,22.22222328186035,0,0,0,0,0,4.761904716491699,0,252009.85833740234,58130.47937011719,93668.71588134766,0.3956298828125,33572028416,0,850391040,0
1,1762416541385,3300,3301,800,3307,3304,3533,3301,3300,22.22222328186035,0,0,0,0,0,4.761904716491699,0,252009.85931396484,58130.48376464844,93668.71697998047,0.3956298828125,33572028416,0,850391040,0
1,1762416541386,3300,3301,800,3307,3304,3533,3301,3300,22.22222328186035,0,0,0,0,0,4.761904716491699,0,252009.8603515625,58130.48815917969,93668.71850585938,0.3956298828125,33572028416,0,850391040,0
1,1762416541387,3300,3301,800,3307,3304,3533,3301,3300,22.22222328186035,0,0,0,0,0,4.761904716491699,0,252009.861328125,58130.492614746094,93668.71990966797,0.3956298828125,33572028416,0,850391040,0
1,1762416541388,3300,3301,800,3307,3304,3533,3301,3300,22.22222328186035,0,0,0,0,0,4.761904716491699,0,252009.86328125,58130.50085449219,93668.7211303711,0.3956298828125,33572028416,0,850391040,0
0,1762416541389,3300,3301,800,3307,3304,3533,3301,3300,22.22222328186035,0,0,0,0,0,4.761904716491699,0,252009.8642578125,58130.50506591797,93668.72247314453,0.3956298828125,33572028416,0,850391040,0
0,1762416541391,3300,3301,800,3307,3304,3533,3301,3300,22.22222328186035,0,0,0,0,0,4.761904716491699,0,252009.865234375,58130.50939941406,93668.72369384766,0.3956298828125,33572028416,0,850391040,0
0,1762416541392,3300,3301,800,3307,3304,3533,3301,3300,22.22222328186035,0,0,0,0,0,4.761904716491699,0,252009.86627197266,58130.51397705078,93668.72534179688,0.3956298828125,33572028416,0,850391040,0
1,1762416541393,3300,3301,800,3307,3304,3533,3301,3300,22.22222328186035,0,0,0,0,0,4.761904716491699,0,252009.86724853516,58130.5185546875,93668.72692871094,0.3956298828125,33572028416,0,850391040,0
1,1762416541394,3300,3301,800,3307,3304,3533,3301,3300,22.22222328186035,0,0,0,0,0,4.761904716491699,0,252009.8682861328,58130.52331542969,93668.72833251953,0.3956298828125,33572028416,0,850391040,0
1,1762416541395,3300,3301,800,3307,3304,3533,3301,3300,22.22222328186035,0,0,0,0,0,4.761904716491699,0,252009.8692626953,58130.52783203125,93668.72979736328,0.3956298828125,33572028416,0,850391040,0
1,1762416541396,3300,3301,800,3307,3304,3533,3301,3300,22.22222328186035,0,0,0,0,0,4.761904716491699,0,252009.8702392578,58130.53234863281,93668.7310180664,0.3956298828125,33572028416,0,850391040,0
1,1762416541397,3300,3301,800,3307,3304,3533,3301,3300,22.22222328186035,0,0,0,0,0,4.761904716491699,0,252009.8712158203,58130.53662109375,93668.73254394531,0.3956298828125,33572028416,0,850391040,0
1,1762416541398,3300,3301,800,3307,3304,3533,3301,3300,22.22222328186035,0,0,0,0,0,4.761904716491699,0,252009.87225341797,58130.54119873047,93668.7339477539,0.3956298828125,33572028416,0,850391040,0
1,1762416541399,3300,3301,800,3307,3304,3533,3301,3300,22.22222328186035,0,0,0,0,0,4.761904716491699,0,252009.87420654297,58130.54968261719,93668.73510742188,0.3956298828125,33572028416,0,850391040,0
0,1762416541400,3300,3301,800,3307,3304,3533,3301,3300,22.22222328186035,0,0,0,0,0,4.761904716491699,0,252009.87518310547,58130.55389404297,93668.7368774414,0.3956298828125,33572028416,0,850391040,0
0,1762416541402,3300,3301,800,3307,3304,3533,3301,3300,22.22222328186035,0,0,0,0,0,4.761904716491699,0,252009.87615966797,58130.558654785156,93668.73828125,0.3956298828125,33572028416,0,850391040,0
0,1762416541403,3300,3301,800,3307,3304,3533,3301,3300,22.22222328186035,0,0,0,0,0,4.761904716491699,0,252009.87713623047,58130.56298828125,93668.73962402344,0.3956298828125,33572028416,0,850391040,0
1,1762416541404,3300,3301,800,3307,3304,3533,3301,3300,22.22222328186035,0,0,0,0,0,4.761904716491699,0,252009.87817382813,58130.567626953125,93668.74108886719,0.3956298828125,33572028416,0,850391040,0
1,1762416541405,3300,3301,800,3307,3304,3533,3301,3300,22.22222328186035,0,0,0,0,0,4.761904716491699,0,252009.87915039063,58130.57208251953,93668.74237060547,0.3956298828125,33572028416,0,850391040,0
1,1762416541406,3300,3301,800,3307,3304,3533,3301,3300,22.22222328186035,0,0,0,0,0,4.761904716491699,0,252009.88012695313,58130.576416015625,93668.74365234375,0.3956298828125,33572028416,0,850391040,0
1,1762416541407,3300,3301,800,3307,3304,3533,3301,3300,22.22222328186035,0,0,0,0,0,4.761904716491699,0,252009.88110351563,58130.58093261719,93668.7451171875,0.3956298828125,33572028416,0,850391040,0
1,1762416541408,3300,3301,800,3307,3304,3533,3301,3300,22.22222328186035,0,0,0,0,0,4.761904716491699,0,252009.88214111328,58130.58544921875,93668.74645996094,0.3956298828125,33572028416,0,850391040,0
1,1762416541409,3300,3301,800,3307,3304,3533,3301,3300,22.22222328186035,0,0,0,0,0,4.761904716491699,0,252009.88311767578,58130.589782714844,93668.74774169922,0.3956298828125,33572028416,0,850391040,0
1,1762416541410,3300,3301,800,3307,3304,3533,3301,3300,22.22222328186035,0,0,0,0,0,4.761904716491699,0,252009.88507080078,58130.59796142578,93668.74896240234,0.3956298828125,33572028416,0,850391040,0
0,1762416541411,3300,3301,800,3307,3304,3533,3301,3300,22.22222328186035,0,0,0,0,0,4.761904716491699,0,252009.88610839844,58130.60235595703,93668.7504272461,0.3956298828125,33572028416,0,850391040,0
0,1762416541413,3300,3301,800,3307,3304,3533,3301,3300,22.22222328186035,0,0,0,0,0,4.761904716491699,0,252009.88708496094,58130.60681152344,93668.75177001953,0.3956298828125,33572028416,0,850391040,0
0,1762416541414,3300,3301,800,3307,3304,3533,3301,3300,22.22222328186035,0,0,0,0,0,4.761904716491699,0,252009.88806152344,58130.61120605469,93668.7533569336,0.3956298828125,33572028416,0,850391040,0
1,1762416541415,3300,3301,800,3307,3304,3533,3301,3300,22.22222328186035,0,0,0,0,0,4.761904716491699,0,252009.88903808594,58130.61602783203,93668.75500488281,0.3956298828125,33572028416,0,850391040,0
1,1762416541416,3300,3301,800,3307,3304,3533,3301,3300,22.22222328186035,0,0,0,0,0,4.761904716491699,0,252009.89001464844,58130.620544433594,93668.7562866211,0.3956298828125,33572028416,0,850391040,0
1,1762416541417,3300,3301,800,3307,3304,3533,3301,3300,22.22222328186035,0,0,0,0,0,4.761904716491699,0,252009.8910522461,58130.625244140625,93668.75775146484,0.3956298828125,33572028416,0,850391040,0
1,1762416541418,3300,3301,800,3307,3304,3533,3301,3300,22.22222328186035,0,0,0,0,0,4.761904716491699,0,252009.8920288086,58130.629638671875,93668.75903320313,0.3956298828125,33572028416,0,850391040,0
1,1762416541419,3300,3301,800,3307,3304,3533,3301,3300,22.22222328186035,0,0,0,0,0,4.761904716491699,0,252009.8930053711,58130.63409423828,93668.76049804688,0.3956298828125,33572028416,0,850391040,0
1,1762416541420,3300,3301,800,3307,3304,3533,3301,3300,22.22222328186035,0,0,0,0,0,4.761904716491699,0,252009.8939819336,58130.638427734375,93668.76177978516,0.3956298828125,33572028416,0,850391040,0
1,1762416541421,3300,3301,800,3307,3304,3533,3301,3300,22.22222328186035,0,0,0,0,0,4.761904716491699,0,252009.89501953125,58130.64276123047,93668.76318359375,0.3956298828125,33572028416,0,850391040,0
0,1762416541422,3300,3301,800,3307,3304,3533,3301,3300,22.22222328186035,0,0,0,0,0,4.761904716491699,0,252009.89697265625,58130.65124511719,93668.76458740234,0.3956298828125,33572028416,0,850391040,0
0,1762416541424,3300,3301,800,3307,3304,3533,3301,3300,22.22222328186035,0,0,0,0,0,4.761904716491699,0,252009.89794921875,58130.655822753906,93668.7661743164,0.3956298828125,33572028416,0,850391040,0
0,1762416541425,3300,3301,800,3307,3304,3533,3301,3300,22.22222328186035,0,0,0,0,0,4.761904716491699,0,252009.8989868164,58130.660400390625,93668.767578125,0.3956298828125,33572028416,0,850391040,0
1,1762416541426,3300,3301,800,3307,3304,3533,3301,3300,22.22222328186035,0,0,0,0,0,4.761904716491699,0,252009.89990234375,58130.664794921875,93668.7689819336,0.3956298828125,33572028416,0,850391040,0
1,1762416541427,3300,3301,800,3307,3304,3533,3301,3300,22.22222328186035,0,0,0,0,0,4.761904716491699,0,252009.9009399414,58130.66925048828,93668.77020263672,0.3956298828125,33572028416,0,850391040,0
1,1762416541428,3300,3301,800,3307,3304,3533,3301,3300,22.22222328186035,0,0,0,0,0,4.761904716491699,0,252009.90197753906,58130.673767089844,93668.771484375,0.3956298828125,33572028416,0,850391040,0
1,1762416541429,3300,3301,800,3307,3304,3533,3301,3300,22.22222328186035,0,0,0,0,0,4.761904716491699,0,252009.9028930664,58130.67791748047,93668.77282714844,0.3956298828125,33572028416,0,850391040,0
1,1762416541430,3300,3301,800,3307,3304,3533,3301,3300,22.22222328186035,0,0,0,0,0,4.761904716491699,0,252009.90393066406,58130.68249511719,93668.77423095703,0.3956298828125,33572028416,0,850391040,0
1,1762416541431,3300,3301,800,3307,3304,3533,3301,3300,22.22222328186035,0,0,0,0,0,4.761904716491699,0,252009.90490722656,58130.686767578125,93668.77563476563,0.3956298828125,33572028416,0,850391040,0
1,1762416541432,3300,3301,800,3307,3304,3533,3301,3300,22.22222328186035,0,0,0,0,0,4.761904716491699,0,252009.90686035156,58130.695068359375,93668.7767944336,0.3956298828125,33572028416,0,850391040,0
0,1762416541433,3300,3301,800,3307,3304,3533,3301,3300,22.22222328186035,0,0,0,0,0,4.761904716491699,0,252009.90789794922,58130.69952392578,93668.77825927734,0.3956298828125,33572028416,0,850391040,0
0,1762416541435,3300,3301,800,3307,3304,3533,3301,3300,22.22222328186035,0,0,0,0,0,4.761904716491699,0,252009.90887451172,58130.70397949219,93668.77966308594,0.3956298828125,33572028416,0,850391040,0
0,1762416541436,3300,3301,800,3307,3304,3533,3301,3300,22.22222328186035,0,0,0,0,0,4.761904716491699,0,252009.90985107422,58130.70837402344,93668.78125,0.3956298828125,33572028416,0,850391040,0
1,1762416541437,3300,3301,800,3307,3304,3533,3301,3300,22.22222328186035,0,0,0,0,0,4.761904716491699,0,252009.91082763672,58130.71307373047,93668.7827758789,0.3956298828125,33572028416,0,850391040,0
1,1762416541438,3300,3301,800,3307,3304,3533,3301,3300,22.22222328186035,0,0,0,0,0,4.761904716491699,0,252009.91180419922,58130.71746826172,93668.78399658203,0.3956298828125,33572028416,0,850391040,0
1,1762416541439,3300,3301,800,3307,3304,3533,3301,3300,22.22222328186035,0,0,0,0,0,4.761904716491699,0,252009.91284179688,58130.72204589844,93668.78540039063,0.3956298828125,33572028416,0,850391040,0
1,1762416541440,3300,3301,800,3307,3304,3533,3301,3300,22.22222328186035,0,0,0,0,0,4.761904716491699,0,252009.91381835938,58130.726501464844,93668.7866821289,0.3956298828125,33572028416,0,850391040,0
1,1762416541441,3300,3301,800,3307,3304,3533,3301,3300,22.22222328186035,0,0,0,0,0,4.761904716491699,0,252009.91479492188,58130.73095703125,93668.78826904297,0.3956298828125,33572028416,0,850391040,0
1,1762416541442,3300,3301,800,3307,3304,3533,3301,3300,22.22222328186035,0,0,0,0,0,4.761904716491699,0,252009.91577148438,58130.735290527344,93668.7896118164,0.3956298828125,33572028416,0,850391040,0
1,1762416541443,3300,3301,800,3307,3304,3533,3301,3300,22.22222328186035,0,0,0,0,0,4.761904716491699,0,252009.91778564453,58130.74395751953,93668.79107666016,0.3956298828125,33572028416,0,850391040,0
0,1762416541444,3300,3301,800,3307,3304,3533,3301,3300,22.22222328186035,0,0,0,0,0,4.761904716491699,0,252009.91876220703,58130.74835205078,93668.7925415039,0.3956298828125,33572028416,0,850391040,0
0,1762416541446,3300,3301,800,3307,3304,3533,3301,3300,22.22222328186035,0,0,0,0,0,4.761904716491699,0,252009.91973876953,58130.75280761719,93668.79400634766,0.3956298828125,33572028416,0,850391040,0
0,1762416541447,3300,3301,800,3307,3304,3533,3301,3300,22.22222328186035,0,0,0,0,0,4.761904716491699,0,252009.92071533203,58130.75714111328,93668.79522705078,0.3956298828125,33572028416,0,850391040,0
1,1762416541448,3300,3301,800,3307,3304,3533,3301,3300,22.22222328186035,0,0,0,0,0,4.761904716491699,0,252009.9217529297,58130.76159667969,93668.79650878906,0.3956298828125,33572028416,0,850391040,0
1,1762416541449,3300,3301,800,3307,3304,3533,3301,3300,22.22222328186035,0,0,0,0,0,4.761904716491699,0,252009.9227294922,58130.76611328125,93668.79815673828,0.3956298828125,33572028416,0,850391040,0
1,1762416541450,3300,3301,800,3307,3304,3533,3301,3300,22.22222328186035,0,0,0,0,0,4.761904716491699,0,252009.92376708984,58130.77081298828,93668.79968261719,0.3956298828125,33572028416,0,850391040,0
1,1762416541451,3300,3301,800,3307,3304,3533,3301,3300,22.22222328186035,0,0,0,0,0,4.761904716491699,0,252009.92474365234,58130.77526855469,93668.80108642578,0.3956298828125,33572028416,0,850391040,0
1,1762416541452,3300,3301,800,3307,3304,3533,3301,3300,22.22222328186035,0,0,0,0,0,4.761904716491699,0,252009.92572021484,58130.77990722656,93668.80249023438,0.3956298828125,33572028416,0,850391040,0
1,1762416541453,3300,3301,800,3307,3304,3533,3301,3300,22.22222328186035,0,0,0,0,0,4.761904716491699,0,252009.92669677734,58130.784240722656,93668.80389404297,0.3956298828125,33572028416,0,850391040,0
1,1762416541454,3300,3301,800,3307,3304,3533,3301,3300,22.22222328186035,0,0,0,0,0,4.761904716491699,0,252009.92864990234,58130.79260253906,93668.80517578125,0.3956298828125,33572028416,0,850391040,0
0,1762416541455,3300,3301,800,3307,3304,3533,3301,3300,22.22222328186035,0,0,0,0,0,4.761904716491699,0,252009.9296875,58130.79718017578,93668.80670166016,0.3956298828125,33572028416,0,850391040,0
0,1762416541457,3300,3301,800,3307,3304,3533,3301,3300,22.22222328186035,0,0,0,0,0,4.761904716491699,0,252009.9306640625,58130.801513671875,93668.80822753906,0.3956298828125,33572028416,0,850391040,0
0,1762416541458,3300,3301,800,3307,3304,3533,3301,3300,22.22222328186035,0,0,0,0,0,4.761904716491699,0,252009.931640625,58130.80615234375,93668.80963134766,0.3956298828125,33572028416,0,850391040,0
1,1762416541459,3300,3301,800,3307,3304,3533,3301,3300,22.22222328186035,0,0,0,0,0,4.761904716491699,0,252009.9326171875,58130.81066894531,93668.8110961914,0.3956298828125,33572028416,0,850391040,0
1,1762416541460,3300,3301,800,3307,3304,3533,3301,3300,22.22222328186035,0,0,0,0,0,4.761904716491699,0,252009.93365478516,58130.815185546875,93668.81237792969,0.3956298828125,33572028416,0,850391040,0
1,1762416541461,3300,3301,800,3307,3304,3533,3301,3300,22.22222328186035,0,0,0,0,0,4.761904716491699,0,252009.93463134766,58130.819580078125,93668.81372070313,0.3956298828125,33572028416,0,850391040,0
1,1762416541462,3300,3301,800,3307,3304,3533,3301,3300,22.22222328186035,0,0,0,0,0,4.761904716491699,0,252009.93560791016,58130.823974609375,93668.8148803711,0.3956298828125,33572028416,0,850391040,0
1,1762416541463,3300,3301,800,3307,3304,3533,3301,3300,22.22222328186035,0,0,0,0,0,4.761904716491699,0,252009.93658447266,58130.82843017578,93668.81652832031,0.3956298828125,33572028416,0,850391040,0
1,1762416541464,3300,3301,800,3307,3304,3533,3301,3300,22.22222328186035,0,0,0,0,0,4.761904716491699,0,252009.9376220703,58130.833068847656,93668.8179321289,0.3956298828125,33572028416,0,850391040,0
1,1762416541465,3300,3301,800,3307,3304,3533,3301,3300,22.22222328186035,0,0,0,0,0,4.761904716491699,0,252009.9385986328,58130.83728027344,93668.8193359375,0.3956298828125,33572028416,0,850391040,0
0,1762416541466,3300,3301,800,3307,3304,3533,3301,3300,22.22222328186035,0,0,0,0,0,4.761904716491699,0,252009.9405517578,58130.845703125,93668.82067871094,0.3956298828125,33572028416,0,850391040,0
0,1762416541468,3300,3301,800,3307,3304,3533,3301,3300,22.22222328186035,0,0,0,0,0,4.761904716491699,0,252009.9415283203,58130.850158691406,93668.82202148438,0.3956298828125,33572028416,0,850391040,0
0,1762416541469,3300,3301,800,3307,3304,3533,3301,3300,22.22222328186035,0,0,0,0,0,4.761904716491699,0,252009.9425048828,58130.85461425781,93668.8232421875,0.3956298828125,33572028416,0,850391040,0
1,1762416541470,3300,3301,800,3307,3304,3533,3301,3300,26.3157901763916,0,5,0,9.090909004211426,0,5,0,252009.94354248047,58130.85925292969,93668.82525634766,0.3956298828125,33572028416,0,850391040,0
1,1762416541471,3300,3301,800,3307,3304,3533,3301,3300,26.3157901763916,0,5,0,9.090909004211426,0,5,0,252009.94458007813,58130.86413574219,93668.82678222656,0.3956298828125,33572028416,0,850391040,0
1,1762416541472,3300,3301,800,3307,3304,3533,3301,3300,26.3157901763916,0,5,0,9.090909004211426,0,5,0,252009.94549560547,58130.86853027344,93668.82818603516,0.3956298828125,33572028416,0,850391040,0
1,1762416541473,3300,3301,800,3307,3304,3533,3301,3300,26.3157901763916,0,5,0,9.090909004211426,0,5,0,252009.94653320313,58130.873107910156,93668.82946777344,0.3956298828125,33572028416,0,850391040,0
1,1762416541474,3300,3301,800,3307,3304,3533,3301,3300,26.3157901763916,0,5,0,9.090909004211426,0,5,0,252009.94750976563,58130.87756347656,93668.83093261719,0.3956298828125,33572028416,0,850391040,0
1,1762416541475,3300,3301,800,3307,3304,3533,3301,3300,26.3157901763916,0,5,0,9.090909004211426,0,5,0,252009.94848632813,58130.88195800781,93668.83239746094,0.3956298828125,33572028416,0,850391040,0
1,1762416541476,3300,3301,800,3307,3304,3533,3301,3300,26.3157901763916,0,5,0,9.090909004211426,0,5,0,252009.95050048828,58130.89050292969,93668.83374023438,0.3956298828125,33572028416,0,850391040,0
0,1762416541477,3300,3301,800,3307,3304,3533,3301,3300,26.3157901763916,0,5,0,9.090909004211426,0,5,0,252009.95147705078,58130.894958496094,93668.83520507813,0.3956298828125,33572028416,0,850391040,0
0,1762416541479,3300,3301,800,3307,3304,3533,3301,3300,26.3157901763916,0,5,0,9.090909004211426,0,5,0,252009.95245361328,58130.89910888672,93668.83666992188,0.3956298828125,33572028416,0,850391040,0
0,1762416541480,3300,3301,800,3307,3304,3533,3301,3300,26.3157901763916,0,5,0,9.090909004211426,0,5,0,252009.95343017578,58130.90380859375,93668.83807373047,0.3956298828125,33572028416,0,850391040,0
1,1762416541481,3300,3301,800,3307,3304,3533,3301,3300,26.3157901763916,0,5,0,9.090909004211426,0,5,0,252009.95440673828,58130.908264160156,93668.8394165039,0.3956298828125,33572028416,0,850391040,0
1,1762416541482,3300,3301,800,3307,3304,3533,3301,3300,26.3157901763916,0,5,0,9.090909004211426,0,5,0,252009.95544433594,58130.91278076172,93668.84069824219,0.3956298828125,33572028416,0,850391040,0
1,1762416541483,3300,3301,800,3307,3304,3533,3301,3300,26.3157901763916,0,5,0,9.090909004211426,0,5,0,252009.95642089844,58130.91717529297,93668.84204101563,0.3956298828125,33572028416,0,850391040,0
1,1762416541484,3300,3301,800,3307,3304,3533,3301,3300,26.3157901763916,0,5,0,9.090909004211426,0,5,0,252009.95739746094,58130.92156982422,93668.84326171875,0.3956298828125,33572028416,0,850391040,0
1,1762416541485,3300,3301,800,3307,3304,3533,3301,3300,26.3157901763916,0,5,0,9.090909004211426,0,5,0,252009.95837402344,58130.926025390625,93668.84490966797,0.3956298828125,33572028416,0,850391040,0
1,1762416541486,3300,3301,800,3307,3304,3533,3301,3300,26.3157901763916,0,5,0,9.090909004211426,0,5,0,252009.9594116211,58130.9306640625,93668.84619140625,0.3956298828125,33572028416,0,850391040,0
1,1762416541487,3300,3301,800,3307,3304,3533,3301,3300,26.3157901763916,0,5,0,9.090909004211426,0,5,0,252009.9613647461,58130.93914794922,93668.84777832031,0.3956298828125,33572028416,0,850391040,0
0,1762416541488,3300,3301,800,3307,3304,3533,3301,3300,26.3157901763916,0,5,0,9.090909004211426,0,5,0,252009.9623413086,58130.943359375,93668.84893798828,0.3956298828125,33572028416,0,850391040,0
0,1762416541490,3300,3301,800,3307,3304,3533,3301,3300,26.3157901763916,0,5,0,9.090909004211426,0,5,0,252009.9633178711,58130.94763183594,93668.85021972656,0.3956298828125,33572028416,0,850391040,0
0,1762416541491,3300,3301,800,3307,3304,3533,3301,3300,26.3157901763916,0,5,0,9.090909004211426,0,5,0,252009.96435546875,58130.95227050781,93668.85192871094,0.3956298828125,33572028416,0,850391040,0
1,1762416541492,3300,3301,800,3307,3304,3533,3301,3300,26.3157901763916,0,5,0,9.090909004211426,0,5,0,252009.96533203125,58130.957092285156,93668.85363769531,0.3956298828125,33572028416,0,850391040,0
1,1762416541493,3300,3301,800,3307,3304,3533,3301,3300,26.3157901763916,0,5,0,9.090909004211426,0,5,0,252009.96630859375,58130.96160888672,93668.8549194336,0.3956298828125,33572028416,0,850391040,0
1,1762416541494,3300,3301,800,3307,3304,3533,3301,3300,26.3157901763916,0,5,0,9.090909004211426,0,5,0,252009.9673461914,58130.966064453125,93668.85626220703,0.3956298828125,33572028416,0,850391040,0
1,1762416541495,3300,3301,800,3307,3304,3533,3301,3300,26.3157901763916,0,5,0,9.090909004211426,0,5,0,252009.9683227539,58130.97052001953,93668.85760498047,0.3956298828125,33572028416,0,850391040,0
1,1762416541496,3300,3301,800,3307,3304,3533,3301,3300,26.3157901763916,0,5,0,9.090909004211426,0,5,0,252009.9692993164,58130.97497558594,93668.8589477539,0.3956298828125,33572028416,0,850391040,0
1,1762416541497,3300,3301,800,3307,3304,3533,3301,3300,26.3157901763916,0,5,0,9.090909004211426,0,5,0,252009.9702758789,58130.97937011719,93668.8603515625,0.3956298828125,33572028416,0,850391040,0
1,1762416541498,3300,3301,800,3307,3304,3533,3301,3300,26.3157901763916,0,5,0,9.090909004211426,0,5,0,252009.97229003906,58130.98791503906,93668.8618774414,0.3956298828125,33572028416,0,850391040,0
0,1762416541499,3300,3301,800,3307,3304,3533,3301,3300,26.3157901763916,0,5,0,9.090909004211426,0,5,0,252009.97326660156,58130.99230957031,93668.86340332031,0.3956298828125,33572028416,0,850391040,0
0,1762416541501,3300,3301,800,3307,3304,3533,3301,3300,26.3157901763916,0,5,0,9.090909004211426,0,5,0,252009.97424316406,58130.996826171875,93668.8646850586,0.3956298828125,33572028416,0,850391040,0
0,1762416541502,3300,3301,800,3307,3304,3533,3301,3300,26.3157901763916,0,5,0,9.090909004211426,0,5,0,252009.97521972656,58131.00115966797,93668.86602783203,0.3956298828125,33572028416,0,850391040,0
1,1762416541503,3300,3301,800,3307,3304,3533,3301,3300,26.3157901763916,0,5,0,9.090909004211426,0,5,0,252009.97625732422,58131.00567626953,93668.86743164063,0.3956298828125,33572028416,0,850391040,0
1,1762416541504,3300,3301,800,3307,3304,3533,3301,3300,26.3157901763916,0,5,0,9.090909004211426,0,5,0,252009.97723388672,58131.01013183594,93668.86877441406,0.3956298828125,33572028416,0,850391040,0
1,1762416541505,3300,3301,800,3307,3304,3533,3301,3300,26.3157901763916,0,5,0,9.090909004211426,0,5,0,252009.97821044922,58131.014587402344,93668.86993408203,0.3956298828125,33572028416,0,850391040,0
1,1762416541506,3300,3301,800,3307,3304,3533,3301,3300,26.3157901763916,0,5,0,9.090909004211426,0,5,0,252009.97918701172,58131.01885986328,93668.87127685547,0.3956298828125,33572028416,0,850391040,0
1,1762416541507,3300,3301,800,3307,3304,3533,3301,3300,26.3157901763916,0,5,0,9.090909004211426,0,5,0,252009.98022460938,58131.0234375,93668.87274169922,0.3956298828125,33572028416,0,850391040,0
1,1762416541508,3300,3301,800,3307,3304,3533,3301,3300,26.3157901763916,0,5,0,9.090909004211426,0,5,0,252009.98120117188,58131.027893066406,93668.87414550781,0.3956298828125,33572028416,0,850391040,0
1,1762416541509,3300,3301,800,3307,3304,3533,3301,3300,26.3157901763916,0,5,0,9.090909004211426,0,5,0,252009.98315429688,58131.03643798828,93668.87548828125,0.3956298828125,33572028416,0,850391040,0
0,1762416541510,3300,3301,800,3307,3304,3533,3301,3300,26.3157901763916,0,5,0,9.090909004211426,0,5,0,252009.98419189453,58131.040588378906,93668.87670898438,0.3956298828125,33572028416,0,850391040,0
0,1762416541512,3300,3301,800,3307,3304,3533,3301,3300,26.3157901763916,0,5,0,9.090909004211426,0,5,0,252009.98516845703,58131.045166015625,93668.8784790039,0.3956298828125,33572028416,0,850391040,0
0,1762416541513,3300,3301,800,3307,3304,3533,3301,3300,26.3157901763916,0,5,0,9.090909004211426,0,5,0,252009.98614501953,58131.04968261719,93668.88006591797,0.3956298828125,33572028416,0,850391040,0
1,1762416541514,3300,3301,800,3307,3304,3533,3301,3300,26.3157901763916,0,5,0,9.090909004211426,0,5,0,252009.98712158203,58131.05438232422,93668.88146972656,0.3956298828125,33572028416,0,850391040,0
1,1762416541515,3300,3301,800,3307,3304,3533,3301,3300,26.3157901763916,0,5,0,9.090909004211426,0,5,0,252009.9881591797,58131.05877685547,93668.88275146484,0.3956298828125,33572028416,0,850391040,0
1,1762416541516,3300,3301,800,3307,3304,3533,3301,3300,26.3157901763916,0,5,0,9.090909004211426,0,5,0,252009.9891357422,58131.06335449219,93668.8843383789,0.3956298828125,33572028416,0,850391040,0
1,1762416541517,3300,3301,800,3307,3304,3533,3301,3300,26.3157901763916,0,5,0,9.090909004211426,0,5,0,252009.9901123047,58131.067810058594,93668.88537597656,0.3956298828125,33572028416,0,850391040,0
1,1762416541518,3300,3301,800,3307,3304,3533,3301,3300,26.3157901763916,0,5,0,9.090909004211426,0,5,0,252009.9910888672,58131.072204589844,93668.88708496094,0.3956298828125,33572028416,0,850391040,0
1,1762416541519,3300,3301,800,3307,3304,3533,3301,3300,26.3157901763916,0,5,0,9.090909004211426,0,5,0,252009.9920654297,58131.07666015625,93668.88842773438,0.3956298828125,33572028416,0,850391040,0
1,1762416541520,3300,3301,800,3307,3304,3533,3301,3300,26.3157901763916,0,5,0,9.090909004211426,0,5,0,252009.9940185547,58131.08514404297,93668.88989257813,0.3956298828125,33572028416,0,850391040,0
0,1762416541521,3300,3301,800,3307,3304,3533,3301,3300,26.3157901763916,0,5,0,9.090909004211426,0,5,0,252009.99505615234,58131.08972167969,93668.89135742188,0.3956298828125,33572028416,0,850391040,0
0,1762416541523,3300,3301,800,3307,3304,3533,3301,3300,26.3157901763916,0,5,0,9.090909004211426,0,5,0,252009.99609375,58131.09411621094,93668.89276123047,0.3956298828125,33572028416,0,850391040,0
0,1762416541524,3300,3301,800,3307,3304,3533,3301,3300,26.3157901763916,0,5,0,9.090909004211426,0,5,0,252009.9970703125,58131.09851074219,93668.89422607422,0.3956298828125,33572028416,0,850391040,0
1,1762416541525,3300,3301,800,3307,3304,3533,3301,3300,26.3157901763916,0,5,0,9.090909004211426,0,5,0,252009.998046875,58131.10339355469,93668.89587402344,0.3956298828125,33572028416,0,850391040,0
1,1762416541526,3300,3301,800,3307,3304,3533,3301,3300,26.3157901763916,0,5,0,9.090909004211426,0,5,0,252009.9990234375,58131.10791015625,93668.89727783203,0.3956298828125,33572028416,0,850391040,0
1,1762416541527,3300,3301,800,3307,3304,3533,3301,3300,26.3157901763916,0,5,0,9.090909004211426,0,5,0,252010.00006103516,58131.112365722656,93668.8984375,0.3956298828125,33572028416,0,850391040,0
1,1762416541528,3300,3301,800,3307,3304,3533,3301,3300,26.3157901763916,0,5,0,9.090909004211426,0,5,0,252010.00103759766,58131.11682128906,93668.8999633789,0.3956298828125,33572028416,0,850391040,0
1,1762416541529,3300,3301,800,3307,3304,3533,3301,3300,26.3157901763916,0,5,0,9.090909004211426,0,5,0,252010.00201416016,58131.121337890625,93668.90142822266,0.3956298828125,33572028416,0,850391040,0
1,1762416541530,3300,3301,800,3307,3304,3533,3301,3300,26.3157901763916,0,5,0,9.090909004211426,0,5,0,252010.00299072266,58131.12579345703,93668.9028930664,0.3956298828125,33572028416,0,850391040,0
1,1762416541531,3300,3301,800,3307,3304,3533,3301,3300,26.3157901763916,0,5,0,9.090909004211426,0,5,0,252010.0050048828,58131.13018798828,93668.904296875,0.3956298828125,33572028416,0,850391040,0
0,1762416541532,3300,3301,800,3307,3304,3533,3301,3300,26.3157901763916,0,5,0,9.090909004211426,0,5,0,252010.0059814453,58131.13885498047,93668.90588378906,0.3956298828125,33572028416,0,850391040,0
0,1762416541534,3300,3301,800,3307,3304,3533,3301,3300,26.3157901763916,0,5,0,9.090909004211426,0,5,0,252010.0069580078,58131.14324951172,93668.90747070313,0.3956298828125,33572028416,0,850391040,0
0,1762416541535,3300,3301,800,3307,3304,3533,3301,3300,26.3157901763916,0,5,0,9.090909004211426,0,5,0,252010.0079345703,58131.148010253906,93668.90911865234,0.3956298828125,33572028416,0,850391040,0
1,1762416541536,3300,3301,800,3307,3304,3533,3301,3300,26.3157901763916,0,5,0,9.090909004211426,0,5,0,252010.0089111328,58131.15246582031,93668.91046142578,0.3956298828125,33572028416,0,850391040,0
1,1762416541537,3300,3301,800,3307,3304,3533,3301,3300,26.3157901763916,0,5,0,9.090909004211426,0,5,0,252010.00994873047,58131.156982421875,93668.9116821289,0.3956298828125,33572028416,0,850391040,0
1,1762416541538,3300,3301,800,3307,3304,3533,3301,3300,26.3157901763916,0,5,0,9.090909004211426,0,5,0,252010.01092529297,58131.16143798828,93668.9130859375,0.3956298828125,33572028416,0,850391040,0
1,1762416541539,3300,3301,800,3307,3304,3533,3301,3300,26.3157901763916,0,5,0,9.090909004211426,0,5,0,252010.01190185547,58131.16583251953,93668.91436767578,0.3956298828125,33572028416,0,850391040,0
1,1762416541540,3300,3301,800,3307,3304,3533,3301,3300,26.3157901763916,0,5,0,9.090909004211426,0,5,0,252010.01287841797,58131.170349121094,93668.91595458984,0.3956298828125,33572028416,0,850391040,0
1,1762416541541,3300,3301,800,3307,3304,3533,3301,3300,26.3157901763916,0,5,0,9.090909004211426,0,5,0,252010.01391601563,58131.17498779297,93668.91729736328,0.3956298828125,33572028416,0,850391040,0
1,1762416541542,3300,3301,800,3307,3304,3533,3301,3300,26.3157901763916,0,5,0,9.090909004211426,0,5,0,252010.01586914063,58131.18347167969,93668.91888427734,0.3956298828125,33572028416,0,850391040,0
0,1762416541543,3300,3301,800,3307,3304,3533,3301,3300,26.3157901763916,0,5,0,9.090909004211426,0,5,0,252010.01684570313,58131.18780517578,93668.9203491211,0.3956298828125,33572028416,0,850391040,0
0,1762416541545,3300,3301,800,3307,3304,3533,3301,3300,26.3157901763916,0,5,0,9.090909004211426,0,5,0,252010.01788330078,58131.192138671875,93668.92163085938,0.3956298828125,33572028416,0,850391040,0
0,1762416541546,3300,3301,800,3307,3304,3533,3301,3300,26.3157901763916,0,5,0,9.090909004211426,0,5,0,252010.01885986328,58131.19659423828,93668.9228515625,0.3956298828125,33572028416,0,850391040,0
1,1762416541547,3300,3301,800,3307,3304,3533,3301,3300,26.3157901763916,0,5,0,9.090909004211426,0,5,0,252010.01983642578,58131.20086669922,93668.92407226563,0.3956298828125,33572028416,0,850391040,0
1,1762416541548,3300,3301,800,3307,3304,3533,3301,3300,26.3157901763916,0,5,0,9.090909004211426,0,5,0,252010.02081298828,58131.20538330078,93668.92547607422,0.3956298828125,33572028416,0,850391040,0
1,1762416541549,3300,3301,800,3307,3304,3533,3301,3300,26.3157901763916,0,5,0,9.090909004211426,0,5,0,252010.02185058594,58131.209716796875,93668.92669677734,0.3956298828125,33572028416,0,850391040,0
1,1762416541550,3300,3301,800,3307,3304,3533,3301,3300,26.3157901763916,0,5,0,9.090909004211426,0,5,0,252010.02282714844,58131.214111328125,93668.9281616211,0.3956298828125,33572028416,0,850391040,0
1,1762416541551,3300,3301,800,3307,3304,3533,3301,3300,26.3157901763916,0,5,0,9.090909004211426,0,5,0,252010.02380371094,58131.21875,93668.9296875,0.3956298828125,33572028416,0,850391040,0
1,1762416541552,3300,3301,800,3307,3304,3533,3301,3300,26.3157901763916,0,5,0,9.090909004211426,0,5,0,252010.02478027344,58131.22326660156,93668.93115234375,0.3956298828125,33572028416,0,850391040,0
1,1762416541553,3300,3301,800,3307,3304,3533,3301,3300,26.3157901763916,0,5,0,9.090909004211426,0,5,0,252010.0258178711,58131.22772216797,93668.93267822266,0.3956298828125,33572028416,0,850391040,0
0,1762416541554,3300,3301,800,3307,3304,3533,3301,3300,26.3157901763916,0,5,0,9.090909004211426,0,5,0,252010.0277709961,58131.23651123047,93668.93432617188,0.3956298828125,33572028416,0,850391040,0
0,1762416541556,3300,3301,800,3307,3304,3533,3301,3300,26.3157901763916,0,5,0,9.090909004211426,0,5,0,252010.0287475586,58131.24072265625,93668.93579101563,0.3956298828125,33572028416,0,850391040,0
0,1762416541557,3300,3301,800,3307,3304,3533,3301,3300,26.3157901763916,0,5,0,9.090909004211426,0,5,0,252010.02978515625,58131.24548339844,93668.93725585938,0.3956298828125,33572028416,0,850391040,0
1,1762416541558,3300,3301,800,3307,3304,3533,3301,3300,26.3157901763916,0,5,0,9.090909004211426,0,5,0,252010.0307006836,58131.24981689453,93668.93872070313,0.3956298828125,33572028416,0,850391040,0
1,1762416541559,3300,3301,800,3307,3304,3533,3301,3300,26.3157901763916,0,5,0,9.090909004211426,0,5,0,252010.03173828125,58131.254455566406,93668.9400024414,0.3956298828125,33572028416,0,850391040,0
1,1762416541560,3300,3301,800,3307,3304,3533,3301,3300,26.3157901763916,0,5,0,9.090909004211426,0,5,0,252010.03271484375,58131.25891113281,93668.94140625,0.3956298828125,33572028416,0,850391040,0
1,1762416541561,3300,3301,800,3307,3304,3533,3301,3300,26.3157901763916,0,5,0,9.090909004211426,0,5,0,252010.0337524414,58131.26336669922,93668.94256591797,0.3956298828125,33572028416,0,850391040,0
1,1762416541562,3300,3301,800,3307,3304,3533,3301,3300,26.3157901763916,0,5,0,9.090909004211426,0,5,0,252010.0347290039,58131.267822265625,93668.94409179688,0.3956298828125,33572028416,0,850391040,0
1,1762416541563,3300,3301,800,3307,3304,3533,3301,3300,26.3157901763916,0,5,0,9.090909004211426,0,5,0,252010.0357055664,58131.27209472656,93668.94543457031,0.3956298828125,33572028416,0,850391040,0
1,1762416541564,3300,3301,800,3307,3304,3533,3301,3300,26.3157901763916,0,5,0,9.090909004211426,0,5,0,252010.0376586914,58131.280822753906,93668.94696044922,0.3956298828125,33572028416,0,850391040,0
0,1762416541565,3300,3301,800,3307,3304,3533,3301,3300,26.3157901763916,0,5,0,9.090909004211426,0,5,0,252010.03869628906,58131.285095214844,93668.9482421875,0.3956298828125,33572028416,0,850391040,0
0,1762416541567,3300,3301,800,3307,3304,3533,3301,3300,26.3157901763916,0,5,0,9.090909004211426,0,5,0,252010.03967285156,58131.28936767578,93668.94952392578,0.3956298828125,33572028416,0,850391040,0
0,1762416541568,3300,3301,800,3307,3304,3533,3301,3300,26.3157901763916,0,5,0,9.090909004211426,0,5,0,252010.04064941406,58131.29364013672,93668.95080566406,0.3956298828125,33572028416,0,850391040,0
1,1762416541569,3300,3301,800,3307,3304,3533,3301,3300,26.3157901763916,0,5,0,9.090909004211426,0,5,0,252010.04162597656,58131.297912597656,93668.95190429688,0.3956298828125,33572028416,0,850391040,0
1,1762416541570,3300,3301,800,3307,3304,3533,3301,3300,26.3157901763916,0,5,0,9.090909004211426,0,5,0,252010.04260253906,58131.30236816406,93668.95343017578,0.3956298828125,33572028416,0,850391040,0
1,1762416541571,3300,3301,800,3307,3304,3533,3301,3300,26.3157901763916,0,5,0,9.090909004211426,0,5,0,252010.04357910156,58131.306884765625,93668.95471191406,0.3956298828125,33572028416,0,850391040,0
1,1762416541572,3300,3301,800,3307,3304,3533,3301,3300,26.3157901763916,0,5,0,9.090909004211426,0,5,0,252010.04461669922,58131.31134033203,93668.95635986328,0.3956298828125,33572028416,0,850391040,0
1,1762416541573,3300,3301,800,3307,3304,3533,3301,3300,26.3157901763916,0,5,0,9.090909004211426,0,5,0,252010.04559326172,58131.31604003906,93668.95776367188,0.3956298828125,33572028416,0,850391040,0
1,1762416541574,3300,3301,800,3307,3304,3533,3301,3300,26.3157901763916,0,5,0,9.090909004211426,0,5,0,252010.04656982422,58131.320373535156,93668.95935058594,0.3956298828125,33572028416,0,850391040,0
1,1762416541575,3300,3301,800,3307,3304,3533,3301,3300,26.3157901763916,0,5,0,9.090909004211426,0,5,0,252010.04858398438,58131.32501220703,93668.96075439453,0.3956298828125,33572028416,0,850391040,0
0,1762416541576,3300,3301,800,3307,3304,3533,3301,3300,26.3157901763916,0,5,0,9.090909004211426,0,5,0,252010.04956054688,58131.333740234375,93668.96240234375,0.3956298828125,33572028416,0,850391040,0
0,1762416541578,3300,3301,800,3307,3304,3533,3301,3300,26.3157901763916,0,5,0,9.090909004211426,0,5,0,252010.05053710938,58131.338134765625,93668.96392822266,0.3956298828125,33572028416,0,850391040,0
0,1762416541579,3300,3301,800,3307,3304,3533,3301,3300,26.3157901763916,0,5,0,9.090909004211426,0,5,0,252010.05157470703,58131.34265136719,93668.96520996094,0.3956298828125,33572028416,0,850391040,0
1,1762416541580,3300,3301,800,3307,3304,3533,3301,3300,26.3157901763916,0,5,0,9.090909004211426,0,5,0,252010.05255126953,58131.34704589844,93668.96661376953,0.3956298828125,33572028416,0,850391040,0
1,1762416541581,3300,3301,800,3307,3304,3533,3301,3300,26.3157901763916,0,5,0,9.090909004211426,0,5,0,252010.05352783203,58131.351501464844,93668.96795654297,0.3956298828125,33572028416,0,850391040,0
1,1762416541582,3300,3301,800,3307,3304,3533,3301,3300,26.3157901763916,0,5,0,9.090909004211426,0,5,0,252010.0545654297,58131.35607910156,93668.9691772461,0.3956298828125,33572028416,0,850391040,0
1,1762416541583,3300,3301,800,3307,3304,3533,3301,3300,26.3157901763916,0,5,0,9.090909004211426,0,5,0,252010.0555419922,58131.36047363281,93668.97058105469,0.3956298828125,33572028416,0,850391040,0
1,1762416541584,3300,3301,800,3307,3304,3533,3301,3300,26.3157901763916,0,5,0,9.090909004211426,0,5,0,252010.0565185547,58131.36505126953,93668.9721069336,0.3956298828125,33572028416,0,850391040,0
1,1762416541585,3300,3301,800,3307,3304,3533,3301,3300,26.3157901763916,0,5,0,9.090909004211426,0,5,0,252010.0574951172,58131.36950683594,93668.97357177734,0.3956298828125,33572028416,0,850391040,0
1,1762416541586,3300,3301,800,3307,3304,3533,3301,3300,26.3157901763916,0,5,0,9.090909004211426,0,5,0,252010.0594482422,58131.377990722656,93668.97497558594,0.3956298828125,33572028416,0,850391040,0
0,1762416541588,3300,3301,800,3307,3304,3533,3301,3300,26.3157901763916,0,5,0,9.090909004211426,0,5,0,252010.0604248047,58131.38214111328,93668.97619628906,0.3956298828125,33572028416,0,850391040,0
0,1762416541589,3300,3301,800,3307,3304,3533,3301,3300,26.3157901763916,0,5,0,9.090909004211426,0,5,0,252010.06146240234,58131.38653564453,93668.97741699219,0.3956298828125,33572028416,0,850391040,0
0,1762416541590,3300,3301,800,3307,3304,3533,3301,3300,26.3157901763916,0,5,0,9.090909004211426,0,5,0,252010.06243896484,58131.390869140625,93668.97875976563,0.3956298828125,33572028416,0,850391040,0
1,1762416541591,3300,3301,800,3307,3304,3533,3301,3300,26.3157901763916,0,5,0,9.090909004211426,0,5,0,252010.06341552734,58131.395263671875,93668.9799194336,0.3956298828125,33572028416,0,850391040,0
1,1762416541592,3300,3301,800,3307,3304,3533,3301,3300,26.3157901763916,0,5,0,9.090909004211426,0,5,0,252010.06439208984,58131.399658203125,93668.98132324219,0.3956298828125,33572028416,0,850391040,0
1,1762416541593,3300,3301,800,3307,3304,3533,3301,3300,26.3157901763916,0,5,0,9.090909004211426,0,5,0,252010.0654296875,58131.40417480469,93668.9828491211,0.3956298828125,33572028416,0,850391040,0
1,1762416541594,3300,3301,800,3307,3304,3533,3301,3300,26.3157901763916,0,5,0,9.090909004211426,0,5,0,252010.06640625,58131.40881347656,93668.98455810547,0.3956298828125,33572028416,0,850391040,0
1,1762416541595,3300,3301,800,3307,3304,3533,3301,3300,26.3157901763916,0,5,0,9.090909004211426,0,5,0,252010.0673828125,58131.41357421875,93668.986328125,0.3956298828125,33572028416,0,850391040,0
1,1762416541596,3300,3301,800,3307,3304,3533,3301,3300,26.3157901763916,0,5,0,9.090909004211426,0,5,0,252010.068359375,58131.41815185547,93668.9877319336,0.3956298828125,33572028416,0,850391040,0
1,1762416541597,3300,3301,800,3307,3304,3533,3301,3300,26.3157901763916,0,5,0,9.090909004211426,0,5,0,252010.07037353516,58131.4267578125,93668.98919677734,0.3956298828125,33572028416,0,850391040,0
0,1762416541598,3300,3301,800,3307,3304,3533,3301,3300,26.3157901763916,0,5,0,9.090909004211426,0,5,0,252010.07135009766,58131.431091308594,93668.99060058594,0.3956298828125,33572028416,0,850391040,0
0,1762416541600,3300,3301,800,3307,3304,3533,3301,3300,26.3157901763916,0,5,0,9.090909004211426,0,5,0,252010.07232666016,58131.435546875,93668.99206542969,0.3956298828125,33572028416,0,850391040,0
0,1762416541601,3300,3301,800,3307,3304,3533,3301,3300,26.3157901763916,0,5,0,9.090909004211426,0,5,0,252010.0733642578,58131.440002441406,93668.99328613281,0.3956298828125,33572028416,0,850391040,0
1,1762416541602,3300,3301,800,3307,3304,3533,3301,3300,26.3157901763916,0,5,0,9.090909004211426,0,5,0,252010.0743408203,58131.444396972656,93668.9946899414,0.3956298828125,33572028416,0,850391040,0
1,1762416541603,3300,3301,800,3307,3304,3533,3301,3300,26.3157901763916,0,5,0,9.090909004211426,0,5,0,252010.0753173828,58131.44885253906,93668.99597167969,0.3956298828125,33572028416,0,850391040,0
1,1762416541604,3300,3301,800,3307,3304,3533,3301,3300,26.3157901763916,0,5,0,9.090909004211426,0,5,0,252010.0762939453,58131.453186035156,93668.99719238281,0.3956298828125,33572028416,0,850391040,0
1,1762416541605,3300,3301,800,3307,3304,3533,3301,3300,26.3157901763916,0,5,0,9.090909004211426,0,5,0,252010.07733154297,58131.45764160156,93668.9984741211,0.3956298828125,33572028416,0,850391040,0
1,1762416541606,3300,3301,800,3307,3304,3533,3301,3300,26.3157901763916,0,5,0,9.090909004211426,0,5,0,252010.07830810547,58131.46209716797,93669,0.3956298828125,33572028416,0,850391040,0
1,1762416541607,3300,3301,800,3307,3304,3533,3301,3300,26.3157901763916,0,5,0,9.090909004211426,0,5,0,252010.07928466797,58131.46649169922,93669.00128173828,0.3956298828125,33572028416,0,850391040,0
1,1762416541608,3300,3301,800,3307,3304,3533,3301,3300,26.3157901763916,0,5,0,9.090909004211426,0,5,0,252010.08123779297,58131.47497558594,93669.00274658203,0.3956298828125,33572028416,0,850391040,0
0,1762416541609,3300,3301,800,3307,3304,3533,3301,3300,26.3157901763916,0,5,0,9.090909004211426,0,5,0,252010.08227539063,58131.47918701172,93669.00390625,0.3956298828125,33572028416,0,850391040,0
0,1762416541611,3300,3301,800,3307,3304,3533,3301,3300,26.3157901763916,0,5,0,9.090909004211426,0,5,0,252010.08325195313,58131.48352050781,93669.00524902344,0.3956298828125,33572028416,0,850391040,0
0,1762416541612,3300,3301,800,3307,3304,3533,3301,3300,26.3157901763916,0,5,0,9.090909004211426,0,5,0,252010.08422851563,58131.48791503906,93669.00653076172,0.3956298828125,33572028416,0,850391040,0
1,1762416541613,3300,3301,800,3307,3304,3533,3301,3300,26.3157901763916,0,5,0,9.090909004211426,0,5,0,252010.08520507813,58131.492126464844,93669.00762939453,0.3956298828125,33572028416,0,850391040,0
1,1762416541614,3300,3301,800,3307,3304,3533,3301,3300,26.3157901763916,0,5,0,9.090909004211426,0,5,0,252010.08618164063,58131.49658203125,93669.00909423828,0.3956298828125,33572028416,0,850391040,0
1,1762416541615,3300,3301,800,3307,3304,3533,3301,3300,26.3157901763916,0,5,0,9.090909004211426,0,5,0,252010.08715820313,58131.501037597656,93669.0107421875,0.3956298828125,33572028416,0,850391040,0
1,1762416541616,3300,3301,800,3307,3304,3533,3301,3300,26.3157901763916,0,5,0,9.090909004211426,0,5,0,252010.08819580078,58131.50604248047,93669.01257324219,0.3956298828125,33572028416,0,850391040,0
1,1762416541617,3300,3301,800,3307,3304,3533,3301,3300,26.3157901763916,0,5,0,9.090909004211426,0,5,0,252010.08917236328,58131.51086425781,93669.0140991211,0.3956298828125,33572028416,0,850391040,0
1,1762416541618,3300,3301,800,3307,3304,3533,3301,3300,26.3157901763916,0,5,0,9.090909004211426,0,5,0,252010.09020996094,58131.515380859375,93669.01550292969,0.3956298828125,33572028416,0,850391040,0
1,1762416541619,3300,3301,800,3307,3304,3533,3301,3300,26.3157901763916,0,5,0,9.090909004211426,0,5,0,252010.09216308594,58131.52410888672,93669.01696777344,0.3956298828125,33572028416,0,850391040,0
0,1762416541620,3300,3301,800,3307,3304,3533,3301,3300,26.3157901763916,0,5,0,9.090909004211426,0,5,0,252010.09313964844,58131.52813720703,93669.01849365234,0.3956298828125,33572028416,0,850391040,0
0,1762416541622,3300,3301,800,3307,3304,3533,3301,3300,26.3157901763916,0,5,0,9.090909004211426,0,5,0,252010.09411621094,58131.53259277344,93669.01983642578,0.3956298828125,33572028416,0,850391040,0
0,1762416541623,3300,3301,800,3307,3304,3533,3301,3300,26.3157901763916,0,5,0,9.090909004211426,0,5,0,252010.09509277344,58131.537048339844,93669.0210571289,0.3956298828125,33572028416,0,850391040,0
1,1762416541624,3300,3301,800,3307,3304,3533,3301,3300,26.3157901763916,0,5,0,9.090909004211426,0,5,0,252010.09606933594,58131.54132080078,93669.02233886719,0.3956298828125,33572028416,0,850391040,0
1,1762416541625,3300,3301,800,3307,3304,3533,3301,3300,26.3157901763916,0,5,0,9.090909004211426,0,5,0,252010.0971069336,58131.5458984375,93669.02368164063,0.3956298828125,33572028416,0,850391040,0
1,1762416541626,3300,3301,800,3307,3304,3533,3301,3300,26.3157901763916,0,5,0,9.090909004211426,0,5,0,252010.0980834961,58131.550354003906,93669.02490234375,0.3956298828125,33572028416,0,850391040,0
1,1762416541627,3300,3301,800,3307,3304,3533,3301,3300,26.3157901763916,0,5,0,9.090909004211426,0,5,0,252010.09912109375,58131.55480957031,93669.02648925781,0.3956298828125,33572028416,0,850391040,0
1,1762416541628,3300,3301,800,3307,3304,3533,3301,3300,26.3157901763916,0,5,0,9.090909004211426,0,5,0,252010.1000366211,58131.55926513672,93669.0278930664,0.3956298828125,33572028416,0,850391040,0
1,1762416541629,3300,3301,800,3307,3304,3533,3301,3300,26.3157901763916,0,5,0,9.090909004211426,0,5,0,252010.10107421875,58131.563903808594,93669.02935791016,0.3956298828125,33572028416,0,850391040,0
1,1762416541630,3300,3301,800,3307,3304,3533,3301,3300,26.3157901763916,0,5,0,9.090909004211426,0,5,0,252010.10302734375,58131.572326660156,93669.03057861328,0.3956298828125,33572028416,0,850391040,0
0,1762416541631,3300,3301,800,3307,3304,3533,3301,3300,26.3157901763916,0,5,0,9.090909004211426,0,5,0,252010.1040649414,58131.57653808594,93669.03186035156,0.3956298828125,33572028416,0,850391040,0
0,1762416541633,3300,3301,800,3307,3304,3533,3301,3300,26.3157901763916,0,5,0,9.090909004211426,0,5,0,252010.10498046875,58131.58074951172,93669.03314208984,0.3956298828125,33572028416,0,850391040,0
0,1762416541634,3300,3301,800,3307,3304,3533,3301,3300,26.3157901763916,0,5,0,9.090909004211426,0,5,0,252010.1060180664,58131.58508300781,93669.03442382813,0.3956298828125,33572028416,0,850391040,0
1,1762416541635,3300,3301,800,3307,3304,3533,3301,3300,26.3157901763916,0,5,0,9.090909004211426,0,5,0,252010.1069946289,58131.589416503906,93669.03564453125,0.3956298828125,33572028416,0,850391040,0
1,1762416541636,3300,3301,800,3307,3304,3533,3301,3300,26.3157901763916,0,5,0,9.090909004211426,0,5,0,252010.1079711914,58131.593811035156,93669.03723144531,0.3956298828125,33572028416,0,850391040,0
1,1762416541637,3300,3301,800,3307,3304,3533,3301,3300,26.3157901763916,0,5,0,9.090909004211426,0,5,0,252010.1089477539,58131.59851074219,93669.03887939453,0.3956298828125,33572028416,0,850391040,0
1,1762416541638,3300,3301,800,3307,3304,3533,3301,3300,26.3157901763916,0,5,0,9.090909004211426,0,5,0,252010.10998535156,58131.603271484375,93669.04022216797,0.3956298828125,33572028416,0,850391040,0
1,1762416541639,3300,3301,800,3307,3304,3533,3301,3300,26.3157901763916,0,5,0,9.090909004211426,0,5,0,252010.11102294922,58131.607849121094,93669.04168701172,0.3956298828125,33572028416,0,850391040,0
1,1762416541640,3300,3301,800,3307,3304,3533,3301,3300,26.3157901763916,0,5,0,9.090909004211426,0,5,0,252010.11199951172,58131.612243652344,93669.04302978516,0.3956298828125,33572028416,0,850391040,0
1,1762416541641,3300,3301,800,3307,3304,3533,3301,3300,26.3157901763916,0,5,0,9.090909004211426,0,5,0,252010.11395263672,58131.616638183594,93669.0444946289,0.3956298828125,33572028416,0,850391040,0
0,1762416541642,3300,3301,800,3307,3304,3533,3301,3300,26.3157901763916,0,5,0,9.090909004211426,0,5,0,252010.11492919922,58131.62481689453,93669.04577636719,0.3956298828125,33572028416,0,850391040,0
0,1762416541644,3300,3301,800,3307,3304,3533,3301,3300,26.3157901763916,0,5,0,9.090909004211426,0,5,0,252010.11590576172,58131.62921142578,93669.04724121094,0.3956298828125,33572028416,0,850391040,0
0,1762416541645,3300,3301,800,3307,3304,3533,3301,3300,26.3157901763916,0,5,0,9.090909004211426,0,5,0,252010.11694335938,58131.633728027344,93669.04846191406,0.3956298828125,33572028416,0,850391040,0
1,1762416541646,3300,3301,800,3307,3304,3533,3301,3300,26.3157901763916,0,5,0,9.090909004211426,0,5,0,252010.11791992188,58131.63806152344,93669.04974365234,0.3956298828125,33572028416,0,850391040,0
1,1762416541647,3300,3301,800,3307,3304,3533,3301,3300,26.3157901763916,0,5,0,9.090909004211426,0,5,0,252010.11889648438,58131.642578125,93669.0512084961,0.3956298828125,33572028416,0,850391040,0
1,1762416541648,3300,3301,800,3307,3304,3533,3301,3300,26.3157901763916,0,5,0,9.090909004211426,0,5,0,252010.11987304688,58131.64697265625,93669.05242919922,0.3956298828125,33572028416,0,850391040,0
1,1762416541649,3300,3301,800,3307,3304,3533,3301,3300,26.3157901763916,0,5,0,9.090909004211426,0,5,0,252010.12084960938,58131.65148925781,93669.0541381836,0.3956298828125,33572028416,0,850391040,0
1,1762416541650,3300,3301,800,3307,3304,3533,3301,3300,26.3157901763916,0,5,0,9.090909004211426,0,5,0,252010.12182617188,58131.656005859375,93669.05554199219,0.3956298828125,33572028416,0,850391040,0
1,1762416541651,3300,3301,800,3307,3304,3533,3301,3300,26.3157901763916,0,5,0,9.090909004211426,0,5,0,252010.12286376953,58131.66052246094,93669.05682373047,0.3956298828125,33572028416,0,850391040,0
1,1762416541652,3300,3301,800,3307,3304,3533,3301,3300,26.3157901763916,0,5,0,9.090909004211426,0,5,0,252010.1248779297,58131.66912841797,93669.05828857422,0.3956298828125,33572028416,0,850391040,0
0,1762416541653,3300,3301,800,3307,3304,3533,3301,3300,26.3157901763916,0,5,0,9.090909004211426,0,5,0,252010.1258544922,58131.67333984375,93669.05938720703,0.3956298828125,33572028416,0,850391040,0
0,1762416541655,3300,3301,800,3307,3304,3533,3301,3300,26.3157901763916,0,5,0,9.090909004211426,0,5,0,252010.12677001953,58131.677490234375,93669.06066894531,0.3956298828125,33572028416,0,850391040,0
0,1762416541656,3300,3301,800,3307,3304,3533,3301,3300,26.3157901763916,0,5,0,9.090909004211426,0,5,0,252010.1278076172,58131.68200683594,93669.0620727539,0.3956298828125,33572028416,0,850391040,0
1,1762416541657,3300,3301,800,3307,3304,3533,3301,3300,26.3157901763916,0,5,0,9.090909004211426,0,5,0,252010.12884521484,58131.686462402344,93669.06341552734,0.3956298828125,33572028416,0,850391040,0
1,1762416541658,3300,3301,800,3307,3304,3533,3301,3300,26.3157901763916,0,5,0,9.090909004211426,0,5,0,252010.12982177734,58131.69079589844,93669.06494140625,0.3956298828125,33572028416,0,850391040,0
1,1762416541659,3300,3301,800,3307,3304,3533,3301,3300,26.3157901763916,0,5,0,9.090909004211426,0,5,0,252010.13079833984,58131.695556640625,93669.06634521484,0.3956298828125,33572028416,0,850391040,0
1,1762416541660,3300,3301,800,3307,3304,3533,3301,3300,26.3157901763916,0,5,0,9.090909004211426,0,5,0,252010.13177490234,58131.699951171875,93669.06762695313,0.3956298828125,33572028416,0,850391040,0
1,1762416541661,3300,3301,800,3307,3304,3533,3301,3300,26.3157901763916,0,5,0,9.090909004211426,0,5,0,252010.13275146484,58131.704345703125,93669.06921386719,0.3956298828125,33572028416,0,850391040,0
1,1762416541662,3300,3301,800,3307,3304,3533,3301,3300,26.3157901763916,0,5,0,9.090909004211426,0,5,0,252010.1337890625,58131.709045410156,93669.07080078125,0.3956298828125,33572028416,0,850391040,0
1,1762416541663,3300,3301,800,3307,3304,3533,3301,3300,26.3157901763916,0,5,0,9.090909004211426,0,5,0,252010.1357421875,58131.717834472656,93669.07244873047,0.3956298828125,33572028416,0,850391040,0
0,1762416541664,3300,3301,800,3307,3304,3533,3301,3300,26.3157901763916,0,5,0,9.090909004211426,0,5,0,252010.13671875,58131.721923828125,93669.07354736328,0.3956298828125,33572028416,0,850391040,0
0,1762416541666,3300,3301,800,3307,3304,3533,3301,3300,26.3157901763916,0,5,0,9.090909004211426,0,5,0,252010.13775634766,58131.72625732422,93669.07489013672,0.3956298828125,33572028416,0,850391040,0
0,1762416541667,3300,3301,800,3307,3304,3533,3301,3300,26.3157901763916,0,5,0,9.090909004211426,0,5,0,252010.138671875,58131.730529785156,93669.07611083984,0.3956298828125,33572028416,0,850391040,0
1,1762416541668,3300,3301,800,3307,3304,3533,3301,3300,26.3157901763916,0,5,0,9.090909004211426,0,5,0,252010.13970947266,58131.73498535156,93669.07733154297,0.3956298828125,33572028416,0,850391040,0
1,1762416541669,3300,3301,800,3307,3304,3533,3301,3300,26.3157901763916,0,5,0,9.090909004211426,0,5,0,252010.14068603516,58131.73937988281,93669.0786743164,0.3956298828125,33572028416,0,850391040,0
1,1762416541670,3300,3301,800,3307,3304,3533,3301,3300,22.22222328186035,0,0,0,0,0,0,0,252010.14166259766,58131.743896484375,93669.08032226563,0.3956298828125,33572028416,0,850391040,0
1,1762416541671,3300,3301,800,3307,3304,3533,3301,3300,22.22222328186035,0,0,0,0,0,0,0,252010.1427001953,58131.74865722656,93669.08197021484,0.3956298828125,33572028416,0,850391040,0
1,1762416541672,3300,3301,800,3307,3304,3533,3301,3300,22.22222328186035,0,0,0,0,0,0,0,252010.1436767578,58131.75329589844,93669.08331298828,0.3956298828125,33572028416,0,850391040,0
1,1762416541673,3300,3301,800,3307,3304,3533,3301,3300,22.22222328186035,0,0,0,0,0,0,0,252010.1446533203,58131.75750732422,93669.08465576172,0.3956298828125,33572028416,0,850391040,0
1,1762416541674,3300,3301,800,3307,3304,3533,3301,3300,22.22222328186035,0,0,0,0,0,0,0,252010.14666748047,58131.76202392578,93669.08587646484,0.3956298828125,33572028416,0,850391040,0
0,1762416541675,3300,3301,800,3307,3304,3533,3301,3300,22.22222328186035,0,0,0,0,0,0,0,252010.1475830078,58131.77020263672,93669.08728027344,0.3956298828125,33572028416,0,850391040,0
0,1762416541677,3300,3301,800,3307,3304,3533,3301,3300,22.22222328186035,0,0,0,0,0,0,0,252010.14862060547,58131.77471923828,93669.0884399414,0.3956298828125,33572028416,0,850391040,0
0,1762416541678,3300,3301,800,3307,3304,3533,3301,3300,22.22222328186035,0,0,0,0,0,0,0,252010.14959716797,58131.77911376953,93669.08990478516,0.3956298828125,33572028416,0,850391040,0
0,1762416541679,3300,3301,800,3307,3304,3533,3301,3300,22.22222328186035,0,0,0,0,0,0,0,252010.15057373047,58131.78338623047,93669.09155273438,0.3956298828125,33572028416,0,850391040,0
1,1762416541680,3300,3301,800,3307,3304,3533,3301,3300,22.22222328186035,0,0,0,0,0,0,0,252010.15161132813,58131.78826904297,93669.09289550781,0.3956298828125,33572028416,0,850391040,0
1,1762416541681,3300,3301,800,3307,3304,3533,3301,3300,22.22222328186035,0,0,0,0,0,0,0,252010.15258789063,58131.79248046875,93669.09405517578,0.3956298828125,33572028416,0,850391040,0
1,1762416541682,3300,3301,800,3307,3304,3533,3301,3300,22.22222328186035,0,0,0,0,0,0,0,252010.15356445313,58131.796875,93669.09539794922,0.3956298828125,33572028416,0,850391040,0
1,1762416541683,3300,3301,800,3307,3304,3533,3301,3300,22.22222328186035,0,0,0,0,0,0,0,252010.15454101563,58131.80139160156,93669.09692382813,0.3956298828125,33572028416,0,850391040,0
1,1762416541684,3300,3301,800,3307,3304,3533,3301,3300,22.22222328186035,0,0,0,0,0,0,0,252010.15557861328,58131.80596923828,93669.09838867188,0.3956298828125,33572028416,0,850391040,0
1,1762416541685,3300,3301,800,3307,3304,3533,3301,3300,22.22222328186035,0,0,0,0,0,0,0,252010.15753173828,58131.81457519531,93669.09985351563,0.3956298828125,33572028416,0,850391040,0
0,1762416541686,3300,3301,800,3307,3304,3533,3301,3300,22.22222328186035,0,0,0,0,0,0,0,252010.15850830078,58131.81866455078,93669.10095214844,0.3956298828125,33572028416,0,850391040,0
0,1762416541688,3300,3301,800,3307,3304,3533,3301,3300,22.22222328186035,0,0,0,0,0,0,0,252010.15948486328,58131.822998046875,93669.10229492188,0.3956298828125,33572028416,0,850391040,0
0,1762416541689,3300,3301,800,3307,3304,3533,3301,3300,22.22222328186035,0,0,0,0,0,0,0,252010.16052246094,58131.82745361328,93669.103515625,0.3956298828125,33572028416,0,850391040,0
1,1762416541690,3300,3301,800,3307,3304,3533,3301,3300,22.22222328186035,0,0,0,0,0,0,0,252010.16149902344,58131.83172607422,93669.10485839844,0.3956298828125,33572028416,0,850391040,0
1,1762416541691,3300,3301,800,3307,3304,3533,3301,3300,22.22222328186035,0,0,0,0,0,0,0,252010.16247558594,58131.83630371094,93669.10638427734,0.3956298828125,33572028416,0,850391040,0
1,1762416541692,3300,3301,800,3307,3304,3533,3301,3300,22.22222328186035,0,0,0,0,0,0,0,252010.16345214844,58131.8408203125,93669.1078491211,0.3956298828125,33572028416,0,850391040,0
1,1762416541693,3300,3301,800,3307,3304,3533,3301,3300,22.22222328186035,0,0,0,0,0,0,0,252010.1644897461,58131.84552001953,93669.10955810547,0.3956298828125,33572028416,0,850391040,0
1,1762416541694,3300,3301,800,3307,3304,3533,3301,3300,22.22222328186035,0,0,0,0,0,0,0,252010.1654663086,58131.85009765625,93669.1107788086,0.3956298828125,33572028416,0,850391040,0
1,1762416541695,3300,3301,800,3307,3304,3533,3301,3300,22.22222328186035,0,0,0,0,0,0,0,252010.1664428711,58131.85437011719,93669.11218261719,0.3956298828125,33572028416,0,850391040,0
1,1762416541696,3300,3301,800,3307,3304,3533,3301,3300,22.22222328186035,0,0,0,0,0,0,0,252010.16845703125,58131.862854003906,93669.11352539063,0.3956298828125,33572028416,0,850391040,0
0,1762416541697,3300,3301,800,3307,3304,3533,3301,3300,22.22222328186035,0,0,0,0,0,0,0,252010.16943359375,58131.8671875,93669.11474609375,0.3956298828125,33572028416,0,850391040,0
0,1762416541699,3300,3301,800,3307,3304,3533,3301,3300,22.22222328186035,0,0,0,0,0,0,0,252010.17041015625,58131.871520996094,93669.11602783203,0.3956298828125,33572028416,0,850391040,0
0,1762416541700,3300,3301,800,3307,3304,3533,3301,3300,22.22222328186035,0,0,0,0,0,0,0,252010.17138671875,58131.87579345703,93669.11749267578,0.3956298828125,33572028416,0,850391040,0
1,1762416541701,3300,3301,800,3307,3304,3533,3301,3300,22.22222328186035,0,0,0,0,0,0,0,252010.17236328125,58131.880310058594,93669.11889648438,0.3956298828125,33572028416,0,850391040,0
1,1762416541702,3300,3301,800,3307,3304,3533,3301,3300,22.22222328186035,0,0,0,0,0,0,0,252010.1734008789,58131.884765625,93669.12017822266,0.3956298828125,33572028416,0,850391040,0
1,1762416541703,3300,3301,800,3307,3304,3533,3301,3300,22.22222328186035,0,0,0,0,0,0,0,252010.1743774414,58131.889221191406,93669.12158203125,0.3956298828125,33572028416,0,850391040,0
1,1762416541704,3300,3301,800,3307,3304,3533,3301,3300,22.22222328186035,0,0,0,0,0,0,0,252010.1753540039,58131.89367675781,93669.123046875,0.3956298828125,33572028416,0,850391040,0
1,1762416541705,3300,3301,800,3307,3304,3533,3301,3300,22.22222328186035,0,0,0,0,0,0,0,252010.1763305664,58131.89825439453,93669.1245727539,0.3956298828125,33572028416,0,850391040,0
1,1762416541706,3300,3301,800,3307,3304,3533,3301,3300,22.22222328186035,0,0,0,0,0,0,0,252010.1773071289,58131.90264892578,93669.12591552734,0.3956298828125,33572028416,0,850391040,0
1,1762416541707,3300,3301,800,3307,3304,3533,3301,3300,22.22222328186035,0,0,0,0,0,0,0,252010.17932128906,58131.91131591797,93669.1273803711,0.3956298828125,33572028416,0,850391040,0
0,1762416541708,3300,3301,800,3307,3304,3533,3301,3300,22.22222328186035,0,0,0,0,0,0,0,252010.18029785156,58131.91552734375,93669.12860107422,0.3956298828125,33572028416,0,850391040,0
0,1762416541710,3300,3301,800,3307,3304,3533,3301,3300,22.22222328186035,0,0,0,0,0,0,0,252010.18127441406,58131.91973876953,93669.1298828125,0.3956298828125,33572028416,0,850391040,0
0,1762416541711,3300,3301,800,3307,3304,3533,3301,3300,22.22222328186035,0,0,0,0,0,0,0,252010.18225097656,58131.92413330078,93669.13110351563,0.3956298828125,33572028416,0,850391040,0
1,1762416541712,3300,3301,800,3307,3304,3533,3301,3300,22.22222328186035,0,0,0,0,0,0,0,252010.18328857422,58131.92858886719,93669.13232421875,0.3956298828125,33572028416,0,850391040,0
1,1762416541713,3300,3301,800,3307,3304,3533,3301,3300,22.22222328186035,0,0,0,0,0,0,0,252010.18426513672,58131.93298339844,93669.13385009766,0.3956298828125,33572028416,0,850391040,0
1,1762416541714,3300,3301,800,3307,3304,3533,3301,3300,22.22222328186035,0,0,0,0,0,0,0,252010.18524169922,58131.93762207031,93669.13562011719,0.3956298828125,33572028416,0,850391040,0
1,1762416541715,3300,3301,800,3307,3304,3533,3301,3300,22.22222328186035,0,0,0,0,0,0,0,252010.18627929688,58131.942443847656,93669.1372680664,0.3956298828125,33572028416,0,850391040,0
1,1762416541716,3300,3301,800,3307,3304,3533,3301,3300,22.22222328186035,0,0,0,0,0,0,0,252010.18725585938,58131.94714355469,93669.13848876953,0.3956298828125,33572028416,0,850391040,0
1,1762416541717,3300,3301,800,3307,3304,3533,3301,3300,22.22222328186035,0,0,0,0,0,0,0,252010.18823242188,58131.95147705078,93669.13989257813,0.3956298828125,33572028416,0,850391040,0
1,1762416541718,3300,3301,800,3307,3304,3533,3301,3300,22.22222328186035,0,0,0,0,0,0,0,252010.19018554688,58131.95959472656,93669.1410522461,0.3956298828125,33572028416,0,850391040,0
0,1762416541719,3300,3301,800,3307,3304,3533,3301,3300,22.22222328186035,0,0,0,0,0,0,0,252010.19122314453,58131.963928222656,93669.14245605469,0.3956298828125,33572028416,0,850391040,0
0,1762416541721,3300,3301,800,3307,3304,3533,3301,3300,22.22222328186035,0,0,0,0,0,0,0,252010.19219970703,58131.96844482422,93669.14373779297,0.3956298828125,33572028416,0,850391040,0
0,1762416541722,3300,3301,800,3307,3304,3533,3301,3300,22.22222328186035,0,0,0,0,0,0,0,252010.19317626953,58131.972900390625,93669.14514160156,0.3956298828125,33572028416,0,850391040,0
1,1762416541723,3300,3301,800,3307,3304,3533,3301,3300,22.22222328186035,0,0,0,0,0,0,0,252010.19415283203,58131.977111816406,93669.14636230469,0.3956298828125,33572028416,0,850391040,0
1,1762416541724,3300,3301,800,3307,3304,3533,3301,3300,22.22222328186035,0,0,0,0,0,0,0,252010.19512939453,58131.98156738281,93669.1478881836,0.3956298828125,33572028416,0,850391040,0
1,1762416541725,3300,3301,800,3307,3304,3533,3301,3300,22.22222328186035,0,0,0,0,0,0,0,252010.1961669922,58131.98614501953,93669.14904785156,0.3956298828125,33572028416,0,850391040,0
1,1762416541726,3300,3301,800,3307,3304,3533,3301,3300,22.22222328186035,0,0,0,0,0,0,0,252010.1971435547,58131.99072265625,93669.15075683594,0.3956298828125,33572028416,0,850391040,0
1,1762416541727,3300,3301,800,3307,3304,3533,3301,3300,22.22222328186035,0,0,0,0,0,0,0,252010.19818115234,58131.99530029297,93669.15209960938,0.3956298828125,33572028416,0,850391040,0
1,1762416541728,3300,3301,800,3307,3304,3533,3301,3300,22.22222328186035,0,0,0,0,0,0,0,252010.1990966797,58131.99963378906,93669.15356445313,0.3956298828125,33572028416,0,850391040,0
1,1762416541729,3300,3301,800,3307,3304,3533,3301,3300,22.22222328186035,0,0,0,0,0,0,0,252010.20111083984,58132.00811767578,93669.1547241211,0.3956298828125,33572028416,0,850391040,0
0,1762416541730,3300,3301,800,3307,3304,3533,3301,3300,22.22222328186035,0,0,0,0,0,0,0,252010.20208740234,58132.012451171875,93669.15612792969,0.3956298828125,33572028416,0,850391040,0
0,1762416541732,3300,3301,800,3307,3304,3533,3301,3300,22.22222328186035,0,0,0,0,0,0,0,252010.20306396484,58132.016662597656,93669.15734863281,0.3956298828125,33572028416,0,850391040,0
0,1762416541733,3300,3301,800,3307,3304,3533,3301,3300,22.22222328186035,0,0,0,0,0,0,0,252010.2041015625,58132.021057128906,93669.1586303711,0.3956298828125,33572028416,0,850391040,0
1,1762416541734,3300,3301,800,3307,3304,3533,3301,3300,22.22222328186035,0,0,0,0,0,0,0,252010.205078125,58132.025329589844,93669.15991210938,0.3956298828125,33572028416,0,850391040,0
1,1762416541735,3300,3301,800,3307,3304,3533,3301,3300,22.22222328186035,0,0,0,0,0,0,0,252010.2060546875,58132.03009033203,93669.1615600586,0.3956298828125,33572028416,0,850391040,0
1,1762416541736,3300,3301,800,3307,3304,3533,3301,3300,22.22222328186035,0,0,0,0,0,0,0,252010.20709228516,58132.03479003906,93669.16326904297,0.3956298828125,33572028416,0,850391040,0
1,1762416541737,3300,3301,800,3307,3304,3533,3301,3300,22.22222328186035,0,0,0,0,0,0,0,252010.20806884766,58132.039489746094,93669.1646118164,0.3956298828125,33572028416,0,850391040,0
1,1762416541738,3300,3301,800,3307,3304,3533,3301,3300,22.22222328186035,0,0,0,0,0,0,0,252010.20904541016,58132.0439453125,93669.16589355469,0.3956298828125,33572028416,0,850391040,0
1,1762416541739,3300,3301,800,3307,3304,3533,3301,3300,22.22222328186035,0,0,0,0,0,0,0,252010.21002197266,58132.048095703125,93669.16729736328,0.3956298828125,33572028416,0,850391040,0
1,1762416541740,3300,3301,800,3307,3304,3533,3301,3300,22.22222328186035,0,0,0,0,0,0,0,252010.2120361328,58132.05255126953,93669.16833496094,0.3956298828125,33572028416,0,850391040,0
0,1762416541741,3300,3301,800,3307,3304,3533,3301,3300,22.22222328186035,0,0,0,0,0,0,0,252010.2130126953,58132.06072998047,93669.169921875,0.3956298828125,33572028416,0,850391040,0
0,1762416541743,3300,3301,800,3307,3304,3533,3301,3300,22.22222328186035,0,0,0,0,0,0,0,252010.2139892578,58132.0654296875,93669.17138671875,0.3956298828125,33572028416,0,850391040,0
0,1762416541744,3300,3301,800,3307,3304,3533,3301,3300,22.22222328186035,0,0,0,0,0,0,0,252010.2149658203,58132.06970214844,93669.17266845703,0.3956298828125,33572028416,0,850391040,0
1,1762416541745,3300,3301,800,3307,3304,3533,3301,3300,22.22222328186035,0,0,0,0,0,0,0,252010.21600341797,58132.074157714844,93669.173828125,0.3956298828125,33572028416,0,850391040,0
1,1762416541746,3300,3301,800,3307,3304,3533,3301,3300,22.22222328186035,0,0,0,0,0,0,0,252010.21697998047,58132.07849121094,93669.1752319336,0.3956298828125,33572028416,0,850391040,0
1,1762416541747,3300,3301,800,3307,3304,3533,3301,3300,22.22222328186035,0,0,0,0,0,0,0,252010.21795654297,58132.083068847656,93669.17669677734,0.3956298828125,33572028416,0,850391040,0
1,1762416541748,3300,3301,800,3307,3304,3533,3301,3300,22.22222328186035,0,0,0,0,0,0,0,252010.21893310547,58132.08776855469,93669.17840576172,0.3956298828125,33572028416,0,850391040,0
1,1762416541749,3300,3301,800,3307,3304,3533,3301,3300,22.22222328186035,0,0,0,0,0,0,0,252010.21990966797,58132.09228515625,93669.17974853516,0.3956298828125,33572028416,0,850391040,0
1,1762416541750,3300,3301,800,3307,3304,3533,3301,3300,22.22222328186035,0,0,0,0,0,0,0,252010.22094726563,58132.096740722656,93669.1810913086,0.3956298828125,33572028416,0,850391040,0
1,1762416541751,3300,3301,800,3307,3304,3533,3301,3300,22.22222328186035,0,0,0,0,0,0,0,252010.22290039063,58132.10485839844,93669.18231201172,0.3956298828125,33572028416,0,850391040,0
0,1762416541752,3300,3301,800,3307,3304,3533,3301,3300,22.22222328186035,0,0,0,0,0,0,0,252010.22387695313,58132.10919189453,93669.18371582031,0.3956298828125,33572028416,0,850391040,0
0,1762416541754,3300,3301,800,3307,3304,3533,3301,3300,22.22222328186035,0,0,0,0,0,0,0,252010.22485351563,58132.11358642578,93669.18487548828,0.3956298828125,33572028416,0,850391040,0
0,1762416541755,3300,3301,800,3307,3304,3533,3301,3300,22.22222328186035,0,0,0,0,0,0,0,252010.22583007813,58132.11785888672,93669.18621826172,0.3956298828125,33572028416,0,850391040,0
1,1762416541756,3300,3301,800,3307,3304,3533,3301,3300,22.22222328186035,0,0,0,0,0,0,0,252010.22686767578,58132.122497558594,93669.18786621094,0.3956298828125,33572028416,0,850391040,0
1,1762416541757,3300,3301,800,3307,3304,3533,3301,3300,22.22222328186035,0,0,0,0,0,0,0,252010.22784423828,58132.12707519531,93669.18939208984,0.3956298828125,33572028416,0,850391040,0
1,1762416541758,3300,3301,800,3307,3304,3533,3301,3300,22.22222328186035,0,0,0,0,0,0,0,252010.22882080078,58132.131774902344,93669.19104003906,0.3956298828125,33572028416,0,850391040,0
1,1762416541759,3300,3301,800,3307,3304,3533,3301,3300,22.22222328186035,0,0,0,0,0,0,0,252010.22985839844,58132.136291503906,93669.19226074219,0.3956298828125,33572028416,0,850391040,0
1,1762416541760,3300,3301,800,3307,3304,3533,3301,3300,22.22222328186035,0,0,0,0,0,0,0,252010.23083496094,58132.14080810547,93669.19372558594,0.3956298828125,33572028416,0,850391040,0
1,1762416541761,3300,3301,800,3307,3304,3533,3301,3300,22.22222328186035,0,0,0,0,0,0,0,252010.23181152344,58132.145080566406,93669.19494628906,0.3956298828125,33572028416,0,850391040,0
1,1762416541762,3300,3301,800,3307,3304,3533,3301,3300,22.22222328186035,0,0,0,0,0,0,0,252010.23376464844,58132.153381347656,93669.19622802734,0.3956298828125,33572028416,0,850391040,0
0,1762416541763,3300,3301,800,3307,3304,3533,3301,3300,22.22222328186035,0,0,0,0,0,0,0,252010.23474121094,58132.15783691406,93669.1978149414,0.3956298828125,33572028416,0,850391040,0
0,1762416541765,3300,3301,800,3307,3304,3533,3301,3300,22.22222328186035,0,0,0,0,0,0,0,252010.2357788086,58132.16223144531,93669.19897460938,0.3956298828125,33572028416,0,850391040,0
0,1762416541766,3300,3301,800,3307,3304,3533,3301,3300,22.22222328186035,0,0,0,0,0,0,0,252010.2367553711,58132.166748046875,93669.20025634766,0.3956298828125,33572028416,0,850391040,0
1,1762416541767,3300,3301,800,3307,3304,3533,3301,3300,22.22222328186035,0,0,0,0,0,0,0,252010.2377319336,58132.17102050781,93669.20153808594,0.3956298828125,33572028416,0,850391040,0
1,1762416541768,3300,3301,800,3307,3304,3533,3301,3300,22.22222328186035,0,0,0,0,0,0,0,252010.2387084961,58132.175537109375,93669.20300292969,0.3956298828125,33572028416,0,850391040,0
1,1762416541769,3300,3301,800,3307,3304,3533,3301,3300,22.22222328186035,0,0,0,0,0,0,0,252010.23974609375,58132.18035888672,93669.20483398438,0.3956298828125,33572028416,0,850391040,0
1,1762416541770,3300,3301,800,3307,3304,3533,3301,3300,22.22222328186035,0,0,0,0,0,0,0,252010.24072265625,58132.18524169922,93669.20690917969,0.3956298828125,33572028416,0,850391040,0
1,1762416541771,3300,3301,800,3307,3304,3533,3301,3300,22.22222328186035,0,0,0,0,0,0,0,252010.2417602539,58132.19012451172,93669.20819091797,0.3956298828125,33572028416,0,850391040,0
1,1762416541772,3300,3301,800,3307,3304,3533,3301,3300,22.22222328186035,0,0,0,0,0,0,0,252010.2427368164,58132.19445800781,93669.20959472656,0.3956298828125,33572028416,0,850391040,0
1,1762416541773,3300,3301,800,3307,3304,3533,3301,3300,22.22222328186035,0,0,0,0,0,0,0,252010.2446899414,58132.20263671875,93669.21081542969,0.3956298828125,33572028416,0,850391040,0
0,1762416541774,3300,3301,800,3307,3304,3533,3301,3300,22.22222328186035,0,0,0,0,0,0,0,252010.2456665039,58132.206970214844,93669.21203613281,0.3956298828125,33572028416,0,850391040,0
0,1762416541776,3300,3301,800,3307,3304,3533,3301,3300,22.22222328186035,0,0,0,0,0,0,0,252010.24670410156,58132.21130371094,93669.2133178711,0.3956298828125,33572028416,0,850391040,0
0,1762416541777,3300,3301,800,3307,3304,3533,3301,3300,22.22222328186035,0,0,0,0,0,0,0,252010.24768066406,58132.21563720703,93669.21484375,0.3956298828125,33572028416,0,850391040,0
1,1762416541778,3300,3301,800,3307,3304,3533,3301,3300,22.22222328186035,0,0,0,0,0,0,0,252010.24865722656,58132.22021484375,93669.21655273438,0.3956298828125,33572028416,0,850391040,0
1,1762416541779,3300,3301,800,3307,3304,3533,3301,3300,22.22222328186035,0,0,0,0,0,0,0,252010.24963378906,58132.22491455078,93669.21807861328,0.3956298828125,33572028416,0,850391040,0
1,1762416541780,3300,3301,800,3307,3304,3533,3301,3300,22.22222328186035,0,0,0,0,0,0,0,252010.25067138672,58132.229736328125,93669.21966552734,0.3956298828125,33572028416,0,850391040,0
1,1762416541781,3300,3301,800,3307,3304,3533,3301,3300,22.22222328186035,0,0,0,0,0,0,0,252010.25164794922,58132.23425292969,93669.22088623047,0.3956298828125,33572028416,0,850391040,0
1,1762416541782,3300,3301,800,3307,3304,3533,3301,3300,22.22222328186035,0,0,0,0,0,0,0,252010.25262451172,58132.238708496094,93669.22229003906,0.3956298828125,33572028416,0,850391040,0
1,1762416541783,3300,3301,800,3307,3304,3533,3301,3300,22.22222328186035,0,0,0,0,0,0,0,252010.25360107422,58132.24304199219,93669.22357177734,0.3956298828125,33572028416,0,850391040,0
1,1762416541784,3300,3301,800,3307,3304,3533,3301,3300,22.22222328186035,0,0,0,0,0,0,0,252010.25561523438,58132.25158691406,93669.22497558594,0.3956298828125,33572028416,0,850391040,0
0,1762416541785,3300,3301,800,3307,3304,3533,3301,3300,22.22222328186035,0,0,0,0,0,0,0,252010.25659179688,58132.25573730469,93669.22625732422,0.3956298828125,33572028416,0,850391040,0
0,1762416541787,3300,3301,800,3307,3304,3533,3301,3300,22.22222328186035,0,0,0,0,0,0,0,252010.25756835938,58132.25994873047,93669.2275390625,0.3956298828125,33572028416,0,850391040,0
0,1762416541788,3300,3301,800,3307,3304,3533,3301,3300,22.22222328186035,0,0,0,0,0,0,0,252010.25854492188,58132.264404296875,93669.22869873047,0.3956298828125,33572028416,0,850391040,0
1,1762416541789,3300,3301,800,3307,3304,3533,3301,3300,22.22222328186035,0,0,0,0,0,0,0,252010.25952148438,58132.26867675781,93669.22998046875,0.3956298828125,33572028416,0,850391040,0
1,1762416541790,3300,3301,800,3307,3304,3533,3301,3300,22.22222328186035,0,0,0,0,0,0,0,252010.26055908203,58132.273193359375,93669.23150634766,0.3956298828125,33572028416,0,850391040,0
1,1762416541791,3300,3301,800,3307,3304,3533,3301,3300,22.22222328186035,0,0,0,0,0,0,0,252010.26153564453,58132.277893066406,93669.23327636719,0.3956298828125,33572028416,0,850391040,0
1,1762416541792,3300,3301,800,3307,3304,3533,3301,3300,22.22222328186035,0,0,0,0,0,0,0,252010.26251220703,58132.28259277344,93669.23474121094,0.3956298828125,33572028416,0,850391040,0
1,1762416541793,3300,3301,800,3307,3304,3533,3301,3300,22.22222328186035,0,0,0,0,0,0,0,252010.26348876953,58132.28723144531,93669.23602294922,0.3956298828125,33572028416,0,850391040,0
1,1762416541794,3300,3301,800,3307,3304,3533,3301,3300,22.22222328186035,0,0,0,0,0,0,0,252010.2645263672,58132.291564941406,93669.23748779297,0.3956298828125,33572028416,0,850391040,0
1,1762416541795,3300,3301,800,3307,3304,3533,3301,3300,22.22222328186035,0,0,0,0,0,0,0,252010.2664794922,58132.300048828125,93669.23858642578,0.3956298828125,33572028416,0,850391040,0
0,1762416541796,3300,3301,800,3307,3304,3533,3301,3300,22.22222328186035,0,0,0,0,0,0,0,252010.26751708984,58132.30438232422,93669.24011230469,0.3956298828125,33572028416,0,850391040,0
0,1762416541798,3300,3301,800,3307,3304,3533,3301,3300,22.22222328186035,0,0,0,0,0,0,0,252010.2684326172,58132.308532714844,93669.24127197266,0.3956298828125,33572028416,0,850391040,0
0,1762416541799,3300,3301,800,3307,3304,3533,3301,3300,22.22222328186035,0,0,0,0,0,0,0,252010.26947021484,58132.31317138672,93669.24285888672,0.3956298828125,33572028416,0,850391040,0
1,1762416541800,3300,3301,800,3307,3304,3533,3301,3300,22.22222328186035,0,0,0,0,0,0,0,252010.27044677734,58132.31768798828,93669.2445678711,0.3956298828125,33572028416,0,850391040,0
1,1762416541801,3300,3301,800,3307,3304,3533,3301,3300,22.22222328186035,0,0,0,0,0,0,0,252010.27142333984,58132.322326660156,93669.24597167969,0.3956298828125,33572028416,0,850391040,0
1,1762416541802,3300,3301,800,3307,3304,3533,3301,3300,22.22222328186035,0,0,0,0,0,0,0,252010.27239990234,58132.326904296875,93669.24737548828,0.3956298828125,33572028416,0,850391040,0
1,1762416541803,3300,3301,800,3307,3304,3533,3301,3300,22.22222328186035,0,0,0,0,0,0,0,252010.2734375,58132.33142089844,93669.24865722656,0.3956298828125,33572028416,0,850391040,0
1,1762416541804,3300,3301,800,3307,3304,3533,3301,3300,22.22222328186035,0,0,0,0,0,0,0,252010.2744140625,58132.335876464844,93669.24987792969,0.3956298828125,33572028416,0,850391040,0
1,1762416541805,3300,3301,800,3307,3304,3533,3301,3300,22.22222328186035,0,0,0,0,0,0,0,252010.275390625,58132.34002685547,93669.2515258789,0.3956298828125,33572028416,0,850391040,0
1,1762416541806,3300,3301,800,3307,3304,3533,3301,3300,22.22222328186035,0,0,0,0,0,0,0,252010.27740478516,58132.34881591797,93669.25274658203,0.3956298828125,33572028416,0,850391040,0
0,1762416541808,3300,3301,800,3307,3304,3533,3301,3300,22.22222328186035,0,0,0,0,0,0,0,252010.27838134766,58132.35290527344,93669.25402832031,0.3956298828125,33572028416,0,850391040,0
0,1762416541809,3300,3301,800,3307,3304,3533,3301,3300,22.22222328186035,0,0,0,0,0,0,0,252010.27935791016,58132.35705566406,93669.2553100586,0.3956298828125,33572028416,0,850391040,0
0,1762416541810,3300,3301,800,3307,3304,3533,3301,3300,22.22222328186035,0,0,0,0,0,0,0,252010.28033447266,58132.36151123047,93669.25665283203,0.3956298828125,33572028416,0,850391040,0
1,1762416541811,3300,3301,800,3307,3304,3533,3301,3300,22.22222328186035,0,0,0,0,0,0,0,252010.28131103516,58132.36590576172,93669.25793457031,0.3956298828125,33572028416,0,850391040,0
1,1762416541812,3300,3301,800,3307,3304,3533,3301,3300,22.22222328186035,0,0,0,0,0,0,0,252010.2823486328,58132.370544433594,93669.25952148438,0.3956298828125,33572028416,0,850391040,0
1,1762416541813,3300,3301,800,3307,3304,3533,3301,3300,22.22222328186035,0,0,0,0,0,0,0,252010.2833251953,58132.37518310547,93669.2611694336,0.3956298828125,33572028416,0,850391040,0
1,1762416541814,3300,3301,800,3307,3304,3533,3301,3300,22.22222328186035,0,0,0,0,0,0,0,252010.2843017578,58132.379821777344,93669.26257324219,0.3956298828125,33572028416,0,850391040,0
1,1762416541815,3300,3301,800,3307,3304,3533,3301,3300,22.22222328186035,0,0,0,0,0,0,0,252010.28533935547,58132.384338378906,93669.26391601563,0.3956298828125,33572028416,0,850391040,0
1,1762416541816,3300,3301,800,3307,3304,3533,3301,3300,22.22222328186035,0,0,0,0,0,0,0,252010.2862548828,58132.38854980469,93669.2651977539,0.3956298828125,33572028416,0,850391040,0
1,1762416541817,3300,3301,800,3307,3304,3533,3301,3300,22.22222328186035,0,0,0,0,0,0,0,252010.28826904297,58132.39685058594,93669.26641845703,0.3956298828125,33572028416,0,850391040,0
0,1762416541818,3300,3301,800,3307,3304,3533,3301,3300,22.22222328186035,0,0,0,0,0,0,0,252010.28924560547,58132.40124511719,93669.26776123047,0.3956298828125,33572028416,0,850391040,0
0,1762416541820,3300,3301,800,3307,3304,3533,3301,3300,22.22222328186035,0,0,0,0,0,0,0,252010.29022216797,58132.405517578125,93669.26922607422,0.3956298828125,33572028416,0,850391040,0
0,1762416541821,3300,3301,800,3307,3304,3533,3301,3300,22.22222328186035,0,0,0,0,0,0,0,252010.29125976563,58132.41027832031,93669.2709350586,0.3956298828125,33572028416,0,850391040,0
1,1762416541822,3300,3301,800,3307,3304,3533,3301,3300,22.22222328186035,0,0,0,0,0,0,0,252010.29223632813,58132.41485595703,93669.27239990234,0.3956298828125,33572028416,0,850391040,0
1,1762416541823,3300,3301,800,3307,3304,3533,3301,3300,22.22222328186035,0,0,0,0,0,0,0,252010.29321289063,58132.419372558594,93669.27380371094,0.3956298828125,33572028416,0,850391040,0
1,1762416541824,3300,3301,800,3307,3304,3533,3301,3300,22.22222328186035,0,0,0,0,0,0,0,252010.29425048828,58132.42395019531,93669.27520751953,0.3956298828125,33572028416,0,850391040,0
1,1762416541825,3300,3301,800,3307,3304,3533,3301,3300,22.22222328186035,0,0,0,0,0,0,0,252010.29522705078,58132.42840576172,93669.27642822266,0.3956298828125,33572028416,0,850391040,0
1,1762416541826,3300,3301,800,3307,3304,3533,3301,3300,22.22222328186035,0,0,0,0,0,0,0,252010.29620361328,58132.432861328125,93669.2778930664,0.3956298828125,33572028416,0,850391040,0
1,1762416541827,3300,3301,800,3307,3304,3533,3301,3300,22.22222328186035,0,0,0,0,0,0,0,252010.29724121094,58132.43731689453,93669.27935791016,0.3956298828125,33572028416,0,850391040,0
1,1762416541828,3300,3301,800,3307,3304,3533,3301,3300,22.22222328186035,0,0,0,0,0,0,0,252010.29919433594,58132.44592285156,93669.28063964844,0.3956298828125,33572028416,0,850391040,0
0,1762416541829,3300,3301,800,3307,3304,3533,3301,3300,22.22222328186035,0,0,0,0,0,0,0,252010.30017089844,58132.449951171875,93669.28198242188,0.3956298828125,33572028416,0,850391040,0
0,1762416541831,3300,3301,800,3307,3304,3533,3301,3300,22.22222328186035,0,0,0,0,0,0,0,252010.30114746094,58132.45422363281,93669.283203125,0.3956298828125,33572028416,0,850391040,0
0,1762416541832,3300,3301,800,3307,3304,3533,3301,3300,22.22222328186035,0,0,0,0,0,0,0,252010.30212402344,58132.45867919922,93669.28454589844,0.3956298828125,33572028416,0,850391040,0
1,1762416541833,3300,3301,800,3307,3304,3533,3301,3300,22.22222328186035,0,0,0,0,0,0,0,252010.3031616211,58132.463317871094,93669.2861328125,0.3956298828125,33572028416,0,850391040,0
1,1762416541834,3300,3301,800,3307,3304,3533,3301,3300,22.22222328186035,0,0,0,0,0,0,0,252010.3041381836,58132.46789550781,93669.2876586914,0.3956298828125,33572028416,0,850391040,0
1,1762416541835,3300,3301,800,3307,3304,3533,3301,3300,22.22222328186035,0,0,0,0,0,0,0,252010.3051147461,58132.47247314453,93669.28930664063,0.3956298828125,33572028416,0,850391040,0
1,1762416541836,3300,3301,800,3307,3304,3533,3301,3300,22.22222328186035,0,0,0,0,0,0,0,252010.3060913086,58132.47705078125,93669.2905883789,0.3956298828125,33572028416,0,850391040,0
1,1762416541837,3300,3301,800,3307,3304,3533,3301,3300,22.22222328186035,0,0,0,0,0,0,0,252010.3070678711,58132.48162841797,93669.29205322266,0.3956298828125,33572028416,0,850391040,0
1,1762416541838,3300,3301,800,3307,3304,3533,3301,3300,22.22222328186035,0,0,0,0,0,0,0,252010.30810546875,58132.48614501953,93669.29333496094,0.3956298828125,33572028416,0,850391040,0
1,1762416541839,3300,3301,800,3307,3304,3533,3301,3300,22.22222328186035,0,0,0,0,0,0,0,252010.31005859375,58132.494384765625,93669.29467773438,0.3956298828125,33572028416,0,850391040,0
0,1762416541840,3300,3301,800,3307,3304,3533,3301,3300,22.22222328186035,0,0,0,0,0,0,0,252010.31103515625,58132.498779296875,93669.29626464844,0.3956298828125,33572028416,0,850391040,0
0,1762416541842,3300,3301,800,3307,3304,3533,3301,3300,22.22222328186035,0,0,0,0,0,0,0,252010.31201171875,58132.503356933594,93669.29754638672,0.3956298828125,33572028416,0,850391040,0
0,1762416541843,3300,3301,800,3307,3304,3533,3301,3300,22.22222328186035,0,0,0,0,0,0,0,252010.3130493164,58132.507873535156,93669.29919433594,0.3956298828125,33572028416,0,850391040,0
1,1762416541844,3300,3301,800,3307,3304,3533,3301,3300,22.22222328186035,0,0,0,0,0,0,0,252010.3140258789,58132.51251220703,93669.30065917969,0.3956298828125,33572028416,0,850391040,0
1,1762416541845,3300,3301,800,3307,3304,3533,3301,3300,22.22222328186035,0,0,0,0,0,0,0,252010.31506347656,58132.517150878906,93669.30200195313,0.3956298828125,33572028416,0,850391040,0
0,1762416541846,3300,3301,800,3307,3304,3533,3301,3300,22.22222328186035,0,0,0,0,0,0,0,252010.3159790039,58132.521423339844,93669.3032836914,0.3956298828125,33572028416,0,850391040,0
1,1762416541847,3300,3301,800,3307,3304,3533,3301,3300,22.22222328186035,0,0,0,0,0,0,0,252010.31701660156,58132.52600097656,93669.30456542969,0.3956298828125,33572028416,0,850391040,0
1,1762416541848,3300,3301,800,3307,3304,3533,3301,3300,22.22222328186035,0,0,0,0,0,0,0,252010.31799316406,58132.5302734375,93669.30578613281,0.3956298828125,33572028416,0,850391040,0
1,1762416541849,3300,3301,800,3307,3304,3533,3301,3300,22.22222328186035,0,0,0,0,0,0,0,252010.31896972656,58132.53448486328,93669.3071899414,0.3956298828125,33572028416,0,850391040,0
1,1762416541850,3300,3301,800,3307,3304,3533,3301,3300,22.22222328186035,0,0,0,0,0,0,0,252010.32092285156,58132.542724609375,93669.30841064453,0.3956298828125,33572028416,0,850391040,0
0,1762416541851,3300,3301,800,3307,3304,3533,3301,3300,22.22222328186035,0,0,0,0,0,0,0,252010.32196044922,58132.547119140625,93669.30987548828,0.3956298828125,33572028416,0,850391040,0
0,1762416541853,3300,3301,800,3307,3304,3533,3301,3300,22.22222328186035,0,0,0,0,0,0,0,252010.32293701172,58132.551513671875,93669.31103515625,0.3956298828125,33572028416,0,850391040,0
0,1762416541854,3300,3301,800,3307,3304,3533,3301,3300,22.22222328186035,0,0,0,0,0,0,0,252010.32391357422,58132.556091308594,93669.31262207031,0.3956298828125,33572028416,0,850391040,0
1,1762416541855,3300,3301,800,3307,3304,3533,3301,3300,22.22222328186035,0,0,0,0,0,0,0,252010.32495117188,58132.56066894531,93669.31427001953,0.3956298828125,33572028416,0,850391040,0
1,1762416541856,3300,3301,800,3307,3304,3533,3301,3300,22.22222328186035,0,0,0,0,0,0,0,252010.32592773438,58132.565368652344,93669.3158569336,0.3956298828125,33572028416,0,850391040,0
1,1762416541857,3300,3301,800,3307,3304,3533,3301,3300,22.22222328186035,0,0,0,0,0,0,0,252010.32690429688,58132.570068359375,93669.31732177734,0.3956298828125,33572028416,0,850391040,0
1,1762416541858,3300,3301,800,3307,3304,3533,3301,3300,22.22222328186035,0,0,0,0,0,0,0,252010.32788085938,58132.574462890625,93669.31866455078,0.3956298828125,33572028416,0,850391040,0
1,1762416541859,3300,3301,800,3307,3304,3533,3301,3300,22.22222328186035,0,0,0,0,0,0,0,252010.32885742188,58132.578857421875,93669.32000732422,0.3956298828125,33572028416,0,850391040,0
1,1762416541860,3300,3301,800,3307,3304,3533,3301,3300,22.22222328186035,0,0,0,0,0,0,0,252010.32989501953,58132.58331298828,93669.32122802734,0.3956298828125,33572028416,0,850391040,0
1,1762416541861,3300,3301,800,3307,3304,3533,3301,3300,22.22222328186035,0,0,0,0,0,0,0,252010.33184814453,58132.59161376953,93669.32263183594,0.3956298828125,33572028416,0,850391040,0
0,1762416541862,3300,3301,800,3307,3304,3533,3301,3300,22.22222328186035,0,0,0,0,0,0,0,252010.33282470703,58132.596130371094,93669.32415771484,0.3956298828125,33572028416,0,850391040,0
0,1762416541864,3300,3301,800,3307,3304,3533,3301,3300,22.22222328186035,0,0,0,0,0,0,0,252010.33380126953,58132.60046386719,93669.32568359375,0.3956298828125,33572028416,0,850391040,0
0,1762416541865,3300,3301,800,3307,3304,3533,3301,3300,22.22222328186035,0,0,0,0,0,0,0,252010.3348388672,58132.60516357422,93669.3271484375,0.3956298828125,33572028416,0,850391040,0
1,1762416541866,3300,3301,800,3307,3304,3533,3301,3300,22.22222328186035,0,0,0,0,0,0,0,252010.3358154297,58132.609802246094,93669.3285522461,0.3956298828125,33572028416,0,850391040,0
1,1762416541867,3300,3301,800,3307,3304,3533,3301,3300,22.22222328186035,0,0,0,0,0,0,0,252010.3367919922,58132.6142578125,93669.32989501953,0.3956298828125,33572028416,0,850391040,0
1,1762416541868,3300,3301,800,3307,3304,3533,3301,3300,22.22222328186035,0,0,0,0,0,0,0,252010.33782958984,58132.61877441406,93669.33129882813,0.3956298828125,33572028416,0,850391040,0
1,1762416541869,3300,3301,800,3307,3304,3533,3301,3300,22.22222328186035,0,0,0,0,0,0,0,252010.33880615234,58132.62322998047,93669.33288574219,0.3956298828125,33572028416,0,850391040,0
1,1762416541870,3300,3301,800,3307,3304,3533,3301,3300,22.22222328186035,0,0,0,0,0,0,0,252010.33978271484,58132.62762451172,93669.33428955078,0.3956298828125,33572028416,0,850391040,0
1,1762416541871,3300,3301,800,3307,3304,3533,3301,3300,22.22222328186035,0,0,0,0,0,0,0,252010.34075927734,58132.632080078125,93669.33563232422,0.3956298828125,33572028416,0,850391040,0
1,1762416541872,3300,3301,800,3307,3304,3533,3301,3300,22.22222328186035,0,0,0,0,0,0,0,252010.3427734375,58132.640563964844,93669.33666992188,0.3956298828125,33572028416,0,850391040,0
0,1762416541873,3300,3301,800,3307,3304,3533,3301,3300,22.22222328186035,0,0,0,0,0,0,0,252010.34375,58132.64465332031,93669.33813476563,0.3956298828125,33572028416,0,850391040,0
0,1762416541875,3300,3301,800,3307,3304,3533,3301,3300,22.22222328186035,0,0,0,0,0,0,0,252010.3447265625,58132.648986816406,93669.33935546875,0.3956298828125,33572028416,0,850391040,0
0,1762416541876,3300,3301,800,3307,3304,3533,3301,3300,22.22222328186035,0,0,0,0,0,0,0,252010.345703125,58132.653564453125,93669.34094238281,0.3956298828125,33572028416,0,850391040,0
1,1762416541877,3300,3301,800,3307,3304,3533,3301,3300,22.22222328186035,0,0,0,0,0,0,0,252010.3466796875,58132.65802001953,93669.34246826172,0.3956298828125,33572028416,0,850391040,0
1,1762416541878,3300,3301,800,3307,3304,3533,3301,3300,22.22222328186035,0,0,0,0,0,0,0,252010.34771728516,58132.662841796875,93669.34387207031,0.3956298828125,33572028416,0,850391040,0
1,1762416541879,3300,3301,800,3307,3304,3533,3301,3300,22.22222328186035,0,0,0,0,0,0,0,252010.34869384766,58132.66735839844,93669.34545898438,0.3956298828125,33572028416,0,850391040,0
1,1762416541880,3300,3301,800,3307,3304,3533,3301,3300,22.22222328186035,0,0,0,0,0,0,0,252010.3497314453,58132.67199707031,93669.3466796875,0.3956298828125,33572028416,0,850391040,0
1,1762416541881,3300,3301,800,3307,3304,3533,3301,3300,22.22222328186035,0,0,0,0,0,0,0,252010.3507080078,58132.67639160156,93669.3480834961,0.3956298828125,33572028416,0,850391040,0
1,1762416541882,3300,3301,800,3307,3304,3533,3301,3300,22.22222328186035,0,0,0,0,0,0,0,252010.3516845703,58132.68078613281,93669.34948730469,0.3956298828125,33572028416,0,850391040,0
1,1762416541883,3300,3301,800,3307,3304,3533,3301,3300,22.22222328186035,0,0,0,0,0,0,0,252010.3536376953,58132.68914794922,93669.35089111328,0.3956298828125,33572028416,0,850391040,0
0,1762416541884,3300,3301,800,3307,3304,3533,3301,3300,22.22222328186035,0,0,0,0,0,0,0,252010.3546142578,58132.69354248047,93669.35247802734,0.3956298828125,33572028416,0,850391040,0
0,1762416541886,3300,3301,800,3307,3304,3533,3301,3300,22.22222328186035,0,0,0,0,0,0,0,252010.3555908203,58132.69812011719,93669.35382080078,0.3956298828125,33572028416,0,850391040,0
0,1762416541887,3300,3301,800,3307,3304,3533,3301,3300,22.22222328186035,0,0,0,0,0,0,0,252010.35662841797,58132.70263671875,93669.35522460938,0.3956298828125,33572028416,0,850391040,0
1,1762416541888,3300,3301,800,3307,3304,3533,3301,3300,22.22222328186035,0,0,0,0,0,0,0,252010.35760498047,58132.70703125,93669.35662841797,0.3956298828125,33572028416,0,850391040,0
1,1762416541889,3300,3301,800,3307,3304,3533,3301,3300,22.22222328186035,0,0,0,0,0,0,0,252010.35858154297,58132.71160888672,93669.35791015625,0.3956298828125,33572028416,0,850391040,0
1,1762416541890,3300,3301,800,3307,3304,3533,3301,3300,22.22222328186035,0,0,0,0,0,0,0,252010.35955810547,58132.71600341797,93669.35955810547,0.3956298828125,33572028416,0,850391040,0
1,1762416541891,3300,3301,800,3307,3304,3533,3301,3300,22.22222328186035,0,0,0,0,0,0,0,252010.36053466797,58132.720642089844,93669.36114501953,0.3956298828125,33572028416,0,850391040,0
1,1762416541892,3300,3301,800,3307,3304,3533,3301,3300,22.22222328186035,0,0,0,0,0,0,0,252010.36157226563,58132.72540283203,93669.36242675781,0.3956298828125,33572028416,0,850391040,0
1,1762416541893,3300,3301,800,3307,3304,3533,3301,3300,22.22222328186035,0,0,0,0,0,0,0,252010.36254882813,58132.729736328125,93669.36389160156,0.3956298828125,33572028416,0,850391040,0
1,1762416541894,3300,3301,800,3307,3304,3533,3301,3300,22.22222328186035,0,0,0,0,0,0,0,252010.36456298828,58132.73419189453,93669.36505126953,0.3956298828125,33572028416,0,850391040,0
0,1762416541895,3300,3301,800,3307,3304,3533,3301,3300,22.22222328186035,0,0,0,0,0,0,0,252010.36553955078,58132.742431640625,93669.3666381836,0.3956298828125,33572028416,0,850391040,0
0,1762416541897,3300,3301,800,3307,3304,3533,3301,3300,22.22222328186035,0,0,0,0,0,0,0,252010.36651611328,58132.747009277344,93669.36798095703,0.3956298828125,33572028416,0,850391040,0
0,1762416541898,3300,3301,800,3307,3304,3533,3301,3300,22.22222328186035,0,0,0,0,0,0,0,252010.36749267578,58132.751403808594,93669.36962890625,0.3956298828125,33572028416,0,850391040,0
1,1762416541899,3300,3301,800,3307,3304,3533,3301,3300,22.22222328186035,0,0,0,0,0,0,0,252010.36853027344,58132.75622558594,93669.37121582031,0.3956298828125,33572028416,0,850391040,0
1,1762416541900,3300,3301,800,3307,3304,3533,3301,3300,22.22222328186035,0,0,0,0,0,0,0,252010.36950683594,58132.7607421875,93669.37243652344,0.3956298828125,33572028416,0,850391040,0
1,1762416541901,3300,3301,800,3307,3304,3533,3301,3300,22.22222328186035,0,0,0,0,0,0,0,252010.37048339844,58132.76525878906,93669.37396240234,0.3956298828125,33572028416,0,850391040,0
1,1762416541902,3300,3301,800,3307,3304,3533,3301,3300,22.22222328186035,0,0,0,0,0,0,0,252010.37145996094,58132.76983642578,93669.37506103516,0.3956298828125,33572028416,0,850391040,0
1,1762416541903,3300,3301,800,3307,3304,3533,3301,3300,22.22222328186035,0,0,0,0,0,0,0,252010.37243652344,58132.774169921875,93669.37664794922,0.3956298828125,33572028416,0,850391040,0
1,1762416541904,3300,3301,800,3307,3304,3533,3301,3300,22.22222328186035,0,0,0,0,0,0,0,252010.3734741211,58132.77862548828,93669.37799072266,0.3956298828125,33572028416,0,850391040,0
1,1762416541905,3300,3301,800,3307,3304,3533,3301,3300,22.22222328186035,0,0,0,0,0,0,0,252010.3744506836,58132.78308105469,93669.3794555664,0.3956298828125,33572028416,0,850391040,0
0,1762416541906,3300,3301,800,3307,3304,3533,3301,3300,22.22222328186035,0,0,0,0,0,0,0,252010.3764038086,58132.79150390625,93669.38092041016,0.3956298828125,33572028416,0,850391040,0
0,1762416541908,3300,3301,800,3307,3304,3533,3301,3300,22.22222328186035,0,0,0,0,0,0,0,252010.3773803711,58132.79602050781,93669.38244628906,0.3956298828125,33572028416,0,850391040,0
0,1762416541909,3300,3301,800,3307,3304,3533,3301,3300,22.22222328186035,0,0,0,0,0,0,0,252010.37841796875,58132.80059814453,93669.3837890625,0.3956298828125,33572028416,0,850391040,0
1,1762416541910,3300,3301,800,3307,3304,3533,3301,3300,22.22222328186035,0,0,0,0,0,0,0,252010.37939453125,58132.80505371094,93669.38525390625,0.3956298828125,33572028416,0,850391040,0
1,1762416541911,3300,3301,800,3307,3304,3533,3301,3300,22.22222328186035,0,0,0,0,0,0,0,252010.3804321289,58132.80975341797,93669.38690185547,0.3956298828125,33572028416,0,850391040,0
1,1762416541912,3300,3301,800,3307,3304,3533,3301,3300,22.22222328186035,0,0,0,0,0,0,0,252010.3814086914,58132.814514160156,93669.38854980469,0.3956298828125,33572028416,0,850391040,0
1,1762416541913,3300,3301,800,3307,3304,3533,3301,3300,22.22222328186035,0,0,0,0,0,0,0,252010.3823852539,58132.81896972656,93669.38995361328,0.3956298828125,33572028416,0,850391040,0
1,1762416541914,3300,3301,800,3307,3304,3533,3301,3300,22.22222328186035,0,0,0,0,0,0,0,252010.3833618164,58132.82336425781,93669.3911743164,0.3956298828125,33572028416,0,850391040,0
1,1762416541915,3300,3301,800,3307,3304,3533,3301,3300,22.22222328186035,0,0,0,0,0,0,0,252010.3843383789,58132.82781982422,93669.39251708984,0.3956298828125,33572028416,0,850391040,0
1,1762416541916,3300,3301,800,3307,3304,3533,3301,3300,22.22222328186035,0,0,0,0,0,0,0,252010.3862915039,58132.835876464844,93669.39361572266,0.3956298828125,33572028416,0,850391040,0
0,1762416541918,3300,3301,800,3307,3304,3533,3301,3300,22.22222328186035,0,0,0,0,0,0,0,252010.38732910156,58132.84033203125,93669.39514160156,0.3956298828125,33572028416,0,850391040,0
0,1762416541919,3300,3301,800,3307,3304,3533,3301,3300,22.22222328186035,0,0,0,0,0,0,0,252010.38830566406,58132.844665527344,93669.396484375,0.3956298828125,33572028416,0,850391040,0
0,1762416541920,3300,3301,800,3307,3304,3533,3301,3300,22.22222328186035,0,0,0,0,0,0,0,252010.38928222656,58132.84930419922,93669.39794921875,0.3956298828125,33572028416,0,850391040,0
1,1762416541921,3300,3301,800,3307,3304,3533,3301,3300,22.22222328186035,0,0,0,0,0,0,0,252010.39025878906,58132.85382080078,93669.39947509766,0.3956298828125,33572028416,0,850391040,0
1,1762416541922,3300,3301,800,3307,3304,3533,3301,3300,22.22222328186035,0,0,0,0,0,0,0,252010.39123535156,58132.8583984375,93669.40075683594,0.3956298828125,33572028416,0,850391040,0
1,1762416541923,3300,3301,800,3307,3304,3533,3301,3300,22.22222328186035,0,0,0,0,0,0,0,252010.39227294922,58132.862854003906,93669.40222167969,0.3956298828125,33572028416,0,850391040,0
1,1762416541924,3300,3301,800,3307,3304,3533,3301,3300,22.22222328186035,0,0,0,0,0,0,0,252010.39324951172,58132.867248535156,93669.40344238281,0.3956298828125,33572028416,0,850391040,0
1,1762416541925,3300,3301,800,3307,3304,3533,3301,3300,22.22222328186035,0,0,0,0,0,0,0,252010.39428710938,58132.871826171875,93669.40496826172,0.3956298828125,33572028416,0,850391040,0
1,1762416541926,3300,3301,800,3307,3304,3533,3301,3300,22.22222328186035,0,0,0,0,0,0,0,252010.39526367188,58132.87634277344,93669.40637207031,0.3956298828125,33572028416,0,850391040,0
1,1762416541927,3300,3301,800,3307,3304,3533,3301,3300,22.22222328186035,0,0,0,0,0,0,0,252010.39721679688,58132.884826660156,93669.40789794922,0.3956298828125,33572028416,0,850391040,0
0,1762416541928,3300,3301,800,3307,3304,3533,3301,3300,22.22222328186035,0,0,0,0,0,0,0,252010.39819335938,58132.889099121094,93669.40930175781,0.3956298828125,33572028416,0,850391040,0
0,1762416541930,3300,3301,800,3307,3304,3533,3301,3300,22.22222328186035,0,0,0,0,0,0,0,252010.39916992188,58132.8935546875,93669.41064453125,0.3956298828125,33572028416,0,850391040,0
0,1762416541931,3300,3301,800,3307,3304,3533,3301,3300,22.22222328186035,0,0,0,0,0,0,0,252010.40020751953,58132.898010253906,93669.41180419922,0.3956298828125,33572028416,0,850391040,0
1,1762416541932,3300,3301,800,3307,3304,3533,3301,3300,22.22222328186035,0,0,0,0,0,0,0,252010.40118408203,58132.90246582031,93669.41345214844,0.3956298828125,33572028416,0,850391040,0
1,1762416541933,3300,3301,800,3307,3304,3533,3301,3300,22.22222328186035,0,0,0,0,0,0,0,252010.40216064453,58132.90704345703,93669.41491699219,0.3956298828125,33572028416,0,850391040,0
1,1762416541934,3300,3301,800,3307,3304,3533,3301,3300,22.22222328186035,0,0,0,0,0,0,0,252010.4031982422,58132.911682128906,93669.41638183594,0.3956298828125,33572028416,0,850391040,0
1,1762416541935,3300,3301,800,3307,3304,3533,3301,3300,22.22222328186035,0,0,0,0,0,0,0,252010.4041748047,58132.91613769531,93669.41772460938,0.3956298828125,33572028416,0,850391040,0
1,1762416541936,3300,3301,800,3307,3304,3533,3301,3300,22.22222328186035,0,0,0,0,0,0,0,252010.4051513672,58132.92059326172,93669.41900634766,0.3956298828125,33572028416,0,850391040,0
1,1762416541937,3300,3301,800,3307,3304,3533,3301,3300,22.22222328186035,0,0,0,0,0,0,0,252010.4061279297,58132.92492675781,93669.4203491211,0.3956298828125,33572028416,0,850391040,0
1,1762416541938,3300,3301,800,3307,3304,3533,3301,3300,22.22222328186035,0,0,0,0,0,0,0,252010.4080810547,58132.933349609375,93669.42169189453,0.3956298828125,33572028416,0,850391040,0
0,1762416541939,3300,3301,800,3307,3304,3533,3301,3300,22.22222328186035,0,0,0,0,0,0,0,252010.4090576172,58132.937744140625,93669.42333984375,0.3956298828125,33572028416,0,850391040,0
0,1762416541941,3300,3301,800,3307,3304,3533,3301,3300,22.22222328186035,0,0,0,0,0,0,0,252010.41009521484,58132.942321777344,93669.42468261719,0.3956298828125,33572028416,0,850391040,0
0,1762416541942,3300,3301,800,3307,3304,3533,3301,3300,22.22222328186035,0,0,0,0,0,0,0,252010.41107177734,58132.94689941406,93669.42602539063,0.3956298828125,33572028416,0,850391040,0
1,1762416541943,3300,3301,800,3307,3304,3533,3301,3300,22.22222328186035,0,0,0,0,0,0,0,252010.41204833984,58132.95135498047,93669.42755126953,0.3956298828125,33572028416,0,850391040,0
1,1762416541944,3300,3301,800,3307,3304,3533,3301,3300,22.22222328186035,0,0,0,0,0,0,0,252010.4130859375,58132.955993652344,93669.42889404297,0.3956298828125,33572028416,0,850391040,0
1,1762416541945,3300,3301,800,3307,3304,3533,3301,3300,22.22222328186035,0,0,0,0,0,0,0,252010.4140625,58132.960388183594,93669.4301147461,0.3956298828125,33572028416,0,850391040,0
1,1762416541946,3300,3301,800,3307,3304,3533,3301,3300,22.22222328186035,0,0,0,0,0,0,0,252010.4150390625,58132.96472167969,93669.43139648438,0.3956298828125,33572028416,0,850391040,0
1,1762416541947,3300,3301,800,3307,3304,3533,3301,3300,22.22222328186035,0,0,0,0,0,0,0,252010.41607666016,58132.969299316406,93669.43286132813,0.3956298828125,33572028416,0,850391040,0
1,1762416541948,3300,3301,800,3307,3304,3533,3301,3300,22.22222328186035,0,0,0,0,0,0,0,252010.41705322266,58132.9736328125,93669.43432617188,0.3956298828125,33572028416,0,850391040,0
1,1762416541949,3300,3301,800,3307,3304,3533,3301,3300,22.22222328186035,0,0,0,0,0,0,0,252010.41900634766,58132.982360839844,93669.43566894531,0.3956298828125,33572028416,0,850391040,0
0,1762416541950,3300,3301,800,3307,3304,3533,3301,3300,22.22222328186035,0,0,0,0,0,0,0,252010.41998291016,58132.98651123047,93669.4370727539,0.3956298828125,33572028416,0,850391040,0
0,1762416541952,3300,3301,800,3307,3304,3533,3301,3300,22.22222328186035,0,0,0,0,0,0,0,252010.42095947266,58132.99090576172,93669.43853759766,0.3956298828125,33572028416,0,850391040,0
0,1762416541953,3300,3301,800,3307,3304,3533,3301,3300,22.22222328186035,0,0,0,0,0,0,0,252010.42193603516,58132.99523925781,93669.44012451172,0.3956298828125,33572028416,0,850391040,0
1,1762416541954,3300,3301,800,3307,3304,3533,3301,3300,22.22222328186035,0,0,0,0,0,0,0,252010.4229736328,58132.999938964844,93669.44165039063,0.3956298828125,33572028416,0,850391040,0
1,1762416541955,3300,3301,800,3307,3304,3533,3301,3300,22.22222328186035,0,0,0,0,0,0,0,252010.4239501953,58133.004455566406,93669.44311523438,0.3956298828125,33572028416,0,850391040,0
1,1762416541956,3300,3301,800,3307,3304,3533,3301,3300,22.22222328186035,0,0,0,0,0,0,0,252010.42498779297,58133.00927734375,93669.44464111328,0.3956298828125,33572028416,0,850391040,0
1,1762416541957,3300,3301,800,3307,3304,3533,3301,3300,22.22222328186035,0,0,0,0,0,0,0,252010.4259033203,58133.013671875,93669.4458618164,0.3956298828125,33572028416,0,850391040,0
1,1762416541958,3300,3301,800,3307,3304,3533,3301,3300,22.22222328186035,0,0,0,0,0,0,0,252010.42694091797,58133.018005371094,93669.44720458984,0.3956298828125,33572028416,0,850391040,0
1,1762416541959,3300,3301,800,3307,3304,3533,3301,3300,22.22222328186035,0,0,0,0,0,0,0,252010.42791748047,58133.022521972656,93669.44860839844,0.3956298828125,33572028416,0,850391040,0
1,1762416541960,3300,3301,800,3307,3304,3533,3301,3300,22.22222328186035,0,0,0,0,0,0,0,252010.42987060547,58133.03076171875,93669.4497680664,0.3956298828125,33572028416,0,850391040,0
0,1762416541962,3300,3301,800,3307,3304,3533,3301,3300,22.22222328186035,0,0,0,0,0,0,0,252010.43090820313,58133.035217285156,93669.45141601563,0.3956298828125,33572028416,0,850391040,0
0,1762416541963,3300,3301,800,3307,3304,3533,3301,3300,22.22222328186035,0,0,0,0,0,0,0,252010.43188476563,58133.03973388672,93669.45294189453,0.3956298828125,33572028416,0,850391040,0
0,1762416541964,3300,3301,800,3307,3304,3533,3301,3300,22.22222328186035,0,0,0,0,0,0,0,252010.43286132813,58133.044189453125,93669.45416259766,0.3956298828125,33572028416,0,850391040,0
1,1762416541965,3300,3301,800,3307,3304,3533,3301,3300,22.22222328186035,0,0,0,0,0,0,0,252010.43383789063,58133.048828125,93669.4556274414,0.3956298828125,33572028416,0,850391040,0
1,1762416541966,3300,3301,800,3307,3304,3533,3301,3300,22.22222328186035,0,0,0,0,0,0,0,252010.43481445313,58133.053283691406,93669.45697021484,0.3956298828125,33572028416,0,850391040,0
1,1762416541967,3300,3301,800,3307,3304,3533,3301,3300,22.22222328186035,0,0,0,0,0,0,0,252010.43585205078,58133.057678222656,93669.45831298828,0.3956298828125,33572028416,0,850391040,0
1,1762416541968,3300,3301,800,3307,3304,3533,3301,3300,22.22222328186035,0,0,0,0,0,0,0,252010.43682861328,58133.06213378906,93669.45959472656,0.3956298828125,33572028416,0,850391040,0
1,1762416541969,3300,3301,800,3307,3304,3533,3301,3300,22.22222328186035,0,0,0,0,0,0,0,252010.43780517578,58133.06658935547,93669.46118164063,0.3956298828125,33572028416,0,850391040,0
1,1762416541970,3300,3301,800,3307,3304,3533,3301,3300,22.22222328186035,0,0,0,0,0,0,0,252010.43884277344,58133.07116699219,93669.46252441406,0.3956298828125,33572028416,0,850391040,0
1,1762416541971,3300,3301,800,3307,3304,3533,3301,3300,22.22222328186035,0,0,0,0,0,0,0,252010.44079589844,58133.079650878906,93669.46411132813,0.3956298828125,33572028416,0,850391040,0
0,1762416541972,3300,3301,800,3307,3304,3533,3301,3300,22.22222328186035,0,0,0,0,0,0,0,252010.44177246094,58133.083923339844,93669.4652709961,0.3956298828125,33572028416,0,850391040,0
0,1762416541974,3300,3301,800,3307,3304,3533,3301,3300,22.22222328186035,0,0,0,0,0,0,0,252010.44274902344,58133.08819580078,93669.46661376953,0.3956298828125,33572028416,0,850391040,0
0,1762416541975,3300,3301,800,3307,3304,3533,3301,3300,22.22222328186035,0,0,0,0,0,0,0,252010.4437866211,58133.092834472656,93669.46813964844,0.3956298828125,33572028416,0,850391040,0
1,1762416541976,3300,3301,800,3307,3304,3533,3301,3300,22.22222328186035,0,0,0,0,0,0,0,252010.4447631836,58133.09729003906,93669.4697265625,0.3956298828125,33572028416,0,850391040,0
1,1762416541977,3300,3301,800,3307,3304,3533,3301,3300,22.22222328186035,0,0,0,0,0,0,0,252010.4457397461,58133.10205078125,93669.4711303711,0.3956298828125,33572028416,0,850391040,0
1,1762416541978,3300,3301,800,3307,3304,3533,3301,3300,22.22222328186035,0,0,0,0,0,0,0,252010.44677734375,58133.10656738281,93669.47253417969,0.3956298828125,33572028416,0,850391040,0
1,1762416541979,3300,3301,800,3307,3304,3533,3301,3300,22.22222328186035,0,0,0,0,0,0,0,252010.44775390625,58133.11096191406,93669.47381591797,0.3956298828125,33572028416,0,850391040,0
1,1762416541980,3300,3301,800,3307,3304,3533,3301,3300,22.22222328186035,0,0,0,0,0,0,0,252010.44873046875,58133.115478515625,93669.4751586914,0.3956298828125,33572028416,0,850391040,0
1,1762416541981,3300,3301,800,3307,3304,3533,3301,3300,22.22222328186035,0,0,0,0,0,0,0,252010.44970703125,58133.11981201172,93669.47644042969,0.3956298828125,33572028416,0,850391040,0
1,1762416541982,3300,3301,800,3307,3304,3533,3301,3300,22.22222328186035,0,0,0,0,0,0,0,252010.45166015625,58133.12823486328,93669.4779663086,0.3956298828125,33572028416,0,850391040,0
0,1762416541983,3300,3301,800,3307,3304,3533,3301,3300,22.22222328186035,0,0,0,0,0,0,0,252010.4526977539,58133.13269042969,93669.47955322266,0.3956298828125,33572028416,0,850391040,0
0,1762416541985,3300,3301,800,3307,3304,3533,3301,3300,22.22222328186035,0,0,0,0,0,0,0,252010.4536743164,58133.13702392578,93669.48083496094,0.3956298828125,33572028416,0,850391040,0
0,1762416541986,3300,3301,800,3307,3304,3533,3301,3300,22.22222328186035,0,0,0,0,0,0,0,252010.4546508789,58133.1416015625,93669.48211669922,0.3956298828125,33572028416,0,850391040,0
1,1762416541987,3300,3301,800,3307,3304,3533,3301,3300,22.22222328186035,0,0,0,0,0,0,0,252010.4556274414,58133.145935058594,93669.48345947266,0.3956298828125,33572028416,0,850391040,0
1,1762416541988,3300,3301,800,3307,3304,3533,3301,3300,22.22222328186035,0,0,0,0,0,0,0,252010.45666503906,58133.150451660156,93669.48474121094,0.3956298828125,33572028416,0,850391040,0
1,1762416541989,3300,3301,800,3307,3304,3533,3301,3300,22.22222328186035,0,0,0,0,0,0,0,252010.45764160156,58133.15478515625,93669.48602294922,0.3956298828125,33572028416,0,850391040,0
1,1762416541990,3300,3301,800,3307,3304,3533,3301,3300,22.22222328186035,0,0,0,0,0,0,0,252010.45861816406,58133.1591796875,93669.48724365234,0.3956298828125,33572028416,0,850391040,0
1,1762416541991,3300,3301,800,3307,3304,3533,3301,3300,22.22222328186035,0,0,0,0,0,0,0,252010.45959472656,58133.16345214844,93669.4888305664,0.3956298828125,33572028416,0,850391040,0
1,1762416541992,3300,3301,800,3307,3304,3533,3301,3300,22.22222328186035,0,0,0,0,0,0,0,252010.46057128906,58133.16796875,93669.49029541016,0.3956298828125,33572028416,0,850391040,0
1,1762416541993,3300,3301,800,3307,3304,3533,3301,3300,22.22222328186035,0,0,0,0,0,0,0,252010.46258544922,58133.1767578125,93669.49169921875,0.3956298828125,33572028416,0,850391040,0
0,1762416541994,3300,3301,800,3307,3304,3533,3301,3300,22.22222328186035,0,0,0,0,0,0,0,252010.46356201172,58133.181091308594,93669.49322509766,0.3956298828125,33572028416,0,850391040,0
0,1762416541996,3300,3301,800,3307,3304,3533,3301,3300,22.22222328186035,0,0,0,0,0,0,0,252010.46453857422,58133.185302734375,93669.49462890625,0.3956298828125,33572028416,0,850391040,0
0,1762416541997,3300,3301,800,3307,3304,3533,3301,3300,22.22222328186035,0,0,0,0,0,0,0,252010.46551513672,58133.190002441406,93669.49627685547,0.3956298828125,33572028416,0,850391040,0
0,1762416541998,3300,3301,800,3307,3304,3533,3301,3300,22.22222328186035,0,0,0,0,0,0,0,252010.46655273438,58133.19451904297,93669.49774169922,0.3956298828125,33572028416,0,850391040,0
1,1762416541999,3300,3301,800,3307,3304,3533,3301,3300,22.22222328186035,0,0,0,0,0,0,0,252010.46752929688,58133.19921875,93669.4990234375,0.3956298828125,33572028416,0,850391040,0
1,1762416542000,3300,3301,800,3307,3304,3533,3301,3300,22.22222328186035,0,0,0,0,0,0,0,252010.46850585938,58133.203552246094,93669.50048828125,0.3956298828125,33572028416,0,850391040,0
1,1762416542001,3300,3301,800,3307,3304,3533,3301,3300,22.22222328186035,0,0,0,0,0,0,0,252010.46948242188,58133.2080078125,93669.50177001953,0.3956298828125,33572028416,0,850391040,0
1,1762416542002,3300,3301,800,3307,3304,3533,3301,3300,22.22222328186035,0,0,0,0,0,0,0,252010.47052001953,58133.212463378906,93669.50317382813,0.3956298828125,33572028416,0,850391040,0
1,1762416542003,3300,3301,800,3307,3304,3533,3301,3300,22.22222328186035,0,0,0,0,0,0,0,252010.47149658203,58133.217041015625,93669.50463867188,0.3956298828125,33572028416,0,850391040,0
1,1762416542004,3300,3301,800,3307,3304,3533,3301,3300,22.22222328186035,0,0,0,0,0,0,0,252010.47344970703,58133.22546386719,93669.50598144531,0.3956298828125,33572028416,0,850391040,0
0,1762416542005,3300,3301,800,3307,3304,3533,3301,3300,22.22222328186035,0,0,0,0,0,0,0,252010.4744873047,58133.22998046875,93669.50744628906,0.3956298828125,33572028416,0,850391040,0
0,1762416542007,3300,3301,800,3307,3304,3533,3301,3300,22.22222328186035,0,0,0,0,0,0,0,252010.4754638672,58133.23425292969,93669.50891113281,0.3956298828125,33572028416,0,850391040,0
0,1762416542008,3300,3301,800,3307,3304,3533,3301,3300,22.22222328186035,0,0,0,0,0,0,0,252010.4764404297,58133.23876953125,93669.51013183594,0.3956298828125,33572028416,0,850391040,0
1,1762416542009,3300,3301,800,3307,3304,3533,3301,3300,22.22222328186035,0,0,0,0,0,0,0,252010.4774169922,58133.2431640625,93669.51141357422,0.3956298828125,33572028416,0,850391040,0
1,1762416542010,3300,3301,800,3307,3304,3533,3301,3300,22.22222328186035,0,0,0,0,0,0,0,252010.4783935547,58133.24755859375,93669.5126953125,0.3956298828125,33572028416,0,850391040,0
1,1762416542011,3300,3301,800,3307,3304,3533,3301,3300,22.22222328186035,0,0,0,0,0,0,0,252010.47943115234,58133.251892089844,93669.51397705078,0.3956298828125,33572028416,0,850391040,0
1,1762416542012,3300,3301,800,3307,3304,3533,3301,3300,22.22222328186035,0,0,0,0,0,0,0,252010.48040771484,58133.256286621094,93669.51538085938,0.3956298828125,33572028416,0,850391040,0
1,1762416542013,3300,3301,800,3307,3304,3533,3301,3300,22.22222328186035,0,0,0,0,0,0,0,252010.48138427734,58133.260803222656,93669.51684570313,0.3956298828125,33572028416,0,850391040,0
1,1762416542014,3300,3301,800,3307,3304,3533,3301,3300,22.22222328186035,0,0,0,0,0,0,0,252010.48236083984,58133.26513671875,93669.51861572266,0.3956298828125,33572028416,0,850391040,0
1,1762416542015,3300,3301,800,3307,3304,3533,3301,3300,22.22222328186035,0,0,0,0,0,0,0,252010.484375,58133.27453613281,93669.52044677734,0.3956298828125,33572028416,0,850391040,0
0,1762416542016,3300,3301,800,3307,3304,3533,3301,3300,22.22222328186035,0,0,0,0,0,0,0,252010.4853515625,58133.279052734375,93669.52197265625,0.3956298828125,33572028416,0,850391040,0
0,1762416542018,3300,3301,800,3307,3304,3533,3301,3300,22.22222328186035,0,0,0,0,0,0,0,252010.486328125,58133.28332519531,93669.5234375,0.3956298828125,33572028416,0,850391040,0
0,1762416542019,3300,3301,800,3307,3304,3533,3301,3300,22.22222328186035,0,0,0,0,0,0,0,252010.48736572266,58133.28790283203,93669.5248413086,0.3956298828125,33572028416,0,850391040,0
1,1762416542020,3300,3301,800,3307,3304,3533,3301,3300,22.22222328186035,0,0,0,0,0,0,0,252010.48834228516,58133.292419433594,93669.52624511719,0.3956298828125,33572028416,0,850391040,0
1,1762416542021,3300,3301,800,3307,3304,3533,3301,3300,22.22222328186035,0,0,0,0,0,0,0,252010.48931884766,58133.29705810547,93669.52764892578,0.3956298828125,33572028416,0,850391040,0
1,1762416542022,3300,3301,800,3307,3304,3533,3301,3300,22.22222328186035,0,0,0,0,0,0,0,252010.4903564453,58133.301513671875,93669.52899169922,0.3956298828125,33572028416,0,850460672,0
1,1762416542023,3300,3301,800,3307,3304,3533,3301,3300,22.22222328186035,0,0,0,0,0,0,0,252010.4913330078,58133.30596923828,93669.53015136719,0.3956298828125,33572028416,0,850460672,0
1,1762416542024,3300,3301,800,3307,3304,3533,3301,3300,22.22222328186035,0,0,0,0,0,0,0,252010.4923095703,58133.310302734375,93669.5317993164,0.3956298828125,33572028416,0,850460672,0
1,1762416542025,3300,3301,800,3307,3304,3533,3301,3300,22.22222328186035,0,0,0,0,0,0,0,252010.4932861328,58133.314880371094,93669.53344726563,0.3956298828125,33572028416,0,850460672,0
1,1762416542026,3300,3301,800,3307,3304,3533,3301,3300,22.22222328186035,0,0,0,0,0,0,0,252010.49432373047,58133.31970214844,93669.53515625,0.3956298828125,33572028416,0,850460672,0
0,1762416542027,3300,3301,800,3307,3304,3533,3301,3300,22.22222328186035,0,0,0,0,0,0,0,252010.49627685547,58133.32824707031,93669.5366821289,0.3956298828125,33572028416,0,850460672,0
0,1762416542029,3300,3301,800,3307,3304,3533,3301,3300,22.22222328186035,0,0,0,0,0,0,0,252010.49725341797,58133.332763671875,93669.53790283203,0.3956298828125,33572028416,0,850460672,0
0,1762416542030,3300,3301,800,3307,3304,3533,3301,3300,22.22222328186035,0,0,0,0,0,0,0,252010.49822998047,58133.33703613281,93669.5390625,0.3956298828125,33572028416,0,850460672,0
1,1762416542031,3300,3301,800,3307,3304,3533,3301,3300,22.22222328186035,0,0,0,0,0,0,0,252010.49920654297,58133.341247558594,93669.54022216797,0.3956298828125,33572028416,0,850460672,0
1,1762416542032,3300,3301,800,3307,3304,3533,3301,3300,22.22222328186035,0,0,0,0,0,0,0,252010.50024414063,58133.345764160156,93669.54162597656,0.3956298828125,33572028416,0,850460672,0
1,1762416542033,3300,3301,800,3307,3304,3533,3301,3300,22.22222328186035,0,0,0,0,0,0,0,252010.50122070313,58133.35009765625,93669.54278564453,0.3956298828125,33572028416,0,850460672,0
1,1762416542034,3300,3301,800,3307,3304,3533,3301,3300,22.22222328186035,0,0,0,0,0,0,0,252010.50219726563,58133.3544921875,93669.5443725586,0.3956298828125,33572028416,0,850460672,0
1,1762416542035,3300,3301,800,3307,3304,3533,3301,3300,22.22222328186035,0,0,0,0,0,0,0,252010.50323486328,58133.35906982422,93669.54583740234,0.3956298828125,33572028416,0,850460672,0
1,1762416542036,3300,3301,800,3307,3304,3533,3301,3300,22.22222328186035,0,0,0,0,0,0,0,252010.50421142578,58133.36346435547,93669.54711914063,0.3956298828125,33572028416,0,850460672,0
1,1762416542037,3300,3301,800,3307,3304,3533,3301,3300,22.22222328186035,0,0,0,0,0,0,0,252010.50616455078,58133.37188720703,93669.5482788086,0.3956298828125,33572028416,0,850460672,0
0,1762416542038,3300,3301,800,3307,3304,3533,3301,3300,22.22222328186035,0,0,0,0,0,0,0,252010.50714111328,58133.37628173828,93669.54992675781,0.3956298828125,33572028416,0,850460672,0
0,1762416542040,3300,3301,800,3307,3304,3533,3301,3300,22.22222328186035,0,0,0,0,0,0,0,252010.50817871094,58133.38073730469,93669.55145263672,0.3956298828125,33572028416,0,850460672,0
0,1762416542041,3300,3301,800,3307,3304,3533,3301,3300,22.22222328186035,0,0,0,0,0,0,0,252010.50915527344,58133.38513183594,93669.552734375,0.3956298828125,33572028416,0,850460672,0
1,1762416542042,3300,3301,800,3307,3304,3533,3301,3300,22.22222328186035,0,0,0,0,0,0,0,252010.51013183594,58133.3896484375,93669.5541381836,0.3956298828125,33572028416,0,850460672,0
1,1762416542043,3300,3301,800,3307,3304,3533,3301,3300,22.22222328186035,0,0,0,0,0,0,0,252010.5111694336,58133.39422607422,93669.55548095703,0.3956298828125,33572028416,0,850460672,0
1,1762416542044,3300,3301,800,3307,3304,3533,3301,3300,22.22222328186035,0,0,0,0,0,0,0,252010.51208496094,58133.39862060547,93669.55688476563,0.3956298828125,33572028416,0,850460672,0
1,1762416542045,3300,3301,800,3307,3304,3533,3301,3300,22.22222328186035,0,0,0,0,0,0,0,252010.5131225586,58133.403076171875,93669.55798339844,0.3956298828125,33572028416,0,850460672,0
1,1762416542046,3300,3301,800,3307,3304,3533,3301,3300,22.22222328186035,0,0,0,0,0,0,0,252010.5140991211,58133.40753173828,93669.5595703125,0.3956298828125,33572028416,0,850460672,0
1,1762416542047,3300,3301,800,3307,3304,3533,3301,3300,22.22222328186035,0,0,0,0,0,0,0,252010.5150756836,58133.41180419922,93669.56091308594,0.3956298828125,33572028416,0,850460672,0
1,1762416542048,3300,3301,800,3307,3304,3533,3301,3300,22.22222328186035,0,0,0,0,0,0,0,252010.51708984375,58133.42053222656,93669.56243896484,0.3956298828125,33572028416,0,850460672,0
0,1762416542049,3300,3301,800,3307,3304,3533,3301,3300,22.22222328186035,0,0,0,0,0,0,0,252010.51806640625,58133.42468261719,93669.56359863281,0.3956298828125,33572028416,0,850460672,0
0,1762416542051,3300,3301,800,3307,3304,3533,3301,3300,22.22222328186035,0,0,0,0,0,0,0,252010.51904296875,58133.42889404297,93669.5648803711,0.3956298828125,33572028416,0,850460672,0
0,1762416542052,3300,3301,800,3307,3304,3533,3301,3300,22.22222328186035,0,0,0,0,0,0,0,252010.52001953125,58133.43341064453,93669.56616210938,0.3956298828125,33572028416,0,850460672,0
1,1762416542053,3300,3301,800,3307,3304,3533,3301,3300,22.22222328186035,0,0,0,0,0,0,0,252010.52099609375,58133.43762207031,93669.56732177734,0.3956298828125,33572028416,0,850460672,0
1,1762416542054,3300,3301,800,3307,3304,3533,3301,3300,22.22222328186035,0,0,0,0,0,0,0,252010.5220336914,58133.44226074219,93669.56884765625,0.3956298828125,33572028416,0,850460672,0
1,1762416542055,3300,3301,800,3307,3304,3533,3301,3300,22.22222328186035,0,0,0,0,0,0,0,252010.5230102539,58133.446716308594,93669.57006835938,0.3956298828125,33572028416,0,850460672,0
1,1762416542056,3300,3301,800,3307,3304,3533,3301,3300,22.22222328186035,0,0,0,0,0,0,0,252010.5239868164,58133.451171875,93669.5717163086,0.3956298828125,33572028416,0,850460672,0
1,1762416542057,3300,3301,800,3307,3304,3533,3301,3300,22.22222328186035,0,0,0,0,0,0,0,252010.5249633789,58133.45574951172,93669.57330322266,0.3956298828125,33572028416,0,850460672,0
1,1762416542058,3300,3301,800,3307,3304,3533,3301,3300,22.22222328186035,0,0,0,0,0,0,0,252010.5259399414,58133.46014404297,93669.57458496094,0.3956298828125,33572028416,0,850460672,0
1,1762416542059,3300,3301,800,3307,3304,3533,3301,3300,22.22222328186035,0,0,0,0,0,0,0,252010.52795410156,58133.468811035156,93669.57611083984,0.3956298828125,33572028416,0,850460672,0
0,1762416542060,3300,3301,800,3307,3304,3533,3301,3300,22.22222328186035,0,0,0,0,0,0,0,252010.52899169922,58133.47326660156,93669.5775756836,0.3956298828125,33572028416,0,850460672,0
0,1762416542062,3300,3301,800,3307,3304,3533,3301,3300,22.22222328186035,0,0,0,0,0,0,0,252010.52990722656,58133.4775390625,93669.57897949219,0.3956298828125,33572028416,0,850460672,0
0,1762416542063,3300,3301,800,3307,3304,3533,3301,3300,22.22222328186035,0,0,0,0,0,0,0,252010.53094482422,58133.481994628906,93669.58032226563,0.3956298828125,33572028416,0,850460672,0
1,1762416542064,3300,3301,800,3307,3304,3533,3301,3300,22.22222328186035,0,0,0,0,0,0,0,252010.53192138672,58133.486389160156,93669.58166503906,0.3956298828125,33572028416,0,850460672,0
1,1762416542065,3300,3301,800,3307,3304,3533,3301,3300,22.22222328186035,0,0,0,0,0,0,0,252010.53289794922,58133.49102783203,93669.5830078125,0.3956298828125,33572028416,0,850460672,0
1,1762416542066,3300,3301,800,3307,3304,3533,3301,3300,22.22222328186035,0,0,0,0,0,0,0,252010.53393554688,58133.495361328125,93669.58422851563,0.3956298828125,33572028416,0,850460672,0
1,1762416542067,3300,3301,800,3307,3304,3533,3301,3300,22.22222328186035,0,0,0,0,0,0,0,252010.53491210938,58133.49981689453,93669.58557128906,0.3956298828125,33572028416,0,850460672,0
1,1762416542068,3300,3301,800,3307,3304,3533,3301,3300,22.22222328186035,0,0,0,0,0,0,0,252010.53588867188,58133.50439453125,93669.58721923828,0.3956298828125,33572028416,0,850460672,0
1,1762416542069,3300,3301,800,3307,3304,3533,3301,3300,22.22222328186035,0,0,0,0,0,0,0,252010.53686523438,58133.508850097656,93669.58862304688,0.3956298828125,33572028416,0,850460672,0
1,1762416542070,3300,3301,800,3307,3304,3533,3301,3300,21.052631378173828,0,0,0,0,0,0,0,252010.53887939453,58133.51745605469,93669.59002685547,0.3956298828125,33572028416,0,850460672,0
0,1762416542072,3300,3301,800,3307,3304,3533,3301,3300,21.052631378173828,0,0,0,0,0,0,0,252010.53985595703,58133.52185058594,93669.59155273438,0.3956298828125,33572028416,0,850460672,0
0,1762416542073,3300,3301,800,3307,3304,3533,3301,3300,21.052631378173828,0,0,0,0,0,0,0,252010.54083251953,58133.52600097656,93669.59265136719,0.3956298828125,33572028416,0,850460672,0
0,1762416542074,3300,3301,800,3307,3304,3533,3301,3300,21.052631378173828,0,0,0,0,0,0,0,252010.54180908203,58133.53045654297,93669.59393310547,0.3956298828125,33572028416,0,850460672,0
1,1762416542075,3300,3301,800,3307,3304,3533,3301,3300,21.052631378173828,0,0,0,0,0,0,0,252010.5428466797,58133.53485107422,93669.5951538086,0.3956298828125,33572028416,0,850460672,0
1,1762416542076,3300,3301,800,3307,3304,3533,3301,3300,21.052631378173828,0,0,0,0,0,0,0,252010.5438232422,58133.53918457031,93669.59655761719,0.3956298828125,33572028416,0,850460672,0
1,1762416542077,3300,3301,800,3307,3304,3533,3301,3300,21.052631378173828,0,0,0,0,0,0,0,252010.5447998047,58133.54357910156,93669.59802246094,0.3956298828125,33572028416,0,850460672,0
1,1762416542078,3300,3301,800,3307,3304,3533,3301,3300,21.052631378173828,0,0,0,0,0,0,0,252010.5457763672,58133.54797363281,93669.59912109375,0.3956298828125,33572028416,0,850460672,0
1,1762416542079,3300,3301,800,3307,3304,3533,3301,3300,21.052631378173828,0,0,0,0,0,0,0,252010.5467529297,58133.55242919922,93669.60070800781,0.3956298828125,33572028416,0,850460672,0
1,1762416542080,3300,3301,800,3307,3304,3533,3301,3300,21.052631378173828,0,0,0,0,0,0,0,252010.5477294922,58133.55682373047,93669.60205078125,0.3956298828125,33572028416,0,850460672,0
1,1762416542081,3300,3301,800,3307,3304,3533,3301,3300,21.052631378173828,0,0,0,0,0,0,0,252010.54876708984,58133.561279296875,93669.60345458984,0.3956298828125,33572028416,0,850460672,0
0,1762416542082,3300,3301,800,3307,3304,3533,3301,3300,21.052631378173828,0,0,0,0,0,0,0,252010.55072021484,58133.56982421875,93669.6049194336,0.3956298828125,33572028416,0,850460672,0
0,1762416542084,3300,3301,800,3307,3304,3533,3301,3300,21.052631378173828,0,0,0,0,0,0,0,252010.55169677734,58133.574279785156,93669.6064453125,0.3956298828125,33572028416,0,850460672,0
0,1762416542085,3300,3301,800,3307,3304,3533,3301,3300,21.052631378173828,0,0,0,0,0,0,0,252010.552734375,58133.57873535156,93669.60760498047,0.3956298828125,33572028416,0,850460672,0
1,1762416542086,3300,3301,800,3307,3304,3533,3301,3300,21.052631378173828,0,0,0,0,0,0,0,252010.5537109375,58133.58312988281,93669.60913085938,0.3956298828125,33572028416,0,850460672,0
1,1762416542087,3300,3301,800,3307,3304,3533,3301,3300,21.052631378173828,0,0,0,0,0,0,0,252010.5546875,58133.587646484375,93669.6103515625,0.3956298828125,33572028416,0,850460672,0
1,1762416542088,3300,3301,800,3307,3304,3533,3301,3300,21.052631378173828,0,0,0,0,0,0,0,252010.55572509766,58133.592041015625,93669.61163330078,0.3956298828125,33572028416,0,850460672,0
1,1762416542089,3300,3301,800,3307,3304,3533,3301,3300,21.052631378173828,0,0,0,0,0,0,0,252010.55670166016,58133.596435546875,93669.61291503906,0.3956298828125,33572028416,0,850460672,0
1,1762416542090,3300,3301,800,3307,3304,3533,3301,3300,21.052631378173828,0,0,0,0,0,0,0,252010.55767822266,58133.600830078125,93669.61444091797,0.3956298828125,33572028416,0,850460672,0
1,1762416542091,3300,3301,800,3307,3304,3533,3301,3300,21.052631378173828,0,0,0,0,0,0,0,252010.55865478516,58133.605224609375,93669.6157836914,0.3956298828125,33572028416,0,850460672,0
1,1762416542092,3300,3301,800,3307,3304,3533,3301,3300,21.052631378173828,0,0,0,0,0,0,0,252010.56060791016,58133.61376953125,93669.6171875,0.3956298828125,33572028416,0,850460672,0
0,1762416542093,3300,3301,800,3307,3304,3533,3301,3300,21.052631378173828,0,0,0,0,0,0,0,252010.5616455078,58133.61798095703,93669.61846923828,0.3956298828125,33572028416,0,850460672,0
0,1762416542095,3300,3301,800,3307,3304,3533,3301,3300,21.052631378173828,0,0,0,0,0,0,0,252010.5626220703,58133.62237548828,93669.61962890625,0.3956298828125,33572028416,0,850460672,0
0,1762416542096,3300,3301,800,3307,3304,3533,3301,3300,21.052631378173828,0,0,0,0,0,0,0,252010.5635986328,58133.62664794922,93669.62091064453,0.3956298828125,33572028416,0,850460672,0
1,1762416542097,3300,3301,800,3307,3304,3533,3301,3300,21.052631378173828,0,0,0,0,0,0,0,252010.56463623047,58133.631103515625,93669.62219238281,0.3956298828125,33572028416,0,850460672,0
1,1762416542098,3300,3301,800,3307,3304,3533,3301,3300,21.052631378173828,0,0,0,0,0,0,0,252010.56561279297,58133.635314941406,93669.62341308594,0.3956298828125,33572028416,0,850460672,0
1,1762416542099,3300,3301,800,3307,3304,3533,3301,3300,21.052631378173828,0,0,0,0,0,0,0,252010.56658935547,58133.6396484375,93669.62481689453,0.3956298828125,33572028416,0,850460672,0
1,1762416542100,3300,3301,800,3307,3304,3533,3301,3300,21.052631378173828,0,0,0,0,0,0,0,252010.56756591797,58133.64416503906,93669.62603759766,0.3956298828125,33572028416,0,850460672,0
1,1762416542101,3300,3301,800,3307,3304,3533,3301,3300,21.052631378173828,0,0,0,0,0,0,0,252010.56860351563,58133.648681640625,93669.62756347656,0.3956298828125,33572028416,0,850460672,0
1,1762416542102,3300,3301,800,3307,3304,3533,3301,3300,21.052631378173828,0,0,0,0,0,0,0,252010.56951904297,58133.65301513672,93669.62890625,0.3956298828125,33572028416,0,850460672,0
1,1762416542103,3300,3301,800,3307,3304,3533,3301,3300,21.052631378173828,0,0,0,0,0,0,0,252010.57153320313,58133.66174316406,93669.63024902344,0.3956298828125,33572028416,0,850460672,0
0,1762416542104,3300,3301,800,3307,3304,3533,3301,3300,21.052631378173828,0,0,0,0,0,0,0,252010.57250976563,58133.66583251953,93669.6318359375,0.3956298828125,33572028416,0,850460672,0
0,1762416542106,3300,3301,800,3307,3304,3533,3301,3300,21.052631378173828,0,0,0,0,0,0,0,252010.57354736328,58133.67028808594,93669.63305664063,0.3956298828125,33572028416,0,850460672,0
0,1762416542107,3300,3301,800,3307,3304,3533,3301,3300,21.052631378173828,0,0,0,0,0,0,0,252010.57452392578,58133.67468261719,93669.6343383789,0.3956298828125,33572028416,0,850460672,0
1,1762416542108,3300,3301,800,3307,3304,3533,3301,3300,21.052631378173828,0,0,0,0,0,0,0,252010.57550048828,58133.67907714844,93669.63562011719,0.3956298828125,33572028416,0,850460672,0
1,1762416542109,3300,3301,800,3307,3304,3533,3301,3300,21.052631378173828,0,0,0,0,0,0,0,252010.57647705078,58133.68347167969,93669.63690185547,0.3956298828125,33572028416,0,850460672,0
1,1762416542110,3300,3301,800,3307,3304,3533,3301,3300,21.052631378173828,0,0,0,0,0,0,0,252010.57745361328,58133.68780517578,93669.63818359375,0.3956298828125,33572028416,0,850460672,0
1,1762416542111,3300,3301,800,3307,3304,3533,3301,3300,21.052631378173828,0,0,0,0,0,0,0,252010.57849121094,58133.69226074219,93669.6396484375,0.3956298828125,33572028416,0,850460672,0
1,1762416542112,3300,3301,800,3307,3304,3533,3301,3300,21.052631378173828,0,0,0,0,0,0,0,252010.57946777344,58133.69689941406,93669.6410522461,0.3956298828125,33572028416,0,850460672,0
1,1762416542113,3300,3301,800,3307,3304,3533,3301,3300,21.052631378173828,0,0,0,0,0,0,0,252010.58044433594,58133.701232910156,93669.64251708984,0.3956298828125,33572028416,0,850460672,0
1,1762416542114,3300,3301,800,3307,3304,3533,3301,3300,21.052631378173828,0,0,0,0,0,0,0,252010.58239746094,58133.70977783203,93669.6439819336,0.3956298828125,33572028416,0,850460672,0
0,1762416542115,3300,3301,800,3307,3304,3533,3301,3300,21.052631378173828,0,0,0,0,0,0,0,252010.5834350586,58133.71405029297,93669.64526367188,0.3956298828125,33572028416,0,850460672,0
0,1762416542117,3300,3301,800,3307,3304,3533,3301,3300,21.052631378173828,0,0,0,0,0,0,0,252010.5844116211,58133.71844482422,93669.64636230469,0.3956298828125,33572028416,0,850460672,0
0,1762416542118,3300,3301,800,3307,3304,3533,3301,3300,21.052631378173828,0,0,0,0,0,0,0,252010.5853881836,58133.72277832031,93669.6478881836,0.3956298828125,33572028416,0,850460672,0
1,1762416542119,3300,3301,800,3307,3304,3533,3301,3300,21.052631378173828,0,0,0,0,0,0,0,252010.5863647461,58133.72717285156,93669.6494140625,0.3956298828125,33572028416,0,850460672,0
1,1762416542120,3300,3301,800,3307,3304,3533,3301,3300,21.052631378173828,0,0,0,0,0,0,0,252010.58740234375,58133.73175048828,93669.65063476563,0.3956298828125,33572028416,0,850460672,0
1,1762416542121,3300,3301,800,3307,3304,3533,3301,3300,21.052631378173828,0,0,0,0,0,0,0,252010.58837890625,58133.73620605469,93669.65203857422,0.3956298828125,33572028416,0,850460672,0
1,1762416542122,3300,3301,800,3307,3304,3533,3301,3300,21.052631378173828,0,0,0,0,0,0,0,252010.58935546875,58133.740661621094,93669.65325927734,0.3956298828125,33572028416,0,850460672,0
1,1762416542123,3300,3301,800,3307,3304,3533,3301,3300,21.052631378173828,0,0,0,0,0,0,0,252010.59033203125,58133.7451171875,93669.65466308594,0.3956298828125,33572028416,0,850460672,0
1,1762416542124,3300,3301,800,3307,3304,3533,3301,3300,21.052631378173828,0,0,0,0,0,0,0,252010.5913696289,58133.749572753906,93669.65600585938,0.3956298828125,33572028416,0,850460672,0
1,1762416542125,3300,3301,800,3307,3304,3533,3301,3300,21.052631378173828,0,0,0,0,0,0,0,252010.59338378906,58133.753967285156,93669.65753173828,0.3956298828125,33572028416,0,850460672,0
0,1762416542126,3300,3301,800,3307,3304,3533,3301,3300,21.052631378173828,0,0,0,0,0,0,0,252010.5942993164,58133.76220703125,93669.65887451172,0.3956298828125,33572028416,0,850460672,0
0,1762416542128,3300,3301,800,3307,3304,3533,3301,3300,21.052631378173828,0,0,0,0,0,0,0,252010.5952758789,58133.76672363281,93669.66027832031,0.3956298828125,33572028416,0,850460672,0
0,1762416542129,3300,3301,800,3307,3304,3533,3301,3300,21.052631378173828,0,0,0,0,0,0,0,252010.59631347656,58133.771240234375,93669.66149902344,0.3956298828125,33572028416,0,850460672,0
1,1762416542130,3300,3301,800,3307,3304,3533,3301,3300,21.052631378173828,0,0,0,0,0,0,0,252010.59729003906,58133.77551269531,93669.66284179688,0.3956298828125,33572028416,0,850460672,0
1,1762416542131,3300,3301,800,3307,3304,3533,3301,3300,21.052631378173828,0,0,0,0,0,0,0,252010.59832763672,58133.78009033203,93669.66412353516,0.3956298828125,33572028416,0,850460672,0
1,1762416542132,3300,3301,800,3307,3304,3533,3301,3300,21.052631378173828,0,0,0,0,0,0,0,252010.59924316406,58133.78430175781,93669.66540527344,0.3956298828125,33572028416,0,850460672,0
1,1762416542133,3300,3301,800,3307,3304,3533,3301,3300,21.052631378173828,0,0,0,0,0,0,0,252010.60028076172,58133.788818359375,93669.66687011719,0.3956298828125,33572028416,0,850460672,0
1,1762416542134,3300,3301,800,3307,3304,3533,3301,3300,21.052631378173828,0,0,0,0,0,0,0,252010.60125732422,58133.793395996094,93669.66833496094,0.3956298828125,33572028416,0,850460672,0
1,1762416542135,3300,3301,800,3307,3304,3533,3301,3300,21.052631378173828,0,0,0,0,0,0,0,252010.60223388672,58133.7978515625,93669.66979980469,0.3956298828125,33572028416,0,850460672,0
1,1762416542136,3300,3301,800,3307,3304,3533,3301,3300,21.052631378173828,0,0,0,0,0,0,0,252010.60424804688,58133.80645751953,93669.67114257813,0.3956298828125,33572028416,0,850460672,0
0,1762416542137,3300,3301,800,3307,3304,3533,3301,3300,21.052631378173828,0,0,0,0,0,0,0,252010.60522460938,58133.810974121094,93669.6728515625,0.3956298828125,33572028416,0,850460672,0
0,1762416542139,3300,3301,800,3307,3304,3533,3301,3300,21.052631378173828,0,0,0,0,0,0,0,252010.60620117188,58133.815490722656,93669.67431640625,0.3956298828125,33572028416,0,850460672,0
0,1762416542140,3300,3301,800,3307,3304,3533,3301,3300,21.052631378173828,0,0,0,0,0,0,0,252010.60717773438,58133.819763183594,93669.67565917969,0.3956298828125,33572028416,0,850460672,0
1,1762416542141,3300,3301,800,3307,3304,3533,3301,3300,21.052631378173828,0,0,0,0,0,0,0,252010.60821533203,58133.82440185547,93669.67712402344,0.3956298828125,33572028416,0,850460672,0
1,1762416542142,3300,3301,800,3307,3304,3533,3301,3300,21.052631378173828,0,0,0,0,0,0,0,252010.60919189453,58133.82891845703,93669.67840576172,0.3956298828125,33572028416,0,850460672,0
1,1762416542143,3300,3301,800,3307,3304,3533,3301,3300,21.052631378173828,0,0,0,0,0,0,0,252010.61016845703,58133.83331298828,93669.67962646484,0.3956298828125,33572028416,0,850460672,0
1,1762416542144,3300,3301,800,3307,3304,3533,3301,3300,21.052631378173828,0,0,0,0,0,0,0,252010.61114501953,58133.83770751953,93669.68096923828,0.3956298828125,33572028416,0,850460672,0
1,1762416542145,3300,3301,800,3307,3304,3533,3301,3300,21.052631378173828,0,0,0,0,0,0,0,252010.6121826172,58133.842224121094,93669.68249511719,0.3956298828125,33572028416,0,850460672,0
1,1762416542146,3300,3301,800,3307,3304,3533,3301,3300,21.052631378173828,0,0,0,0,0,0,0,252010.61309814453,58133.846618652344,93669.68377685547,0.3956298828125,33572028416,0,850460672,0
1,1762416542147,3300,3301,800,3307,3304,3533,3301,3300,21.052631378173828,0,0,0,0,0,0,0,252010.6151123047,58133.855407714844,93669.68542480469,0.3956298828125,33572028416,0,850460672,0
0,1762416542148,3300,3301,800,3307,3304,3533,3301,3300,21.052631378173828,0,0,0,0,0,0,0,252010.6160888672,58133.85955810547,93669.68658447266,0.3956298828125,33572028416,0,850460672,0
0,1762416542150,3300,3301,800,3307,3304,3533,3301,3300,21.052631378173828,0,0,0,0,0,0,0,252010.61712646484,58133.86389160156,93669.6879272461,0.3956298828125,33572028416,0,850460672,0
0,1762416542151,3300,3301,800,3307,3304,3533,3301,3300,21.052631378173828,0,0,0,0,0,0,0,252010.61810302734,58133.86853027344,93669.68927001953,0.3956298828125,33572028416,0,850460672,0
1,1762416542152,3300,3301,800,3307,3304,3533,3301,3300,21.052631378173828,0,0,0,0,0,0,0,252010.61907958984,58133.87274169922,93669.69049072266,0.3956298828125,33572028416,0,850460672,0
1,1762416542153,3300,3301,800,3307,3304,3533,3301,3300,21.052631378173828,0,0,0,0,0,0,0,252010.62005615234,58133.87707519531,93669.69189453125,0.3956298828125,33572028416,0,850460672,0
1,1762416542154,3300,3301,800,3307,3304,3533,3301,3300,21.052631378173828,0,0,0,0,0,0,0,252010.62109375,58133.881591796875,93669.69305419922,0.3956298828125,33572028416,0,850460672,0
1,1762416542155,3300,3301,800,3307,3304,3533,3301,3300,21.052631378173828,0,0,0,0,0,0,0,252010.6220703125,58133.88610839844,93669.69470214844,0.3956298828125,33572028416,0,850460672,0
1,1762416542156,3300,3301,800,3307,3304,3533,3301,3300,21.052631378173828,0,0,0,0,0,0,0,252010.623046875,58133.890625,93669.69622802734,0.3956298828125,33572028416,0,850460672,0
1,1762416542157,3300,3301,800,3307,3304,3533,3301,3300,21.052631378173828,0,0,0,0,0,0,0,252010.62408447266,58133.89520263672,93669.69757080078,0.3956298828125,33572028416,0,850460672,0
1,1762416542158,3300,3301,800,3307,3304,3533,3301,3300,21.052631378173828,0,0,0,0,0,0,0,252010.6259765625,58133.90344238281,93669.69891357422,0.3956298828125,33572028416,0,850460672,0
0,1762416542159,3300,3301,800,3307,3304,3533,3301,3300,21.052631378173828,0,0,0,0,0,0,0,252010.62701416016,58133.90783691406,93669.70050048828,0.3956298828125,33572028416,0,850460672,0
0,1762416542161,3300,3301,800,3307,3304,3533,3301,3300,21.052631378173828,0,0,0,0,0,0,0,252010.62799072266,58133.912353515625,93669.70178222656,0.3956298828125,33572028416,0,850460672,0
0,1762416542162,3300,3301,800,3307,3304,3533,3301,3300,21.052631378173828,0,0,0,0,0,0,0,252010.6290283203,58133.91687011719,93669.703125,0.3956298828125,33572028416,0,850460672,0
1,1762416542163,3300,3301,800,3307,3304,3533,3301,3300,21.052631378173828,0,0,0,0,0,0,0,252010.62994384766,58133.921142578125,93669.7045288086,0.3956298828125,33572028416,0,850460672,0
1,1762416542164,3300,3301,800,3307,3304,3533,3301,3300,21.052631378173828,0,0,0,0,0,0,0,252010.6309814453,58133.92565917969,93669.70593261719,0.3956298828125,33572028416,0,850460672,0
1,1762416542165,3300,3301,800,3307,3304,3533,3301,3300,21.052631378173828,0,0,0,0,0,0,0,252010.6319580078,58133.930114746094,93669.70709228516,0.3956298828125,33572028416,0,850460672,0
1,1762416542166,3300,3301,800,3307,3304,3533,3301,3300,21.052631378173828,0,0,0,0,0,0,0,252010.63299560547,58133.934631347656,93669.70861816406,0.3956298828125,33572028416,0,850460672,0
1,1762416542167,3300,3301,800,3307,3304,3533,3301,3300,21.052631378173828,0,0,0,0,0,0,0,252010.63397216797,58133.939208984375,93669.71002197266,0.3956298828125,33572028416,0,850460672,0
1,1762416542168,3300,3301,800,3307,3304,3533,3301,3300,21.052631378173828,0,0,0,0,0,0,0,252010.63494873047,58133.943603515625,93669.7114868164,0.3956298828125,33572028416,0,850460672,0
1,1762416542169,3300,3301,800,3307,3304,3533,3301,3300,21.052631378173828,0,0,0,0,0,0,0,252010.63690185547,58133.9521484375,93669.71295166016,0.3956298828125,33572028416,0,850460672,0
0,1762416542170,3300,3301,800,3307,3304,3533,3301,3300,21.052631378173828,0,0,0,0,0,0,0,252010.63793945313,58133.95635986328,93669.71411132813,0.3956298828125,33572028416,0,850460672,0
0,1762416542172,3300,3301,800,3307,3304,3533,3301,3300,21.052631378173828,0,0,0,0,0,0,0,252010.63891601563,58133.96057128906,93669.7153930664,0.3956298828125,33572028416,0,850460672,0
0,1762416542173,3300,3301,800,3307,3304,3533,3301,3300,21.052631378173828,0,0,0,0,0,0,0,252010.63989257813,58133.964904785156,93669.71661376953,0.3956298828125,33572028416,0,850460672,0
1,1762416542174,3300,3301,800,3307,3304,3533,3301,3300,21.052631378173828,0,0,0,0,0,0,0,252010.64086914063,58133.96936035156,93669.71783447266,0.3956298828125,33572028416,0,850460672,0
1,1762416542175,3300,3301,800,3307,3304,3533,3301,3300,21.052631378173828,0,0,0,0,0,0,0,252010.64184570313,58133.97375488281,93669.71936035156,0.3956298828125,33572028416,0,850460672,0
1,1762416542176,3300,3301,800,3307,3304,3533,3301,3300,21.052631378173828,0,0,0,0,0,0,0,252010.64288330078,58133.97833251953,93669.72082519531,0.3956298828125,33572028416,0,850460672,0
1,1762416542177,3300,3301,800,3307,3304,3533,3301,3300,21.052631378173828,0,0,0,0,0,0,0,252010.64385986328,58133.982971191406,93669.72247314453,0.3956298828125,33572028416,0,850460672,0
1,1762416542178,3300,3301,800,3307,3304,3533,3301,3300,21.052631378173828,0,0,0,0,0,0,0,252010.64483642578,58133.98760986328,93669.72375488281,0.3956298828125,33572028416,0,850460672,0
1,1762416542179,3300,3301,800,3307,3304,3533,3301,3300,21.052631378173828,0,0,0,0,0,0,0,252010.64587402344,58133.99206542969,93669.7251586914,0.3956298828125,33572028416,0,850460672,0
1,1762416542180,3300,3301,800,3307,3304,3533,3301,3300,21.052631378173828,0,0,0,0,0,0,0,252010.64782714844,58134.000549316406,93669.72668457031,0.3956298828125,33572028416,0,850460672,0
0,1762416542181,3300,3301,800,3307,3304,3533,3301,3300,21.052631378173828,0,0,0,0,0,0,0,252010.64880371094,58134.0048828125,93669.72802734375,0.3956298828125,33572028416,0,850460672,0
0,1762416542183,3300,3301,800,3307,3304,3533,3301,3300,21.052631378173828,0,0,0,0,0,0,0,252010.64978027344,58134.00897216797,93669.72943115234,0.3956298828125,33572028416,0,850460672,0
0,1762416542184,3300,3301,800,3307,3304,3533,3301,3300,21.052631378173828,0,0,0,0,0,0,0,252010.65075683594,58134.01348876953,93669.73065185547,0.3956298828125,33572028416,0,850460672,0
1,1762416542185,3300,3301,800,3307,3304,3533,3301,3300,21.052631378173828,0,0,0,0,0,0,0,252010.6517944336,58134.017822265625,93669.7318725586,0.3956298828125,33572028416,0,850460672,0
1,1762416542186,3300,3301,800,3307,3304,3533,3301,3300,21.052631378173828,0,0,0,0,0,0,0,252010.6527709961,58134.02227783203,93669.73315429688,0.3956298828125,33572028416,0,850460672,0
1,1762416542187,3300,3301,800,3307,3304,3533,3301,3300,21.052631378173828,0,0,0,0,0,0,0,252010.6537475586,58134.02667236328,93669.73443603516,0.3956298828125,33572028416,0,850460672,0
1,1762416542188,3300,3301,800,3307,3304,3533,3301,3300,21.052631378173828,0,0,0,0,0,0,0,252010.6547241211,58134.03106689453,93669.7357788086,0.3956298828125,33572028416,0,850460672,0
1,1762416542189,3300,3301,800,3307,3304,3533,3301,3300,21.052631378173828,0,0,0,0,0,0,0,252010.65576171875,58134.035583496094,93669.73724365234,0.3956298828125,33572028416,0,850460672,0
1,1762416542190,3300,3301,800,3307,3304,3533,3301,3300,21.052631378173828,0,0,0,0,0,0,0,252010.65673828125,58134.03991699219,93669.73864746094,0.3956298828125,33572028416,0,850460672,0
1,1762416542191,3300,3301,800,3307,3304,3533,3301,3300,21.052631378173828,0,0,0,0,0,0,0,252010.6587524414,58134.048767089844,93669.74011230469,0.3956298828125,33572028416,0,850460672,0
0,1762416542192,3300,3301,800,3307,3304,3533,3301,3300,21.052631378173828,0,0,0,0,0,0,0,252010.65966796875,58134.052734375,93669.7412109375,0.3956298828125,33572028416,0,850460672,0
0,1762416542194,3300,3301,800,3307,3304,3533,3301,3300,21.052631378173828,0,0,0,0,0,0,0,252010.66064453125,58134.05700683594,93669.74255371094,0.3956298828125,33572028416,0,850460672,0
0,1762416542195,3300,3301,800,3307,3304,3533,3301,3300,21.052631378173828,0,0,0,0,0,0,0,252010.6616821289,58134.061462402344,93669.74389648438,0.3956298828125,33572028416,0,850460672,0
1,1762416542196,3300,3301,800,3307,3304,3533,3301,3300,21.052631378173828,0,0,0,0,0,0,0,252010.6626586914,58134.06591796875,93669.74505615234,0.3956298828125,33572028416,0,850460672,0
1,1762416542197,3300,3301,800,3307,3304,3533,3301,3300,21.052631378173828,0,0,0,0,0,0,0,252010.66369628906,58134.07019042969,93669.74639892578,0.3956298828125,33572028416,0,850460672,0
1,1762416542198,3300,3301,800,3307,3304,3533,3301,3300,21.052631378173828,0,0,0,0,0,0,0,252010.66467285156,58134.074645996094,93669.74792480469,0.3956298828125,33572028416,0,850460672,0
1,1762416542199,3300,3301,800,3307,3304,3533,3301,3300,21.052631378173828,0,0,0,0,0,0,0,252010.66564941406,58134.079345703125,93669.74975585938,0.3956298828125,33572028416,0,850460672,0
1,1762416542200,3300,3301,800,3307,3304,3533,3301,3300,21.052631378173828,0,0,0,0,0,0,0,252010.66662597656,58134.084228515625,93669.75134277344,0.3956298828125,33572028416,0,850460672,0
1,1762416542201,3300,3301,800,3307,3304,3533,3301,3300,21.052631378173828,0,0,0,0,0,0,0,252010.66760253906,58134.088623046875,93669.75274658203,0.3956298828125,33572028416,0,850460672,0
1,1762416542202,3300,3301,800,3307,3304,3533,3301,3300,21.052631378173828,0,0,0,0,0,0,0,252010.66961669922,58134.09747314453,93669.75415039063,0.3956298828125,33572028416,0,850460672,0
0,1762416542203,3300,3301,800,3307,3304,3533,3301,3300,21.052631378173828,0,0,0,0,0,0,0,252010.67059326172,58134.10174560547,93669.75561523438,0.3956298828125,33572028416,0,850460672,0
0,1762416542205,3300,3301,800,3307,3304,3533,3301,3300,21.052631378173828,0,0,0,0,0,0,0,252010.67156982422,58134.106201171875,93669.75701904297,0.3956298828125,33572028416,0,850460672,0
0,1762416542206,3300,3301,800,3307,3304,3533,3301,3300,21.052631378173828,0,0,0,0,0,0,0,252010.67260742188,58134.11053466797,93669.75817871094,0.3956298828125,33572028416,0,850460672,0
1,1762416542207,3300,3301,800,3307,3304,3533,3301,3300,21.052631378173828,0,0,0,0,0,0,0,252010.67352294922,58134.11474609375,93669.75946044922,0.3956298828125,33572028416,0,850460672,0
1,1762416542208,3300,3301,800,3307,3304,3533,3301,3300,21.052631378173828,0,0,0,0,0,0,0,252010.67456054688,58134.11932373047,93669.76092529297,0.3956298828125,33572028416,0,850460672,0
1,1762416542209,3300,3301,800,3307,3304,3533,3301,3300,21.052631378173828,0,0,0,0,0,0,0,252010.67553710938,58134.12365722656,93669.76220703125,0.3956298828125,33572028416,0,850460672,0
1,1762416542210,3300,3301,800,3307,3304,3533,3301,3300,21.052631378173828,0,0,0,0,0,0,0,252010.67651367188,58134.12811279297,93669.763671875,0.3956298828125,33572028416,0,850460672,0
1,1762416542211,3300,3301,800,3307,3304,3533,3301,3300,21.052631378173828,0,0,0,0,0,0,0,252010.67755126953,58134.13269042969,93669.7651977539,0.3956298828125,33572028416,0,850460672,0
1,1762416542212,3300,3301,800,3307,3304,3533,3301,3300,21.052631378173828,0,0,0,0,0,0,0,252010.67846679688,58134.13708496094,93669.7666015625,0.3956298828125,33572028416,0,850460672,0
1,1762416542213,3300,3301,800,3307,3304,3533,3301,3300,21.052631378173828,0,0,0,0,0,0,0,252010.67950439453,58134.1416015625,93669.76794433594,0.3956298828125,33572028416,0,850460672,0
0,1762416542214,3300,3301,800,3307,3304,3533,3301,3300,21.052631378173828,0,0,0,0,0,0,0,252010.68145751953,58134.149963378906,93669.76916503906,0.3956298828125,33572028416,0,850460672,0
0,1762416542216,3300,3301,800,3307,3304,3533,3301,3300,21.052631378173828,0,0,0,0,0,0,0,252010.68243408203,58134.154296875,93669.7705078125,0.3956298828125,33572028416,0,850460672,0
0,1762416542217,3300,3301,800,3307,3304,3533,3301,3300,21.052631378173828,0,0,0,0,0,0,0,252010.6834716797,58134.158752441406,93669.77178955078,0.3956298828125,33572028416,0,850460672,0
0,1762416542218,3300,3301,800,3307,3304,3533,3301,3300,21.052631378173828,0,0,0,0,0,0,0,252010.6844482422,58134.16296386719,93669.7730102539,0.3956298828125,33572028416,0,850460672,0
1,1762416542219,3300,3301,800,3307,3304,3533,3301,3300,21.052631378173828,0,0,0,0,0,0,0,252010.6854248047,58134.167541503906,93669.77471923828,0.3956298828125,33572028416,0,850460672,0
1,1762416542220,3300,3301,800,3307,3304,3533,3301,3300,21.052631378173828,0,0,0,0,0,0,0,252010.68646240234,58134.17224121094,93669.77618408203,0.3956298828125,33572028416,0,850460672,0
1,1762416542221,3300,3301,800,3307,3304,3533,3301,3300,21.052631378173828,0,0,0,0,0,0,0,252010.68743896484,58134.1767578125,93669.77740478516,0.3956298828125,33572028416,0,850460672,0
1,1762416542222,3300,3301,800,3307,3304,3533,3301,3300,21.052631378173828,0,0,0,0,0,0,0,252010.68841552734,58134.18127441406,93669.77893066406,0.3956298828125,33572028416,0,850460672,0
1,1762416542223,3300,3301,800,3307,3304,3533,3301,3300,21.052631378173828,0,0,0,0,0,0,0,252010.68939208984,58134.185607910156,93669.78033447266,0.3956298828125,33572028416,0,850460672,0
1,1762416542224,3300,3301,800,3307,3304,3533,3301,3300,21.052631378173828,0,0,0,0,0,0,0,252010.69140625,58134.1943359375,93669.7816772461,0.3956298828125,33572028416,0,850460672,0
0,1762416542225,3300,3301,800,3307,3304,3533,3301,3300,21.052631378173828,0,0,0,0,0,0,0,252010.6923828125,58134.198486328125,93669.78302001953,0.3956298828125,33572028416,0,850460672,0
0,1762416542227,3300,3301,800,3307,3304,3533,3301,3300,21.052631378173828,0,0,0,0,0,0,0,252010.693359375,58134.20275878906,93669.78424072266,0.3956298828125,33572028416,0,850460672,0
0,1762416542228,3300,3301,800,3307,3304,3533,3301,3300,21.052631378173828,0,0,0,0,0,0,0,252010.6943359375,58134.20703125,93669.78552246094,0.3956298828125,33572028416,0,850460672,0
1,1762416542229,3300,3301,800,3307,3304,3533,3301,3300,21.052631378173828,0,0,0,0,0,0,0,252010.69537353516,58134.21130371094,93669.78662109375,0.3956298828125,33572028416,0,850460672,0
1,1762416542230,3300,3301,800,3307,3304,3533,3301,3300,21.052631378173828,0,0,0,0,0,0,0,252010.69635009766,58134.21569824219,93669.78802490234,0.3956298828125,33572028416,0,850460672,0
1,1762416542231,3300,3301,800,3307,3304,3533,3301,3300,21.052631378173828,0,0,0,0,0,0,0,252010.69732666016,58134.22009277344,93669.78930664063,0.3956298828125,33572028416,0,850460672,0
1,1762416542232,3300,3301,800,3307,3304,3533,3301,3300,21.052631378173828,0,0,0,0,0,0,0,252010.69830322266,58134.224670410156,93669.79095458984,0.3956298828125,33572028416,0,850460672,0
1,1762416542233,3300,3301,800,3307,3304,3533,3301,3300,21.052631378173828,0,0,0,0,0,0,0,252010.6993408203,58134.22937011719,93669.79229736328,0.3956298828125,33572028416,0,850460672,0
1,1762416542234,3300,3301,800,3307,3304,3533,3301,3300,21.052631378173828,0,0,0,0,0,0,0,252010.7003173828,58134.23370361328,93669.79364013672,0.3956298828125,33572028416,0,850460672,0
1,1762416542235,3300,3301,800,3307,3304,3533,3301,3300,21.052631378173828,0,0,0,0,0,0,0,252010.7022705078,58134.24200439453,93669.79504394531,0.3956298828125,33572028416,0,850460672,0
0,1762416542236,3300,3301,800,3307,3304,3533,3301,3300,21.052631378173828,0,0,0,0,0,0,0,252010.70330810547,58134.246337890625,93669.79626464844,0.3956298828125,33572028416,0,850460672,0
0,1762416542238,3300,3301,800,3307,3304,3533,3301,3300,21.052631378173828,0,0,0,0,0,0,0,252010.7042236328,58134.25061035156,93669.79754638672,0.3956298828125,33572028416,0,850460672,0
0,1762416542239,3300,3301,800,3307,3304,3533,3301,3300,21.052631378173828,0,0,0,0,0,0,0,252010.70526123047,58134.255126953125,93669.79901123047,0.3956298828125,33572028416,0,850460672,0
1,1762416542240,3300,3301,800,3307,3304,3533,3301,3300,21.052631378173828,0,0,0,0,0,0,0,252010.70629882813,58134.259765625,93669.80047607422,0.3956298828125,33572028416,0,850460672,0
1,1762416542241,3300,3301,800,3307,3304,3533,3301,3300,21.052631378173828,0,0,0,0,0,0,0,252010.70727539063,58134.26434326172,93669.80212402344,0.3956298828125,33572028416,0,850460672,0
1,1762416542242,3300,3301,800,3307,3304,3533,3301,3300,21.052631378173828,0,0,0,0,0,0,0,252010.70825195313,58134.268981933594,93669.80358886719,0.3956298828125,33572028416,0,850460672,0
1,1762416542243,3300,3301,800,3307,3304,3533,3301,3300,21.052631378173828,0,0,0,0,0,0,0,252010.70928955078,58134.2734375,93669.80474853516,0.3956298828125,33572028416,0,850460672,0
1,1762416542244,3300,3301,800,3307,3304,3533,3301,3300,21.052631378173828,0,0,0,0,0,0,0,252010.71020507813,58134.277893066406,93669.80639648438,0.3956298828125,33572028416,0,850460672,0
1,1762416542245,3300,3301,800,3307,3304,3533,3301,3300,21.052631378173828,0,0,0,0,0,0,0,252010.71124267578,58134.28253173828,93669.80780029297,0.3956298828125,33572028416,0,850460672,0
1,1762416542246,3300,3301,800,3307,3304,3533,3301,3300,21.052631378173828,0,0,0,0,0,0,0,252010.71319580078,58134.291015625,93669.80926513672,0.3956298828125,33572028416,0,850460672,0
0,1762416542247,3300,3301,800,3307,3304,3533,3301,3300,21.052631378173828,0,0,0,0,0,0,0,252010.71423339844,58134.29522705078,93669.81060791016,0.3956298828125,33572028416,0,850460672,0
0,1762416542249,3300,3301,800,3307,3304,3533,3301,3300,21.052631378173828,0,0,0,0,0,0,0,252010.71520996094,58134.299743652344,93669.81188964844,0.3956298828125,33572028416,0,850460672,0
0,1762416542250,3300,3301,800,3307,3304,3533,3301,3300,21.052631378173828,0,0,0,0,0,0,0,252010.71618652344,58134.30401611328,93669.81317138672,0.3956298828125,33572028416,0,850460672,0
1,1762416542251,3300,3301,800,3307,3304,3533,3301,3300,21.052631378173828,0,0,0,0,0,0,0,252010.71716308594,58134.30847167969,93669.81439208984,0.3956298828125,33572028416,0,850460672,0
1,1762416542252,3300,3301,800,3307,3304,3533,3301,3300,21.052631378173828,0,0,0,0,0,0,0,252010.71813964844,58134.31286621094,93669.81579589844,0.3956298828125,33572028416,0,850460672,0
1,1762416542253,3300,3301,800,3307,3304,3533,3301,3300,21.052631378173828,0,0,0,0,0,0,0,252010.7191772461,58134.3173828125,93669.81719970703,0.3956298828125,33572028416,0,850460672,0
1,1762416542254,3300,3301,800,3307,3304,3533,3301,3300,21.052631378173828,0,0,0,0,0,0,0,252010.7201538086,58134.32189941406,93669.8189086914,0.3956298828125,33572028416,0,850460672,0
1,1762416542255,3300,3301,800,3307,3304,3533,3301,3300,21.052631378173828,0,0,0,0,0,0,0,252010.7211303711,58134.32666015625,93669.8203125,0.3956298828125,33572028416,0,850460672,0
1,1762416542256,3300,3301,800,3307,3304,3533,3301,3300,21.052631378173828,0,0,0,0,0,0,0,252010.7221069336,58134.3310546875,93669.8217163086,0.3956298828125,33572028416,0,850460672,0
1,1762416542257,3300,3301,800,3307,3304,3533,3301,3300,21.052631378173828,0,0,0,0,0,0,0,252010.72412109375,58134.33947753906,93669.82312011719,0.3956298828125,33572028416,0,850460672,0
1,1762416542258,3300,3301,800,3307,3304,3533,3301,3300,21.052631378173828,0,0,0,0,0,0,0,252010.72509765625,58134.34375,93669.82434082031,0.3956298828125,33572028416,0,850460672,0
0,1762416542260,3300,3301,800,3307,3304,3533,3301,3300,21.052631378173828,0,0,0,0,0,0,0,252010.7261352539,58134.348205566406,93669.8256225586,0.3956298828125,33572028416,0,850460672,0
0,1762416542261,3300,3301,800,3307,3304,3533,3301,3300,21.052631378173828,0,0,0,0,0,0,0,252010.72705078125,58134.35284423828,93669.82739257813,0.3956298828125,33572028416,0,850460672,0
0,1762416542262,3300,3301,800,3307,3304,3533,3301,3300,21.052631378173828,0,0,0,0,0,0,0,252010.7280883789,58134.357421875,93669.82891845703,0.3956298828125,33572028416,0,850460672,0
1,1762416542263,3300,3301,800,3307,3304,3533,3301,3300,21.052631378173828,0,0,0,0,0,0,0,252010.7290649414,58134.36199951172,93669.83038330078,0.3956298828125,33572028416,0,850460672,0
1,1762416542264,3300,3301,800,3307,3304,3533,3301,3300,21.052631378173828,0,0,0,0,0,0,0,252010.73010253906,58134.36639404297,93669.83166503906,0.3956298828125,33572028416,0,850460672,0
1,1762416542265,3300,3301,800,3307,3304,3533,3301,3300,21.052631378173828,0,0,0,0,0,0,0,252010.73107910156,58134.37091064453,93669.83294677734,0.3956298828125,33572028416,0,850460672,0
1,1762416542266,3300,3301,800,3307,3304,3533,3301,3300,21.052631378173828,0,0,0,0,0,0,0,252010.73205566406,58134.37536621094,93669.83447265625,0.3956298828125,33572028416,0,850460672,0
1,1762416542267,3300,3301,800,3307,3304,3533,3301,3300,21.052631378173828,0,0,0,0,0,0,0,252010.73303222656,58134.37969970703,93669.8359375,0.3956298828125,33572028416,0,850460672,0
1,1762416542268,3300,3301,800,3307,3304,3533,3301,3300,21.052631378173828,0,0,0,0,0,0,0,252010.73498535156,58134.38818359375,93669.83721923828,0.3956298828125,33572028416,0,850460672,0
0,1762416542269,3300,3301,800,3307,3304,3533,3301,3300,21.052631378173828,0,0,0,0,0,0,0,252010.73602294922,58134.392517089844,93669.8384399414,0.3956298828125,33572028416,0,850460672,0
0,1762416542271,3300,3301,800,3307,3304,3533,3301,3300,26.3157901763916,0,0,0,0,0,0,0,252010.73699951172,58134.396728515625,93669.83990478516,0.3956298828125,33572028416,0,850460672,0
0,1762416542272,3300,3301,800,3307,3304,3533,3301,3300,26.3157901763916,0,0,0,0,0,0,0,252010.73803710938,58134.401306152344,93669.84106445313,0.3956298828125,33572028416,0,850460672,0
1,1762416542273,3300,3301,800,3307,3304,3533,3301,3300,26.3157901763916,0,0,0,0,0,0,0,252010.73895263672,58134.40557861328,93669.84228515625,0.3956298828125,33572028416,0,850460672,0
1,1762416542274,3300,3301,800,3307,3304,3533,3301,3300,26.3157901763916,0,0,0,0,0,0,0,252010.73999023438,58134.41015625,93669.84375,0.3956298828125,33572028416,0,850460672,0
1,1762416542275,3300,3301,800,3307,3304,3533,3301,3300,26.3157901763916,0,0,0,0,0,0,0,252010.74096679688,58134.41467285156,93669.84521484375,0.3956298828125,33572028416,0,850460672,0
1,1762416542276,3300,3301,800,3307,3304,3533,3301,3300,26.3157901763916,0,0,0,0,0,0,0,252010.74194335938,58134.41931152344,93669.8471069336,0.3956298828125,33572028416,0,850460672,0
1,1762416542277,3300,3301,800,3307,3304,3533,3301,3300,26.3157901763916,0,0,0,0,0,0,0,252010.74298095703,58134.424072265625,93669.84844970703,0.3956298828125,33572028416,0,850460672,0
1,1762416542278,3300,3301,800,3307,3304,3533,3301,3300,26.3157901763916,0,0,0,0,0,0,0,252010.74395751953,58134.42834472656,93669.84985351563,0.3956298828125,33572028416,0,850460672,0
1,1762416542279,3300,3301,800,3307,3304,3533,3301,3300,26.3157901763916,0,0,0,0,0,0,0,252010.74591064453,58134.43688964844,93669.85107421875,0.3956298828125,33572028416,0,850460672,0
0,1762416542280,3300,3301,800,3307,3304,3533,3301,3300,26.3157901763916,0,0,0,0,0,0,0,252010.74688720703,58134.44110107422,93669.85241699219,0.3956298828125,33572028416,0,850460672,0
0,1762416542282,3300,3301,800,3307,3304,3533,3301,3300,26.3157901763916,0,0,0,0,0,0,0,252010.7479248047,58134.44543457031,93669.85363769531,0.3956298828125,33572028416,0,850460672,0
0,1762416542283,3300,3301,800,3307,3304,3533,3301,3300,26.3157901763916,0,0,0,0,0,0,0,252010.74884033203,58134.44970703125,93669.85510253906,0.3956298828125,33572028416,0,850460672,0
1,1762416542284,3300,3301,800,3307,3304,3533,3301,3300,26.3157901763916,0,0,0,0,0,0,0,252010.7498779297,58134.45422363281,93669.85650634766,0.3956298828125,33572028416,0,850460672,0
1,1762416542285,3300,3301,800,3307,3304,3533,3301,3300,26.3157901763916,0,0,0,0,0,0,0,252010.7508544922,58134.45861816406,93669.8579711914,0.3956298828125,33572028416,0,850460672,0
1,1762416542286,3300,3301,800,3307,3304,3533,3301,3300,26.3157901763916,0,0,0,0,0,0,0,252010.75189208984,58134.46319580078,93669.85913085938,0.3956298828125,33572028416,0,850460672,0
1,1762416542287,3300,3301,800,3307,3304,3533,3301,3300,26.3157901763916,0,0,0,0,0,0,0,252010.75286865234,58134.46765136719,93669.86071777344,0.3956298828125,33572028416,0,850460672,0
1,1762416542288,3300,3301,800,3307,3304,3533,3301,3300,26.3157901763916,0,0,0,0,0,0,0,252010.75384521484,58134.472229003906,93669.86212158203,0.3956298828125,33572028416,0,850460672,0
1,1762416542289,3300,3301,800,3307,3304,3533,3301,3300,26.3157901763916,0,0,0,0,0,0,0,252010.75482177734,58134.476623535156,93669.8637084961,0.3956298828125,33572028416,0,850460672,0
1,1762416542290,3300,3301,800,3307,3304,3533,3301,3300,26.3157901763916,0,0,0,0,0,0,0,252010.7568359375,58134.48107910156,93669.86499023438,0.3956298828125,33572028416,0,850460672,0
0,1762416542292,3300,3301,800,3307,3304,3533,3301,3300,26.3157901763916,0,0,0,0,0,0,0,252010.75775146484,58134.48937988281,93669.86627197266,0.3956298828125,33572028416,0,850460672,0
0,1762416542293,3300,3301,800,3307,3304,3533,3301,3300,26.3157901763916,0,0,0,0,0,0,0,252010.7587890625,58134.49377441406,93669.86755371094,0.3956298828125,33572028416,0,850460672,0
0,1762416542294,3300,3301,800,3307,3304,3533,3301,3300,26.3157901763916,0,0,0,0,0,0,0,252010.759765625,58134.498107910156,93669.86883544922,0.3956298828125,33572028416,0,850460672,0
1,1762416542295,3300,3301,800,3307,3304,3533,3301,3300,26.3157901763916,0,0,0,0,0,0,0,252010.7607421875,58134.50231933594,93669.86993408203,0.3956298828125,33572028416,0,850460672,0
1,1762416542296,3300,3301,800,3307,3304,3533,3301,3300,26.3157901763916,0,0,0,0,0,0,0,252010.76177978516,58134.50695800781,93669.87158203125,0.3956298828125,33572028416,0,850460672,0
1,1762416542297,3300,3301,800,3307,3304,3533,3301,3300,26.3157901763916,0,0,0,0,0,0,0,252010.76275634766,58134.51153564453,93669.87322998047,0.3956298828125,33572028416,0,850460672,0
1,1762416542298,3300,3301,800,3307,3304,3533,3301,3300,26.3157901763916,0,0,0,0,0,0,0,252010.76373291016,58134.51623535156,93669.87481689453,0.3956298828125,33572028416,0,850460672,0
1,1762416542299,3300,3301,800,3307,3304,3533,3301,3300,26.3157901763916,0,0,0,0,0,0,0,252010.76470947266,58134.520935058594,93669.87609863281,0.3956298828125,33572028416,0,850460672,0
1,1762416542300,3300,3301,800,3307,3304,3533,3301,3300,26.3157901763916,0,0,0,0,0,0,0,252010.76568603516,58134.52508544922,93669.8773803711,0.3956298828125,33572028416,0,850460672,0
1,1762416542301,3300,3301,800,3307,3304,3533,3301,3300,26.3157901763916,0,0,0,0,0,0,0,252010.7677001953,58134.533447265625,93669.87866210938,0.3956298828125,33572028416,0,850460672,0
0,1762416542302,3300,3301,800,3307,3304,3533,3301,3300,26.3157901763916,0,0,0,0,0,0,0,252010.7686767578,58134.53771972656,93669.88000488281,0.3956298828125,33572028416,0,850460672,0
0,1762416542304,3300,3301,800,3307,3304,3533,3301,3300,26.3157901763916,0,0,0,0,0,0,0,252010.7696533203,58134.54211425781,93669.8812866211,0.3956298828125,33572028416,0,850460672,0
0,1762416542305,3300,3301,800,3307,3304,3533,3301,3300,26.3157901763916,0,0,0,0,0,0,0,252010.77069091797,58134.546447753906,93669.88256835938,0.3956298828125,33572028416,0,850460672,0
1,1762416542306,3300,3301,800,3307,3304,3533,3301,3300,26.3157901763916,0,0,0,0,0,0,0,252010.77166748047,58134.55090332031,93669.88403320313,0.3956298828125,33572028416,0,850460672,0
1,1762416542307,3300,3301,800,3307,3304,3533,3301,3300,26.3157901763916,0,0,0,0,0,0,0,252010.77264404297,58134.55535888672,93669.8853149414,0.3956298828125,33572028416,0,850460672,0
1,1762416542308,3300,3301,800,3307,3304,3533,3301,3300,26.3157901763916,0,0,0,0,0,0,0,252010.77368164063,58134.55975341797,93669.88671875,0.3956298828125,33572028416,0,850460672,0
1,1762416542309,3300,3301,800,3307,3304,3533,3301,3300,26.3157901763916,0,0,0,0,0,0,0,252010.77465820313,58134.564392089844,93669.8882446289,0.3956298828125,33572028416,0,850460672,0
1,1762416542310,3300,3301,800,3307,3304,3533,3301,3300,26.3157901763916,0,0,0,0,0,0,0,252010.77563476563,58134.56872558594,93669.88958740234,0.3956298828125,33572028416,0,850460672,0
1,1762416542311,3300,3301,800,3307,3304,3533,3301,3300,26.3157901763916,0,0,0,0,0,0,0,252010.77661132813,58134.573303222656,93669.8910522461,0.3956298828125,33572028416,0,850460672,0
1,1762416542312,3300,3301,800,3307,3304,3533,3301,3300,26.3157901763916,0,0,0,0,0,0,0,252010.77856445313,58134.58184814453,93669.89251708984,0.3956298828125,33572028416,0,850460672,0
0,1762416542313,3300,3301,800,3307,3304,3533,3301,3300,26.3157901763916,0,0,0,0,0,0,0,252010.77954101563,58134.585998535156,93669.89373779297,0.3956298828125,33572028416,0,850460672,0
0,1762416542315,3300,3301,800,3307,3304,3533,3301,3300,26.3157901763916,0,0,0,0,0,0,0,252010.78057861328,58134.590393066406,93669.89501953125,0.3956298828125,33572028416,0,850460672,0
0,1762416542316,3300,3301,800,3307,3304,3533,3301,3300,26.3157901763916,0,0,0,0,0,0,0,252010.78155517578,58134.59484863281,93669.89636230469,0.3956298828125,33572028416,0,850460672,0
1,1762416542317,3300,3301,800,3307,3304,3533,3301,3300,26.3157901763916,0,0,0,0,0,0,0,252010.78259277344,58134.599365234375,93669.89764404297,0.3956298828125,33572028416,0,850460672,0
1,1762416542318,3300,3301,800,3307,3304,3533,3301,3300,26.3157901763916,0,0,0,0,0,0,0,252010.78356933594,58134.60369873047,93669.89923095703,0.3956298828125,33572028416,0,850460672,0
1,1762416542319,3300,3301,800,3307,3304,3533,3301,3300,26.3157901763916,0,0,0,0,0,0,0,252010.78454589844,58134.6083984375,93669.9009399414,0.3956298828125,33572028416,0,850460672,0
1,1762416542320,3300,3301,800,3307,3304,3533,3301,3300,26.3157901763916,0,0,0,0,0,0,0,252010.78552246094,58134.61309814453,93669.90240478516,0.3956298828125,33572028416,0,850460672,0
1,1762416542321,3300,3301,800,3307,3304,3533,3301,3300,26.3157901763916,0,0,0,0,0,0,0,252010.7865600586,58134.617736816406,93669.90368652344,0.3956298828125,33572028416,0,850460672,0
1,1762416542322,3300,3301,800,3307,3304,3533,3301,3300,26.3157901763916,0,0,0,0,0,0,0,252010.7875366211,58134.622009277344,93669.90496826172,0.3956298828125,33572028416,0,850460672,0
1,1762416542323,3300,3301,800,3307,3304,3533,3301,3300,26.3157901763916,0,0,0,0,0,0,0,252010.7894897461,58134.630310058594,93669.90625,0.3956298828125,33572028416,0,850460672,0
0,1762416542324,3300,3301,800,3307,3304,3533,3301,3300,26.3157901763916,0,0,0,0,0,0,0,252010.7904663086,58134.634704589844,93669.90759277344,0.3956298828125,33572028416,0,850460672,0
0,1762416542326,3300,3301,800,3307,3304,3533,3301,3300,26.3157901763916,0,0,0,0,0,0,0,252010.79150390625,58134.639099121094,93669.90899658203,0.3956298828125,33572028416,0,850460672,0
0,1762416542327,3300,3301,800,3307,3304,3533,3301,3300,26.3157901763916,0,0,0,0,0,0,0,252010.79248046875,58134.643493652344,93669.91021728516,0.3956298828125,33572028416,0,850460672,0
1,1762416542328,3300,3301,800,3307,3304,3533,3301,3300,26.3157901763916,0,0,0,0,0,0,0,252010.79345703125,58134.647705078125,93669.91143798828,0.3956298828125,33572028416,0,850460672,0
1,1762416542329,3300,3301,800,3307,3304,3533,3301,3300,26.3157901763916,0,0,0,0,0,0,0,252010.7944946289,58134.652282714844,93669.91290283203,0.3956298828125,33572028416,0,850460672,0
1,1762416542330,3300,3301,800,3307,3304,3533,3301,3300,26.3157901763916,0,0,0,0,0,0,0,252010.79541015625,58134.656677246094,93669.91424560547,0.3956298828125,33572028416,0,850460672,0
1,1762416542331,3300,3301,800,3307,3304,3533,3301,3300,26.3157901763916,0,0,0,0,0,0,0,252010.7964477539,58134.66131591797,93669.916015625,0.3956298828125,33572028416,0,850460672,0
1,1762416542332,3300,3301,800,3307,3304,3533,3301,3300,26.3157901763916,0,0,0,0,0,0,0,252010.7974243164,58134.665954589844,93669.91729736328,0.3956298828125,33572028416,0,850460672,0
1,1762416542333,3300,3301,800,3307,3304,3533,3301,3300,26.3157901763916,0,0,0,0,0,0,0,252010.7984008789,58134.670349121094,93669.91876220703,0.3956298828125,33572028416,0,850460672,0
1,1762416542334,3300,3301,800,3307,3304,3533,3301,3300,26.3157901763916,0,0,0,0,0,0,0,252010.8003540039,58134.678771972656,93669.91998291016,0.3956298828125,33572028416,0,850460672,0
0,1762416542335,3300,3301,800,3307,3304,3533,3301,3300,26.3157901763916,0,0,0,0,0,0,0,252010.80139160156,58134.683044433594,93669.92138671875,0.3956298828125,33572028416,0,850460672,0
0,1762416542337,3300,3301,800,3307,3304,3533,3301,3300,26.3157901763916,0,0,0,0,0,0,0,252010.80236816406,58134.687438964844,93669.92260742188,0.3956298828125,33572028416,0,850460672,0
0,1762416542338,3300,3301,800,3307,3304,3533,3301,3300,26.3157901763916,0,0,0,0,0,0,0,252010.80334472656,58134.69177246094,93669.92401123047,0.3956298828125,33572028416,0,850460672,0
1,1762416542339,3300,3301,800,3307,3304,3533,3301,3300,26.3157901763916,0,0,0,0,0,0,0,252010.80438232422,58134.6962890625,93669.92547607422,0.3956298828125,33572028416,0,850460672,0
1,1762416542340,3300,3301,800,3307,3304,3533,3301,3300,26.3157901763916,0,0,0,0,0,0,0,252010.80535888672,58134.700744628906,93669.92700195313,0.3956298828125,33572028416,0,850460672,0
1,1762416542341,3300,3301,800,3307,3304,3533,3301,3300,26.3157901763916,0,0,0,0,0,0,0,252010.80633544922,58134.70544433594,93669.9287109375,0.3956298828125,33572028416,0,850460672,0
1,1762416542342,3300,3301,800,3307,3304,3533,3301,3300,26.3157901763916,0,0,0,0,0,0,0,252010.80731201172,58134.710205078125,93669.92993164063,0.3956298828125,33572028416,0,850460672,0
1,1762416542343,3300,3301,800,3307,3304,3533,3301,3300,26.3157901763916,0,0,0,0,0,0,0,252010.80828857422,58134.714599609375,93669.93151855469,0.3956298828125,33572028416,0,850460672,0
1,1762416542344,3300,3301,800,3307,3304,3533,3301,3300,26.3157901763916,0,0,0,0,0,0,0,252010.80926513672,58134.71893310547,93669.93273925781,0.3956298828125,33572028416,0,850460672,0
1,1762416542345,3300,3301,800,3307,3304,3533,3301,3300,26.3157901763916,0,0,0,0,0,0,0,252010.81127929688,58134.72723388672,93669.93395996094,0.3956298828125,33572028416,0,850460672,0
0,1762416542346,3300,3301,800,3307,3304,3533,3301,3300,26.3157901763916,0,0,0,0,0,0,0,252010.81225585938,58134.73156738281,93669.93536376953,0.3956298828125,33572028416,0,850460672,0
0,1762416542348,3300,3301,800,3307,3304,3533,3301,3300,26.3157901763916,0,0,0,0,0,0,0,252010.81329345703,58134.735900878906,93669.93676757813,0.3956298828125,33572028416,0,850460672,0
0,1762416542349,3300,3301,800,3307,3304,3533,3301,3300,26.3157901763916,0,0,0,0,0,0,0,252010.81427001953,58134.740234375,93669.93798828125,0.3956298828125,33572028416,0,850460672,0
1,1762416542350,3300,3301,800,3307,3304,3533,3301,3300,26.3157901763916,0,0,0,0,0,0,0,252010.81524658203,58134.74462890625,93669.93927001953,0.3956298828125,33572028416,0,850460672,0
1,1762416542351,3300,3301,800,3307,3304,3533,3301,3300,26.3157901763916,0,0,0,0,0,0,0,252010.81622314453,58134.74914550781,93669.94073486328,0.3956298828125,33572028416,0,850460672,0
1,1762416542352,3300,3301,800,3307,3304,3533,3301,3300,26.3157901763916,0,0,0,0,0,0,0,252010.8172607422,58134.753662109375,93669.94219970703,0.3956298828125,33572028416,0,850460672,0
1,1762416542353,3300,3301,800,3307,3304,3533,3301,3300,26.3157901763916,0,0,0,0,0,0,0,252010.8182373047,58134.75830078125,93669.9437866211,0.3956298828125,33572028416,0,850460672,0
1,1762416542354,3300,3301,800,3307,3304,3533,3301,3300,26.3157901763916,0,0,0,0,0,0,0,252010.8192138672,58134.762939453125,93669.94512939453,0.3956298828125,33572028416,0,850460672,0
1,1762416542355,3300,3301,800,3307,3304,3533,3301,3300,26.3157901763916,0,0,0,0,0,0,0,252010.82025146484,58134.76745605469,93669.94659423828,0.3956298828125,33572028416,0,850460672,0
1,1762416542356,3300,3301,800,3307,3304,3533,3301,3300,26.3157901763916,0,0,0,0,0,0,0,252010.8221435547,58134.775634765625,93669.9478149414,0.3956298828125,33572028416,0,850460672,0
0,1762416542357,3300,3301,800,3307,3304,3533,3301,3300,26.3157901763916,0,0,0,0,0,0,0,252010.8231201172,58134.77990722656,93669.94915771484,0.3956298828125,33572028416,0,850460672,0
0,1762416542359,3300,3301,800,3307,3304,3533,3301,3300,26.3157901763916,0,0,0,0,0,0,0,252010.82415771484,58134.784423828125,93669.95037841797,0.3956298828125,33572028416,0,850460672,0
0,1762416542360,3300,3301,800,3307,3304,3533,3301,3300,26.3157901763916,0,0,0,0,0,0,0,252010.8251953125,58134.78894042969,93669.95184326172,0.3956298828125,33572028416,0,850460672,0
1,1762416542361,3300,3301,800,3307,3304,3533,3301,3300,26.3157901763916,0,0,0,0,0,0,0,252010.82611083984,58134.79333496094,93669.95349121094,0.3956298828125,33572028416,0,850460672,0
1,1762416542362,3300,3301,800,3307,3304,3533,3301,3300,26.3157901763916,0,0,0,0,0,0,0,252010.82708740234,58134.797912597656,93669.955078125,0.3956298828125,33572028416,0,850460672,0
1,1762416542363,3300,3301,800,3307,3304,3533,3301,3300,26.3157901763916,0,0,0,0,0,0,0,252010.828125,58134.802734375,93669.9566040039,0.3956298828125,33572028416,0,850460672,0
1,1762416542364,3300,3301,800,3307,3304,3533,3301,3300,26.3157901763916,0,0,0,0,0,0,0,252010.82916259766,58134.807373046875,93669.95782470703,0.3956298828125,33572028416,0,850460672,0
1,1762416542365,3300,3301,800,3307,3304,3533,3301,3300,26.3157901763916,0,0,0,0,0,0,0,252010.830078125,58134.81164550781,93669.95928955078,0.3956298828125,33572028416,0,850460672,0
1,1762416542366,3300,3301,800,3307,3304,3533,3301,3300,26.3157901763916,0,0,0,0,0,0,0,252010.83111572266,58134.816162109375,93669.96063232422,0.3956298828125,33572028416,0,850460672,0
1,1762416542367,3300,3301,800,3307,3304,3533,3301,3300,26.3157901763916,0,0,0,0,0,0,0,252010.83306884766,58134.82452392578,93669.96203613281,0.3956298828125,33572028416,0,850460672,0
0,1762416542368,3300,3301,800,3307,3304,3533,3301,3300,26.3157901763916,0,0,0,0,0,0,0,252010.83404541016,58134.82861328125,93669.96325683594,0.3956298828125,33572028416,0,850460672,0
0,1762416542370,3300,3301,800,3307,3304,3533,3301,3300,26.3157901763916,0,0,0,0,0,0,0,252010.83502197266,58134.8330078125,93669.9644165039,0.3956298828125,33572028416,0,850460672,0
0,1762416542371,3300,3301,800,3307,3304,3533,3301,3300,26.3157901763916,0,0,0,0,0,0,0,252010.8360595703,58134.83740234375,93669.9658203125,0.3956298828125,33572028416,0,850460672,0
1,1762416542372,3300,3301,800,3307,3304,3533,3301,3300,26.3157901763916,0,0,0,0,0,0,0,252010.8370361328,58134.841735839844,93669.96691894531,0.3956298828125,33572028416,0,850460672,0
1,1762416542373,3300,3301,800,3307,3304,3533,3301,3300,26.3157901763916,0,0,0,0,0,0,0,252010.8380126953,58134.84619140625,93669.96838378906,0.3956298828125,33572028416,0,850460672,0
1,1762416542374,3300,3301,800,3307,3304,3533,3301,3300,26.3157901763916,0,0,0,0,0,0,0,252010.83905029297,58134.85076904297,93669.96997070313,0.3956298828125,33572028416,0,850460672,0
1,1762416542375,3300,3301,800,3307,3304,3533,3301,3300,26.3157901763916,0,0,0,0,0,0,0,252010.84002685547,58134.855529785156,93669.97174072266,0.3956298828125,33572028416,0,850460672,0
1,1762416542376,3300,3301,800,3307,3304,3533,3301,3300,26.3157901763916,0,0,0,0,0,0,0,252010.84100341797,58134.860107421875,93669.97302246094,0.3956298828125,33572028416,0,850460672,0
1,1762416542377,3300,3301,800,3307,3304,3533,3301,3300,26.3157901763916,0,0,0,0,0,0,0,252010.84197998047,58134.864685058594,93669.97442626953,0.3956298828125,33572028416,0,850460672,0
1,1762416542378,3300,3301,800,3307,3304,3533,3301,3300,26.3157901763916,0,0,0,0,0,0,0,252010.84393310547,58134.87292480469,93669.97546386719,0.3956298828125,33572028416,0,850460672,0
0,1762416542379,3300,3301,800,3307,3304,3533,3301,3300,26.3157901763916,0,0,0,0,0,0,0,252010.84497070313,58134.877197265625,93669.97705078125,0.3956298828125,33572028416,0,850460672,0
0,1762416542381,3300,3301,800,3307,3304,3533,3301,3300,26.3157901763916,0,0,0,0,0,0,0,252010.84594726563,58134.88165283203,93669.97821044922,0.3956298828125,33572028416,0,850460672,0
0,1762416542382,3300,3301,800,3307,3304,3533,3301,3300,26.3157901763916,0,0,0,0,0,0,0,252010.84692382813,58134.88592529297,93669.97979736328,0.3956298828125,33572028416,0,850460672,0
1,1762416542383,3300,3301,800,3307,3304,3533,3301,3300,26.3157901763916,0,0,0,0,0,0,0,252010.84796142578,58134.890686035156,93669.9814453125,0.3956298828125,33572028416,0,850460672,0
1,1762416542384,3300,3301,800,3307,3304,3533,3301,3300,26.3157901763916,0,0,0,0,0,0,0,252010.84893798828,58134.89532470703,93669.98291015625,0.3956298828125,33572028416,0,850460672,0
1,1762416542385,3300,3301,800,3307,3304,3533,3301,3300,26.3157901763916,0,0,0,0,0,0,0,252010.84991455078,58134.899963378906,93669.98443603516,0.3956298828125,33572028416,0,850460672,0
1,1762416542386,3300,3301,800,3307,3304,3533,3301,3300,26.3157901763916,0,0,0,0,0,0,0,252010.85095214844,58134.904541015625,93669.98571777344,0.3956298828125,33572028416,0,850460672,0
1,1762416542387,3300,3301,800,3307,3304,3533,3301,3300,26.3157901763916,0,0,0,0,0,0,0,252010.85192871094,58134.90899658203,93669.98699951172,0.3956298828125,33572028416,0,850460672,0
1,1762416542388,3300,3301,800,3307,3304,3533,3301,3300,26.3157901763916,0,0,0,0,0,0,0,252010.85290527344,58134.91320800781,93669.98858642578,0.3956298828125,33572028416,0,850460672,0
1,1762416542389,3300,3301,800,3307,3304,3533,3301,3300,26.3157901763916,0,0,0,0,0,0,0,252010.85485839844,58134.91766357422,93669.98974609375,0.3956298828125,33572028416,0,850460672,0
0,1762416542390,3300,3301,800,3307,3304,3533,3301,3300,26.3157901763916,0,0,0,0,0,0,0,252010.85583496094,58134.92590332031,93669.99096679688,0.3956298828125,33572028416,0,850460672,0
0,1762416542392,3300,3301,800,3307,3304,3533,3301,3300,26.3157901763916,0,0,0,0,0,0,0,252010.8568725586,58134.93017578125,93669.99230957031,0.3956298828125,33572028416,0,850460672,0
0,1762416542393,3300,3301,800,3307,3304,3533,3301,3300,26.3157901763916,0,0,0,0,0,0,0,252010.8578491211,58134.934631347656,93669.9935913086,0.3956298828125,33572028416,0,850460672,0
1,1762416542394,3300,3301,800,3307,3304,3533,3301,3300,26.3157901763916,0,0,0,0,0,0,0,252010.8588256836,58134.938903808594,93669.99487304688,0.3956298828125,33572028416,0,850460672,0
1,1762416542395,3300,3301,800,3307,3304,3533,3301,3300,26.3157901763916,0,0,0,0,0,0,0,252010.8598022461,58134.943420410156,93669.9965209961,0.3956298828125,33572028416,0,850460672,0
1,1762416542396,3300,3301,800,3307,3304,3533,3301,3300,26.3157901763916,0,0,0,0,0,0,0,252010.8607788086,58134.94812011719,93669.998046875,0.3956298828125,33572028416,0,850460672,0
1,1762416542397,3300,3301,800,3307,3304,3533,3301,3300,26.3157901763916,0,0,0,0,0,0,0,252010.86181640625,58134.95300292969,93669.9995727539,0.3956298828125,33572028416,0,850460672,0
1,1762416542398,3300,3301,800,3307,3304,3533,3301,3300,26.3157901763916,0,0,0,0,0,0,0,252010.86279296875,58134.957458496094,93670.00079345703,0.3956298828125,33572028416,0,850460672,0
1,1762416542399,3300,3301,800,3307,3304,3533,3301,3300,26.3157901763916,0,0,0,0,0,0,0,252010.86376953125,58134.96160888672,93670.00213623047,0.3956298828125,33572028416,0,850460672,0
1,1762416542400,3300,3301,800,3307,3304,3533,3301,3300,26.3157901763916,0,0,0,0,0,0,0,252010.8657836914,58134.969970703125,93670.0033569336,0.3956298828125,33572028416,0,850460672,0
0,1762416542401,3300,3301,800,3307,3304,3533,3301,3300,26.3157901763916,0,0,0,0,0,0,0,252010.8667602539,58134.974365234375,93670.00476074219,0.3956298828125,33572028416,0,850460672,0
0,1762416542403,3300,3301,800,3307,3304,3533,3301,3300,26.3157901763916,0,0,0,0,0,0,0,252010.8677368164,58134.978759765625,93670.00604248047,0.3956298828125,33572028416,0,850460672,0
0,1762416542404,3300,3301,800,3307,3304,3533,3301,3300,26.3157901763916,0,0,0,0,0,0,0,252010.8687133789,58134.98321533203,93670.00756835938,0.3956298828125,33572028416,0,850460672,0
1,1762416542405,3300,3301,800,3307,3304,3533,3301,3300,26.3157901763916,0,0,0,0,0,0,0,252010.86975097656,58134.98779296875,93670.00927734375,0.3956298828125,33572028416,0,850460672,0
1,1762416542406,3300,3301,800,3307,3304,3533,3301,3300,26.3157901763916,0,0,0,0,0,0,0,252010.87072753906,58134.99237060547,93670.01055908203,0.3956298828125,33572028416,0,850460672,0
1,1762416542407,3300,3301,800,3307,3304,3533,3301,3300,26.3157901763916,0,0,0,0,0,0,0,252010.87170410156,58134.99694824219,93670.01202392578,0.3956298828125,33572028416,0,850460672,0
1,1762416542408,3300,3301,800,3307,3304,3533,3301,3300,26.3157901763916,0,0,0,0,0,0,0,252010.87268066406,58135.001403808594,93670.0132446289,0.3956298828125,33572028416,0,850460672,0
1,1762416542409,3300,3301,800,3307,3304,3533,3301,3300,26.3157901763916,0,0,0,0,0,0,0,252010.87365722656,58135.00567626953,93670.01470947266,0.3956298828125,33572028416,0,850460672,0
1,1762416542410,3300,3301,800,3307,3304,3533,3301,3300,26.3157901763916,0,0,0,0,0,0,0,252010.87469482422,58135.010192871094,93670.01611328125,0.3956298828125,33572028416,0,850460672,0
1,1762416542411,3300,3301,800,3307,3304,3533,3301,3300,26.3157901763916,0,0,0,0,0,0,0,252010.87664794922,58135.01843261719,93670.01733398438,0.3956298828125,33572028416,0,850460672,0
0,1762416542412,3300,3301,800,3307,3304,3533,3301,3300,26.3157901763916,0,0,0,0,0,0,0,252010.87768554688,58135.02276611328,93670.01861572266,0.3956298828125,33572028416,0,850460672,0
0,1762416542414,3300,3301,800,3307,3304,3533,3301,3300,26.3157901763916,0,0,0,0,0,0,0,252010.87860107422,58135.026916503906,93670.01983642578,0.3956298828125,33572028416,0,850460672,0
0,1762416542415,3300,3301,800,3307,3304,3533,3301,3300,26.3157901763916,0,0,0,0,0,0,0,252010.87963867188,58135.03137207031,93670.02124023438,0.3956298828125,33572028416,0,850460672,0
1,1762416542416,3300,3301,800,3307,3304,3533,3301,3300,26.3157901763916,0,0,0,0,0,0,0,252010.88061523438,58135.03576660156,93670.02264404297,0.3956298828125,33572028416,0,850460672,0
1,1762416542417,3300,3301,800,3307,3304,3533,3301,3300,26.3157901763916,0,0,0,0,0,0,0,252010.88159179688,58135.04040527344,93670.02429199219,0.3956298828125,33572028416,0,850460672,0
1,1762416542418,3300,3301,800,3307,3304,3533,3301,3300,26.3157901763916,0,0,0,0,0,0,0,252010.88256835938,58135.045166015625,93670.0259399414,0.3956298828125,33572028416,0,850460672,0
1,1762416542419,3300,3301,800,3307,3304,3533,3301,3300,26.3157901763916,0,0,0,0,0,0,0,252010.88360595703,58135.049743652344,93670.02734375,0.3956298828125,33572028416,0,850460672,0
1,1762416542420,3300,3301,800,3307,3304,3533,3301,3300,26.3157901763916,0,0,0,0,0,0,0,252010.88458251953,58135.05438232422,93670.0287475586,0.3956298828125,33572028416,0,850460672,0
1,1762416542421,3300,3301,800,3307,3304,3533,3301,3300,26.3157901763916,0,0,0,0,0,0,0,252010.88555908203,58135.05859375,93670.03002929688,0.3956298828125,33572028416,0,850460672,0
1,1762416542422,3300,3301,800,3307,3304,3533,3301,3300,26.3157901763916,0,0,0,0,0,0,0,252010.88751220703,58135.06689453125,93670.03118896484,0.3956298828125,33572028416,0,850460672,0
0,1762416542423,3300,3301,800,3307,3304,3533,3301,3300,26.3157901763916,0,0,0,0,0,0,0,252010.8885498047,58135.071350097656,93670.0326538086,0.3956298828125,33572028416,0,850460672,0
0,1762416542425,3300,3301,800,3307,3304,3533,3301,3300,26.3157901763916,0,0,0,0,0,0,0,252010.8895263672,58135.07580566406,93670.03411865234,0.3956298828125,33572028416,0,850460672,0
0,1762416542426,3300,3301,800,3307,3304,3533,3301,3300,26.3157901763916,0,0,0,0,0,0,0,252010.8905029297,58135.08020019531,93670.03564453125,0.3956298828125,33572028416,0,850460672,0
1,1762416542427,3300,3301,800,3307,3304,3533,3301,3300,26.3157901763916,0,0,0,0,0,0,0,252010.8914794922,58135.084899902344,93670.03723144531,0.3956298828125,33572028416,0,850460672,0
1,1762416542428,3300,3301,800,3307,3304,3533,3301,3300,26.3157901763916,0,0,0,0,0,0,0,252010.89251708984,58135.08953857422,93670.03857421875,0.3956298828125,33572028416,0,850460672,0
1,1762416542429,3300,3301,800,3307,3304,3533,3301,3300,26.3157901763916,0,0,0,0,0,0,0,252010.89349365234,58135.093994140625,93670.03991699219,0.3956298828125,33572028416,0,850460672,0
1,1762416542430,3300,3301,800,3307,3304,3533,3301,3300,26.3157901763916,0,0,0,0,0,0,0,252010.89447021484,58135.098388671875,93670.04132080078,0.3956298828125,33572028416,0,850460672,0
1,1762416542431,3300,3301,800,3307,3304,3533,3301,3300,26.3157901763916,0,0,0,0,0,0,0,252010.89544677734,58135.10284423828,93670.04272460938,0.3956298828125,33572028416,0,850460672,0
1,1762416542432,3300,3301,800,3307,3304,3533,3301,3300,26.3157901763916,0,0,0,0,0,0,0,252010.896484375,58135.107360839844,93670.04412841797,0.3956298828125,33572028416,0,850460672,0
1,1762416542433,3300,3301,800,3307,3304,3533,3301,3300,26.3157901763916,0,0,0,0,0,0,0,252010.8984375,58135.115661621094,93670.04522705078,0.3956298828125,33572028416,0,850460672,0
0,1762416542434,3300,3301,800,3307,3304,3533,3301,3300,26.3157901763916,0,0,0,0,0,0,0,252010.8994140625,58135.119873046875,93670.04656982422,0.3956298828125,33572028416,0,850460672,0
0,1762416542436,3300,3301,800,3307,3304,3533,3301,3300,26.3157901763916,0,0,0,0,0,0,0,252010.90045166016,58135.124267578125,93670.04791259766,0.3956298828125,33572028416,0,850460672,0
0,1762416542437,3300,3301,800,3307,3304,3533,3301,3300,26.3157901763916,0,0,0,0,0,0,0,252010.90142822266,58135.128662109375,93670.04931640625,0.3956298828125,33572028416,0,850460672,0
1,1762416542438,3300,3301,800,3307,3304,3533,3301,3300,26.3157901763916,0,0,0,0,0,0,0,252010.90240478516,58135.133056640625,93670.05090332031,0.3956298828125,33572028416,0,850460672,0
1,1762416542439,3300,3301,800,3307,3304,3533,3301,3300,26.3157901763916,0,0,0,0,0,0,0,252010.90338134766,58135.137756347656,93670.05242919922,0.3956298828125,33572028416,0,850460672,0
1,1762416542440,3300,3301,800,3307,3304,3533,3301,3300,26.3157901763916,0,0,0,0,0,0,0,252010.90435791016,58135.142333984375,93670.05383300781,0.3956298828125,33572028416,0,850460672,0
1,1762416542441,3300,3301,800,3307,3304,3533,3301,3300,26.3157901763916,0,0,0,0,0,0,0,252010.90533447266,58135.14685058594,93670.05517578125,0.3956298828125,33572028416,0,850460672,0
1,1762416542442,3300,3301,800,3307,3304,3533,3301,3300,26.3157901763916,0,0,0,0,0,0,0,252010.9063720703,58135.15124511719,93670.05639648438,0.3956298828125,33572028416,0,850460672,0
1,1762416542443,3300,3301,800,3307,3304,3533,3301,3300,26.3157901763916,0,0,0,0,0,0,0,252010.9073486328,58135.155700683594,93670.05773925781,0.3956298828125,33572028416,0,850460672,0
1,1762416542444,3300,3301,800,3307,3304,3533,3301,3300,26.3157901763916,0,0,0,0,0,0,0,252010.90936279297,58135.16394042969,93670.05883789063,0.3956298828125,33572028416,0,850460672,0
0,1762416542445,3300,3301,800,3307,3304,3533,3301,3300,26.3157901763916,0,0,0,0,0,0,0,252010.91033935547,58135.16833496094,93670.06048583984,0.3956298828125,33572028416,0,850460672,0
0,1762416542447,3300,3301,800,3307,3304,3533,3301,3300,26.3157901763916,0,0,0,0,0,0,0,252010.91131591797,58135.17272949219,93670.06188964844,0.3956298828125,33572028416,0,850460672,0
0,1762416542448,3300,3301,800,3307,3304,3533,3301,3300,26.3157901763916,0,0,0,0,0,0,0,252010.91229248047,58135.177307128906,93670.0634765625,0.3956298828125,33572028416,0,850460672,0
1,1762416542449,3300,3301,800,3307,3304,3533,3301,3300,26.3157901763916,0,0,0,0,0,0,0,252010.91326904297,58135.18182373047,93670.0648803711,0.3956298828125,33572028416,0,850460672,0
1,1762416542450,3300,3301,800,3307,3304,3533,3301,3300,26.3157901763916,0,0,0,0,0,0,0,252010.91430664063,58135.1865234375,93670.06622314453,0.3956298828125,33572028416,0,850460672,0
1,1762416542451,3300,3301,800,3307,3304,3533,3301,3300,26.3157901763916,0,0,0,0,0,0,0,252010.91528320313,58135.19091796875,93670.06756591797,0.3956298828125,33572028416,0,850460672,0
1,1762416542452,3300,3301,800,3307,3304,3533,3301,3300,26.3157901763916,0,0,0,0,0,0,0,252010.91625976563,58135.195556640625,93670.06921386719,0.3956298828125,33572028416,0,850460672,0
1,1762416542453,3300,3301,800,3307,3304,3533,3301,3300,26.3157901763916,0,0,0,0,0,0,0,252010.91723632813,58135.20001220703,93670.07055664063,0.3956298828125,33572028416,0,850460672,0
1,1762416542454,3300,3301,800,3307,3304,3533,3301,3300,26.3157901763916,0,0,0,0,0,0,0,252010.91827392578,58135.20446777344,93670.07202148438,0.3956298828125,33572028416,0,850460672,0
1,1762416542455,3300,3301,800,3307,3304,3533,3301,3300,26.3157901763916,0,0,0,0,0,0,0,252010.92022705078,58135.21270751953,93670.07318115234,0.3956298828125,33572028416,0,850460672,0
0,1762416542456,3300,3301,800,3307,3304,3533,3301,3300,26.3157901763916,0,0,0,0,0,0,0,252010.92120361328,58135.217041015625,93670.07452392578,0.3956298828125,33572028416,0,850460672,0
0,1762416542458,3300,3301,800,3307,3304,3533,3301,3300,26.3157901763916,0,0,0,0,0,0,0,252010.92224121094,58135.22137451172,93670.07568359375,0.3956298828125,33572028416,0,850460672,0
0,1762416542459,3300,3301,800,3307,3304,3533,3301,3300,26.3157901763916,0,0,0,0,0,0,0,252010.92315673828,58135.225646972656,93670.07727050781,0.3956298828125,33572028416,0,850460672,0
1,1762416542460,3300,3301,800,3307,3304,3533,3301,3300,26.3157901763916,0,0,0,0,0,0,0,252010.92419433594,58135.23046875,93670.07891845703,0.3956298828125,33572028416,0,850460672,0
1,1762416542461,3300,3301,800,3307,3304,3533,3301,3300,26.3157901763916,0,0,0,0,0,0,0,252010.92517089844,58135.235107421875,93670.08044433594,0.3956298828125,33572028416,0,850460672,0
1,1762416542462,3300,3301,800,3307,3304,3533,3301,3300,26.3157901763916,0,0,0,0,0,0,0,252010.9262084961,58135.239807128906,93670.08197021484,0.3956298828125,33572028416,0,850460672,0
1,1762416542463,3300,3301,800,3307,3304,3533,3301,3300,26.3157901763916,0,0,0,0,0,0,0,252010.9271850586,58135.24432373047,93670.08331298828,0.3956298828125,33572028416,0,850460672,0
1,1762416542464,3300,3301,800,3307,3304,3533,3301,3300,26.3157901763916,0,0,0,0,0,0,0,252010.92810058594,58135.24865722656,93670.08471679688,0.3956298828125,33572028416,0,850460672,0
1,1762416542465,3300,3301,800,3307,3304,3533,3301,3300,26.3157901763916,0,0,0,0,0,0,0,252010.9291381836,58135.25323486328,93670.08599853516,0.3956298828125,33572028416,0,850460672,0
1,1762416542466,3300,3301,800,3307,3304,3533,3301,3300,26.3157901763916,0,0,0,0,0,0,0,252010.93115234375,58135.26159667969,93670.08721923828,0.3956298828125,33572028416,0,850460672,0
0,1762416542467,3300,3301,800,3307,3304,3533,3301,3300,26.3157901763916,0,0,0,0,0,0,0,252010.93212890625,58135.26593017578,93670.08892822266,0.3956298828125,33572028416,0,850460672,0
0,1762416542469,3300,3301,800,3307,3304,3533,3301,3300,26.3157901763916,0,0,0,0,0,0,0,252010.93310546875,58135.270446777344,93670.09033203125,0.3956298828125,33572028416,0,850460672,0
0,1762416542470,3300,3301,800,3307,3304,3533,3301,3300,26.3157901763916,0,0,0,0,0,0,0,252010.93408203125,58135.27502441406,93670.09216308594,0.3956298828125,33572028416,0,850460672,0
1,1762416542471,3300,3301,800,3307,3304,3533,3301,3300,17.647058486938477,0,0,0,0,0,0,0,252010.93505859375,58135.27990722656,93670.09375,0.3956298828125,33572028416,0,850460672,0
1,1762416542472,3300,3301,800,3307,3304,3533,3301,3300,17.647058486938477,0,0,0,0,0,0,0,252010.9360961914,58135.284423828125,93670.09490966797,0.3956298828125,33572028416,0,850460672,0
1,1762416542473,3300,3301,800,3307,3304,3533,3301,3300,17.647058486938477,0,0,0,0,0,0,0,252010.9370727539,58135.289001464844,93670.0966796875,0.3956298828125,33572028416,0,850460672,0
1,1762416542474,3300,3301,800,3307,3304,3533,3301,3300,17.647058486938477,0,0,0,0,0,0,0,252010.9380493164,58135.293701171875,93670.09814453125,0.3956298828125,33572028416,0,850460672,0
1,1762416542475,3300,3301,800,3307,3304,3533,3301,3300,17.647058486938477,0,0,0,0,0,0,0,252010.93908691406,58135.298278808594,93670.09942626953,0.3956298828125,33572028416,0,850460672,0
1,1762416542476,3300,3301,800,3307,3304,3533,3301,3300,17.647058486938477,0,0,0,0,0,0,0,252010.94006347656,58135.30261230469,93670.10070800781,0.3956298828125,33572028416,0,850460672,0
1,1762416542477,3300,3301,800,3307,3304,3533,3301,3300,17.647058486938477,0,0,0,0,0,0,0,252010.94201660156,58135.31066894531,93670.10186767578,0.3956298828125,33572028416,0,850460672,0
0,1762416542478,3300,3301,800,3307,3304,3533,3301,3300,17.647058486938477,0,0,0,0,0,0,0,252010.94305419922,58135.31512451172,93670.10321044922,0.3956298828125,33572028416,0,850460672,0
0,1762416542480,3300,3301,800,3307,3304,3533,3301,3300,17.647058486938477,0,0,0,0,0,0,0,252010.94396972656,58135.31921386719,93670.10443115234,0.3956298828125,33572028416,0,850460672,0
0,1762416542481,3300,3301,800,3307,3304,3533,3301,3300,17.647058486938477,0,0,0,0,0,0,0,252010.94500732422,58135.32385253906,93670.10607910156,0.3956298828125,33572028416,0,850460672,0
1,1762416542482,3300,3301,800,3307,3304,3533,3301,3300,17.647058486938477,0,0,0,0,0,0,0,252010.94598388672,58135.32861328125,93670.10772705078,0.3956298828125,33572028416,0,850460672,0
1,1762416542483,3300,3301,800,3307,3304,3533,3301,3300,17.647058486938477,0,0,0,0,0,0,0,252010.94696044922,58135.33312988281,93670.10919189453,0.3956298828125,33572028416,0,850460672,0
1,1762416542484,3300,3301,800,3307,3304,3533,3301,3300,17.647058486938477,0,0,0,0,0,0,0,252010.94799804688,58135.33776855469,93670.11059570313,0.3956298828125,33572028416,0,850460672,0
1,1762416542485,3300,3301,800,3307,3304,3533,3301,3300,17.647058486938477,0,0,0,0,0,0,0,252010.94897460938,58135.342224121094,93670.11181640625,0.3956298828125,33572028416,0,850460672,0
1,1762416542486,3300,3301,800,3307,3304,3533,3301,3300,17.647058486938477,0,0,0,0,0,0,0,252010.94995117188,58135.346618652344,93670.11322021484,0.3956298828125,33572028416,0,850460672,0
1,1762416542487,3300,3301,800,3307,3304,3533,3301,3300,17.647058486938477,0,0,0,0,0,0,0,252010.95092773438,58135.35089111328,93670.1146850586,0.3956298828125,33572028416,0,850460672,0
0,1762416542488,3300,3301,800,3307,3304,3533,3301,3300,17.647058486938477,0,0,0,0,0,0,0,252010.95294189453,58135.35949707031,93670.11602783203,0.3956298828125,33572028416,0,850460672,0
0,1762416542489,3300,3301,800,3307,3304,3533,3301,3300,17.647058486938477,0,0,0,0,0,0,0,252010.95391845703,58135.364013671875,93670.11755371094,0.3956298828125,33572028416,0,850460672,0
0,1762416542491,3300,3301,800,3307,3304,3533,3301,3300,17.647058486938477,0,0,0,0,0,0,0,252010.95489501953,58135.36846923828,93670.11895751953,0.3956298828125,33572028416,0,850460672,0
0,1762416542492,3300,3301,800,3307,3304,3533,3301,3300,17.647058486938477,0,0,0,0,0,0,0,252010.9559326172,58135.373046875,93670.12030029297,0.3956298828125,33572028416,0,850460672,0
1,1762416542493,3300,3301,800,3307,3304,3533,3301,3300,17.647058486938477,0,0,0,0,0,0,0,252010.95684814453,58135.37744140625,93670.12182617188,0.3956298828125,33572028416,0,850460672,0
1,1762416542494,3300,3301,800,3307,3304,3533,3301,3300,17.647058486938477,0,0,0,0,0,0,0,252010.9578857422,58135.38214111328,93670.1234741211,0.3956298828125,33572028416,0,850460672,0
1,1762416542495,3300,3301,800,3307,3304,3533,3301,3300,17.647058486938477,0,0,0,0,0,0,0,252010.9588623047,58135.38684082031,93670.12512207031,0.3956298828125,33572028416,0,850460672,0
1,1762416542496,3300,3301,800,3307,3304,3533,3301,3300,17.647058486938477,0,0,0,0,0,0,0,252010.9598388672,58135.39141845703,93670.1265258789,0.3956298828125,33572028416,0,850460672,0
1,1762416542497,3300,3301,800,3307,3304,3533,3301,3300,17.647058486938477,0,0,0,0,0,0,0,252010.96087646484,58135.39587402344,93670.12774658203,0.3956298828125,33572028416,0,850460672,0
1,1762416542498,3300,3301,800,3307,3304,3533,3301,3300,17.647058486938477,0,0,0,0,0,0,0,252010.9617919922,58135.40008544922,93670.12915039063,0.3956298828125,33572028416,0,850460672,0
1,1762416542499,3300,3301,800,3307,3304,3533,3301,3300,17.647058486938477,0,0,0,0,0,0,0,252010.96380615234,58135.40838623047,93670.1303100586,0.3956298828125,33572028416,0,850460672,0
0,1762416542500,3300,3301,800,3307,3304,3533,3301,3300,17.647058486938477,0,0,0,0,0,0,0,252010.96478271484,58135.41278076172,93670.13171386719,0.3956298828125,33572028416,0,850460672,0
0,1762416542502,3300,3301,800,3307,3304,3533,3301,3300,17.647058486938477,0,0,0,0,0,0,0,252010.9658203125,58135.41729736328,93670.13311767578,0.3956298828125,33572028416,0,850460672,0
0,1762416542503,3300,3301,800,3307,3304,3533,3301,3300,17.647058486938477,0,0,0,0,0,0,0,252010.966796875,58135.421936035156,93670.13470458984,0.3956298828125,33572028416,0,850460672,0
1,1762416542504,3300,3301,800,3307,3304,3533,3301,3300,17.647058486938477,0,0,0,0,0,0,0,252010.9677734375,58135.42645263672,93670.13623046875,0.3956298828125,33572028416,0,850460672,0
1,1762416542505,3300,3301,800,3307,3304,3533,3301,3300,17.647058486938477,0,0,0,0,0,0,0,252010.96875,58135.43115234375,93670.13763427734,0.3956298828125,33572028416,0,850460672,0
1,1762416542506,3300,3301,800,3307,3304,3533,3301,3300,17.647058486938477,0,0,0,0,0,0,0,252010.96978759766,58135.436279296875,93670.13970947266,0.3956298828125,33572028416,0,850460672,0
1,1762416542507,3300,3301,800,3307,3304,3533,3301,3300,17.647058486938477,0,0,0,0,0,0,0,252010.97076416016,58135.44073486328,93670.14086914063,0.3956298828125,33572028416,0,850460672,0
1,1762416542508,3300,3301,800,3307,3304,3533,3301,3300,17.647058486938477,0,0,0,0,0,0,0,252010.97174072266,58135.445068359375,93670.14251708984,0.3956298828125,33572028416,0,850460672,0
1,1762416542509,3300,3301,800,3307,3304,3533,3301,3300,17.647058486938477,0,0,0,0,0,0,0,252010.97271728516,58135.44952392578,93670.14385986328,0.3956298828125,33572028416,0,850460672,0
1,1762416542510,3300,3301,800,3307,3304,3533,3301,3300,17.647058486938477,0,0,0,0,0,0,0,252010.9747314453,58135.45391845703,93670.14538574219,0.3956298828125,33572028416,0,850460672,0
0,1762416542511,3300,3301,800,3307,3304,3533,3301,3300,17.647058486938477,0,0,0,0,0,0,0,252010.9757080078,58135.46301269531,93670.14715576172,0.3956298828125,33572028416,0,850460672,0
0,1762416542513,3300,3301,800,3307,3304,3533,3301,3300,17.647058486938477,0,0,0,0,0,0,0,252010.9766845703,58135.46746826172,93670.14880371094,0.3956298828125,33572028416,0,850460672,0
0,1762416542514,3300,3301,800,3307,3304,3533,3301,3300,17.647058486938477,0,0,0,0,0,0,0,252010.9776611328,58135.47204589844,93670.15020751953,0.3956298828125,33572028416,0,850460672,0
1,1762416542515,3300,3301,800,3307,3304,3533,3301,3300,17.647058486938477,0,0,0,0,0,0,0,252010.97869873047,58135.47674560547,93670.15185546875,0.3956298828125,33572028416,0,850460672,0
1,1762416542516,3300,3301,800,3307,3304,3533,3301,3300,17.647058486938477,0,0,0,0,0,0,0,252010.97967529297,58135.48175048828,93670.15368652344,0.3956298828125,33572028416,0,850460672,0
1,1762416542517,3300,3301,800,3307,3304,3533,3301,3300,17.647058486938477,0,0,0,0,0,0,0,252010.98065185547,58135.48645019531,93670.15539550781,0.3956298828125,33572028416,0,850460672,0
1,1762416542518,3300,3301,800,3307,3304,3533,3301,3300,17.647058486938477,0,0,0,0,0,0,0,252010.98162841797,58135.490966796875,93670.15661621094,0.3956298828125,33572028416,0,850460672,0
1,1762416542519,3300,3301,800,3307,3304,3533,3301,3300,17.647058486938477,0,0,0,0,0,0,0,252010.98266601563,58135.49542236328,93670.15795898438,0.3956298828125,33572028416,0,850460672,0
1,1762416542520,3300,3301,800,3307,3304,3533,3301,3300,17.647058486938477,0,0,0,0,0,0,0,252010.98364257813,58135.499572753906,93670.1591796875,0.3956298828125,33572028416,0,850460672,0
1,1762416542521,3300,3301,800,3307,3304,3533,3301,3300,17.647058486938477,0,0,0,0,0,0,0,252010.98559570313,58135.50799560547,93670.16046142578,0.3956298828125,33572028416,0,850460672,0
0,1762416542522,3300,3301,800,3307,3304,3533,3301,3300,17.647058486938477,0,0,0,0,0,0,0,252010.98663330078,58135.512451171875,93670.16192626953,0.3956298828125,33572028416,0,850460672,0
0,1762416542524,3300,3301,800,3307,3304,3533,3301,3300,17.647058486938477,0,0,0,0,0,0,0,252010.98754882813,58135.516662597656,93670.16339111328,0.3956298828125,33572028416,0,850460672,0
0,1762416542525,3300,3301,800,3307,3304,3533,3301,3300,17.647058486938477,0,0,0,0,0,0,0,252010.98858642578,58135.52130126953,93670.16510009766,0.3956298828125,33572028416,0,850460672,0
1,1762416542526,3300,3301,800,3307,3304,3533,3301,3300,17.647058486938477,0,0,0,0,0,0,0,252010.98956298828,58135.52587890625,93670.1664428711,0.3956298828125,33572028416,0,850460672,0
1,1762416542527,3300,3301,800,3307,3304,3533,3301,3300,17.647058486938477,0,0,0,0,0,0,0,252010.99060058594,58135.530517578125,93670.16766357422,0.3956298828125,33572028416,0,850460672,0
1,1762416542528,3300,3301,800,3307,3304,3533,3301,3300,17.647058486938477,0,0,0,0,0,0,0,252010.99157714844,58135.53497314453,93670.16925048828,0.3956298828125,33572028416,0,850460672,0
1,1762416542529,3300,3301,800,3307,3304,3533,3301,3300,17.647058486938477,0,0,0,0,0,0,0,252010.99255371094,58135.539489746094,93670.17041015625,0.3956298828125,33572028416,0,850460672,0
1,1762416542530,3300,3301,800,3307,3304,3533,3301,3300,17.647058486938477,0,0,0,0,0,0,0,252010.99353027344,58135.5439453125,93670.17193603516,0.3956298828125,33572028416,0,850460672,0
1,1762416542531,3300,3301,800,3307,3304,3533,3301,3300,17.647058486938477,0,0,0,0,0,0,0,252010.9945678711,58135.548400878906,93670.1734008789,0.3956298828125,33572028416,0,850460672,0
1,1762416542532,3300,3301,800,3307,3304,3533,3301,3300,17.647058486938477,0,0,0,0,0,0,0,252010.9965209961,58135.557067871094,93670.17486572266,0.3956298828125,33572028416,0,850460672,0
0,1762416542533,3300,3301,800,3307,3304,3533,3301,3300,17.647058486938477,0,0,0,0,0,0,0,252010.9974975586,58135.56140136719,93670.17626953125,0.3956298828125,33572028416,0,850460672,0
0,1762416542535,3300,3301,800,3307,3304,3533,3301,3300,17.647058486938477,0,0,0,0,0,0,0,252010.9984741211,58135.56573486328,93670.17767333984,0.3956298828125,33572028416,0,850460672,0
0,1762416542536,3300,3301,800,3307,3304,3533,3301,3300,17.647058486938477,0,0,0,0,0,0,0,252010.9994506836,58135.5703125,93670.1792602539,0.3956298828125,33572028416,0,850460672,0
0,1762416542537,3300,3301,800,3307,3304,3533,3301,3300,17.647058486938477,0,0,0,0,0,0,0,252011.00048828125,58135.57507324219,93670.18090820313,0.3956298828125,33572028416,0,850460672,0
1,1762416542538,3300,3301,800,3307,3304,3533,3301,3300,17.647058486938477,0,0,0,0,0,0,0,252011.00146484375,58135.579528808594,93670.18237304688,0.3956298828125,33572028416,0,850460672,0
1,1762416542539,3300,3301,800,3307,3304,3533,3301,3300,17.647058486938477,0,0,0,0,0,0,0,252011.00244140625,58135.584228515625,93670.18389892578,0.3956298828125,33572028416,0,850460672,0
1,1762416542540,3300,3301,800,3307,3304,3533,3301,3300,17.647058486938477,0,0,0,0,0,0,0,252011.00341796875,58135.58874511719,93670.1851196289,0.3956298828125,33572028416,0,850460672,0
1,1762416542541,3300,3301,800,3307,3304,3533,3301,3300,17.647058486938477,0,0,0,0,0,0,0,252011.0044555664,58135.59326171875,93670.1865234375,0.3956298828125,33572028416,0,850460672,0
1,1762416542542,3300,3301,800,3307,3304,3533,3301,3300,17.647058486938477,0,0,0,0,0,0,0,252011.0054321289,58135.59753417969,93670.18786621094,0.3956298828125,33572028416,0,850460672,0
1,1762416542543,3300,3301,800,3307,3304,3533,3301,3300,17.647058486938477,0,0,0,0,0,0,0,252011.00744628906,58135.60595703125,93670.18896484375,0.3956298828125,33572028416,0,850460672,0
0,1762416542544,3300,3301,800,3307,3304,3533,3301,3300,17.647058486938477,0,0,0,0,0,0,0,252011.00848388672,58135.6103515625,93670.19061279297,0.3956298828125,33572028416,0,850460672,0
