scaphandre::sensors: Sysinfo sees 8
Scaphandre stdout exporter
Sending ⚡ metrics
Measurement step is: 1ms
scaphandre::sensors: Not enough records for socket
Host:	0 W from 
	package 	core		dram		uncore
Top 5 consumers:
Power		PID	Exe
No processes found yet or filter returns no value.
------------------------------------------------------------

Host:	6.02644 W from 
	package 	core		dram		uncore
Socket0	8.006707 W |	4.283349 W	1.151569 W	0 W	

Top 5 consumers:
Power		PID	Exe
0.12620817 W	2185940	"/home/boggy/ref_rapl/scaphandre/target/release/scaphandre"
0 W	19	""
0 W	2185654	""
0 W	999	""
0 W	66	""
------------------------------------------------------------

Host:	5.858558 W from 
	package 	core		dram		uncore
Socket0	5.049878 W |	1.522707 W	1.044589 W	0 W	

Top 5 consumers:
Power		PID	Exe
0.15336539 W	2185940	"/home/boggy/ref_rapl/scaphandre/target/release/scaphandre"
0 W	19	""
0 W	2185654	""
0 W	999	""
0 W	66	""
------------------------------------------------------------

Host:	6.068892 W from 
	package 	core		dram		uncore
Socket0	4.940804 W |	1.382533 W	1.035489 W	0 W	

Top 5 consumers:
Power		PID	Exe
0.15887152 W	2185940	"/home/boggy/ref_rapl/scaphandre/target/release/scaphandre"
0 W	19	""
0 W	2185654	""
0 W	999	""
0 W	66	""
------------------------------------------------------------

Host:	5.979538 W from 
	package 	core		dram		uncore
Socket0	4.946614 W |	1.489061 W	1.052159 W	0 W	

Top 5 consumers:
Power		PID	Exe
0.12522593 W	2185940	"/home/boggy/ref_rapl/scaphandre/target/release/scaphandre"
0 W	19	""
0 W	2185654	""
0 W	999	""
0 W	66	""
------------------------------------------------------------

Host:	5.985386 W from 
	package 	core		dram		uncore
Socket0	5.017675 W |	1.472485 W	1.036629 W	0 W	

Top 5 consumers:
Power		PID	Exe
0.14387949 W	2185940	"/home/boggy/ref_rapl/scaphandre/target/release/scaphandre"
0 W	19	""
0 W	2185654	""
0 W	999	""
0 W	66	""
------------------------------------------------------------

Host:	6.02144 W from 
	package 	core		dram		uncore
Socket0	4.938483 W |	1.457046 W	1.038396 W	0 W	

Top 5 consumers:
Power		PID	Exe
0.08684769 W	2185940	"/home/boggy/ref_rapl/scaphandre/target/release/scaphandre"
0 W	19	""
0 W	2185654	""
0 W	999	""
0 W	66	""
------------------------------------------------------------

Host:	6.244469 W from 
	package 	core		dram		uncore
Socket0	4.932848 W |	1.492657 W	1.046762 W	0 W	

Top 5 consumers:
Power		PID	Exe
0.18012892 W	2185940	"/home/boggy/ref_rapl/scaphandre/target/release/scaphandre"
0.030021487 W	1335	""
0 W	19	""
0 W	2185654	""
0 W	999	""
------------------------------------------------------------

Host:	5.992566 W from 
	package 	core		dram		uncore
Socket0	5.231029 W |	1.66437 W	1.058548 W	0 W	

Top 5 consumers:
Power		PID	Exe
0.115241654 W	2185940	"/home/boggy/ref_rapl/scaphandre/target/release/scaphandre"
0 W	19	""
0 W	2185654	""
0 W	999	""
0 W	66	""
------------------------------------------------------------

Host:	5.994683 W from 
	package 	core		dram		uncore
Socket0	4.942661 W |	1.438251 W	1.041219 W	0 W	

Top 5 consumers:
Power		PID	Exe
0.11754281 W	2185940	"/home/boggy/ref_rapl/scaphandre/target/release/scaphandre"
0 W	19	""
0 W	2185654	""
0 W	999	""
0 W	66	""
------------------------------------------------------------

Host:	6.003198 W from 
	package 	core		dram		uncore
Socket0	4.959973 W |	1.507828 W	1.040807 W	0 W	

Top 5 consumers:
Power		PID	Exe
0.08828232 W	2185940	"/home/boggy/ref_rapl/scaphandre/target/release/scaphandre"
0 W	19	""
0 W	2185654	""
0 W	999	""
0 W	66	""
------------------------------------------------------------

Host:	6.04099 W from 
	package 	core		dram		uncore
Socket0	4.904431 W |	1.473333 W	1.044988 W	0 W	

Top 5 consumers:
Power		PID	Exe
0.17767617 W	2185940	"/home/boggy/ref_rapl/scaphandre/target/release/scaphandre"
0 W	19	""
0 W	2185654	""
0 W	999	""
0 W	66	""
------------------------------------------------------------

Host:	6.243036 W from 
	package 	core		dram		uncore
Socket0	4.999842 W |	1.490832 W	1.04465 W	0 W	

Top 5 consumers:
Power		PID	Exe
0.12241247 W	2185940	"/home/boggy/ref_rapl/scaphandre/target/release/scaphandre"
0.030603118 W	1938587	""
0 W	19	""
0 W	2185654	""
0 W	999	""
------------------------------------------------------------

Host:	5.993417 W from 
	package 	core		dram		uncore
Socket0	5.174377 W |	1.647957 W	1.043234 W	0 W	

Top 5 consumers:
Power		PID	Exe
0.14547127 W	2185940	"/home/boggy/ref_rapl/scaphandre/target/release/scaphandre"
0 W	19	""
0 W	2185654	""
0 W	999	""
0 W	66	""
------------------------------------------------------------

Host:	5.917753 W from 
	package 	core		dram		uncore
Socket0	4.945244 W |	1.449136 W	1.039982 W	0 W	

Top 5 consumers:
Power		PID	Exe
0.11490782 W	2185940	"/home/boggy/ref_rapl/scaphandre/target/release/scaphandre"
0 W	19	""
0 W	2185654	""
0 W	999	""
0 W	66	""
------------------------------------------------------------

Host:	6.078994 W from 
	package 	core		dram		uncore
Socket0	4.958876 W |	1.44094 W	1.027902 W	0 W	

Top 5 consumers:
Power		PID	Exe
0.11803872 W	2185940	"/home/boggy/ref_rapl/scaphandre/target/release/scaphandre"
0 W	19	""
0 W	2185654	""
0 W	999	""
0 W	66	""
------------------------------------------------------------

Host:	11.197465 W from 
	package 	core		dram		uncore
Socket0	4.935779 W |	1.44177 W	1.04292 W	0 W	

Top 5 consumers:
Power		PID	Exe
0.28348014 W	2185940	"/home/boggy/ref_rapl/scaphandre/target/release/scaphandre"
0.28348014 W	2185961	"/home/boggy/ref_rapl/energy_exp_server/NPB3.4.3/NPB3.4-MPI/bin/mg.C.x"
0.28348014 W	2185959	"/home/boggy/ref_rapl/energy_exp_server/NPB3.4.3/NPB3.4-MPI/bin/mg.C.x"
0.21261008 W	2185960	"/home/boggy/ref_rapl/energy_exp_server/NPB3.4.3/NPB3.4-MPI/bin/mg.C.x"
0.21261008 W	2185962	"/home/boggy/ref_rapl/energy_exp_server/NPB3.4.3/NPB3.4-MPI/bin/mg.C.x"
------------------------------------------------------------

Host:	12.667977 W from 
	package 	core		dram		uncore
Socket0	10.588679 W |	6.875183 W	1.725376 W	0 W	

Top 5 consumers:
Power		PID	Exe
0.7215936 W	2185962	"/home/boggy/ref_rapl/energy_exp_server/NPB3.4.3/NPB3.4-MPI/bin/mg.C.x"
0.7215936 W	2185959	"/home/boggy/ref_rapl/energy_exp_server/NPB3.4.3/NPB3.4-MPI/bin/mg.C.x"
0.64141655 W	2185960	"/home/boggy/ref_rapl/energy_exp_server/NPB3.4.3/NPB3.4-MPI/bin/mg.C.x"
0.64141655 W	2185961	"/home/boggy/ref_rapl/energy_exp_server/NPB3.4.3/NPB3.4-MPI/bin/mg.C.x"
0.5612395 W	2185940	"/home/boggy/ref_rapl/scaphandre/target/release/scaphandre"
------------------------------------------------------------

Host:	12.857134 W from 
	package 	core		dram		uncore
Socket0	11.017989 W |	7.282837 W	1.802062 W	0 W	

Top 5 consumers:
Power		PID	Exe
0.73236835 W	2185960	"/home/boggy/ref_rapl/energy_exp_server/NPB3.4.3/NPB3.4-MPI/bin/mg.C.x"
0.6509941 W	2185962	"/home/boggy/ref_rapl/energy_exp_server/NPB3.4.3/NPB3.4-MPI/bin/mg.C.x"
0.6509941 W	2185961	"/home/boggy/ref_rapl/energy_exp_server/NPB3.4.3/NPB3.4-MPI/bin/mg.C.x"
0.6509941 W	2185959	"/home/boggy/ref_rapl/energy_exp_server/NPB3.4.3/NPB3.4-MPI/bin/mg.C.x"
0.5696199 W	2185940	"/home/boggy/ref_rapl/scaphandre/target/release/scaphandre"
------------------------------------------------------------

Host:	28.374267 W from 
	package 	core		dram		uncore
Socket0	11.331462 W |	7.72567 W	1.834387 W	0 W	

Top 5 consumers:
Power		PID	Exe
1.3231525 W	2185961	"/home/boggy/ref_rapl/energy_exp_server/NPB3.4.3/NPB3.4-MPI/bin/mg.C.x"
1.1761354 W	2185960	"/home/boggy/ref_rapl/energy_exp_server/NPB3.4.3/NPB3.4-MPI/bin/mg.C.x"
1.1761354 W	2185962	"/home/boggy/ref_rapl/energy_exp_server/NPB3.4.3/NPB3.4-MPI/bin/mg.C.x"
1.0291185 W	2185959	"/home/boggy/ref_rapl/energy_exp_server/NPB3.4.3/NPB3.4-MPI/bin/mg.C.x"
0.5880677 W	2185940	"/home/boggy/ref_rapl/scaphandre/target/release/scaphandre"
------------------------------------------------------------

Host:	49.35803 W from 
	package 	core		dram		uncore
Socket0	34.988945 W |	31.29229 W	2.394261 W	0 W	

Top 5 consumers:
Power		PID	Exe
1.7901876 W	2185959	"/home/boggy/ref_rapl/energy_exp_server/NPB3.4.3/NPB3.4-MPI/bin/mg.C.x"
1.5344465 W	2185962	"/home/boggy/ref_rapl/energy_exp_server/NPB3.4.3/NPB3.4-MPI/bin/mg.C.x"
1.2787055 W	2185960	"/home/boggy/ref_rapl/energy_exp_server/NPB3.4.3/NPB3.4-MPI/bin/mg.C.x"
1.2787055 W	2185961	"/home/boggy/ref_rapl/energy_exp_server/NPB3.4.3/NPB3.4-MPI/bin/mg.C.x"
0.76722324 W	2185940	"/home/boggy/ref_rapl/scaphandre/target/release/scaphandre"
------------------------------------------------------------

Host:	49.991606 W from 
	package 	core		dram		uncore
Socket0	46.719887 W |	42.46314 W	2.534005 W	0 W	

Top 5 consumers:
Power		PID	Exe
1.8131671 W	2185960	"/home/boggy/ref_rapl/energy_exp_server/NPB3.4.3/NPB3.4-MPI/bin/mg.C.x"
1.5541431 W	2185962	"/home/boggy/ref_rapl/energy_exp_server/NPB3.4.3/NPB3.4-MPI/bin/mg.C.x"
1.5541431 W	2185961	"/home/boggy/ref_rapl/energy_exp_server/NPB3.4.3/NPB3.4-MPI/bin/mg.C.x"
1.2951194 W	2185959	"/home/boggy/ref_rapl/energy_exp_server/NPB3.4.3/NPB3.4-MPI/bin/mg.C.x"
0.77707154 W	2185940	"/home/boggy/ref_rapl/scaphandre/target/release/scaphandre"
------------------------------------------------------------

Host:	51.696842 W from 
	package 	core		dram		uncore
Socket0	45.389393 W |	40.558697 W	4.189277 W	0 W	

Top 5 consumers:
Power		PID	Exe
1.875015 W	2185960	"/home/boggy/ref_rapl/energy_exp_server/NPB3.4.3/NPB3.4-MPI/bin/mg.C.x"
1.875015 W	2185962	"/home/boggy/ref_rapl/energy_exp_server/NPB3.4.3/NPB3.4-MPI/bin/mg.C.x"
1.875015 W	2185961	"/home/boggy/ref_rapl/energy_exp_server/NPB3.4.3/NPB3.4-MPI/bin/mg.C.x"
1.875015 W	2185959	"/home/boggy/ref_rapl/energy_exp_server/NPB3.4.3/NPB3.4-MPI/bin/mg.C.x"
1.0714371 W	2185940	"/home/boggy/ref_rapl/scaphandre/target/release/scaphandre"
------------------------------------------------------------

Host:	46.276188 W from 
	package 	core		dram		uncore
Socket0	49.58312 W |	45.38283 W	3.768647 W	0 W	

Top 5 consumers:
Power		PID	Exe
1.416618 W	2185962	"/home/boggy/ref_rapl/energy_exp_server/NPB3.4.3/NPB3.4-MPI/bin/mg.C.x"
1.416618 W	2185961	"/home/boggy/ref_rapl/energy_exp_server/NPB3.4.3/NPB3.4-MPI/bin/mg.C.x"
1.416618 W	2185959	"/home/boggy/ref_rapl/energy_exp_server/NPB3.4.3/NPB3.4-MPI/bin/mg.C.x"
1.180515 W	2185960	"/home/boggy/ref_rapl/energy_exp_server/NPB3.4.3/NPB3.4-MPI/bin/mg.C.x"
0.708309 W	2185940	"/home/boggy/ref_rapl/scaphandre/target/release/scaphandre"
------------------------------------------------------------

Host:	46.324164 W from 
	package 	core		dram		uncore
Socket0	39.877487 W |	34.67409 W	4.115243 W	0 W	

Top 5 consumers:
Power		PID	Exe
1.8907821 W	2185960	"/home/boggy/ref_rapl/energy_exp_server/NPB3.4.3/NPB3.4-MPI/bin/mg.C.x"
1.8907821 W	2185961	"/home/boggy/ref_rapl/energy_exp_server/NPB3.4.3/NPB3.4-MPI/bin/mg.C.x"
1.8907821 W	2185959	"/home/boggy/ref_rapl/energy_exp_server/NPB3.4.3/NPB3.4-MPI/bin/mg.C.x"
1.6544344 W	2185962	"/home/boggy/ref_rapl/energy_exp_server/NPB3.4.3/NPB3.4-MPI/bin/mg.C.x"
1.1817389 W	2185940	"/home/boggy/ref_rapl/scaphandre/target/release/scaphandre"
------------------------------------------------------------

Host:	52.768238 W from 
	package 	core		dram		uncore
Socket0	44.848465 W |	40.09453 W	4.060996 W	0 W	

Top 5 consumers:
Power		PID	Exe
1.6153543 W	2185960	"/home/boggy/ref_rapl/energy_exp_server/NPB3.4.3/NPB3.4-MPI/bin/mg.C.x"
1.6153543 W	2185962	"/home/boggy/ref_rapl/energy_exp_server/NPB3.4.3/NPB3.4-MPI/bin/mg.C.x"
1.3461285 W	2185961	"/home/boggy/ref_rapl/energy_exp_server/NPB3.4.3/NPB3.4-MPI/bin/mg.C.x"
1.3461285 W	2185959	"/home/boggy/ref_rapl/energy_exp_server/NPB3.4.3/NPB3.4-MPI/bin/mg.C.x"
0.5384514 W	2185940	"/home/boggy/ref_rapl/scaphandre/target/release/scaphandre"
------------------------------------------------------------

Host:	54.946365 W from 
	package 	core		dram		uncore
Socket0	49.38009 W |	45.23606 W	3.956922 W	0 W	

Top 5 consumers:
Power		PID	Exe
1.9623703 W	2185959	"/home/boggy/ref_rapl/energy_exp_server/NPB3.4.3/NPB3.4-MPI/bin/mg.C.x"
1.6820316 W	2185960	"/home/boggy/ref_rapl/energy_exp_server/NPB3.4.3/NPB3.4-MPI/bin/mg.C.x"
1.6820316 W	2185962	"/home/boggy/ref_rapl/energy_exp_server/NPB3.4.3/NPB3.4-MPI/bin/mg.C.x"
1.6820316 W	2185961	"/home/boggy/ref_rapl/energy_exp_server/NPB3.4.3/NPB3.4-MPI/bin/mg.C.x"
0.8410158 W	2185940	"/home/boggy/ref_rapl/scaphandre/target/release/scaphandre"
------------------------------------------------------------

Host:	54.315559 W from 
	package 	core		dram		uncore
Socket0	50.905903 W |	46.09819 W	4.041588 W	0 W	

Top 5 consumers:
Power		PID	Exe
1.8729502 W	2185961	"/home/boggy/ref_rapl/energy_exp_server/NPB3.4.3/NPB3.4-MPI/bin/mg.C.x"
1.3378216 W	2185960	"/home/boggy/ref_rapl/energy_exp_server/NPB3.4.3/NPB3.4-MPI/bin/mg.C.x"
1.3378216 W	2185962	"/home/boggy/ref_rapl/energy_exp_server/NPB3.4.3/NPB3.4-MPI/bin/mg.C.x"
1.3378216 W	2185959	"/home/boggy/ref_rapl/energy_exp_server/NPB3.4.3/NPB3.4-MPI/bin/mg.C.x"
0.5351287 W	2185940	"/home/boggy/ref_rapl/scaphandre/target/release/scaphandre"
------------------------------------------------------------

Host:	55.472473 W from 
	package 	core		dram		uncore
Socket0	50.155987 W |	46.153934 W	4.124893 W	0 W	

Top 5 consumers:
Power		PID	Exe
1.9128438 W	2185962	"/home/boggy/ref_rapl/energy_exp_server/NPB3.4.3/NPB3.4-MPI/bin/mg.C.x"
1.9128438 W	2185959	"/home/boggy/ref_rapl/energy_exp_server/NPB3.4.3/NPB3.4-MPI/bin/mg.C.x"
1.6395805 W	2185960	"/home/boggy/ref_rapl/energy_exp_server/NPB3.4.3/NPB3.4-MPI/bin/mg.C.x"
1.6395805 W	2185961	"/home/boggy/ref_rapl/energy_exp_server/NPB3.4.3/NPB3.4-MPI/bin/mg.C.x"
0.81979024 W	2185940	"/home/boggy/ref_rapl/scaphandre/target/release/scaphandre"
------------------------------------------------------------

Host:	51.790764 W from 
	package 	core		dram		uncore
Socket0	51.291126 W |	46.226 W	4.062039 W	0 W	

Top 5 consumers:
Power		PID	Exe
1.5307615 W	2185960	"/home/boggy/ref_rapl/energy_exp_server/NPB3.4.3/NPB3.4-MPI/bin/mg.C.x"
1.2756346 W	2185962	"/home/boggy/ref_rapl/energy_exp_server/NPB3.4.3/NPB3.4-MPI/bin/mg.C.x"
1.2756346 W	2185961	"/home/boggy/ref_rapl/energy_exp_server/NPB3.4.3/NPB3.4-MPI/bin/mg.C.x"
1.2756346 W	2185959	"/home/boggy/ref_rapl/energy_exp_server/NPB3.4.3/NPB3.4-MPI/bin/mg.C.x"
0.51025385 W	2185940	"/home/boggy/ref_rapl/scaphandre/target/release/scaphandre"
------------------------------------------------------------

Host:	51.575963 W from 
	package 	core		dram		uncore
Socket0	48.291134 W |	43.64125 W	3.939277 W	0 W	

Top 5 consumers:
Power		PID	Exe
1.5244128 W	2185960	"/home/boggy/ref_rapl/energy_exp_server/NPB3.4.3/NPB3.4-MPI/bin/mg.C.x"
1.5244128 W	2185961	"/home/boggy/ref_rapl/energy_exp_server/NPB3.4.3/NPB3.4-MPI/bin/mg.C.x"
1.2703439 W	2185962	"/home/boggy/ref_rapl/energy_exp_server/NPB3.4.3/NPB3.4-MPI/bin/mg.C.x"
1.2703439 W	2185959	"/home/boggy/ref_rapl/energy_exp_server/NPB3.4.3/NPB3.4-MPI/bin/mg.C.x"
0.7622064 W	2185940	"/home/boggy/ref_rapl/scaphandre/target/release/scaphandre"
------------------------------------------------------------

Host:	52.61705 W from 
	package 	core		dram		uncore
Socket0	47.213028 W |	42.84812 W	3.938597 W	0 W	

Top 5 consumers:
Power		PID	Exe
1.6973242 W	2185960	"/home/boggy/ref_rapl/energy_exp_server/NPB3.4.3/NPB3.4-MPI/bin/mg.C.x"
1.6973242 W	2185962	"/home/boggy/ref_rapl/energy_exp_server/NPB3.4.3/NPB3.4-MPI/bin/mg.C.x"
1.4144368 W	2185961	"/home/boggy/ref_rapl/energy_exp_server/NPB3.4.3/NPB3.4-MPI/bin/mg.C.x"
0.56577474 W	2185940	"/home/boggy/ref_rapl/scaphandre/target/release/scaphandre"
0.28288737 W	17	""
------------------------------------------------------------

Host:	45.794458 W from 
	package 	core		dram		uncore
Socket0	47.106697 W |	42.966568 W	4.229995 W	0 W	

Top 5 consumers:
Power		PID	Exe
1.4772404 W	2185960	"/home/boggy/ref_rapl/energy_exp_server/NPB3.4.3/NPB3.4-MPI/bin/mg.C.x"
1.4772404 W	2185962	"/home/boggy/ref_rapl/energy_exp_server/NPB3.4.3/NPB3.4-MPI/bin/mg.C.x"
1.4772404 W	2185961	"/home/boggy/ref_rapl/energy_exp_server/NPB3.4.3/NPB3.4-MPI/bin/mg.C.x"
1.4772404 W	2185959	"/home/boggy/ref_rapl/energy_exp_server/NPB3.4.3/NPB3.4-MPI/bin/mg.C.x"
0.9848271 W	2185940	"/home/boggy/ref_rapl/scaphandre/target/release/scaphandre"
------------------------------------------------------------

Host:	45.045845 W from 
	package 	core		dram		uncore
Socket0	41.08384 W |	35.667984 W	4.517976 W	0 W	

Top 5 consumers:
Power		PID	Exe
2.1796374 W	2185962	"/home/boggy/ref_rapl/energy_exp_server/NPB3.4.3/NPB3.4-MPI/bin/mg.C.x"
2.1796374 W	2185961	"/home/boggy/ref_rapl/energy_exp_server/NPB3.4.3/NPB3.4-MPI/bin/mg.C.x"
2.1796374 W	2185959	"/home/boggy/ref_rapl/energy_exp_server/NPB3.4.3/NPB3.4-MPI/bin/mg.C.x"
1.9374558 W	2185960	"/home/boggy/ref_rapl/energy_exp_server/NPB3.4.3/NPB3.4-MPI/bin/mg.C.x"
1.4530916 W	2185940	"/home/boggy/ref_rapl/scaphandre/target/release/scaphandre"
------------------------------------------------------------

Host:	52.351366 W from 
	package 	core		dram		uncore
Socket0	41.773743 W |	37.02745 W	4.113581 W	0 W	

Top 5 consumers:
Power		PID	Exe
1.9389395 W	2185960	"/home/boggy/ref_rapl/energy_exp_server/NPB3.4.3/NPB3.4-MPI/bin/mg.C.x"
1.9389395 W	2185962	"/home/boggy/ref_rapl/energy_exp_server/NPB3.4.3/NPB3.4-MPI/bin/mg.C.x"
1.9389395 W	2185961	"/home/boggy/ref_rapl/energy_exp_server/NPB3.4.3/NPB3.4-MPI/bin/mg.C.x"
1.6157829 W	2185959	"/home/boggy/ref_rapl/energy_exp_server/NPB3.4.3/NPB3.4-MPI/bin/mg.C.x"
0.64631313 W	2185940	"/home/boggy/ref_rapl/scaphandre/target/release/scaphandre"
------------------------------------------------------------

Host:	49.722058 W from 
	package 	core		dram		uncore
Socket0	48.597767 W |	43.667515 W	4.379463 W	0 W	

Top 5 consumers:
Power		PID	Exe
1.8415576 W	2185962	"/home/boggy/ref_rapl/energy_exp_server/NPB3.4.3/NPB3.4-MPI/bin/mg.C.x"
1.8415576 W	2185961	"/home/boggy/ref_rapl/energy_exp_server/NPB3.4.3/NPB3.4-MPI/bin/mg.C.x"
1.8415576 W	2185959	"/home/boggy/ref_rapl/energy_exp_server/NPB3.4.3/NPB3.4-MPI/bin/mg.C.x"
1.5346315 W	2185960	"/home/boggy/ref_rapl/energy_exp_server/NPB3.4.3/NPB3.4-MPI/bin/mg.C.x"
0.9207788 W	2185940	"/home/boggy/ref_rapl/scaphandre/target/release/scaphandre"
------------------------------------------------------------

Host:	49.466608 W from 
	package 	core		dram		uncore
Socket0	44.717144 W |	39.14487 W	4.482634 W	0 W	

Top 5 consumers:
Power		PID	Exe
1.8320965 W	2185960	"/home/boggy/ref_rapl/energy_exp_server/NPB3.4.3/NPB3.4-MPI/bin/mg.C.x"
1.8320965 W	2185959	"/home/boggy/ref_rapl/energy_exp_server/NPB3.4.3/NPB3.4-MPI/bin/mg.C.x"
1.5267472 W	2185962	"/home/boggy/ref_rapl/energy_exp_server/NPB3.4.3/NPB3.4-MPI/bin/mg.C.x"
1.5267472 W	2185961	"/home/boggy/ref_rapl/energy_exp_server/NPB3.4.3/NPB3.4-MPI/bin/mg.C.x"
0.6106989 W	2185940	"/home/boggy/ref_rapl/scaphandre/target/release/scaphandre"
------------------------------------------------------------

Host:	50.964007 W from 
	package 	core		dram		uncore
Socket0	45.440807 W |	40.02324 W	4.701171 W	0 W	

Top 5 consumers:
Power		PID	Exe
1.8875557 W	2185960	"/home/boggy/ref_rapl/energy_exp_server/NPB3.4.3/NPB3.4-MPI/bin/mg.C.x"
1.8875557 W	2185962	"/home/boggy/ref_rapl/energy_exp_server/NPB3.4.3/NPB3.4-MPI/bin/mg.C.x"
1.8875557 W	2185961	"/home/boggy/ref_rapl/energy_exp_server/NPB3.4.3/NPB3.4-MPI/bin/mg.C.x"
1.8875557 W	2185959	"/home/boggy/ref_rapl/energy_exp_server/NPB3.4.3/NPB3.4-MPI/bin/mg.C.x"
0.94377786 W	2185940	"/home/boggy/ref_rapl/scaphandre/target/release/scaphandre"
------------------------------------------------------------

Host:	51.339255 W from 
	package 	core		dram		uncore
Socket0	46.37939 W |	41.182224 W	4.78377 W	0 W	

Top 5 consumers:
Power		PID	Exe
1.6472487 W	2185960	"/home/boggy/ref_rapl/energy_exp_server/NPB3.4.3/NPB3.4-MPI/bin/mg.C.x"
1.6472487 W	2185962	"/home/boggy/ref_rapl/energy_exp_server/NPB3.4.3/NPB3.4-MPI/bin/mg.C.x"
1.6472487 W	2185961	"/home/boggy/ref_rapl/energy_exp_server/NPB3.4.3/NPB3.4-MPI/bin/mg.C.x"
1.6472487 W	2185959	"/home/boggy/ref_rapl/energy_exp_server/NPB3.4.3/NPB3.4-MPI/bin/mg.C.x"
0.54908293 W	2185940	"/home/boggy/ref_rapl/scaphandre/target/release/scaphandre"
------------------------------------------------------------

Host:	51.225424 W from 
	package 	core		dram		uncore
Socket0	45.65623 W |	41.05188 W	4.798313 W	0 W	

Top 5 consumers:
Power		PID	Exe
1.6435964 W	2185960	"/home/boggy/ref_rapl/energy_exp_server/NPB3.4.3/NPB3.4-MPI/bin/mg.C.x"
1.6435964 W	2185962	"/home/boggy/ref_rapl/energy_exp_server/NPB3.4.3/NPB3.4-MPI/bin/mg.C.x"
1.6435964 W	2185961	"/home/boggy/ref_rapl/energy_exp_server/NPB3.4.3/NPB3.4-MPI/bin/mg.C.x"
1.3696636 W	2185959	"/home/boggy/ref_rapl/energy_exp_server/NPB3.4.3/NPB3.4-MPI/bin/mg.C.x"
0.8217982 W	2185940	"/home/boggy/ref_rapl/scaphandre/target/release/scaphandre"
------------------------------------------------------------

Host:	50.845573 W from 
	package 	core		dram		uncore
Socket0	46.348473 W |	41.207355 W	4.776638 W	0 W	

Top 5 consumers:
Power		PID	Exe
1.9033103 W	2185959	"/home/boggy/ref_rapl/energy_exp_server/NPB3.4.3/NPB3.4-MPI/bin/mg.C.x"
1.6314086 W	2185960	"/home/boggy/ref_rapl/energy_exp_server/NPB3.4.3/NPB3.4-MPI/bin/mg.C.x"
1.6314086 W	2185962	"/home/boggy/ref_rapl/energy_exp_server/NPB3.4.3/NPB3.4-MPI/bin/mg.C.x"
1.6314086 W	2185961	"/home/boggy/ref_rapl/energy_exp_server/NPB3.4.3/NPB3.4-MPI/bin/mg.C.x"
0.8157043 W	2185940	"/home/boggy/ref_rapl/scaphandre/target/release/scaphandre"
------------------------------------------------------------

Host:	53.686716 W from 
	package 	core		dram		uncore
Socket0	46.606552 W |	41.597843 W	4.660127 W	0 W	

Top 5 consumers:
Power		PID	Exe
1.7225684 W	2185962	"/home/boggy/ref_rapl/energy_exp_server/NPB3.4.3/NPB3.4-MPI/bin/mg.C.x"
1.7225684 W	2185961	"/home/boggy/ref_rapl/energy_exp_server/NPB3.4.3/NPB3.4-MPI/bin/mg.C.x"
1.7225684 W	2185959	"/home/boggy/ref_rapl/energy_exp_server/NPB3.4.3/NPB3.4-MPI/bin/mg.C.x"
1.4354737 W	2185960	"/home/boggy/ref_rapl/energy_exp_server/NPB3.4.3/NPB3.4-MPI/bin/mg.C.x"
0.2870947 W	2185940	"/home/boggy/ref_rapl/scaphandre/target/release/scaphandre"
------------------------------------------------------------

Host:	53.557164 W from 
	package 	core		dram		uncore
Socket0	49.112514 W |	43.53245 W	4.599377 W	0 W	

Top 5 consumers:
Power		PID	Exe
1.7276504 W	2185960	"/home/boggy/ref_rapl/energy_exp_server/NPB3.4.3/NPB3.4-MPI/bin/mg.C.x"
1.4397087 W	2185962	"/home/boggy/ref_rapl/energy_exp_server/NPB3.4.3/NPB3.4-MPI/bin/mg.C.x"
1.4397087 W	2185961	"/home/boggy/ref_rapl/energy_exp_server/NPB3.4.3/NPB3.4-MPI/bin/mg.C.x"
1.4397087 W	2185959	"/home/boggy/ref_rapl/energy_exp_server/NPB3.4.3/NPB3.4-MPI/bin/mg.C.x"
0.8638252 W	2185940	"/home/boggy/ref_rapl/scaphandre/target/release/scaphandre"
------------------------------------------------------------

Host:	51.521393 W from 
	package 	core		dram		uncore
Socket0	48.82461 W |	43.642303 W	4.630922 W	0 W	

Top 5 consumers:
Power		PID	Exe
1.6619803 W	2185960	"/home/boggy/ref_rapl/energy_exp_server/NPB3.4.3/NPB3.4-MPI/bin/mg.C.x"
1.6619803 W	2185962	"/home/boggy/ref_rapl/energy_exp_server/NPB3.4.3/NPB3.4-MPI/bin/mg.C.x"
1.6619803 W	2185961	"/home/boggy/ref_rapl/energy_exp_server/NPB3.4.3/NPB3.4-MPI/bin/mg.C.x"
1.6619803 W	2185959	"/home/boggy/ref_rapl/energy_exp_server/NPB3.4.3/NPB3.4-MPI/bin/mg.C.x"
0.83099014 W	2185940	"/home/boggy/ref_rapl/scaphandre/target/release/scaphandre"
------------------------------------------------------------

Host:	50.729671 W from 
	package 	core		dram		uncore
Socket0	46.776894 W |	42.143356 W	4.224067 W	0 W	

Top 5 consumers:
Power		PID	Exe
1.6364409 W	2185961	"/home/boggy/ref_rapl/energy_exp_server/NPB3.4.3/NPB3.4-MPI/bin/mg.C.x"
1.6364409 W	2185959	"/home/boggy/ref_rapl/energy_exp_server/NPB3.4.3/NPB3.4-MPI/bin/mg.C.x"
1.3637009 W	2185960	"/home/boggy/ref_rapl/energy_exp_server/NPB3.4.3/NPB3.4-MPI/bin/mg.C.x"
1.3637009 W	2185962	"/home/boggy/ref_rapl/energy_exp_server/NPB3.4.3/NPB3.4-MPI/bin/mg.C.x"
0.81822044 W	2185940	"/home/boggy/ref_rapl/scaphandre/target/release/scaphandre"
------------------------------------------------------------

Host:	50.856398 W from 
	package 	core		dram		uncore
Socket0	46.325665 W |	41.176888 W	4.775326 W	0 W	

Top 5 consumers:
Power		PID	Exe
1.6405289 W	2185960	"/home/boggy/ref_rapl/energy_exp_server/NPB3.4.3/NPB3.4-MPI/bin/mg.C.x"
1.6405289 W	2185962	"/home/boggy/ref_rapl/energy_exp_server/NPB3.4.3/NPB3.4-MPI/bin/mg.C.x"
1.6405289 W	2185959	"/home/boggy/ref_rapl/energy_exp_server/NPB3.4.3/NPB3.4-MPI/bin/mg.C.x"
1.3671075 W	2185961	"/home/boggy/ref_rapl/energy_exp_server/NPB3.4.3/NPB3.4-MPI/bin/mg.C.x"
0.546843 W	2185940	"/home/boggy/ref_rapl/scaphandre/target/release/scaphandre"
------------------------------------------------------------

Host:	51.538027 W from 
	package 	core		dram		uncore
Socket0	46.860123 W |	41.214737 W	4.749736 W	0 W	

Top 5 consumers:
Power		PID	Exe
1.6805878 W	2185960	"/home/boggy/ref_rapl/energy_exp_server/NPB3.4.3/NPB3.4-MPI/bin/mg.C.x"
1.6805878 W	2185962	"/home/boggy/ref_rapl/energy_exp_server/NPB3.4.3/NPB3.4-MPI/bin/mg.C.x"
1.6805878 W	2185961	"/home/boggy/ref_rapl/energy_exp_server/NPB3.4.3/NPB3.4-MPI/bin/mg.C.x"
1.6805878 W	2185959	"/home/boggy/ref_rapl/energy_exp_server/NPB3.4.3/NPB3.4-MPI/bin/mg.C.x"
0.8402939 W	2185940	"/home/boggy/ref_rapl/scaphandre/target/release/scaphandre"
------------------------------------------------------------

Host:	49.934738 W from 
	package 	core		dram		uncore
Socket0	45.885395 W |	41.257195 W	4.800841 W	0 W	

Top 5 consumers:
Power		PID	Exe
1.6283066 W	2185960	"/home/boggy/ref_rapl/energy_exp_server/NPB3.4.3/NPB3.4-MPI/bin/mg.C.x"
1.6283066 W	2185962	"/home/boggy/ref_rapl/energy_exp_server/NPB3.4.3/NPB3.4-MPI/bin/mg.C.x"
1.6283066 W	2185961	"/home/boggy/ref_rapl/energy_exp_server/NPB3.4.3/NPB3.4-MPI/bin/mg.C.x"
1.3569223 W	2185959	"/home/boggy/ref_rapl/energy_exp_server/NPB3.4.3/NPB3.4-MPI/bin/mg.C.x"
0.5427689 W	2185940	"/home/boggy/ref_rapl/scaphandre/target/release/scaphandre"
------------------------------------------------------------

Host:	44.414538 W from 
	package 	core		dram		uncore
Socket0	45.5149 W |	40.529102 W	4.560179 W	0 W	

Top 5 consumers:
Power		PID	Exe
1.6896836 W	2185959	"/home/boggy/ref_rapl/energy_exp_server/NPB3.4.3/NPB3.4-MPI/bin/mg.C.x"
1.4483001 W	2185960	"/home/boggy/ref_rapl/energy_exp_server/NPB3.4.3/NPB3.4-MPI/bin/mg.C.x"
1.4483001 W	2185962	"/home/boggy/ref_rapl/energy_exp_server/NPB3.4.3/NPB3.4-MPI/bin/mg.C.x"
1.4483001 W	2185961	"/home/boggy/ref_rapl/energy_exp_server/NPB3.4.3/NPB3.4-MPI/bin/mg.C.x"
0.96553344 W	2185940	"/home/boggy/ref_rapl/scaphandre/target/release/scaphandre"
------------------------------------------------------------

Host:	41.982394 W from 
	package 	core		dram		uncore
Socket0	38.314167 W |	32.903294 W	4.534624 W	0 W	

Top 5 consumers:
Power		PID	Exe
2.3323553 W	2185962	"/home/boggy/ref_rapl/energy_exp_server/NPB3.4.3/NPB3.4-MPI/bin/mg.C.x"
2.3323553 W	2185961	"/home/boggy/ref_rapl/energy_exp_server/NPB3.4.3/NPB3.4-MPI/bin/mg.C.x"
2.0732045 W	2185960	"/home/boggy/ref_rapl/energy_exp_server/NPB3.4.3/NPB3.4-MPI/bin/mg.C.x"
2.0732045 W	2185959	"/home/boggy/ref_rapl/energy_exp_server/NPB3.4.3/NPB3.4-MPI/bin/mg.C.x"
1.5549035 W	2185940	"/home/boggy/ref_rapl/scaphandre/target/release/scaphandre"
------------------------------------------------------------

Host:	47.910677 W from 
	package 	core		dram		uncore
Socket0	38.53549 W |	33.526386 W	4.461998 W	0 W	

Top 5 consumers:
Power		PID	Exe
2.3659592 W	2185960	"/home/boggy/ref_rapl/energy_exp_server/NPB3.4.3/NPB3.4-MPI/bin/mg.C.x"
2.3659592 W	2185959	"/home/boggy/ref_rapl/energy_exp_server/NPB3.4.3/NPB3.4-MPI/bin/mg.C.x"
2.0702145 W	2185962	"/home/boggy/ref_rapl/energy_exp_server/NPB3.4.3/NPB3.4-MPI/bin/mg.C.x"
2.0702145 W	2185961	"/home/boggy/ref_rapl/energy_exp_server/NPB3.4.3/NPB3.4-MPI/bin/mg.C.x"
1.4787246 W	2185940	"/home/boggy/ref_rapl/scaphandre/target/release/scaphandre"
------------------------------------------------------------

Host:	54.808618 W from 
	package 	core		dram		uncore
Socket0	45.00747 W |	39.71884 W	4.476474 W	0 W	

Top 5 consumers:
Power		PID	Exe
2.0299487 W	2185960	"/home/boggy/ref_rapl/energy_exp_server/NPB3.4.3/NPB3.4-MPI/bin/mg.C.x"
2.0299487 W	2185962	"/home/boggy/ref_rapl/energy_exp_server/NPB3.4.3/NPB3.4-MPI/bin/mg.C.x"
2.0299487 W	2185961	"/home/boggy/ref_rapl/energy_exp_server/NPB3.4.3/NPB3.4-MPI/bin/mg.C.x"
2.0299487 W	2185959	"/home/boggy/ref_rapl/energy_exp_server/NPB3.4.3/NPB3.4-MPI/bin/mg.C.x"
1.0149744 W	2185940	"/home/boggy/ref_rapl/scaphandre/target/release/scaphandre"
------------------------------------------------------------

Host:	43.159633 W from 
	package 	core		dram		uncore
Socket0	44.517273 W |	39.943264 W	3.85814 W	0 W	

Top 5 consumers:
Power		PID	Exe
1.5506455 W	2185960	"/home/boggy/ref_rapl/energy_exp_server/NPB3.4.3/NPB3.4-MPI/bin/mg.C.x"
1.5506455 W	2185962	"/home/boggy/ref_rapl/energy_exp_server/NPB3.4.3/NPB3.4-MPI/bin/mg.C.x"
1.5506455 W	2185961	"/home/boggy/ref_rapl/energy_exp_server/NPB3.4.3/NPB3.4-MPI/bin/mg.C.x"
1.5506455 W	2185959	"/home/boggy/ref_rapl/energy_exp_server/NPB3.4.3/NPB3.4-MPI/bin/mg.C.x"
1.0337638 W	2185940	"/home/boggy/ref_rapl/scaphandre/target/release/scaphandre"
------------------------------------------------------------

Host:	47.791456 W from 
	package 	core		dram		uncore
Socket0	40.863987 W |	35.196 W	4.567684 W	0 W	

Top 5 consumers:
Power		PID	Exe
1.4308819 W	2185940	"/home/boggy/ref_rapl/scaphandre/target/release/scaphandre"
1.4308819 W	2185960	"/home/boggy/ref_rapl/energy_exp_server/NPB3.4.3/NPB3.4-MPI/bin/mg.C.x"
1.1447057 W	2185962	"/home/boggy/ref_rapl/energy_exp_server/NPB3.4.3/NPB3.4-MPI/bin/mg.C.x"
1.1447057 W	2185961	"/home/boggy/ref_rapl/energy_exp_server/NPB3.4.3/NPB3.4-MPI/bin/mg.C.x"
0.8585292 W	2185959	"/home/boggy/ref_rapl/energy_exp_server/NPB3.4.3/NPB3.4-MPI/bin/mg.C.x"
------------------------------------------------------------

Host:	51.678092 W from 
	package 	core		dram		uncore
Socket0	47.601208 W |	42.499996 W	4.73517 W	0 W	

Top 5 consumers:
Power		PID	Exe
0.928349 W	2185962	"/home/boggy/ref_rapl/energy_exp_server/NPB3.4.3/NPB3.4-MPI/bin/mg.C.x"
0.928349 W	2185961	"/home/boggy/ref_rapl/energy_exp_server/NPB3.4.3/NPB3.4-MPI/bin/mg.C.x"
0.928349 W	2185959	"/home/boggy/ref_rapl/energy_exp_server/NPB3.4.3/NPB3.4-MPI/bin/mg.C.x"
0.61889935 W	2185940	"/home/boggy/ref_rapl/scaphandre/target/release/scaphandre"
0.61889935 W	2185960	"/home/boggy/ref_rapl/energy_exp_server/NPB3.4.3/NPB3.4-MPI/bin/mg.C.x"
------------------------------------------------------------

Host:	53.345776 W from 
	package 	core		dram		uncore
Socket0	47.05976 W |	42.410538 W	4.751377 W	0 W	

Top 5 consumers:
Power		PID	Exe
0.9583074 W	2185960	"/home/boggy/ref_rapl/energy_exp_server/NPB3.4.3/NPB3.4-MPI/bin/mg.C.x"
0.6388716 W	2185940	"/home/boggy/ref_rapl/scaphandre/target/release/scaphandre"
0.6388716 W	2185962	"/home/boggy/ref_rapl/energy_exp_server/NPB3.4.3/NPB3.4-MPI/bin/mg.C.x"
0.6388716 W	2185961	"/home/boggy/ref_rapl/energy_exp_server/NPB3.4.3/NPB3.4-MPI/bin/mg.C.x"
0.6388716 W	2185959	"/home/boggy/ref_rapl/energy_exp_server/NPB3.4.3/NPB3.4-MPI/bin/mg.C.x"
------------------------------------------------------------

Host:	50.941518 W from 
	package 	core		dram		uncore
Socket0	46.927208 W |	42.44652 W	4.714641 W	0 W	

Top 5 consumers:
Power		PID	Exe
1.2201562 W	2185962	"/home/boggy/ref_rapl/energy_exp_server/NPB3.4.3/NPB3.4-MPI/bin/mg.C.x"
1.2201562 W	2185961	"/home/boggy/ref_rapl/energy_exp_server/NPB3.4.3/NPB3.4-MPI/bin/mg.C.x"
1.2201562 W	2185959	"/home/boggy/ref_rapl/energy_exp_server/NPB3.4.3/NPB3.4-MPI/bin/mg.C.x"
0.91511714 W	2185940	"/home/boggy/ref_rapl/scaphandre/target/release/scaphandre"
0.91511714 W	2185960	"/home/boggy/ref_rapl/energy_exp_server/NPB3.4.3/NPB3.4-MPI/bin/mg.C.x"
------------------------------------------------------------

Host:	51.952981 W from 
	package 	core		dram		uncore
Socket0	46.304684 W |	41.351784 W	4.915515 W	0 W	

Top 5 consumers:
Power		PID	Exe
0.93328714 W	2185940	"/home/boggy/ref_rapl/scaphandre/target/release/scaphandre"
0.93328714 W	2185960	"/home/boggy/ref_rapl/energy_exp_server/NPB3.4.3/NPB3.4-MPI/bin/mg.C.x"
0.93328714 W	2185962	"/home/boggy/ref_rapl/energy_exp_server/NPB3.4.3/NPB3.4-MPI/bin/mg.C.x"
0.93328714 W	2185961	"/home/boggy/ref_rapl/energy_exp_server/NPB3.4.3/NPB3.4-MPI/bin/mg.C.x"
0.93328714 W	2185959	"/home/boggy/ref_rapl/energy_exp_server/NPB3.4.3/NPB3.4-MPI/bin/mg.C.x"
------------------------------------------------------------

Host:	50.685378 W from 
	package 	core		dram		uncore
Socket0	46.645935 W |	41.253975 W	4.681338 W	0 W	

Top 5 consumers:
Power		PID	Exe
1.2140211 W	2185960	"/home/boggy/ref_rapl/energy_exp_server/NPB3.4.3/NPB3.4-MPI/bin/mg.C.x"
1.2140211 W	2185961	"/home/boggy/ref_rapl/energy_exp_server/NPB3.4.3/NPB3.4-MPI/bin/mg.C.x"
1.2140211 W	2185959	"/home/boggy/ref_rapl/energy_exp_server/NPB3.4.3/NPB3.4-MPI/bin/mg.C.x"
0.9105158 W	2185940	"/home/boggy/ref_rapl/scaphandre/target/release/scaphandre"
0.9105158 W	2185962	"/home/boggy/ref_rapl/energy_exp_server/NPB3.4.3/NPB3.4-MPI/bin/mg.C.x"
------------------------------------------------------------

Host:	51.003861 W from 
	package 	core		dram		uncore
Socket0	46.391056 W |	41.388428 W	4.776276 W	0 W	

Top 5 consumers:
Power		PID	Exe
1.1725025 W	2185962	"/home/boggy/ref_rapl/energy_exp_server/NPB3.4.3/NPB3.4-MPI/bin/mg.C.x"
0.8793769 W	2185960	"/home/boggy/ref_rapl/energy_exp_server/NPB3.4.3/NPB3.4-MPI/bin/mg.C.x"
0.8793769 W	2185961	"/home/boggy/ref_rapl/energy_exp_server/NPB3.4.3/NPB3.4-MPI/bin/mg.C.x"
0.8793769 W	2185959	"/home/boggy/ref_rapl/energy_exp_server/NPB3.4.3/NPB3.4-MPI/bin/mg.C.x"
0.58625126 W	2185940	"/home/boggy/ref_rapl/scaphandre/target/release/scaphandre"
------------------------------------------------------------

Host:	49.668263 W from 
	package 	core		dram		uncore
Socket0	45.898033 W |	41.263264 W	4.864499 W	0 W	

Top 5 consumers:
Power		PID	Exe
1.1417991 W	2185960	"/home/boggy/ref_rapl/energy_exp_server/NPB3.4.3/NPB3.4-MPI/bin/mg.C.x"
0.85634935 W	2185940	"/home/boggy/ref_rapl/scaphandre/target/release/scaphandre"
0.85634935 W	2185962	"/home/boggy/ref_rapl/energy_exp_server/NPB3.4.3/NPB3.4-MPI/bin/mg.C.x"
0.85634935 W	2185961	"/home/boggy/ref_rapl/energy_exp_server/NPB3.4.3/NPB3.4-MPI/bin/mg.C.x"
0.85634935 W	2185959	"/home/boggy/ref_rapl/energy_exp_server/NPB3.4.3/NPB3.4-MPI/bin/mg.C.x"
------------------------------------------------------------

Host:	52.687168 W from 
	package 	core		dram		uncore
Socket0	45.779037 W |	41.447044 W	3.908762 W	0 W	

Top 5 consumers:
Power		PID	Exe
0.90839946 W	2185940	"/home/boggy/ref_rapl/scaphandre/target/release/scaphandre"
0.90839946 W	2185962	"/home/boggy/ref_rapl/energy_exp_server/NPB3.4.3/NPB3.4-MPI/bin/mg.C.x"
0.90839946 W	2185961	"/home/boggy/ref_rapl/energy_exp_server/NPB3.4.3/NPB3.4-MPI/bin/mg.C.x"
0.90839946 W	2185959	"/home/boggy/ref_rapl/energy_exp_server/NPB3.4.3/NPB3.4-MPI/bin/mg.C.x"
0.60559964 W	2185960	"/home/boggy/ref_rapl/energy_exp_server/NPB3.4.3/NPB3.4-MPI/bin/mg.C.x"
------------------------------------------------------------

Host:	53.404073 W from 
	package 	core		dram		uncore
Socket0	49.614243 W |	44.505993 W	3.849049 W	0 W	

Top 5 consumers:
Power		PID	Exe
0.92075986 W	2185960	"/home/boggy/ref_rapl/energy_exp_server/NPB3.4.3/NPB3.4-MPI/bin/mg.C.x"
0.92075986 W	2185962	"/home/boggy/ref_rapl/energy_exp_server/NPB3.4.3/NPB3.4-MPI/bin/mg.C.x"
0.92075986 W	2185961	"/home/boggy/ref_rapl/energy_exp_server/NPB3.4.3/NPB3.4-MPI/bin/mg.C.x"
0.92075986 W	2185959	"/home/boggy/ref_rapl/energy_exp_server/NPB3.4.3/NPB3.4-MPI/bin/mg.C.x"
0.6138399 W	2185940	"/home/boggy/ref_rapl/scaphandre/target/release/scaphandre"
------------------------------------------------------------

Host:	48.866454 W from 
	package 	core		dram		uncore
Socket0	48.70639 W |	43.798103 W	3.692099 W	0 W	

Top 5 consumers:
Power		PID	Exe
0.84252506 W	2185960	"/home/boggy/ref_rapl/energy_exp_server/NPB3.4.3/NPB3.4-MPI/bin/mg.C.x"
0.84252506 W	2185962	"/home/boggy/ref_rapl/energy_exp_server/NPB3.4.3/NPB3.4-MPI/bin/mg.C.x"
0.84252506 W	2185961	"/home/boggy/ref_rapl/energy_exp_server/NPB3.4.3/NPB3.4-MPI/bin/mg.C.x"
0.84252506 W	2185959	"/home/boggy/ref_rapl/energy_exp_server/NPB3.4.3/NPB3.4-MPI/bin/mg.C.x"
0.56168336 W	2185940	"/home/boggy/ref_rapl/scaphandre/target/release/scaphandre"
------------------------------------------------------------

Host:	49.973815 W from 
	package 	core		dram		uncore
Socket0	44.935844 W |	40.213608 W	4.643728 W	0 W	

Top 5 consumers:
Power		PID	Exe
1.1488234 W	2185960	"/home/boggy/ref_rapl/energy_exp_server/NPB3.4.3/NPB3.4-MPI/bin/mg.C.x"
0.8616175 W	2185940	"/home/boggy/ref_rapl/scaphandre/target/release/scaphandre"
0.8616175 W	2185962	"/home/boggy/ref_rapl/energy_exp_server/NPB3.4.3/NPB3.4-MPI/bin/mg.C.x"
0.8616175 W	2185961	"/home/boggy/ref_rapl/energy_exp_server/NPB3.4.3/NPB3.4-MPI/bin/mg.C.x"
0.8616175 W	2185959	"/home/boggy/ref_rapl/energy_exp_server/NPB3.4.3/NPB3.4-MPI/bin/mg.C.x"
------------------------------------------------------------

Host:	48.201783 W from 
	package 	core		dram		uncore
Socket0	43.59659 W |	39.51555 W	4.661767 W	0 W	

Top 5 consumers:
Power		PID	Exe
1.108087 W	2185962	"/home/boggy/ref_rapl/energy_exp_server/NPB3.4.3/NPB3.4-MPI/bin/mg.C.x"
1.108087 W	2185961	"/home/boggy/ref_rapl/energy_exp_server/NPB3.4.3/NPB3.4-MPI/bin/mg.C.x"
1.108087 W	2185959	"/home/boggy/ref_rapl/energy_exp_server/NPB3.4.3/NPB3.4-MPI/bin/mg.C.x"
0.8310652 W	2185940	"/home/boggy/ref_rapl/scaphandre/target/release/scaphandre"
0.8310652 W	2185960	"/home/boggy/ref_rapl/energy_exp_server/NPB3.4.3/NPB3.4-MPI/bin/mg.C.x"
------------------------------------------------------------

Host:	45.515303 W from 
	package 	core		dram		uncore
Socket0	42.975803 W |	37.21352 W	4.356095 W	0 W	

Top 5 consumers:
Power		PID	Exe
1.4004709 W	2185960	"/home/boggy/ref_rapl/energy_exp_server/NPB3.4.3/NPB3.4-MPI/bin/mg.C.x"
1.1670592 W	2185962	"/home/boggy/ref_rapl/energy_exp_server/NPB3.4.3/NPB3.4-MPI/bin/mg.C.x"
1.1670592 W	2185961	"/home/boggy/ref_rapl/energy_exp_server/NPB3.4.3/NPB3.4-MPI/bin/mg.C.x"
0.93364733 W	2185940	"/home/boggy/ref_rapl/scaphandre/target/release/scaphandre"
0.23341183 W	55	""
------------------------------------------------------------

Host:	46.69413 W from 
	package 	core		dram		uncore
Socket0	40.5815 W |	35.775703 W	4.609431 W	0 W	

Top 5 consumers:
Power		PID	Exe
1.4367425 W	2185940	"/home/boggy/ref_rapl/scaphandre/target/release/scaphandre"
1.4367425 W	2185962	"/home/boggy/ref_rapl/energy_exp_server/NPB3.4.3/NPB3.4-MPI/bin/mg.C.x"
1.4367425 W	2185961	"/home/boggy/ref_rapl/energy_exp_server/NPB3.4.3/NPB3.4-MPI/bin/mg.C.x"
1.4367425 W	2185959	"/home/boggy/ref_rapl/energy_exp_server/NPB3.4.3/NPB3.4-MPI/bin/mg.C.x"
1.1972854 W	2185960	"/home/boggy/ref_rapl/energy_exp_server/NPB3.4.3/NPB3.4-MPI/bin/mg.C.x"
------------------------------------------------------------

Host:	51.528948 W from 
	package 	core		dram		uncore
Socket0	43.268463 W |	37.46644 W	4.540265 W	0 W	

Top 5 consumers:
Power		PID	Exe
1.0570041 W	2185940	"/home/boggy/ref_rapl/scaphandre/target/release/scaphandre"
1.0570041 W	2185960	"/home/boggy/ref_rapl/energy_exp_server/NPB3.4.3/NPB3.4-MPI/bin/mg.C.x"
1.0570041 W	2185962	"/home/boggy/ref_rapl/energy_exp_server/NPB3.4.3/NPB3.4-MPI/bin/mg.C.x"
1.0570041 W	2185961	"/home/boggy/ref_rapl/energy_exp_server/NPB3.4.3/NPB3.4-MPI/bin/mg.C.x"
1.0570041 W	2185959	"/home/boggy/ref_rapl/energy_exp_server/NPB3.4.3/NPB3.4-MPI/bin/mg.C.x"
------------------------------------------------------------

Host:	52.986166 W from 
	package 	core		dram		uncore
Socket0	48.73708 W |	44.406544 W	4.334759 W	0 W	

Top 5 consumers:
Power		PID	Exe
1.0868957 W	2185940	"/home/boggy/ref_rapl/scaphandre/target/release/scaphandre"
1.0868957 W	2185960	"/home/boggy/ref_rapl/energy_exp_server/NPB3.4.3/NPB3.4-MPI/bin/mg.C.x"
1.0868957 W	2185962	"/home/boggy/ref_rapl/energy_exp_server/NPB3.4.3/NPB3.4-MPI/bin/mg.C.x"
1.0868957 W	2185961	"/home/boggy/ref_rapl/energy_exp_server/NPB3.4.3/NPB3.4-MPI/bin/mg.C.x"
0.81517184 W	2185959	"/home/boggy/ref_rapl/energy_exp_server/NPB3.4.3/NPB3.4-MPI/bin/mg.C.x"
------------------------------------------------------------

Host:	49.803112 W from 
	package 	core		dram		uncore
Socket0	49.16235 W |	43.510265 W	4.578032 W	0 W	

Top 5 consumers:
Power		PID	Exe
1.0216024 W	2185959	"/home/boggy/ref_rapl/energy_exp_server/NPB3.4.3/NPB3.4-MPI/bin/mg.C.x"
0.76620173 W	2185960	"/home/boggy/ref_rapl/energy_exp_server/NPB3.4.3/NPB3.4-MPI/bin/mg.C.x"
0.76620173 W	2185962	"/home/boggy/ref_rapl/energy_exp_server/NPB3.4.3/NPB3.4-MPI/bin/mg.C.x"
0.76620173 W	2185961	"/home/boggy/ref_rapl/energy_exp_server/NPB3.4.3/NPB3.4-MPI/bin/mg.C.x"
0.5108012 W	2185940	"/home/boggy/ref_rapl/scaphandre/target/release/scaphandre"
------------------------------------------------------------

Host:	51.486374 W from 
	package 	core		dram		uncore
Socket0	45.337418 W |	40.443577 W	4.547951 W	0 W	

Top 5 consumers:
Power		PID	Exe
1.2791647 W	2185960	"/home/boggy/ref_rapl/energy_exp_server/NPB3.4.3/NPB3.4-MPI/bin/mg.C.x"
0.9593734 W	2185940	"/home/boggy/ref_rapl/scaphandre/target/release/scaphandre"
0.9593734 W	2185962	"/home/boggy/ref_rapl/energy_exp_server/NPB3.4.3/NPB3.4-MPI/bin/mg.C.x"
0.9593734 W	2185961	"/home/boggy/ref_rapl/energy_exp_server/NPB3.4.3/NPB3.4-MPI/bin/mg.C.x"
0.9593734 W	2185959	"/home/boggy/ref_rapl/energy_exp_server/NPB3.4.3/NPB3.4-MPI/bin/mg.C.x"
------------------------------------------------------------

Host:	50.455661 W from 
	package 	core		dram		uncore
Socket0	45.5017 W |	40.568687 W	4.69193 W	0 W	

Top 5 consumers:
Power		PID	Exe
0.9401676 W	2185960	"/home/boggy/ref_rapl/energy_exp_server/NPB3.4.3/NPB3.4-MPI/bin/mg.C.x"
0.9401676 W	2185962	"/home/boggy/ref_rapl/energy_exp_server/NPB3.4.3/NPB3.4-MPI/bin/mg.C.x"
0.9401676 W	2185961	"/home/boggy/ref_rapl/energy_exp_server/NPB3.4.3/NPB3.4-MPI/bin/mg.C.x"
0.9401676 W	2185959	"/home/boggy/ref_rapl/energy_exp_server/NPB3.4.3/NPB3.4-MPI/bin/mg.C.x"
0.62677836 W	2185940	"/home/boggy/ref_rapl/scaphandre/target/release/scaphandre"
------------------------------------------------------------

Host:	53.849445 W from 
	package 	core		dram		uncore
Socket0	48.30065 W |	42.40313 W	4.713783 W	0 W	

Top 5 consumers:
Power		PID	Exe
1.3378744 W	2185962	"/home/boggy/ref_rapl/energy_exp_server/NPB3.4.3/NPB3.4-MPI/bin/mg.C.x"
1.3378744 W	2185961	"/home/boggy/ref_rapl/energy_exp_server/NPB3.4.3/NPB3.4-MPI/bin/mg.C.x"
1.3378744 W	2185959	"/home/boggy/ref_rapl/energy_exp_server/NPB3.4.3/NPB3.4-MPI/bin/mg.C.x"
1.0034058 W	2185940	"/home/boggy/ref_rapl/scaphandre/target/release/scaphandre"
1.0034058 W	2185960	"/home/boggy/ref_rapl/energy_exp_server/NPB3.4.3/NPB3.4-MPI/bin/mg.C.x"
------------------------------------------------------------

Host:	52.32242 W from 
	package 	core		dram		uncore
Socket0	47.733475 W |	42.8325 W	4.75948 W	0 W	

Top 5 consumers:
Power		PID	Exe
1.2999358 W	2185960	"/home/boggy/ref_rapl/energy_exp_server/NPB3.4.3/NPB3.4-MPI/bin/mg.C.x"
0.9749519 W	2185940	"/home/boggy/ref_rapl/scaphandre/target/release/scaphandre"
0.9749519 W	2185962	"/home/boggy/ref_rapl/energy_exp_server/NPB3.4.3/NPB3.4-MPI/bin/mg.C.x"
0.9749519 W	2185961	"/home/boggy/ref_rapl/energy_exp_server/NPB3.4.3/NPB3.4-MPI/bin/mg.C.x"
0.9749519 W	2185959	"/home/boggy/ref_rapl/energy_exp_server/NPB3.4.3/NPB3.4-MPI/bin/mg.C.x"
------------------------------------------------------------

Host:	52.201572 W from 
	package 	core		dram		uncore
Socket0	47.65987 W |	42.852283 W	4.736435 W	0 W	

Top 5 consumers:
Power		PID	Exe
0.9727001 W	2185960	"/home/boggy/ref_rapl/energy_exp_server/NPB3.4.3/NPB3.4-MPI/bin/mg.C.x"
0.9727001 W	2185962	"/home/boggy/ref_rapl/energy_exp_server/NPB3.4.3/NPB3.4-MPI/bin/mg.C.x"
0.9727001 W	2185961	"/home/boggy/ref_rapl/energy_exp_server/NPB3.4.3/NPB3.4-MPI/bin/mg.C.x"
0.9727001 W	2185959	"/home/boggy/ref_rapl/energy_exp_server/NPB3.4.3/NPB3.4-MPI/bin/mg.C.x"
0.64846677 W	2185940	"/home/boggy/ref_rapl/scaphandre/target/release/scaphandre"
------------------------------------------------------------

Host:	52.823912 W from 
	package 	core		dram		uncore
Socket0	48.739777 W |	42.851017 W	4.867385 W	0 W	

Top 5 consumers:
Power		PID	Exe
1.3123953 W	2185962	"/home/boggy/ref_rapl/energy_exp_server/NPB3.4.3/NPB3.4-MPI/bin/mg.C.x"
1.3123953 W	2185961	"/home/boggy/ref_rapl/energy_exp_server/NPB3.4.3/NPB3.4-MPI/bin/mg.C.x"
1.3123953 W	2185959	"/home/boggy/ref_rapl/energy_exp_server/NPB3.4.3/NPB3.4-MPI/bin/mg.C.x"
0.9842965 W	2185960	"/home/boggy/ref_rapl/energy_exp_server/NPB3.4.3/NPB3.4-MPI/bin/mg.C.x"
0.65619767 W	2185940	"/home/boggy/ref_rapl/scaphandre/target/release/scaphandre"
------------------------------------------------------------

Host:	53.552085 W from 
	package 	core		dram		uncore
Socket0	46.744778 W |	42.732105 W	4.802463 W	0 W	

Top 5 consumers:
Power		PID	Exe
1.3141615 W	2185940	"/home/boggy/ref_rapl/scaphandre/target/release/scaphandre"
0.9856212 W	2185960	"/home/boggy/ref_rapl/energy_exp_server/NPB3.4.3/NPB3.4-MPI/bin/mg.C.x"
0.9856212 W	2185962	"/home/boggy/ref_rapl/energy_exp_server/NPB3.4.3/NPB3.4-MPI/bin/mg.C.x"
0.9856212 W	2185961	"/home/boggy/ref_rapl/energy_exp_server/NPB3.4.3/NPB3.4-MPI/bin/mg.C.x"
0.9856212 W	2185959	"/home/boggy/ref_rapl/energy_exp_server/NPB3.4.3/NPB3.4-MPI/bin/mg.C.x"
------------------------------------------------------------

Host:	51.694948 W from 
	package 	core		dram		uncore
Socket0	48.519283 W |	42.89932 W	4.683906 W	0 W	

Top 5 consumers:
Power		PID	Exe
1.2685876 W	2185960	"/home/boggy/ref_rapl/energy_exp_server/NPB3.4.3/NPB3.4-MPI/bin/mg.C.x"
1.2685876 W	2185962	"/home/boggy/ref_rapl/energy_exp_server/NPB3.4.3/NPB3.4-MPI/bin/mg.C.x"
1.2685876 W	2185961	"/home/boggy/ref_rapl/energy_exp_server/NPB3.4.3/NPB3.4-MPI/bin/mg.C.x"
0.95144075 W	2185940	"/home/boggy/ref_rapl/scaphandre/target/release/scaphandre"
0.95144075 W	2185959	"/home/boggy/ref_rapl/energy_exp_server/NPB3.4.3/NPB3.4-MPI/bin/mg.C.x"
------------------------------------------------------------

Host:	53.446322 W from 
	package 	core		dram		uncore
Socket0	47.48308 W |	42.48184 W	4.543259 W	0 W	

Top 5 consumers:
Power		PID	Exe
1.3115661 W	2185959	"/home/boggy/ref_rapl/energy_exp_server/NPB3.4.3/NPB3.4-MPI/bin/mg.C.x"
0.98367465 W	2185960	"/home/boggy/ref_rapl/energy_exp_server/NPB3.4.3/NPB3.4-MPI/bin/mg.C.x"
0.98367465 W	2185961	"/home/boggy/ref_rapl/energy_exp_server/NPB3.4.3/NPB3.4-MPI/bin/mg.C.x"
0.65578306 W	2185940	"/home/boggy/ref_rapl/scaphandre/target/release/scaphandre"
0.65578306 W	2185962	"/home/boggy/ref_rapl/energy_exp_server/NPB3.4.3/NPB3.4-MPI/bin/mg.C.x"
------------------------------------------------------------

Host:	55.325575 W from 
	package 	core		dram		uncore
Socket0	49.974144 W |	44.88509 W	4.272904 W	0 W	

Top 5 consumers:
Power		PID	Exe
1.3576827 W	2185962	"/home/boggy/ref_rapl/energy_exp_server/NPB3.4.3/NPB3.4-MPI/bin/mg.C.x"
1.0182621 W	2185960	"/home/boggy/ref_rapl/energy_exp_server/NPB3.4.3/NPB3.4-MPI/bin/mg.C.x"
1.0182621 W	2185961	"/home/boggy/ref_rapl/energy_exp_server/NPB3.4.3/NPB3.4-MPI/bin/mg.C.x"
1.0182621 W	2185959	"/home/boggy/ref_rapl/energy_exp_server/NPB3.4.3/NPB3.4-MPI/bin/mg.C.x"
0.67884135 W	2185940	"/home/boggy/ref_rapl/scaphandre/target/release/scaphandre"
------------------------------------------------------------

Host:	54.459873 W from 
	package 	core		dram		uncore
Socket0	50.48551 W |	45.289608 W	4.636656 W	0 W	

Top 5 consumers:
Power		PID	Exe
1.002329 W	2185960	"/home/boggy/ref_rapl/energy_exp_server/NPB3.4.3/NPB3.4-MPI/bin/mg.C.x"
1.002329 W	2185961	"/home/boggy/ref_rapl/energy_exp_server/NPB3.4.3/NPB3.4-MPI/bin/mg.C.x"
1.002329 W	2185959	"/home/boggy/ref_rapl/energy_exp_server/NPB3.4.3/NPB3.4-MPI/bin/mg.C.x"
0.66821927 W	2185940	"/home/boggy/ref_rapl/scaphandre/target/release/scaphandre"
0.66821927 W	2185962	"/home/boggy/ref_rapl/energy_exp_server/NPB3.4.3/NPB3.4-MPI/bin/mg.C.x"
------------------------------------------------------------

Host:	54.53928 W from 
	package 	core		dram		uncore
Socket0	49.645695 W |	45.436924 W	4.678777 W	0 W	

Top 5 consumers:
Power		PID	Exe
1.3383871 W	2185940	"/home/boggy/ref_rapl/scaphandre/target/release/scaphandre"
1.3383871 W	2185962	"/home/boggy/ref_rapl/energy_exp_server/NPB3.4.3/NPB3.4-MPI/bin/mg.C.x"
1.0037904 W	2185960	"/home/boggy/ref_rapl/energy_exp_server/NPB3.4.3/NPB3.4-MPI/bin/mg.C.x"
1.0037904 W	2185961	"/home/boggy/ref_rapl/energy_exp_server/NPB3.4.3/NPB3.4-MPI/bin/mg.C.x"
1.0037904 W	2185959	"/home/boggy/ref_rapl/energy_exp_server/NPB3.4.3/NPB3.4-MPI/bin/mg.C.x"
------------------------------------------------------------

Host:	54.672555 W from 
	package 	core		dram		uncore
Socket0	50.29985 W |	45.2965 W	4.61433 W	0 W	

Top 5 consumers:
Power		PID	Exe
1.0062433 W	2185960	"/home/boggy/ref_rapl/energy_exp_server/NPB3.4.3/NPB3.4-MPI/bin/mg.C.x"
1.0062433 W	2185962	"/home/boggy/ref_rapl/energy_exp_server/NPB3.4.3/NPB3.4-MPI/bin/mg.C.x"
1.0062433 W	2185961	"/home/boggy/ref_rapl/energy_exp_server/NPB3.4.3/NPB3.4-MPI/bin/mg.C.x"
1.0062433 W	2185959	"/home/boggy/ref_rapl/energy_exp_server/NPB3.4.3/NPB3.4-MPI/bin/mg.C.x"
0.6708289 W	2185940	"/home/boggy/ref_rapl/scaphandre/target/release/scaphandre"
------------------------------------------------------------

Host:	56.621294 W from 
	package 	core		dram		uncore
Socket0	51.44575 W |	45.50318 W	4.571374 W	0 W	

Top 5 consumers:
Power		PID	Exe
1.2942009 W	2185960	"/home/boggy/ref_rapl/energy_exp_server/NPB3.4.3/NPB3.4-MPI/bin/mg.C.x"
0.9706507 W	2185962	"/home/boggy/ref_rapl/energy_exp_server/NPB3.4.3/NPB3.4-MPI/bin/mg.C.x"
0.9706507 W	2185961	"/home/boggy/ref_rapl/energy_exp_server/NPB3.4.3/NPB3.4-MPI/bin/mg.C.x"
0.9706507 W	2185959	"/home/boggy/ref_rapl/energy_exp_server/NPB3.4.3/NPB3.4-MPI/bin/mg.C.x"
0.32355022 W	2185940	"/home/boggy/ref_rapl/scaphandre/target/release/scaphandre"
------------------------------------------------------------

Host:	50.101854 W from 
	package 	core		dram		uncore
Socket0	50.275387 W |	45.709255 W	4.55112 W	0 W	

Top 5 consumers:
Power		PID	Exe
3.7218523 W	2185962	"/home/boggy/ref_rapl/energy_exp_server/NPB3.4.3/NPB3.4-MPI/bin/mg.C.x"
3.4355555 W	2185960	"/home/boggy/ref_rapl/energy_exp_server/NPB3.4.3/NPB3.4-MPI/bin/mg.C.x"
3.4355555 W	2185961	"/home/boggy/ref_rapl/energy_exp_server/NPB3.4.3/NPB3.4-MPI/bin/mg.C.x"
3.4355555 W	2185959	"/home/boggy/ref_rapl/energy_exp_server/NPB3.4.3/NPB3.4-MPI/bin/mg.C.x"
0.85888886 W	2185940	"/home/boggy/ref_rapl/scaphandre/target/release/scaphandre"
------------------------------------------------------------

Host:	50.073364 W from 
	package 	core		dram		uncore
Socket0	45.393024 W |	40.652023 W	4.677622 W	0 W	

Top 5 consumers:
Power		PID	Exe
2.945492 W	2185960	"/home/boggy/ref_rapl/energy_exp_server/NPB3.4.3/NPB3.4-MPI/bin/mg.C.x"
2.945492 W	2185962	"/home/boggy/ref_rapl/energy_exp_server/NPB3.4.3/NPB3.4-MPI/bin/mg.C.x"
2.945492 W	2185961	"/home/boggy/ref_rapl/energy_exp_server/NPB3.4.3/NPB3.4-MPI/bin/mg.C.x"
2.945492 W	2185959	"/home/boggy/ref_rapl/energy_exp_server/NPB3.4.3/NPB3.4-MPI/bin/mg.C.x"
0.80331594 W	2185940	"/home/boggy/ref_rapl/scaphandre/target/release/scaphandre"
------------------------------------------------------------

Host:	51.578171 W from 
	package 	core		dram		uncore
Socket0	45.617695 W |	40.51348 W	4.754092 W	0 W	

Top 5 consumers:
Power		PID	Exe
1.1032764 W	2185961	"/home/boggy/ref_rapl/energy_exp_server/NPB3.4.3/NPB3.4-MPI/bin/mg.C.x"
1.1032764 W	2185959	"/home/boggy/ref_rapl/energy_exp_server/NPB3.4.3/NPB3.4-MPI/bin/mg.C.x"
0.82745725 W	2185940	"/home/boggy/ref_rapl/scaphandre/target/release/scaphandre"
0.82745725 W	2185960	"/home/boggy/ref_rapl/energy_exp_server/NPB3.4.3/NPB3.4-MPI/bin/mg.C.x"
0.82745725 W	2185962	"/home/boggy/ref_rapl/energy_exp_server/NPB3.4.3/NPB3.4-MPI/bin/mg.C.x"
------------------------------------------------------------

Host:	50.084857 W from 
	package 	core		dram		uncore
Socket0	45.624508 W |	40.509384 W	4.566839 W	0 W	

Top 5 consumers:
Power		PID	Exe
1.0713338 W	2185962	"/home/boggy/ref_rapl/energy_exp_server/NPB3.4.3/NPB3.4-MPI/bin/mg.C.x"
0.8035003 W	2185960	"/home/boggy/ref_rapl/energy_exp_server/NPB3.4.3/NPB3.4-MPI/bin/mg.C.x"
0.8035003 W	2185961	"/home/boggy/ref_rapl/energy_exp_server/NPB3.4.3/NPB3.4-MPI/bin/mg.C.x"
0.8035003 W	2185959	"/home/boggy/ref_rapl/energy_exp_server/NPB3.4.3/NPB3.4-MPI/bin/mg.C.x"
0.5356669 W	2185940	"/home/boggy/ref_rapl/scaphandre/target/release/scaphandre"
------------------------------------------------------------

Host:	52.502818 W from 
	package 	core		dram		uncore
Socket0	46.418953 W |	41.944386 W	4.61398 W	0 W	

Top 5 consumers:
Power		PID	Exe
0.8422911 W	2185960	"/home/boggy/ref_rapl/energy_exp_server/NPB3.4.3/NPB3.4-MPI/bin/mg.C.x"
0.8422911 W	2185962	"/home/boggy/ref_rapl/energy_exp_server/NPB3.4.3/NPB3.4-MPI/bin/mg.C.x"
0.8422911 W	2185961	"/home/boggy/ref_rapl/energy_exp_server/NPB3.4.3/NPB3.4-MPI/bin/mg.C.x"
0.8422911 W	2185959	"/home/boggy/ref_rapl/energy_exp_server/NPB3.4.3/NPB3.4-MPI/bin/mg.C.x"
0.56152743 W	2185940	"/home/boggy/ref_rapl/scaphandre/target/release/scaphandre"
------------------------------------------------------------

Host:	48.536191 W from 
	package 	core		dram		uncore
Socket0	46.418697 W |	41.027767 W	4.636634 W	0 W	

Top 5 consumers:
Power		PID	Exe
1.0382073 W	2185940	"/home/boggy/ref_rapl/scaphandre/target/release/scaphandre"
1.0382073 W	2185960	"/home/boggy/ref_rapl/energy_exp_server/NPB3.4.3/NPB3.4-MPI/bin/mg.C.x"
1.0382073 W	2185959	"/home/boggy/ref_rapl/energy_exp_server/NPB3.4.3/NPB3.4-MPI/bin/mg.C.x"
0.7786554 W	2185962	"/home/boggy/ref_rapl/energy_exp_server/NPB3.4.3/NPB3.4-MPI/bin/mg.C.x"
0.7786554 W	2185961	"/home/boggy/ref_rapl/energy_exp_server/NPB3.4.3/NPB3.4-MPI/bin/mg.C.x"
------------------------------------------------------------

Host:	45.522788 W from 
	package 	core		dram		uncore
Socket0	42.621105 W |	37.68377 W	4.41373 W	0 W	

Top 5 consumers:
Power		PID	Exe
1.4606241 W	2185962	"/home/boggy/ref_rapl/energy_exp_server/NPB3.4.3/NPB3.4-MPI/bin/mg.C.x"
1.4606241 W	2185961	"/home/boggy/ref_rapl/energy_exp_server/NPB3.4.3/NPB3.4-MPI/bin/mg.C.x"
1.2171868 W	2185940	"/home/boggy/ref_rapl/scaphandre/target/release/scaphandre"
1.2171868 W	2185960	"/home/boggy/ref_rapl/energy_exp_server/NPB3.4.3/NPB3.4-MPI/bin/mg.C.x"
1.2171868 W	2185959	"/home/boggy/ref_rapl/energy_exp_server/NPB3.4.3/NPB3.4-MPI/bin/mg.C.x"
------------------------------------------------------------

Host:	46.34055 W from 
	package 	core		dram		uncore
Socket0	41.051655 W |	35.93482 W	4.586122 W	0 W	

Top 5 consumers:
Power		PID	Exe
1.4406389 W	2185940	"/home/boggy/ref_rapl/scaphandre/target/release/scaphandre"
1.4406389 W	2185960	"/home/boggy/ref_rapl/energy_exp_server/NPB3.4.3/NPB3.4-MPI/bin/mg.C.x"
1.4406389 W	2185959	"/home/boggy/ref_rapl/energy_exp_server/NPB3.4.3/NPB3.4-MPI/bin/mg.C.x"
1.2005323 W	2185962	"/home/boggy/ref_rapl/energy_exp_server/NPB3.4.3/NPB3.4-MPI/bin/mg.C.x"
1.2005323 W	2185961	"/home/boggy/ref_rapl/energy_exp_server/NPB3.4.3/NPB3.4-MPI/bin/mg.C.x"
------------------------------------------------------------

Host:	51.107951 W from 
	package 	core		dram		uncore
Socket0	41.808903 W |	37.426636 W	4.521672 W	0 W	

Top 5 consumers:
Power		PID	Exe
1.3240403 W	2185961	"/home/boggy/ref_rapl/energy_exp_server/NPB3.4.3/NPB3.4-MPI/bin/mg.C.x"
1.0592321 W	2185940	"/home/boggy/ref_rapl/scaphandre/target/release/scaphandre"
1.0592321 W	2185960	"/home/boggy/ref_rapl/energy_exp_server/NPB3.4.3/NPB3.4-MPI/bin/mg.C.x"
1.0592321 W	2185962	"/home/boggy/ref_rapl/energy_exp_server/NPB3.4.3/NPB3.4-MPI/bin/mg.C.x"
1.0592321 W	2185959	"/home/boggy/ref_rapl/energy_exp_server/NPB3.4.3/NPB3.4-MPI/bin/mg.C.x"
------------------------------------------------------------

Host:	54.840928 W from 
	package 	core		dram		uncore
Socket0	50.40702 W |	44.54227 W	4.360407 W	0 W	

Top 5 consumers:
Power		PID	Exe
0.8524496 W	2185960	"/home/boggy/ref_rapl/energy_exp_server/NPB3.4.3/NPB3.4-MPI/bin/mg.C.x"
0.8524496 W	2185962	"/home/boggy/ref_rapl/energy_exp_server/NPB3.4.3/NPB3.4-MPI/bin/mg.C.x"
0.8524496 W	2185961	"/home/boggy/ref_rapl/energy_exp_server/NPB3.4.3/NPB3.4-MPI/bin/mg.C.x"
0.8524496 W	2185959	"/home/boggy/ref_rapl/energy_exp_server/NPB3.4.3/NPB3.4-MPI/bin/mg.C.x"
0.2841499 W	2185940	"/home/boggy/ref_rapl/scaphandre/target/release/scaphandre"
------------------------------------------------------------

Host:	50.648475 W from 
	package 	core		dram		uncore
Socket0	49.19179 W |	44.607388 W	4.551743 W	0 W	

Top 5 consumers:
Power		PID	Exe
1.0497093 W	2185940	"/home/boggy/ref_rapl/scaphandre/target/release/scaphandre"
1.0497093 W	2185962	"/home/boggy/ref_rapl/energy_exp_server/NPB3.4.3/NPB3.4-MPI/bin/mg.C.x"
0.787282 W	2185960	"/home/boggy/ref_rapl/energy_exp_server/NPB3.4.3/NPB3.4-MPI/bin/mg.C.x"
0.787282 W	2185961	"/home/boggy/ref_rapl/energy_exp_server/NPB3.4.3/NPB3.4-MPI/bin/mg.C.x"
0.787282 W	2185959	"/home/boggy/ref_rapl/energy_exp_server/NPB3.4.3/NPB3.4-MPI/bin/mg.C.x"
------------------------------------------------------------

Host:	51.317611 W from 
	package 	core		dram		uncore
Socket0	46.92064 W |	40.79747 W	4.543062 W	0 W	

Top 5 consumers:
Power		PID	Exe
1.0635774 W	2185960	"/home/boggy/ref_rapl/energy_exp_server/NPB3.4.3/NPB3.4-MPI/bin/mg.C.x"
0.79768306 W	2185962	"/home/boggy/ref_rapl/energy_exp_server/NPB3.4.3/NPB3.4-MPI/bin/mg.C.x"
0.79768306 W	2185961	"/home/boggy/ref_rapl/energy_exp_server/NPB3.4.3/NPB3.4-MPI/bin/mg.C.x"
0.79768306 W	2185959	"/home/boggy/ref_rapl/energy_exp_server/NPB3.4.3/NPB3.4-MPI/bin/mg.C.x"
0.5317887 W	2185940	"/home/boggy/ref_rapl/scaphandre/target/release/scaphandre"
------------------------------------------------------------

Host:	50.843922 W from 
	package 	core		dram		uncore
Socket0	46.649128 W |	40.841763 W	4.636212 W	0 W	

Top 5 consumers:
Power		PID	Exe
0.79032 W	2185940	"/home/boggy/ref_rapl/scaphandre/target/release/scaphandre"
0.79032 W	2185960	"/home/boggy/ref_rapl/energy_exp_server/NPB3.4.3/NPB3.4-MPI/bin/mg.C.x"
0.79032 W	2185962	"/home/boggy/ref_rapl/energy_exp_server/NPB3.4.3/NPB3.4-MPI/bin/mg.C.x"
0.79032 W	2185961	"/home/boggy/ref_rapl/energy_exp_server/NPB3.4.3/NPB3.4-MPI/bin/mg.C.x"
0.79032 W	2185959	"/home/boggy/ref_rapl/energy_exp_server/NPB3.4.3/NPB3.4-MPI/bin/mg.C.x"
------------------------------------------------------------

Host:	52.766867 W from 
	package 	core		dram		uncore
Socket0	46.010338 W |	42.13328 W	4.728675 W	0 W	

Top 5 consumers:
Power		PID	Exe
1.310978 W	2185959	"/home/boggy/ref_rapl/energy_exp_server/NPB3.4.3/NPB3.4-MPI/bin/mg.C.x"
0.9832336 W	2185960	"/home/boggy/ref_rapl/energy_exp_server/NPB3.4.3/NPB3.4-MPI/bin/mg.C.x"
0.9832336 W	2185962	"/home/boggy/ref_rapl/energy_exp_server/NPB3.4.3/NPB3.4-MPI/bin/mg.C.x"
0.9832336 W	2185961	"/home/boggy/ref_rapl/energy_exp_server/NPB3.4.3/NPB3.4-MPI/bin/mg.C.x"
0.655489 W	2185940	"/home/boggy/ref_rapl/scaphandre/target/release/scaphandre"
------------------------------------------------------------

Host:	53.022847 W from 
	package 	core		dram		uncore
Socket0	48.116577 W |	42.92546 W	4.787983 W	0 W	

Top 5 consumers:
Power		PID	Exe
1.3173378 W	2185961	"/home/boggy/ref_rapl/energy_exp_server/NPB3.4.3/NPB3.4-MPI/bin/mg.C.x"
0.9880034 W	2185960	"/home/boggy/ref_rapl/energy_exp_server/NPB3.4.3/NPB3.4-MPI/bin/mg.C.x"
0.9880034 W	2185962	"/home/boggy/ref_rapl/energy_exp_server/NPB3.4.3/NPB3.4-MPI/bin/mg.C.x"
0.9880034 W	2185959	"/home/boggy/ref_rapl/energy_exp_server/NPB3.4.3/NPB3.4-MPI/bin/mg.C.x"
0.6586689 W	2185940	"/home/boggy/ref_rapl/scaphandre/target/release/scaphandre"
------------------------------------------------------------

Host:	52.943305 W from 
	package 	core		dram		uncore
Socket0	48.060184 W |	42.943687 W	4.778343 W	0 W	

Top 5 consumers:
Power		PID	Exe
1.3153616 W	2185962	"/home/boggy/ref_rapl/energy_exp_server/NPB3.4.3/NPB3.4-MPI/bin/mg.C.x"
0.98652124 W	2185940	"/home/boggy/ref_rapl/scaphandre/target/release/scaphandre"
0.98652124 W	2185960	"/home/boggy/ref_rapl/energy_exp_server/NPB3.4.3/NPB3.4-MPI/bin/mg.C.x"
0.98652124 W	2185961	"/home/boggy/ref_rapl/energy_exp_server/NPB3.4.3/NPB3.4-MPI/bin/mg.C.x"
0.98652124 W	2185959	"/home/boggy/ref_rapl/energy_exp_server/NPB3.4.3/NPB3.4-MPI/bin/mg.C.x"
------------------------------------------------------------

Host:	52.797225 W from 
	package 	core		dram		uncore
Socket0	48.215965 W |	43.029953 W	4.782635 W	0 W	

Top 5 consumers:
Power		PID	Exe
0.9837993 W	2185960	"/home/boggy/ref_rapl/energy_exp_server/NPB3.4.3/NPB3.4-MPI/bin/mg.C.x"
0.9837993 W	2185962	"/home/boggy/ref_rapl/energy_exp_server/NPB3.4.3/NPB3.4-MPI/bin/mg.C.x"
0.9837993 W	2185961	"/home/boggy/ref_rapl/energy_exp_server/NPB3.4.3/NPB3.4-MPI/bin/mg.C.x"
0.9837993 W	2185959	"/home/boggy/ref_rapl/energy_exp_server/NPB3.4.3/NPB3.4-MPI/bin/mg.C.x"
0.65586615 W	2185940	"/home/boggy/ref_rapl/scaphandre/target/release/scaphandre"
------------------------------------------------------------

Host:	52.957675 W from 
	package 	core		dram		uncore
Socket0	49.40899 W |	43.039017 W	4.759638 W	0 W	

Top 5 consumers:
Power		PID	Exe
1.3157187 W	2185940	"/home/boggy/ref_rapl/scaphandre/target/release/scaphandre"
1.3157187 W	2185960	"/home/boggy/ref_rapl/energy_exp_server/NPB3.4.3/NPB3.4-MPI/bin/mg.C.x"
0.986789 W	2185962	"/home/boggy/ref_rapl/energy_exp_server/NPB3.4.3/NPB3.4-MPI/bin/mg.C.x"
0.986789 W	2185961	"/home/boggy/ref_rapl/energy_exp_server/NPB3.4.3/NPB3.4-MPI/bin/mg.C.x"
0.986789 W	2185959	"/home/boggy/ref_rapl/energy_exp_server/NPB3.4.3/NPB3.4-MPI/bin/mg.C.x"
------------------------------------------------------------

Host:	52.933636 W from 
	package 	core		dram		uncore
Socket0	48.28347 W |	43.14444 W	4.781422 W	0 W	

Top 5 consumers:
Power		PID	Exe
1.3151214 W	2185959	"/home/boggy/ref_rapl/energy_exp_server/NPB3.4.3/NPB3.4-MPI/bin/mg.C.x"
0.98634106 W	2185960	"/home/boggy/ref_rapl/energy_exp_server/NPB3.4.3/NPB3.4-MPI/bin/mg.C.x"
0.98634106 W	2185962	"/home/boggy/ref_rapl/energy_exp_server/NPB3.4.3/NPB3.4-MPI/bin/mg.C.x"
0.98634106 W	2185961	"/home/boggy/ref_rapl/energy_exp_server/NPB3.4.3/NPB3.4-MPI/bin/mg.C.x"
0.6575607 W	2185940	"/home/boggy/ref_rapl/scaphandre/target/release/scaphandre"
------------------------------------------------------------

Host:	52.569474 W from 
	package 	core		dram		uncore
Socket0	47.288353 W |	42.576515 W	4.72294 W	0 W	

Top 5 consumers:
Power		PID	Exe
1.3060739 W	2185961	"/home/boggy/ref_rapl/energy_exp_server/NPB3.4.3/NPB3.4-MPI/bin/mg.C.x"
0.9795554 W	2185940	"/home/boggy/ref_rapl/scaphandre/target/release/scaphandre"
0.9795554 W	2185960	"/home/boggy/ref_rapl/energy_exp_server/NPB3.4.3/NPB3.4-MPI/bin/mg.C.x"
0.9795554 W	2185962	"/home/boggy/ref_rapl/energy_exp_server/NPB3.4.3/NPB3.4-MPI/bin/mg.C.x"
0.9795554 W	2185959	"/home/boggy/ref_rapl/energy_exp_server/NPB3.4.3/NPB3.4-MPI/bin/mg.C.x"
------------------------------------------------------------

Host:	53.95587 W from 
	package 	core		dram		uncore
Socket0	47.7233 W |	43.486874 W	4.22781 W	0 W	

Top 5 consumers:
Power		PID	Exe
0.90428835 W	2185960	"/home/boggy/ref_rapl/energy_exp_server/NPB3.4.3/NPB3.4-MPI/bin/mg.C.x"
0.90428835 W	2185962	"/home/boggy/ref_rapl/energy_exp_server/NPB3.4.3/NPB3.4-MPI/bin/mg.C.x"
0.90428835 W	2185961	"/home/boggy/ref_rapl/energy_exp_server/NPB3.4.3/NPB3.4-MPI/bin/mg.C.x"
0.90428835 W	2185959	"/home/boggy/ref_rapl/energy_exp_server/NPB3.4.3/NPB3.4-MPI/bin/mg.C.x"
0.6028589 W	2185940	"/home/boggy/ref_rapl/scaphandre/target/release/scaphandre"
------------------------------------------------------------

Host:	56.312177 W from 
	package 	core		dram		uncore
Socket0	51.65265 W |	45.562317 W	4.599774 W	0 W	

Top 5 consumers:
Power		PID	Exe
0.9437796 W	2185940	"/home/boggy/ref_rapl/scaphandre/target/release/scaphandre"
0.62918633 W	2185960	"/home/boggy/ref_rapl/energy_exp_server/NPB3.4.3/NPB3.4-MPI/bin/mg.C.x"
0.62918633 W	2185962	"/home/boggy/ref_rapl/energy_exp_server/NPB3.4.3/NPB3.4-MPI/bin/mg.C.x"
0.62918633 W	2185961	"/home/boggy/ref_rapl/energy_exp_server/NPB3.4.3/NPB3.4-MPI/bin/mg.C.x"
0.62918633 W	2185959	"/home/boggy/ref_rapl/energy_exp_server/NPB3.4.3/NPB3.4-MPI/bin/mg.C.x"
------------------------------------------------------------

Host:	56.413078 W from 
	package 	core		dram		uncore
Socket0	52.097816 W |	46.92704 W	4.616802 W	0 W	

Top 5 consumers:
Power		PID	Exe
0.94547063 W	2185962	"/home/boggy/ref_rapl/energy_exp_server/NPB3.4.3/NPB3.4-MPI/bin/mg.C.x"
0.94547063 W	2185961	"/home/boggy/ref_rapl/energy_exp_server/NPB3.4.3/NPB3.4-MPI/bin/mg.C.x"
0.6303137 W	2185940	"/home/boggy/ref_rapl/scaphandre/target/release/scaphandre"
0.6303137 W	2185960	"/home/boggy/ref_rapl/energy_exp_server/NPB3.4.3/NPB3.4-MPI/bin/mg.C.x"
0.6303137 W	2185959	"/home/boggy/ref_rapl/energy_exp_server/NPB3.4.3/NPB3.4-MPI/bin/mg.C.x"
------------------------------------------------------------

Host:	58.520417 W from 
	package 	core		dram		uncore
Socket0	51.846886 W |	46.92342 W	4.577997 W	0 W	

Top 5 consumers:
Power		PID	Exe
0.6538594 W	2185940	"/home/boggy/ref_rapl/scaphandre/target/release/scaphandre"
0.6538594 W	2185960	"/home/boggy/ref_rapl/energy_exp_server/NPB3.4.3/NPB3.4-MPI/bin/mg.C.x"
0.6538594 W	2185962	"/home/boggy/ref_rapl/energy_exp_server/NPB3.4.3/NPB3.4-MPI/bin/mg.C.x"
0.6538594 W	2185961	"/home/boggy/ref_rapl/energy_exp_server/NPB3.4.3/NPB3.4-MPI/bin/mg.C.x"
0.6538594 W	2185959	"/home/boggy/ref_rapl/energy_exp_server/NPB3.4.3/NPB3.4-MPI/bin/mg.C.x"
------------------------------------------------------------

Host:	56.68316 W from 
	package 	core		dram		uncore
Socket0	51.747192 W |	47.25767 W	4.55726 W	0 W	

Top 5 consumers:
Power		PID	Exe
0.9499971 W	2185940	"/home/boggy/ref_rapl/scaphandre/target/release/scaphandre"
0.63333136 W	2185960	"/home/boggy/ref_rapl/energy_exp_server/NPB3.4.3/NPB3.4-MPI/bin/mg.C.x"
0.63333136 W	2185962	"/home/boggy/ref_rapl/energy_exp_server/NPB3.4.3/NPB3.4-MPI/bin/mg.C.x"
0.63333136 W	2185961	"/home/boggy/ref_rapl/energy_exp_server/NPB3.4.3/NPB3.4-MPI/bin/mg.C.x"
0.63333136 W	2185959	"/home/boggy/ref_rapl/energy_exp_server/NPB3.4.3/NPB3.4-MPI/bin/mg.C.x"
------------------------------------------------------------

Host:	56.951415 W from 
	package 	core		dram		uncore
Socket0	52.00333 W |	47.12752 W	4.576085 W	0 W	

Top 5 consumers:
Power		PID	Exe
0.954493 W	2185960	"/home/boggy/ref_rapl/energy_exp_server/NPB3.4.3/NPB3.4-MPI/bin/mg.C.x"
0.63632864 W	2185940	"/home/boggy/ref_rapl/scaphandre/target/release/scaphandre"
0.63632864 W	2185962	"/home/boggy/ref_rapl/energy_exp_server/NPB3.4.3/NPB3.4-MPI/bin/mg.C.x"
0.63632864 W	2185961	"/home/boggy/ref_rapl/energy_exp_server/NPB3.4.3/NPB3.4-MPI/bin/mg.C.x"
0.63632864 W	2185959	"/home/boggy/ref_rapl/energy_exp_server/NPB3.4.3/NPB3.4-MPI/bin/mg.C.x"
------------------------------------------------------------

Host:	54.75849 W from 
	package 	core		dram		uncore
Socket0	52.09051 W |	46.9564 W	4.595463 W	0 W	

Top 5 consumers:
Power		PID	Exe
0.91774005 W	2185960	"/home/boggy/ref_rapl/energy_exp_server/NPB3.4.3/NPB3.4-MPI/bin/mg.C.x"
0.91774005 W	2185962	"/home/boggy/ref_rapl/energy_exp_server/NPB3.4.3/NPB3.4-MPI/bin/mg.C.x"
0.91774005 W	2185961	"/home/boggy/ref_rapl/energy_exp_server/NPB3.4.3/NPB3.4-MPI/bin/mg.C.x"
0.91774005 W	2185959	"/home/boggy/ref_rapl/energy_exp_server/NPB3.4.3/NPB3.4-MPI/bin/mg.C.x"
0.61182666 W	2185940	"/home/boggy/ref_rapl/scaphandre/target/release/scaphandre"
------------------------------------------------------------

Host:	53.399584 W from 
	package 	core		dram		uncore
Socket0	50.25396 W |	45.64096 W	4.707069 W	0 W	

Top 5 consumers:
Power		PID	Exe
0.8949651 W	2185940	"/home/boggy/ref_rapl/scaphandre/target/release/scaphandre"
0.8949651 W	2185960	"/home/boggy/ref_rapl/energy_exp_server/NPB3.4.3/NPB3.4-MPI/bin/mg.C.x"
0.8949651 W	2185962	"/home/boggy/ref_rapl/energy_exp_server/NPB3.4.3/NPB3.4-MPI/bin/mg.C.x"
0.8949651 W	2185961	"/home/boggy/ref_rapl/energy_exp_server/NPB3.4.3/NPB3.4-MPI/bin/mg.C.x"
0.8949651 W	2185959	"/home/boggy/ref_rapl/energy_exp_server/NPB3.4.3/NPB3.4-MPI/bin/mg.C.x"
------------------------------------------------------------

Host:	52.577814 W from 
	package 	core		dram		uncore
Socket0	48.952732 W |	43.01094 W	3.965504 W	0 W	

Top 5 consumers:
Power		PID	Exe
0.88119245 W	2185940	"/home/boggy/ref_rapl/scaphandre/target/release/scaphandre"
0.88119245 W	2185960	"/home/boggy/ref_rapl/energy_exp_server/NPB3.4.3/NPB3.4-MPI/bin/mg.C.x"
0.88119245 W	2185962	"/home/boggy/ref_rapl/energy_exp_server/NPB3.4.3/NPB3.4-MPI/bin/mg.C.x"
0.88119245 W	2185961	"/home/boggy/ref_rapl/energy_exp_server/NPB3.4.3/NPB3.4-MPI/bin/mg.C.x"
0.88119245 W	2185959	"/home/boggy/ref_rapl/energy_exp_server/NPB3.4.3/NPB3.4-MPI/bin/mg.C.x"
------------------------------------------------------------

Host:	53.041385 W from 
	package 	core		dram		uncore
Socket0	48.58652 W |	44.30643 W	3.585159 W	0 W	

Top 5 consumers:
Power		PID	Exe
1.1530737 W	2185959	"/home/boggy/ref_rapl/energy_exp_server/NPB3.4.3/NPB3.4-MPI/bin/mg.C.x"
0.86480516 W	2185940	"/home/boggy/ref_rapl/scaphandre/target/release/scaphandre"
0.86480516 W	2185960	"/home/boggy/ref_rapl/energy_exp_server/NPB3.4.3/NPB3.4-MPI/bin/mg.C.x"
0.86480516 W	2185962	"/home/boggy/ref_rapl/energy_exp_server/NPB3.4.3/NPB3.4-MPI/bin/mg.C.x"
0.86480516 W	2185961	"/home/boggy/ref_rapl/energy_exp_server/NPB3.4.3/NPB3.4-MPI/bin/mg.C.x"
------------------------------------------------------------

Host:	53.056421 W from 
	package 	core		dram		uncore
Socket0	48.329185 W |	43.17836 W	4.782995 W	0 W	

Top 5 consumers:
Power		PID	Exe
1.1534004 W	2185959	"/home/boggy/ref_rapl/energy_exp_server/NPB3.4.3/NPB3.4-MPI/bin/mg.C.x"
0.8650503 W	2185960	"/home/boggy/ref_rapl/energy_exp_server/NPB3.4.3/NPB3.4-MPI/bin/mg.C.x"
0.8650503 W	2185962	"/home/boggy/ref_rapl/energy_exp_server/NPB3.4.3/NPB3.4-MPI/bin/mg.C.x"
0.8650503 W	2185961	"/home/boggy/ref_rapl/energy_exp_server/NPB3.4.3/NPB3.4-MPI/bin/mg.C.x"
0.5767002 W	2185940	"/home/boggy/ref_rapl/scaphandre/target/release/scaphandre"
------------------------------------------------------------

Host:	53.056381 W from 
	package 	core		dram		uncore
Socket0	48.28116 W |	43.176693 W	4.770419 W	0 W	

Top 5 consumers:
Power		PID	Exe
0.86504966 W	2185940	"/home/boggy/ref_rapl/scaphandre/target/release/scaphandre"
0.86504966 W	2185960	"/home/boggy/ref_rapl/energy_exp_server/NPB3.4.3/NPB3.4-MPI/bin/mg.C.x"
0.86504966 W	2185962	"/home/boggy/ref_rapl/energy_exp_server/NPB3.4.3/NPB3.4-MPI/bin/mg.C.x"
0.86504966 W	2185961	"/home/boggy/ref_rapl/energy_exp_server/NPB3.4.3/NPB3.4-MPI/bin/mg.C.x"
0.86504966 W	2185959	"/home/boggy/ref_rapl/energy_exp_server/NPB3.4.3/NPB3.4-MPI/bin/mg.C.x"
------------------------------------------------------------

Host:	51.819679 W from 
	package 	core		dram		uncore
Socket0	48.250248 W |	43.328514 W	4.766448 W	0 W	

Top 5 consumers:
Power		PID	Exe
1.1265148 W	2185962	"/home/boggy/ref_rapl/energy_exp_server/NPB3.4.3/NPB3.4-MPI/bin/mg.C.x"
1.1265148 W	2185961	"/home/boggy/ref_rapl/energy_exp_server/NPB3.4.3/NPB3.4-MPI/bin/mg.C.x"
0.84488606 W	2185960	"/home/boggy/ref_rapl/energy_exp_server/NPB3.4.3/NPB3.4-MPI/bin/mg.C.x"
0.84488606 W	2185959	"/home/boggy/ref_rapl/energy_exp_server/NPB3.4.3/NPB3.4-MPI/bin/mg.C.x"
0.5632574 W	2185940	"/home/boggy/ref_rapl/scaphandre/target/release/scaphandre"
------------------------------------------------------------

Host:	53.315099 W from 
	package 	core		dram		uncore
Socket0	48.645386 W |	43.03332 W	4.826192 W	0 W	

Top 5 consumers:
Power		PID	Exe
0.8692679 W	2185960	"/home/boggy/ref_rapl/energy_exp_server/NPB3.4.3/NPB3.4-MPI/bin/mg.C.x"
0.8692679 W	2185962	"/home/boggy/ref_rapl/energy_exp_server/NPB3.4.3/NPB3.4-MPI/bin/mg.C.x"
0.8692679 W	2185961	"/home/boggy/ref_rapl/energy_exp_server/NPB3.4.3/NPB3.4-MPI/bin/mg.C.x"
0.8692679 W	2185959	"/home/boggy/ref_rapl/energy_exp_server/NPB3.4.3/NPB3.4-MPI/bin/mg.C.x"
0.57951194 W	2185940	"/home/boggy/ref_rapl/scaphandre/target/release/scaphandre"
------------------------------------------------------------

Host:	53.077596 W from 
	package 	core		dram		uncore
Socket0	48.554775 W |	43.197006 W	4.797794 W	0 W	

Top 5 consumers:
Power		PID	Exe
1.1538608 W	2185940	"/home/boggy/ref_rapl/scaphandre/target/release/scaphandre"
1.1538608 W	2185960	"/home/boggy/ref_rapl/energy_exp_server/NPB3.4.3/NPB3.4-MPI/bin/mg.C.x"
0.86539555 W	2185962	"/home/boggy/ref_rapl/energy_exp_server/NPB3.4.3/NPB3.4-MPI/bin/mg.C.x"
0.86539555 W	2185961	"/home/boggy/ref_rapl/energy_exp_server/NPB3.4.3/NPB3.4-MPI/bin/mg.C.x"
0.86539555 W	2185959	"/home/boggy/ref_rapl/energy_exp_server/NPB3.4.3/NPB3.4-MPI/bin/mg.C.x"
------------------------------------------------------------

Host:	51.460658 W from 
	package 	core		dram		uncore
Socket0	48.155796 W |	43.156887 W	4.765741 W	0 W	

Top 5 consumers:
Power		PID	Exe
1.1187099 W	2185959	"/home/boggy/ref_rapl/energy_exp_server/NPB3.4.3/NPB3.4-MPI/bin/mg.C.x"
0.8390324 W	2185960	"/home/boggy/ref_rapl/energy_exp_server/NPB3.4.3/NPB3.4-MPI/bin/mg.C.x"
0.8390324 W	2185962	"/home/boggy/ref_rapl/energy_exp_server/NPB3.4.3/NPB3.4-MPI/bin/mg.C.x"
0.8390324 W	2185961	"/home/boggy/ref_rapl/energy_exp_server/NPB3.4.3/NPB3.4-MPI/bin/mg.C.x"
0.55935496 W	2185940	"/home/boggy/ref_rapl/scaphandre/target/release/scaphandre"
------------------------------------------------------------

Host:	52.934436 W from 
	package 	core		dram		uncore
Socket0	45.905064 W |	42.447334 W	4.136929 W	0 W	

Top 5 consumers:
Power		PID	Exe
1.1962584 W	2185960	"/home/boggy/ref_rapl/energy_exp_server/NPB3.4.3/NPB3.4-MPI/bin/mg.C.x"
0.89719385 W	2185940	"/home/boggy/ref_rapl/scaphandre/target/release/scaphandre"
0.89719385 W	2185962	"/home/boggy/ref_rapl/energy_exp_server/NPB3.4.3/NPB3.4-MPI/bin/mg.C.x"
0.89719385 W	2185961	"/home/boggy/ref_rapl/energy_exp_server/NPB3.4.3/NPB3.4-MPI/bin/mg.C.x"
0.5981292 W	2185959	"/home/boggy/ref_rapl/energy_exp_server/NPB3.4.3/NPB3.4-MPI/bin/mg.C.x"
------------------------------------------------------------

Host:	50.694088 W from 
	package 	core		dram		uncore
Socket0	47.37908 W |	41.87457 W	4.695258 W	0 W	

Top 5 consumers:
Power		PID	Exe
0.8592219 W	2185960	"/home/boggy/ref_rapl/energy_exp_server/NPB3.4.3/NPB3.4-MPI/bin/mg.C.x"
0.8592219 W	2185962	"/home/boggy/ref_rapl/energy_exp_server/NPB3.4.3/NPB3.4-MPI/bin/mg.C.x"
0.8592219 W	2185961	"/home/boggy/ref_rapl/energy_exp_server/NPB3.4.3/NPB3.4-MPI/bin/mg.C.x"
0.8592219 W	2185959	"/home/boggy/ref_rapl/energy_exp_server/NPB3.4.3/NPB3.4-MPI/bin/mg.C.x"
0.5728146 W	2185940	"/home/boggy/ref_rapl/scaphandre/target/release/scaphandre"
------------------------------------------------------------

Host:	51.085414 W from 
	package 	core		dram		uncore
Socket0	47.452175 W |	41.979115 W	4.554948 W	0 W	

Top 5 consumers:
Power		PID	Exe
1.1544726 W	2185959	"/home/boggy/ref_rapl/energy_exp_server/NPB3.4.3/NPB3.4-MPI/bin/mg.C.x"
0.8658545 W	2185960	"/home/boggy/ref_rapl/energy_exp_server/NPB3.4.3/NPB3.4-MPI/bin/mg.C.x"
0.8658545 W	2185962	"/home/boggy/ref_rapl/energy_exp_server/NPB3.4.3/NPB3.4-MPI/bin/mg.C.x"
0.8658545 W	2185961	"/home/boggy/ref_rapl/energy_exp_server/NPB3.4.3/NPB3.4-MPI/bin/mg.C.x"
0.5772363 W	2185940	"/home/boggy/ref_rapl/scaphandre/target/release/scaphandre"
------------------------------------------------------------

Host:	47.450729 W from 
	package 	core		dram		uncore
Socket0	45.9827 W |	40.88908 W	4.506727 W	0 W	

Top 5 consumers:
Power		PID	Exe
1.0723329 W	2185940	"/home/boggy/ref_rapl/scaphandre/target/release/scaphandre"
1.0723329 W	2185960	"/home/boggy/ref_rapl/energy_exp_server/NPB3.4.3/NPB3.4-MPI/bin/mg.C.x"
1.0723329 W	2185962	"/home/boggy/ref_rapl/energy_exp_server/NPB3.4.3/NPB3.4-MPI/bin/mg.C.x"
1.0723329 W	2185961	"/home/boggy/ref_rapl/energy_exp_server/NPB3.4.3/NPB3.4-MPI/bin/mg.C.x"
0.8042497 W	2185959	"/home/boggy/ref_rapl/energy_exp_server/NPB3.4.3/NPB3.4-MPI/bin/mg.C.x"
------------------------------------------------------------

Host:	45.606922 W from 
	package 	core		dram		uncore
Socket0	41.2328 W |	35.801617 W	4.550273 W	0 W	

Top 5 consumers:
Power		PID	Exe
1.5459974 W	2185940	"/home/boggy/ref_rapl/scaphandre/target/release/scaphandre"
1.5459974 W	2185961	"/home/boggy/ref_rapl/energy_exp_server/NPB3.4.3/NPB3.4-MPI/bin/mg.C.x"
1.5459974 W	2185959	"/home/boggy/ref_rapl/energy_exp_server/NPB3.4.3/NPB3.4-MPI/bin/mg.C.x"
1.2883312 W	2185960	"/home/boggy/ref_rapl/energy_exp_server/NPB3.4.3/NPB3.4-MPI/bin/mg.C.x"
1.2883312 W	2185962	"/home/boggy/ref_rapl/energy_exp_server/NPB3.4.3/NPB3.4-MPI/bin/mg.C.x"
------------------------------------------------------------

Host:	47.237787 W from 
	package 	core		dram		uncore
Socket0	41.83964 W |	36.786457 W	4.602191 W	0 W	

Top 5 consumers:
Power		PID	Exe
1.7495476 W	2185962	"/home/boggy/ref_rapl/energy_exp_server/NPB3.4.3/NPB3.4-MPI/bin/mg.C.x"
1.4579564 W	2185940	"/home/boggy/ref_rapl/scaphandre/target/release/scaphandre"
1.4579564 W	2185960	"/home/boggy/ref_rapl/energy_exp_server/NPB3.4.3/NPB3.4-MPI/bin/mg.C.x"
1.4579564 W	2185961	"/home/boggy/ref_rapl/energy_exp_server/NPB3.4.3/NPB3.4-MPI/bin/mg.C.x"
1.4579564 W	2185959	"/home/boggy/ref_rapl/energy_exp_server/NPB3.4.3/NPB3.4-MPI/bin/mg.C.x"
------------------------------------------------------------

Host:	55.202216 W from 
	package 	core		dram		uncore
Socket0	44.255436 W |	39.372845 W	4.527013 W	0 W	

Top 5 consumers:
Power		PID	Exe
1.3630177 W	2185960	"/home/boggy/ref_rapl/energy_exp_server/NPB3.4.3/NPB3.4-MPI/bin/mg.C.x"
1.0222633 W	2185940	"/home/boggy/ref_rapl/scaphandre/target/release/scaphandre"
1.0222633 W	2185962	"/home/boggy/ref_rapl/energy_exp_server/NPB3.4.3/NPB3.4-MPI/bin/mg.C.x"
1.0222633 W	2185961	"/home/boggy/ref_rapl/energy_exp_server/NPB3.4.3/NPB3.4-MPI/bin/mg.C.x"
1.0222633 W	2185959	"/home/boggy/ref_rapl/energy_exp_server/NPB3.4.3/NPB3.4-MPI/bin/mg.C.x"
------------------------------------------------------------

Host:	54.485877 W from 
	package 	core		dram		uncore
Socket0	52.480255 W |	47.31661 W	4.446814 W	0 W	

Top 5 consumers:
Power		PID	Exe
1.3453302 W	2185940	"/home/boggy/ref_rapl/scaphandre/target/release/scaphandre"
1.3453302 W	2185959	"/home/boggy/ref_rapl/energy_exp_server/NPB3.4.3/NPB3.4-MPI/bin/mg.C.x"
1.0089977 W	2185960	"/home/boggy/ref_rapl/energy_exp_server/NPB3.4.3/NPB3.4-MPI/bin/mg.C.x"
1.0089977 W	2185962	"/home/boggy/ref_rapl/energy_exp_server/NPB3.4.3/NPB3.4-MPI/bin/mg.C.x"
1.0089977 W	2185961	"/home/boggy/ref_rapl/energy_exp_server/NPB3.4.3/NPB3.4-MPI/bin/mg.C.x"
------------------------------------------------------------

Host:	50.758996 W from 
	package 	core		dram		uncore
Socket0	47.615387 W |	42.564087 W	4.543454 W	0 W	

Top 5 consumers:
Power		PID	Exe
0.9399814 W	2185960	"/home/boggy/ref_rapl/energy_exp_server/NPB3.4.3/NPB3.4-MPI/bin/mg.C.x"
0.9399814 W	2185962	"/home/boggy/ref_rapl/energy_exp_server/NPB3.4.3/NPB3.4-MPI/bin/mg.C.x"
0.9399814 W	2185961	"/home/boggy/ref_rapl/energy_exp_server/NPB3.4.3/NPB3.4-MPI/bin/mg.C.x"
0.9399814 W	2185959	"/home/boggy/ref_rapl/energy_exp_server/NPB3.4.3/NPB3.4-MPI/bin/mg.C.x"
0.62665427 W	2185940	"/home/boggy/ref_rapl/scaphandre/target/release/scaphandre"
------------------------------------------------------------

Host:	51.996214 W from 
	package 	core		dram		uncore
Socket0	46.435696 W |	40.98484 W	4.463425 W	0 W	

Top 5 consumers:
Power		PID	Exe
0.96289283 W	2185960	"/home/boggy/ref_rapl/energy_exp_server/NPB3.4.3/NPB3.4-MPI/bin/mg.C.x"
0.96289283 W	2185962	"/home/boggy/ref_rapl/energy_exp_server/NPB3.4.3/NPB3.4-MPI/bin/mg.C.x"
0.96289283 W	2185961	"/home/boggy/ref_rapl/energy_exp_server/NPB3.4.3/NPB3.4-MPI/bin/mg.C.x"
0.96289283 W	2185959	"/home/boggy/ref_rapl/energy_exp_server/NPB3.4.3/NPB3.4-MPI/bin/mg.C.x"
0.64192855 W	2185940	"/home/boggy/ref_rapl/scaphandre/target/release/scaphandre"
------------------------------------------------------------

Host:	52.755433 W from 
	package 	core		dram		uncore
Socket0	47.129005 W |	41.235916 W	4.64168 W	0 W	

Top 5 consumers:
Power		PID	Exe
1.3026032 W	2185961	"/home/boggy/ref_rapl/energy_exp_server/NPB3.4.3/NPB3.4-MPI/bin/mg.C.x"
0.97695243 W	2185940	"/home/boggy/ref_rapl/scaphandre/target/release/scaphandre"
0.97695243 W	2185960	"/home/boggy/ref_rapl/energy_exp_server/NPB3.4.3/NPB3.4-MPI/bin/mg.C.x"
0.97695243 W	2185962	"/home/boggy/ref_rapl/energy_exp_server/NPB3.4.3/NPB3.4-MPI/bin/mg.C.x"
0.97695243 W	2185959	"/home/boggy/ref_rapl/energy_exp_server/NPB3.4.3/NPB3.4-MPI/bin/mg.C.x"
------------------------------------------------------------

Host:	53.245674 W from 
	package 	core		dram		uncore
Socket0	47.793552 W |	42.926926 W	4.744941 W	0 W	

Top 5 consumers:
Power		PID	Exe
1.314708 W	2185962	"/home/boggy/ref_rapl/energy_exp_server/NPB3.4.3/NPB3.4-MPI/bin/mg.C.x"
0.986031 W	2185960	"/home/boggy/ref_rapl/energy_exp_server/NPB3.4.3/NPB3.4-MPI/bin/mg.C.x"
0.986031 W	2185961	"/home/boggy/ref_rapl/energy_exp_server/NPB3.4.3/NPB3.4-MPI/bin/mg.C.x"
0.986031 W	2185959	"/home/boggy/ref_rapl/energy_exp_server/NPB3.4.3/NPB3.4-MPI/bin/mg.C.x"
0.657354 W	2185940	"/home/boggy/ref_rapl/scaphandre/target/release/scaphandre"
------------------------------------------------------------

Host:	51.784478 W from 
	package 	core		dram		uncore
Socket0	48.632107 W |	43.361664 W	4.794572 W	0 W	

Top 5 consumers:
Power		PID	Exe
1.1507663 W	2185940	"/home/boggy/ref_rapl/scaphandre/target/release/scaphandre"
0.86307466 W	2185960	"/home/boggy/ref_rapl/energy_exp_server/NPB3.4.3/NPB3.4-MPI/bin/mg.C.x"
0.86307466 W	2185962	"/home/boggy/ref_rapl/energy_exp_server/NPB3.4.3/NPB3.4-MPI/bin/mg.C.x"
0.86307466 W	2185961	"/home/boggy/ref_rapl/energy_exp_server/NPB3.4.3/NPB3.4-MPI/bin/mg.C.x"
0.86307466 W	2185959	"/home/boggy/ref_rapl/energy_exp_server/NPB3.4.3/NPB3.4-MPI/bin/mg.C.x"
------------------------------------------------------------

Host:	52.928366 W from 
	package 	core		dram		uncore
Socket0	48.34757 W |	43.09282 W	4.786367 W	0 W	

Top 5 consumers:
Power		PID	Exe
1.176186 W	2185960	"/home/boggy/ref_rapl/energy_exp_server/NPB3.4.3/NPB3.4-MPI/bin/mg.C.x"
0.8821395 W	2185962	"/home/boggy/ref_rapl/energy_exp_server/NPB3.4.3/NPB3.4-MPI/bin/mg.C.x"
0.8821395 W	2185961	"/home/boggy/ref_rapl/energy_exp_server/NPB3.4.3/NPB3.4-MPI/bin/mg.C.x"
0.8821395 W	2185959	"/home/boggy/ref_rapl/energy_exp_server/NPB3.4.3/NPB3.4-MPI/bin/mg.C.x"
0.588093 W	2185940	"/home/boggy/ref_rapl/scaphandre/target/release/scaphandre"
------------------------------------------------------------

Host:	53.210835 W from 
	package 	core		dram		uncore
Socket0	48.35932 W |	43.205757 W	4.776335 W	0 W	

Top 5 consumers:
Power		PID	Exe
1.182463 W	2185959	"/home/boggy/ref_rapl/energy_exp_server/NPB3.4.3/NPB3.4-MPI/bin/mg.C.x"
0.8868473 W	2185940	"/home/boggy/ref_rapl/scaphandre/target/release/scaphandre"
0.8868473 W	2185960	"/home/boggy/ref_rapl/energy_exp_server/NPB3.4.3/NPB3.4-MPI/bin/mg.C.x"
0.8868473 W	2185962	"/home/boggy/ref_rapl/energy_exp_server/NPB3.4.3/NPB3.4-MPI/bin/mg.C.x"
0.8868473 W	2185961	"/home/boggy/ref_rapl/energy_exp_server/NPB3.4.3/NPB3.4-MPI/bin/mg.C.x"
------------------------------------------------------------

Host:	54.518006 W from 
	package 	core		dram		uncore
Socket0	48.308887 W |	43.20039 W	4.779664 W	0 W	

Top 5 consumers:
Power		PID	Exe
0.9086335 W	2185960	"/home/boggy/ref_rapl/energy_exp_server/NPB3.4.3/NPB3.4-MPI/bin/mg.C.x"
0.9086335 W	2185962	"/home/boggy/ref_rapl/energy_exp_server/NPB3.4.3/NPB3.4-MPI/bin/mg.C.x"
0.9086335 W	2185961	"/home/boggy/ref_rapl/energy_exp_server/NPB3.4.3/NPB3.4-MPI/bin/mg.C.x"
0.9086335 W	2185959	"/home/boggy/ref_rapl/energy_exp_server/NPB3.4.3/NPB3.4-MPI/bin/mg.C.x"
0.6057556 W	2185940	"/home/boggy/ref_rapl/scaphandre/target/release/scaphandre"
------------------------------------------------------------

Host:	51.969091 W from 
	package 	core		dram		uncore
Socket0	48.124023 W |	43.382908 W	4.738426 W	0 W	

Top 5 consumers:
Power		PID	Exe
1.1548687 W	2185962	"/home/boggy/ref_rapl/energy_exp_server/NPB3.4.3/NPB3.4-MPI/bin/mg.C.x"
1.1548687 W	2185961	"/home/boggy/ref_rapl/energy_exp_server/NPB3.4.3/NPB3.4-MPI/bin/mg.C.x"
0.8661516 W	2185940	"/home/boggy/ref_rapl/scaphandre/target/release/scaphandre"
0.8661516 W	2185960	"/home/boggy/ref_rapl/energy_exp_server/NPB3.4.3/NPB3.4-MPI/bin/mg.C.x"
0.8661516 W	2185959	"/home/boggy/ref_rapl/energy_exp_server/NPB3.4.3/NPB3.4-MPI/bin/mg.C.x"
------------------------------------------------------------

Host:	53.326725 W from 
	package 	core		dram		uncore
Socket0	47.4579 W |	42.87589 W	4.816924 W	0 W	

Top 5 consumers:
Power		PID	Exe
1.1850383 W	2185960	"/home/boggy/ref_rapl/energy_exp_server/NPB3.4.3/NPB3.4-MPI/bin/mg.C.x"
0.8887788 W	2185962	"/home/boggy/ref_rapl/energy_exp_server/NPB3.4.3/NPB3.4-MPI/bin/mg.C.x"
0.8887788 W	2185961	"/home/boggy/ref_rapl/energy_exp_server/NPB3.4.3/NPB3.4-MPI/bin/mg.C.x"
0.8887788 W	2185959	"/home/boggy/ref_rapl/energy_exp_server/NPB3.4.3/NPB3.4-MPI/bin/mg.C.x"
0.59251916 W	2185940	"/home/boggy/ref_rapl/scaphandre/target/release/scaphandre"
------------------------------------------------------------

Host:	55.384475 W from 
	package 	core		dram		uncore
Socket0	49.553802 W |	44.52531 W	4.507672 W	0 W	

Top 5 consumers:
Power		PID	Exe
0.9230746 W	2185940	"/home/boggy/ref_rapl/scaphandre/target/release/scaphandre"
0.9230746 W	2185960	"/home/boggy/ref_rapl/energy_exp_server/NPB3.4.3/NPB3.4-MPI/bin/mg.C.x"
0.9230746 W	2185962	"/home/boggy/ref_rapl/energy_exp_server/NPB3.4.3/NPB3.4-MPI/bin/mg.C.x"
0.9230746 W	2185961	"/home/boggy/ref_rapl/energy_exp_server/NPB3.4.3/NPB3.4-MPI/bin/mg.C.x"
0.9230746 W	2185959	"/home/boggy/ref_rapl/energy_exp_server/NPB3.4.3/NPB3.4-MPI/bin/mg.C.x"
------------------------------------------------------------

Host:	54.828614 W from 
	package 	core		dram		uncore
Socket0	50.704857 W |	45.614487 W	4.640716 W	0 W	

Top 5 consumers:
Power		PID	Exe
0.90876156 W	2185960	"/home/boggy/ref_rapl/energy_exp_server/NPB3.4.3/NPB3.4-MPI/bin/mg.C.x"
0.90876156 W	2185962	"/home/boggy/ref_rapl/energy_exp_server/NPB3.4.3/NPB3.4-MPI/bin/mg.C.x"
0.90876156 W	2185961	"/home/boggy/ref_rapl/energy_exp_server/NPB3.4.3/NPB3.4-MPI/bin/mg.C.x"
0.90876156 W	2185959	"/home/boggy/ref_rapl/energy_exp_server/NPB3.4.3/NPB3.4-MPI/bin/mg.C.x"
0.60584104 W	2185940	"/home/boggy/ref_rapl/scaphandre/target/release/scaphandre"
------------------------------------------------------------

Host:	56.386574 W from 
	package 	core		dram		uncore
Socket0	51.77687 W |	45.71848 W	4.563255 W	0 W	

Top 5 consumers:
Power		PID	Exe
0.9345841 W	2185940	"/home/boggy/ref_rapl/scaphandre/target/release/scaphandre"
0.9345841 W	2185960	"/home/boggy/ref_rapl/energy_exp_server/NPB3.4.3/NPB3.4-MPI/bin/mg.C.x"
0.9345841 W	2185962	"/home/boggy/ref_rapl/energy_exp_server/NPB3.4.3/NPB3.4-MPI/bin/mg.C.x"
0.9345841 W	2185961	"/home/boggy/ref_rapl/energy_exp_server/NPB3.4.3/NPB3.4-MPI/bin/mg.C.x"
0.9345841 W	2185959	"/home/boggy/ref_rapl/energy_exp_server/NPB3.4.3/NPB3.4-MPI/bin/mg.C.x"
------------------------------------------------------------

Host:	55.846188 W from 
	package 	core		dram		uncore
Socket0	50.13639 W |	45.744938 W	4.68617 W	0 W	

Top 5 consumers:
Power		PID	Exe
0.9256274 W	2185960	"/home/boggy/ref_rapl/energy_exp_server/NPB3.4.3/NPB3.4-MPI/bin/mg.C.x"
0.9256274 W	2185962	"/home/boggy/ref_rapl/energy_exp_server/NPB3.4.3/NPB3.4-MPI/bin/mg.C.x"
0.9256274 W	2185961	"/home/boggy/ref_rapl/energy_exp_server/NPB3.4.3/NPB3.4-MPI/bin/mg.C.x"
0.9256274 W	2185959	"/home/boggy/ref_rapl/energy_exp_server/NPB3.4.3/NPB3.4-MPI/bin/mg.C.x"
0.6170849 W	2185940	"/home/boggy/ref_rapl/scaphandre/target/release/scaphandre"
------------------------------------------------------------

Host:	55.587191 W from 
	package 	core		dram		uncore
Socket0	51.464424 W |	45.798897 W	4.536422 W	0 W	

Top 5 consumers:
Power		PID	Exe
0.9213346 W	2185960	"/home/boggy/ref_rapl/energy_exp_server/NPB3.4.3/NPB3.4-MPI/bin/mg.C.x"
0.9213346 W	2185962	"/home/boggy/ref_rapl/energy_exp_server/NPB3.4.3/NPB3.4-MPI/bin/mg.C.x"
0.9213346 W	2185961	"/home/boggy/ref_rapl/energy_exp_server/NPB3.4.3/NPB3.4-MPI/bin/mg.C.x"
0.9213346 W	2185959	"/home/boggy/ref_rapl/energy_exp_server/NPB3.4.3/NPB3.4-MPI/bin/mg.C.x"
0.6142231 W	2185940	"/home/boggy/ref_rapl/scaphandre/target/release/scaphandre"
------------------------------------------------------------

Host:	52.27238 W from 
	package 	core		dram		uncore
Socket0	50.728683 W |	45.83841 W	4.581524 W	0 W	

Top 5 consumers:
Power		PID	Exe
1.1551907 W	2185959	"/home/boggy/ref_rapl/energy_exp_server/NPB3.4.3/NPB3.4-MPI/bin/mg.C.x"
0.866393 W	2185940	"/home/boggy/ref_rapl/scaphandre/target/release/scaphandre"
0.866393 W	2185960	"/home/boggy/ref_rapl/energy_exp_server/NPB3.4.3/NPB3.4-MPI/bin/mg.C.x"
0.866393 W	2185962	"/home/boggy/ref_rapl/energy_exp_server/NPB3.4.3/NPB3.4-MPI/bin/mg.C.x"
0.866393 W	2185961	"/home/boggy/ref_rapl/energy_exp_server/NPB3.4.3/NPB3.4-MPI/bin/mg.C.x"
------------------------------------------------------------

Host:	53.726447 W from 
	package 	core		dram		uncore
Socket0	48.95795 W |	43.490387 W	4.333442 W	0 W	

Top 5 consumers:
Power		PID	Exe
0.8904936 W	2185940	"/home/boggy/ref_rapl/scaphandre/target/release/scaphandre"
0.8904936 W	2185960	"/home/boggy/ref_rapl/energy_exp_server/NPB3.4.3/NPB3.4-MPI/bin/mg.C.x"
0.8904936 W	2185962	"/home/boggy/ref_rapl/energy_exp_server/NPB3.4.3/NPB3.4-MPI/bin/mg.C.x"
0.8904936 W	2185961	"/home/boggy/ref_rapl/energy_exp_server/NPB3.4.3/NPB3.4-MPI/bin/mg.C.x"
0.8904936 W	2185959	"/home/boggy/ref_rapl/energy_exp_server/NPB3.4.3/NPB3.4-MPI/bin/mg.C.x"
------------------------------------------------------------

Host:	53.391481 W from 
	package 	core		dram		uncore
Socket0	48.531147 W |	43.331467 W	4.695114 W	0 W	

Top 5 consumers:
Power		PID	Exe
1.1799222 W	2185962	"/home/boggy/ref_rapl/energy_exp_server/NPB3.4.3/NPB3.4-MPI/bin/mg.C.x"
1.1799222 W	2185961	"/home/boggy/ref_rapl/energy_exp_server/NPB3.4.3/NPB3.4-MPI/bin/mg.C.x"
0.8849417 W	2185960	"/home/boggy/ref_rapl/energy_exp_server/NPB3.4.3/NPB3.4-MPI/bin/mg.C.x"
0.8849417 W	2185959	"/home/boggy/ref_rapl/energy_exp_server/NPB3.4.3/NPB3.4-MPI/bin/mg.C.x"
0.5899611 W	2185940	"/home/boggy/ref_rapl/scaphandre/target/release/scaphandre"
------------------------------------------------------------

Host:	53.157405 W from 
	package 	core		dram		uncore
Socket0	47.51785 W |	43.205772 W	4.847518 W	0 W	

Top 5 consumers:
Power		PID	Exe
0.91650695 W	2185940	"/home/boggy/ref_rapl/scaphandre/target/release/scaphandre"
0.91650695 W	2185960	"/home/boggy/ref_rapl/energy_exp_server/NPB3.4.3/NPB3.4-MPI/bin/mg.C.x"
0.91650695 W	2185962	"/home/boggy/ref_rapl/energy_exp_server/NPB3.4.3/NPB3.4-MPI/bin/mg.C.x"
0.91650695 W	2185961	"/home/boggy/ref_rapl/energy_exp_server/NPB3.4.3/NPB3.4-MPI/bin/mg.C.x"
0.91650695 W	2185959	"/home/boggy/ref_rapl/energy_exp_server/NPB3.4.3/NPB3.4-MPI/bin/mg.C.x"
------------------------------------------------------------

Host:	53.366568 W from 
	package 	core		dram		uncore
Socket0	48.310944 W |	43.30495 W	4.772527 W	0 W	

Top 5 consumers:
Power		PID	Exe
1.2268176 W	2185960	"/home/boggy/ref_rapl/energy_exp_server/NPB3.4.3/NPB3.4-MPI/bin/mg.C.x"
0.92011327 W	2185940	"/home/boggy/ref_rapl/scaphandre/target/release/scaphandre"
0.92011327 W	2185962	"/home/boggy/ref_rapl/energy_exp_server/NPB3.4.3/NPB3.4-MPI/bin/mg.C.x"
0.92011327 W	2185961	"/home/boggy/ref_rapl/energy_exp_server/NPB3.4.3/NPB3.4-MPI/bin/mg.C.x"
0.92011327 W	2185959	"/home/boggy/ref_rapl/energy_exp_server/NPB3.4.3/NPB3.4-MPI/bin/mg.C.x"
------------------------------------------------------------

Host:	52.872141 W from 
	package 	core		dram		uncore
Socket0	48.425297 W |	43.232635 W	4.787162 W	0 W	

Top 5 consumers:
Power		PID	Exe
0.9115886 W	2185940	"/home/boggy/ref_rapl/scaphandre/target/release/scaphandre"
0.9115886 W	2185960	"/home/boggy/ref_rapl/energy_exp_server/NPB3.4.3/NPB3.4-MPI/bin/mg.C.x"
0.9115886 W	2185962	"/home/boggy/ref_rapl/energy_exp_server/NPB3.4.3/NPB3.4-MPI/bin/mg.C.x"
0.9115886 W	2185961	"/home/boggy/ref_rapl/energy_exp_server/NPB3.4.3/NPB3.4-MPI/bin/mg.C.x"
0.9115886 W	2185959	"/home/boggy/ref_rapl/energy_exp_server/NPB3.4.3/NPB3.4-MPI/bin/mg.C.x"
------------------------------------------------------------

Host:	53.791262 W from 
	package 	core		dram		uncore
Socket0	48.186172 W |	43.24313 W	4.753816 W	0 W	

Top 5 consumers:
Power		PID	Exe
1.2365807 W	2185959	"/home/boggy/ref_rapl/energy_exp_server/NPB3.4.3/NPB3.4-MPI/bin/mg.C.x"
0.9274356 W	2185960	"/home/boggy/ref_rapl/energy_exp_server/NPB3.4.3/NPB3.4-MPI/bin/mg.C.x"
0.9274356 W	2185962	"/home/boggy/ref_rapl/energy_exp_server/NPB3.4.3/NPB3.4-MPI/bin/mg.C.x"
0.9274356 W	2185961	"/home/boggy/ref_rapl/energy_exp_server/NPB3.4.3/NPB3.4-MPI/bin/mg.C.x"
0.61829036 W	2185940	"/home/boggy/ref_rapl/scaphandre/target/release/scaphandre"
------------------------------------------------------------

Host:	53.396466 W from 
	package 	core		dram		uncore
Socket0	48.901703 W |	43.211193 W	4.685331 W	0 W	

Top 5 consumers:
Power		PID	Exe
1.227505 W	2185961	"/home/boggy/ref_rapl/energy_exp_server/NPB3.4.3/NPB3.4-MPI/bin/mg.C.x"
0.92062867 W	2185960	"/home/boggy/ref_rapl/energy_exp_server/NPB3.4.3/NPB3.4-MPI/bin/mg.C.x"
0.92062867 W	2185962	"/home/boggy/ref_rapl/energy_exp_server/NPB3.4.3/NPB3.4-MPI/bin/mg.C.x"
0.92062867 W	2185959	"/home/boggy/ref_rapl/energy_exp_server/NPB3.4.3/NPB3.4-MPI/bin/mg.C.x"
0.6137525 W	2185940	"/home/boggy/ref_rapl/scaphandre/target/release/scaphandre"
------------------------------------------------------------

Host:	50.257168 W from 
	package 	core		dram		uncore
Socket0	47.918613 W |	42.67831 W	4.783723 W	0 W	

Top 5 consumers:
Power		PID	Exe
1.1553371 W	2185962	"/home/boggy/ref_rapl/energy_exp_server/NPB3.4.3/NPB3.4-MPI/bin/mg.C.x"
0.8665029 W	2185940	"/home/boggy/ref_rapl/scaphandre/target/release/scaphandre"
0.8665029 W	2185960	"/home/boggy/ref_rapl/energy_exp_server/NPB3.4.3/NPB3.4-MPI/bin/mg.C.x"
0.8665029 W	2185961	"/home/boggy/ref_rapl/energy_exp_server/NPB3.4.3/NPB3.4-MPI/bin/mg.C.x"
0.8665029 W	2185959	"/home/boggy/ref_rapl/energy_exp_server/NPB3.4.3/NPB3.4-MPI/bin/mg.C.x"
------------------------------------------------------------

Host:	51.239709 W from 
	package 	core		dram		uncore
Socket0	47.055893 W |	41.900246 W	4.391029 W	0 W	

Top 5 consumers:
Power		PID	Exe
0.88344324 W	2185960	"/home/boggy/ref_rapl/energy_exp_server/NPB3.4.3/NPB3.4-MPI/bin/mg.C.x"
0.88344324 W	2185962	"/home/boggy/ref_rapl/energy_exp_server/NPB3.4.3/NPB3.4-MPI/bin/mg.C.x"
0.88344324 W	2185961	"/home/boggy/ref_rapl/energy_exp_server/NPB3.4.3/NPB3.4-MPI/bin/mg.C.x"
0.88344324 W	2185959	"/home/boggy/ref_rapl/energy_exp_server/NPB3.4.3/NPB3.4-MPI/bin/mg.C.x"
0.5889622 W	2185940	"/home/boggy/ref_rapl/scaphandre/target/release/scaphandre"
------------------------------------------------------------

Host:	53.979887 W from 
	package 	core		dram		uncore
Socket0	47.28239 W |	42.24029 W	4.666143 W	0 W	

Top 5 consumers:
Power		PID	Exe
0.91491336 W	2185940	"/home/boggy/ref_rapl/scaphandre/target/release/scaphandre"
0.91491336 W	2185960	"/home/boggy/ref_rapl/energy_exp_server/NPB3.4.3/NPB3.4-MPI/bin/mg.C.x"
0.91491336 W	2185962	"/home/boggy/ref_rapl/energy_exp_server/NPB3.4.3/NPB3.4-MPI/bin/mg.C.x"
0.91491336 W	2185961	"/home/boggy/ref_rapl/energy_exp_server/NPB3.4.3/NPB3.4-MPI/bin/mg.C.x"
0.91491336 W	2185959	"/home/boggy/ref_rapl/energy_exp_server/NPB3.4.3/NPB3.4-MPI/bin/mg.C.x"
------------------------------------------------------------

Host:	48.690858 W from 
	package 	core		dram		uncore
Socket0	47.738766 W |	43.088608 W	4.504886 W	0 W	

Top 5 consumers:
Power		PID	Exe
1.1003584 W	2185960	"/home/boggy/ref_rapl/energy_exp_server/NPB3.4.3/NPB3.4-MPI/bin/mg.C.x"
0.8252688 W	2185962	"/home/boggy/ref_rapl/energy_exp_server/NPB3.4.3/NPB3.4-MPI/bin/mg.C.x"
0.8252688 W	2185961	"/home/boggy/ref_rapl/energy_exp_server/NPB3.4.3/NPB3.4-MPI/bin/mg.C.x"
0.8252688 W	2185959	"/home/boggy/ref_rapl/energy_exp_server/NPB3.4.3/NPB3.4-MPI/bin/mg.C.x"
0.5501792 W	2185940	"/home/boggy/ref_rapl/scaphandre/target/release/scaphandre"
------------------------------------------------------------

Host:	45.5061 W from 
	package 	core		dram		uncore
Socket0	42.31492 W |	37.104614 W	4.560172 W	0 W	

Top 5 consumers:
Power		PID	Exe
1.7996762 W	2185940	"/home/boggy/ref_rapl/scaphandre/target/release/scaphandre"
1.5425798 W	2185962	"/home/boggy/ref_rapl/energy_exp_server/NPB3.4.3/NPB3.4-MPI/bin/mg.C.x"
1.5425798 W	2185961	"/home/boggy/ref_rapl/energy_exp_server/NPB3.4.3/NPB3.4-MPI/bin/mg.C.x"
1.5425798 W	2185959	"/home/boggy/ref_rapl/energy_exp_server/NPB3.4.3/NPB3.4-MPI/bin/mg.C.x"
1.285483 W	2185960	"/home/boggy/ref_rapl/energy_exp_server/NPB3.4.3/NPB3.4-MPI/bin/mg.C.x"
------------------------------------------------------------

Host:	47.498279 W from 
	package 	core		dram		uncore
Socket0	41.6371 W |	36.200623 W	4.605043 W	0 W	

Top 5 consumers:
Power		PID	Exe
1.6101112 W	2185960	"/home/boggy/ref_rapl/energy_exp_server/NPB3.4.3/NPB3.4-MPI/bin/mg.C.x"
1.6101112 W	2185959	"/home/boggy/ref_rapl/energy_exp_server/NPB3.4.3/NPB3.4-MPI/bin/mg.C.x"
1.3417592 W	2185940	"/home/boggy/ref_rapl/scaphandre/target/release/scaphandre"
1.3417592 W	2185962	"/home/boggy/ref_rapl/energy_exp_server/NPB3.4.3/NPB3.4-MPI/bin/mg.C.x"
1.3417592 W	2185961	"/home/boggy/ref_rapl/energy_exp_server/NPB3.4.3/NPB3.4-MPI/bin/mg.C.x"
------------------------------------------------------------

Host:	51.748037 W from 
	package 	core		dram		uncore
Socket0	42.790607 W |	37.80866 W	4.450616 W	0 W	

Top 5 consumers:
Power		PID	Exe
1.1694472 W	2185960	"/home/boggy/ref_rapl/energy_exp_server/NPB3.4.3/NPB3.4-MPI/bin/mg.C.x"
1.1694472 W	2185962	"/home/boggy/ref_rapl/energy_exp_server/NPB3.4.3/NPB3.4-MPI/bin/mg.C.x"
1.1694472 W	2185961	"/home/boggy/ref_rapl/energy_exp_server/NPB3.4.3/NPB3.4-MPI/bin/mg.C.x"
1.1694472 W	2185959	"/home/boggy/ref_rapl/energy_exp_server/NPB3.4.3/NPB3.4-MPI/bin/mg.C.x"
0.5847236 W	2185940	"/home/boggy/ref_rapl/scaphandre/target/release/scaphandre"
------------------------------------------------------------

Host:	49.292735 W from 
	package 	core		dram		uncore
Socket0	50.257263 W |	45.593178 W	4.416607 W	0 W	

Top 5 consumers:
Power		PID	Exe
2.6644723 W	2185960	"/home/boggy/ref_rapl/energy_exp_server/NPB3.4.3/NPB3.4-MPI/bin/mg.C.x"
2.6644723 W	2185962	"/home/boggy/ref_rapl/energy_exp_server/NPB3.4.3/NPB3.4-MPI/bin/mg.C.x"
2.6644723 W	2185961	"/home/boggy/ref_rapl/energy_exp_server/NPB3.4.3/NPB3.4-MPI/bin/mg.C.x"
2.4741526 W	2185959	"/home/boggy/ref_rapl/energy_exp_server/NPB3.4.3/NPB3.4-MPI/bin/mg.C.x"
0.76127774 W	2185940	"/home/boggy/ref_rapl/scaphandre/target/release/scaphandre"
------------------------------------------------------------

Host:	50.542684 W from 
	package 	core		dram		uncore
Socket0	45.016632 W |	39.83893 W	4.628624 W	0 W	

Top 5 consumers:
Power		PID	Exe
2.1466005 W	2185960	"/home/boggy/ref_rapl/energy_exp_server/NPB3.4.3/NPB3.4-MPI/bin/mg.C.x"
2.1466005 W	2185962	"/home/boggy/ref_rapl/energy_exp_server/NPB3.4.3/NPB3.4-MPI/bin/mg.C.x"
2.1466005 W	2185961	"/home/boggy/ref_rapl/energy_exp_server/NPB3.4.3/NPB3.4-MPI/bin/mg.C.x"
2.1466005 W	2185959	"/home/boggy/ref_rapl/energy_exp_server/NPB3.4.3/NPB3.4-MPI/bin/mg.C.x"
0.5854365 W	2185940	"/home/boggy/ref_rapl/scaphandre/target/release/scaphandre"
------------------------------------------------------------

Host:	52.465131 W from 
	package 	core		dram		uncore
Socket0	45.30661 W |	40.685966 W	4.791757 W	0 W	

Top 5 consumers:
Power		PID	Exe
0.81027234 W	2185959	"/home/boggy/ref_rapl/energy_exp_server/NPB3.4.3/NPB3.4-MPI/bin/mg.C.x"
0.60770416 W	2185960	"/home/boggy/ref_rapl/energy_exp_server/NPB3.4.3/NPB3.4-MPI/bin/mg.C.x"
0.60770416 W	2185962	"/home/boggy/ref_rapl/energy_exp_server/NPB3.4.3/NPB3.4-MPI/bin/mg.C.x"
0.60770416 W	2185961	"/home/boggy/ref_rapl/energy_exp_server/NPB3.4.3/NPB3.4-MPI/bin/mg.C.x"
0.40513617 W	2185940	"/home/boggy/ref_rapl/scaphandre/target/release/scaphandre"
------------------------------------------------------------

Host:	54.426727 W from 
	package 	core		dram		uncore
Socket0	49.28972 W |	43.452713 W	4.725865 W	0 W	

Top 5 consumers:
Power		PID	Exe
0.8405672 W	2185962	"/home/boggy/ref_rapl/energy_exp_server/NPB3.4.3/NPB3.4-MPI/bin/mg.C.x"
0.8405672 W	2185961	"/home/boggy/ref_rapl/energy_exp_server/NPB3.4.3/NPB3.4-MPI/bin/mg.C.x"
0.6304254 W	2185940	"/home/boggy/ref_rapl/scaphandre/target/release/scaphandre"
0.6304254 W	2185960	"/home/boggy/ref_rapl/energy_exp_server/NPB3.4.3/NPB3.4-MPI/bin/mg.C.x"
0.6304254 W	2185959	"/home/boggy/ref_rapl/energy_exp_server/NPB3.4.3/NPB3.4-MPI/bin/mg.C.x"
------------------------------------------------------------

Host:	50.933963 W from 
	package 	core		dram		uncore
Socket0	47.00802 W |	42.636024 W	4.819218 W	0 W	

Top 5 consumers:
Power		PID	Exe
1.1984463 W	2185960	"/home/boggy/ref_rapl/energy_exp_server/NPB3.4.3/NPB3.4-MPI/bin/mg.C.x"
0.8988347 W	2185962	"/home/boggy/ref_rapl/energy_exp_server/NPB3.4.3/NPB3.4-MPI/bin/mg.C.x"
0.8988347 W	2185961	"/home/boggy/ref_rapl/energy_exp_server/NPB3.4.3/NPB3.4-MPI/bin/mg.C.x"
0.8988347 W	2185959	"/home/boggy/ref_rapl/energy_exp_server/NPB3.4.3/NPB3.4-MPI/bin/mg.C.x"
0.59922314 W	2185940	"/home/boggy/ref_rapl/scaphandre/target/release/scaphandre"
------------------------------------------------------------

Host:	55.55975 W from 
	package 	core		dram		uncore
Socket0	48.340614 W |	43.486015 W	4.522615 W	0 W	

Top 5 consumers:
Power		PID	Exe
0.98046625 W	2185940	"/home/boggy/ref_rapl/scaphandre/target/release/scaphandre"
0.98046625 W	2185960	"/home/boggy/ref_rapl/energy_exp_server/NPB3.4.3/NPB3.4-MPI/bin/mg.C.x"
0.98046625 W	2185962	"/home/boggy/ref_rapl/energy_exp_server/NPB3.4.3/NPB3.4-MPI/bin/mg.C.x"
0.98046625 W	2185961	"/home/boggy/ref_rapl/energy_exp_server/NPB3.4.3/NPB3.4-MPI/bin/mg.C.x"
0.98046625 W	2185959	"/home/boggy/ref_rapl/energy_exp_server/NPB3.4.3/NPB3.4-MPI/bin/mg.C.x"
------------------------------------------------------------

Host:	54.611488 W from 
	package 	core		dram		uncore
Socket0	50.849136 W |	45.636024 W	4.638017 W	0 W	

Top 5 consumers:
Power		PID	Exe
0.9637322 W	2185940	"/home/boggy/ref_rapl/scaphandre/target/release/scaphandre"
0.9637322 W	2185960	"/home/boggy/ref_rapl/energy_exp_server/NPB3.4.3/NPB3.4-MPI/bin/mg.C.x"
0.9637322 W	2185962	"/home/boggy/ref_rapl/energy_exp_server/NPB3.4.3/NPB3.4-MPI/bin/mg.C.x"
0.9637322 W	2185961	"/home/boggy/ref_rapl/energy_exp_server/NPB3.4.3/NPB3.4-MPI/bin/mg.C.x"
0.9637322 W	2185959	"/home/boggy/ref_rapl/energy_exp_server/NPB3.4.3/NPB3.4-MPI/bin/mg.C.x"
------------------------------------------------------------

Host:	56.868487 W from 
	package 	core		dram		uncore
Socket0	51.640865 W |	45.74916 W	4.544067 W	0 W	

Top 5 consumers:
Power		PID	Exe
1.0035616 W	2185960	"/home/boggy/ref_rapl/energy_exp_server/NPB3.4.3/NPB3.4-MPI/bin/mg.C.x"
1.0035616 W	2185962	"/home/boggy/ref_rapl/energy_exp_server/NPB3.4.3/NPB3.4-MPI/bin/mg.C.x"
1.0035616 W	2185961	"/home/boggy/ref_rapl/energy_exp_server/NPB3.4.3/NPB3.4-MPI/bin/mg.C.x"
1.0035616 W	2185959	"/home/boggy/ref_rapl/energy_exp_server/NPB3.4.3/NPB3.4-MPI/bin/mg.C.x"
0.33452052 W	2185940	"/home/boggy/ref_rapl/scaphandre/target/release/scaphandre"
------------------------------------------------------------

Host:	54.734039 W from 
	package 	core		dram		uncore
Socket0	50.503967 W |	45.67458 W	4.616092 W	0 W	

Top 5 consumers:
Power		PID	Exe
1.2878598 W	2185962	"/home/boggy/ref_rapl/energy_exp_server/NPB3.4.3/NPB3.4-MPI/bin/mg.C.x"
1.2878598 W	2185961	"/home/boggy/ref_rapl/energy_exp_server/NPB3.4.3/NPB3.4-MPI/bin/mg.C.x"
1.2878598 W	2185959	"/home/boggy/ref_rapl/energy_exp_server/NPB3.4.3/NPB3.4-MPI/bin/mg.C.x"
0.9658949 W	2185940	"/home/boggy/ref_rapl/scaphandre/target/release/scaphandre"
0.9658949 W	2185960	"/home/boggy/ref_rapl/energy_exp_server/NPB3.4.3/NPB3.4-MPI/bin/mg.C.x"
------------------------------------------------------------

Host:	53.810208 W from 
	package 	core		dram		uncore
Socket0	50.05675 W |	45.43788 W	4.598933 W	0 W	

Top 5 consumers:
Power		PID	Exe
0.949592 W	2185940	"/home/boggy/ref_rapl/scaphandre/target/release/scaphandre"
0.949592 W	2185960	"/home/boggy/ref_rapl/energy_exp_server/NPB3.4.3/NPB3.4-MPI/bin/mg.C.x"
0.949592 W	2185962	"/home/boggy/ref_rapl/energy_exp_server/NPB3.4.3/NPB3.4-MPI/bin/mg.C.x"
0.949592 W	2185961	"/home/boggy/ref_rapl/energy_exp_server/NPB3.4.3/NPB3.4-MPI/bin/mg.C.x"
0.949592 W	2185959	"/home/boggy/ref_rapl/energy_exp_server/NPB3.4.3/NPB3.4-MPI/bin/mg.C.x"
------------------------------------------------------------

Host:	54.703788 W from 
	package 	core		dram		uncore
Socket0	50.88825 W |	45.531548 W	4.661298 W	0 W	

Top 5 consumers:
Power		PID	Exe
0.96536106 W	2185960	"/home/boggy/ref_rapl/energy_exp_server/NPB3.4.3/NPB3.4-MPI/bin/mg.C.x"
0.96536106 W	2185962	"/home/boggy/ref_rapl/energy_exp_server/NPB3.4.3/NPB3.4-MPI/bin/mg.C.x"
0.96536106 W	2185961	"/home/boggy/ref_rapl/energy_exp_server/NPB3.4.3/NPB3.4-MPI/bin/mg.C.x"
0.96536106 W	2185959	"/home/boggy/ref_rapl/energy_exp_server/NPB3.4.3/NPB3.4-MPI/bin/mg.C.x"
0.643574 W	2185940	"/home/boggy/ref_rapl/scaphandre/target/release/scaphandre"
------------------------------------------------------------

Host:	51.564944 W from 
	package 	core		dram		uncore
Socket0	48.25867 W |	43.3527 W	3.994333 W	0 W	

Top 5 consumers:
Power		PID	Exe
0.9099697 W	2185960	"/home/boggy/ref_rapl/energy_exp_server/NPB3.4.3/NPB3.4-MPI/bin/mg.C.x"
0.9099697 W	2185959	"/home/boggy/ref_rapl/energy_exp_server/NPB3.4.3/NPB3.4-MPI/bin/mg.C.x"
0.6066464 W	2185940	"/home/boggy/ref_rapl/scaphandre/target/release/scaphandre"
0.6066464 W	2185962	"/home/boggy/ref_rapl/energy_exp_server/NPB3.4.3/NPB3.4-MPI/bin/mg.C.x"
0.6066464 W	2185961	"/home/boggy/ref_rapl/energy_exp_server/NPB3.4.3/NPB3.4-MPI/bin/mg.C.x"
------------------------------------------------------------

Host:	51.650188 W from 
	package 	core		dram		uncore
Socket0	49.166943 W |	44.501945 W	4.150743 W	0 W	

Top 5 consumers:
Power		PID	Exe
1.822948 W	2185960	"/home/boggy/ref_rapl/energy_exp_server/NPB3.4.3/NPB3.4-MPI/bin/mg.C.x"
1.822948 W	2185962	"/home/boggy/ref_rapl/energy_exp_server/NPB3.4.3/NPB3.4-MPI/bin/mg.C.x"
1.822948 W	2185961	"/home/boggy/ref_rapl/energy_exp_server/NPB3.4.3/NPB3.4-MPI/bin/mg.C.x"
1.5191231 W	2185959	"/home/boggy/ref_rapl/energy_exp_server/NPB3.4.3/NPB3.4-MPI/bin/mg.C.x"
0.911474 W	2185940	"/home/boggy/ref_rapl/scaphandre/target/release/scaphandre"
------------------------------------------------------------

Host:	52.305778 W from 
	package 	core		dram		uncore
Socket0	47.088516 W |	41.876167 W	4.787497 W	0 W	

Top 5 consumers:
Power		PID	Exe
1.8460864 W	2185962	"/home/boggy/ref_rapl/energy_exp_server/NPB3.4.3/NPB3.4-MPI/bin/mg.C.x"
1.8460864 W	2185961	"/home/boggy/ref_rapl/energy_exp_server/NPB3.4.3/NPB3.4-MPI/bin/mg.C.x"
1.8460864 W	2185959	"/home/boggy/ref_rapl/energy_exp_server/NPB3.4.3/NPB3.4-MPI/bin/mg.C.x"
1.5384053 W	2185960	"/home/boggy/ref_rapl/energy_exp_server/NPB3.4.3/NPB3.4-MPI/bin/mg.C.x"
0.6153621 W	2185940	"/home/boggy/ref_rapl/scaphandre/target/release/scaphandre"
------------------------------------------------------------

Host:	51.3316 W from 
	package 	core		dram		uncore
Socket0	46.61751 W |	41.810043 W	4.740943 W	0 W	

Top 5 consumers:
Power		PID	Exe
1.8117037 W	2185960	"/home/boggy/ref_rapl/energy_exp_server/NPB3.4.3/NPB3.4-MPI/bin/mg.C.x"
1.8117037 W	2185962	"/home/boggy/ref_rapl/energy_exp_server/NPB3.4.3/NPB3.4-MPI/bin/mg.C.x"
1.8117037 W	2185961	"/home/boggy/ref_rapl/energy_exp_server/NPB3.4.3/NPB3.4-MPI/bin/mg.C.x"
1.8117037 W	2185959	"/home/boggy/ref_rapl/energy_exp_server/NPB3.4.3/NPB3.4-MPI/bin/mg.C.x"
1.2078024 W	2185940	"/home/boggy/ref_rapl/scaphandre/target/release/scaphandre"
------------------------------------------------------------

Host:	50.915973 W from 
	package 	core		dram		uncore
Socket0	47.2449 W |	41.692978 W	4.811378 W	0 W	

Top 5 consumers:
Power		PID	Exe
1.6513289 W	2185960	"/home/boggy/ref_rapl/energy_exp_server/NPB3.4.3/NPB3.4-MPI/bin/mg.C.x"
1.3761073 W	2185962	"/home/boggy/ref_rapl/energy_exp_server/NPB3.4.3/NPB3.4-MPI/bin/mg.C.x"
1.3761073 W	2185961	"/home/boggy/ref_rapl/energy_exp_server/NPB3.4.3/NPB3.4-MPI/bin/mg.C.x"
1.3761073 W	2185959	"/home/boggy/ref_rapl/energy_exp_server/NPB3.4.3/NPB3.4-MPI/bin/mg.C.x"
0.550443 W	2185940	"/home/boggy/ref_rapl/scaphandre/target/release/scaphandre"
------------------------------------------------------------

Host:	49.579041 W from 
	package 	core		dram		uncore
Socket0	45.011814 W |	40.6712 W	4.65628 W	0 W	

Top 5 consumers:
Power		PID	Exe
1.8759636 W	2185962	"/home/boggy/ref_rapl/energy_exp_server/NPB3.4.3/NPB3.4-MPI/bin/mg.C.x"
1.6079689 W	2185961	"/home/boggy/ref_rapl/energy_exp_server/NPB3.4.3/NPB3.4-MPI/bin/mg.C.x"
1.6079689 W	2185959	"/home/boggy/ref_rapl/energy_exp_server/NPB3.4.3/NPB3.4-MPI/bin/mg.C.x"
1.3399742 W	2185960	"/home/boggy/ref_rapl/energy_exp_server/NPB3.4.3/NPB3.4-MPI/bin/mg.C.x"
0.80398446 W	2185940	"/home/boggy/ref_rapl/scaphandre/target/release/scaphandre"
------------------------------------------------------------

Host:	46.680092 W from 
	package 	core		dram		uncore
Socket0	44.831543 W |	39.92373 W	4.629925 W	0 W	

Top 5 consumers:
Power		PID	Exe
1.5139489 W	2185960	"/home/boggy/ref_rapl/energy_exp_server/NPB3.4.3/NPB3.4-MPI/bin/mg.C.x"
1.5139489 W	2185962	"/home/boggy/ref_rapl/energy_exp_server/NPB3.4.3/NPB3.4-MPI/bin/mg.C.x"
1.5139489 W	2185961	"/home/boggy/ref_rapl/energy_exp_server/NPB3.4.3/NPB3.4-MPI/bin/mg.C.x"
1.5139489 W	2185959	"/home/boggy/ref_rapl/energy_exp_server/NPB3.4.3/NPB3.4-MPI/bin/mg.C.x"
0.75697446 W	2185940	"/home/boggy/ref_rapl/scaphandre/target/release/scaphandre"
------------------------------------------------------------

Host:	46.390842 W from 
	package 	core		dram		uncore
Socket0	41.746048 W |	36.34667 W	4.478434 W	0 W	

Top 5 consumers:
Power		PID	Exe
2.319542 W	2185960	"/home/boggy/ref_rapl/energy_exp_server/NPB3.4.3/NPB3.4-MPI/bin/mg.C.x"
2.319542 W	2185962	"/home/boggy/ref_rapl/energy_exp_server/NPB3.4.3/NPB3.4-MPI/bin/mg.C.x"
2.319542 W	2185961	"/home/boggy/ref_rapl/energy_exp_server/NPB3.4.3/NPB3.4-MPI/bin/mg.C.x"
1.4497137 W	2185940	"/home/boggy/ref_rapl/scaphandre/target/release/scaphandre"
0.28994274 W	2113855	""
------------------------------------------------------------

Host:	51.210468 W from 
	package 	core		dram		uncore
Socket0	41.51304 W |	36.278034 W	4.501976 W	0 W	

Top 5 consumers:
Power		PID	Exe
2.240458 W	2185960	"/home/boggy/ref_rapl/energy_exp_server/NPB3.4.3/NPB3.4-MPI/bin/mg.C.x"
2.240458 W	2185962	"/home/boggy/ref_rapl/energy_exp_server/NPB3.4.3/NPB3.4-MPI/bin/mg.C.x"
2.240458 W	2185961	"/home/boggy/ref_rapl/energy_exp_server/NPB3.4.3/NPB3.4-MPI/bin/mg.C.x"
2.240458 W	2185959	"/home/boggy/ref_rapl/energy_exp_server/NPB3.4.3/NPB3.4-MPI/bin/mg.C.x"
0.9601963 W	2185940	"/home/boggy/ref_rapl/scaphandre/target/release/scaphandre"
------------------------------------------------------------

Host:	50.489422 W from 
	package 	core		dram		uncore
Socket0	48.93557 W |	44.375423 W	4.41923 W	0 W	

Top 5 consumers:
Power		PID	Exe
1.8933535 W	2185960	"/home/boggy/ref_rapl/energy_exp_server/NPB3.4.3/NPB3.4-MPI/bin/mg.C.x"
1.8933535 W	2185961	"/home/boggy/ref_rapl/energy_exp_server/NPB3.4.3/NPB3.4-MPI/bin/mg.C.x"
1.5777946 W	2185962	"/home/boggy/ref_rapl/energy_exp_server/NPB3.4.3/NPB3.4-MPI/bin/mg.C.x"
1.5777946 W	2185959	"/home/boggy/ref_rapl/energy_exp_server/NPB3.4.3/NPB3.4-MPI/bin/mg.C.x"
0.94667673 W	2185940	"/home/boggy/ref_rapl/scaphandre/target/release/scaphandre"
------------------------------------------------------------

Host:	50.266316 W from 
	package 	core		dram		uncore
Socket0	45.308575 W |	39.835224 W	4.570475 W	0 W	

Top 5 consumers:
Power		PID	Exe
1.884987 W	2185962	"/home/boggy/ref_rapl/energy_exp_server/NPB3.4.3/NPB3.4-MPI/bin/mg.C.x"
1.884987 W	2185961	"/home/boggy/ref_rapl/energy_exp_server/NPB3.4.3/NPB3.4-MPI/bin/mg.C.x"
1.5708224 W	2185960	"/home/boggy/ref_rapl/energy_exp_server/NPB3.4.3/NPB3.4-MPI/bin/mg.C.x"
0.9424935 W	2185940	"/home/boggy/ref_rapl/scaphandre/target/release/scaphandre"
0.31416446 W	2159739	""
------------------------------------------------------------

Host:	51.308959 W from 
	package 	core		dram		uncore
Socket0	46.362537 W |	40.90428 W	4.637446 W	0 W	

Top 5 consumers:
Power		PID	Exe
1.63752 W	2185960	"/home/boggy/ref_rapl/energy_exp_server/NPB3.4.3/NPB3.4-MPI/bin/mg.C.x"
1.63752 W	2185962	"/home/boggy/ref_rapl/energy_exp_server/NPB3.4.3/NPB3.4-MPI/bin/mg.C.x"
1.63752 W	2185959	"/home/boggy/ref_rapl/energy_exp_server/NPB3.4.3/NPB3.4-MPI/bin/mg.C.x"
1.3646 W	2185961	"/home/boggy/ref_rapl/energy_exp_server/NPB3.4.3/NPB3.4-MPI/bin/mg.C.x"
0.54584 W	2185940	"/home/boggy/ref_rapl/scaphandre/target/release/scaphandre"
------------------------------------------------------------

Host:	51.605168 W from 
	package 	core		dram		uncore
Socket0	46.49037 W |	41.187195 W	4.786165 W	0 W	

Top 5 consumers:
Power		PID	Exe
1.6469735 W	2185960	"/home/boggy/ref_rapl/energy_exp_server/NPB3.4.3/NPB3.4-MPI/bin/mg.C.x"
1.6469735 W	2185961	"/home/boggy/ref_rapl/energy_exp_server/NPB3.4.3/NPB3.4-MPI/bin/mg.C.x"
1.3724779 W	2185962	"/home/boggy/ref_rapl/energy_exp_server/NPB3.4.3/NPB3.4-MPI/bin/mg.C.x"
0.82348675 W	2185940	"/home/boggy/ref_rapl/scaphandre/target/release/scaphandre"
0.27449557 W	2159739	""
------------------------------------------------------------

Host:	54.201915 W from 
	package 	core		dram		uncore
Socket0	49.79184 W |	44.592346 W	4.788125 W	0 W	

Top 5 consumers:
Power		PID	Exe
0.5766161 W	2185940	"/home/boggy/ref_rapl/scaphandre/target/release/scaphandre"
0.5766161 W	2185960	"/home/boggy/ref_rapl/energy_exp_server/NPB3.4.3/NPB3.4-MPI/bin/mg.C.x"
0.5766161 W	2185962	"/home/boggy/ref_rapl/energy_exp_server/NPB3.4.3/NPB3.4-MPI/bin/mg.C.x"
0.5766161 W	2185961	"/home/boggy/ref_rapl/energy_exp_server/NPB3.4.3/NPB3.4-MPI/bin/mg.C.x"
0.5766161 W	2185959	"/home/boggy/ref_rapl/energy_exp_server/NPB3.4.3/NPB3.4-MPI/bin/mg.C.x"
------------------------------------------------------------

Host:	54.723404 W from 
	package 	core		dram		uncore
Socket0	49.235077 W |	44.80392 W	4.687887 W	0 W	

Top 5 consumers:
Power		PID	Exe
0.87324584 W	2185940	"/home/boggy/ref_rapl/scaphandre/target/release/scaphandre"
0.87324584 W	2185962	"/home/boggy/ref_rapl/energy_exp_server/NPB3.4.3/NPB3.4-MPI/bin/mg.C.x"
0.87324584 W	2185959	"/home/boggy/ref_rapl/energy_exp_server/NPB3.4.3/NPB3.4-MPI/bin/mg.C.x"
0.5821639 W	2185960	"/home/boggy/ref_rapl/energy_exp_server/NPB3.4.3/NPB3.4-MPI/bin/mg.C.x"
0.5821639 W	2185961	"/home/boggy/ref_rapl/energy_exp_server/NPB3.4.3/NPB3.4-MPI/bin/mg.C.x"
------------------------------------------------------------

Host:	56.625082 W from 
	package 	core		dram		uncore
Socket0	50.042347 W |	44.87814 W	4.783219 W	0 W	

Top 5 consumers:
Power		PID	Exe
0.90359175 W	2185961	"/home/boggy/ref_rapl/energy_exp_server/NPB3.4.3/NPB3.4-MPI/bin/mg.C.x"
0.6023945 W	2185940	"/home/boggy/ref_rapl/scaphandre/target/release/scaphandre"
0.6023945 W	2185960	"/home/boggy/ref_rapl/energy_exp_server/NPB3.4.3/NPB3.4-MPI/bin/mg.C.x"
0.6023945 W	2185962	"/home/boggy/ref_rapl/energy_exp_server/NPB3.4.3/NPB3.4-MPI/bin/mg.C.x"
0.6023945 W	2185959	"/home/boggy/ref_rapl/energy_exp_server/NPB3.4.3/NPB3.4-MPI/bin/mg.C.x"
------------------------------------------------------------

Host:	52.360521 W from 
	package 	core		dram		uncore
Socket0	49.879665 W |	43.963413 W	4.851543 W	0 W	

Top 5 consumers:
Power		PID	Exe
0.83554024 W	2185940	"/home/boggy/ref_rapl/scaphandre/target/release/scaphandre"
0.83554024 W	2185960	"/home/boggy/ref_rapl/energy_exp_server/NPB3.4.3/NPB3.4-MPI/bin/mg.C.x"
0.5570268 W	2185962	"/home/boggy/ref_rapl/energy_exp_server/NPB3.4.3/NPB3.4-MPI/bin/mg.C.x"
0.5570268 W	2185961	"/home/boggy/ref_rapl/energy_exp_server/NPB3.4.3/NPB3.4-MPI/bin/mg.C.x"
0.5570268 W	2185959	"/home/boggy/ref_rapl/energy_exp_server/NPB3.4.3/NPB3.4-MPI/bin/mg.C.x"
------------------------------------------------------------

Host:	54.436976 W from 
	package 	core		dram		uncore
Socket0	48.97396 W |	45.66757 W	3.931501 W	0 W	

Top 5 consumers:
Power		PID	Exe
0.8686752 W	2185960	"/home/boggy/ref_rapl/energy_exp_server/NPB3.4.3/NPB3.4-MPI/bin/mg.C.x"
0.8686752 W	2185962	"/home/boggy/ref_rapl/energy_exp_server/NPB3.4.3/NPB3.4-MPI/bin/mg.C.x"
0.8686752 W	2185961	"/home/boggy/ref_rapl/energy_exp_server/NPB3.4.3/NPB3.4-MPI/bin/mg.C.x"
0.8686752 W	2185959	"/home/boggy/ref_rapl/energy_exp_server/NPB3.4.3/NPB3.4-MPI/bin/mg.C.x"
0.57911676 W	2185940	"/home/boggy/ref_rapl/scaphandre/target/release/scaphandre"
------------------------------------------------------------

Host:	55.404441 W from 
	package 	core		dram		uncore
Socket0	50.43108 W |	45.58702 W	4.504126 W	0 W	

Top 5 consumers:
Power		PID	Exe
1.0073534 W	2185960	"/home/boggy/ref_rapl/energy_exp_server/NPB3.4.3/NPB3.4-MPI/bin/mg.C.x"
1.0073534 W	2185962	"/home/boggy/ref_rapl/energy_exp_server/NPB3.4.3/NPB3.4-MPI/bin/mg.C.x"
1.0073534 W	2185961	"/home/boggy/ref_rapl/energy_exp_server/NPB3.4.3/NPB3.4-MPI/bin/mg.C.x"
1.0073534 W	2185959	"/home/boggy/ref_rapl/energy_exp_server/NPB3.4.3/NPB3.4-MPI/bin/mg.C.x"
0.67156893 W	2185940	"/home/boggy/ref_rapl/scaphandre/target/release/scaphandre"
------------------------------------------------------------

Host:	55.996422 W from 
	package 	core		dram		uncore
Socket0	50.722595 W |	45.771816 W	4.595514 W	0 W	

Top 5 consumers:
Power		PID	Exe
1.0181167 W	2185940	"/home/boggy/ref_rapl/scaphandre/target/release/scaphandre"
1.0181167 W	2185960	"/home/boggy/ref_rapl/energy_exp_server/NPB3.4.3/NPB3.4-MPI/bin/mg.C.x"
1.0181167 W	2185962	"/home/boggy/ref_rapl/energy_exp_server/NPB3.4.3/NPB3.4-MPI/bin/mg.C.x"
1.0181167 W	2185961	"/home/boggy/ref_rapl/energy_exp_server/NPB3.4.3/NPB3.4-MPI/bin/mg.C.x"
1.0181167 W	2185959	"/home/boggy/ref_rapl/energy_exp_server/NPB3.4.3/NPB3.4-MPI/bin/mg.C.x"
------------------------------------------------------------

Host:	55.071841 W from 
	package 	core		dram		uncore
Socket0	51.083714 W |	45.741993 W	4.63871 W	0 W	

Top 5 consumers:
Power		PID	Exe
1.0013062 W	2185940	"/home/boggy/ref_rapl/scaphandre/target/release/scaphandre"
1.0013062 W	2185960	"/home/boggy/ref_rapl/energy_exp_server/NPB3.4.3/NPB3.4-MPI/bin/mg.C.x"
1.0013062 W	2185962	"/home/boggy/ref_rapl/energy_exp_server/NPB3.4.3/NPB3.4-MPI/bin/mg.C.x"
1.0013062 W	2185961	"/home/boggy/ref_rapl/energy_exp_server/NPB3.4.3/NPB3.4-MPI/bin/mg.C.x"
1.0013062 W	2185959	"/home/boggy/ref_rapl/energy_exp_server/NPB3.4.3/NPB3.4-MPI/bin/mg.C.x"
------------------------------------------------------------

Host:	56.667068 W from 
	package 	core		dram		uncore
Socket0	50.705704 W |	45.992725 W	4.59209 W	0 W	

Top 5 consumers:
Power		PID	Exe
1.0303103 W	2185960	"/home/boggy/ref_rapl/energy_exp_server/NPB3.4.3/NPB3.4-MPI/bin/mg.C.x"
1.0303103 W	2185962	"/home/boggy/ref_rapl/energy_exp_server/NPB3.4.3/NPB3.4-MPI/bin/mg.C.x"
1.0303103 W	2185961	"/home/boggy/ref_rapl/energy_exp_server/NPB3.4.3/NPB3.4-MPI/bin/mg.C.x"
1.0303103 W	2185959	"/home/boggy/ref_rapl/energy_exp_server/NPB3.4.3/NPB3.4-MPI/bin/mg.C.x"
0.6868735 W	2185940	"/home/boggy/ref_rapl/scaphandre/target/release/scaphandre"
------------------------------------------------------------

Host:	55.659246 W from 
	package 	core		dram		uncore
Socket0	51.983673 W |	45.872967 W	4.550063 W	0 W	

Top 5 consumers:
Power		PID	Exe
1.0119863 W	2185940	"/home/boggy/ref_rapl/scaphandre/target/release/scaphandre"
1.0119863 W	2185960	"/home/boggy/ref_rapl/energy_exp_server/NPB3.4.3/NPB3.4-MPI/bin/mg.C.x"
1.0119863 W	2185962	"/home/boggy/ref_rapl/energy_exp_server/NPB3.4.3/NPB3.4-MPI/bin/mg.C.x"
1.0119863 W	2185961	"/home/boggy/ref_rapl/energy_exp_server/NPB3.4.3/NPB3.4-MPI/bin/mg.C.x"
1.0119863 W	2185959	"/home/boggy/ref_rapl/energy_exp_server/NPB3.4.3/NPB3.4-MPI/bin/mg.C.x"
------------------------------------------------------------

Host:	53.547377 W from 
	package 	core		dram		uncore
Socket0	50.824425 W |	45.864246 W	4.583246 W	0 W	

Top 5 consumers:
Power		PID	Exe
0.97358865 W	2185960	"/home/boggy/ref_rapl/energy_exp_server/NPB3.4.3/NPB3.4-MPI/bin/mg.C.x"
0.97358865 W	2185962	"/home/boggy/ref_rapl/energy_exp_server/NPB3.4.3/NPB3.4-MPI/bin/mg.C.x"
0.97358865 W	2185961	"/home/boggy/ref_rapl/energy_exp_server/NPB3.4.3/NPB3.4-MPI/bin/mg.C.x"
0.97358865 W	2185959	"/home/boggy/ref_rapl/energy_exp_server/NPB3.4.3/NPB3.4-MPI/bin/mg.C.x"
0.64905906 W	2185940	"/home/boggy/ref_rapl/scaphandre/target/release/scaphandre"
------------------------------------------------------------

Host:	52.49622 W from 
	package 	core		dram		uncore
Socket0	48.018974 W |	43.794487 W	4.158855 W	0 W	

Top 5 consumers:
Power		PID	Exe
0.9544767 W	2185960	"/home/boggy/ref_rapl/energy_exp_server/NPB3.4.3/NPB3.4-MPI/bin/mg.C.x"
0.9544767 W	2185962	"/home/boggy/ref_rapl/energy_exp_server/NPB3.4.3/NPB3.4-MPI/bin/mg.C.x"
0.9544767 W	2185961	"/home/boggy/ref_rapl/energy_exp_server/NPB3.4.3/NPB3.4-MPI/bin/mg.C.x"
0.9544767 W	2185959	"/home/boggy/ref_rapl/energy_exp_server/NPB3.4.3/NPB3.4-MPI/bin/mg.C.x"
0.63631773 W	2185940	"/home/boggy/ref_rapl/scaphandre/target/release/scaphandre"
------------------------------------------------------------

Host:	53.236437 W from 
	package 	core		dram		uncore
Socket0	48.59416 W |	43.72771 W	4.494849 W	0 W	

Top 5 consumers:
Power		PID	Exe
0.9450255 W	2185940	"/home/boggy/ref_rapl/scaphandre/target/release/scaphandre"
0.9450255 W	2185960	"/home/boggy/ref_rapl/energy_exp_server/NPB3.4.3/NPB3.4-MPI/bin/mg.C.x"
0.9450255 W	2185962	"/home/boggy/ref_rapl/energy_exp_server/NPB3.4.3/NPB3.4-MPI/bin/mg.C.x"
0.9450255 W	2185961	"/home/boggy/ref_rapl/energy_exp_server/NPB3.4.3/NPB3.4-MPI/bin/mg.C.x"
0.9450255 W	2185959	"/home/boggy/ref_rapl/energy_exp_server/NPB3.4.3/NPB3.4-MPI/bin/mg.C.x"
------------------------------------------------------------

Host:	53.157066 W from 
	package 	core		dram		uncore
Socket0	48.58974 W |	43.30664 W	4.795729 W	0 W	

Top 5 consumers:
Power		PID	Exe
1.2581555 W	2185962	"/home/boggy/ref_rapl/energy_exp_server/NPB3.4.3/NPB3.4-MPI/bin/mg.C.x"
1.2581555 W	2185959	"/home/boggy/ref_rapl/energy_exp_server/NPB3.4.3/NPB3.4-MPI/bin/mg.C.x"
0.94361657 W	2185940	"/home/boggy/ref_rapl/scaphandre/target/release/scaphandre"
0.94361657 W	2185960	"/home/boggy/ref_rapl/energy_exp_server/NPB3.4.3/NPB3.4-MPI/bin/mg.C.x"
0.94361657 W	2185961	"/home/boggy/ref_rapl/energy_exp_server/NPB3.4.3/NPB3.4-MPI/bin/mg.C.x"
------------------------------------------------------------

Host:	53.779136 W from 
	package 	core		dram		uncore
Socket0	48.70359 W |	43.459854 W	4.780423 W	0 W	

Top 5 consumers:
Power		PID	Exe
0.95465916 W	2185960	"/home/boggy/ref_rapl/energy_exp_server/NPB3.4.3/NPB3.4-MPI/bin/mg.C.x"
0.95465916 W	2185962	"/home/boggy/ref_rapl/energy_exp_server/NPB3.4.3/NPB3.4-MPI/bin/mg.C.x"
0.95465916 W	2185961	"/home/boggy/ref_rapl/energy_exp_server/NPB3.4.3/NPB3.4-MPI/bin/mg.C.x"
0.95465916 W	2185959	"/home/boggy/ref_rapl/energy_exp_server/NPB3.4.3/NPB3.4-MPI/bin/mg.C.x"
0.6364395 W	2185940	"/home/boggy/ref_rapl/scaphandre/target/release/scaphandre"
------------------------------------------------------------

Host:	53.618029 W from 
	package 	core		dram		uncore
Socket0	48.798237 W |	43.363377 W	4.810417 W	0 W	

Top 5 consumers:
Power		PID	Exe
1.2690657 W	2185961	"/home/boggy/ref_rapl/energy_exp_server/NPB3.4.3/NPB3.4-MPI/bin/mg.C.x"
0.95179933 W	2185960	"/home/boggy/ref_rapl/energy_exp_server/NPB3.4.3/NPB3.4-MPI/bin/mg.C.x"
0.95179933 W	2185962	"/home/boggy/ref_rapl/energy_exp_server/NPB3.4.3/NPB3.4-MPI/bin/mg.C.x"
0.95179933 W	2185959	"/home/boggy/ref_rapl/energy_exp_server/NPB3.4.3/NPB3.4-MPI/bin/mg.C.x"
0.63453287 W	2185940	"/home/boggy/ref_rapl/scaphandre/target/release/scaphandre"
------------------------------------------------------------

Host:	53.644344 W from 
	package 	core		dram		uncore
Socket0	48.77789 W |	43.46611 W	4.654078 W	0 W	

Top 5 consumers:
Power		PID	Exe
1.2696886 W	2185960	"/home/boggy/ref_rapl/energy_exp_server/NPB3.4.3/NPB3.4-MPI/bin/mg.C.x"
0.95226645 W	2185940	"/home/boggy/ref_rapl/scaphandre/target/release/scaphandre"
0.95226645 W	2185962	"/home/boggy/ref_rapl/energy_exp_server/NPB3.4.3/NPB3.4-MPI/bin/mg.C.x"
0.95226645 W	2185961	"/home/boggy/ref_rapl/energy_exp_server/NPB3.4.3/NPB3.4-MPI/bin/mg.C.x"
0.95226645 W	2185959	"/home/boggy/ref_rapl/energy_exp_server/NPB3.4.3/NPB3.4-MPI/bin/mg.C.x"
------------------------------------------------------------

Host:	53.131414 W from 
	package 	core		dram		uncore
Socket0	48.634743 W |	43.43375 W	4.780285 W	0 W	

Top 5 consumers:
Power		PID	Exe
0.9431612 W	2185940	"/home/boggy/ref_rapl/scaphandre/target/release/scaphandre"
0.9431612 W	2185960	"/home/boggy/ref_rapl/energy_exp_server/NPB3.4.3/NPB3.4-MPI/bin/mg.C.x"
0.9431612 W	2185962	"/home/boggy/ref_rapl/energy_exp_server/NPB3.4.3/NPB3.4-MPI/bin/mg.C.x"
0.9431612 W	2185961	"/home/boggy/ref_rapl/energy_exp_server/NPB3.4.3/NPB3.4-MPI/bin/mg.C.x"
0.9431612 W	2185959	"/home/boggy/ref_rapl/energy_exp_server/NPB3.4.3/NPB3.4-MPI/bin/mg.C.x"
------------------------------------------------------------

Host:	50.602576 W from 
	package 	core		dram		uncore
Socket0	48.010433 W |	42.61088 W	4.786758 W	0 W	

Top 5 consumers:
Power		PID	Exe
0.89827055 W	2185960	"/home/boggy/ref_rapl/energy_exp_server/NPB3.4.3/NPB3.4-MPI/bin/mg.C.x"
0.89827055 W	2185962	"/home/boggy/ref_rapl/energy_exp_server/NPB3.4.3/NPB3.4-MPI/bin/mg.C.x"
0.89827055 W	2185961	"/home/boggy/ref_rapl/energy_exp_server/NPB3.4.3/NPB3.4-MPI/bin/mg.C.x"
0.89827055 W	2185959	"/home/boggy/ref_rapl/energy_exp_server/NPB3.4.3/NPB3.4-MPI/bin/mg.C.x"
0.5988471 W	2185940	"/home/boggy/ref_rapl/scaphandre/target/release/scaphandre"
------------------------------------------------------------

Host:	52.431187 W from 
	package 	core		dram		uncore
Socket0	47.93956 W |	42.859184 W	3.817614 W	0 W	

Top 5 consumers:
Power		PID	Exe
1.1782289 W	2185962	"/home/boggy/ref_rapl/energy_exp_server/NPB3.4.3/NPB3.4-MPI/bin/mg.C.x"
0.8836717 W	2185940	"/home/boggy/ref_rapl/scaphandre/target/release/scaphandre"
0.8836717 W	2185960	"/home/boggy/ref_rapl/energy_exp_server/NPB3.4.3/NPB3.4-MPI/bin/mg.C.x"
0.8836717 W	2185961	"/home/boggy/ref_rapl/energy_exp_server/NPB3.4.3/NPB3.4-MPI/bin/mg.C.x"
0.2945572 W	684	""
------------------------------------------------------------

Host:	50.891986 W from 
	package 	core		dram		uncore
Socket0	46.40111 W |	42.11437 W	4.58527 W	0 W	

Top 5 consumers:
Power		PID	Exe
0.8577301 W	2185960	"/home/boggy/ref_rapl/energy_exp_server/NPB3.4.3/NPB3.4-MPI/bin/mg.C.x"
0.8577301 W	2185962	"/home/boggy/ref_rapl/energy_exp_server/NPB3.4.3/NPB3.4-MPI/bin/mg.C.x"
0.8577301 W	2185961	"/home/boggy/ref_rapl/energy_exp_server/NPB3.4.3/NPB3.4-MPI/bin/mg.C.x"
0.8577301 W	2185959	"/home/boggy/ref_rapl/energy_exp_server/NPB3.4.3/NPB3.4-MPI/bin/mg.C.x"
0.5718201 W	2185940	"/home/boggy/ref_rapl/scaphandre/target/release/scaphandre"
------------------------------------------------------------

Host:	50.321752 W from 
	package 	core		dram		uncore
Socket0	46.59802 W |	41.637184 W	4.782817 W	0 W	

Top 5 consumers:
Power		PID	Exe
1.1308259 W	2185959	"/home/boggy/ref_rapl/energy_exp_server/NPB3.4.3/NPB3.4-MPI/bin/mg.C.x"
0.8481194 W	2185940	"/home/boggy/ref_rapl/scaphandre/target/release/scaphandre"
0.8481194 W	2185960	"/home/boggy/ref_rapl/energy_exp_server/NPB3.4.3/NPB3.4-MPI/bin/mg.C.x"
0.8481194 W	2185962	"/home/boggy/ref_rapl/energy_exp_server/NPB3.4.3/NPB3.4-MPI/bin/mg.C.x"
0.8481194 W	2185961	"/home/boggy/ref_rapl/energy_exp_server/NPB3.4.3/NPB3.4-MPI/bin/mg.C.x"
------------------------------------------------------------

Host:	46.805627 W from 
	package 	core		dram		uncore
Socket0	44.296787 W |	39.464996 W	4.267114 W	0 W	

Top 5 consumers:
Power		PID	Exe
1.3147649 W	2185960	"/home/boggy/ref_rapl/energy_exp_server/NPB3.4.3/NPB3.4-MPI/bin/mg.C.x"
1.3147649 W	2185961	"/home/boggy/ref_rapl/energy_exp_server/NPB3.4.3/NPB3.4-MPI/bin/mg.C.x"
1.0518119 W	2185940	"/home/boggy/ref_rapl/scaphandre/target/release/scaphandre"
1.0518119 W	2185962	"/home/boggy/ref_rapl/energy_exp_server/NPB3.4.3/NPB3.4-MPI/bin/mg.C.x"
1.0518119 W	2185959	"/home/boggy/ref_rapl/energy_exp_server/NPB3.4.3/NPB3.4-MPI/bin/mg.C.x"
------------------------------------------------------------

Host:	46.118723 W from 
	package 	core		dram		uncore
Socket0	41.9736 W |	36.472908 W	4.598651 W	0 W	

Top 5 consumers:
Power		PID	Exe
1.5545636 W	2185940	"/home/boggy/ref_rapl/scaphandre/target/release/scaphandre"
1.5545636 W	2185962	"/home/boggy/ref_rapl/energy_exp_server/NPB3.4.3/NPB3.4-MPI/bin/mg.C.x"
1.5545636 W	2185961	"/home/boggy/ref_rapl/energy_exp_server/NPB3.4.3/NPB3.4-MPI/bin/mg.C.x"
1.5545636 W	2185959	"/home/boggy/ref_rapl/energy_exp_server/NPB3.4.3/NPB3.4-MPI/bin/mg.C.x"
1.2954698 W	2185960	"/home/boggy/ref_rapl/energy_exp_server/NPB3.4.3/NPB3.4-MPI/bin/mg.C.x"
------------------------------------------------------------

Host:	49.641584 W from 
	package 	core		dram		uncore
Socket0	42.98573 W |	38.26746 W	4.558876 W	0 W	

Top 5 consumers:
Power		PID	Exe
1.2034322 W	2185940	"/home/boggy/ref_rapl/scaphandre/target/release/scaphandre"
1.2034322 W	2185960	"/home/boggy/ref_rapl/energy_exp_server/NPB3.4.3/NPB3.4-MPI/bin/mg.C.x"
1.2034322 W	2185962	"/home/boggy/ref_rapl/energy_exp_server/NPB3.4.3/NPB3.4-MPI/bin/mg.C.x"
1.2034322 W	2185961	"/home/boggy/ref_rapl/energy_exp_server/NPB3.4.3/NPB3.4-MPI/bin/mg.C.x"
1.2034322 W	2185959	"/home/boggy/ref_rapl/energy_exp_server/NPB3.4.3/NPB3.4-MPI/bin/mg.C.x"
------------------------------------------------------------

Host:	55.299552 W from 
	package 	core		dram		uncore
Socket0	45.732185 W |	40.675316 W	4.56114 W	0 W	

Top 5 consumers:
Power		PID	Exe
1.0054464 W	2185940	"/home/boggy/ref_rapl/scaphandre/target/release/scaphandre"
1.0054464 W	2185960	"/home/boggy/ref_rapl/energy_exp_server/NPB3.4.3/NPB3.4-MPI/bin/mg.C.x"
1.0054464 W	2185962	"/home/boggy/ref_rapl/energy_exp_server/NPB3.4.3/NPB3.4-MPI/bin/mg.C.x"
1.0054464 W	2185961	"/home/boggy/ref_rapl/energy_exp_server/NPB3.4.3/NPB3.4-MPI/bin/mg.C.x"
1.0054464 W	2185959	"/home/boggy/ref_rapl/energy_exp_server/NPB3.4.3/NPB3.4-MPI/bin/mg.C.x"
------------------------------------------------------------

Host:	54.260549 W from 
	package 	core		dram		uncore
Socket0	52.75865 W |	47.321808 W	4.235012 W	0 W	

Top 5 consumers:
Power		PID	Exe
0.9865554 W	2185960	"/home/boggy/ref_rapl/energy_exp_server/NPB3.4.3/NPB3.4-MPI/bin/mg.C.x"
0.9865554 W	2185962	"/home/boggy/ref_rapl/energy_exp_server/NPB3.4.3/NPB3.4-MPI/bin/mg.C.x"
0.9865554 W	2185961	"/home/boggy/ref_rapl/energy_exp_server/NPB3.4.3/NPB3.4-MPI/bin/mg.C.x"
0.9865554 W	2185959	"/home/boggy/ref_rapl/energy_exp_server/NPB3.4.3/NPB3.4-MPI/bin/mg.C.x"
0.6577036 W	2185940	"/home/boggy/ref_rapl/scaphandre/target/release/scaphandre"
------------------------------------------------------------

Host:	51.636048 W from 
	package 	core		dram		uncore
Socket0	48.09859 W |	42.631413 W	4.420657 W	0 W	

Top 5 consumers:
Power		PID	Exe
1.2517829 W	2185960	"/home/boggy/ref_rapl/energy_exp_server/NPB3.4.3/NPB3.4-MPI/bin/mg.C.x"
0.9388372 W	2185940	"/home/boggy/ref_rapl/scaphandre/target/release/scaphandre"
0.9388372 W	2185962	"/home/boggy/ref_rapl/energy_exp_server/NPB3.4.3/NPB3.4-MPI/bin/mg.C.x"
0.9388372 W	2185961	"/home/boggy/ref_rapl/energy_exp_server/NPB3.4.3/NPB3.4-MPI/bin/mg.C.x"
0.9388372 W	2185959	"/home/boggy/ref_rapl/energy_exp_server/NPB3.4.3/NPB3.4-MPI/bin/mg.C.x"
------------------------------------------------------------

Host:	52.352864 W from 
	package 	core		dram		uncore
Socket0	46.636555 W |	41.276657 W	4.591982 W	0 W	

Top 5 consumers:
Power		PID	Exe
0.95187026 W	2185960	"/home/boggy/ref_rapl/energy_exp_server/NPB3.4.3/NPB3.4-MPI/bin/mg.C.x"
0.95187026 W	2185962	"/home/boggy/ref_rapl/energy_exp_server/NPB3.4.3/NPB3.4-MPI/bin/mg.C.x"
0.95187026 W	2185961	"/home/boggy/ref_rapl/energy_exp_server/NPB3.4.3/NPB3.4-MPI/bin/mg.C.x"
0.95187026 W	2185959	"/home/boggy/ref_rapl/energy_exp_server/NPB3.4.3/NPB3.4-MPI/bin/mg.C.x"
0.63458014 W	2185940	"/home/boggy/ref_rapl/scaphandre/target/release/scaphandre"
------------------------------------------------------------

Host:	51.302902 W from 
	package 	core		dram		uncore
Socket0	46.236492 W |	41.32446 W	4.671705 W	0 W	

Top 5 consumers:
Power		PID	Exe
0.93278 W	2185940	"/home/boggy/ref_rapl/scaphandre/target/release/scaphandre"
0.93278 W	2185960	"/home/boggy/ref_rapl/energy_exp_server/NPB3.4.3/NPB3.4-MPI/bin/mg.C.x"
0.93278 W	2185962	"/home/boggy/ref_rapl/energy_exp_server/NPB3.4.3/NPB3.4-MPI/bin/mg.C.x"
0.93278 W	2185961	"/home/boggy/ref_rapl/energy_exp_server/NPB3.4.3/NPB3.4-MPI/bin/mg.C.x"
0.93278 W	2185959	"/home/boggy/ref_rapl/energy_exp_server/NPB3.4.3/NPB3.4-MPI/bin/mg.C.x"
------------------------------------------------------------

Host:	53.018546 W from 
	package 	core		dram		uncore
Socket0	49.259148 W |	43.225258 W	4.728911 W	0 W	

Top 5 consumers:
Power		PID	Exe
0.9639735 W	2185960	"/home/boggy/ref_rapl/energy_exp_server/NPB3.4.3/NPB3.4-MPI/bin/mg.C.x"
0.9639735 W	2185962	"/home/boggy/ref_rapl/energy_exp_server/NPB3.4.3/NPB3.4-MPI/bin/mg.C.x"
0.9639735 W	2185961	"/home/boggy/ref_rapl/energy_exp_server/NPB3.4.3/NPB3.4-MPI/bin/mg.C.x"
0.9639735 W	2185959	"/home/boggy/ref_rapl/energy_exp_server/NPB3.4.3/NPB3.4-MPI/bin/mg.C.x"
0.642649 W	2185940	"/home/boggy/ref_rapl/scaphandre/target/release/scaphandre"
------------------------------------------------------------

Host:	55.203788 W from 
	package 	core		dram		uncore
Socket0	48.283623 W |	43.405926 W	4.754975 W	0 W	

Top 5 consumers:
Power		PID	Exe
1.2546315 W	2185962	"/home/boggy/ref_rapl/energy_exp_server/NPB3.4.3/NPB3.4-MPI/bin/mg.C.x"
1.2546315 W	2185959	"/home/boggy/ref_rapl/energy_exp_server/NPB3.4.3/NPB3.4-MPI/bin/mg.C.x"
0.9409737 W	2185940	"/home/boggy/ref_rapl/scaphandre/target/release/scaphandre"
0.9409737 W	2185960	"/home/boggy/ref_rapl/energy_exp_server/NPB3.4.3/NPB3.4-MPI/bin/mg.C.x"
0.9409737 W	2185961	"/home/boggy/ref_rapl/energy_exp_server/NPB3.4.3/NPB3.4-MPI/bin/mg.C.x"
------------------------------------------------------------

Host:	53.656728 W from 
	package 	core		dram		uncore
Socket0	49.462345 W |	44.703087 W	4.744446 W	0 W	

Top 5 consumers:
Power		PID	Exe
1.2194711 W	2185961	"/home/boggy/ref_rapl/energy_exp_server/NPB3.4.3/NPB3.4-MPI/bin/mg.C.x"
0.9146033 W	2185940	"/home/boggy/ref_rapl/scaphandre/target/release/scaphandre"
0.9146033 W	2185960	"/home/boggy/ref_rapl/energy_exp_server/NPB3.4.3/NPB3.4-MPI/bin/mg.C.x"
0.9146033 W	2185962	"/home/boggy/ref_rapl/energy_exp_server/NPB3.4.3/NPB3.4-MPI/bin/mg.C.x"
0.30486777 W	1127	""
------------------------------------------------------------

Host:	52.927037 W from 
	package 	core		dram		uncore
Socket0	48.710495 W |	43.33393 W	4.798569 W	0 W	

Top 5 consumers:
Power		PID	Exe
1.2028873 W	2185960	"/home/boggy/ref_rapl/energy_exp_server/NPB3.4.3/NPB3.4-MPI/bin/mg.C.x"
0.9021654 W	2185962	"/home/boggy/ref_rapl/energy_exp_server/NPB3.4.3/NPB3.4-MPI/bin/mg.C.x"
0.9021654 W	2185961	"/home/boggy/ref_rapl/energy_exp_server/NPB3.4.3/NPB3.4-MPI/bin/mg.C.x"
0.9021654 W	2185959	"/home/boggy/ref_rapl/energy_exp_server/NPB3.4.3/NPB3.4-MPI/bin/mg.C.x"
0.60144365 W	2185940	"/home/boggy/ref_rapl/scaphandre/target/release/scaphandre"
------------------------------------------------------------

Host:	53.563 W from 
	package 	core		dram		uncore
Socket0	48.008472 W |	43.27689 W	4.875912 W	0 W	

Top 5 consumers:
Power		PID	Exe
1.2173408 W	2185962	"/home/boggy/ref_rapl/energy_exp_server/NPB3.4.3/NPB3.4-MPI/bin/mg.C.x"
0.9130057 W	2185940	"/home/boggy/ref_rapl/scaphandre/target/release/scaphandre"
0.9130057 W	2185960	"/home/boggy/ref_rapl/energy_exp_server/NPB3.4.3/NPB3.4-MPI/bin/mg.C.x"
0.9130057 W	2185961	"/home/boggy/ref_rapl/energy_exp_server/NPB3.4.3/NPB3.4-MPI/bin/mg.C.x"
0.9130057 W	2185959	"/home/boggy/ref_rapl/energy_exp_server/NPB3.4.3/NPB3.4-MPI/bin/mg.C.x"
------------------------------------------------------------

Host:	52.342426 W from 
	package 	core		dram		uncore
Socket0	48.588078 W |	43.559223 W	4.780401 W	0 W	

Top 5 consumers:
Power		PID	Exe
1.1896006 W	2185961	"/home/boggy/ref_rapl/energy_exp_server/NPB3.4.3/NPB3.4-MPI/bin/mg.C.x"
1.1896006 W	2185959	"/home/boggy/ref_rapl/energy_exp_server/NPB3.4.3/NPB3.4-MPI/bin/mg.C.x"
0.8922004 W	2185960	"/home/boggy/ref_rapl/energy_exp_server/NPB3.4.3/NPB3.4-MPI/bin/mg.C.x"
0.8922004 W	2185962	"/home/boggy/ref_rapl/energy_exp_server/NPB3.4.3/NPB3.4-MPI/bin/mg.C.x"
0.5948003 W	2185940	"/home/boggy/ref_rapl/scaphandre/target/release/scaphandre"
------------------------------------------------------------

Host:	53.298198 W from 
	package 	core		dram		uncore
Socket0	47.98167 W |	42.525425 W	4.695007 W	0 W	

Top 5 consumers:
Power		PID	Exe
1.2113227 W	2185960	"/home/boggy/ref_rapl/energy_exp_server/NPB3.4.3/NPB3.4-MPI/bin/mg.C.x"
0.9084921 W	2185940	"/home/boggy/ref_rapl/scaphandre/target/release/scaphandre"
0.9084921 W	2185962	"/home/boggy/ref_rapl/energy_exp_server/NPB3.4.3/NPB3.4-MPI/bin/mg.C.x"
0.9084921 W	2185961	"/home/boggy/ref_rapl/energy_exp_server/NPB3.4.3/NPB3.4-MPI/bin/mg.C.x"
0.9084921 W	2185959	"/home/boggy/ref_rapl/energy_exp_server/NPB3.4.3/NPB3.4-MPI/bin/mg.C.x"
------------------------------------------------------------

Host:	56.597569 W from 
	package 	core		dram		uncore
Socket0	51.312256 W |	45.849983 W	4.206276 W	0 W	

Top 5 consumers:
Power		PID	Exe
1.0612046 W	2185960	"/home/boggy/ref_rapl/energy_exp_server/NPB3.4.3/NPB3.4-MPI/bin/mg.C.x"
1.0612046 W	2185962	"/home/boggy/ref_rapl/energy_exp_server/NPB3.4.3/NPB3.4-MPI/bin/mg.C.x"
1.0612046 W	2185961	"/home/boggy/ref_rapl/energy_exp_server/NPB3.4.3/NPB3.4-MPI/bin/mg.C.x"
1.0612046 W	2185959	"/home/boggy/ref_rapl/energy_exp_server/NPB3.4.3/NPB3.4-MPI/bin/mg.C.x"
0.70746964 W	2185940	"/home/boggy/ref_rapl/scaphandre/target/release/scaphandre"
------------------------------------------------------------

Host:	54.990556 W from 
	package 	core		dram		uncore
Socket0	50.36318 W |	45.749752 W	4.569915 W	0 W	

Top 5 consumers:
Power		PID	Exe
1.031073 W	2185940	"/home/boggy/ref_rapl/scaphandre/target/release/scaphandre"
1.031073 W	2185960	"/home/boggy/ref_rapl/energy_exp_server/NPB3.4.3/NPB3.4-MPI/bin/mg.C.x"
1.031073 W	2185962	"/home/boggy/ref_rapl/energy_exp_server/NPB3.4.3/NPB3.4-MPI/bin/mg.C.x"
1.031073 W	2185961	"/home/boggy/ref_rapl/energy_exp_server/NPB3.4.3/NPB3.4-MPI/bin/mg.C.x"
1.031073 W	2185959	"/home/boggy/ref_rapl/energy_exp_server/NPB3.4.3/NPB3.4-MPI/bin/mg.C.x"
------------------------------------------------------------

Host:	55.563779 W from 
	package 	core		dram		uncore
Socket0	51.759033 W |	46.009903 W	4.679269 W	0 W	

Top 5 consumers:
Power		PID	Exe
1.0418209 W	2185960	"/home/boggy/ref_rapl/energy_exp_server/NPB3.4.3/NPB3.4-MPI/bin/mg.C.x"
1.0418209 W	2185962	"/home/boggy/ref_rapl/energy_exp_server/NPB3.4.3/NPB3.4-MPI/bin/mg.C.x"
1.0418209 W	2185961	"/home/boggy/ref_rapl/energy_exp_server/NPB3.4.3/NPB3.4-MPI/bin/mg.C.x"
1.0418209 W	2185959	"/home/boggy/ref_rapl/energy_exp_server/NPB3.4.3/NPB3.4-MPI/bin/mg.C.x"
0.69454724 W	2185940	"/home/boggy/ref_rapl/scaphandre/target/release/scaphandre"
------------------------------------------------------------

Host:	55.260459 W from 
	package 	core		dram		uncore
Socket0	51.108814 W |	45.899277 W	4.628257 W	0 W	

Top 5 consumers:
Power		PID	Exe
1.3815114 W	2185962	"/home/boggy/ref_rapl/energy_exp_server/NPB3.4.3/NPB3.4-MPI/bin/mg.C.x"
1.3815114 W	2185959	"/home/boggy/ref_rapl/energy_exp_server/NPB3.4.3/NPB3.4-MPI/bin/mg.C.x"
1.0361336 W	2185960	"/home/boggy/ref_rapl/energy_exp_server/NPB3.4.3/NPB3.4-MPI/bin/mg.C.x"
1.0361336 W	2185961	"/home/boggy/ref_rapl/energy_exp_server/NPB3.4.3/NPB3.4-MPI/bin/mg.C.x"
0.6907557 W	2185940	"/home/boggy/ref_rapl/scaphandre/target/release/scaphandre"
------------------------------------------------------------

Host:	57.349197 W from 
	package 	core		dram		uncore
Socket0	50.681335 W |	45.888653 W	4.581373 W	0 W	

Top 5 consumers:
Power		PID	Exe
1.0752975 W	2185940	"/home/boggy/ref_rapl/scaphandre/target/release/scaphandre"
1.0752975 W	2185960	"/home/boggy/ref_rapl/energy_exp_server/NPB3.4.3/NPB3.4-MPI/bin/mg.C.x"
1.0752975 W	2185962	"/home/boggy/ref_rapl/energy_exp_server/NPB3.4.3/NPB3.4-MPI/bin/mg.C.x"
1.0752975 W	2185961	"/home/boggy/ref_rapl/energy_exp_server/NPB3.4.3/NPB3.4-MPI/bin/mg.C.x"
1.0752975 W	2185959	"/home/boggy/ref_rapl/energy_exp_server/NPB3.4.3/NPB3.4-MPI/bin/mg.C.x"
------------------------------------------------------------

Host:	53.282347 W from 
	package 	core		dram		uncore
Socket0	51.0745 W |	45.926575 W	4.609622 W	0 W	

Top 5 consumers:
Power		PID	Exe
1.3320587 W	2185961	"/home/boggy/ref_rapl/energy_exp_server/NPB3.4.3/NPB3.4-MPI/bin/mg.C.x"
0.99904406 W	2185960	"/home/boggy/ref_rapl/energy_exp_server/NPB3.4.3/NPB3.4-MPI/bin/mg.C.x"
0.99904406 W	2185962	"/home/boggy/ref_rapl/energy_exp_server/NPB3.4.3/NPB3.4-MPI/bin/mg.C.x"
0.99904406 W	2185959	"/home/boggy/ref_rapl/energy_exp_server/NPB3.4.3/NPB3.4-MPI/bin/mg.C.x"
0.66602933 W	2185940	"/home/boggy/ref_rapl/scaphandre/target/release/scaphandre"
------------------------------------------------------------

Host:	52.880294 W from 
	package 	core		dram		uncore
Socket0	47.02208 W |	42.428406 W	4.74354 W	0 W	

Top 5 consumers:
Power		PID	Exe
1.3220074 W	2185960	"/home/boggy/ref_rapl/energy_exp_server/NPB3.4.3/NPB3.4-MPI/bin/mg.C.x"
0.99150556 W	2185940	"/home/boggy/ref_rapl/scaphandre/target/release/scaphandre"
0.99150556 W	2185962	"/home/boggy/ref_rapl/energy_exp_server/NPB3.4.3/NPB3.4-MPI/bin/mg.C.x"
0.99150556 W	2185961	"/home/boggy/ref_rapl/energy_exp_server/NPB3.4.3/NPB3.4-MPI/bin/mg.C.x"
0.99150556 W	2185959	"/home/boggy/ref_rapl/energy_exp_server/NPB3.4.3/NPB3.4-MPI/bin/mg.C.x"
------------------------------------------------------------

Host:	52.494257 W from 
	package 	core		dram		uncore
Socket0	48.986694 W |	43.626564 W	4.673207 W	0 W	

Top 5 consumers:
Power		PID	Exe
1.1930512 W	2185962	"/home/boggy/ref_rapl/energy_exp_server/NPB3.4.3/NPB3.4-MPI/bin/mg.C.x"
1.1930512 W	2185959	"/home/boggy/ref_rapl/energy_exp_server/NPB3.4.3/NPB3.4-MPI/bin/mg.C.x"
0.8947885 W	2185940	"/home/boggy/ref_rapl/scaphandre/target/release/scaphandre"
0.8947885 W	2185960	"/home/boggy/ref_rapl/energy_exp_server/NPB3.4.3/NPB3.4-MPI/bin/mg.C.x"
0.8947885 W	2185961	"/home/boggy/ref_rapl/energy_exp_server/NPB3.4.3/NPB3.4-MPI/bin/mg.C.x"
------------------------------------------------------------

Host:	53.353068 W from 
	package 	core		dram		uncore
Socket0	49.13939 W |	43.57475 W	4.816545 W	0 W	

Top 5 consumers:
Power		PID	Exe
1.2125697 W	2185960	"/home/boggy/ref_rapl/energy_exp_server/NPB3.4.3/NPB3.4-MPI/bin/mg.C.x"
1.2125697 W	2185961	"/home/boggy/ref_rapl/energy_exp_server/NPB3.4.3/NPB3.4-MPI/bin/mg.C.x"
0.9094273 W	2185940	"/home/boggy/ref_rapl/scaphandre/target/release/scaphandre"
0.9094273 W	2185962	"/home/boggy/ref_rapl/energy_exp_server/NPB3.4.3/NPB3.4-MPI/bin/mg.C.x"
0.9094273 W	2185959	"/home/boggy/ref_rapl/energy_exp_server/NPB3.4.3/NPB3.4-MPI/bin/mg.C.x"
------------------------------------------------------------

Host:	54.037792 W from 
	package 	core		dram		uncore
Socket0	48.48776 W |	43.47144 W	4.767043 W	0 W	

Top 5 consumers:
Power		PID	Exe
0.92109877 W	2185940	"/home/boggy/ref_rapl/scaphandre/target/release/scaphandre"
0.92109877 W	2185960	"/home/boggy/ref_rapl/energy_exp_server/NPB3.4.3/NPB3.4-MPI/bin/mg.C.x"
0.92109877 W	2185962	"/home/boggy/ref_rapl/energy_exp_server/NPB3.4.3/NPB3.4-MPI/bin/mg.C.x"
0.92109877 W	2185961	"/home/boggy/ref_rapl/energy_exp_server/NPB3.4.3/NPB3.4-MPI/bin/mg.C.x"
0.92109877 W	2185959	"/home/boggy/ref_rapl/energy_exp_server/NPB3.4.3/NPB3.4-MPI/bin/mg.C.x"
------------------------------------------------------------

Host:	53.236249 W from 
	package 	core		dram		uncore
Socket0	48.00716 W |	43.552464 W	4.852602 W	0 W	

Top 5 consumers:
Power		PID	Exe
1.2099148 W	2185962	"/home/boggy/ref_rapl/energy_exp_server/NPB3.4.3/NPB3.4-MPI/bin/mg.C.x"
1.2099148 W	2185959	"/home/boggy/ref_rapl/energy_exp_server/NPB3.4.3/NPB3.4-MPI/bin/mg.C.x"
0.9074361 W	2185960	"/home/boggy/ref_rapl/energy_exp_server/NPB3.4.3/NPB3.4-MPI/bin/mg.C.x"
0.9074361 W	2185961	"/home/boggy/ref_rapl/energy_exp_server/NPB3.4.3/NPB3.4-MPI/bin/mg.C.x"
0.6049574 W	2185940	"/home/boggy/ref_rapl/scaphandre/target/release/scaphandre"
------------------------------------------------------------

Host:	52.817549 W from 
	package 	core		dram		uncore
Socket0	49.556812 W |	43.42425 W	4.740821 W	0 W	

Top 5 consumers:
Power		PID	Exe
1.2003989 W	2185961	"/home/boggy/ref_rapl/energy_exp_server/NPB3.4.3/NPB3.4-MPI/bin/mg.C.x"
0.90029913 W	2185960	"/home/boggy/ref_rapl/energy_exp_server/NPB3.4.3/NPB3.4-MPI/bin/mg.C.x"
0.90029913 W	2185962	"/home/boggy/ref_rapl/energy_exp_server/NPB3.4.3/NPB3.4-MPI/bin/mg.C.x"
0.90029913 W	2185959	"/home/boggy/ref_rapl/energy_exp_server/NPB3.4.3/NPB3.4-MPI/bin/mg.C.x"
0.60019946 W	2185940	"/home/boggy/ref_rapl/scaphandre/target/release/scaphandre"
------------------------------------------------------------

Host:	52.858807 W from 
	package 	core		dram		uncore
Socket0	48.467777 W |	43.602657 W	4.749711 W	0 W	

Top 5 consumers:
Power		PID	Exe
1.5016707 W	2185960	"/home/boggy/ref_rapl/energy_exp_server/NPB3.4.3/NPB3.4-MPI/bin/mg.C.x"
0.90100247 W	2185940	"/home/boggy/ref_rapl/scaphandre/target/release/scaphandre"
0.90100247 W	2185962	"/home/boggy/ref_rapl/energy_exp_server/NPB3.4.3/NPB3.4-MPI/bin/mg.C.x"
0.90100247 W	2185961	"/home/boggy/ref_rapl/energy_exp_server/NPB3.4.3/NPB3.4-MPI/bin/mg.C.x"
0.90100247 W	2185959	"/home/boggy/ref_rapl/energy_exp_server/NPB3.4.3/NPB3.4-MPI/bin/mg.C.x"
------------------------------------------------------------

Host:	51.05799 W from 
	package 	core		dram		uncore
Socket0	46.727867 W |	42.07238 W	4.259619 W	0 W	

Top 5 consumers:
Power		PID	Exe
0.9455183 W	2185940	"/home/boggy/ref_rapl/scaphandre/target/release/scaphandre"
0.9455183 W	2185960	"/home/boggy/ref_rapl/energy_exp_server/NPB3.4.3/NPB3.4-MPI/bin/mg.C.x"
0.9455183 W	2185962	"/home/boggy/ref_rapl/energy_exp_server/NPB3.4.3/NPB3.4-MPI/bin/mg.C.x"
0.9455183 W	2185961	"/home/boggy/ref_rapl/energy_exp_server/NPB3.4.3/NPB3.4-MPI/bin/mg.C.x"
0.9455183 W	2185959	"/home/boggy/ref_rapl/energy_exp_server/NPB3.4.3/NPB3.4-MPI/bin/mg.C.x"
------------------------------------------------------------

Host:	51.813406 W from 
	package 	core		dram		uncore
Socket0	47.108692 W |	42.0072 W	4.682772 W	0 W	

Top 5 consumers:
Power		PID	Exe
1.2793434 W	2185962	"/home/boggy/ref_rapl/energy_exp_server/NPB3.4.3/NPB3.4-MPI/bin/mg.C.x"
1.2793434 W	2185959	"/home/boggy/ref_rapl/energy_exp_server/NPB3.4.3/NPB3.4-MPI/bin/mg.C.x"
0.9595075 W	2185940	"/home/boggy/ref_rapl/scaphandre/target/release/scaphandre"
0.9595075 W	2185960	"/home/boggy/ref_rapl/energy_exp_server/NPB3.4.3/NPB3.4-MPI/bin/mg.C.x"
0.9595075 W	2185961	"/home/boggy/ref_rapl/energy_exp_server/NPB3.4.3/NPB3.4-MPI/bin/mg.C.x"
------------------------------------------------------------

Host:	51.812969 W from 
	package 	core		dram		uncore
Socket0	47.12855 W |	42.01341 W	4.63991 W	0 W	

Top 5 consumers:
Power		PID	Exe
1.2793325 W	2185961	"/home/boggy/ref_rapl/energy_exp_server/NPB3.4.3/NPB3.4-MPI/bin/mg.C.x"
0.9594994 W	2185960	"/home/boggy/ref_rapl/energy_exp_server/NPB3.4.3/NPB3.4-MPI/bin/mg.C.x"
0.9594994 W	2185962	"/home/boggy/ref_rapl/energy_exp_server/NPB3.4.3/NPB3.4-MPI/bin/mg.C.x"
0.9594994 W	2185959	"/home/boggy/ref_rapl/energy_exp_server/NPB3.4.3/NPB3.4-MPI/bin/mg.C.x"
0.63966626 W	2185940	"/home/boggy/ref_rapl/scaphandre/target/release/scaphandre"
------------------------------------------------------------

Host:	46.217761 W from 
	package 	core		dram		uncore
Socket0	44.001305 W |	39.20416 W	4.429114 W	0 W	

Top 5 consumers:
Power		PID	Exe
1.4264741 W	2185960	"/home/boggy/ref_rapl/energy_exp_server/NPB3.4.3/NPB3.4-MPI/bin/mg.C.x"
1.4264741 W	2185962	"/home/boggy/ref_rapl/energy_exp_server/NPB3.4.3/NPB3.4-MPI/bin/mg.C.x"
1.4264741 W	2185961	"/home/boggy/ref_rapl/energy_exp_server/NPB3.4.3/NPB3.4-MPI/bin/mg.C.x"
1.4264741 W	2185959	"/home/boggy/ref_rapl/energy_exp_server/NPB3.4.3/NPB3.4-MPI/bin/mg.C.x"
1.1411792 W	2185940	"/home/boggy/ref_rapl/scaphandre/target/release/scaphandre"
------------------------------------------------------------

Host:	46.381352 W from 
	package 	core		dram		uncore
Socket0	41.88041 W |	36.229958 W	4.533198 W	0 W	

Top 5 consumers:
Power		PID	Exe
1.7178279 W	2185940	"/home/boggy/ref_rapl/scaphandre/target/release/scaphandre"
1.7178279 W	2185960	"/home/boggy/ref_rapl/energy_exp_server/NPB3.4.3/NPB3.4-MPI/bin/mg.C.x"
1.7178279 W	2185962	"/home/boggy/ref_rapl/energy_exp_server/NPB3.4.3/NPB3.4-MPI/bin/mg.C.x"
1.7178279 W	2185959	"/home/boggy/ref_rapl/energy_exp_server/NPB3.4.3/NPB3.4-MPI/bin/mg.C.x"
1.4315232 W	2185961	"/home/boggy/ref_rapl/energy_exp_server/NPB3.4.3/NPB3.4-MPI/bin/mg.C.x"
------------------------------------------------------------

Host:	48.390331 W from 
	package 	core		dram		uncore
Socket0	43.06485 W |	38.1899 W	4.536181 W	0 W	

Top 5 consumers:
Power		PID	Exe
1.15905 W	2185940	"/home/boggy/ref_rapl/scaphandre/target/release/scaphandre"
1.15905 W	2185960	"/home/boggy/ref_rapl/energy_exp_server/NPB3.4.3/NPB3.4-MPI/bin/mg.C.x"
1.15905 W	2185961	"/home/boggy/ref_rapl/energy_exp_server/NPB3.4.3/NPB3.4-MPI/bin/mg.C.x"
0.8692874 W	2185962	"/home/boggy/ref_rapl/energy_exp_server/NPB3.4.3/NPB3.4-MPI/bin/mg.C.x"
0.8692874 W	2185959	"/home/boggy/ref_rapl/energy_exp_server/NPB3.4.3/NPB3.4-MPI/bin/mg.C.x"
------------------------------------------------------------

Host:	55.321101 W from 
	package 	core		dram		uncore
Socket0	47.35919 W |	41.8777 W	4.612001 W	0 W	

Top 5 consumers:
Power		PID	Exe
1.3250564 W	2185962	"/home/boggy/ref_rapl/energy_exp_server/NPB3.4.3/NPB3.4-MPI/bin/mg.C.x"
0.99379224 W	2185960	"/home/boggy/ref_rapl/energy_exp_server/NPB3.4.3/NPB3.4-MPI/bin/mg.C.x"
0.99379224 W	2185961	"/home/boggy/ref_rapl/energy_exp_server/NPB3.4.3/NPB3.4-MPI/bin/mg.C.x"
0.99379224 W	2185959	"/home/boggy/ref_rapl/energy_exp_server/NPB3.4.3/NPB3.4-MPI/bin/mg.C.x"
0.6625282 W	2185940	"/home/boggy/ref_rapl/scaphandre/target/release/scaphandre"
------------------------------------------------------------

Host:	55.568671 W from 
	package 	core		dram		uncore
Socket0	52.0856 W |	47.104366 W	4.283806 W	0 W	

Top 5 consumers:
Power		PID	Exe
1.3309863 W	2185961	"/home/boggy/ref_rapl/energy_exp_server/NPB3.4.3/NPB3.4-MPI/bin/mg.C.x"
1.3309863 W	2185959	"/home/boggy/ref_rapl/energy_exp_server/NPB3.4.3/NPB3.4-MPI/bin/mg.C.x"
0.99823964 W	2185960	"/home/boggy/ref_rapl/energy_exp_server/NPB3.4.3/NPB3.4-MPI/bin/mg.C.x"
0.99823964 W	2185962	"/home/boggy/ref_rapl/energy_exp_server/NPB3.4.3/NPB3.4-MPI/bin/mg.C.x"
0.66549313 W	2185940	"/home/boggy/ref_rapl/scaphandre/target/release/scaphandre"
------------------------------------------------------------

Host:	50.969689 W from 
	package 	core		dram		uncore
Socket0	45.902397 W |	41.87384 W	4.43225 W	0 W	

Top 5 consumers:
Power		PID	Exe
1.220831 W	2185960	"/home/boggy/ref_rapl/energy_exp_server/NPB3.4.3/NPB3.4-MPI/bin/mg.C.x"
0.9156232 W	2185940	"/home/boggy/ref_rapl/scaphandre/target/release/scaphandre"
0.9156232 W	2185962	"/home/boggy/ref_rapl/energy_exp_server/NPB3.4.3/NPB3.4-MPI/bin/mg.C.x"
0.9156232 W	2185961	"/home/boggy/ref_rapl/energy_exp_server/NPB3.4.3/NPB3.4-MPI/bin/mg.C.x"
0.9156232 W	2185959	"/home/boggy/ref_rapl/energy_exp_server/NPB3.4.3/NPB3.4-MPI/bin/mg.C.x"
------------------------------------------------------------

Host:	51.254816 W from 
	package 	core		dram		uncore
Socket0	46.575836 W |	41.329914 W	4.593553 W	0 W	

Top 5 consumers:
Power		PID	Exe
0.9207452 W	2185940	"/home/boggy/ref_rapl/scaphandre/target/release/scaphandre"
0.9207452 W	2185960	"/home/boggy/ref_rapl/energy_exp_server/NPB3.4.3/NPB3.4-MPI/bin/mg.C.x"
0.9207452 W	2185962	"/home/boggy/ref_rapl/energy_exp_server/NPB3.4.3/NPB3.4-MPI/bin/mg.C.x"
0.9207452 W	2185961	"/home/boggy/ref_rapl/energy_exp_server/NPB3.4.3/NPB3.4-MPI/bin/mg.C.x"
0.9207452 W	2185959	"/home/boggy/ref_rapl/energy_exp_server/NPB3.4.3/NPB3.4-MPI/bin/mg.C.x"
------------------------------------------------------------

Host:	52.730684 W from 
	package 	core		dram		uncore
Socket0	47.756554 W |	41.452717 W	4.563474 W	0 W	

Top 5 consumers:
Power		PID	Exe
0.9472578 W	2185960	"/home/boggy/ref_rapl/energy_exp_server/NPB3.4.3/NPB3.4-MPI/bin/mg.C.x"
0.9472578 W	2185962	"/home/boggy/ref_rapl/energy_exp_server/NPB3.4.3/NPB3.4-MPI/bin/mg.C.x"
0.9472578 W	2185961	"/home/boggy/ref_rapl/energy_exp_server/NPB3.4.3/NPB3.4-MPI/bin/mg.C.x"
0.9472578 W	2185959	"/home/boggy/ref_rapl/energy_exp_server/NPB3.4.3/NPB3.4-MPI/bin/mg.C.x"
0.63150525 W	2185940	"/home/boggy/ref_rapl/scaphandre/target/release/scaphandre"
------------------------------------------------------------

Host:	53.25078 W from 
	package 	core		dram		uncore
Socket0	47.877674 W |	43.403397 W	4.844392 W	0 W	

Top 5 consumers:
Power		PID	Exe
1.2754679 W	2185940	"/home/boggy/ref_rapl/scaphandre/target/release/scaphandre"
1.2754679 W	2185962	"/home/boggy/ref_rapl/energy_exp_server/NPB3.4.3/NPB3.4-MPI/bin/mg.C.x"
1.2754679 W	2185959	"/home/boggy/ref_rapl/energy_exp_server/NPB3.4.3/NPB3.4-MPI/bin/mg.C.x"
0.9566009 W	2185960	"/home/boggy/ref_rapl/energy_exp_server/NPB3.4.3/NPB3.4-MPI/bin/mg.C.x"
0.9566009 W	2185961	"/home/boggy/ref_rapl/energy_exp_server/NPB3.4.3/NPB3.4-MPI/bin/mg.C.x"
------------------------------------------------------------

Host:	53.039386 W from 
	package 	core		dram		uncore
Socket0	47.938507 W |	42.93356 W	4.791091 W	0 W	

Top 5 consumers:
Power		PID	Exe
1.1786531 W	2185961	"/home/boggy/ref_rapl/energy_exp_server/NPB3.4.3/NPB3.4-MPI/bin/mg.C.x"
0.8839898 W	2185960	"/home/boggy/ref_rapl/energy_exp_server/NPB3.4.3/NPB3.4-MPI/bin/mg.C.x"
0.8839898 W	2185962	"/home/boggy/ref_rapl/energy_exp_server/NPB3.4.3/NPB3.4-MPI/bin/mg.C.x"
0.8839898 W	2185959	"/home/boggy/ref_rapl/energy_exp_server/NPB3.4.3/NPB3.4-MPI/bin/mg.C.x"
0.58932656 W	2185940	"/home/boggy/ref_rapl/scaphandre/target/release/scaphandre"
------------------------------------------------------------

Host:	55.015472 W from 
	package 	core		dram		uncore
Socket0	51.420677 W |	44.994946 W	4.718865 W	0 W	

Top 5 consumers:
Power		PID	Exe
0.91692454 W	2185960	"/home/boggy/ref_rapl/energy_exp_server/NPB3.4.3/NPB3.4-MPI/bin/mg.C.x"
0.91692454 W	2185962	"/home/boggy/ref_rapl/energy_exp_server/NPB3.4.3/NPB3.4-MPI/bin/mg.C.x"
0.61128306 W	2185940	"/home/boggy/ref_rapl/scaphandre/target/release/scaphandre"
0.61128306 W	2185961	"/home/boggy/ref_rapl/energy_exp_server/NPB3.4.3/NPB3.4-MPI/bin/mg.C.x"
0.61128306 W	2185959	"/home/boggy/ref_rapl/energy_exp_server/NPB3.4.3/NPB3.4-MPI/bin/mg.C.x"
------------------------------------------------------------

Host:	53.655647 W from 
	package 	core		dram		uncore
Socket0	48.292065 W |	44.096066 W	4.840257 W	0 W	

Top 5 consumers:
Power		PID	Exe
0.8942608 W	2185940	"/home/boggy/ref_rapl/scaphandre/target/release/scaphandre"
0.8942608 W	2185961	"/home/boggy/ref_rapl/energy_exp_server/NPB3.4.3/NPB3.4-MPI/bin/mg.C.x"
0.8942608 W	2185959	"/home/boggy/ref_rapl/energy_exp_server/NPB3.4.3/NPB3.4-MPI/bin/mg.C.x"
0.5961739 W	2185960	"/home/boggy/ref_rapl/energy_exp_server/NPB3.4.3/NPB3.4-MPI/bin/mg.C.x"
0.5961739 W	2185962	"/home/boggy/ref_rapl/energy_exp_server/NPB3.4.3/NPB3.4-MPI/bin/mg.C.x"
------------------------------------------------------------

Host:	55.028593 W from 
	package 	core		dram		uncore
Socket0	51.193096 W |	44.939854 W	4.711188 W	0 W	

Top 5 consumers:
Power		PID	Exe
0.9171432 W	2185960	"/home/boggy/ref_rapl/energy_exp_server/NPB3.4.3/NPB3.4-MPI/bin/mg.C.x"
0.6114288 W	2185940	"/home/boggy/ref_rapl/scaphandre/target/release/scaphandre"
0.6114288 W	2185962	"/home/boggy/ref_rapl/energy_exp_server/NPB3.4.3/NPB3.4-MPI/bin/mg.C.x"
0.6114288 W	2185961	"/home/boggy/ref_rapl/energy_exp_server/NPB3.4.3/NPB3.4-MPI/bin/mg.C.x"
0.6114288 W	2185959	"/home/boggy/ref_rapl/energy_exp_server/NPB3.4.3/NPB3.4-MPI/bin/mg.C.x"
------------------------------------------------------------

Host:	53.310476 W from 
	package 	core		dram		uncore
Socket0	48.089706 W |	44.736366 W	4.806083 W	0 W	

Top 5 consumers:
Power		PID	Exe
0.888508 W	2185940	"/home/boggy/ref_rapl/scaphandre/target/release/scaphandre"
0.888508 W	2185960	"/home/boggy/ref_rapl/energy_exp_server/NPB3.4.3/NPB3.4-MPI/bin/mg.C.x"
0.888508 W	2185962	"/home/boggy/ref_rapl/energy_exp_server/NPB3.4.3/NPB3.4-MPI/bin/mg.C.x"
0.888508 W	2185961	"/home/boggy/ref_rapl/energy_exp_server/NPB3.4.3/NPB3.4-MPI/bin/mg.C.x"
0.888508 W	2185959	"/home/boggy/ref_rapl/energy_exp_server/NPB3.4.3/NPB3.4-MPI/bin/mg.C.x"
------------------------------------------------------------

Host:	52.877529 W from 
	package 	core		dram		uncore
Socket0	49.5911 W |	43.704636 W	4.728368 W	0 W	

Top 5 consumers:
Power		PID	Exe
1.1750562 W	2185962	"/home/boggy/ref_rapl/energy_exp_server/NPB3.4.3/NPB3.4-MPI/bin/mg.C.x"
1.1750562 W	2185961	"/home/boggy/ref_rapl/energy_exp_server/NPB3.4.3/NPB3.4-MPI/bin/mg.C.x"
1.1750562 W	2185959	"/home/boggy/ref_rapl/energy_exp_server/NPB3.4.3/NPB3.4-MPI/bin/mg.C.x"
0.88129216 W	2185940	"/home/boggy/ref_rapl/scaphandre/target/release/scaphandre"
0.88129216 W	2185960	"/home/boggy/ref_rapl/energy_exp_server/NPB3.4.3/NPB3.4-MPI/bin/mg.C.x"
------------------------------------------------------------

Host:	54.889127 W from 
	package 	core		dram		uncore
Socket0	47.46234 W |	42.427715 W	4.537668 W	0 W	

Top 5 consumers:
Power		PID	Exe
1.2197584 W	2185960	"/home/boggy/ref_rapl/energy_exp_server/NPB3.4.3/NPB3.4-MPI/bin/mg.C.x"
0.9148188 W	2185962	"/home/boggy/ref_rapl/energy_exp_server/NPB3.4.3/NPB3.4-MPI/bin/mg.C.x"
0.9148188 W	2185959	"/home/boggy/ref_rapl/energy_exp_server/NPB3.4.3/NPB3.4-MPI/bin/mg.C.x"
0.6098792 W	2185940	"/home/boggy/ref_rapl/scaphandre/target/release/scaphandre"
0.6098792 W	2185961	"/home/boggy/ref_rapl/energy_exp_server/NPB3.4.3/NPB3.4-MPI/bin/mg.C.x"
------------------------------------------------------------

Host:	54.780682 W from 
	package 	core		dram		uncore
Socket0	50.628757 W |	45.892456 W	4.615481 W	0 W	

Top 5 consumers:
Power		PID	Exe
1.3443111 W	2185961	"/home/boggy/ref_rapl/energy_exp_server/NPB3.4.3/NPB3.4-MPI/bin/mg.C.x"
1.0082334 W	2185960	"/home/boggy/ref_rapl/energy_exp_server/NPB3.4.3/NPB3.4-MPI/bin/mg.C.x"
1.0082334 W	2185962	"/home/boggy/ref_rapl/energy_exp_server/NPB3.4.3/NPB3.4-MPI/bin/mg.C.x"
1.0082334 W	2185959	"/home/boggy/ref_rapl/energy_exp_server/NPB3.4.3/NPB3.4-MPI/bin/mg.C.x"
0.67215556 W	2185940	"/home/boggy/ref_rapl/scaphandre/target/release/scaphandre"
------------------------------------------------------------

Host:	55.39417 W from 
	package 	core		dram		uncore
Socket0	50.313713 W |	45.563904 W	4.601261 W	0 W	

Top 5 consumers:
Power		PID	Exe
1.0195246 W	2185940	"/home/boggy/ref_rapl/scaphandre/target/release/scaphandre"
1.0195246 W	2185960	"/home/boggy/ref_rapl/energy_exp_server/NPB3.4.3/NPB3.4-MPI/bin/mg.C.x"
1.0195246 W	2185962	"/home/boggy/ref_rapl/energy_exp_server/NPB3.4.3/NPB3.4-MPI/bin/mg.C.x"
1.0195246 W	2185961	"/home/boggy/ref_rapl/energy_exp_server/NPB3.4.3/NPB3.4-MPI/bin/mg.C.x"
1.0195246 W	2185959	"/home/boggy/ref_rapl/energy_exp_server/NPB3.4.3/NPB3.4-MPI/bin/mg.C.x"
------------------------------------------------------------

Host:	54.960843 W from 
	package 	core		dram		uncore
Socket0	50.661217 W |	45.880276 W	4.747966 W	0 W	

Top 5 consumers:
Power		PID	Exe
1.0115492 W	2185960	"/home/boggy/ref_rapl/energy_exp_server/NPB3.4.3/NPB3.4-MPI/bin/mg.C.x"
1.0115492 W	2185962	"/home/boggy/ref_rapl/energy_exp_server/NPB3.4.3/NPB3.4-MPI/bin/mg.C.x"
1.0115492 W	2185961	"/home/boggy/ref_rapl/energy_exp_server/NPB3.4.3/NPB3.4-MPI/bin/mg.C.x"
1.0115492 W	2185959	"/home/boggy/ref_rapl/energy_exp_server/NPB3.4.3/NPB3.4-MPI/bin/mg.C.x"
0.6743661 W	2185940	"/home/boggy/ref_rapl/scaphandre/target/release/scaphandre"
------------------------------------------------------------

Host:	55.562016 W from 
	package 	core		dram		uncore
Socket0	51.971508 W |	45.99556 W	4.568272 W	0 W	

Top 5 consumers:
Power		PID	Exe
1.0226138 W	2185940	"/home/boggy/ref_rapl/scaphandre/target/release/scaphandre"
1.0226138 W	2185960	"/home/boggy/ref_rapl/energy_exp_server/NPB3.4.3/NPB3.4-MPI/bin/mg.C.x"
1.0226138 W	2185962	"/home/boggy/ref_rapl/energy_exp_server/NPB3.4.3/NPB3.4-MPI/bin/mg.C.x"
1.0226138 W	2185961	"/home/boggy/ref_rapl/energy_exp_server/NPB3.4.3/NPB3.4-MPI/bin/mg.C.x"
1.0226138 W	2185959	"/home/boggy/ref_rapl/energy_exp_server/NPB3.4.3/NPB3.4-MPI/bin/mg.C.x"
------------------------------------------------------------

Host:	56.593786 W from 
	package 	core		dram		uncore
Socket0	51.09893 W |	45.981228 W	4.617834 W	0 W	

Top 5 consumers:
Power		PID	Exe
1.0416034 W	2185960	"/home/boggy/ref_rapl/energy_exp_server/NPB3.4.3/NPB3.4-MPI/bin/mg.C.x"
1.0416034 W	2185962	"/home/boggy/ref_rapl/energy_exp_server/NPB3.4.3/NPB3.4-MPI/bin/mg.C.x"
1.0416034 W	2185961	"/home/boggy/ref_rapl/energy_exp_server/NPB3.4.3/NPB3.4-MPI/bin/mg.C.x"
1.0416034 W	2185959	"/home/boggy/ref_rapl/energy_exp_server/NPB3.4.3/NPB3.4-MPI/bin/mg.C.x"
0.6944023 W	2185940	"/home/boggy/ref_rapl/scaphandre/target/release/scaphandre"
------------------------------------------------------------

Host:	50.782192 W from 
	package 	core		dram		uncore
Socket0	49.340775 W |	45.429516 W	4.639359 W	0 W	

Top 5 consumers:
Power		PID	Exe
0.93464154 W	2185940	"/home/boggy/ref_rapl/scaphandre/target/release/scaphandre"
0.93464154 W	2185960	"/home/boggy/ref_rapl/energy_exp_server/NPB3.4.3/NPB3.4-MPI/bin/mg.C.x"
0.93464154 W	2185962	"/home/boggy/ref_rapl/energy_exp_server/NPB3.4.3/NPB3.4-MPI/bin/mg.C.x"
0.93464154 W	2185961	"/home/boggy/ref_rapl/energy_exp_server/NPB3.4.3/NPB3.4-MPI/bin/mg.C.x"
0.93464154 W	2185959	"/home/boggy/ref_rapl/energy_exp_server/NPB3.4.3/NPB3.4-MPI/bin/mg.C.x"
------------------------------------------------------------

Host:	53.721747 W from 
	package 	core		dram		uncore
Socket0	47.805767 W |	41.704136 W	4.669333 W	0 W	

Top 5 consumers:
Power		PID	Exe
1.318325 W	2185962	"/home/boggy/ref_rapl/energy_exp_server/NPB3.4.3/NPB3.4-MPI/bin/mg.C.x"
0.98874384 W	2185940	"/home/boggy/ref_rapl/scaphandre/target/release/scaphandre"
0.98874384 W	2185960	"/home/boggy/ref_rapl/energy_exp_server/NPB3.4.3/NPB3.4-MPI/bin/mg.C.x"
0.98874384 W	2185961	"/home/boggy/ref_rapl/energy_exp_server/NPB3.4.3/NPB3.4-MPI/bin/mg.C.x"
0.98874384 W	2185959	"/home/boggy/ref_rapl/energy_exp_server/NPB3.4.3/NPB3.4-MPI/bin/mg.C.x"
------------------------------------------------------------

Host:	53.247408 W from 
	package 	core		dram		uncore
Socket0	49.021225 W |	43.5976 W	4.821414 W	0 W	

Top 5 consumers:
Power		PID	Exe
1.2170835 W	2185959	"/home/boggy/ref_rapl/energy_exp_server/NPB3.4.3/NPB3.4-MPI/bin/mg.C.x"
0.91281265 W	2185960	"/home/boggy/ref_rapl/energy_exp_server/NPB3.4.3/NPB3.4-MPI/bin/mg.C.x"
0.91281265 W	2185962	"/home/boggy/ref_rapl/energy_exp_server/NPB3.4.3/NPB3.4-MPI/bin/mg.C.x"
0.91281265 W	2185961	"/home/boggy/ref_rapl/energy_exp_server/NPB3.4.3/NPB3.4-MPI/bin/mg.C.x"
0.6085417 W	2185940	"/home/boggy/ref_rapl/scaphandre/target/release/scaphandre"
------------------------------------------------------------

Host:	54.744145 W from 
	package 	core		dram		uncore
Socket0	48.39292 W |	43.57915 W	4.743265 W	0 W	

Top 5 consumers:
Power		PID	Exe
1.2512946 W	2185960	"/home/boggy/ref_rapl/energy_exp_server/NPB3.4.3/NPB3.4-MPI/bin/mg.C.x"
1.2512946 W	2185961	"/home/boggy/ref_rapl/energy_exp_server/NPB3.4.3/NPB3.4-MPI/bin/mg.C.x"
0.938471 W	2185962	"/home/boggy/ref_rapl/energy_exp_server/NPB3.4.3/NPB3.4-MPI/bin/mg.C.x"
0.938471 W	2185959	"/home/boggy/ref_rapl/energy_exp_server/NPB3.4.3/NPB3.4-MPI/bin/mg.C.x"
0.6256473 W	2185940	"/home/boggy/ref_rapl/scaphandre/target/release/scaphandre"
------------------------------------------------------------

Host:	52.043229 W from 
	package 	core		dram		uncore
Socket0	48.55618 W |	43.574802 W	4.755758 W	0 W	

Top 5 consumers:
Power		PID	Exe
0.89216954 W	2185940	"/home/boggy/ref_rapl/scaphandre/target/release/scaphandre"
0.89216954 W	2185960	"/home/boggy/ref_rapl/energy_exp_server/NPB3.4.3/NPB3.4-MPI/bin/mg.C.x"
0.89216954 W	2185962	"/home/boggy/ref_rapl/energy_exp_server/NPB3.4.3/NPB3.4-MPI/bin/mg.C.x"
0.89216954 W	2185961	"/home/boggy/ref_rapl/energy_exp_server/NPB3.4.3/NPB3.4-MPI/bin/mg.C.x"
0.89216954 W	2185959	"/home/boggy/ref_rapl/energy_exp_server/NPB3.4.3/NPB3.4-MPI/bin/mg.C.x"
------------------------------------------------------------

Host:	53.977695 W from 
	package 	core		dram		uncore
Socket0	48.95866 W |	43.60198 W	4.803449 W	0 W	

Top 5 consumers:
Power		PID	Exe
0.9253319 W	2185960	"/home/boggy/ref_rapl/energy_exp_server/NPB3.4.3/NPB3.4-MPI/bin/mg.C.x"
0.9253319 W	2185962	"/home/boggy/ref_rapl/energy_exp_server/NPB3.4.3/NPB3.4-MPI/bin/mg.C.x"
0.9253319 W	2185961	"/home/boggy/ref_rapl/energy_exp_server/NPB3.4.3/NPB3.4-MPI/bin/mg.C.x"
0.9253319 W	2185959	"/home/boggy/ref_rapl/energy_exp_server/NPB3.4.3/NPB3.4-MPI/bin/mg.C.x"
0.61688787 W	2185940	"/home/boggy/ref_rapl/scaphandre/target/release/scaphandre"
------------------------------------------------------------

Host:	53.182754 W from 
	package 	core		dram		uncore
Socket0	48.812527 W |	43.51653 W	4.795978 W	0 W	

Top 5 consumers:
Power		PID	Exe
1.2156057 W	2185962	"/home/boggy/ref_rapl/energy_exp_server/NPB3.4.3/NPB3.4-MPI/bin/mg.C.x"
0.9117043 W	2185940	"/home/boggy/ref_rapl/scaphandre/target/release/scaphandre"
0.9117043 W	2185960	"/home/boggy/ref_rapl/energy_exp_server/NPB3.4.3/NPB3.4-MPI/bin/mg.C.x"
0.9117043 W	2185961	"/home/boggy/ref_rapl/energy_exp_server/NPB3.4.3/NPB3.4-MPI/bin/mg.C.x"
0.9117043 W	2185959	"/home/boggy/ref_rapl/energy_exp_server/NPB3.4.3/NPB3.4-MPI/bin/mg.C.x"
------------------------------------------------------------

Host:	53.470889 W from 
	package 	core		dram		uncore
Socket0	48.59676 W |	43.529182 W	4.763547 W	0 W	

Top 5 consumers:
Power		PID	Exe
1.2221916 W	2185959	"/home/boggy/ref_rapl/energy_exp_server/NPB3.4.3/NPB3.4-MPI/bin/mg.C.x"
0.91664374 W	2185940	"/home/boggy/ref_rapl/scaphandre/target/release/scaphandre"
0.91664374 W	2185960	"/home/boggy/ref_rapl/energy_exp_server/NPB3.4.3/NPB3.4-MPI/bin/mg.C.x"
0.91664374 W	2185962	"/home/boggy/ref_rapl/energy_exp_server/NPB3.4.3/NPB3.4-MPI/bin/mg.C.x"
0.91664374 W	2185961	"/home/boggy/ref_rapl/energy_exp_server/NPB3.4.3/NPB3.4-MPI/bin/mg.C.x"
------------------------------------------------------------

Host:	50.706037 W from 
	package 	core		dram		uncore
Socket0	46.89794 W |	42.5489 W	4.302732 W	0 W	

Top 5 consumers:
Power		PID	Exe
0.8692463 W	2185940	"/home/boggy/ref_rapl/scaphandre/target/release/scaphandre"
0.8692463 W	2185960	"/home/boggy/ref_rapl/energy_exp_server/NPB3.4.3/NPB3.4-MPI/bin/mg.C.x"
0.8692463 W	2185962	"/home/boggy/ref_rapl/energy_exp_server/NPB3.4.3/NPB3.4-MPI/bin/mg.C.x"
0.8692463 W	2185961	"/home/boggy/ref_rapl/energy_exp_server/NPB3.4.3/NPB3.4-MPI/bin/mg.C.x"
0.8692463 W	2185959	"/home/boggy/ref_rapl/energy_exp_server/NPB3.4.3/NPB3.4-MPI/bin/mg.C.x"
------------------------------------------------------------

Host:	52.494902 W from 
	package 	core		dram		uncore
Socket0	47.756325 W |	42.29689 W	4.559323 W	0 W	

Top 5 consumers:
Power		PID	Exe
0.8897441 W	2185960	"/home/boggy/ref_rapl/energy_exp_server/NPB3.4.3/NPB3.4-MPI/bin/mg.C.x"
0.8897441 W	2185962	"/home/boggy/ref_rapl/energy_exp_server/NPB3.4.3/NPB3.4-MPI/bin/mg.C.x"
0.8897441 W	2185961	"/home/boggy/ref_rapl/energy_exp_server/NPB3.4.3/NPB3.4-MPI/bin/mg.C.x"
0.8897441 W	2185959	"/home/boggy/ref_rapl/energy_exp_server/NPB3.4.3/NPB3.4-MPI/bin/mg.C.x"
0.5931628 W	2185940	"/home/boggy/ref_rapl/scaphandre/target/release/scaphandre"
------------------------------------------------------------

Host:	51.60142 W from 
	package 	core		dram		uncore
Socket0	47.537792 W |	42.21628 W	4.676549 W	0 W	

Top 5 consumers:
Power		PID	Exe
0.87460035 W	2185940	"/home/boggy/ref_rapl/scaphandre/target/release/scaphandre"
0.87460035 W	2185960	"/home/boggy/ref_rapl/energy_exp_server/NPB3.4.3/NPB3.4-MPI/bin/mg.C.x"
0.87460035 W	2185962	"/home/boggy/ref_rapl/energy_exp_server/NPB3.4.3/NPB3.4-MPI/bin/mg.C.x"
0.87460035 W	2185961	"/home/boggy/ref_rapl/energy_exp_server/NPB3.4.3/NPB3.4-MPI/bin/mg.C.x"
0.87460035 W	2185959	"/home/boggy/ref_rapl/energy_exp_server/NPB3.4.3/NPB3.4-MPI/bin/mg.C.x"
------------------------------------------------------------

Host:	46.981042 W from 
	package 	core		dram		uncore
Socket0	45.16552 W |	40.211895 W	4.228692 W	0 W	

Top 5 consumers:
Power		PID	Exe
1.327148 W	2185960	"/home/boggy/ref_rapl/energy_exp_server/NPB3.4.3/NPB3.4-MPI/bin/mg.C.x"
1.327148 W	2185961	"/home/boggy/ref_rapl/energy_exp_server/NPB3.4.3/NPB3.4-MPI/bin/mg.C.x"
1.0617185 W	2185940	"/home/boggy/ref_rapl/scaphandre/target/release/scaphandre"
1.0617185 W	2185962	"/home/boggy/ref_rapl/energy_exp_server/NPB3.4.3/NPB3.4-MPI/bin/mg.C.x"
1.0617185 W	2185959	"/home/boggy/ref_rapl/energy_exp_server/NPB3.4.3/NPB3.4-MPI/bin/mg.C.x"
------------------------------------------------------------

Host:	45.495284 W from 
	package 	core		dram		uncore
Socket0	41.692467 W |	36.521145 W	4.60391 W	0 W	

Top 5 consumers:
Power		PID	Exe
1.542213 W	2185962	"/home/boggy/ref_rapl/energy_exp_server/NPB3.4.3/NPB3.4-MPI/bin/mg.C.x"
1.2851775 W	2185960	"/home/boggy/ref_rapl/energy_exp_server/NPB3.4.3/NPB3.4-MPI/bin/mg.C.x"
1.2851775 W	2185961	"/home/boggy/ref_rapl/energy_exp_server/NPB3.4.3/NPB3.4-MPI/bin/mg.C.x"
1.2851775 W	2185959	"/home/boggy/ref_rapl/energy_exp_server/NPB3.4.3/NPB3.4-MPI/bin/mg.C.x"
1.028142 W	2185940	"/home/boggy/ref_rapl/scaphandre/target/release/scaphandre"
------------------------------------------------------------

Host:	49.226749 W from 
	package 	core		dram		uncore
Socket0	42.28923 W |	37.4637 W	4.550707 W	0 W	

Top 5 consumers:
Power		PID	Exe
1.9468205 W	2185940	"/home/boggy/ref_rapl/scaphandre/target/release/scaphandre"
1.3905861 W	2185960	"/home/boggy/ref_rapl/energy_exp_server/NPB3.4.3/NPB3.4-MPI/bin/mg.C.x"
1.3905861 W	2185961	"/home/boggy/ref_rapl/energy_exp_server/NPB3.4.3/NPB3.4-MPI/bin/mg.C.x"
1.3905861 W	2185959	"/home/boggy/ref_rapl/energy_exp_server/NPB3.4.3/NPB3.4-MPI/bin/mg.C.x"
1.1124688 W	2185962	"/home/boggy/ref_rapl/energy_exp_server/NPB3.4.3/NPB3.4-MPI/bin/mg.C.x"
------------------------------------------------------------

Host:	54.102793 W from 
	package 	core		dram		uncore
Socket0	44.825294 W |	40.567253 W	4.620617 W	0 W	

Top 5 consumers:
Power		PID	Exe
0.9719065 W	2185960	"/home/boggy/ref_rapl/energy_exp_server/NPB3.4.3/NPB3.4-MPI/bin/mg.C.x"
0.9719065 W	2185962	"/home/boggy/ref_rapl/energy_exp_server/NPB3.4.3/NPB3.4-MPI/bin/mg.C.x"
0.9719065 W	2185961	"/home/boggy/ref_rapl/energy_exp_server/NPB3.4.3/NPB3.4-MPI/bin/mg.C.x"
0.9719065 W	2185959	"/home/boggy/ref_rapl/energy_exp_server/NPB3.4.3/NPB3.4-MPI/bin/mg.C.x"
0.6479377 W	2185940	"/home/boggy/ref_rapl/scaphandre/target/release/scaphandre"
------------------------------------------------------------

Host:	56.588207 W from 
	package 	core		dram		uncore
Socket0	52.681015 W |	47.315 W	4.375095 W	0 W	

Top 5 consumers:
Power		PID	Exe
1.0165546 W	2185960	"/home/boggy/ref_rapl/energy_exp_server/NPB3.4.3/NPB3.4-MPI/bin/mg.C.x"
1.0165546 W	2185962	"/home/boggy/ref_rapl/energy_exp_server/NPB3.4.3/NPB3.4-MPI/bin/mg.C.x"
1.0165546 W	2185961	"/home/boggy/ref_rapl/energy_exp_server/NPB3.4.3/NPB3.4-MPI/bin/mg.C.x"
1.0165546 W	2185959	"/home/boggy/ref_rapl/energy_exp_server/NPB3.4.3/NPB3.4-MPI/bin/mg.C.x"
0.67770314 W	2185940	"/home/boggy/ref_rapl/scaphandre/target/release/scaphandre"
------------------------------------------------------------

Host:	51.743669 W from 
	package 	core		dram		uncore
Socket0	48.402046 W |	42.99959 W	4.421361 W	0 W	

Top 5 consumers:
Power		PID	Exe
1.2393694 W	2185962	"/home/boggy/ref_rapl/energy_exp_server/NPB3.4.3/NPB3.4-MPI/bin/mg.C.x"
0.929527 W	2185940	"/home/boggy/ref_rapl/scaphandre/target/release/scaphandre"
0.929527 W	2185960	"/home/boggy/ref_rapl/energy_exp_server/NPB3.4.3/NPB3.4-MPI/bin/mg.C.x"
0.929527 W	2185961	"/home/boggy/ref_rapl/energy_exp_server/NPB3.4.3/NPB3.4-MPI/bin/mg.C.x"
0.929527 W	2185959	"/home/boggy/ref_rapl/energy_exp_server/NPB3.4.3/NPB3.4-MPI/bin/mg.C.x"
------------------------------------------------------------

Host:	51.33635 W from 
	package 	core		dram		uncore
Socket0	46.871178 W |	41.43913 W	4.595761 W	0 W	

Top 5 consumers:
Power		PID	Exe
0.92220986 W	2185960	"/home/boggy/ref_rapl/energy_exp_server/NPB3.4.3/NPB3.4-MPI/bin/mg.C.x"
0.92220986 W	2185962	"/home/boggy/ref_rapl/energy_exp_server/NPB3.4.3/NPB3.4-MPI/bin/mg.C.x"
0.92220986 W	2185961	"/home/boggy/ref_rapl/energy_exp_server/NPB3.4.3/NPB3.4-MPI/bin/mg.C.x"
0.92220986 W	2185959	"/home/boggy/ref_rapl/energy_exp_server/NPB3.4.3/NPB3.4-MPI/bin/mg.C.x"
0.61480665 W	2185940	"/home/boggy/ref_rapl/scaphandre/target/release/scaphandre"
------------------------------------------------------------

Host:	51.157687 W from 
	package 	core		dram		uncore
Socket0	46.67463 W |	41.219433 W	4.589245 W	0 W	

Top 5 consumers:
Power		PID	Exe
1.2253339 W	2185959	"/home/boggy/ref_rapl/energy_exp_server/NPB3.4.3/NPB3.4-MPI/bin/mg.C.x"
0.9190004 W	2185960	"/home/boggy/ref_rapl/energy_exp_server/NPB3.4.3/NPB3.4-MPI/bin/mg.C.x"
0.9190004 W	2185962	"/home/boggy/ref_rapl/energy_exp_server/NPB3.4.3/NPB3.4-MPI/bin/mg.C.x"
0.9190004 W	2185961	"/home/boggy/ref_rapl/energy_exp_server/NPB3.4.3/NPB3.4-MPI/bin/mg.C.x"
0.61266696 W	2185940	"/home/boggy/ref_rapl/scaphandre/target/release/scaphandre"
------------------------------------------------------------

Host:	53.638068 W from 
	package 	core		dram		uncore
Socket0	49.264503 W |	43.44492 W	4.689173 W	0 W	

Top 5 consumers:
Power		PID	Exe
1.2847443 W	2185961	"/home/boggy/ref_rapl/energy_exp_server/NPB3.4.3/NPB3.4-MPI/bin/mg.C.x"
0.96355814 W	2185940	"/home/boggy/ref_rapl/scaphandre/target/release/scaphandre"
0.96355814 W	2185960	"/home/boggy/ref_rapl/energy_exp_server/NPB3.4.3/NPB3.4-MPI/bin/mg.C.x"
0.96355814 W	2185962	"/home/boggy/ref_rapl/energy_exp_server/NPB3.4.3/NPB3.4-MPI/bin/mg.C.x"
0.96355814 W	2185959	"/home/boggy/ref_rapl/energy_exp_server/NPB3.4.3/NPB3.4-MPI/bin/mg.C.x"
------------------------------------------------------------

Host:	53.824878 W from 
	package 	core		dram		uncore
Socket0	49.03427 W |	43.497433 W	4.826191 W	0 W	

Top 5 consumers:
Power		PID	Exe
1.2892188 W	2185960	"/home/boggy/ref_rapl/energy_exp_server/NPB3.4.3/NPB3.4-MPI/bin/mg.C.x"
0.966914 W	2185962	"/home/boggy/ref_rapl/energy_exp_server/NPB3.4.3/NPB3.4-MPI/bin/mg.C.x"
0.966914 W	2185961	"/home/boggy/ref_rapl/energy_exp_server/NPB3.4.3/NPB3.4-MPI/bin/mg.C.x"
0.966914 W	2185959	"/home/boggy/ref_rapl/energy_exp_server/NPB3.4.3/NPB3.4-MPI/bin/mg.C.x"
0.6446094 W	2185940	"/home/boggy/ref_rapl/scaphandre/target/release/scaphandre"
------------------------------------------------------------

Host:	54.431577 W from 
	package 	core		dram		uncore
Socket0	47.458736 W |	43.523792 W	4.805986 W	0 W	

Top 5 consumers:
Power		PID	Exe
1.2513006 W	2185940	"/home/boggy/ref_rapl/scaphandre/target/release/scaphandre"
0.93847543 W	2185960	"/home/boggy/ref_rapl/energy_exp_server/NPB3.4.3/NPB3.4-MPI/bin/mg.C.x"
0.93847543 W	2185962	"/home/boggy/ref_rapl/energy_exp_server/NPB3.4.3/NPB3.4-MPI/bin/mg.C.x"
0.93847543 W	2185961	"/home/boggy/ref_rapl/energy_exp_server/NPB3.4.3/NPB3.4-MPI/bin/mg.C.x"
0.93847543 W	2185959	"/home/boggy/ref_rapl/energy_exp_server/NPB3.4.3/NPB3.4-MPI/bin/mg.C.x"
------------------------------------------------------------

Host:	52.724098 W from 
	package 	core		dram		uncore
Socket0	49.47427 W |	43.666218 W	4.708402 W	0 W	

Top 5 consumers:
Power		PID	Exe
1.2120483 W	2185962	"/home/boggy/ref_rapl/energy_exp_server/NPB3.4.3/NPB3.4-MPI/bin/mg.C.x"
0.90903616 W	2185960	"/home/boggy/ref_rapl/energy_exp_server/NPB3.4.3/NPB3.4-MPI/bin/mg.C.x"
0.90903616 W	2185961	"/home/boggy/ref_rapl/energy_exp_server/NPB3.4.3/NPB3.4-MPI/bin/mg.C.x"
0.90903616 W	2185959	"/home/boggy/ref_rapl/energy_exp_server/NPB3.4.3/NPB3.4-MPI/bin/mg.C.x"
0.60602415 W	2185940	"/home/boggy/ref_rapl/scaphandre/target/release/scaphandre"
------------------------------------------------------------

Host:	53.260817 W from 
	package 	core		dram		uncore
Socket0	49.381554 W |	43.57145 W	4.84779 W	0 W	

Top 5 consumers:
Power		PID	Exe
1.2243866 W	2185959	"/home/boggy/ref_rapl/energy_exp_server/NPB3.4.3/NPB3.4-MPI/bin/mg.C.x"
0.91828996 W	2185960	"/home/boggy/ref_rapl/energy_exp_server/NPB3.4.3/NPB3.4-MPI/bin/mg.C.x"
0.91828996 W	2185962	"/home/boggy/ref_rapl/energy_exp_server/NPB3.4.3/NPB3.4-MPI/bin/mg.C.x"
0.91828996 W	2185961	"/home/boggy/ref_rapl/energy_exp_server/NPB3.4.3/NPB3.4-MPI/bin/mg.C.x"
0.6121933 W	2185940	"/home/boggy/ref_rapl/scaphandre/target/release/scaphandre"
------------------------------------------------------------

Host:	53.139001 W from 
	package 	core		dram		uncore
Socket0	48.6079 W |	43.488533 W	4.766426 W	0 W	

Top 5 consumers:
Power		PID	Exe
1.2215862 W	2185961	"/home/boggy/ref_rapl/energy_exp_server/NPB3.4.3/NPB3.4-MPI/bin/mg.C.x"
0.9161897 W	2185940	"/home/boggy/ref_rapl/scaphandre/target/release/scaphandre"
0.9161897 W	2185960	"/home/boggy/ref_rapl/energy_exp_server/NPB3.4.3/NPB3.4-MPI/bin/mg.C.x"
0.9161897 W	2185962	"/home/boggy/ref_rapl/energy_exp_server/NPB3.4.3/NPB3.4-MPI/bin/mg.C.x"
0.9161897 W	2185959	"/home/boggy/ref_rapl/energy_exp_server/NPB3.4.3/NPB3.4-MPI/bin/mg.C.x"
------------------------------------------------------------

Host:	54.321445 W from 
	package 	core		dram		uncore
Socket0	46.871616 W |	43.032665 W	4.758304 W	0 W	

Top 5 consumers:
Power		PID	Exe
1.2487689 W	2185960	"/home/boggy/ref_rapl/energy_exp_server/NPB3.4.3/NPB3.4-MPI/bin/mg.C.x"
1.2487689 W	2185959	"/home/boggy/ref_rapl/energy_exp_server/NPB3.4.3/NPB3.4-MPI/bin/mg.C.x"
0.9365766 W	2185940	"/home/boggy/ref_rapl/scaphandre/target/release/scaphandre"
0.9365766 W	2185962	"/home/boggy/ref_rapl/energy_exp_server/NPB3.4.3/NPB3.4-MPI/bin/mg.C.x"
0.9365766 W	2185961	"/home/boggy/ref_rapl/energy_exp_server/NPB3.4.3/NPB3.4-MPI/bin/mg.C.x"
------------------------------------------------------------

Host:	55.84293 W from 
	package 	core		dram		uncore
Socket0	50.996544 W |	45.409187 W	4.273276 W	0 W	

Top 5 consumers:
Power		PID	Exe
0.96280915 W	2185960	"/home/boggy/ref_rapl/energy_exp_server/NPB3.4.3/NPB3.4-MPI/bin/mg.C.x"
0.96280915 W	2185962	"/home/boggy/ref_rapl/energy_exp_server/NPB3.4.3/NPB3.4-MPI/bin/mg.C.x"
0.96280915 W	2185961	"/home/boggy/ref_rapl/energy_exp_server/NPB3.4.3/NPB3.4-MPI/bin/mg.C.x"
0.96280915 W	2185959	"/home/boggy/ref_rapl/energy_exp_server/NPB3.4.3/NPB3.4-MPI/bin/mg.C.x"
0.64187276 W	2185940	"/home/boggy/ref_rapl/scaphandre/target/release/scaphandre"
------------------------------------------------------------

Host:	55.867568 W from 
	package 	core		dram		uncore
Socket0	51.187675 W |	46.203396 W	4.617279 W	0 W	

Top 5 consumers:
Power		PID	Exe
0.96323395 W	2185940	"/home/boggy/ref_rapl/scaphandre/target/release/scaphandre"
0.96323395 W	2185960	"/home/boggy/ref_rapl/energy_exp_server/NPB3.4.3/NPB3.4-MPI/bin/mg.C.x"
0.96323395 W	2185962	"/home/boggy/ref_rapl/energy_exp_server/NPB3.4.3/NPB3.4-MPI/bin/mg.C.x"
0.96323395 W	2185961	"/home/boggy/ref_rapl/energy_exp_server/NPB3.4.3/NPB3.4-MPI/bin/mg.C.x"
0.96323395 W	2185959	"/home/boggy/ref_rapl/energy_exp_server/NPB3.4.3/NPB3.4-MPI/bin/mg.C.x"
------------------------------------------------------------

Host:	55.722487 W from 
	package 	core		dram		uncore
Socket0	51.287434 W |	46.044125 W	4.754053 W	0 W	

Top 5 consumers:
Power		PID	Exe
0.94444895 W	2185960	"/home/boggy/ref_rapl/energy_exp_server/NPB3.4.3/NPB3.4-MPI/bin/mg.C.x"
0.94444895 W	2185962	"/home/boggy/ref_rapl/energy_exp_server/NPB3.4.3/NPB3.4-MPI/bin/mg.C.x"
0.94444895 W	2185961	"/home/boggy/ref_rapl/energy_exp_server/NPB3.4.3/NPB3.4-MPI/bin/mg.C.x"
0.94444895 W	2185959	"/home/boggy/ref_rapl/energy_exp_server/NPB3.4.3/NPB3.4-MPI/bin/mg.C.x"
0.62963265 W	2185940	"/home/boggy/ref_rapl/scaphandre/target/release/scaphandre"
------------------------------------------------------------

Host:	55.264556 W from 
	package 	core		dram		uncore
Socket0	51.16564 W |	45.93492 W	4.491689 W	0 W	

Top 5 consumers:
Power		PID	Exe
0.9366874 W	2185960	"/home/boggy/ref_rapl/energy_exp_server/NPB3.4.3/NPB3.4-MPI/bin/mg.C.x"
0.9366874 W	2185962	"/home/boggy/ref_rapl/energy_exp_server/NPB3.4.3/NPB3.4-MPI/bin/mg.C.x"
0.9366874 W	2185961	"/home/boggy/ref_rapl/energy_exp_server/NPB3.4.3/NPB3.4-MPI/bin/mg.C.x"
0.9366874 W	2185959	"/home/boggy/ref_rapl/energy_exp_server/NPB3.4.3/NPB3.4-MPI/bin/mg.C.x"
0.62445825 W	2185940	"/home/boggy/ref_rapl/scaphandre/target/release/scaphandre"
------------------------------------------------------------

Host:	56.989796 W from 
	package 	core		dram		uncore
Socket0	51.981346 W |	46.173336 W	4.693891 W	0 W	

Top 5 consumers:
Power		PID	Exe
0.96592873 W	2185940	"/home/boggy/ref_rapl/scaphandre/target/release/scaphandre"
0.96592873 W	2185960	"/home/boggy/ref_rapl/energy_exp_server/NPB3.4.3/NPB3.4-MPI/bin/mg.C.x"
0.96592873 W	2185962	"/home/boggy/ref_rapl/energy_exp_server/NPB3.4.3/NPB3.4-MPI/bin/mg.C.x"
0.96592873 W	2185961	"/home/boggy/ref_rapl/energy_exp_server/NPB3.4.3/NPB3.4-MPI/bin/mg.C.x"
0.96592873 W	2185959	"/home/boggy/ref_rapl/energy_exp_server/NPB3.4.3/NPB3.4-MPI/bin/mg.C.x"
------------------------------------------------------------

Host:	53.120091 W from 
	package 	core		dram		uncore
Socket0	50.747303 W |	46.016254 W	4.562293 W	0 W	

Top 5 consumers:
Power		PID	Exe
0.90034056 W	2185960	"/home/boggy/ref_rapl/energy_exp_server/NPB3.4.3/NPB3.4-MPI/bin/mg.C.x"
0.90034056 W	2185962	"/home/boggy/ref_rapl/energy_exp_server/NPB3.4.3/NPB3.4-MPI/bin/mg.C.x"
0.90034056 W	2185961	"/home/boggy/ref_rapl/energy_exp_server/NPB3.4.3/NPB3.4-MPI/bin/mg.C.x"
0.90034056 W	2185959	"/home/boggy/ref_rapl/energy_exp_server/NPB3.4.3/NPB3.4-MPI/bin/mg.C.x"
0.600227 W	2185940	"/home/boggy/ref_rapl/scaphandre/target/release/scaphandre"
------------------------------------------------------------

Host:	54.07104 W from 
	package 	core		dram		uncore
Socket0	48.562786 W |	43.48369 W	4.435736 W	0 W	

Top 5 consumers:
Power		PID	Exe
0.9164583 W	2185940	"/home/boggy/ref_rapl/scaphandre/target/release/scaphandre"
0.9164583 W	2185960	"/home/boggy/ref_rapl/energy_exp_server/NPB3.4.3/NPB3.4-MPI/bin/mg.C.x"
0.9164583 W	2185962	"/home/boggy/ref_rapl/energy_exp_server/NPB3.4.3/NPB3.4-MPI/bin/mg.C.x"
0.9164583 W	2185961	"/home/boggy/ref_rapl/energy_exp_server/NPB3.4.3/NPB3.4-MPI/bin/mg.C.x"
0.9164583 W	2185959	"/home/boggy/ref_rapl/energy_exp_server/NPB3.4.3/NPB3.4-MPI/bin/mg.C.x"
------------------------------------------------------------

Host:	53.356723 W from 
	package 	core		dram		uncore
Socket0	49.027794 W |	44.3398 W	4.219706 W	0 W	

Top 5 consumers:
Power		PID	Exe
1.2058016 W	2185962	"/home/boggy/ref_rapl/energy_exp_server/NPB3.4.3/NPB3.4-MPI/bin/mg.C.x"
0.90435123 W	2185960	"/home/boggy/ref_rapl/energy_exp_server/NPB3.4.3/NPB3.4-MPI/bin/mg.C.x"
0.90435123 W	2185961	"/home/boggy/ref_rapl/energy_exp_server/NPB3.4.3/NPB3.4-MPI/bin/mg.C.x"
0.90435123 W	2185959	"/home/boggy/ref_rapl/energy_exp_server/NPB3.4.3/NPB3.4-MPI/bin/mg.C.x"
0.6029008 W	2185940	"/home/boggy/ref_rapl/scaphandre/target/release/scaphandre"
------------------------------------------------------------

Host:	53.325777 W from 
	package 	core		dram		uncore
Socket0	49.07524 W |	43.890022 W	4.792797 W	0 W	

Top 5 consumers:
Power		PID	Exe
0.9038268 W	2185940	"/home/boggy/ref_rapl/scaphandre/target/release/scaphandre"
0.9038268 W	2185960	"/home/boggy/ref_rapl/energy_exp_server/NPB3.4.3/NPB3.4-MPI/bin/mg.C.x"
0.9038268 W	2185962	"/home/boggy/ref_rapl/energy_exp_server/NPB3.4.3/NPB3.4-MPI/bin/mg.C.x"
0.9038268 W	2185961	"/home/boggy/ref_rapl/energy_exp_server/NPB3.4.3/NPB3.4-MPI/bin/mg.C.x"
0.9038268 W	2185959	"/home/boggy/ref_rapl/energy_exp_server/NPB3.4.3/NPB3.4-MPI/bin/mg.C.x"
------------------------------------------------------------

Host:	53.449276 W from 
	package 	core		dram		uncore
Socket0	48.483128 W |	43.82766 W	4.870522 W	0 W	

Top 5 consumers:
Power		PID	Exe
1.2216976 W	2185961	"/home/boggy/ref_rapl/energy_exp_server/NPB3.4.3/NPB3.4-MPI/bin/mg.C.x"
0.91627324 W	2185940	"/home/boggy/ref_rapl/scaphandre/target/release/scaphandre"
0.91627324 W	2185960	"/home/boggy/ref_rapl/energy_exp_server/NPB3.4.3/NPB3.4-MPI/bin/mg.C.x"
0.91627324 W	2185962	"/home/boggy/ref_rapl/energy_exp_server/NPB3.4.3/NPB3.4-MPI/bin/mg.C.x"
0.91627324 W	2185959	"/home/boggy/ref_rapl/energy_exp_server/NPB3.4.3/NPB3.4-MPI/bin/mg.C.x"
------------------------------------------------------------

Host:	53.985232 W from 
	package 	core		dram		uncore
Socket0	48.728027 W |	43.718803 W	4.769136 W	0 W	

Top 5 consumers:
Power		PID	Exe
1.2339481 W	2185959	"/home/boggy/ref_rapl/energy_exp_server/NPB3.4.3/NPB3.4-MPI/bin/mg.C.x"
0.92546105 W	2185940	"/home/boggy/ref_rapl/scaphandre/target/release/scaphandre"
0.92546105 W	2185960	"/home/boggy/ref_rapl/energy_exp_server/NPB3.4.3/NPB3.4-MPI/bin/mg.C.x"
0.92546105 W	2185962	"/home/boggy/ref_rapl/energy_exp_server/NPB3.4.3/NPB3.4-MPI/bin/mg.C.x"
0.92546105 W	2185961	"/home/boggy/ref_rapl/energy_exp_server/NPB3.4.3/NPB3.4-MPI/bin/mg.C.x"
------------------------------------------------------------

Host:	54.006395 W from 
	package 	core		dram		uncore
Socket0	49.438816 W |	43.780407 W	4.687049 W	0 W	

Top 5 consumers:
Power		PID	Exe
1.2344317 W	2185960	"/home/boggy/ref_rapl/energy_exp_server/NPB3.4.3/NPB3.4-MPI/bin/mg.C.x"
0.92582387 W	2185962	"/home/boggy/ref_rapl/energy_exp_server/NPB3.4.3/NPB3.4-MPI/bin/mg.C.x"
0.92582387 W	2185961	"/home/boggy/ref_rapl/energy_exp_server/NPB3.4.3/NPB3.4-MPI/bin/mg.C.x"
0.92582387 W	2185959	"/home/boggy/ref_rapl/energy_exp_server/NPB3.4.3/NPB3.4-MPI/bin/mg.C.x"
0.6172159 W	2185940	"/home/boggy/ref_rapl/scaphandre/target/release/scaphandre"
------------------------------------------------------------

Host:	52.887815 W from 
	package 	core		dram		uncore
Socket0	48.842834 W |	43.69203 W	4.784062 W	0 W	

Top 5 consumers:
Power		PID	Exe
1.2088642 W	2185962	"/home/boggy/ref_rapl/energy_exp_server/NPB3.4.3/NPB3.4-MPI/bin/mg.C.x"
0.90664816 W	2185940	"/home/boggy/ref_rapl/scaphandre/target/release/scaphandre"
0.90664816 W	2185960	"/home/boggy/ref_rapl/energy_exp_server/NPB3.4.3/NPB3.4-MPI/bin/mg.C.x"
0.90664816 W	2185961	"/home/boggy/ref_rapl/energy_exp_server/NPB3.4.3/NPB3.4-MPI/bin/mg.C.x"
0.90664816 W	2185959	"/home/boggy/ref_rapl/energy_exp_server/NPB3.4.3/NPB3.4-MPI/bin/mg.C.x"
------------------------------------------------------------

Host:	52.027783 W from 
	package 	core		dram		uncore
Socket0	48.242237 W |	43.59288 W	4.853058 W	0 W	

Top 5 consumers:
Power		PID	Exe
0.89190483 W	2185960	"/home/boggy/ref_rapl/energy_exp_server/NPB3.4.3/NPB3.4-MPI/bin/mg.C.x"
0.89190483 W	2185962	"/home/boggy/ref_rapl/energy_exp_server/NPB3.4.3/NPB3.4-MPI/bin/mg.C.x"
0.89190483 W	2185961	"/home/boggy/ref_rapl/energy_exp_server/NPB3.4.3/NPB3.4-MPI/bin/mg.C.x"
0.89190483 W	2185959	"/home/boggy/ref_rapl/energy_exp_server/NPB3.4.3/NPB3.4-MPI/bin/mg.C.x"
0.5946032 W	2185940	"/home/boggy/ref_rapl/scaphandre/target/release/scaphandre"
------------------------------------------------------------

Host:	52.351758 W from 
	package 	core		dram		uncore
Socket0	47.72818 W |	42.681107 W	3.668707 W	0 W	

Top 5 consumers:
Power		PID	Exe
1.1966115 W	2185961	"/home/boggy/ref_rapl/energy_exp_server/NPB3.4.3/NPB3.4-MPI/bin/mg.C.x"
0.8974586 W	2185940	"/home/boggy/ref_rapl/scaphandre/target/release/scaphandre"
0.8974586 W	2185960	"/home/boggy/ref_rapl/energy_exp_server/NPB3.4.3/NPB3.4-MPI/bin/mg.C.x"
0.8974586 W	2185962	"/home/boggy/ref_rapl/energy_exp_server/NPB3.4.3/NPB3.4-MPI/bin/mg.C.x"
0.8974586 W	2185959	"/home/boggy/ref_rapl/energy_exp_server/NPB3.4.3/NPB3.4-MPI/bin/mg.C.x"
------------------------------------------------------------

Host:	50.795061 W from 
	package 	core		dram		uncore
Socket0	47.143215 W |	42.296715 W	4.655429 W	0 W	

Top 5 consumers:
Power		PID	Exe
0.8707724 W	2185940	"/home/boggy/ref_rapl/scaphandre/target/release/scaphandre"
0.8707724 W	2185960	"/home/boggy/ref_rapl/energy_exp_server/NPB3.4.3/NPB3.4-MPI/bin/mg.C.x"
0.8707724 W	2185962	"/home/boggy/ref_rapl/energy_exp_server/NPB3.4.3/NPB3.4-MPI/bin/mg.C.x"
0.8707724 W	2185961	"/home/boggy/ref_rapl/energy_exp_server/NPB3.4.3/NPB3.4-MPI/bin/mg.C.x"
0.8707724 W	2185959	"/home/boggy/ref_rapl/energy_exp_server/NPB3.4.3/NPB3.4-MPI/bin/mg.C.x"
------------------------------------------------------------

Host:	52.95921 W from 
	package 	core		dram		uncore
Socket0	47.87496 W |	42.51969 W	4.559048 W	0 W	

Top 5 consumers:
Power		PID	Exe
0.8925709 W	2185960	"/home/boggy/ref_rapl/energy_exp_server/NPB3.4.3/NPB3.4-MPI/bin/mg.C.x"
0.8925709 W	2185962	"/home/boggy/ref_rapl/energy_exp_server/NPB3.4.3/NPB3.4-MPI/bin/mg.C.x"
0.8925709 W	2185961	"/home/boggy/ref_rapl/energy_exp_server/NPB3.4.3/NPB3.4-MPI/bin/mg.C.x"
0.8925709 W	2185959	"/home/boggy/ref_rapl/energy_exp_server/NPB3.4.3/NPB3.4-MPI/bin/mg.C.x"
0.5950473 W	2185940	"/home/boggy/ref_rapl/scaphandre/target/release/scaphandre"
------------------------------------------------------------

Host:	46.114061 W from 
	package 	core		dram		uncore
Socket0	45.026512 W |	39.716946 W	4.555898 W	0 W	

Top 5 consumers:
Power		PID	Exe
1.2953389 W	2185960	"/home/boggy/ref_rapl/energy_exp_server/NPB3.4.3/NPB3.4-MPI/bin/mg.C.x"
1.2953389 W	2185962	"/home/boggy/ref_rapl/energy_exp_server/NPB3.4.3/NPB3.4-MPI/bin/mg.C.x"
1.2953389 W	2185961	"/home/boggy/ref_rapl/energy_exp_server/NPB3.4.3/NPB3.4-MPI/bin/mg.C.x"
1.2953389 W	2185959	"/home/boggy/ref_rapl/energy_exp_server/NPB3.4.3/NPB3.4-MPI/bin/mg.C.x"
1.036271 W	2185940	"/home/boggy/ref_rapl/scaphandre/target/release/scaphandre"
------------------------------------------------------------

Host:	46.125992 W from 
	package 	core		dram		uncore
Socket0	41.44526 W |	36.451824 W	4.563461 W	0 W	

Top 5 consumers:
Power		PID	Exe
1.5548086 W	2185940	"/home/boggy/ref_rapl/scaphandre/target/release/scaphandre"
1.295674 W	2185960	"/home/boggy/ref_rapl/energy_exp_server/NPB3.4.3/NPB3.4-MPI/bin/mg.C.x"
1.295674 W	2185962	"/home/boggy/ref_rapl/energy_exp_server/NPB3.4.3/NPB3.4-MPI/bin/mg.C.x"
1.295674 W	2185961	"/home/boggy/ref_rapl/energy_exp_server/NPB3.4.3/NPB3.4-MPI/bin/mg.C.x"
1.295674 W	2185959	"/home/boggy/ref_rapl/energy_exp_server/NPB3.4.3/NPB3.4-MPI/bin/mg.C.x"
------------------------------------------------------------

Host:	49.279972 W from 
	package 	core		dram		uncore
Socket0	42.35209 W |	37.77529 W	4.571838 W	0 W	

Top 5 consumers:
Power		PID	Exe
1.3842689 W	2185940	"/home/boggy/ref_rapl/scaphandre/target/release/scaphandre"
1.3842689 W	2185960	"/home/boggy/ref_rapl/energy_exp_server/NPB3.4.3/NPB3.4-MPI/bin/mg.C.x"
1.3842689 W	2185962	"/home/boggy/ref_rapl/energy_exp_server/NPB3.4.3/NPB3.4-MPI/bin/mg.C.x"
1.3842689 W	2185961	"/home/boggy/ref_rapl/energy_exp_server/NPB3.4.3/NPB3.4-MPI/bin/mg.C.x"
1.3842689 W	2185959	"/home/boggy/ref_rapl/energy_exp_server/NPB3.4.3/NPB3.4-MPI/bin/mg.C.x"
------------------------------------------------------------

Host:	54.971003 W from 
	package 	core		dram		uncore
Socket0	45.824566 W |	40.802208 W	4.572903 W	0 W	

Top 5 consumers:
Power		PID	Exe
0.92647755 W	2185960	"/home/boggy/ref_rapl/energy_exp_server/NPB3.4.3/NPB3.4-MPI/bin/mg.C.x"
0.92647755 W	2185962	"/home/boggy/ref_rapl/energy_exp_server/NPB3.4.3/NPB3.4-MPI/bin/mg.C.x"
0.92647755 W	2185961	"/home/boggy/ref_rapl/energy_exp_server/NPB3.4.3/NPB3.4-MPI/bin/mg.C.x"
0.92647755 W	2185959	"/home/boggy/ref_rapl/energy_exp_server/NPB3.4.3/NPB3.4-MPI/bin/mg.C.x"
0.6176517 W	2185940	"/home/boggy/ref_rapl/scaphandre/target/release/scaphandre"
------------------------------------------------------------

Host:	56.127339 W from 
	package 	core		dram		uncore
Socket0	53.466736 W |	47.517776 W	4.274592 W	0 W	

Top 5 consumers:
Power		PID	Exe
1.0393951 W	2185940	"/home/boggy/ref_rapl/scaphandre/target/release/scaphandre"
1.0393951 W	2185960	"/home/boggy/ref_rapl/energy_exp_server/NPB3.4.3/NPB3.4-MPI/bin/mg.C.x"
1.0393951 W	2185962	"/home/boggy/ref_rapl/energy_exp_server/NPB3.4.3/NPB3.4-MPI/bin/mg.C.x"
1.0393951 W	2185961	"/home/boggy/ref_rapl/energy_exp_server/NPB3.4.3/NPB3.4-MPI/bin/mg.C.x"
1.0393951 W	2185959	"/home/boggy/ref_rapl/energy_exp_server/NPB3.4.3/NPB3.4-MPI/bin/mg.C.x"
------------------------------------------------------------

Host:	51.334653 W from 
	package 	core		dram		uncore
Socket0	47.65528 W |	43.119347 W	4.474038 W	0 W	

Top 5 consumers:
Power		PID	Exe
0.9506417 W	2185960	"/home/boggy/ref_rapl/energy_exp_server/NPB3.4.3/NPB3.4-MPI/bin/mg.C.x"
0.9506417 W	2185962	"/home/boggy/ref_rapl/energy_exp_server/NPB3.4.3/NPB3.4-MPI/bin/mg.C.x"
0.9506417 W	2185961	"/home/boggy/ref_rapl/energy_exp_server/NPB3.4.3/NPB3.4-MPI/bin/mg.C.x"
0.9506417 W	2185959	"/home/boggy/ref_rapl/energy_exp_server/NPB3.4.3/NPB3.4-MPI/bin/mg.C.x"
0.6337611 W	2185940	"/home/boggy/ref_rapl/scaphandre/target/release/scaphandre"
------------------------------------------------------------

Host:	51.629647 W from 
	package 	core		dram		uncore
Socket0	46.951138 W |	41.42706 W	4.595784 W	0 W	

Top 5 consumers:
Power		PID	Exe
0.9561046 W	2185940	"/home/boggy/ref_rapl/scaphandre/target/release/scaphandre"
0.9561046 W	2185960	"/home/boggy/ref_rapl/energy_exp_server/NPB3.4.3/NPB3.4-MPI/bin/mg.C.x"
0.9561046 W	2185962	"/home/boggy/ref_rapl/energy_exp_server/NPB3.4.3/NPB3.4-MPI/bin/mg.C.x"
0.9561046 W	2185961	"/home/boggy/ref_rapl/energy_exp_server/NPB3.4.3/NPB3.4-MPI/bin/mg.C.x"
0.9561046 W	2185959	"/home/boggy/ref_rapl/energy_exp_server/NPB3.4.3/NPB3.4-MPI/bin/mg.C.x"
------------------------------------------------------------

Host:	52.88216 W from 
	package 	core		dram		uncore
Socket0	46.724464 W |	41.52348 W	4.581949 W	0 W	

Top 5 consumers:
Power		PID	Exe
0.97929925 W	2185960	"/home/boggy/ref_rapl/energy_exp_server/NPB3.4.3/NPB3.4-MPI/bin/mg.C.x"
0.97929925 W	2185962	"/home/boggy/ref_rapl/energy_exp_server/NPB3.4.3/NPB3.4-MPI/bin/mg.C.x"
0.97929925 W	2185961	"/home/boggy/ref_rapl/energy_exp_server/NPB3.4.3/NPB3.4-MPI/bin/mg.C.x"
0.97929925 W	2185959	"/home/boggy/ref_rapl/energy_exp_server/NPB3.4.3/NPB3.4-MPI/bin/mg.C.x"
0.6528662 W	2185940	"/home/boggy/ref_rapl/scaphandre/target/release/scaphandre"
------------------------------------------------------------

Host:	54.005836 W from 
	package 	core		dram		uncore
Socket0	49.142242 W |	43.561424 W	4.677148 W	0 W	

Top 5 consumers:
Power		PID	Exe
1.3334774 W	2185960	"/home/boggy/ref_rapl/energy_exp_server/NPB3.4.3/NPB3.4-MPI/bin/mg.C.x"
1.3334774 W	2185961	"/home/boggy/ref_rapl/energy_exp_server/NPB3.4.3/NPB3.4-MPI/bin/mg.C.x"
1.000108 W	2185962	"/home/boggy/ref_rapl/energy_exp_server/NPB3.4.3/NPB3.4-MPI/bin/mg.C.x"
0.6667387 W	2185940	"/home/boggy/ref_rapl/scaphandre/target/release/scaphandre"
0.33336934 W	976	""
------------------------------------------------------------

Host:	53.85542 W from 
	package 	core		dram		uncore
Socket0	49.859303 W |	44.840927 W	4.773367 W	0 W	

Top 5 consumers:
Power		PID	Exe
1.3297634 W	2185940	"/home/boggy/ref_rapl/scaphandre/target/release/scaphandre"
1.3297634 W	2185962	"/home/boggy/ref_rapl/energy_exp_server/NPB3.4.3/NPB3.4-MPI/bin/mg.C.x"
0.99732256 W	2185960	"/home/boggy/ref_rapl/energy_exp_server/NPB3.4.3/NPB3.4-MPI/bin/mg.C.x"
0.99732256 W	2185961	"/home/boggy/ref_rapl/energy_exp_server/NPB3.4.3/NPB3.4-MPI/bin/mg.C.x"
0.99732256 W	2185959	"/home/boggy/ref_rapl/energy_exp_server/NPB3.4.3/NPB3.4-MPI/bin/mg.C.x"
------------------------------------------------------------

Host:	53.108956 W from 
	package 	core		dram		uncore
Socket0	48.625717 W |	43.557823 W	4.916916 W	0 W	

Top 5 consumers:
Power		PID	Exe
0.98349917 W	2185960	"/home/boggy/ref_rapl/energy_exp_server/NPB3.4.3/NPB3.4-MPI/bin/mg.C.x"
0.98349917 W	2185962	"/home/boggy/ref_rapl/energy_exp_server/NPB3.4.3/NPB3.4-MPI/bin/mg.C.x"
0.98349917 W	2185961	"/home/boggy/ref_rapl/energy_exp_server/NPB3.4.3/NPB3.4-MPI/bin/mg.C.x"
0.98349917 W	2185959	"/home/boggy/ref_rapl/energy_exp_server/NPB3.4.3/NPB3.4-MPI/bin/mg.C.x"
0.6556661 W	2185940	"/home/boggy/ref_rapl/scaphandre/target/release/scaphandre"
------------------------------------------------------------

Host:	54.11526 W from 
	package 	core		dram		uncore
Socket0	48.41866 W |	43.60153 W	4.739867 W	0 W	

Top 5 consumers:
Power		PID	Exe
1.1828471 W	2185961	"/home/boggy/ref_rapl/energy_exp_server/NPB3.4.3/NPB3.4-MPI/bin/mg.C.x"
1.1828471 W	2185959	"/home/boggy/ref_rapl/energy_exp_server/NPB3.4.3/NPB3.4-MPI/bin/mg.C.x"
0.8871354 W	2185960	"/home/boggy/ref_rapl/energy_exp_server/NPB3.4.3/NPB3.4-MPI/bin/mg.C.x"
0.8871354 W	2185962	"/home/boggy/ref_rapl/energy_exp_server/NPB3.4.3/NPB3.4-MPI/bin/mg.C.x"
0.5914236 W	2185940	"/home/boggy/ref_rapl/scaphandre/target/release/scaphandre"
------------------------------------------------------------

Host:	52.160547 W from 
	package 	core		dram		uncore
Socket0	49.33917 W |	43.606426 W	4.701832 W	0 W	

Top 5 consumers:
Power		PID	Exe
1.1401211 W	2185960	"/home/boggy/ref_rapl/energy_exp_server/NPB3.4.3/NPB3.4-MPI/bin/mg.C.x"
1.1401211 W	2185962	"/home/boggy/ref_rapl/energy_exp_server/NPB3.4.3/NPB3.4-MPI/bin/mg.C.x"
0.8550909 W	2185940	"/home/boggy/ref_rapl/scaphandre/target/release/scaphandre"
0.8550909 W	2185961	"/home/boggy/ref_rapl/energy_exp_server/NPB3.4.3/NPB3.4-MPI/bin/mg.C.x"
0.8550909 W	2185959	"/home/boggy/ref_rapl/energy_exp_server/NPB3.4.3/NPB3.4-MPI/bin/mg.C.x"
------------------------------------------------------------

Host:	52.524598 W from 
	package 	core		dram		uncore
Socket0	48.810448 W |	43.512554 W	4.795834 W	0 W	

Top 5 consumers:
Power		PID	Exe
0.86105895 W	2185940	"/home/boggy/ref_rapl/scaphandre/target/release/scaphandre"
0.86105895 W	2185960	"/home/boggy/ref_rapl/energy_exp_server/NPB3.4.3/NPB3.4-MPI/bin/mg.C.x"
0.86105895 W	2185962	"/home/boggy/ref_rapl/energy_exp_server/NPB3.4.3/NPB3.4-MPI/bin/mg.C.x"
0.86105895 W	2185961	"/home/boggy/ref_rapl/energy_exp_server/NPB3.4.3/NPB3.4-MPI/bin/mg.C.x"
0.86105895 W	2185959	"/home/boggy/ref_rapl/energy_exp_server/NPB3.4.3/NPB3.4-MPI/bin/mg.C.x"
------------------------------------------------------------

Host:	54.07393 W from 
	package 	core		dram		uncore
Socket0	47.979893 W |	42.643295 W	4.61147 W	0 W	

Top 5 consumers:
Power		PID	Exe
0.8864578 W	2185960	"/home/boggy/ref_rapl/energy_exp_server/NPB3.4.3/NPB3.4-MPI/bin/mg.C.x"
0.8864578 W	2185962	"/home/boggy/ref_rapl/energy_exp_server/NPB3.4.3/NPB3.4-MPI/bin/mg.C.x"
0.8864578 W	2185961	"/home/boggy/ref_rapl/energy_exp_server/NPB3.4.3/NPB3.4-MPI/bin/mg.C.x"
0.5909719 W	2185940	"/home/boggy/ref_rapl/scaphandre/target/release/scaphandre"
0.29548594 W	1127	""
------------------------------------------------------------

Host:	57.961831 W from 
	package 	core		dram		uncore
Socket0	49.65924 W |	45.95123 W	4.121132 W	0 W	

Top 5 consumers:
Power		PID	Exe
0.95019394 W	2185940	"/home/boggy/ref_rapl/scaphandre/target/release/scaphandre"
0.95019394 W	2185960	"/home/boggy/ref_rapl/energy_exp_server/NPB3.4.3/NPB3.4-MPI/bin/mg.C.x"
0.95019394 W	2185962	"/home/boggy/ref_rapl/energy_exp_server/NPB3.4.3/NPB3.4-MPI/bin/mg.C.x"
0.95019394 W	2185961	"/home/boggy/ref_rapl/energy_exp_server/NPB3.4.3/NPB3.4-MPI/bin/mg.C.x"
0.95019394 W	2185959	"/home/boggy/ref_rapl/energy_exp_server/NPB3.4.3/NPB3.4-MPI/bin/mg.C.x"
------------------------------------------------------------

Host:	53.564613 W from 
	package 	core		dram		uncore
Socket0	52.462124 W |	46.801083 W	4.486294 W	0 W	

Top 5 consumers:
Power		PID	Exe
1.7562168 W	2185959	"/home/boggy/ref_rapl/energy_exp_server/NPB3.4.3/NPB3.4-MPI/bin/mg.C.x"
1.463514 W	2185960	"/home/boggy/ref_rapl/energy_exp_server/NPB3.4.3/NPB3.4-MPI/bin/mg.C.x"
1.463514 W	2185962	"/home/boggy/ref_rapl/energy_exp_server/NPB3.4.3/NPB3.4-MPI/bin/mg.C.x"
1.463514 W	2185961	"/home/boggy/ref_rapl/energy_exp_server/NPB3.4.3/NPB3.4-MPI/bin/mg.C.x"
0.5854056 W	2185940	"/home/boggy/ref_rapl/scaphandre/target/release/scaphandre"
------------------------------------------------------------

Host:	54.550454 W from 
	package 	core		dram		uncore
Socket0	49.982548 W |	44.51156 W	4.66628 W	0 W	

Top 5 consumers:
Power		PID	Exe
1.7226459 W	2185960	"/home/boggy/ref_rapl/energy_exp_server/NPB3.4.3/NPB3.4-MPI/bin/mg.C.x"
1.7226459 W	2185962	"/home/boggy/ref_rapl/energy_exp_server/NPB3.4.3/NPB3.4-MPI/bin/mg.C.x"
1.7226459 W	2185961	"/home/boggy/ref_rapl/energy_exp_server/NPB3.4.3/NPB3.4-MPI/bin/mg.C.x"
1.4355383 W	2185959	"/home/boggy/ref_rapl/energy_exp_server/NPB3.4.3/NPB3.4-MPI/bin/mg.C.x"
0.5742153 W	2185940	"/home/boggy/ref_rapl/scaphandre/target/release/scaphandre"
------------------------------------------------------------

Host:	52.45421 W from 
	package 	core		dram		uncore
Socket0	49.043156 W |	44.500786 W	4.650828 W	0 W	

Top 5 consumers:
Power		PID	Exe
1.6564486 W	2185960	"/home/boggy/ref_rapl/energy_exp_server/NPB3.4.3/NPB3.4-MPI/bin/mg.C.x"
1.6564486 W	2185961	"/home/boggy/ref_rapl/energy_exp_server/NPB3.4.3/NPB3.4-MPI/bin/mg.C.x"
1.6564486 W	2185959	"/home/boggy/ref_rapl/energy_exp_server/NPB3.4.3/NPB3.4-MPI/bin/mg.C.x"
1.3803738 W	2185962	"/home/boggy/ref_rapl/energy_exp_server/NPB3.4.3/NPB3.4-MPI/bin/mg.C.x"
0.55214965 W	2185940	"/home/boggy/ref_rapl/scaphandre/target/release/scaphandre"
------------------------------------------------------------

Host:	52.211 W from 
	package 	core		dram		uncore
Socket0	47.760124 W |	42.453255 W	4.131448 W	0 W	

Top 5 consumers:
Power		PID	Exe
1.923563 W	2185962	"/home/boggy/ref_rapl/energy_exp_server/NPB3.4.3/NPB3.4-MPI/bin/mg.C.x"
1.6487684 W	2185959	"/home/boggy/ref_rapl/energy_exp_server/NPB3.4.3/NPB3.4-MPI/bin/mg.C.x"
1.3739736 W	2185960	"/home/boggy/ref_rapl/energy_exp_server/NPB3.4.3/NPB3.4-MPI/bin/mg.C.x"
1.3739736 W	2185961	"/home/boggy/ref_rapl/energy_exp_server/NPB3.4.3/NPB3.4-MPI/bin/mg.C.x"
1.099179 W	2185940	"/home/boggy/ref_rapl/scaphandre/target/release/scaphandre"
------------------------------------------------------------

Host:	51.443312 W from 
	package 	core		dram		uncore
Socket0	47.45719 W |	42.150356 W	4.798552 W	0 W	

Top 5 consumers:
Power		PID	Exe
1.6245257 W	2185960	"/home/boggy/ref_rapl/energy_exp_server/NPB3.4.3/NPB3.4-MPI/bin/mg.C.x"
1.6245257 W	2185962	"/home/boggy/ref_rapl/energy_exp_server/NPB3.4.3/NPB3.4-MPI/bin/mg.C.x"
1.6245257 W	2185961	"/home/boggy/ref_rapl/energy_exp_server/NPB3.4.3/NPB3.4-MPI/bin/mg.C.x"
1.3537713 W	2185959	"/home/boggy/ref_rapl/energy_exp_server/NPB3.4.3/NPB3.4-MPI/bin/mg.C.x"
0.54150856 W	2185940	"/home/boggy/ref_rapl/scaphandre/target/release/scaphandre"
------------------------------------------------------------

Host:	52.268555 W from 
	package 	core		dram		uncore
Socket0	46.750175 W |	42.055943 W	4.807948 W	0 W	

Top 5 consumers:
Power		PID	Exe
1.7044094 W	2185960	"/home/boggy/ref_rapl/energy_exp_server/NPB3.4.3/NPB3.4-MPI/bin/mg.C.x"
1.7044094 W	2185962	"/home/boggy/ref_rapl/energy_exp_server/NPB3.4.3/NPB3.4-MPI/bin/mg.C.x"
1.7044094 W	2185961	"/home/boggy/ref_rapl/energy_exp_server/NPB3.4.3/NPB3.4-MPI/bin/mg.C.x"
1.7044094 W	2185959	"/home/boggy/ref_rapl/energy_exp_server/NPB3.4.3/NPB3.4-MPI/bin/mg.C.x"
0.56813645 W	2185940	"/home/boggy/ref_rapl/scaphandre/target/release/scaphandre"
------------------------------------------------------------

Host:	50.925537 W from 
	package 	core		dram		uncore
Socket0	47.505295 W |	42.18843 W	4.794976 W	0 W	

Top 5 consumers:
Power		PID	Exe
1.6606152 W	2185960	"/home/boggy/ref_rapl/energy_exp_server/NPB3.4.3/NPB3.4-MPI/bin/mg.C.x"
1.6606152 W	2185962	"/home/boggy/ref_rapl/energy_exp_server/NPB3.4.3/NPB3.4-MPI/bin/mg.C.x"
1.6606152 W	2185961	"/home/boggy/ref_rapl/energy_exp_server/NPB3.4.3/NPB3.4-MPI/bin/mg.C.x"
1.6606152 W	2185959	"/home/boggy/ref_rapl/energy_exp_server/NPB3.4.3/NPB3.4-MPI/bin/mg.C.x"
0.8303076 W	2185940	"/home/boggy/ref_rapl/scaphandre/target/release/scaphandre"
------------------------------------------------------------

Host:	49.947829 W from 
	package 	core		dram		uncore
Socket0	45.80384 W |	40.9591 W	4.493476 W	0 W	

Top 5 consumers:
Power		PID	Exe
1.6287335 W	2185960	"/home/boggy/ref_rapl/energy_exp_server/NPB3.4.3/NPB3.4-MPI/bin/mg.C.x"
1.6287335 W	2185961	"/home/boggy/ref_rapl/energy_exp_server/NPB3.4.3/NPB3.4-MPI/bin/mg.C.x"
1.6287335 W	2185959	"/home/boggy/ref_rapl/energy_exp_server/NPB3.4.3/NPB3.4-MPI/bin/mg.C.x"
1.3572779 W	2185962	"/home/boggy/ref_rapl/energy_exp_server/NPB3.4.3/NPB3.4-MPI/bin/mg.C.x"
0.81436676 W	2185940	"/home/boggy/ref_rapl/scaphandre/target/release/scaphandre"
------------------------------------------------------------

Host:	47.422803 W from 
	package 	core		dram		uncore
Socket0	46.230495 W |	40.654034 W	4.637462 W	0 W	

Top 5 consumers:
Power		PID	Exe
1.8041284 W	2185962	"/home/boggy/ref_rapl/energy_exp_server/NPB3.4.3/NPB3.4-MPI/bin/mg.C.x"
1.5463958 W	2185960	"/home/boggy/ref_rapl/energy_exp_server/NPB3.4.3/NPB3.4-MPI/bin/mg.C.x"
1.5463958 W	2185961	"/home/boggy/ref_rapl/energy_exp_server/NPB3.4.3/NPB3.4-MPI/bin/mg.C.x"
1.5463958 W	2185959	"/home/boggy/ref_rapl/energy_exp_server/NPB3.4.3/NPB3.4-MPI/bin/mg.C.x"
0.7731979 W	2185940	"/home/boggy/ref_rapl/scaphandre/target/release/scaphandre"
------------------------------------------------------------

Host:	45.825916 W from 
	package 	core		dram		uncore
Socket0	41.924488 W |	36.749805 W	4.550262 W	0 W	

Top 5 consumers:
Power		PID	Exe
1.7625352 W	2185960	"/home/boggy/ref_rapl/energy_exp_server/NPB3.4.3/NPB3.4-MPI/bin/mg.C.x"
1.7625352 W	2185962	"/home/boggy/ref_rapl/energy_exp_server/NPB3.4.3/NPB3.4-MPI/bin/mg.C.x"
1.7625352 W	2185961	"/home/boggy/ref_rapl/energy_exp_server/NPB3.4.3/NPB3.4-MPI/bin/mg.C.x"
1.7625352 W	2185959	"/home/boggy/ref_rapl/energy_exp_server/NPB3.4.3/NPB3.4-MPI/bin/mg.C.x"
1.1015847 W	2185940	"/home/boggy/ref_rapl/scaphandre/target/release/scaphandre"
------------------------------------------------------------

Host:	50.985857 W from 
	package 	core		dram		uncore
Socket0	42.65748 W |	37.767464 W	4.49625 W	0 W	

Top 5 consumers:
Power		PID	Exe
1.4707459 W	2185960	"/home/boggy/ref_rapl/energy_exp_server/NPB3.4.3/NPB3.4-MPI/bin/mg.C.x"
1.4707459 W	2185962	"/home/boggy/ref_rapl/energy_exp_server/NPB3.4.3/NPB3.4-MPI/bin/mg.C.x"
1.4707459 W	2185961	"/home/boggy/ref_rapl/energy_exp_server/NPB3.4.3/NPB3.4-MPI/bin/mg.C.x"
1.4707459 W	2185959	"/home/boggy/ref_rapl/energy_exp_server/NPB3.4.3/NPB3.4-MPI/bin/mg.C.x"
1.2256216 W	2185940	"/home/boggy/ref_rapl/scaphandre/target/release/scaphandre"
------------------------------------------------------------

Host:	57.996641 W from 
	package 	core		dram		uncore
Socket0	52.25875 W |	47.62363 W	4.608415 W	0 W	

Top 5 consumers:
Power		PID	Exe
0.55766 W	2185940	"/home/boggy/ref_rapl/scaphandre/target/release/scaphandre"
0.55766 W	2185960	"/home/boggy/ref_rapl/energy_exp_server/NPB3.4.3/NPB3.4-MPI/bin/mg.C.x"
0.55766 W	2185962	"/home/boggy/ref_rapl/energy_exp_server/NPB3.4.3/NPB3.4-MPI/bin/mg.C.x"
0.55766 W	2185961	"/home/boggy/ref_rapl/energy_exp_server/NPB3.4.3/NPB3.4-MPI/bin/mg.C.x"
0.55766 W	2185959	"/home/boggy/ref_rapl/energy_exp_server/NPB3.4.3/NPB3.4-MPI/bin/mg.C.x"
------------------------------------------------------------

Host:	53.656534 W from 
	package 	core		dram		uncore
Socket0	49.272976 W |	43.807648 W	4.056528 W	0 W	

Top 5 consumers:
Power		PID	Exe
0.7738923 W	2185960	"/home/boggy/ref_rapl/energy_exp_server/NPB3.4.3/NPB3.4-MPI/bin/mg.C.x"
0.7738923 W	2185961	"/home/boggy/ref_rapl/energy_exp_server/NPB3.4.3/NPB3.4-MPI/bin/mg.C.x"
0.7738923 W	2185959	"/home/boggy/ref_rapl/energy_exp_server/NPB3.4.3/NPB3.4-MPI/bin/mg.C.x"
0.5159282 W	2185940	"/home/boggy/ref_rapl/scaphandre/target/release/scaphandre"
0.5159282 W	2185962	"/home/boggy/ref_rapl/energy_exp_server/NPB3.4.3/NPB3.4-MPI/bin/mg.C.x"
------------------------------------------------------------

Host:	50.554878 W from 
	package 	core		dram		uncore
Socket0	48.449055 W |	42.751114 W	4.637205 W	0 W	

Top 5 consumers:
Power		PID	Exe
0.72915685 W	2185940	"/home/boggy/ref_rapl/scaphandre/target/release/scaphandre"
0.72915685 W	2185962	"/home/boggy/ref_rapl/energy_exp_server/NPB3.4.3/NPB3.4-MPI/bin/mg.C.x"
0.48610464 W	2185960	"/home/boggy/ref_rapl/energy_exp_server/NPB3.4.3/NPB3.4-MPI/bin/mg.C.x"
0.48610464 W	2185961	"/home/boggy/ref_rapl/energy_exp_server/NPB3.4.3/NPB3.4-MPI/bin/mg.C.x"
0.48610464 W	2185959	"/home/boggy/ref_rapl/energy_exp_server/NPB3.4.3/NPB3.4-MPI/bin/mg.C.x"
------------------------------------------------------------

Host:	52.682454 W from 
	package 	core		dram		uncore
Socket0	48.149235 W |	42.713455 W	4.614191 W	0 W	

Top 5 consumers:
Power		PID	Exe
0.50656205 W	2185940	"/home/boggy/ref_rapl/scaphandre/target/release/scaphandre"
0.50656205 W	2185960	"/home/boggy/ref_rapl/energy_exp_server/NPB3.4.3/NPB3.4-MPI/bin/mg.C.x"
0.50656205 W	2185962	"/home/boggy/ref_rapl/energy_exp_server/NPB3.4.3/NPB3.4-MPI/bin/mg.C.x"
0.50656205 W	2185961	"/home/boggy/ref_rapl/energy_exp_server/NPB3.4.3/NPB3.4-MPI/bin/mg.C.x"
0.50656205 W	2185959	"/home/boggy/ref_rapl/energy_exp_server/NPB3.4.3/NPB3.4-MPI/bin/mg.C.x"
------------------------------------------------------------

Host:	53.124052 W from 
	package 	core		dram		uncore
Socket0	48.360046 W |	42.907906 W	4.399492 W	0 W	

Top 5 consumers:
Power		PID	Exe
1.0216165 W	2185959	"/home/boggy/ref_rapl/energy_exp_server/NPB3.4.3/NPB3.4-MPI/bin/mg.C.x"
0.7662123 W	2185940	"/home/boggy/ref_rapl/scaphandre/target/release/scaphandre"
0.7662123 W	2185960	"/home/boggy/ref_rapl/energy_exp_server/NPB3.4.3/NPB3.4-MPI/bin/mg.C.x"
0.7662123 W	2185962	"/home/boggy/ref_rapl/energy_exp_server/NPB3.4.3/NPB3.4-MPI/bin/mg.C.x"
0.7662123 W	2185961	"/home/boggy/ref_rapl/energy_exp_server/NPB3.4.3/NPB3.4-MPI/bin/mg.C.x"
------------------------------------------------------------

Host:	53.340026 W from 
	package 	core		dram		uncore
Socket0	48.94612 W |	43.152206 W	4.820272 W	0 W	

Top 5 consumers:
Power		PID	Exe
1.2332952 W	2185960	"/home/boggy/ref_rapl/energy_exp_server/NPB3.4.3/NPB3.4-MPI/bin/mg.C.x"
1.2332952 W	2185961	"/home/boggy/ref_rapl/energy_exp_server/NPB3.4.3/NPB3.4-MPI/bin/mg.C.x"
0.9249716 W	2185962	"/home/boggy/ref_rapl/energy_exp_server/NPB3.4.3/NPB3.4-MPI/bin/mg.C.x"
0.9249716 W	2185959	"/home/boggy/ref_rapl/energy_exp_server/NPB3.4.3/NPB3.4-MPI/bin/mg.C.x"
0.6166476 W	2185940	"/home/boggy/ref_rapl/scaphandre/target/release/scaphandre"
------------------------------------------------------------

Host:	53.169951 W from 
	package 	core		dram		uncore
Socket0	48.70807 W |	43.545902 W	4.782253 W	0 W	

Top 5 consumers:
Power		PID	Exe
1.229363 W	2185962	"/home/boggy/ref_rapl/energy_exp_server/NPB3.4.3/NPB3.4-MPI/bin/mg.C.x"
0.9220222 W	2185940	"/home/boggy/ref_rapl/scaphandre/target/release/scaphandre"
0.9220222 W	2185960	"/home/boggy/ref_rapl/energy_exp_server/NPB3.4.3/NPB3.4-MPI/bin/mg.C.x"
0.9220222 W	2185961	"/home/boggy/ref_rapl/energy_exp_server/NPB3.4.3/NPB3.4-MPI/bin/mg.C.x"
0.9220222 W	2185959	"/home/boggy/ref_rapl/energy_exp_server/NPB3.4.3/NPB3.4-MPI/bin/mg.C.x"
------------------------------------------------------------

Host:	53.438465 W from 
	package 	core		dram		uncore
Socket0	48.450233 W |	43.58588 W	4.747209 W	0 W	

Top 5 consumers:
Power		PID	Exe
0.92667854 W	2185960	"/home/boggy/ref_rapl/energy_exp_server/NPB3.4.3/NPB3.4-MPI/bin/mg.C.x"
0.92667854 W	2185962	"/home/boggy/ref_rapl/energy_exp_server/NPB3.4.3/NPB3.4-MPI/bin/mg.C.x"
0.92667854 W	2185961	"/home/boggy/ref_rapl/energy_exp_server/NPB3.4.3/NPB3.4-MPI/bin/mg.C.x"
0.92667854 W	2185959	"/home/boggy/ref_rapl/energy_exp_server/NPB3.4.3/NPB3.4-MPI/bin/mg.C.x"
0.6177857 W	2185940	"/home/boggy/ref_rapl/scaphandre/target/release/scaphandre"
------------------------------------------------------------

Host:	53.833804 W from 
	package 	core		dram		uncore
Socket0	48.822655 W |	43.609646 W	4.781994 W	0 W	

Top 5 consumers:
Power		PID	Exe
1.2447121 W	2185960	"/home/boggy/ref_rapl/energy_exp_server/NPB3.4.3/NPB3.4-MPI/bin/mg.C.x"
1.2447121 W	2185959	"/home/boggy/ref_rapl/energy_exp_server/NPB3.4.3/NPB3.4-MPI/bin/mg.C.x"
0.9335342 W	2185940	"/home/boggy/ref_rapl/scaphandre/target/release/scaphandre"
0.9335342 W	2185962	"/home/boggy/ref_rapl/energy_exp_server/NPB3.4.3/NPB3.4-MPI/bin/mg.C.x"
0.9335342 W	2185961	"/home/boggy/ref_rapl/energy_exp_server/NPB3.4.3/NPB3.4-MPI/bin/mg.C.x"
------------------------------------------------------------

Host:	53.631768 W from 
	package 	core		dram		uncore
Socket0	49.00628 W |	43.67572 W	4.804775 W	0 W	

Top 5 consumers:
Power		PID	Exe
1.2400408 W	2185962	"/home/boggy/ref_rapl/energy_exp_server/NPB3.4.3/NPB3.4-MPI/bin/mg.C.x"
1.2400408 W	2185961	"/home/boggy/ref_rapl/energy_exp_server/NPB3.4.3/NPB3.4-MPI/bin/mg.C.x"
0.93003064 W	2185940	"/home/boggy/ref_rapl/scaphandre/target/release/scaphandre"
0.93003064 W	2185960	"/home/boggy/ref_rapl/energy_exp_server/NPB3.4.3/NPB3.4-MPI/bin/mg.C.x"
0.93003064 W	2185959	"/home/boggy/ref_rapl/energy_exp_server/NPB3.4.3/NPB3.4-MPI/bin/mg.C.x"
------------------------------------------------------------

Host:	52.597343 W from 
	package 	core		dram		uncore
Socket0	47.632244 W |	43.595654 W	4.804151 W	0 W	

Top 5 consumers:
Power		PID	Exe
0.9120926 W	2185960	"/home/boggy/ref_rapl/energy_exp_server/NPB3.4.3/NPB3.4-MPI/bin/mg.C.x"
0.9120926 W	2185962	"/home/boggy/ref_rapl/energy_exp_server/NPB3.4.3/NPB3.4-MPI/bin/mg.C.x"
0.9120926 W	2185961	"/home/boggy/ref_rapl/energy_exp_server/NPB3.4.3/NPB3.4-MPI/bin/mg.C.x"
0.9120926 W	2185959	"/home/boggy/ref_rapl/energy_exp_server/NPB3.4.3/NPB3.4-MPI/bin/mg.C.x"
0.60806173 W	2185940	"/home/boggy/ref_rapl/scaphandre/target/release/scaphandre"
------------------------------------------------------------

Host:	54.279926 W from 
	package 	core		dram		uncore
Socket0	49.628345 W |	43.567642 W	4.567548 W	0 W	

Top 5 consumers:
Power		PID	Exe
1.0114273 W	2185940	"/home/boggy/ref_rapl/scaphandre/target/release/scaphandre"
1.0114273 W	2185960	"/home/boggy/ref_rapl/energy_exp_server/NPB3.4.3/NPB3.4-MPI/bin/mg.C.x"
1.0114273 W	2185962	"/home/boggy/ref_rapl/energy_exp_server/NPB3.4.3/NPB3.4-MPI/bin/mg.C.x"
1.0114273 W	2185961	"/home/boggy/ref_rapl/energy_exp_server/NPB3.4.3/NPB3.4-MPI/bin/mg.C.x"
1.0114273 W	2185959	"/home/boggy/ref_rapl/energy_exp_server/NPB3.4.3/NPB3.4-MPI/bin/mg.C.x"
------------------------------------------------------------

Host:	57.455902 W from 
	package 	core		dram		uncore
Socket0	50.107227 W |	45.093826 W	4.51323 W	0 W	

Top 5 consumers:
Power		PID	Exe
1.4274759 W	2185959	"/home/boggy/ref_rapl/energy_exp_server/NPB3.4.3/NPB3.4-MPI/bin/mg.C.x"
1.0706068 W	2185960	"/home/boggy/ref_rapl/energy_exp_server/NPB3.4.3/NPB3.4-MPI/bin/mg.C.x"
1.0706068 W	2185962	"/home/boggy/ref_rapl/energy_exp_server/NPB3.4.3/NPB3.4-MPI/bin/mg.C.x"
1.0706068 W	2185961	"/home/boggy/ref_rapl/energy_exp_server/NPB3.4.3/NPB3.4-MPI/bin/mg.C.x"
0.71373796 W	2185940	"/home/boggy/ref_rapl/scaphandre/target/release/scaphandre"
------------------------------------------------------------

Host:	55.336669 W from 
	package 	core		dram		uncore
Socket0	51.192383 W |	46.058426 W	4.624293 W	0 W	

Top 5 consumers:
Power		PID	Exe
1.031118 W	2185960	"/home/boggy/ref_rapl/energy_exp_server/NPB3.4.3/NPB3.4-MPI/bin/mg.C.x"
1.031118 W	2185962	"/home/boggy/ref_rapl/energy_exp_server/NPB3.4.3/NPB3.4-MPI/bin/mg.C.x"
1.031118 W	2185961	"/home/boggy/ref_rapl/energy_exp_server/NPB3.4.3/NPB3.4-MPI/bin/mg.C.x"
1.031118 W	2185959	"/home/boggy/ref_rapl/energy_exp_server/NPB3.4.3/NPB3.4-MPI/bin/mg.C.x"
0.6874121 W	2185940	"/home/boggy/ref_rapl/scaphandre/target/release/scaphandre"
------------------------------------------------------------

Host:	55.446451 W from 
	package 	core		dram		uncore
Socket0	50.693703 W |	46.02475 W	4.57256 W	0 W	

Top 5 consumers:
Power		PID	Exe
1.3775517 W	2185960	"/home/boggy/ref_rapl/energy_exp_server/NPB3.4.3/NPB3.4-MPI/bin/mg.C.x"
1.0331637 W	2185940	"/home/boggy/ref_rapl/scaphandre/target/release/scaphandre"
1.0331637 W	2185962	"/home/boggy/ref_rapl/energy_exp_server/NPB3.4.3/NPB3.4-MPI/bin/mg.C.x"
1.0331637 W	2185961	"/home/boggy/ref_rapl/energy_exp_server/NPB3.4.3/NPB3.4-MPI/bin/mg.C.x"
1.0331637 W	2185959	"/home/boggy/ref_rapl/energy_exp_server/NPB3.4.3/NPB3.4-MPI/bin/mg.C.x"
------------------------------------------------------------

Host:	55.733128 W from 
	package 	core		dram		uncore
Socket0	51.02539 W |	46.19728 W	4.738418 W	0 W	

Top 5 consumers:
Power		PID	Exe
1.384674 W	2185961	"/home/boggy/ref_rapl/energy_exp_server/NPB3.4.3/NPB3.4-MPI/bin/mg.C.x"
1.0385056 W	2185960	"/home/boggy/ref_rapl/energy_exp_server/NPB3.4.3/NPB3.4-MPI/bin/mg.C.x"
1.0385056 W	2185962	"/home/boggy/ref_rapl/energy_exp_server/NPB3.4.3/NPB3.4-MPI/bin/mg.C.x"
1.0385056 W	2185959	"/home/boggy/ref_rapl/energy_exp_server/NPB3.4.3/NPB3.4-MPI/bin/mg.C.x"
0.692337 W	2185940	"/home/boggy/ref_rapl/scaphandre/target/release/scaphandre"
------------------------------------------------------------

Host:	55.652885 W from 
	package 	core		dram		uncore
Socket0	50.95639 W |	46.172688 W	4.588684 W	0 W	

Top 5 consumers:
Power		PID	Exe
1.3826804 W	2185962	"/home/boggy/ref_rapl/energy_exp_server/NPB3.4.3/NPB3.4-MPI/bin/mg.C.x"
1.0370103 W	2185940	"/home/boggy/ref_rapl/scaphandre/target/release/scaphandre"
1.0370103 W	2185960	"/home/boggy/ref_rapl/energy_exp_server/NPB3.4.3/NPB3.4-MPI/bin/mg.C.x"
1.0370103 W	2185961	"/home/boggy/ref_rapl/energy_exp_server/NPB3.4.3/NPB3.4-MPI/bin/mg.C.x"
1.0370103 W	2185959	"/home/boggy/ref_rapl/energy_exp_server/NPB3.4.3/NPB3.4-MPI/bin/mg.C.x"
------------------------------------------------------------

Host:	52.464034 W from 
	package 	core		dram		uncore
Socket0	52.539825 W |	45.953724 W	4.593821 W	0 W	

Top 5 consumers:
Power		PID	Exe
1.3034543 W	2185960	"/home/boggy/ref_rapl/energy_exp_server/NPB3.4.3/NPB3.4-MPI/bin/mg.C.x"
0.97759074 W	2185962	"/home/boggy/ref_rapl/energy_exp_server/NPB3.4.3/NPB3.4-MPI/bin/mg.C.x"
0.97759074 W	2185961	"/home/boggy/ref_rapl/energy_exp_server/NPB3.4.3/NPB3.4-MPI/bin/mg.C.x"
0.97759074 W	2185959	"/home/boggy/ref_rapl/energy_exp_server/NPB3.4.3/NPB3.4-MPI/bin/mg.C.x"
0.65172714 W	2185940	"/home/boggy/ref_rapl/scaphandre/target/release/scaphandre"
------------------------------------------------------------

Host:	53.869708 W from 
	package 	core		dram		uncore
Socket0	47.05133 W |	43.484135 W	3.654981 W	0 W	

Top 5 consumers:
Power		PID	Exe
0.950642 W	2185960	"/home/boggy/ref_rapl/energy_exp_server/NPB3.4.3/NPB3.4-MPI/bin/mg.C.x"
0.950642 W	2185962	"/home/boggy/ref_rapl/energy_exp_server/NPB3.4.3/NPB3.4-MPI/bin/mg.C.x"
0.950642 W	2185961	"/home/boggy/ref_rapl/energy_exp_server/NPB3.4.3/NPB3.4-MPI/bin/mg.C.x"
0.950642 W	2185959	"/home/boggy/ref_rapl/energy_exp_server/NPB3.4.3/NPB3.4-MPI/bin/mg.C.x"
0.6337613 W	2185940	"/home/boggy/ref_rapl/scaphandre/target/release/scaphandre"
------------------------------------------------------------

Host:	54.29426 W from 
	package 	core		dram		uncore
Socket0	49.16138 W |	44.55646 W	4.142068 W	0 W	

Top 5 consumers:
Power		PID	Exe
0.95813406 W	2185940	"/home/boggy/ref_rapl/scaphandre/target/release/scaphandre"
0.95813406 W	2185960	"/home/boggy/ref_rapl/energy_exp_server/NPB3.4.3/NPB3.4-MPI/bin/mg.C.x"
0.95813406 W	2185962	"/home/boggy/ref_rapl/energy_exp_server/NPB3.4.3/NPB3.4-MPI/bin/mg.C.x"
0.95813406 W	2185961	"/home/boggy/ref_rapl/energy_exp_server/NPB3.4.3/NPB3.4-MPI/bin/mg.C.x"
0.95813406 W	2185959	"/home/boggy/ref_rapl/energy_exp_server/NPB3.4.3/NPB3.4-MPI/bin/mg.C.x"
------------------------------------------------------------

Host:	53.629012 W from 
	package 	core		dram		uncore
Socket0	49.5085 W |	43.915756 W	4.694169 W	0 W	

Top 5 consumers:
Power		PID	Exe
0.9463944 W	2185960	"/home/boggy/ref_rapl/energy_exp_server/NPB3.4.3/NPB3.4-MPI/bin/mg.C.x"
0.9463944 W	2185962	"/home/boggy/ref_rapl/energy_exp_server/NPB3.4.3/NPB3.4-MPI/bin/mg.C.x"
0.9463944 W	2185961	"/home/boggy/ref_rapl/energy_exp_server/NPB3.4.3/NPB3.4-MPI/bin/mg.C.x"
0.9463944 W	2185959	"/home/boggy/ref_rapl/energy_exp_server/NPB3.4.3/NPB3.4-MPI/bin/mg.C.x"
0.6309296 W	2185940	"/home/boggy/ref_rapl/scaphandre/target/release/scaphandre"
------------------------------------------------------------

Host:	53.748826 W from 
	package 	core		dram		uncore
Socket0	48.916637 W |	43.874653 W	4.773102 W	0 W	

Top 5 consumers:
Power		PID	Exe
1.2646782 W	2185940	"/home/boggy/ref_rapl/scaphandre/target/release/scaphandre"
1.2646782 W	2185960	"/home/boggy/ref_rapl/energy_exp_server/NPB3.4.3/NPB3.4-MPI/bin/mg.C.x"
1.2646782 W	2185961	"/home/boggy/ref_rapl/energy_exp_server/NPB3.4.3/NPB3.4-MPI/bin/mg.C.x"
1.2646782 W	2185959	"/home/boggy/ref_rapl/energy_exp_server/NPB3.4.3/NPB3.4-MPI/bin/mg.C.x"
0.94850874 W	2185962	"/home/boggy/ref_rapl/energy_exp_server/NPB3.4.3/NPB3.4-MPI/bin/mg.C.x"
------------------------------------------------------------

Host:	53.081639 W from 
	package 	core		dram		uncore
Socket0	48.79595 W |	43.672173 W	4.91706 W	0 W	

Top 5 consumers:
Power		PID	Exe
1.2489798 W	2185962	"/home/boggy/ref_rapl/energy_exp_server/NPB3.4.3/NPB3.4-MPI/bin/mg.C.x"
0.93673486 W	2185960	"/home/boggy/ref_rapl/energy_exp_server/NPB3.4.3/NPB3.4-MPI/bin/mg.C.x"
0.93673486 W	2185961	"/home/boggy/ref_rapl/energy_exp_server/NPB3.4.3/NPB3.4-MPI/bin/mg.C.x"
0.93673486 W	2185959	"/home/boggy/ref_rapl/energy_exp_server/NPB3.4.3/NPB3.4-MPI/bin/mg.C.x"
0.6244899 W	2185940	"/home/boggy/ref_rapl/scaphandre/target/release/scaphandre"
------------------------------------------------------------

Host:	53.553272 W from 
	package 	core		dram		uncore
Socket0	48.648937 W |	43.751976 W	4.764486 W	0 W	

Top 5 consumers:
Power		PID	Exe
0.9450578 W	2185960	"/home/boggy/ref_rapl/energy_exp_server/NPB3.4.3/NPB3.4-MPI/bin/mg.C.x"
0.9450578 W	2185962	"/home/boggy/ref_rapl/energy_exp_server/NPB3.4.3/NPB3.4-MPI/bin/mg.C.x"
0.9450578 W	2185961	"/home/boggy/ref_rapl/energy_exp_server/NPB3.4.3/NPB3.4-MPI/bin/mg.C.x"
0.9450578 W	2185959	"/home/boggy/ref_rapl/energy_exp_server/NPB3.4.3/NPB3.4-MPI/bin/mg.C.x"
0.6300385 W	2185940	"/home/boggy/ref_rapl/scaphandre/target/release/scaphandre"
------------------------------------------------------------

Host:	54.271329 W from 
	package 	core		dram		uncore
Socket0	49.958855 W |	43.77867 W	4.743162 W	0 W	

Top 5 consumers:
Power		PID	Exe
1.3318117 W	2185960	"/home/boggy/ref_rapl/energy_exp_server/NPB3.4.3/NPB3.4-MPI/bin/mg.C.x"
1.3318117 W	2185961	"/home/boggy/ref_rapl/energy_exp_server/NPB3.4.3/NPB3.4-MPI/bin/mg.C.x"
1.3318117 W	2185959	"/home/boggy/ref_rapl/energy_exp_server/NPB3.4.3/NPB3.4-MPI/bin/mg.C.x"
0.9988588 W	2185940	"/home/boggy/ref_rapl/scaphandre/target/release/scaphandre"
0.9988588 W	2185962	"/home/boggy/ref_rapl/energy_exp_server/NPB3.4.3/NPB3.4-MPI/bin/mg.C.x"
------------------------------------------------------------

Host:	51.626537 W from 
	package 	core		dram		uncore
Socket0	47.436455 W |	42.918037 W	4.723117 W	0 W	

Top 5 consumers:
Power		PID	Exe
1.2669089 W	2185962	"/home/boggy/ref_rapl/energy_exp_server/NPB3.4.3/NPB3.4-MPI/bin/mg.C.x"
0.95018166 W	2185960	"/home/boggy/ref_rapl/energy_exp_server/NPB3.4.3/NPB3.4-MPI/bin/mg.C.x"
0.95018166 W	2185961	"/home/boggy/ref_rapl/energy_exp_server/NPB3.4.3/NPB3.4-MPI/bin/mg.C.x"
0.95018166 W	2185959	"/home/boggy/ref_rapl/energy_exp_server/NPB3.4.3/NPB3.4-MPI/bin/mg.C.x"
0.63345444 W	2185940	"/home/boggy/ref_rapl/scaphandre/target/release/scaphandre"
------------------------------------------------------------

Host:	50.837962 W from 
	package 	core		dram		uncore
Socket0	46.684555 W |	41.98916 W	4.704605 W	0 W	

Top 5 consumers:
Power		PID	Exe
0.935668 W	2185940	"/home/boggy/ref_rapl/scaphandre/target/release/scaphandre"
0.935668 W	2185960	"/home/boggy/ref_rapl/energy_exp_server/NPB3.4.3/NPB3.4-MPI/bin/mg.C.x"
0.935668 W	2185962	"/home/boggy/ref_rapl/energy_exp_server/NPB3.4.3/NPB3.4-MPI/bin/mg.C.x"
0.935668 W	2185961	"/home/boggy/ref_rapl/energy_exp_server/NPB3.4.3/NPB3.4-MPI/bin/mg.C.x"
0.935668 W	2185959	"/home/boggy/ref_rapl/energy_exp_server/NPB3.4.3/NPB3.4-MPI/bin/mg.C.x"
------------------------------------------------------------

Host:	52.14364 W from 
	package 	core		dram		uncore
Socket0	47.659576 W |	42.33481 W	4.555954 W	0 W	

Top 5 consumers:
Power		PID	Exe
0.9596989 W	2185960	"/home/boggy/ref_rapl/energy_exp_server/NPB3.4.3/NPB3.4-MPI/bin/mg.C.x"
0.9596989 W	2185962	"/home/boggy/ref_rapl/energy_exp_server/NPB3.4.3/NPB3.4-MPI/bin/mg.C.x"
0.9596989 W	2185961	"/home/boggy/ref_rapl/energy_exp_server/NPB3.4.3/NPB3.4-MPI/bin/mg.C.x"
0.9596989 W	2185959	"/home/boggy/ref_rapl/energy_exp_server/NPB3.4.3/NPB3.4-MPI/bin/mg.C.x"
0.63979924 W	2185940	"/home/boggy/ref_rapl/scaphandre/target/release/scaphandre"
------------------------------------------------------------

Host:	48.149634 W from 
	package 	core		dram		uncore
Socket0	46.50938 W |	42.050083 W	4.31199 W	0 W	

Top 5 consumers:
Power		PID	Exe
1.4769826 W	2185940	"/home/boggy/ref_rapl/scaphandre/target/release/scaphandre"
1.181586 W	2185960	"/home/boggy/ref_rapl/energy_exp_server/NPB3.4.3/NPB3.4-MPI/bin/mg.C.x"
1.181586 W	2185962	"/home/boggy/ref_rapl/energy_exp_server/NPB3.4.3/NPB3.4-MPI/bin/mg.C.x"
1.181586 W	2185961	"/home/boggy/ref_rapl/energy_exp_server/NPB3.4.3/NPB3.4-MPI/bin/mg.C.x"
1.181586 W	2185959	"/home/boggy/ref_rapl/energy_exp_server/NPB3.4.3/NPB3.4-MPI/bin/mg.C.x"
------------------------------------------------------------

Host:	46.354365 W from 
	package 	core		dram		uncore
Socket0	42.53387 W |	37.158756 W	4.556033 W	0 W	

Top 5 consumers:
Power		PID	Exe
1.7062956 W	2185940	"/home/boggy/ref_rapl/scaphandre/target/release/scaphandre"
1.7062956 W	2185960	"/home/boggy/ref_rapl/energy_exp_server/NPB3.4.3/NPB3.4-MPI/bin/mg.C.x"
1.7062956 W	2185962	"/home/boggy/ref_rapl/energy_exp_server/NPB3.4.3/NPB3.4-MPI/bin/mg.C.x"
1.7062956 W	2185961	"/home/boggy/ref_rapl/energy_exp_server/NPB3.4.3/NPB3.4-MPI/bin/mg.C.x"
1.7062956 W	2185959	"/home/boggy/ref_rapl/energy_exp_server/NPB3.4.3/NPB3.4-MPI/bin/mg.C.x"
------------------------------------------------------------

Host:	46.899992 W from 
	package 	core		dram		uncore
Socket0	41.598305 W |	36.6829 W	4.54219 W	0 W	

Top 5 consumers:
Power		PID	Exe
1.2213539 W	2185940	"/home/boggy/ref_rapl/scaphandre/target/release/scaphandre"
1.2213539 W	2185960	"/home/boggy/ref_rapl/energy_exp_server/NPB3.4.3/NPB3.4-MPI/bin/mg.C.x"
1.2213539 W	2185962	"/home/boggy/ref_rapl/energy_exp_server/NPB3.4.3/NPB3.4-MPI/bin/mg.C.x"
1.2213539 W	2185961	"/home/boggy/ref_rapl/energy_exp_server/NPB3.4.3/NPB3.4-MPI/bin/mg.C.x"
1.2213539 W	2185959	"/home/boggy/ref_rapl/energy_exp_server/NPB3.4.3/NPB3.4-MPI/bin/mg.C.x"
------------------------------------------------------------

Host:	55.636573 W from 
	package 	core		dram		uncore
Socket0	44.285736 W |	39.18088 W	4.609192 W	0 W	

Top 5 consumers:
Power		PID	Exe
1.1590954 W	2185940	"/home/boggy/ref_rapl/scaphandre/target/release/scaphandre"
1.1590954 W	2185960	"/home/boggy/ref_rapl/energy_exp_server/NPB3.4.3/NPB3.4-MPI/bin/mg.C.x"
1.1590954 W	2185962	"/home/boggy/ref_rapl/energy_exp_server/NPB3.4.3/NPB3.4-MPI/bin/mg.C.x"
1.1590954 W	2185961	"/home/boggy/ref_rapl/energy_exp_server/NPB3.4.3/NPB3.4-MPI/bin/mg.C.x"
1.1590954 W	2185959	"/home/boggy/ref_rapl/energy_exp_server/NPB3.4.3/NPB3.4-MPI/bin/mg.C.x"
------------------------------------------------------------

Host:	54.770693 W from 
	package 	core		dram		uncore
Socket0	53.748554 W |	47.55947 W	4.401472 W	0 W	

Top 5 consumers:
Power		PID	Exe
1.1410563 W	2185959	"/home/boggy/ref_rapl/energy_exp_server/NPB3.4.3/NPB3.4-MPI/bin/mg.C.x"
0.85579205 W	2185960	"/home/boggy/ref_rapl/energy_exp_server/NPB3.4.3/NPB3.4-MPI/bin/mg.C.x"
0.85579205 W	2185962	"/home/boggy/ref_rapl/energy_exp_server/NPB3.4.3/NPB3.4-MPI/bin/mg.C.x"
0.85579205 W	2185961	"/home/boggy/ref_rapl/energy_exp_server/NPB3.4.3/NPB3.4-MPI/bin/mg.C.x"
0.57052815 W	2185940	"/home/boggy/ref_rapl/scaphandre/target/release/scaphandre"
------------------------------------------------------------

Host:	51.115927 W from 
	package 	core		dram		uncore
Socket0	48.146645 W |	43.234898 W	4.416375 W	0 W	

Top 5 consumers:
Power		PID	Exe
0.7986864 W	2185940	"/home/boggy/ref_rapl/scaphandre/target/release/scaphandre"
0.7986864 W	2185960	"/home/boggy/ref_rapl/energy_exp_server/NPB3.4.3/NPB3.4-MPI/bin/mg.C.x"
0.7986864 W	2185962	"/home/boggy/ref_rapl/energy_exp_server/NPB3.4.3/NPB3.4-MPI/bin/mg.C.x"
0.7986864 W	2185961	"/home/boggy/ref_rapl/energy_exp_server/NPB3.4.3/NPB3.4-MPI/bin/mg.C.x"
0.7986864 W	2185959	"/home/boggy/ref_rapl/energy_exp_server/NPB3.4.3/NPB3.4-MPI/bin/mg.C.x"
------------------------------------------------------------

Host:	51.995374 W from 
	package 	core		dram		uncore
Socket0	46.7654 W |	41.673164 W	4.565148 W	0 W	

Top 5 consumers:
Power		PID	Exe
0.81242776 W	2185960	"/home/boggy/ref_rapl/energy_exp_server/NPB3.4.3/NPB3.4-MPI/bin/mg.C.x"
0.81242776 W	2185962	"/home/boggy/ref_rapl/energy_exp_server/NPB3.4.3/NPB3.4-MPI/bin/mg.C.x"
0.81242776 W	2185961	"/home/boggy/ref_rapl/energy_exp_server/NPB3.4.3/NPB3.4-MPI/bin/mg.C.x"
0.81242776 W	2185959	"/home/boggy/ref_rapl/energy_exp_server/NPB3.4.3/NPB3.4-MPI/bin/mg.C.x"
0.5416185 W	2185940	"/home/boggy/ref_rapl/scaphandre/target/release/scaphandre"
------------------------------------------------------------

Host:	53.406794 W from 
	package 	core		dram		uncore
Socket0	47.04004 W |	41.65171 W	4.592352 W	0 W	

Top 5 consumers:
Power		PID	Exe
1.1126416 W	2185960	"/home/boggy/ref_rapl/energy_exp_server/NPB3.4.3/NPB3.4-MPI/bin/mg.C.x"
1.1126416 W	2185962	"/home/boggy/ref_rapl/energy_exp_server/NPB3.4.3/NPB3.4-MPI/bin/mg.C.x"
1.1126416 W	2185961	"/home/boggy/ref_rapl/energy_exp_server/NPB3.4.3/NPB3.4-MPI/bin/mg.C.x"
1.1126416 W	2185959	"/home/boggy/ref_rapl/energy_exp_server/NPB3.4.3/NPB3.4-MPI/bin/mg.C.x"
0.8344811 W	2185940	"/home/boggy/ref_rapl/scaphandre/target/release/scaphandre"
------------------------------------------------------------

Host:	53.765142 W from 
	package 	core		dram		uncore
Socket0	48.444767 W |	43.642193 W	4.876405 W	0 W	

Top 5 consumers:
Power		PID	Exe
0.99565077 W	2185940	"/home/boggy/ref_rapl/scaphandre/target/release/scaphandre"
0.99565077 W	2185960	"/home/boggy/ref_rapl/energy_exp_server/NPB3.4.3/NPB3.4-MPI/bin/mg.C.x"
0.99565077 W	2185962	"/home/boggy/ref_rapl/energy_exp_server/NPB3.4.3/NPB3.4-MPI/bin/mg.C.x"
0.99565077 W	2185961	"/home/boggy/ref_rapl/energy_exp_server/NPB3.4.3/NPB3.4-MPI/bin/mg.C.x"
0.99565077 W	2185959	"/home/boggy/ref_rapl/energy_exp_server/NPB3.4.3/NPB3.4-MPI/bin/mg.C.x"
------------------------------------------------------------

Host:	53.055651 W from 
	package 	core		dram		uncore
Socket0	48.9656 W |	43.66604 W	4.655724 W	0 W	

Top 5 consumers:
Power		PID	Exe
0.98251206 W	2185960	"/home/boggy/ref_rapl/energy_exp_server/NPB3.4.3/NPB3.4-MPI/bin/mg.C.x"
0.98251206 W	2185962	"/home/boggy/ref_rapl/energy_exp_server/NPB3.4.3/NPB3.4-MPI/bin/mg.C.x"
0.98251206 W	2185961	"/home/boggy/ref_rapl/energy_exp_server/NPB3.4.3/NPB3.4-MPI/bin/mg.C.x"
0.98251206 W	2185959	"/home/boggy/ref_rapl/energy_exp_server/NPB3.4.3/NPB3.4-MPI/bin/mg.C.x"
0.655008 W	2185940	"/home/boggy/ref_rapl/scaphandre/target/release/scaphandre"
------------------------------------------------------------

Host:	53.487333 W from 
	package 	core		dram		uncore
Socket0	49.636604 W |	43.734764 W	4.858731 W	0 W	

Top 5 consumers:
Power		PID	Exe
1.3206749 W	2185960	"/home/boggy/ref_rapl/energy_exp_server/NPB3.4.3/NPB3.4-MPI/bin/mg.C.x"
1.3206749 W	2185962	"/home/boggy/ref_rapl/energy_exp_server/NPB3.4.3/NPB3.4-MPI/bin/mg.C.x"
1.3206749 W	2185961	"/home/boggy/ref_rapl/energy_exp_server/NPB3.4.3/NPB3.4-MPI/bin/mg.C.x"
1.3206749 W	2185959	"/home/boggy/ref_rapl/energy_exp_server/NPB3.4.3/NPB3.4-MPI/bin/mg.C.x"
0.9905061 W	2185940	"/home/boggy/ref_rapl/scaphandre/target/release/scaphandre"
------------------------------------------------------------

Host:	53.71246 W from 
	package 	core		dram		uncore
Socket0	48.79712 W |	43.58356 W	4.784202 W	0 W	

Top 5 consumers:
Power		PID	Exe
0.99467516 W	2185960	"/home/boggy/ref_rapl/energy_exp_server/NPB3.4.3/NPB3.4-MPI/bin/mg.C.x"
0.99467516 W	2185962	"/home/boggy/ref_rapl/energy_exp_server/NPB3.4.3/NPB3.4-MPI/bin/mg.C.x"
0.99467516 W	2185961	"/home/boggy/ref_rapl/energy_exp_server/NPB3.4.3/NPB3.4-MPI/bin/mg.C.x"
0.99467516 W	2185959	"/home/boggy/ref_rapl/energy_exp_server/NPB3.4.3/NPB3.4-MPI/bin/mg.C.x"
0.66311675 W	2185940	"/home/boggy/ref_rapl/scaphandre/target/release/scaphandre"
------------------------------------------------------------

Host:	53.564938 W from 
	package 	core		dram		uncore
Socket0	48.763638 W |	43.657135 W	4.775777 W	0 W	

Top 5 consumers:
Power		PID	Exe
1.322591 W	2185940	"/home/boggy/ref_rapl/scaphandre/target/release/scaphandre"
0.99194324 W	2185960	"/home/boggy/ref_rapl/energy_exp_server/NPB3.4.3/NPB3.4-MPI/bin/mg.C.x"
0.99194324 W	2185962	"/home/boggy/ref_rapl/energy_exp_server/NPB3.4.3/NPB3.4-MPI/bin/mg.C.x"
0.99194324 W	2185961	"/home/boggy/ref_rapl/energy_exp_server/NPB3.4.3/NPB3.4-MPI/bin/mg.C.x"
0.99194324 W	2185959	"/home/boggy/ref_rapl/energy_exp_server/NPB3.4.3/NPB3.4-MPI/bin/mg.C.x"
------------------------------------------------------------

Host:	51.472561 W from 
	package 	core		dram		uncore
Socket0	48.868362 W |	43.62952 W	4.784323 W	0 W	

Top 5 consumers:
Power		PID	Exe
1.2709274 W	2185960	"/home/boggy/ref_rapl/energy_exp_server/NPB3.4.3/NPB3.4-MPI/bin/mg.C.x"
1.2709274 W	2185962	"/home/boggy/ref_rapl/energy_exp_server/NPB3.4.3/NPB3.4-MPI/bin/mg.C.x"
0.9531956 W	2185961	"/home/boggy/ref_rapl/energy_exp_server/NPB3.4.3/NPB3.4-MPI/bin/mg.C.x"
0.9531956 W	2185959	"/home/boggy/ref_rapl/energy_exp_server/NPB3.4.3/NPB3.4-MPI/bin/mg.C.x"
0.6354637 W	2185940	"/home/boggy/ref_rapl/scaphandre/target/release/scaphandre"
------------------------------------------------------------

Host:	55.39923 W from 
	package 	core		dram		uncore
Socket0	47.330753 W |	42.530796 W	4.163555 W	0 W	

Top 5 consumers:
Power		PID	Exe
1.3763784 W	2185959	"/home/boggy/ref_rapl/energy_exp_server/NPB3.4.3/NPB3.4-MPI/bin/mg.C.x"
1.0322838 W	2185961	"/home/boggy/ref_rapl/energy_exp_server/NPB3.4.3/NPB3.4-MPI/bin/mg.C.x"
0.6881892 W	2185940	"/home/boggy/ref_rapl/scaphandre/target/release/scaphandre"
0.6881892 W	2185960	"/home/boggy/ref_rapl/energy_exp_server/NPB3.4.3/NPB3.4-MPI/bin/mg.C.x"
0.6881892 W	2185962	"/home/boggy/ref_rapl/energy_exp_server/NPB3.4.3/NPB3.4-MPI/bin/mg.C.x"
------------------------------------------------------------

Host:	55.937449 W from 
	package 	core		dram		uncore
Socket0	50.423927 W |	46.07539 W	3.89281 W	0 W	

Top 5 consumers:
Power		PID	Exe
1.3897502 W	2185960	"/home/boggy/ref_rapl/energy_exp_server/NPB3.4.3/NPB3.4-MPI/bin/mg.C.x"
1.3897502 W	2185961	"/home/boggy/ref_rapl/energy_exp_server/NPB3.4.3/NPB3.4-MPI/bin/mg.C.x"
1.0423127 W	2185940	"/home/boggy/ref_rapl/scaphandre/target/release/scaphandre"
1.0423127 W	2185962	"/home/boggy/ref_rapl/energy_exp_server/NPB3.4.3/NPB3.4-MPI/bin/mg.C.x"
1.0423127 W	2185959	"/home/boggy/ref_rapl/energy_exp_server/NPB3.4.3/NPB3.4-MPI/bin/mg.C.x"
------------------------------------------------------------

Host:	55.53255 W from 
	package 	core		dram		uncore
Socket0	51.18568 W |	46.095818 W	4.631341 W	0 W	

Top 5 consumers:
Power		PID	Exe
1.3796906 W	2185962	"/home/boggy/ref_rapl/energy_exp_server/NPB3.4.3/NPB3.4-MPI/bin/mg.C.x"
1.0347681 W	2185940	"/home/boggy/ref_rapl/scaphandre/target/release/scaphandre"
1.0347681 W	2185960	"/home/boggy/ref_rapl/energy_exp_server/NPB3.4.3/NPB3.4-MPI/bin/mg.C.x"
1.0347681 W	2185961	"/home/boggy/ref_rapl/energy_exp_server/NPB3.4.3/NPB3.4-MPI/bin/mg.C.x"
1.0347681 W	2185959	"/home/boggy/ref_rapl/energy_exp_server/NPB3.4.3/NPB3.4-MPI/bin/mg.C.x"
------------------------------------------------------------

Host:	55.598277 W from 
	package 	core		dram		uncore
Socket0	51.270306 W |	46.111313 W	4.624886 W	0 W	

Top 5 consumers:
Power		PID	Exe
1.0359927 W	2185960	"/home/boggy/ref_rapl/energy_exp_server/NPB3.4.3/NPB3.4-MPI/bin/mg.C.x"
1.0359927 W	2185962	"/home/boggy/ref_rapl/energy_exp_server/NPB3.4.3/NPB3.4-MPI/bin/mg.C.x"
1.0359927 W	2185961	"/home/boggy/ref_rapl/energy_exp_server/NPB3.4.3/NPB3.4-MPI/bin/mg.C.x"
1.0359927 W	2185959	"/home/boggy/ref_rapl/energy_exp_server/NPB3.4.3/NPB3.4-MPI/bin/mg.C.x"
0.6906618 W	2185940	"/home/boggy/ref_rapl/scaphandre/target/release/scaphandre"
------------------------------------------------------------

Host:	55.783569 W from 
	package 	core		dram		uncore
Socket0	50.9834 W |	46.02299 W	4.604423 W	0 W	

Top 5 consumers:
Power		PID	Exe
1.0394454 W	2185960	"/home/boggy/ref_rapl/energy_exp_server/NPB3.4.3/NPB3.4-MPI/bin/mg.C.x"
1.0394454 W	2185962	"/home/boggy/ref_rapl/energy_exp_server/NPB3.4.3/NPB3.4-MPI/bin/mg.C.x"
1.0394454 W	2185961	"/home/boggy/ref_rapl/energy_exp_server/NPB3.4.3/NPB3.4-MPI/bin/mg.C.x"
1.0394454 W	2185959	"/home/boggy/ref_rapl/energy_exp_server/NPB3.4.3/NPB3.4-MPI/bin/mg.C.x"
0.69296354 W	2185940	"/home/boggy/ref_rapl/scaphandre/target/release/scaphandre"
------------------------------------------------------------

Host:	55.865353 W from 
	package 	core		dram		uncore
Socket0	51.030293 W |	46.033913 W	4.593827 W	0 W	

Top 5 consumers:
Power		PID	Exe
1.0409694 W	2185960	"/home/boggy/ref_rapl/energy_exp_server/NPB3.4.3/NPB3.4-MPI/bin/mg.C.x"
1.0409694 W	2185962	"/home/boggy/ref_rapl/energy_exp_server/NPB3.4.3/NPB3.4-MPI/bin/mg.C.x"
1.0409694 W	2185961	"/home/boggy/ref_rapl/energy_exp_server/NPB3.4.3/NPB3.4-MPI/bin/mg.C.x"
1.0409694 W	2185959	"/home/boggy/ref_rapl/energy_exp_server/NPB3.4.3/NPB3.4-MPI/bin/mg.C.x"
0.69397956 W	2185940	"/home/boggy/ref_rapl/scaphandre/target/release/scaphandre"
------------------------------------------------------------

Host:	54.146542 W from 
	package 	core		dram		uncore
Socket0	51.222713 W |	46.098423 W	4.593476 W	0 W	

Top 5 consumers:
Power		PID	Exe
1.0089418 W	2185940	"/home/boggy/ref_rapl/scaphandre/target/release/scaphandre"
1.0089418 W	2185960	"/home/boggy/ref_rapl/energy_exp_server/NPB3.4.3/NPB3.4-MPI/bin/mg.C.x"
1.0089418 W	2185962	"/home/boggy/ref_rapl/energy_exp_server/NPB3.4.3/NPB3.4-MPI/bin/mg.C.x"
1.0089418 W	2185961	"/home/boggy/ref_rapl/energy_exp_server/NPB3.4.3/NPB3.4-MPI/bin/mg.C.x"
1.0089418 W	2185959	"/home/boggy/ref_rapl/energy_exp_server/NPB3.4.3/NPB3.4-MPI/bin/mg.C.x"
------------------------------------------------------------

Host:	53.269586 W from 
	package 	core		dram		uncore
Socket0	49.061768 W |	44.41117 W	4.479249 W	0 W	

Top 5 consumers:
Power		PID	Exe
0.9345541 W	2185960	"/home/boggy/ref_rapl/energy_exp_server/NPB3.4.3/NPB3.4-MPI/bin/mg.C.x"
0.9345541 W	2185962	"/home/boggy/ref_rapl/energy_exp_server/NPB3.4.3/NPB3.4-MPI/bin/mg.C.x"
0.9345541 W	2185961	"/home/boggy/ref_rapl/energy_exp_server/NPB3.4.3/NPB3.4-MPI/bin/mg.C.x"
0.9345541 W	2185959	"/home/boggy/ref_rapl/energy_exp_server/NPB3.4.3/NPB3.4-MPI/bin/mg.C.x"
0.62303615 W	2185940	"/home/boggy/ref_rapl/scaphandre/target/release/scaphandre"
------------------------------------------------------------

Host:	53.560777 W from 
	package 	core		dram		uncore
Socket0	48.60211 W |	43.53643 W	4.763648 W	0 W	

Top 5 consumers:
Power		PID	Exe
1.2528838 W	2185960	"/home/boggy/ref_rapl/energy_exp_server/NPB3.4.3/NPB3.4-MPI/bin/mg.C.x"
1.2528838 W	2185961	"/home/boggy/ref_rapl/energy_exp_server/NPB3.4.3/NPB3.4-MPI/bin/mg.C.x"
1.2528838 W	2185959	"/home/boggy/ref_rapl/energy_exp_server/NPB3.4.3/NPB3.4-MPI/bin/mg.C.x"
0.93966275 W	2185940	"/home/boggy/ref_rapl/scaphandre/target/release/scaphandre"
0.93966275 W	2185962	"/home/boggy/ref_rapl/energy_exp_server/NPB3.4.3/NPB3.4-MPI/bin/mg.C.x"
------------------------------------------------------------

Host:	53.929375 W from 
	package 	core		dram		uncore
Socket0	48.979626 W |	43.74302 W	4.804405 W	0 W	

Top 5 consumers:
Power		PID	Exe
1.2615058 W	2185962	"/home/boggy/ref_rapl/energy_exp_server/NPB3.4.3/NPB3.4-MPI/bin/mg.C.x"
0.9461294 W	2185960	"/home/boggy/ref_rapl/energy_exp_server/NPB3.4.3/NPB3.4-MPI/bin/mg.C.x"
0.9461294 W	2185961	"/home/boggy/ref_rapl/energy_exp_server/NPB3.4.3/NPB3.4-MPI/bin/mg.C.x"
0.9461294 W	2185959	"/home/boggy/ref_rapl/energy_exp_server/NPB3.4.3/NPB3.4-MPI/bin/mg.C.x"
0.6307529 W	2185940	"/home/boggy/ref_rapl/scaphandre/target/release/scaphandre"
------------------------------------------------------------

Host:	53.465541 W from 
	package 	core		dram		uncore
Socket0	49.005783 W |	43.641796 W	4.791727 W	0 W	

Top 5 consumers:
Power		PID	Exe
1.250656 W	2185940	"/home/boggy/ref_rapl/scaphandre/target/release/scaphandre"
0.9379919 W	2185960	"/home/boggy/ref_rapl/energy_exp_server/NPB3.4.3/NPB3.4-MPI/bin/mg.C.x"
0.9379919 W	2185962	"/home/boggy/ref_rapl/energy_exp_server/NPB3.4.3/NPB3.4-MPI/bin/mg.C.x"
0.9379919 W	2185961	"/home/boggy/ref_rapl/energy_exp_server/NPB3.4.3/NPB3.4-MPI/bin/mg.C.x"
0.9379919 W	2185959	"/home/boggy/ref_rapl/energy_exp_server/NPB3.4.3/NPB3.4-MPI/bin/mg.C.x"
------------------------------------------------------------

Host:	53.363741 W from 
	package 	core		dram		uncore
Socket0	48.56795 W |	43.756092 W	4.747819 W	0 W	

Top 5 consumers:
Power		PID	Exe
0.936206 W	2185960	"/home/boggy/ref_rapl/energy_exp_server/NPB3.4.3/NPB3.4-MPI/bin/mg.C.x"
0.936206 W	2185962	"/home/boggy/ref_rapl/energy_exp_server/NPB3.4.3/NPB3.4-MPI/bin/mg.C.x"
0.936206 W	2185961	"/home/boggy/ref_rapl/energy_exp_server/NPB3.4.3/NPB3.4-MPI/bin/mg.C.x"
0.936206 W	2185959	"/home/boggy/ref_rapl/energy_exp_server/NPB3.4.3/NPB3.4-MPI/bin/mg.C.x"
0.3120687 W	2185940	"/home/boggy/ref_rapl/scaphandre/target/release/scaphandre"
------------------------------------------------------------

Host:	54.734283 W from 
	package 	core		dram		uncore
Socket0	49.949245 W |	43.69423 W	4.749263 W	0 W	

Top 5 consumers:
Power		PID	Exe
1.2803341 W	2185940	"/home/boggy/ref_rapl/scaphandre/target/release/scaphandre"
1.2803341 W	2185960	"/home/boggy/ref_rapl/energy_exp_server/NPB3.4.3/NPB3.4-MPI/bin/mg.C.x"
1.2803341 W	2185962	"/home/boggy/ref_rapl/energy_exp_server/NPB3.4.3/NPB3.4-MPI/bin/mg.C.x"
1.2803341 W	2185961	"/home/boggy/ref_rapl/energy_exp_server/NPB3.4.3/NPB3.4-MPI/bin/mg.C.x"
1.2803341 W	2185959	"/home/boggy/ref_rapl/energy_exp_server/NPB3.4.3/NPB3.4-MPI/bin/mg.C.x"
------------------------------------------------------------

Host:	53.242184 W from 
	package 	core		dram		uncore
Socket0	48.554485 W |	43.87995 W	4.728429 W	0 W	

Top 5 consumers:
Power		PID	Exe
0.9859664 W	2185960	"/home/boggy/ref_rapl/energy_exp_server/NPB3.4.3/NPB3.4-MPI/bin/mg.C.x"
0.9859664 W	2185962	"/home/boggy/ref_rapl/energy_exp_server/NPB3.4.3/NPB3.4-MPI/bin/mg.C.x"
0.9859664 W	2185961	"/home/boggy/ref_rapl/energy_exp_server/NPB3.4.3/NPB3.4-MPI/bin/mg.C.x"
0.9859664 W	2185959	"/home/boggy/ref_rapl/energy_exp_server/NPB3.4.3/NPB3.4-MPI/bin/mg.C.x"
0.6573109 W	2185940	"/home/boggy/ref_rapl/scaphandre/target/release/scaphandre"
------------------------------------------------------------

Host:	50.446749 W from 
	package 	core		dram		uncore
Socket0	47.727047 W |	42.294697 W	4.752299 W	0 W	

Top 5 consumers:
Power		PID	Exe
0.93419904 W	2185940	"/home/boggy/ref_rapl/scaphandre/target/release/scaphandre"
0.93419904 W	2185960	"/home/boggy/ref_rapl/energy_exp_server/NPB3.4.3/NPB3.4-MPI/bin/mg.C.x"
0.93419904 W	2185962	"/home/boggy/ref_rapl/energy_exp_server/NPB3.4.3/NPB3.4-MPI/bin/mg.C.x"
0.93419904 W	2185961	"/home/boggy/ref_rapl/energy_exp_server/NPB3.4.3/NPB3.4-MPI/bin/mg.C.x"
0.93419904 W	2185959	"/home/boggy/ref_rapl/energy_exp_server/NPB3.4.3/NPB3.4-MPI/bin/mg.C.x"
------------------------------------------------------------

Host:	52.039067 W from 
	package 	core		dram		uncore
Socket0	47.278637 W |	42.94677 W	4.443727 W	0 W	

Top 5 consumers:
Power		PID	Exe
1.2849152 W	2185960	"/home/boggy/ref_rapl/energy_exp_server/NPB3.4.3/NPB3.4-MPI/bin/mg.C.x"
1.2849152 W	2185959	"/home/boggy/ref_rapl/energy_exp_server/NPB3.4.3/NPB3.4-MPI/bin/mg.C.x"
0.96368647 W	2185962	"/home/boggy/ref_rapl/energy_exp_server/NPB3.4.3/NPB3.4-MPI/bin/mg.C.x"
0.96368647 W	2185961	"/home/boggy/ref_rapl/energy_exp_server/NPB3.4.3/NPB3.4-MPI/bin/mg.C.x"
0.6424576 W	2185940	"/home/boggy/ref_rapl/scaphandre/target/release/scaphandre"
------------------------------------------------------------

Host:	51.87443 W from 
	package 	core		dram		uncore
Socket0	47.676514 W |	42.512657 W	4.553978 W	0 W	

Top 5 consumers:
Power		PID	Exe
1.2808502 W	2185961	"/home/boggy/ref_rapl/energy_exp_server/NPB3.4.3/NPB3.4-MPI/bin/mg.C.x"
0.96063757 W	2185960	"/home/boggy/ref_rapl/energy_exp_server/NPB3.4.3/NPB3.4-MPI/bin/mg.C.x"
0.96063757 W	2185962	"/home/boggy/ref_rapl/energy_exp_server/NPB3.4.3/NPB3.4-MPI/bin/mg.C.x"
0.96063757 W	2185959	"/home/boggy/ref_rapl/energy_exp_server/NPB3.4.3/NPB3.4-MPI/bin/mg.C.x"
0.6404251 W	2185940	"/home/boggy/ref_rapl/scaphandre/target/release/scaphandre"
------------------------------------------------------------

Host:	47.231448 W from 
	package 	core		dram		uncore
Socket0	46.74917 W |	41.273594 W	4.548141 W	0 W	

Top 5 consumers:
Power		PID	Exe
1.1662086 W	2185940	"/home/boggy/ref_rapl/scaphandre/target/release/scaphandre"
1.1662086 W	2185960	"/home/boggy/ref_rapl/energy_exp_server/NPB3.4.3/NPB3.4-MPI/bin/mg.C.x"
1.1662086 W	2185962	"/home/boggy/ref_rapl/energy_exp_server/NPB3.4.3/NPB3.4-MPI/bin/mg.C.x"
1.1662086 W	2185961	"/home/boggy/ref_rapl/energy_exp_server/NPB3.4.3/NPB3.4-MPI/bin/mg.C.x"
1.1662086 W	2185959	"/home/boggy/ref_rapl/energy_exp_server/NPB3.4.3/NPB3.4-MPI/bin/mg.C.x"
------------------------------------------------------------

Host:	46.484901 W from 
	package 	core		dram		uncore
Socket0	41.68409 W |	36.479202 W	4.528175 W	0 W	

Top 5 consumers:
Power		PID	Exe
1.721663 W	2185940	"/home/boggy/ref_rapl/scaphandre/target/release/scaphandre"
1.721663 W	2185962	"/home/boggy/ref_rapl/energy_exp_server/NPB3.4.3/NPB3.4-MPI/bin/mg.C.x"
1.721663 W	2185961	"/home/boggy/ref_rapl/energy_exp_server/NPB3.4.3/NPB3.4-MPI/bin/mg.C.x"
1.4347192 W	2185960	"/home/boggy/ref_rapl/energy_exp_server/NPB3.4.3/NPB3.4-MPI/bin/mg.C.x"
1.4347192 W	2185959	"/home/boggy/ref_rapl/energy_exp_server/NPB3.4.3/NPB3.4-MPI/bin/mg.C.x"
------------------------------------------------------------

Host:	49.744317 W from 
	package 	core		dram		uncore
Socket0	42.130135 W |	37.24206 W	4.601254 W	0 W	

Top 5 consumers:
Power		PID	Exe
2.699304 W	2185959	"/home/boggy/ref_rapl/energy_exp_server/NPB3.4.3/NPB3.4-MPI/bin/mg.C.x"
2.5064964 W	2185960	"/home/boggy/ref_rapl/energy_exp_server/NPB3.4.3/NPB3.4-MPI/bin/mg.C.x"
2.5064964 W	2185962	"/home/boggy/ref_rapl/energy_exp_server/NPB3.4.3/NPB3.4-MPI/bin/mg.C.x"
2.5064964 W	2185961	"/home/boggy/ref_rapl/energy_exp_server/NPB3.4.3/NPB3.4-MPI/bin/mg.C.x"
0.77122974 W	2185940	"/home/boggy/ref_rapl/scaphandre/target/release/scaphandre"
------------------------------------------------------------

Host:	49.591342 W from 
	package 	core		dram		uncore
Socket0	45.30812 W |	40.125824 W	4.572146 W	0 W	

Top 5 consumers:
Power		PID	Exe
2.306574 W	2185960	"/home/boggy/ref_rapl/energy_exp_server/NPB3.4.3/NPB3.4-MPI/bin/mg.C.x"
2.306574 W	2185961	"/home/boggy/ref_rapl/energy_exp_server/NPB3.4.3/NPB3.4-MPI/bin/mg.C.x"
2.1143596 W	2185962	"/home/boggy/ref_rapl/energy_exp_server/NPB3.4.3/NPB3.4-MPI/bin/mg.C.x"
2.1143596 W	2185959	"/home/boggy/ref_rapl/energy_exp_server/NPB3.4.3/NPB3.4-MPI/bin/mg.C.x"
0.384429 W	2185940	"/home/boggy/ref_rapl/scaphandre/target/release/scaphandre"
------------------------------------------------------------

Host:	54.644676 W from 
	package 	core		dram		uncore
Socket0	45.59564 W |	40.45657 W	4.677264 W	0 W	

Top 5 consumers:
Power		PID	Exe
0.8472043 W	2185962	"/home/boggy/ref_rapl/energy_exp_server/NPB3.4.3/NPB3.4-MPI/bin/mg.C.x"
0.6354032 W	2185940	"/home/boggy/ref_rapl/scaphandre/target/release/scaphandre"
0.6354032 W	2185960	"/home/boggy/ref_rapl/energy_exp_server/NPB3.4.3/NPB3.4-MPI/bin/mg.C.x"
0.6354032 W	2185961	"/home/boggy/ref_rapl/energy_exp_server/NPB3.4.3/NPB3.4-MPI/bin/mg.C.x"
0.6354032 W	2185959	"/home/boggy/ref_rapl/energy_exp_server/NPB3.4.3/NPB3.4-MPI/bin/mg.C.x"
------------------------------------------------------------

Host:	52.252889 W from 
	package 	core		dram		uncore
Socket0	48.740746 W |	43.840176 W	4.771878 W	0 W	

Top 5 consumers:
Power		PID	Exe
0.8101223 W	2185940	"/home/boggy/ref_rapl/scaphandre/target/release/scaphandre"
0.6075917 W	2185960	"/home/boggy/ref_rapl/energy_exp_server/NPB3.4.3/NPB3.4-MPI/bin/mg.C.x"
0.6075917 W	2185962	"/home/boggy/ref_rapl/energy_exp_server/NPB3.4.3/NPB3.4-MPI/bin/mg.C.x"
0.6075917 W	2185961	"/home/boggy/ref_rapl/energy_exp_server/NPB3.4.3/NPB3.4-MPI/bin/mg.C.x"
0.6075917 W	2185959	"/home/boggy/ref_rapl/energy_exp_server/NPB3.4.3/NPB3.4-MPI/bin/mg.C.x"
------------------------------------------------------------

Host:	53.632884 W from 
	package 	core		dram		uncore
Socket0	49.027084 W |	43.783627 W	4.789809 W	0 W	

Top 5 consumers:
Power		PID	Exe
0.963465 W	2185960	"/home/boggy/ref_rapl/energy_exp_server/NPB3.4.3/NPB3.4-MPI/bin/mg.C.x"
0.963465 W	2185962	"/home/boggy/ref_rapl/energy_exp_server/NPB3.4.3/NPB3.4-MPI/bin/mg.C.x"
0.963465 W	2185961	"/home/boggy/ref_rapl/energy_exp_server/NPB3.4.3/NPB3.4-MPI/bin/mg.C.x"
0.963465 W	2185959	"/home/boggy/ref_rapl/energy_exp_server/NPB3.4.3/NPB3.4-MPI/bin/mg.C.x"
0.6423101 W	2185940	"/home/boggy/ref_rapl/scaphandre/target/release/scaphandre"
------------------------------------------------------------

Host:	53.564796 W from 
	package 	core		dram		uncore
Socket0	48.71873 W |	43.737858 W	4.780355 W	0 W	

Top 5 consumers:
Power		PID	Exe
1.2829893 W	2185959	"/home/boggy/ref_rapl/energy_exp_server/NPB3.4.3/NPB3.4-MPI/bin/mg.C.x"
0.9622419 W	2185960	"/home/boggy/ref_rapl/energy_exp_server/NPB3.4.3/NPB3.4-MPI/bin/mg.C.x"
0.9622419 W	2185962	"/home/boggy/ref_rapl/energy_exp_server/NPB3.4.3/NPB3.4-MPI/bin/mg.C.x"
0.9622419 W	2185961	"/home/boggy/ref_rapl/energy_exp_server/NPB3.4.3/NPB3.4-MPI/bin/mg.C.x"
0.64149463 W	2185940	"/home/boggy/ref_rapl/scaphandre/target/release/scaphandre"
------------------------------------------------------------

Host:	52.183493 W from 
	package 	core		dram		uncore
Socket0	48.83569 W |	43.922344 W	4.759209 W	0 W	

Top 5 consumers:
Power		PID	Exe
1.2499042 W	2185960	"/home/boggy/ref_rapl/energy_exp_server/NPB3.4.3/NPB3.4-MPI/bin/mg.C.x"
1.2499042 W	2185962	"/home/boggy/ref_rapl/energy_exp_server/NPB3.4.3/NPB3.4-MPI/bin/mg.C.x"
1.2499042 W	2185961	"/home/boggy/ref_rapl/energy_exp_server/NPB3.4.3/NPB3.4-MPI/bin/mg.C.x"
0.93742806 W	2185940	"/home/boggy/ref_rapl/scaphandre/target/release/scaphandre"
0.93742806 W	2185959	"/home/boggy/ref_rapl/energy_exp_server/NPB3.4.3/NPB3.4-MPI/bin/mg.C.x"
------------------------------------------------------------

Host:	55.340966 W from 
	package 	core		dram		uncore
Socket0	47.392704 W |	42.78877 W	4.320223 W	0 W	

Top 5 consumers:
Power		PID	Exe
0.99414915 W	2185960	"/home/boggy/ref_rapl/energy_exp_server/NPB3.4.3/NPB3.4-MPI/bin/mg.C.x"
0.99414915 W	2185961	"/home/boggy/ref_rapl/energy_exp_server/NPB3.4.3/NPB3.4-MPI/bin/mg.C.x"
0.99414915 W	2185959	"/home/boggy/ref_rapl/energy_exp_server/NPB3.4.3/NPB3.4-MPI/bin/mg.C.x"
0.6627661 W	2185940	"/home/boggy/ref_rapl/scaphandre/target/release/scaphandre"
0.6627661 W	2185962	"/home/boggy/ref_rapl/energy_exp_server/NPB3.4.3/NPB3.4-MPI/bin/mg.C.x"
------------------------------------------------------------

Host:	55.222749 W from 
	package 	core		dram		uncore
Socket0	50.87261 W |	45.749626 W	4.376725 W	0 W	

Top 5 consumers:
Power		PID	Exe
0.99202543 W	2185940	"/home/boggy/ref_rapl/scaphandre/target/release/scaphandre"
0.99202543 W	2185960	"/home/boggy/ref_rapl/energy_exp_server/NPB3.4.3/NPB3.4-MPI/bin/mg.C.x"
0.99202543 W	2185962	"/home/boggy/ref_rapl/energy_exp_server/NPB3.4.3/NPB3.4-MPI/bin/mg.C.x"
0.99202543 W	2185961	"/home/boggy/ref_rapl/energy_exp_server/NPB3.4.3/NPB3.4-MPI/bin/mg.C.x"
0.99202543 W	2185959	"/home/boggy/ref_rapl/energy_exp_server/NPB3.4.3/NPB3.4-MPI/bin/mg.C.x"
------------------------------------------------------------

Host:	56.764884 W from 
	package 	core		dram		uncore
Socket0	52.092464 W |	46.32742 W	4.69193 W	0 W	

Top 5 consumers:
Power		PID	Exe
1.359638 W	2185962	"/home/boggy/ref_rapl/energy_exp_server/NPB3.4.3/NPB3.4-MPI/bin/mg.C.x"
1.0197285 W	2185960	"/home/boggy/ref_rapl/energy_exp_server/NPB3.4.3/NPB3.4-MPI/bin/mg.C.x"
1.0197285 W	2185961	"/home/boggy/ref_rapl/energy_exp_server/NPB3.4.3/NPB3.4-MPI/bin/mg.C.x"
1.0197285 W	2185959	"/home/boggy/ref_rapl/energy_exp_server/NPB3.4.3/NPB3.4-MPI/bin/mg.C.x"
0.679819 W	2185940	"/home/boggy/ref_rapl/scaphandre/target/release/scaphandre"
------------------------------------------------------------

Host:	56.112082 W from 
	package 	core		dram		uncore
Socket0	50.294964 W |	46.06078 W	4.536222 W	0 W	

Top 5 consumers:
Power		PID	Exe
1.0080014 W	2185940	"/home/boggy/ref_rapl/scaphandre/target/release/scaphandre"
1.0080014 W	2185960	"/home/boggy/ref_rapl/energy_exp_server/NPB3.4.3/NPB3.4-MPI/bin/mg.C.x"
1.0080014 W	2185962	"/home/boggy/ref_rapl/energy_exp_server/NPB3.4.3/NPB3.4-MPI/bin/mg.C.x"
1.0080014 W	2185961	"/home/boggy/ref_rapl/energy_exp_server/NPB3.4.3/NPB3.4-MPI/bin/mg.C.x"
1.0080014 W	2185959	"/home/boggy/ref_rapl/energy_exp_server/NPB3.4.3/NPB3.4-MPI/bin/mg.C.x"
------------------------------------------------------------

Host:	55.779932 W from 
	package 	core		dram		uncore
Socket0	51.792347 W |	46.43168 W	4.659339 W	0 W	

Top 5 consumers:
Power		PID	Exe
0.95622736 W	2185960	"/home/boggy/ref_rapl/energy_exp_server/NPB3.4.3/NPB3.4-MPI/bin/mg.C.x"
0.95622736 W	2185962	"/home/boggy/ref_rapl/energy_exp_server/NPB3.4.3/NPB3.4-MPI/bin/mg.C.x"
0.95622736 W	2185961	"/home/boggy/ref_rapl/energy_exp_server/NPB3.4.3/NPB3.4-MPI/bin/mg.C.x"
0.95622736 W	2185959	"/home/boggy/ref_rapl/energy_exp_server/NPB3.4.3/NPB3.4-MPI/bin/mg.C.x"
0.63748485 W	2185940	"/home/boggy/ref_rapl/scaphandre/target/release/scaphandre"
------------------------------------------------------------

Host:	55.575207 W from 
	package 	core		dram		uncore
Socket0	50.92064 W |	46.310295 W	4.576514 W	0 W	

Top 5 consumers:
Power		PID	Exe
0.9527177 W	2185940	"/home/boggy/ref_rapl/scaphandre/target/release/scaphandre"
0.9527177 W	2185960	"/home/boggy/ref_rapl/energy_exp_server/NPB3.4.3/NPB3.4-MPI/bin/mg.C.x"
0.9527177 W	2185962	"/home/boggy/ref_rapl/energy_exp_server/NPB3.4.3/NPB3.4-MPI/bin/mg.C.x"
0.9527177 W	2185961	"/home/boggy/ref_rapl/energy_exp_server/NPB3.4.3/NPB3.4-MPI/bin/mg.C.x"
0.9527177 W	2185959	"/home/boggy/ref_rapl/energy_exp_server/NPB3.4.3/NPB3.4-MPI/bin/mg.C.x"
------------------------------------------------------------

Host:	54.34212 W from 
	package 	core		dram		uncore
Socket0	51.2476 W |	46.439922 W	4.728412 W	0 W	

Top 5 consumers:
Power		PID	Exe
0.9315791 W	2185960	"/home/boggy/ref_rapl/energy_exp_server/NPB3.4.3/NPB3.4-MPI/bin/mg.C.x"
0.9315791 W	2185962	"/home/boggy/ref_rapl/energy_exp_server/NPB3.4.3/NPB3.4-MPI/bin/mg.C.x"
0.9315791 W	2185961	"/home/boggy/ref_rapl/energy_exp_server/NPB3.4.3/NPB3.4-MPI/bin/mg.C.x"
0.9315791 W	2185959	"/home/boggy/ref_rapl/energy_exp_server/NPB3.4.3/NPB3.4-MPI/bin/mg.C.x"
0.62105274 W	2185940	"/home/boggy/ref_rapl/scaphandre/target/release/scaphandre"
------------------------------------------------------------

Host:	53.333424 W from 
	package 	core		dram		uncore
Socket0	48.800816 W |	43.42048 W	4.557424 W	0 W	

Top 5 consumers:
Power		PID	Exe
1.2190496 W	2185962	"/home/boggy/ref_rapl/energy_exp_server/NPB3.4.3/NPB3.4-MPI/bin/mg.C.x"
0.9142872 W	2185940	"/home/boggy/ref_rapl/scaphandre/target/release/scaphandre"
0.9142872 W	2185960	"/home/boggy/ref_rapl/energy_exp_server/NPB3.4.3/NPB3.4-MPI/bin/mg.C.x"
0.9142872 W	2185961	"/home/boggy/ref_rapl/energy_exp_server/NPB3.4.3/NPB3.4-MPI/bin/mg.C.x"
0.9142872 W	2185959	"/home/boggy/ref_rapl/energy_exp_server/NPB3.4.3/NPB3.4-MPI/bin/mg.C.x"
------------------------------------------------------------

Host:	53.871943 W from 
	package 	core		dram		uncore
Socket0	48.68237 W |	43.765476 W	4.775579 W	0 W	

Top 5 consumers:
Power		PID	Exe
0.92351896 W	2185940	"/home/boggy/ref_rapl/scaphandre/target/release/scaphandre"
0.92351896 W	2185960	"/home/boggy/ref_rapl/energy_exp_server/NPB3.4.3/NPB3.4-MPI/bin/mg.C.x"
0.92351896 W	2185962	"/home/boggy/ref_rapl/energy_exp_server/NPB3.4.3/NPB3.4-MPI/bin/mg.C.x"
0.92351896 W	2185961	"/home/boggy/ref_rapl/energy_exp_server/NPB3.4.3/NPB3.4-MPI/bin/mg.C.x"
0.92351896 W	2185959	"/home/boggy/ref_rapl/energy_exp_server/NPB3.4.3/NPB3.4-MPI/bin/mg.C.x"
------------------------------------------------------------

Host:	53.648194 W from 
	package 	core		dram		uncore
Socket0	49.083252 W |	43.94351 W	4.774623 W	0 W	

Top 5 consumers:
Power		PID	Exe
1.2262443 W	2185960	"/home/boggy/ref_rapl/energy_exp_server/NPB3.4.3/NPB3.4-MPI/bin/mg.C.x"
1.2262443 W	2185961	"/home/boggy/ref_rapl/energy_exp_server/NPB3.4.3/NPB3.4-MPI/bin/mg.C.x"
1.2262443 W	2185959	"/home/boggy/ref_rapl/energy_exp_server/NPB3.4.3/NPB3.4-MPI/bin/mg.C.x"
0.9196833 W	2185962	"/home/boggy/ref_rapl/energy_exp_server/NPB3.4.3/NPB3.4-MPI/bin/mg.C.x"
0.61312217 W	2185940	"/home/boggy/ref_rapl/scaphandre/target/release/scaphandre"
------------------------------------------------------------

Host:	53.400718 W from 
	package 	core		dram		uncore
Socket0	48.914337 W |	43.85823 W	4.777248 W	0 W	

Top 5 consumers:
Power		PID	Exe
1.2205877 W	2185962	"/home/boggy/ref_rapl/energy_exp_server/NPB3.4.3/NPB3.4-MPI/bin/mg.C.x"
0.9154408 W	2185940	"/home/boggy/ref_rapl/scaphandre/target/release/scaphandre"
0.9154408 W	2185960	"/home/boggy/ref_rapl/energy_exp_server/NPB3.4.3/NPB3.4-MPI/bin/mg.C.x"
0.9154408 W	2185961	"/home/boggy/ref_rapl/energy_exp_server/NPB3.4.3/NPB3.4-MPI/bin/mg.C.x"
0.9154408 W	2185959	"/home/boggy/ref_rapl/energy_exp_server/NPB3.4.3/NPB3.4-MPI/bin/mg.C.x"
------------------------------------------------------------

Host:	54.228446 W from 
	package 	core		dram		uncore
Socket0	50.246185 W |	43.837055 W	4.759501 W	0 W	

Top 5 consumers:
Power		PID	Exe
0.9191263 W	2185960	"/home/boggy/ref_rapl/energy_exp_server/NPB3.4.3/NPB3.4-MPI/bin/mg.C.x"
0.9191263 W	2185962	"/home/boggy/ref_rapl/energy_exp_server/NPB3.4.3/NPB3.4-MPI/bin/mg.C.x"
0.9191263 W	2185961	"/home/boggy/ref_rapl/energy_exp_server/NPB3.4.3/NPB3.4-MPI/bin/mg.C.x"
0.9191263 W	2185959	"/home/boggy/ref_rapl/energy_exp_server/NPB3.4.3/NPB3.4-MPI/bin/mg.C.x"
0.6127508 W	2185940	"/home/boggy/ref_rapl/scaphandre/target/release/scaphandre"
------------------------------------------------------------

Host:	54.477492 W from 
	package 	core		dram		uncore
Socket0	48.19251 W |	43.942863 W	4.83515 W	0 W	

Top 5 consumers:
Power		PID	Exe
0.92334735 W	2185940	"/home/boggy/ref_rapl/scaphandre/target/release/scaphandre"
0.92334735 W	2185960	"/home/boggy/ref_rapl/energy_exp_server/NPB3.4.3/NPB3.4-MPI/bin/mg.C.x"
0.92334735 W	2185962	"/home/boggy/ref_rapl/energy_exp_server/NPB3.4.3/NPB3.4-MPI/bin/mg.C.x"
0.92334735 W	2185961	"/home/boggy/ref_rapl/energy_exp_server/NPB3.4.3/NPB3.4-MPI/bin/mg.C.x"
0.92334735 W	2185959	"/home/boggy/ref_rapl/energy_exp_server/NPB3.4.3/NPB3.4-MPI/bin/mg.C.x"
------------------------------------------------------------

Host:	52.821481 W from 
	package 	core		dram		uncore
Socket0	49.18362 W |	43.883625 W	4.66263 W	0 W	

Top 5 consumers:
Power		PID	Exe
0.89527935 W	2185940	"/home/boggy/ref_rapl/scaphandre/target/release/scaphandre"
0.89527935 W	2185960	"/home/boggy/ref_rapl/energy_exp_server/NPB3.4.3/NPB3.4-MPI/bin/mg.C.x"
0.89527935 W	2185962	"/home/boggy/ref_rapl/energy_exp_server/NPB3.4.3/NPB3.4-MPI/bin/mg.C.x"
0.89527935 W	2185961	"/home/boggy/ref_rapl/energy_exp_server/NPB3.4.3/NPB3.4-MPI/bin/mg.C.x"
0.89527935 W	2185959	"/home/boggy/ref_rapl/energy_exp_server/NPB3.4.3/NPB3.4-MPI/bin/mg.C.x"
------------------------------------------------------------

Host:	51.601512 W from 
	package 	core		dram		uncore
Socket0	47.137405 W |	42.528767 W	4.833036 W	0 W	

Top 5 consumers:
Power		PID	Exe
1.1661359 W	2185959	"/home/boggy/ref_rapl/energy_exp_server/NPB3.4.3/NPB3.4-MPI/bin/mg.C.x"
0.87460196 W	2185960	"/home/boggy/ref_rapl/energy_exp_server/NPB3.4.3/NPB3.4-MPI/bin/mg.C.x"
0.87460196 W	2185962	"/home/boggy/ref_rapl/energy_exp_server/NPB3.4.3/NPB3.4-MPI/bin/mg.C.x"
0.87460196 W	2185961	"/home/boggy/ref_rapl/energy_exp_server/NPB3.4.3/NPB3.4-MPI/bin/mg.C.x"
0.58306795 W	2185940	"/home/boggy/ref_rapl/scaphandre/target/release/scaphandre"
------------------------------------------------------------

Host:	52.49645 W from 
	package 	core		dram		uncore
Socket0	48.87893 W |	43.205914 W	4.468226 W	0 W	

Top 5 consumers:
Power		PID	Exe
0.8897704 W	2185960	"/home/boggy/ref_rapl/energy_exp_server/NPB3.4.3/NPB3.4-MPI/bin/mg.C.x"
0.8897704 W	2185962	"/home/boggy/ref_rapl/energy_exp_server/NPB3.4.3/NPB3.4-MPI/bin/mg.C.x"
0.8897704 W	2185961	"/home/boggy/ref_rapl/energy_exp_server/NPB3.4.3/NPB3.4-MPI/bin/mg.C.x"
0.8897704 W	2185959	"/home/boggy/ref_rapl/energy_exp_server/NPB3.4.3/NPB3.4-MPI/bin/mg.C.x"
0.59318024 W	2185940	"/home/boggy/ref_rapl/scaphandre/target/release/scaphandre"
------------------------------------------------------------

Host:	51.203655 W from 
	package 	core		dram		uncore
Socket0	47.582542 W |	42.447334 W	4.673538 W	0 W	

Top 5 consumers:
Power		PID	Exe
1.1571448 W	2185940	"/home/boggy/ref_rapl/scaphandre/target/release/scaphandre"
1.1571448 W	2185960	"/home/boggy/ref_rapl/energy_exp_server/NPB3.4.3/NPB3.4-MPI/bin/mg.C.x"
1.1571448 W	2185961	"/home/boggy/ref_rapl/energy_exp_server/NPB3.4.3/NPB3.4-MPI/bin/mg.C.x"
0.8678586 W	2185962	"/home/boggy/ref_rapl/energy_exp_server/NPB3.4.3/NPB3.4-MPI/bin/mg.C.x"
0.8678586 W	2185959	"/home/boggy/ref_rapl/energy_exp_server/NPB3.4.3/NPB3.4-MPI/bin/mg.C.x"
------------------------------------------------------------

Host:	49.064391 W from 
	package 	core		dram		uncore
Socket0	46.856083 W |	42.19136 W	4.187907 W	0 W	

Top 5 consumers:
Power		PID	Exe
1.1087997 W	2185962	"/home/boggy/ref_rapl/energy_exp_server/NPB3.4.3/NPB3.4-MPI/bin/mg.C.x"
0.8315999 W	2185960	"/home/boggy/ref_rapl/energy_exp_server/NPB3.4.3/NPB3.4-MPI/bin/mg.C.x"
0.8315999 W	2185961	"/home/boggy/ref_rapl/energy_exp_server/NPB3.4.3/NPB3.4-MPI/bin/mg.C.x"
0.8315999 W	2185959	"/home/boggy/ref_rapl/energy_exp_server/NPB3.4.3/NPB3.4-MPI/bin/mg.C.x"
0.55439985 W	2185940	"/home/boggy/ref_rapl/scaphandre/target/release/scaphandre"
------------------------------------------------------------

Host:	46.13404 W from 
	package 	core		dram		uncore
Socket0	42.45657 W |	37.13726 W	4.51615 W	0 W	

Top 5 consumers:
Power		PID	Exe
1.4122665 W	2185940	"/home/boggy/ref_rapl/scaphandre/target/release/scaphandre"
1.4122665 W	2185960	"/home/boggy/ref_rapl/energy_exp_server/NPB3.4.3/NPB3.4-MPI/bin/mg.C.x"
1.4122665 W	2185961	"/home/boggy/ref_rapl/energy_exp_server/NPB3.4.3/NPB3.4-MPI/bin/mg.C.x"
1.4122665 W	2185959	"/home/boggy/ref_rapl/energy_exp_server/NPB3.4.3/NPB3.4-MPI/bin/mg.C.x"
1.1768887 W	2185962	"/home/boggy/ref_rapl/energy_exp_server/NPB3.4.3/NPB3.4-MPI/bin/mg.C.x"
------------------------------------------------------------

Host:	47.659246 W from 
	package 	core		dram		uncore
Socket0	41.711945 W |	36.81144 W	4.634096 W	0 W	

Top 5 consumers:
Power		PID	Exe
1.2157971 W	2185940	"/home/boggy/ref_rapl/scaphandre/target/release/scaphandre"
1.2157971 W	2185960	"/home/boggy/ref_rapl/energy_exp_server/NPB3.4.3/NPB3.4-MPI/bin/mg.C.x"
1.2157971 W	2185962	"/home/boggy/ref_rapl/energy_exp_server/NPB3.4.3/NPB3.4-MPI/bin/mg.C.x"
1.2157971 W	2185961	"/home/boggy/ref_rapl/energy_exp_server/NPB3.4.3/NPB3.4-MPI/bin/mg.C.x"
1.2157971 W	2185959	"/home/boggy/ref_rapl/energy_exp_server/NPB3.4.3/NPB3.4-MPI/bin/mg.C.x"
------------------------------------------------------------

Host:	53.72586 W from 
	package 	core		dram		uncore
Socket0	44.21244 W |	38.59116 W	4.505567 W	0 W	

Top 5 consumers:
Power		PID	Exe
1.0964462 W	2185940	"/home/boggy/ref_rapl/scaphandre/target/release/scaphandre"
1.0964462 W	2185960	"/home/boggy/ref_rapl/energy_exp_server/NPB3.4.3/NPB3.4-MPI/bin/mg.C.x"
1.0964462 W	2185962	"/home/boggy/ref_rapl/energy_exp_server/NPB3.4.3/NPB3.4-MPI/bin/mg.C.x"
1.0964462 W	2185961	"/home/boggy/ref_rapl/energy_exp_server/NPB3.4.3/NPB3.4-MPI/bin/mg.C.x"
1.0964462 W	2185959	"/home/boggy/ref_rapl/energy_exp_server/NPB3.4.3/NPB3.4-MPI/bin/mg.C.x"
------------------------------------------------------------

Host:	55.102594 W from 
	package 	core		dram		uncore
Socket0	52.177753 W |	46.928257 W	4.437797 W	0 W	

Top 5 consumers:
Power		PID	Exe
1.1245427 W	2185962	"/home/boggy/ref_rapl/energy_exp_server/NPB3.4.3/NPB3.4-MPI/bin/mg.C.x"
0.84340703 W	2185960	"/home/boggy/ref_rapl/energy_exp_server/NPB3.4.3/NPB3.4-MPI/bin/mg.C.x"
0.84340703 W	2185961	"/home/boggy/ref_rapl/energy_exp_server/NPB3.4.3/NPB3.4-MPI/bin/mg.C.x"
0.84340703 W	2185959	"/home/boggy/ref_rapl/energy_exp_server/NPB3.4.3/NPB3.4-MPI/bin/mg.C.x"
0.56227136 W	2185940	"/home/boggy/ref_rapl/scaphandre/target/release/scaphandre"
------------------------------------------------------------

Host:	51.413476 W from 
	package 	core		dram		uncore
Socket0	49.317406 W |	44.315567 W	4.480605 W	0 W	

Top 5 consumers:
Power		PID	Exe
1.0492547 W	2185940	"/home/boggy/ref_rapl/scaphandre/target/release/scaphandre"
0.78694093 W	2185960	"/home/boggy/ref_rapl/energy_exp_server/NPB3.4.3/NPB3.4-MPI/bin/mg.C.x"
0.78694093 W	2185962	"/home/boggy/ref_rapl/energy_exp_server/NPB3.4.3/NPB3.4-MPI/bin/mg.C.x"
0.78694093 W	2185961	"/home/boggy/ref_rapl/energy_exp_server/NPB3.4.3/NPB3.4-MPI/bin/mg.C.x"
0.78694093 W	2185959	"/home/boggy/ref_rapl/energy_exp_server/NPB3.4.3/NPB3.4-MPI/bin/mg.C.x"
------------------------------------------------------------

Host:	51.194823 W from 
	package 	core		dram		uncore
Socket0	47.01784 W |	41.672436 W	4.596736 W	0 W	

Top 5 consumers:
Power		PID	Exe
0.78359425 W	2185960	"/home/boggy/ref_rapl/energy_exp_server/NPB3.4.3/NPB3.4-MPI/bin/mg.C.x"
0.78359425 W	2185962	"/home/boggy/ref_rapl/energy_exp_server/NPB3.4.3/NPB3.4-MPI/bin/mg.C.x"
0.78359425 W	2185961	"/home/boggy/ref_rapl/energy_exp_server/NPB3.4.3/NPB3.4-MPI/bin/mg.C.x"
0.78359425 W	2185959	"/home/boggy/ref_rapl/energy_exp_server/NPB3.4.3/NPB3.4-MPI/bin/mg.C.x"
0.52239615 W	2185940	"/home/boggy/ref_rapl/scaphandre/target/release/scaphandre"
------------------------------------------------------------

Host:	53.040884 W from 
	package 	core		dram		uncore
Socket0	46.6165 W |	41.74047 W	4.666853 W	0 W	

Top 5 consumers:
Power		PID	Exe
1.198664 W	2185959	"/home/boggy/ref_rapl/energy_exp_server/NPB3.4.3/NPB3.4-MPI/bin/mg.C.x"
0.8989981 W	2185960	"/home/boggy/ref_rapl/energy_exp_server/NPB3.4.3/NPB3.4-MPI/bin/mg.C.x"
0.8989981 W	2185962	"/home/boggy/ref_rapl/energy_exp_server/NPB3.4.3/NPB3.4-MPI/bin/mg.C.x"
0.8989981 W	2185961	"/home/boggy/ref_rapl/energy_exp_server/NPB3.4.3/NPB3.4-MPI/bin/mg.C.x"
0.599332 W	2185940	"/home/boggy/ref_rapl/scaphandre/target/release/scaphandre"
------------------------------------------------------------

Host:	55.025006 W from 
	package 	core		dram		uncore
Socket0	48.23254 W |	43.48104 W	4.723953 W	0 W	

Top 5 consumers:
Power		PID	Exe
0.93262726 W	2185960	"/home/boggy/ref_rapl/energy_exp_server/NPB3.4.3/NPB3.4-MPI/bin/mg.C.x"
0.93262726 W	2185962	"/home/boggy/ref_rapl/energy_exp_server/NPB3.4.3/NPB3.4-MPI/bin/mg.C.x"
0.93262726 W	2185961	"/home/boggy/ref_rapl/energy_exp_server/NPB3.4.3/NPB3.4-MPI/bin/mg.C.x"
0.93262726 W	2185959	"/home/boggy/ref_rapl/energy_exp_server/NPB3.4.3/NPB3.4-MPI/bin/mg.C.x"
0.6217515 W	2185940	"/home/boggy/ref_rapl/scaphandre/target/release/scaphandre"
------------------------------------------------------------

Host:	52.324333 W from 
	package 	core		dram		uncore
Socket0	49.92196 W |	43.98857 W	4.714025 W	0 W	

Top 5 consumers:
Power		PID	Exe
1.1824708 W	2185940	"/home/boggy/ref_rapl/scaphandre/target/release/scaphandre"
1.1824708 W	2185960	"/home/boggy/ref_rapl/energy_exp_server/NPB3.4.3/NPB3.4-MPI/bin/mg.C.x"
1.1824708 W	2185961	"/home/boggy/ref_rapl/energy_exp_server/NPB3.4.3/NPB3.4-MPI/bin/mg.C.x"
0.8868531 W	2185962	"/home/boggy/ref_rapl/energy_exp_server/NPB3.4.3/NPB3.4-MPI/bin/mg.C.x"
0.8868531 W	2185959	"/home/boggy/ref_rapl/energy_exp_server/NPB3.4.3/NPB3.4-MPI/bin/mg.C.x"
------------------------------------------------------------

Host:	53.695548 W from 
	package 	core		dram		uncore
Socket0	49.188038 W |	43.835175 W	4.801352 W	0 W	

Top 5 consumers:
Power		PID	Exe
1.2134588 W	2185962	"/home/boggy/ref_rapl/energy_exp_server/NPB3.4.3/NPB3.4-MPI/bin/mg.C.x"
0.9100941 W	2185960	"/home/boggy/ref_rapl/energy_exp_server/NPB3.4.3/NPB3.4-MPI/bin/mg.C.x"
0.9100941 W	2185961	"/home/boggy/ref_rapl/energy_exp_server/NPB3.4.3/NPB3.4-MPI/bin/mg.C.x"
0.9100941 W	2185959	"/home/boggy/ref_rapl/energy_exp_server/NPB3.4.3/NPB3.4-MPI/bin/mg.C.x"
0.6067294 W	2185940	"/home/boggy/ref_rapl/scaphandre/target/release/scaphandre"
------------------------------------------------------------

Host:	54.181955 W from 
	package 	core		dram		uncore
Socket0	49.20695 W |	43.96904 W	4.785381 W	0 W	

Top 5 consumers:
Power		PID	Exe
0.91833824 W	2185940	"/home/boggy/ref_rapl/scaphandre/target/release/scaphandre"
0.91833824 W	2185960	"/home/boggy/ref_rapl/energy_exp_server/NPB3.4.3/NPB3.4-MPI/bin/mg.C.x"
0.91833824 W	2185962	"/home/boggy/ref_rapl/energy_exp_server/NPB3.4.3/NPB3.4-MPI/bin/mg.C.x"
0.91833824 W	2185961	"/home/boggy/ref_rapl/energy_exp_server/NPB3.4.3/NPB3.4-MPI/bin/mg.C.x"
0.91833824 W	2185959	"/home/boggy/ref_rapl/energy_exp_server/NPB3.4.3/NPB3.4-MPI/bin/mg.C.x"
------------------------------------------------------------

Host:	53.866864 W from 
	package 	core		dram		uncore
Socket0	49.19377 W |	43.75596 W	4.808802 W	0 W	

Top 5 consumers:
Power		PID	Exe
1.2173302 W	2185959	"/home/boggy/ref_rapl/energy_exp_server/NPB3.4.3/NPB3.4-MPI/bin/mg.C.x"
0.91299766 W	2185960	"/home/boggy/ref_rapl/energy_exp_server/NPB3.4.3/NPB3.4-MPI/bin/mg.C.x"
0.91299766 W	2185962	"/home/boggy/ref_rapl/energy_exp_server/NPB3.4.3/NPB3.4-MPI/bin/mg.C.x"
0.91299766 W	2185961	"/home/boggy/ref_rapl/energy_exp_server/NPB3.4.3/NPB3.4-MPI/bin/mg.C.x"
0.6086651 W	2185940	"/home/boggy/ref_rapl/scaphandre/target/release/scaphandre"
------------------------------------------------------------

Host:	53.387402 W from 
	package 	core		dram		uncore
Socket0	48.851925 W |	43.750843 W	4.774475 W	0 W	

Top 5 consumers:
Power		PID	Exe
0.9048712 W	2185940	"/home/boggy/ref_rapl/scaphandre/target/release/scaphandre"
0.9048712 W	2185960	"/home/boggy/ref_rapl/energy_exp_server/NPB3.4.3/NPB3.4-MPI/bin/mg.C.x"
0.9048712 W	2185962	"/home/boggy/ref_rapl/energy_exp_server/NPB3.4.3/NPB3.4-MPI/bin/mg.C.x"
0.9048712 W	2185961	"/home/boggy/ref_rapl/energy_exp_server/NPB3.4.3/NPB3.4-MPI/bin/mg.C.x"
0.9048712 W	2185959	"/home/boggy/ref_rapl/energy_exp_server/NPB3.4.3/NPB3.4-MPI/bin/mg.C.x"
------------------------------------------------------------

Host:	53.574992 W from 
	package 	core		dram		uncore
Socket0	47.45016 W |	43.123398 W	4.826884 W	0 W	

Top 5 consumers:
Power		PID	Exe
1.4881942 W	2185960	"/home/boggy/ref_rapl/energy_exp_server/NPB3.4.3/NPB3.4-MPI/bin/mg.C.x"
1.1905553 W	2185962	"/home/boggy/ref_rapl/energy_exp_server/NPB3.4.3/NPB3.4-MPI/bin/mg.C.x"
0.89291656 W	2185940	"/home/boggy/ref_rapl/scaphandre/target/release/scaphandre"
0.89291656 W	2185961	"/home/boggy/ref_rapl/energy_exp_server/NPB3.4.3/NPB3.4-MPI/bin/mg.C.x"
0.89291656 W	2185959	"/home/boggy/ref_rapl/energy_exp_server/NPB3.4.3/NPB3.4-MPI/bin/mg.C.x"
------------------------------------------------------------

Host:	55.916441 W from 
	package 	core		dram		uncore
Socket0	49.6752 W |	44.361324 W	4.43635 W	0 W	

Top 5 consumers:
Power		PID	Exe
0.93194073 W	2185940	"/home/boggy/ref_rapl/scaphandre/target/release/scaphandre"
0.93194073 W	2185960	"/home/boggy/ref_rapl/energy_exp_server/NPB3.4.3/NPB3.4-MPI/bin/mg.C.x"
0.93194073 W	2185962	"/home/boggy/ref_rapl/energy_exp_server/NPB3.4.3/NPB3.4-MPI/bin/mg.C.x"
0.93194073 W	2185961	"/home/boggy/ref_rapl/energy_exp_server/NPB3.4.3/NPB3.4-MPI/bin/mg.C.x"
0.93194073 W	2185959	"/home/boggy/ref_rapl/energy_exp_server/NPB3.4.3/NPB3.4-MPI/bin/mg.C.x"
------------------------------------------------------------

Host:	55.618581 W from 
	package 	core		dram		uncore
Socket0	51.160606 W |	46.28381 W	4.597242 W	0 W	

Top 5 consumers:
Power		PID	Exe
0.9269764 W	2185961	"/home/boggy/ref_rapl/energy_exp_server/NPB3.4.3/NPB3.4-MPI/bin/mg.C.x"
0.9269764 W	2185959	"/home/boggy/ref_rapl/energy_exp_server/NPB3.4.3/NPB3.4-MPI/bin/mg.C.x"
0.61798424 W	2185960	"/home/boggy/ref_rapl/energy_exp_server/NPB3.4.3/NPB3.4-MPI/bin/mg.C.x"
0.61798424 W	2185962	"/home/boggy/ref_rapl/energy_exp_server/NPB3.4.3/NPB3.4-MPI/bin/mg.C.x"
0.30899212 W	2185940	"/home/boggy/ref_rapl/scaphandre/target/release/scaphandre"
------------------------------------------------------------

Host:	55.413114 W from 
	package 	core		dram		uncore
Socket0	51.19095 W |	46.40444 W	4.755093 W	0 W	

Top 5 consumers:
Power		PID	Exe
1.2314026 W	2185960	"/home/boggy/ref_rapl/energy_exp_server/NPB3.4.3/NPB3.4-MPI/bin/mg.C.x"
0.9235519 W	2185940	"/home/boggy/ref_rapl/scaphandre/target/release/scaphandre"
0.9235519 W	2185962	"/home/boggy/ref_rapl/energy_exp_server/NPB3.4.3/NPB3.4-MPI/bin/mg.C.x"
0.9235519 W	2185961	"/home/boggy/ref_rapl/energy_exp_server/NPB3.4.3/NPB3.4-MPI/bin/mg.C.x"
0.9235519 W	2185959	"/home/boggy/ref_rapl/energy_exp_server/NPB3.4.3/NPB3.4-MPI/bin/mg.C.x"
------------------------------------------------------------

Host:	57.456354 W from 
	package 	core		dram		uncore
Socket0	52.586304 W |	46.4404 W	4.555735 W	0 W	

Top 5 consumers:
Power		PID	Exe
1.2768079 W	2185962	"/home/boggy/ref_rapl/energy_exp_server/NPB3.4.3/NPB3.4-MPI/bin/mg.C.x"
1.2768079 W	2185961	"/home/boggy/ref_rapl/energy_exp_server/NPB3.4.3/NPB3.4-MPI/bin/mg.C.x"
0.95760596 W	2185960	"/home/boggy/ref_rapl/energy_exp_server/NPB3.4.3/NPB3.4-MPI/bin/mg.C.x"
0.95760596 W	2185959	"/home/boggy/ref_rapl/energy_exp_server/NPB3.4.3/NPB3.4-MPI/bin/mg.C.x"
0.63840395 W	2185940	"/home/boggy/ref_rapl/scaphandre/target/release/scaphandre"
------------------------------------------------------------

Host:	56.127949 W from 
	package 	core		dram		uncore
Socket0	51.158234 W |	46.351566 W	4.588082 W	0 W	

Top 5 consumers:
Power		PID	Exe
0.9354659 W	2185940	"/home/boggy/ref_rapl/scaphandre/target/release/scaphandre"
0.9354659 W	2185960	"/home/boggy/ref_rapl/energy_exp_server/NPB3.4.3/NPB3.4-MPI/bin/mg.C.x"
0.9354659 W	2185962	"/home/boggy/ref_rapl/energy_exp_server/NPB3.4.3/NPB3.4-MPI/bin/mg.C.x"
0.9354659 W	2185961	"/home/boggy/ref_rapl/energy_exp_server/NPB3.4.3/NPB3.4-MPI/bin/mg.C.x"
0.9354659 W	2185959	"/home/boggy/ref_rapl/energy_exp_server/NPB3.4.3/NPB3.4-MPI/bin/mg.C.x"
------------------------------------------------------------

Host:	54.689152 W from 
	package 	core		dram		uncore
Socket0	51.26661 W |	46.426003 W	4.576935 W	0 W	

Top 5 consumers:
Power		PID	Exe
0.9114859 W	2185960	"/home/boggy/ref_rapl/energy_exp_server/NPB3.4.3/NPB3.4-MPI/bin/mg.C.x"
0.9114859 W	2185962	"/home/boggy/ref_rapl/energy_exp_server/NPB3.4.3/NPB3.4-MPI/bin/mg.C.x"
0.9114859 W	2185961	"/home/boggy/ref_rapl/energy_exp_server/NPB3.4.3/NPB3.4-MPI/bin/mg.C.x"
0.9114859 W	2185959	"/home/boggy/ref_rapl/energy_exp_server/NPB3.4.3/NPB3.4-MPI/bin/mg.C.x"
0.60765725 W	2185940	"/home/boggy/ref_rapl/scaphandre/target/release/scaphandre"
------------------------------------------------------------

Host:	53.121005 W from 
	package 	core		dram		uncore
Socket0	49.76279 W |	44.112823 W	4.672062 W	0 W	

Top 5 consumers:
Power		PID	Exe
0.9265292 W	2185940	"/home/boggy/ref_rapl/scaphandre/target/release/scaphandre"
0.9265292 W	2185960	"/home/boggy/ref_rapl/energy_exp_server/NPB3.4.3/NPB3.4-MPI/bin/mg.C.x"
0.9265292 W	2185962	"/home/boggy/ref_rapl/energy_exp_server/NPB3.4.3/NPB3.4-MPI/bin/mg.C.x"
0.9265292 W	2185961	"/home/boggy/ref_rapl/energy_exp_server/NPB3.4.3/NPB3.4-MPI/bin/mg.C.x"
0.9265292 W	2185959	"/home/boggy/ref_rapl/energy_exp_server/NPB3.4.3/NPB3.4-MPI/bin/mg.C.x"
------------------------------------------------------------

Host:	53.675475 W from 
	package 	core		dram		uncore
Socket0	49.71753 W |	44.490936 W	4.467603 W	0 W	

Top 5 consumers:
Power		PID	Exe
0.9362002 W	2185940	"/home/boggy/ref_rapl/scaphandre/target/release/scaphandre"
0.9362002 W	2185960	"/home/boggy/ref_rapl/energy_exp_server/NPB3.4.3/NPB3.4-MPI/bin/mg.C.x"
0.9362002 W	2185962	"/home/boggy/ref_rapl/energy_exp_server/NPB3.4.3/NPB3.4-MPI/bin/mg.C.x"
0.9362002 W	2185961	"/home/boggy/ref_rapl/energy_exp_server/NPB3.4.3/NPB3.4-MPI/bin/mg.C.x"
0.9362002 W	2185959	"/home/boggy/ref_rapl/energy_exp_server/NPB3.4.3/NPB3.4-MPI/bin/mg.C.x"
------------------------------------------------------------

Host:	55.178303 W from 
	package 	core		dram		uncore
Socket0	49.07065 W |	43.949432 W	4.775238 W	0 W	

Top 5 consumers:
Power		PID	Exe
0.9624123 W	2185960	"/home/boggy/ref_rapl/energy_exp_server/NPB3.4.3/NPB3.4-MPI/bin/mg.C.x"
0.9624123 W	2185962	"/home/boggy/ref_rapl/energy_exp_server/NPB3.4.3/NPB3.4-MPI/bin/mg.C.x"
0.9624123 W	2185961	"/home/boggy/ref_rapl/energy_exp_server/NPB3.4.3/NPB3.4-MPI/bin/mg.C.x"
0.9624123 W	2185959	"/home/boggy/ref_rapl/energy_exp_server/NPB3.4.3/NPB3.4-MPI/bin/mg.C.x"
0.6416081 W	2185940	"/home/boggy/ref_rapl/scaphandre/target/release/scaphandre"
------------------------------------------------------------

Host:	54.034078 W from 
	package 	core		dram		uncore
Socket0	48.73644 W |	44.100925 W	4.733258 W	0 W	

Top 5 consumers:
Power		PID	Exe
1.2566063 W	2185959	"/home/boggy/ref_rapl/energy_exp_server/NPB3.4.3/NPB3.4-MPI/bin/mg.C.x"
0.94245493 W	2185940	"/home/boggy/ref_rapl/scaphandre/target/release/scaphandre"
0.94245493 W	2185960	"/home/boggy/ref_rapl/energy_exp_server/NPB3.4.3/NPB3.4-MPI/bin/mg.C.x"
0.94245493 W	2185962	"/home/boggy/ref_rapl/energy_exp_server/NPB3.4.3/NPB3.4-MPI/bin/mg.C.x"
0.94245493 W	2185961	"/home/boggy/ref_rapl/energy_exp_server/NPB3.4.3/NPB3.4-MPI/bin/mg.C.x"
------------------------------------------------------------

Host:	53.888685 W from 
	package 	core		dram		uncore
Socket0	49.477783 W |	43.80146 W	4.830366 W	0 W	

Top 5 consumers:
Power		PID	Exe
1.2532252 W	2185960	"/home/boggy/ref_rapl/energy_exp_server/NPB3.4.3/NPB3.4-MPI/bin/mg.C.x"
1.2532252 W	2185962	"/home/boggy/ref_rapl/energy_exp_server/NPB3.4.3/NPB3.4-MPI/bin/mg.C.x"
0.939919 W	2185961	"/home/boggy/ref_rapl/energy_exp_server/NPB3.4.3/NPB3.4-MPI/bin/mg.C.x"
0.939919 W	2185959	"/home/boggy/ref_rapl/energy_exp_server/NPB3.4.3/NPB3.4-MPI/bin/mg.C.x"
0.6266126 W	2185940	"/home/boggy/ref_rapl/scaphandre/target/release/scaphandre"
------------------------------------------------------------

Host:	52.367765 W from 
	package 	core		dram		uncore
Socket0	48.87495 W |	44.1283 W	4.745263 W	0 W	

Top 5 consumers:
Power		PID	Exe
1.217855 W	2185961	"/home/boggy/ref_rapl/energy_exp_server/NPB3.4.3/NPB3.4-MPI/bin/mg.C.x"
0.9133913 W	2185940	"/home/boggy/ref_rapl/scaphandre/target/release/scaphandre"
0.9133913 W	2185960	"/home/boggy/ref_rapl/energy_exp_server/NPB3.4.3/NPB3.4-MPI/bin/mg.C.x"
0.9133913 W	2185962	"/home/boggy/ref_rapl/energy_exp_server/NPB3.4.3/NPB3.4-MPI/bin/mg.C.x"
0.9133913 W	2185959	"/home/boggy/ref_rapl/energy_exp_server/NPB3.4.3/NPB3.4-MPI/bin/mg.C.x"
------------------------------------------------------------

Host:	55.385035 W from 
	package 	core		dram		uncore
Socket0	49.293213 W |	43.95972 W	4.790479 W	0 W	

Top 5 consumers:
Power		PID	Exe
0.96601814 W	2185960	"/home/boggy/ref_rapl/energy_exp_server/NPB3.4.3/NPB3.4-MPI/bin/mg.C.x"
0.96601814 W	2185962	"/home/boggy/ref_rapl/energy_exp_server/NPB3.4.3/NPB3.4-MPI/bin/mg.C.x"
0.96601814 W	2185961	"/home/boggy/ref_rapl/energy_exp_server/NPB3.4.3/NPB3.4-MPI/bin/mg.C.x"
0.96601814 W	2185959	"/home/boggy/ref_rapl/energy_exp_server/NPB3.4.3/NPB3.4-MPI/bin/mg.C.x"
0.644012 W	2185940	"/home/boggy/ref_rapl/scaphandre/target/release/scaphandre"
------------------------------------------------------------

Host:	50.378249 W from 
	package 	core		dram		uncore
Socket0	48.812042 W |	43.68749 W	4.742497 W	0 W	

Top 5 consumers:
Power		PID	Exe
0.8443282 W	2185940	"/home/boggy/ref_rapl/scaphandre/target/release/scaphandre"
0.8443282 W	2185960	"/home/boggy/ref_rapl/energy_exp_server/NPB3.4.3/NPB3.4-MPI/bin/mg.C.x"
0.8443282 W	2185962	"/home/boggy/ref_rapl/energy_exp_server/NPB3.4.3/NPB3.4-MPI/bin/mg.C.x"
0.8443282 W	2185961	"/home/boggy/ref_rapl/energy_exp_server/NPB3.4.3/NPB3.4-MPI/bin/mg.C.x"
0.8443282 W	2185959	"/home/boggy/ref_rapl/energy_exp_server/NPB3.4.3/NPB3.4-MPI/bin/mg.C.x"
------------------------------------------------------------

Host:	52.055739 W from 
	package 	core		dram		uncore
Socket0	47.05877 W |	42.826485 W	3.834079 W	0 W	

Top 5 consumers:
Power		PID	Exe
0.87244254 W	2185960	"/home/boggy/ref_rapl/energy_exp_server/NPB3.4.3/NPB3.4-MPI/bin/mg.C.x"
0.87244254 W	2185962	"/home/boggy/ref_rapl/energy_exp_server/NPB3.4.3/NPB3.4-MPI/bin/mg.C.x"
0.87244254 W	2185961	"/home/boggy/ref_rapl/energy_exp_server/NPB3.4.3/NPB3.4-MPI/bin/mg.C.x"
0.87244254 W	2185959	"/home/boggy/ref_rapl/energy_exp_server/NPB3.4.3/NPB3.4-MPI/bin/mg.C.x"
0.5816284 W	2185940	"/home/boggy/ref_rapl/scaphandre/target/release/scaphandre"
------------------------------------------------------------

Host:	52.924887 W from 
	package 	core		dram		uncore
Socket0	47.89029 W |	42.58528 W	4.554387 W	0 W	

Top 5 consumers:
Power		PID	Exe
0.8870093 W	2185940	"/home/boggy/ref_rapl/scaphandre/target/release/scaphandre"
0.8870093 W	2185960	"/home/boggy/ref_rapl/energy_exp_server/NPB3.4.3/NPB3.4-MPI/bin/mg.C.x"
0.8870093 W	2185962	"/home/boggy/ref_rapl/energy_exp_server/NPB3.4.3/NPB3.4-MPI/bin/mg.C.x"
0.8870093 W	2185961	"/home/boggy/ref_rapl/energy_exp_server/NPB3.4.3/NPB3.4-MPI/bin/mg.C.x"
0.8870093 W	2185959	"/home/boggy/ref_rapl/energy_exp_server/NPB3.4.3/NPB3.4-MPI/bin/mg.C.x"
------------------------------------------------------------

Host:	52.448152 W from 
	package 	core		dram		uncore
Socket0	48.189648 W |	42.60448 W	4.717563 W	0 W	

Top 5 consumers:
Power		PID	Exe
0.8790193 W	2185960	"/home/boggy/ref_rapl/energy_exp_server/NPB3.4.3/NPB3.4-MPI/bin/mg.C.x"
0.8790193 W	2185962	"/home/boggy/ref_rapl/energy_exp_server/NPB3.4.3/NPB3.4-MPI/bin/mg.C.x"
0.8790193 W	2185961	"/home/boggy/ref_rapl/energy_exp_server/NPB3.4.3/NPB3.4-MPI/bin/mg.C.x"
0.8790193 W	2185959	"/home/boggy/ref_rapl/energy_exp_server/NPB3.4.3/NPB3.4-MPI/bin/mg.C.x"
0.5860129 W	2185940	"/home/boggy/ref_rapl/scaphandre/target/release/scaphandre"
------------------------------------------------------------

Host:	46.958412 W from 
	package 	core		dram		uncore
Socket0	44.925953 W |	40.438072 W	4.329525 W	0 W	

Top 5 consumers:
Power		PID	Exe
1.3116875 W	2185959	"/home/boggy/ref_rapl/energy_exp_server/NPB3.4.3/NPB3.4-MPI/bin/mg.C.x"
1.04935 W	2185940	"/home/boggy/ref_rapl/scaphandre/target/release/scaphandre"
1.04935 W	2185960	"/home/boggy/ref_rapl/energy_exp_server/NPB3.4.3/NPB3.4-MPI/bin/mg.C.x"
1.04935 W	2185962	"/home/boggy/ref_rapl/energy_exp_server/NPB3.4.3/NPB3.4-MPI/bin/mg.C.x"
1.04935 W	2185961	"/home/boggy/ref_rapl/energy_exp_server/NPB3.4.3/NPB3.4-MPI/bin/mg.C.x"
------------------------------------------------------------

Host:	46.726297 W from 
	package 	core		dram		uncore
Socket0	42.336456 W |	36.65405 W	4.554294 W	0 W	

Top 5 consumers:
Power		PID	Exe
1.5662446 W	2185940	"/home/boggy/ref_rapl/scaphandre/target/release/scaphandre"
1.5662446 W	2185960	"/home/boggy/ref_rapl/energy_exp_server/NPB3.4.3/NPB3.4-MPI/bin/mg.C.x"
1.5662446 W	2185962	"/home/boggy/ref_rapl/energy_exp_server/NPB3.4.3/NPB3.4-MPI/bin/mg.C.x"
1.5662446 W	2185961	"/home/boggy/ref_rapl/energy_exp_server/NPB3.4.3/NPB3.4-MPI/bin/mg.C.x"
1.3052039 W	2185959	"/home/boggy/ref_rapl/energy_exp_server/NPB3.4.3/NPB3.4-MPI/bin/mg.C.x"
------------------------------------------------------------

Host:	47.817526 W from 
	package 	core		dram		uncore
Socket0	42.475098 W |	37.993675 W	4.624214 W	0 W	

Top 5 consumers:
Power		PID	Exe
1.2717427 W	2185940	"/home/boggy/ref_rapl/scaphandre/target/release/scaphandre"
1.2717427 W	2185960	"/home/boggy/ref_rapl/energy_exp_server/NPB3.4.3/NPB3.4-MPI/bin/mg.C.x"
1.2717427 W	2185962	"/home/boggy/ref_rapl/energy_exp_server/NPB3.4.3/NPB3.4-MPI/bin/mg.C.x"
1.2717427 W	2185961	"/home/boggy/ref_rapl/energy_exp_server/NPB3.4.3/NPB3.4-MPI/bin/mg.C.x"
1.2717427 W	2185959	"/home/boggy/ref_rapl/energy_exp_server/NPB3.4.3/NPB3.4-MPI/bin/mg.C.x"
------------------------------------------------------------

Host:	56.653749 W from 
	package 	core		dram		uncore
Socket0	46.428272 W |	40.936207 W	4.470732 W	0 W	

Top 5 consumers:
Power		PID	Exe
0.90404916 W	2185960	"/home/boggy/ref_rapl/energy_exp_server/NPB3.4.3/NPB3.4-MPI/bin/mg.C.x"
0.90404916 W	2185962	"/home/boggy/ref_rapl/energy_exp_server/NPB3.4.3/NPB3.4-MPI/bin/mg.C.x"
0.90404916 W	2185961	"/home/boggy/ref_rapl/energy_exp_server/NPB3.4.3/NPB3.4-MPI/bin/mg.C.x"
0.90404916 W	2185959	"/home/boggy/ref_rapl/energy_exp_server/NPB3.4.3/NPB3.4-MPI/bin/mg.C.x"
0.60269946 W	2185940	"/home/boggy/ref_rapl/scaphandre/target/release/scaphandre"
------------------------------------------------------------

Host:	54.336918 W from 
	package 	core		dram		uncore
Socket0	53.174873 W |	47.724663 W	4.379431 W	0 W	

Top 5 consumers:
Power		PID	Exe
1.1561047 W	2185940	"/home/boggy/ref_rapl/scaphandre/target/release/scaphandre"
0.8670785 W	2185960	"/home/boggy/ref_rapl/energy_exp_server/NPB3.4.3/NPB3.4-MPI/bin/mg.C.x"
0.8670785 W	2185962	"/home/boggy/ref_rapl/energy_exp_server/NPB3.4.3/NPB3.4-MPI/bin/mg.C.x"
0.8670785 W	2185961	"/home/boggy/ref_rapl/energy_exp_server/NPB3.4.3/NPB3.4-MPI/bin/mg.C.x"
0.8670785 W	2185959	"/home/boggy/ref_rapl/energy_exp_server/NPB3.4.3/NPB3.4-MPI/bin/mg.C.x"
------------------------------------------------------------

Host:	53.330085 W from 
	package 	core		dram		uncore
Socket0	47.5163 W |	43.147835 W	4.483488 W	0 W	

Top 5 consumers:
Power		PID	Exe
0.851012 W	2185960	"/home/boggy/ref_rapl/energy_exp_server/NPB3.4.3/NPB3.4-MPI/bin/mg.C.x"
0.851012 W	2185962	"/home/boggy/ref_rapl/energy_exp_server/NPB3.4.3/NPB3.4-MPI/bin/mg.C.x"
0.851012 W	2185961	"/home/boggy/ref_rapl/energy_exp_server/NPB3.4.3/NPB3.4-MPI/bin/mg.C.x"
0.851012 W	2185959	"/home/boggy/ref_rapl/energy_exp_server/NPB3.4.3/NPB3.4-MPI/bin/mg.C.x"
0.5673413 W	2185940	"/home/boggy/ref_rapl/scaphandre/target/release/scaphandre"
------------------------------------------------------------

Host:	52.898677 W from 
	package 	core		dram		uncore
Socket0	47.266563 W |	41.75363 W	4.600323 W	0 W	

Top 5 consumers:
Power		PID	Exe
0.8441279 W	2185960	"/home/boggy/ref_rapl/energy_exp_server/NPB3.4.3/NPB3.4-MPI/bin/mg.C.x"
0.8441279 W	2185962	"/home/boggy/ref_rapl/energy_exp_server/NPB3.4.3/NPB3.4-MPI/bin/mg.C.x"
0.8441279 W	2185961	"/home/boggy/ref_rapl/energy_exp_server/NPB3.4.3/NPB3.4-MPI/bin/mg.C.x"
0.8441279 W	2185959	"/home/boggy/ref_rapl/energy_exp_server/NPB3.4.3/NPB3.4-MPI/bin/mg.C.x"
0.5627519 W	2185940	"/home/boggy/ref_rapl/scaphandre/target/release/scaphandre"
------------------------------------------------------------

Host:	51.386539 W from 
	package 	core		dram		uncore
Socket0	48.456673 W |	43.14929 W	4.591631 W	0 W	

Top 5 consumers:
Power		PID	Exe
1.639996 W	2185960	"/home/boggy/ref_rapl/energy_exp_server/NPB3.4.3/NPB3.4-MPI/bin/mg.C.x"
1.639996 W	2185962	"/home/boggy/ref_rapl/energy_exp_server/NPB3.4.3/NPB3.4-MPI/bin/mg.C.x"
1.639996 W	2185961	"/home/boggy/ref_rapl/energy_exp_server/NPB3.4.3/NPB3.4-MPI/bin/mg.C.x"
1.639996 W	2185959	"/home/boggy/ref_rapl/energy_exp_server/NPB3.4.3/NPB3.4-MPI/bin/mg.C.x"
0.819998 W	2185940	"/home/boggy/ref_rapl/scaphandre/target/release/scaphandre"
------------------------------------------------------------

Host:	52.52118 W from 
	package 	core		dram		uncore
Socket0	47.205383 W |	42.199753 W	4.756528 W	0 W	

Top 5 consumers:
Power		PID	Exe
1.6243664 W	2185960	"/home/boggy/ref_rapl/energy_exp_server/NPB3.4.3/NPB3.4-MPI/bin/mg.C.x"
1.6243664 W	2185962	"/home/boggy/ref_rapl/energy_exp_server/NPB3.4.3/NPB3.4-MPI/bin/mg.C.x"
1.6243664 W	2185961	"/home/boggy/ref_rapl/energy_exp_server/NPB3.4.3/NPB3.4-MPI/bin/mg.C.x"
1.6243664 W	2185959	"/home/boggy/ref_rapl/energy_exp_server/NPB3.4.3/NPB3.4-MPI/bin/mg.C.x"
0.54145545 W	2185940	"/home/boggy/ref_rapl/scaphandre/target/release/scaphandre"
------------------------------------------------------------

Host:	51.560169 W from 
	package 	core		dram		uncore
Socket0	47.79281 W |	42.186287 W	4.735473 W	0 W	

Top 5 consumers:
Power		PID	Exe
1.5946444 W	2185959	"/home/boggy/ref_rapl/energy_exp_server/NPB3.4.3/NPB3.4-MPI/bin/mg.C.x"
1.3288704 W	2185960	"/home/boggy/ref_rapl/energy_exp_server/NPB3.4.3/NPB3.4-MPI/bin/mg.C.x"
1.3288704 W	2185962	"/home/boggy/ref_rapl/energy_exp_server/NPB3.4.3/NPB3.4-MPI/bin/mg.C.x"
1.3288704 W	2185961	"/home/boggy/ref_rapl/energy_exp_server/NPB3.4.3/NPB3.4-MPI/bin/mg.C.x"
0.7973222 W	2185940	"/home/boggy/ref_rapl/scaphandre/target/release/scaphandre"
------------------------------------------------------------

Host:	51.914029 W from 
	package 	core		dram		uncore
Socket0	47.50674 W |	42.277584 W	4.785856 W	0 W	

Top 5 consumers:
Power		PID	Exe
1.6055886 W	2185960	"/home/boggy/ref_rapl/energy_exp_server/NPB3.4.3/NPB3.4-MPI/bin/mg.C.x"
1.6055886 W	2185962	"/home/boggy/ref_rapl/energy_exp_server/NPB3.4.3/NPB3.4-MPI/bin/mg.C.x"
1.6055886 W	2185961	"/home/boggy/ref_rapl/energy_exp_server/NPB3.4.3/NPB3.4-MPI/bin/mg.C.x"
1.3379905 W	2185959	"/home/boggy/ref_rapl/energy_exp_server/NPB3.4.3/NPB3.4-MPI/bin/mg.C.x"
0.5351961 W	2185940	"/home/boggy/ref_rapl/scaphandre/target/release/scaphandre"
------------------------------------------------------------

Host:	53.483015 W from 
	package 	core		dram		uncore
Socket0	46.120975 W |	40.949955 W	4.771268 W	0 W	

Top 5 consumers:
Power		PID	Exe
1.9297993 W	2185962	"/home/boggy/ref_rapl/energy_exp_server/NPB3.4.3/NPB3.4-MPI/bin/mg.C.x"
1.9297993 W	2185959	"/home/boggy/ref_rapl/energy_exp_server/NPB3.4.3/NPB3.4-MPI/bin/mg.C.x"
1.6541139 W	2185960	"/home/boggy/ref_rapl/energy_exp_server/NPB3.4.3/NPB3.4-MPI/bin/mg.C.x"
1.6541139 W	2185961	"/home/boggy/ref_rapl/energy_exp_server/NPB3.4.3/NPB3.4-MPI/bin/mg.C.x"
1.1027426 W	2185940	"/home/boggy/ref_rapl/scaphandre/target/release/scaphandre"
------------------------------------------------------------

Host:	53.717661 W from 
	package 	core		dram		uncore
Socket0	49.613976 W |	44.60644 W	4.627939 W	0 W	

Top 5 consumers:
Power		PID	Exe
1.6963471 W	2185960	"/home/boggy/ref_rapl/energy_exp_server/NPB3.4.3/NPB3.4-MPI/bin/mg.C.x"
1.6963471 W	2185961	"/home/boggy/ref_rapl/energy_exp_server/NPB3.4.3/NPB3.4-MPI/bin/mg.C.x"
1.6963471 W	2185959	"/home/boggy/ref_rapl/energy_exp_server/NPB3.4.3/NPB3.4-MPI/bin/mg.C.x"
1.4136226 W	2185962	"/home/boggy/ref_rapl/energy_exp_server/NPB3.4.3/NPB3.4-MPI/bin/mg.C.x"
0.56544906 W	2185940	"/home/boggy/ref_rapl/scaphandre/target/release/scaphandre"
------------------------------------------------------------

Host:	55.039838 W from 
	package 	core		dram		uncore
Socket0	50.23892 W |	44.75255 W	4.664787 W	0 W	

Top 5 consumers:
Power		PID	Exe
1.7381002 W	2185960	"/home/boggy/ref_rapl/energy_exp_server/NPB3.4.3/NPB3.4-MPI/bin/mg.C.x"
1.7381002 W	2185962	"/home/boggy/ref_rapl/energy_exp_server/NPB3.4.3/NPB3.4-MPI/bin/mg.C.x"
1.7381002 W	2185961	"/home/boggy/ref_rapl/energy_exp_server/NPB3.4.3/NPB3.4-MPI/bin/mg.C.x"
1.7381002 W	2185959	"/home/boggy/ref_rapl/energy_exp_server/NPB3.4.3/NPB3.4-MPI/bin/mg.C.x"
0.57936674 W	2185940	"/home/boggy/ref_rapl/scaphandre/target/release/scaphandre"
------------------------------------------------------------

Host:	51.81196 W from 
	package 	core		dram		uncore
Socket0	49.430206 W |	44.76719 W	4.577842 W	0 W	

Top 5 consumers:
Power		PID	Exe
1.3634726 W	2185960	"/home/boggy/ref_rapl/energy_exp_server/NPB3.4.3/NPB3.4-MPI/bin/mg.C.x"
1.3634726 W	2185962	"/home/boggy/ref_rapl/energy_exp_server/NPB3.4.3/NPB3.4-MPI/bin/mg.C.x"
1.3634726 W	2185961	"/home/boggy/ref_rapl/energy_exp_server/NPB3.4.3/NPB3.4-MPI/bin/mg.C.x"
1.3634726 W	2185959	"/home/boggy/ref_rapl/energy_exp_server/NPB3.4.3/NPB3.4-MPI/bin/mg.C.x"
0.8180836 W	2185940	"/home/boggy/ref_rapl/scaphandre/target/release/scaphandre"
------------------------------------------------------------

Host:	52.426788 W from 
	package 	core		dram		uncore
Socket0	47.550716 W |	42.264847 W	4.522709 W	0 W	

Top 5 consumers:
Power		PID	Exe
1.6555828 W	2185960	"/home/boggy/ref_rapl/energy_exp_server/NPB3.4.3/NPB3.4-MPI/bin/mg.C.x"
1.6555828 W	2185962	"/home/boggy/ref_rapl/energy_exp_server/NPB3.4.3/NPB3.4-MPI/bin/mg.C.x"
1.6555828 W	2185961	"/home/boggy/ref_rapl/energy_exp_server/NPB3.4.3/NPB3.4-MPI/bin/mg.C.x"
1.6555828 W	2185959	"/home/boggy/ref_rapl/energy_exp_server/NPB3.4.3/NPB3.4-MPI/bin/mg.C.x"
0.8277914 W	2185940	"/home/boggy/ref_rapl/scaphandre/target/release/scaphandre"
------------------------------------------------------------

Host:	52.29839 W from 
	package 	core		dram		uncore
Socket0	46.948418 W |	42.23185 W	4.810283 W	0 W	

Top 5 consumers:
Power		PID	Exe
1.696164 W	2185960	"/home/boggy/ref_rapl/energy_exp_server/NPB3.4.3/NPB3.4-MPI/bin/mg.C.x"
1.696164 W	2185962	"/home/boggy/ref_rapl/energy_exp_server/NPB3.4.3/NPB3.4-MPI/bin/mg.C.x"
1.696164 W	2185961	"/home/boggy/ref_rapl/energy_exp_server/NPB3.4.3/NPB3.4-MPI/bin/mg.C.x"
1.696164 W	2185959	"/home/boggy/ref_rapl/energy_exp_server/NPB3.4.3/NPB3.4-MPI/bin/mg.C.x"
0.5653881 W	2185940	"/home/boggy/ref_rapl/scaphandre/target/release/scaphandre"
------------------------------------------------------------

Host:	52.168096 W from 
	package 	core		dram		uncore
Socket0	47.535072 W |	42.30556 W	4.790784 W	0 W	

Top 5 consumers:
Power		PID	Exe
1.6919383 W	2185960	"/home/boggy/ref_rapl/energy_exp_server/NPB3.4.3/NPB3.4-MPI/bin/mg.C.x"
1.6919383 W	2185962	"/home/boggy/ref_rapl/energy_exp_server/NPB3.4.3/NPB3.4-MPI/bin/mg.C.x"
1.6919383 W	2185961	"/home/boggy/ref_rapl/energy_exp_server/NPB3.4.3/NPB3.4-MPI/bin/mg.C.x"
1.6919383 W	2185959	"/home/boggy/ref_rapl/energy_exp_server/NPB3.4.3/NPB3.4-MPI/bin/mg.C.x"
0.56397945 W	2185940	"/home/boggy/ref_rapl/scaphandre/target/release/scaphandre"
------------------------------------------------------------

Host:	50.661272 W from 
	package 	core		dram		uncore
Socket0	47.256924 W |	42.31687 W	4.776142 W	0 W	

Top 5 consumers:
Power		PID	Exe
1.3692236 W	2185960	"/home/boggy/ref_rapl/energy_exp_server/NPB3.4.3/NPB3.4-MPI/bin/mg.C.x"
1.3692236 W	2185962	"/home/boggy/ref_rapl/energy_exp_server/NPB3.4.3/NPB3.4-MPI/bin/mg.C.x"
1.3692236 W	2185961	"/home/boggy/ref_rapl/energy_exp_server/NPB3.4.3/NPB3.4-MPI/bin/mg.C.x"
1.3692236 W	2185959	"/home/boggy/ref_rapl/energy_exp_server/NPB3.4.3/NPB3.4-MPI/bin/mg.C.x"
0.8215341 W	2185940	"/home/boggy/ref_rapl/scaphandre/target/release/scaphandre"
------------------------------------------------------------

Host:	53.594955 W from 
	package 	core		dram		uncore
Socket0	46.610256 W |	41.405647 W	4.412518 W	0 W	

Top 5 consumers:
Power		PID	Exe
0.86910737 W	2185940	"/home/boggy/ref_rapl/scaphandre/target/release/scaphandre"
0.86910737 W	2185962	"/home/boggy/ref_rapl/energy_exp_server/NPB3.4.3/NPB3.4-MPI/bin/mg.C.x"
0.57940495 W	2185960	"/home/boggy/ref_rapl/energy_exp_server/NPB3.4.3/NPB3.4-MPI/bin/mg.C.x"
0.57940495 W	2185961	"/home/boggy/ref_rapl/energy_exp_server/NPB3.4.3/NPB3.4-MPI/bin/mg.C.x"
0.57940495 W	2185959	"/home/boggy/ref_rapl/energy_exp_server/NPB3.4.3/NPB3.4-MPI/bin/mg.C.x"
------------------------------------------------------------

Host:	53.9026 W from 
	package 	core		dram		uncore
Socket0	49.02223 W |	43.982548 W	4.648055 W	0 W	

Top 5 consumers:
Power		PID	Exe
0.8740962 W	2185960	"/home/boggy/ref_rapl/energy_exp_server/NPB3.4.3/NPB3.4-MPI/bin/mg.C.x"
0.8740962 W	2185961	"/home/boggy/ref_rapl/energy_exp_server/NPB3.4.3/NPB3.4-MPI/bin/mg.C.x"
0.8740962 W	2185959	"/home/boggy/ref_rapl/energy_exp_server/NPB3.4.3/NPB3.4-MPI/bin/mg.C.x"
0.5827309 W	2185940	"/home/boggy/ref_rapl/scaphandre/target/release/scaphandre"
0.5827309 W	2185962	"/home/boggy/ref_rapl/energy_exp_server/NPB3.4.3/NPB3.4-MPI/bin/mg.C.x"
------------------------------------------------------------

Host:	52.023869 W from 
	package 	core		dram		uncore
Socket0	48.211514 W |	42.548233 W	4.721118 W	0 W	

Top 5 consumers:
Power		PID	Exe
0.8436303 W	2185940	"/home/boggy/ref_rapl/scaphandre/target/release/scaphandre"
0.56242025 W	2185960	"/home/boggy/ref_rapl/energy_exp_server/NPB3.4.3/NPB3.4-MPI/bin/mg.C.x"
0.56242025 W	2185962	"/home/boggy/ref_rapl/energy_exp_server/NPB3.4.3/NPB3.4-MPI/bin/mg.C.x"
0.56242025 W	2185961	"/home/boggy/ref_rapl/energy_exp_server/NPB3.4.3/NPB3.4-MPI/bin/mg.C.x"
0.56242025 W	2185959	"/home/boggy/ref_rapl/energy_exp_server/NPB3.4.3/NPB3.4-MPI/bin/mg.C.x"
------------------------------------------------------------

Host:	48.882759 W from 
	package 	core		dram		uncore
Socket0	48.400715 W |	43.6145 W	4.058769 W	0 W	

Top 5 consumers:
Power		PID	Exe
1.1638752 W	2185940	"/home/boggy/ref_rapl/scaphandre/target/release/scaphandre"
0.87290645 W	2185960	"/home/boggy/ref_rapl/energy_exp_server/NPB3.4.3/NPB3.4-MPI/bin/mg.C.x"
0.87290645 W	2185962	"/home/boggy/ref_rapl/energy_exp_server/NPB3.4.3/NPB3.4-MPI/bin/mg.C.x"
0.87290645 W	2185961	"/home/boggy/ref_rapl/energy_exp_server/NPB3.4.3/NPB3.4-MPI/bin/mg.C.x"
0.87290645 W	2185959	"/home/boggy/ref_rapl/energy_exp_server/NPB3.4.3/NPB3.4-MPI/bin/mg.C.x"
------------------------------------------------------------

Host:	46.106453 W from 
	package 	core		dram		uncore
Socket0	42.189457 W |	36.950607 W	4.5749 W	0 W	

Top 5 consumers:
Power		PID	Exe
1.6466591 W	2185940	"/home/boggy/ref_rapl/scaphandre/target/release/scaphandre"
1.6466591 W	2185960	"/home/boggy/ref_rapl/energy_exp_server/NPB3.4.3/NPB3.4-MPI/bin/mg.C.x"
1.6466591 W	2185962	"/home/boggy/ref_rapl/energy_exp_server/NPB3.4.3/NPB3.4-MPI/bin/mg.C.x"
1.6466591 W	2185961	"/home/boggy/ref_rapl/energy_exp_server/NPB3.4.3/NPB3.4-MPI/bin/mg.C.x"
1.6466591 W	2185959	"/home/boggy/ref_rapl/energy_exp_server/NPB3.4.3/NPB3.4-MPI/bin/mg.C.x"
------------------------------------------------------------

Host:	48.223998 W from 
	package 	core		dram		uncore
Socket0	41.853786 W |	36.87836 W	4.50397 W	0 W	

Top 5 consumers:
Power		PID	Exe
1.7222857 W	2185962	"/home/boggy/ref_rapl/energy_exp_server/NPB3.4.3/NPB3.4-MPI/bin/mg.C.x"
1.4352381 W	2185940	"/home/boggy/ref_rapl/scaphandre/target/release/scaphandre"
1.4352381 W	2185960	"/home/boggy/ref_rapl/energy_exp_server/NPB3.4.3/NPB3.4-MPI/bin/mg.C.x"
1.4352381 W	2185961	"/home/boggy/ref_rapl/energy_exp_server/NPB3.4.3/NPB3.4-MPI/bin/mg.C.x"
1.4352381 W	2185959	"/home/boggy/ref_rapl/energy_exp_server/NPB3.4.3/NPB3.4-MPI/bin/mg.C.x"
------------------------------------------------------------

Host:	54.38336 W from 
	package 	core		dram		uncore
Socket0	45.841637 W |	40.254383 W	4.61982 W	0 W	

Top 5 consumers:
Power		PID	Exe
1.2948419 W	2185940	"/home/boggy/ref_rapl/scaphandre/target/release/scaphandre"
1.2948419 W	2185960	"/home/boggy/ref_rapl/energy_exp_server/NPB3.4.3/NPB3.4-MPI/bin/mg.C.x"
1.2948419 W	2185961	"/home/boggy/ref_rapl/energy_exp_server/NPB3.4.3/NPB3.4-MPI/bin/mg.C.x"
1.2948419 W	2185959	"/home/boggy/ref_rapl/energy_exp_server/NPB3.4.3/NPB3.4-MPI/bin/mg.C.x"
0.9711315 W	2185962	"/home/boggy/ref_rapl/energy_exp_server/NPB3.4.3/NPB3.4-MPI/bin/mg.C.x"
------------------------------------------------------------

Host:	56.410518 W from 
	package 	core		dram		uncore
Socket0	51.81176 W |	47.89126 W	4.472295 W	0 W	

Top 5 consumers:
Power		PID	Exe
1.0073308 W	2185940	"/home/boggy/ref_rapl/scaphandre/target/release/scaphandre"
1.0073308 W	2185960	"/home/boggy/ref_rapl/energy_exp_server/NPB3.4.3/NPB3.4-MPI/bin/mg.C.x"
1.0073308 W	2185962	"/home/boggy/ref_rapl/energy_exp_server/NPB3.4.3/NPB3.4-MPI/bin/mg.C.x"
1.0073308 W	2185961	"/home/boggy/ref_rapl/energy_exp_server/NPB3.4.3/NPB3.4-MPI/bin/mg.C.x"
1.0073308 W	2185959	"/home/boggy/ref_rapl/energy_exp_server/NPB3.4.3/NPB3.4-MPI/bin/mg.C.x"
------------------------------------------------------------

Host:	51.395937 W from 
	package 	core		dram		uncore
Socket0	49.433926 W |	43.01858 W	4.398836 W	0 W	

Top 5 consumers:
Power		PID	Exe
1.2022443 W	2185962	"/home/boggy/ref_rapl/energy_exp_server/NPB3.4.3/NPB3.4-MPI/bin/mg.C.x"
0.90168315 W	2185960	"/home/boggy/ref_rapl/energy_exp_server/NPB3.4.3/NPB3.4-MPI/bin/mg.C.x"
0.90168315 W	2185961	"/home/boggy/ref_rapl/energy_exp_server/NPB3.4.3/NPB3.4-MPI/bin/mg.C.x"
0.90168315 W	2185959	"/home/boggy/ref_rapl/energy_exp_server/NPB3.4.3/NPB3.4-MPI/bin/mg.C.x"
0.60112214 W	2185940	"/home/boggy/ref_rapl/scaphandre/target/release/scaphandre"
------------------------------------------------------------

Host:	51.134538 W from 
	package 	core		dram		uncore
Socket0	46.90718 W |	41.604954 W	4.582738 W	0 W	

Top 5 consumers:
Power		PID	Exe
0.8970971 W	2185940	"/home/boggy/ref_rapl/scaphandre/target/release/scaphandre"
0.8970971 W	2185960	"/home/boggy/ref_rapl/energy_exp_server/NPB3.4.3/NPB3.4-MPI/bin/mg.C.x"
0.8970971 W	2185962	"/home/boggy/ref_rapl/energy_exp_server/NPB3.4.3/NPB3.4-MPI/bin/mg.C.x"
0.8970971 W	2185961	"/home/boggy/ref_rapl/energy_exp_server/NPB3.4.3/NPB3.4-MPI/bin/mg.C.x"
0.8970971 W	2185959	"/home/boggy/ref_rapl/energy_exp_server/NPB3.4.3/NPB3.4-MPI/bin/mg.C.x"
------------------------------------------------------------

Host:	53.611713 W from 
	package 	core		dram		uncore
Socket0	46.40959 W |	41.754036 W	4.669264 W	0 W	

Top 5 consumers:
Power		PID	Exe
1.2540753 W	2185960	"/home/boggy/ref_rapl/energy_exp_server/NPB3.4.3/NPB3.4-MPI/bin/mg.C.x"
1.2540753 W	2185961	"/home/boggy/ref_rapl/energy_exp_server/NPB3.4.3/NPB3.4-MPI/bin/mg.C.x"
1.2540753 W	2185959	"/home/boggy/ref_rapl/energy_exp_server/NPB3.4.3/NPB3.4-MPI/bin/mg.C.x"
0.94055635 W	2185962	"/home/boggy/ref_rapl/energy_exp_server/NPB3.4.3/NPB3.4-MPI/bin/mg.C.x"
0.62703764 W	2185940	"/home/boggy/ref_rapl/scaphandre/target/release/scaphandre"
------------------------------------------------------------

Host:	53.248068 W from 
	package 	core		dram		uncore
Socket0	48.608467 W |	43.57536 W	4.76426 W	0 W	

Top 5 consumers:
Power		PID	Exe
0.9341766 W	2185940	"/home/boggy/ref_rapl/scaphandre/target/release/scaphandre"
0.9341766 W	2185960	"/home/boggy/ref_rapl/energy_exp_server/NPB3.4.3/NPB3.4-MPI/bin/mg.C.x"
0.9341766 W	2185962	"/home/boggy/ref_rapl/energy_exp_server/NPB3.4.3/NPB3.4-MPI/bin/mg.C.x"
0.9341766 W	2185961	"/home/boggy/ref_rapl/energy_exp_server/NPB3.4.3/NPB3.4-MPI/bin/mg.C.x"
0.9341766 W	2185959	"/home/boggy/ref_rapl/energy_exp_server/NPB3.4.3/NPB3.4-MPI/bin/mg.C.x"
------------------------------------------------------------

Host:	54.968544 W from 
	package 	core		dram		uncore
Socket0	50.107132 W |	43.93048 W	4.745058 W	0 W	

Top 5 consumers:
Power		PID	Exe
1.285814 W	2185962	"/home/boggy/ref_rapl/energy_exp_server/NPB3.4.3/NPB3.4-MPI/bin/mg.C.x"
0.9643604 W	2185940	"/home/boggy/ref_rapl/scaphandre/target/release/scaphandre"
0.9643604 W	2185960	"/home/boggy/ref_rapl/energy_exp_server/NPB3.4.3/NPB3.4-MPI/bin/mg.C.x"
0.9643604 W	2185961	"/home/boggy/ref_rapl/energy_exp_server/NPB3.4.3/NPB3.4-MPI/bin/mg.C.x"
0.9643604 W	2185959	"/home/boggy/ref_rapl/energy_exp_server/NPB3.4.3/NPB3.4-MPI/bin/mg.C.x"
------------------------------------------------------------

Host:	53.347858 W from 
	package 	core		dram		uncore
Socket0	48.623165 W |	43.82504 W	4.737353 W	0 W	

Top 5 consumers:
Power		PID	Exe
1.2479031 W	2185960	"/home/boggy/ref_rapl/energy_exp_server/NPB3.4.3/NPB3.4-MPI/bin/mg.C.x"
1.2479031 W	2185961	"/home/boggy/ref_rapl/energy_exp_server/NPB3.4.3/NPB3.4-MPI/bin/mg.C.x"
1.2479031 W	2185959	"/home/boggy/ref_rapl/energy_exp_server/NPB3.4.3/NPB3.4-MPI/bin/mg.C.x"
0.93592733 W	2185962	"/home/boggy/ref_rapl/energy_exp_server/NPB3.4.3/NPB3.4-MPI/bin/mg.C.x"
0.62395155 W	2185940	"/home/boggy/ref_rapl/scaphandre/target/release/scaphandre"
------------------------------------------------------------

Host:	52.981362 W from 
	package 	core		dram		uncore
Socket0	48.53752 W |	43.83665 W	4.868802 W	0 W	

Top 5 consumers:
Power		PID	Exe
0.9811363 W	2185960	"/home/boggy/ref_rapl/energy_exp_server/NPB3.4.3/NPB3.4-MPI/bin/mg.C.x"
0.9811363 W	2185962	"/home/boggy/ref_rapl/energy_exp_server/NPB3.4.3/NPB3.4-MPI/bin/mg.C.x"
0.9811363 W	2185961	"/home/boggy/ref_rapl/energy_exp_server/NPB3.4.3/NPB3.4-MPI/bin/mg.C.x"
0.9811363 W	2185959	"/home/boggy/ref_rapl/energy_exp_server/NPB3.4.3/NPB3.4-MPI/bin/mg.C.x"
0.6540909 W	2185940	"/home/boggy/ref_rapl/scaphandre/target/release/scaphandre"
------------------------------------------------------------

Host:	55.2076 W from 
	package 	core		dram		uncore
Socket0	49.756767 W |	43.998703 W	4.704326 W	0 W	

Top 5 consumers:
Power		PID	Exe
1.3631506 W	2185962	"/home/boggy/ref_rapl/energy_exp_server/NPB3.4.3/NPB3.4-MPI/bin/mg.C.x"
1.022363 W	2185940	"/home/boggy/ref_rapl/scaphandre/target/release/scaphandre"
1.022363 W	2185960	"/home/boggy/ref_rapl/energy_exp_server/NPB3.4.3/NPB3.4-MPI/bin/mg.C.x"
1.022363 W	2185961	"/home/boggy/ref_rapl/energy_exp_server/NPB3.4.3/NPB3.4-MPI/bin/mg.C.x"
1.022363 W	2185959	"/home/boggy/ref_rapl/energy_exp_server/NPB3.4.3/NPB3.4-MPI/bin/mg.C.x"
------------------------------------------------------------

Host:	52.756827 W from 
	package 	core		dram		uncore
Socket0	48.70702 W |	43.90774 W	4.738236 W	0 W	

Top 5 consumers:
Power		PID	Exe
1.3026376 W	2185960	"/home/boggy/ref_rapl/energy_exp_server/NPB3.4.3/NPB3.4-MPI/bin/mg.C.x"
1.3026376 W	2185961	"/home/boggy/ref_rapl/energy_exp_server/NPB3.4.3/NPB3.4-MPI/bin/mg.C.x"
1.3026376 W	2185959	"/home/boggy/ref_rapl/energy_exp_server/NPB3.4.3/NPB3.4-MPI/bin/mg.C.x"
0.97697824 W	2185940	"/home/boggy/ref_rapl/scaphandre/target/release/scaphandre"
0.97697824 W	2185962	"/home/boggy/ref_rapl/energy_exp_server/NPB3.4.3/NPB3.4-MPI/bin/mg.C.x"
------------------------------------------------------------

Host:	52.468619 W from 
	package 	core		dram		uncore
Socket0	48.35443 W |	42.710533 W	4.626373 W	0 W	

Top 5 consumers:
Power		PID	Exe
0.97164106 W	2185940	"/home/boggy/ref_rapl/scaphandre/target/release/scaphandre"
0.97164106 W	2185960	"/home/boggy/ref_rapl/energy_exp_server/NPB3.4.3/NPB3.4-MPI/bin/mg.C.x"
0.97164106 W	2185962	"/home/boggy/ref_rapl/energy_exp_server/NPB3.4.3/NPB3.4-MPI/bin/mg.C.x"
0.97164106 W	2185961	"/home/boggy/ref_rapl/energy_exp_server/NPB3.4.3/NPB3.4-MPI/bin/mg.C.x"
0.97164106 W	2185959	"/home/boggy/ref_rapl/energy_exp_server/NPB3.4.3/NPB3.4-MPI/bin/mg.C.x"
------------------------------------------------------------

Host:	57.226602 W from 
	package 	core		dram		uncore
Socket0	50.35825 W |	45.53364 W	4.596864 W	0 W	

Top 5 consumers:
Power		PID	Exe
1.0597519 W	2185960	"/home/boggy/ref_rapl/energy_exp_server/NPB3.4.3/NPB3.4-MPI/bin/mg.C.x"
1.0597519 W	2185962	"/home/boggy/ref_rapl/energy_exp_server/NPB3.4.3/NPB3.4-MPI/bin/mg.C.x"
1.0597519 W	2185961	"/home/boggy/ref_rapl/energy_exp_server/NPB3.4.3/NPB3.4-MPI/bin/mg.C.x"
1.0597519 W	2185959	"/home/boggy/ref_rapl/energy_exp_server/NPB3.4.3/NPB3.4-MPI/bin/mg.C.x"
0.70650125 W	2185940	"/home/boggy/ref_rapl/scaphandre/target/release/scaphandre"
------------------------------------------------------------

Host:	56.04584 W from 
	package 	core		dram		uncore
Socket0	51.29746 W |	46.479225 W	4.589099 W	0 W	

Top 5 consumers:
Power		PID	Exe
1.0378859 W	2185940	"/home/boggy/ref_rapl/scaphandre/target/release/scaphandre"
1.0378859 W	2185960	"/home/boggy/ref_rapl/energy_exp_server/NPB3.4.3/NPB3.4-MPI/bin/mg.C.x"
1.0378859 W	2185962	"/home/boggy/ref_rapl/energy_exp_server/NPB3.4.3/NPB3.4-MPI/bin/mg.C.x"
1.0378859 W	2185961	"/home/boggy/ref_rapl/energy_exp_server/NPB3.4.3/NPB3.4-MPI/bin/mg.C.x"
1.0378859 W	2185959	"/home/boggy/ref_rapl/energy_exp_server/NPB3.4.3/NPB3.4-MPI/bin/mg.C.x"
------------------------------------------------------------

Host:	55.977339 W from 
	package 	core		dram		uncore
Socket0	51.015705 W |	46.242764 W	4.72733 W	0 W	

Top 5 consumers:
Power		PID	Exe
1.0366174 W	2185960	"/home/boggy/ref_rapl/energy_exp_server/NPB3.4.3/NPB3.4-MPI/bin/mg.C.x"
1.0366174 W	2185962	"/home/boggy/ref_rapl/energy_exp_server/NPB3.4.3/NPB3.4-MPI/bin/mg.C.x"
1.0366174 W	2185961	"/home/boggy/ref_rapl/energy_exp_server/NPB3.4.3/NPB3.4-MPI/bin/mg.C.x"
1.0366174 W	2185959	"/home/boggy/ref_rapl/energy_exp_server/NPB3.4.3/NPB3.4-MPI/bin/mg.C.x"
0.69107825 W	2185940	"/home/boggy/ref_rapl/scaphandre/target/release/scaphandre"
------------------------------------------------------------

Host:	56.052114 W from 
	package 	core		dram		uncore
Socket0	51.461346 W |	46.248764 W	4.476341 W	0 W	

Top 5 consumers:
Power		PID	Exe
1.2811911 W	2185962	"/home/boggy/ref_rapl/energy_exp_server/NPB3.4.3/NPB3.4-MPI/bin/mg.C.x"
0.96089333 W	2185960	"/home/boggy/ref_rapl/energy_exp_server/NPB3.4.3/NPB3.4-MPI/bin/mg.C.x"
0.96089333 W	2185961	"/home/boggy/ref_rapl/energy_exp_server/NPB3.4.3/NPB3.4-MPI/bin/mg.C.x"
0.96089333 W	2185959	"/home/boggy/ref_rapl/energy_exp_server/NPB3.4.3/NPB3.4-MPI/bin/mg.C.x"
0.64059556 W	2185940	"/home/boggy/ref_rapl/scaphandre/target/release/scaphandre"
------------------------------------------------------------

Host:	55.786824 W from 
	package 	core		dram		uncore
Socket0	51.181473 W |	46.23008 W	4.743208 W	0 W	

Top 5 consumers:
Power		PID	Exe
0.9563455 W	2185960	"/home/boggy/ref_rapl/energy_exp_server/NPB3.4.3/NPB3.4-MPI/bin/mg.C.x"
0.9563455 W	2185962	"/home/boggy/ref_rapl/energy_exp_server/NPB3.4.3/NPB3.4-MPI/bin/mg.C.x"
0.9563455 W	2185961	"/home/boggy/ref_rapl/energy_exp_server/NPB3.4.3/NPB3.4-MPI/bin/mg.C.x"
0.9563455 W	2185959	"/home/boggy/ref_rapl/energy_exp_server/NPB3.4.3/NPB3.4-MPI/bin/mg.C.x"
0.6375637 W	2185940	"/home/boggy/ref_rapl/scaphandre/target/release/scaphandre"
------------------------------------------------------------

Host:	51.71517 W from 
	package 	core		dram		uncore
Socket0	50.82745 W |	45.7148 W	4.563858 W	0 W	

Top 5 consumers:
Power		PID	Exe
0.88654566 W	2185940	"/home/boggy/ref_rapl/scaphandre/target/release/scaphandre"
0.88654566 W	2185960	"/home/boggy/ref_rapl/energy_exp_server/NPB3.4.3/NPB3.4-MPI/bin/mg.C.x"
0.88654566 W	2185962	"/home/boggy/ref_rapl/energy_exp_server/NPB3.4.3/NPB3.4-MPI/bin/mg.C.x"
0.88654566 W	2185961	"/home/boggy/ref_rapl/energy_exp_server/NPB3.4.3/NPB3.4-MPI/bin/mg.C.x"
0.88654566 W	2185959	"/home/boggy/ref_rapl/energy_exp_server/NPB3.4.3/NPB3.4-MPI/bin/mg.C.x"
------------------------------------------------------------

Host:	54.506181 W from 
	package 	core		dram		uncore
Socket0	48.868526 W |	44.058945 W	2.963733 W	0 W	

Top 5 consumers:
Power		PID	Exe
0.9343916 W	2185960	"/home/boggy/ref_rapl/energy_exp_server/NPB3.4.3/NPB3.4-MPI/bin/mg.C.x"
0.9343916 W	2185962	"/home/boggy/ref_rapl/energy_exp_server/NPB3.4.3/NPB3.4-MPI/bin/mg.C.x"
0.9343916 W	2185961	"/home/boggy/ref_rapl/energy_exp_server/NPB3.4.3/NPB3.4-MPI/bin/mg.C.x"
0.9343916 W	2185959	"/home/boggy/ref_rapl/energy_exp_server/NPB3.4.3/NPB3.4-MPI/bin/mg.C.x"
0.31146386 W	2185940	"/home/boggy/ref_rapl/scaphandre/target/release/scaphandre"
------------------------------------------------------------

Host:	53.441399 W from 
	package 	core		dram		uncore
Socket0	49.01465 W |	44.00272 W	4.613607 W	0 W	

Top 5 consumers:
Power		PID	Exe
1.2215177 W	2185940	"/home/boggy/ref_rapl/scaphandre/target/release/scaphandre"
1.2215177 W	2185960	"/home/boggy/ref_rapl/energy_exp_server/NPB3.4.3/NPB3.4-MPI/bin/mg.C.x"
1.2215177 W	2185961	"/home/boggy/ref_rapl/energy_exp_server/NPB3.4.3/NPB3.4-MPI/bin/mg.C.x"
1.2215177 W	2185959	"/home/boggy/ref_rapl/energy_exp_server/NPB3.4.3/NPB3.4-MPI/bin/mg.C.x"
0.9161382 W	2185962	"/home/boggy/ref_rapl/energy_exp_server/NPB3.4.3/NPB3.4-MPI/bin/mg.C.x"
------------------------------------------------------------

Host:	53.792013 W from 
	package 	core		dram		uncore
Socket0	48.95841 W |	44.10974 W	4.90407 W	0 W	

Top 5 consumers:
Power		PID	Exe
0.92214876 W	2185960	"/home/boggy/ref_rapl/energy_exp_server/NPB3.4.3/NPB3.4-MPI/bin/mg.C.x"
0.92214876 W	2185962	"/home/boggy/ref_rapl/energy_exp_server/NPB3.4.3/NPB3.4-MPI/bin/mg.C.x"
0.92214876 W	2185961	"/home/boggy/ref_rapl/energy_exp_server/NPB3.4.3/NPB3.4-MPI/bin/mg.C.x"
0.92214876 W	2185959	"/home/boggy/ref_rapl/energy_exp_server/NPB3.4.3/NPB3.4-MPI/bin/mg.C.x"
0.6147658 W	2185940	"/home/boggy/ref_rapl/scaphandre/target/release/scaphandre"
------------------------------------------------------------

Host:	54.319343 W from 
	package 	core		dram		uncore
Socket0	49.130318 W |	43.992542 W	4.776295 W	0 W	

Top 5 consumers:
Power		PID	Exe
0.9311887 W	2185960	"/home/boggy/ref_rapl/energy_exp_server/NPB3.4.3/NPB3.4-MPI/bin/mg.C.x"
0.9311887 W	2185962	"/home/boggy/ref_rapl/energy_exp_server/NPB3.4.3/NPB3.4-MPI/bin/mg.C.x"
0.9311887 W	2185961	"/home/boggy/ref_rapl/energy_exp_server/NPB3.4.3/NPB3.4-MPI/bin/mg.C.x"
0.9311887 W	2185959	"/home/boggy/ref_rapl/energy_exp_server/NPB3.4.3/NPB3.4-MPI/bin/mg.C.x"
0.62079245 W	2185940	"/home/boggy/ref_rapl/scaphandre/target/release/scaphandre"
------------------------------------------------------------

Host:	53.59915 W from 
	package 	core		dram		uncore
Socket0	49.48613 W |	43.936455 W	4.674314 W	0 W	

Top 5 consumers:
Power		PID	Exe
1.2112802 W	2185962	"/home/boggy/ref_rapl/energy_exp_server/NPB3.4.3/NPB3.4-MPI/bin/mg.C.x"
0.9084602 W	2185940	"/home/boggy/ref_rapl/scaphandre/target/release/scaphandre"
0.9084602 W	2185960	"/home/boggy/ref_rapl/energy_exp_server/NPB3.4.3/NPB3.4-MPI/bin/mg.C.x"
0.9084602 W	2185961	"/home/boggy/ref_rapl/energy_exp_server/NPB3.4.3/NPB3.4-MPI/bin/mg.C.x"
0.30282006 W	25	""
------------------------------------------------------------

Host:	54.088222 W from 
	package 	core		dram		uncore
Socket0	49.039326 W |	43.74562 W	4.787206 W	0 W	

Top 5 consumers:
Power		PID	Exe
1.2223326 W	2185960	"/home/boggy/ref_rapl/energy_exp_server/NPB3.4.3/NPB3.4-MPI/bin/mg.C.x"
1.2223326 W	2185961	"/home/boggy/ref_rapl/energy_exp_server/NPB3.4.3/NPB3.4-MPI/bin/mg.C.x"
1.2223326 W	2185959	"/home/boggy/ref_rapl/energy_exp_server/NPB3.4.3/NPB3.4-MPI/bin/mg.C.x"
0.91674954 W	2185940	"/home/boggy/ref_rapl/scaphandre/target/release/scaphandre"
0.91674954 W	2185962	"/home/boggy/ref_rapl/energy_exp_server/NPB3.4.3/NPB3.4-MPI/bin/mg.C.x"
------------------------------------------------------------

Host:	53.214214 W from 
	package 	core		dram		uncore
Socket0	48.910664 W |	43.847385 W	4.767994 W	0 W	

Top 5 consumers:
Power		PID	Exe
0.9019359 W	2185960	"/home/boggy/ref_rapl/energy_exp_server/NPB3.4.3/NPB3.4-MPI/bin/mg.C.x"
0.9019359 W	2185962	"/home/boggy/ref_rapl/energy_exp_server/NPB3.4.3/NPB3.4-MPI/bin/mg.C.x"
0.9019359 W	2185961	"/home/boggy/ref_rapl/energy_exp_server/NPB3.4.3/NPB3.4-MPI/bin/mg.C.x"
0.9019359 W	2185959	"/home/boggy/ref_rapl/energy_exp_server/NPB3.4.3/NPB3.4-MPI/bin/mg.C.x"
0.6012906 W	2185940	"/home/boggy/ref_rapl/scaphandre/target/release/scaphandre"
------------------------------------------------------------

Host:	51.314771 W from 
	package 	core		dram		uncore
Socket0	47.4833 W |	42.50827 W	4.734653 W	0 W	

Top 5 consumers:
Power		PID	Exe
1.1596559 W	2185940	"/home/boggy/ref_rapl/scaphandre/target/release/scaphandre"
1.1596559 W	2185962	"/home/boggy/ref_rapl/energy_exp_server/NPB3.4.3/NPB3.4-MPI/bin/mg.C.x"
0.86974186 W	2185960	"/home/boggy/ref_rapl/energy_exp_server/NPB3.4.3/NPB3.4-MPI/bin/mg.C.x"
0.86974186 W	2185961	"/home/boggy/ref_rapl/energy_exp_server/NPB3.4.3/NPB3.4-MPI/bin/mg.C.x"
0.86974186 W	2185959	"/home/boggy/ref_rapl/energy_exp_server/NPB3.4.3/NPB3.4-MPI/bin/mg.C.x"
------------------------------------------------------------

Host:	52.571558 W from 
	package 	core		dram		uncore
Socket0	48.920033 W |	43.810562 W	4.233531 W	0 W	

Top 5 consumers:
Power		PID	Exe
0.89104337 W	2185960	"/home/boggy/ref_rapl/energy_exp_server/NPB3.4.3/NPB3.4-MPI/bin/mg.C.x"
0.89104337 W	2185962	"/home/boggy/ref_rapl/energy_exp_server/NPB3.4.3/NPB3.4-MPI/bin/mg.C.x"
0.89104337 W	2185961	"/home/boggy/ref_rapl/energy_exp_server/NPB3.4.3/NPB3.4-MPI/bin/mg.C.x"
0.89104337 W	2185959	"/home/boggy/ref_rapl/energy_exp_server/NPB3.4.3/NPB3.4-MPI/bin/mg.C.x"
0.5940289 W	2185940	"/home/boggy/ref_rapl/scaphandre/target/release/scaphandre"
------------------------------------------------------------

Host:	51.658396 W from 
	package 	core		dram		uncore
Socket0	47.95641 W |	42.522705 W	4.708105 W	0 W	

Top 5 consumers:
Power		PID	Exe
1.4592767 W	2185961	"/home/boggy/ref_rapl/energy_exp_server/NPB3.4.3/NPB3.4-MPI/bin/mg.C.x"
1.1674213 W	2185960	"/home/boggy/ref_rapl/energy_exp_server/NPB3.4.3/NPB3.4-MPI/bin/mg.C.x"
1.1674213 W	2185959	"/home/boggy/ref_rapl/energy_exp_server/NPB3.4.3/NPB3.4-MPI/bin/mg.C.x"
0.87556607 W	2185940	"/home/boggy/ref_rapl/scaphandre/target/release/scaphandre"
0.87556607 W	2185962	"/home/boggy/ref_rapl/energy_exp_server/NPB3.4.3/NPB3.4-MPI/bin/mg.C.x"
------------------------------------------------------------

Host:	49.001299 W from 
	package 	core		dram		uncore
Socket0	47.214005 W |	42.20568 W	4.247014 W	0 W	

Top 5 consumers:
Power		PID	Exe
1.1951535 W	2185962	"/home/boggy/ref_rapl/energy_exp_server/NPB3.4.3/NPB3.4-MPI/bin/mg.C.x"
0.89636517 W	2185940	"/home/boggy/ref_rapl/scaphandre/target/release/scaphandre"
0.89636517 W	2185960	"/home/boggy/ref_rapl/energy_exp_server/NPB3.4.3/NPB3.4-MPI/bin/mg.C.x"
0.89636517 W	2185961	"/home/boggy/ref_rapl/energy_exp_server/NPB3.4.3/NPB3.4-MPI/bin/mg.C.x"
0.89636517 W	2185959	"/home/boggy/ref_rapl/energy_exp_server/NPB3.4.3/NPB3.4-MPI/bin/mg.C.x"
------------------------------------------------------------

Host:	45.834878 W from 
	package 	core		dram		uncore
Socket0	42.02866 W |	37.03381 W	4.50546 W	0 W	

Top 5 consumers:
Power		PID	Exe
1.6768857 W	2185940	"/home/boggy/ref_rapl/scaphandre/target/release/scaphandre"
1.6768857 W	2185960	"/home/boggy/ref_rapl/energy_exp_server/NPB3.4.3/NPB3.4-MPI/bin/mg.C.x"
1.6768857 W	2185961	"/home/boggy/ref_rapl/energy_exp_server/NPB3.4.3/NPB3.4-MPI/bin/mg.C.x"
1.6768857 W	2185959	"/home/boggy/ref_rapl/energy_exp_server/NPB3.4.3/NPB3.4-MPI/bin/mg.C.x"
1.3974048 W	2185962	"/home/boggy/ref_rapl/energy_exp_server/NPB3.4.3/NPB3.4-MPI/bin/mg.C.x"
------------------------------------------------------------

Host:	47.056775 W from 
	package 	core		dram		uncore
Socket0	41.738686 W |	36.78888 W	4.642068 W	0 W	

Top 5 consumers:
Power		PID	Exe
1.7215892 W	2185962	"/home/boggy/ref_rapl/energy_exp_server/NPB3.4.3/NPB3.4-MPI/bin/mg.C.x"
1.4346577 W	2185940	"/home/boggy/ref_rapl/scaphandre/target/release/scaphandre"
1.4346577 W	2185960	"/home/boggy/ref_rapl/energy_exp_server/NPB3.4.3/NPB3.4-MPI/bin/mg.C.x"
1.4346577 W	2185961	"/home/boggy/ref_rapl/energy_exp_server/NPB3.4.3/NPB3.4-MPI/bin/mg.C.x"
1.4346577 W	2185959	"/home/boggy/ref_rapl/energy_exp_server/NPB3.4.3/NPB3.4-MPI/bin/mg.C.x"
------------------------------------------------------------

Host:	56.156358 W from 
	package 	core		dram		uncore
Socket0	43.954945 W |	39.318394 W	4.561453 W	0 W	

Top 5 consumers:
Power		PID	Exe
1.3696672 W	2185940	"/home/boggy/ref_rapl/scaphandre/target/release/scaphandre"
1.3696672 W	2185960	"/home/boggy/ref_rapl/energy_exp_server/NPB3.4.3/NPB3.4-MPI/bin/mg.C.x"
1.3696672 W	2185961	"/home/boggy/ref_rapl/energy_exp_server/NPB3.4.3/NPB3.4-MPI/bin/mg.C.x"
1.3696672 W	2185959	"/home/boggy/ref_rapl/energy_exp_server/NPB3.4.3/NPB3.4-MPI/bin/mg.C.x"
1.0272504 W	2185962	"/home/boggy/ref_rapl/energy_exp_server/NPB3.4.3/NPB3.4-MPI/bin/mg.C.x"
------------------------------------------------------------

Host:	54.337865 W from 
	package 	core		dram		uncore
Socket0	52.776604 W |	47.768223 W	4.44316 W	0 W	

Top 5 consumers:
Power		PID	Exe
1.3253136 W	2185962	"/home/boggy/ref_rapl/energy_exp_server/NPB3.4.3/NPB3.4-MPI/bin/mg.C.x"
0.9939853 W	2185940	"/home/boggy/ref_rapl/scaphandre/target/release/scaphandre"
0.9939853 W	2185960	"/home/boggy/ref_rapl/energy_exp_server/NPB3.4.3/NPB3.4-MPI/bin/mg.C.x"
0.9939853 W	2185961	"/home/boggy/ref_rapl/energy_exp_server/NPB3.4.3/NPB3.4-MPI/bin/mg.C.x"
0.9939853 W	2185959	"/home/boggy/ref_rapl/energy_exp_server/NPB3.4.3/NPB3.4-MPI/bin/mg.C.x"
------------------------------------------------------------

Host:	51.695141 W from 
	package 	core		dram		uncore
Socket0	49.54812 W |	43.38662 W	4.372911 W	0 W	

Top 5 consumers:
Power		PID	Exe
1.2382071 W	2185960	"/home/boggy/ref_rapl/energy_exp_server/NPB3.4.3/NPB3.4-MPI/bin/mg.C.x"
1.2382071 W	2185961	"/home/boggy/ref_rapl/energy_exp_server/NPB3.4.3/NPB3.4-MPI/bin/mg.C.x"
0.92865527 W	2185962	"/home/boggy/ref_rapl/energy_exp_server/NPB3.4.3/NPB3.4-MPI/bin/mg.C.x"
0.61910355 W	2185940	"/home/boggy/ref_rapl/scaphandre/target/release/scaphandre"
0.30955178 W	43	""
------------------------------------------------------------

Host:	51.764613 W from 
	package 	core		dram		uncore
Socket0	47.174698 W |	41.6884 W	4.609608 W	0 W	

Top 5 consumers:
Power		PID	Exe
0.92990327 W	2185940	"/home/boggy/ref_rapl/scaphandre/target/release/scaphandre"
0.92990327 W	2185960	"/home/boggy/ref_rapl/energy_exp_server/NPB3.4.3/NPB3.4-MPI/bin/mg.C.x"
0.92990327 W	2185962	"/home/boggy/ref_rapl/energy_exp_server/NPB3.4.3/NPB3.4-MPI/bin/mg.C.x"
0.92990327 W	2185961	"/home/boggy/ref_rapl/energy_exp_server/NPB3.4.3/NPB3.4-MPI/bin/mg.C.x"
0.92990327 W	2185959	"/home/boggy/ref_rapl/energy_exp_server/NPB3.4.3/NPB3.4-MPI/bin/mg.C.x"
------------------------------------------------------------

Host:	53.563034 W from 
	package 	core		dram		uncore
Socket0	46.78326 W |	41.81603 W	4.551767 W	0 W	

Top 5 consumers:
Power		PID	Exe
0.9622102 W	2185960	"/home/boggy/ref_rapl/energy_exp_server/NPB3.4.3/NPB3.4-MPI/bin/mg.C.x"
0.9622102 W	2185962	"/home/boggy/ref_rapl/energy_exp_server/NPB3.4.3/NPB3.4-MPI/bin/mg.C.x"
0.9622102 W	2185961	"/home/boggy/ref_rapl/energy_exp_server/NPB3.4.3/NPB3.4-MPI/bin/mg.C.x"
0.9622102 W	2185959	"/home/boggy/ref_rapl/energy_exp_server/NPB3.4.3/NPB3.4-MPI/bin/mg.C.x"
0.6414735 W	2185940	"/home/boggy/ref_rapl/scaphandre/target/release/scaphandre"
------------------------------------------------------------

Host:	53.41015 W from 
	package 	core		dram		uncore
Socket0	48.58385 W |	43.72019 W	4.87595 W	0 W	

Top 5 consumers:
Power		PID	Exe
1.2792851 W	2185962	"/home/boggy/ref_rapl/energy_exp_server/NPB3.4.3/NPB3.4-MPI/bin/mg.C.x"
0.95946383 W	2185960	"/home/boggy/ref_rapl/energy_exp_server/NPB3.4.3/NPB3.4-MPI/bin/mg.C.x"
0.95946383 W	2185961	"/home/boggy/ref_rapl/energy_exp_server/NPB3.4.3/NPB3.4-MPI/bin/mg.C.x"
0.95946383 W	2185959	"/home/boggy/ref_rapl/energy_exp_server/NPB3.4.3/NPB3.4-MPI/bin/mg.C.x"
0.63964254 W	2185940	"/home/boggy/ref_rapl/scaphandre/target/release/scaphandre"
------------------------------------------------------------

Host:	53.764014 W from 
	package 	core		dram		uncore
Socket0	50.16626 W |	43.843815 W	4.76963 W	0 W	

Top 5 consumers:
Power		PID	Exe
1.2877609 W	2185940	"/home/boggy/ref_rapl/scaphandre/target/release/scaphandre"
1.2877609 W	2185960	"/home/boggy/ref_rapl/energy_exp_server/NPB3.4.3/NPB3.4-MPI/bin/mg.C.x"
1.2877609 W	2185961	"/home/boggy/ref_rapl/energy_exp_server/NPB3.4.3/NPB3.4-MPI/bin/mg.C.x"
1.2877609 W	2185959	"/home/boggy/ref_rapl/energy_exp_server/NPB3.4.3/NPB3.4-MPI/bin/mg.C.x"
0.9658206 W	2185962	"/home/boggy/ref_rapl/energy_exp_server/NPB3.4.3/NPB3.4-MPI/bin/mg.C.x"
------------------------------------------------------------

Host:	53.574015 W from 
	package 	core		dram		uncore
Socket0	48.869682 W |	43.807407 W	4.767066 W	0 W	

Top 5 consumers:
Power		PID	Exe
0.9624075 W	2185960	"/home/boggy/ref_rapl/energy_exp_server/NPB3.4.3/NPB3.4-MPI/bin/mg.C.x"
0.9624075 W	2185962	"/home/boggy/ref_rapl/energy_exp_server/NPB3.4.3/NPB3.4-MPI/bin/mg.C.x"
0.9624075 W	2185961	"/home/boggy/ref_rapl/energy_exp_server/NPB3.4.3/NPB3.4-MPI/bin/mg.C.x"
0.9624075 W	2185959	"/home/boggy/ref_rapl/energy_exp_server/NPB3.4.3/NPB3.4-MPI/bin/mg.C.x"
0.641605 W	2185940	"/home/boggy/ref_rapl/scaphandre/target/release/scaphandre"
------------------------------------------------------------

Host:	53.981666 W from 
	package 	core		dram		uncore
Socket0	49.02256 W |	44.012383 W	4.772542 W	0 W	

Top 5 consumers:
Power		PID	Exe
1.0058695 W	2185940	"/home/boggy/ref_rapl/scaphandre/target/release/scaphandre"
1.0058695 W	2185960	"/home/boggy/ref_rapl/energy_exp_server/NPB3.4.3/NPB3.4-MPI/bin/mg.C.x"
1.0058695 W	2185962	"/home/boggy/ref_rapl/energy_exp_server/NPB3.4.3/NPB3.4-MPI/bin/mg.C.x"
1.0058695 W	2185961	"/home/boggy/ref_rapl/energy_exp_server/NPB3.4.3/NPB3.4-MPI/bin/mg.C.x"
1.0058695 W	2185959	"/home/boggy/ref_rapl/energy_exp_server/NPB3.4.3/NPB3.4-MPI/bin/mg.C.x"
------------------------------------------------------------

Host:	54.668678 W from 
	package 	core		dram		uncore
Socket0	48.858868 W |	43.903522 W	4.756261 W	0 W	

Top 5 consumers:
Power		PID	Exe
1.358228 W	2185960	"/home/boggy/ref_rapl/energy_exp_server/NPB3.4.3/NPB3.4-MPI/bin/mg.C.x"
1.358228 W	2185962	"/home/boggy/ref_rapl/energy_exp_server/NPB3.4.3/NPB3.4-MPI/bin/mg.C.x"
1.358228 W	2185959	"/home/boggy/ref_rapl/energy_exp_server/NPB3.4.3/NPB3.4-MPI/bin/mg.C.x"
1.018671 W	2185961	"/home/boggy/ref_rapl/energy_exp_server/NPB3.4.3/NPB3.4-MPI/bin/mg.C.x"
0.679114 W	2185940	"/home/boggy/ref_rapl/scaphandre/target/release/scaphandre"
------------------------------------------------------------

Host:	52.106121 W from 
	package 	core		dram		uncore
Socket0	48.568413 W |	43.950066 W	4.860317 W	0 W	

Top 5 consumers:
Power		PID	Exe
1.294562 W	2185961	"/home/boggy/ref_rapl/energy_exp_server/NPB3.4.3/NPB3.4-MPI/bin/mg.C.x"
0.9709216 W	2185940	"/home/boggy/ref_rapl/scaphandre/target/release/scaphandre"
0.9709216 W	2185960	"/home/boggy/ref_rapl/energy_exp_server/NPB3.4.3/NPB3.4-MPI/bin/mg.C.x"
0.9709216 W	2185962	"/home/boggy/ref_rapl/energy_exp_server/NPB3.4.3/NPB3.4-MPI/bin/mg.C.x"
0.9709216 W	2185959	"/home/boggy/ref_rapl/energy_exp_server/NPB3.4.3/NPB3.4-MPI/bin/mg.C.x"
------------------------------------------------------------

Host:	55.612649 W from 
	package 	core		dram		uncore
Socket0	48.493263 W |	43.610096 W	4.193848 W	0 W	

Top 5 consumers:
Power		PID	Exe
1.0362606 W	2185940	"/home/boggy/ref_rapl/scaphandre/target/release/scaphandre"
1.0362606 W	2185960	"/home/boggy/ref_rapl/energy_exp_server/NPB3.4.3/NPB3.4-MPI/bin/mg.C.x"
1.0362606 W	2185962	"/home/boggy/ref_rapl/energy_exp_server/NPB3.4.3/NPB3.4-MPI/bin/mg.C.x"
1.0362606 W	2185961	"/home/boggy/ref_rapl/energy_exp_server/NPB3.4.3/NPB3.4-MPI/bin/mg.C.x"
1.0362606 W	2185959	"/home/boggy/ref_rapl/energy_exp_server/NPB3.4.3/NPB3.4-MPI/bin/mg.C.x"
------------------------------------------------------------

Host:	55.707288 W from 
	package 	core		dram		uncore
Socket0	51.33686 W |	46.172626 W	4.200837 W	0 W	

Top 5 consumers:
Power		PID	Exe
1.038024 W	2185960	"/home/boggy/ref_rapl/energy_exp_server/NPB3.4.3/NPB3.4-MPI/bin/mg.C.x"
1.038024 W	2185962	"/home/boggy/ref_rapl/energy_exp_server/NPB3.4.3/NPB3.4-MPI/bin/mg.C.x"
1.038024 W	2185961	"/home/boggy/ref_rapl/energy_exp_server/NPB3.4.3/NPB3.4-MPI/bin/mg.C.x"
1.038024 W	2185959	"/home/boggy/ref_rapl/energy_exp_server/NPB3.4.3/NPB3.4-MPI/bin/mg.C.x"
0.692016 W	2185940	"/home/boggy/ref_rapl/scaphandre/target/release/scaphandre"
------------------------------------------------------------

Host:	56.685934 W from 
	package 	core		dram		uncore
Socket0	51.204967 W |	46.275806 W	4.751302 W	0 W	

Top 5 consumers:
Power		PID	Exe
1.0562596 W	2185940	"/home/boggy/ref_rapl/scaphandre/target/release/scaphandre"
1.0562596 W	2185960	"/home/boggy/ref_rapl/energy_exp_server/NPB3.4.3/NPB3.4-MPI/bin/mg.C.x"
1.0562596 W	2185962	"/home/boggy/ref_rapl/energy_exp_server/NPB3.4.3/NPB3.4-MPI/bin/mg.C.x"
1.0562596 W	2185961	"/home/boggy/ref_rapl/energy_exp_server/NPB3.4.3/NPB3.4-MPI/bin/mg.C.x"
1.0562596 W	2185959	"/home/boggy/ref_rapl/energy_exp_server/NPB3.4.3/NPB3.4-MPI/bin/mg.C.x"
------------------------------------------------------------

Host:	55.84142 W from 
	package 	core		dram		uncore
Socket0	51.69947 W |	46.224865 W	4.510787 W	0 W	

Top 5 consumers:
Power		PID	Exe
1.3873645 W	2185962	"/home/boggy/ref_rapl/energy_exp_server/NPB3.4.3/NPB3.4-MPI/bin/mg.C.x"
1.0405234 W	2185960	"/home/boggy/ref_rapl/energy_exp_server/NPB3.4.3/NPB3.4-MPI/bin/mg.C.x"
1.0405234 W	2185961	"/home/boggy/ref_rapl/energy_exp_server/NPB3.4.3/NPB3.4-MPI/bin/mg.C.x"
1.0405234 W	2185959	"/home/boggy/ref_rapl/energy_exp_server/NPB3.4.3/NPB3.4-MPI/bin/mg.C.x"
0.69368225 W	2185940	"/home/boggy/ref_rapl/scaphandre/target/release/scaphandre"
------------------------------------------------------------

Host:	55.093069 W from 
	package 	core		dram		uncore
Socket0	51.532833 W |	46.265415 W	4.627146 W	0 W	

Top 5 consumers:
Power		PID	Exe
0.9498805 W	2185960	"/home/boggy/ref_rapl/energy_exp_server/NPB3.4.3/NPB3.4-MPI/bin/mg.C.x"
0.9498805 W	2185962	"/home/boggy/ref_rapl/energy_exp_server/NPB3.4.3/NPB3.4-MPI/bin/mg.C.x"
0.9498805 W	2185961	"/home/boggy/ref_rapl/energy_exp_server/NPB3.4.3/NPB3.4-MPI/bin/mg.C.x"
0.9498805 W	2185959	"/home/boggy/ref_rapl/energy_exp_server/NPB3.4.3/NPB3.4-MPI/bin/mg.C.x"
0.63325363 W	2185940	"/home/boggy/ref_rapl/scaphandre/target/release/scaphandre"
------------------------------------------------------------

Host:	55.656361 W from 
	package 	core		dram		uncore
Socket0	52.00442 W |	46.309998 W	4.665699 W	0 W	

Top 5 consumers:
Power		PID	Exe
1.2794565 W	2185960	"/home/boggy/ref_rapl/energy_exp_server/NPB3.4.3/NPB3.4-MPI/bin/mg.C.x"
1.2794565 W	2185961	"/home/boggy/ref_rapl/energy_exp_server/NPB3.4.3/NPB3.4-MPI/bin/mg.C.x"
1.2794565 W	2185959	"/home/boggy/ref_rapl/energy_exp_server/NPB3.4.3/NPB3.4-MPI/bin/mg.C.x"
0.95959246 W	2185962	"/home/boggy/ref_rapl/energy_exp_server/NPB3.4.3/NPB3.4-MPI/bin/mg.C.x"
0.63972825 W	2185940	"/home/boggy/ref_rapl/scaphandre/target/release/scaphandre"
------------------------------------------------------------

Host:	55.074205 W from 
	package 	core		dram		uncore
Socket0	51.199055 W |	46.327686 W	4.580984 W	0 W	

Top 5 consumers:
Power		PID	Exe
0.9495553 W	2185940	"/home/boggy/ref_rapl/scaphandre/target/release/scaphandre"
0.9495553 W	2185960	"/home/boggy/ref_rapl/energy_exp_server/NPB3.4.3/NPB3.4-MPI/bin/mg.C.x"
0.9495553 W	2185962	"/home/boggy/ref_rapl/energy_exp_server/NPB3.4.3/NPB3.4-MPI/bin/mg.C.x"
0.9495553 W	2185961	"/home/boggy/ref_rapl/energy_exp_server/NPB3.4.3/NPB3.4-MPI/bin/mg.C.x"
0.9495553 W	2185959	"/home/boggy/ref_rapl/energy_exp_server/NPB3.4.3/NPB3.4-MPI/bin/mg.C.x"
------------------------------------------------------------

Host:	52.958101 W from 
	package 	core		dram		uncore
Socket0	47.881863 W |	43.64318 W	4.358188 W	0 W	

Top 5 consumers:
Power		PID	Exe
0.9130707 W	2185960	"/home/boggy/ref_rapl/energy_exp_server/NPB3.4.3/NPB3.4-MPI/bin/mg.C.x"
0.9130707 W	2185962	"/home/boggy/ref_rapl/energy_exp_server/NPB3.4.3/NPB3.4-MPI/bin/mg.C.x"
0.9130707 W	2185961	"/home/boggy/ref_rapl/energy_exp_server/NPB3.4.3/NPB3.4-MPI/bin/mg.C.x"
0.9130707 W	2185959	"/home/boggy/ref_rapl/energy_exp_server/NPB3.4.3/NPB3.4-MPI/bin/mg.C.x"
0.6087138 W	2185940	"/home/boggy/ref_rapl/scaphandre/target/release/scaphandre"
------------------------------------------------------------

Host:	53.668753 W from 
	package 	core		dram		uncore
Socket0	50.02392 W |	43.850838 W	4.751368 W	0 W	

Top 5 consumers:
Power		PID	Exe
0.9253233 W	2185940	"/home/boggy/ref_rapl/scaphandre/target/release/scaphandre"
0.9253233 W	2185960	"/home/boggy/ref_rapl/energy_exp_server/NPB3.4.3/NPB3.4-MPI/bin/mg.C.x"
0.9253233 W	2185962	"/home/boggy/ref_rapl/energy_exp_server/NPB3.4.3/NPB3.4-MPI/bin/mg.C.x"
0.9253233 W	2185961	"/home/boggy/ref_rapl/energy_exp_server/NPB3.4.3/NPB3.4-MPI/bin/mg.C.x"
0.9253233 W	2185959	"/home/boggy/ref_rapl/energy_exp_server/NPB3.4.3/NPB3.4-MPI/bin/mg.C.x"
------------------------------------------------------------

Host:	53.89813 W from 
	package 	core		dram		uncore
Socket0	47.703945 W |	43.86004 W	4.799689 W	0 W	

Top 5 consumers:
Power		PID	Exe
1.2390375 W	2185960	"/home/boggy/ref_rapl/energy_exp_server/NPB3.4.3/NPB3.4-MPI/bin/mg.C.x"
1.2390375 W	2185962	"/home/boggy/ref_rapl/energy_exp_server/NPB3.4.3/NPB3.4-MPI/bin/mg.C.x"
1.2390375 W	2185961	"/home/boggy/ref_rapl/energy_exp_server/NPB3.4.3/NPB3.4-MPI/bin/mg.C.x"
1.2390375 W	2185959	"/home/boggy/ref_rapl/energy_exp_server/NPB3.4.3/NPB3.4-MPI/bin/mg.C.x"
0.9292781 W	2185940	"/home/boggy/ref_rapl/scaphandre/target/release/scaphandre"
------------------------------------------------------------

Host:	54.512591 W from 
	package 	core		dram		uncore
Socket0	49.172752 W |	43.78848 W	4.799811 W	0 W	

Top 5 consumers:
Power		PID	Exe
0.93987226 W	2185960	"/home/boggy/ref_rapl/energy_exp_server/NPB3.4.3/NPB3.4-MPI/bin/mg.C.x"
0.93987226 W	2185962	"/home/boggy/ref_rapl/energy_exp_server/NPB3.4.3/NPB3.4-MPI/bin/mg.C.x"
0.93987226 W	2185961	"/home/boggy/ref_rapl/energy_exp_server/NPB3.4.3/NPB3.4-MPI/bin/mg.C.x"
0.93987226 W	2185959	"/home/boggy/ref_rapl/energy_exp_server/NPB3.4.3/NPB3.4-MPI/bin/mg.C.x"
0.6265815 W	2185940	"/home/boggy/ref_rapl/scaphandre/target/release/scaphandre"
------------------------------------------------------------

Host:	53.694488 W from 
	package 	core		dram		uncore
Socket0	49.512787 W |	43.807114 W	4.695301 W	0 W	

Top 5 consumers:
Power		PID	Exe
0.88996387 W	2185940	"/home/boggy/ref_rapl/scaphandre/target/release/scaphandre"
0.88996387 W	2185960	"/home/boggy/ref_rapl/energy_exp_server/NPB3.4.3/NPB3.4-MPI/bin/mg.C.x"
0.88996387 W	2185962	"/home/boggy/ref_rapl/energy_exp_server/NPB3.4.3/NPB3.4-MPI/bin/mg.C.x"
0.88996387 W	2185961	"/home/boggy/ref_rapl/energy_exp_server/NPB3.4.3/NPB3.4-MPI/bin/mg.C.x"
0.88996387 W	2185959	"/home/boggy/ref_rapl/energy_exp_server/NPB3.4.3/NPB3.4-MPI/bin/mg.C.x"
------------------------------------------------------------

Host:	54.260022 W from 
	package 	core		dram		uncore
Socket0	48.680477 W |	43.893986 W	4.737218 W	0 W	

Top 5 consumers:
Power		PID	Exe
0.89933735 W	2185940	"/home/boggy/ref_rapl/scaphandre/target/release/scaphandre"
0.89933735 W	2185962	"/home/boggy/ref_rapl/energy_exp_server/NPB3.4.3/NPB3.4-MPI/bin/mg.C.x"
0.59955823 W	2185960	"/home/boggy/ref_rapl/energy_exp_server/NPB3.4.3/NPB3.4-MPI/bin/mg.C.x"
0.59955823 W	2185961	"/home/boggy/ref_rapl/energy_exp_server/NPB3.4.3/NPB3.4-MPI/bin/mg.C.x"
0.59955823 W	2185959	"/home/boggy/ref_rapl/energy_exp_server/NPB3.4.3/NPB3.4-MPI/bin/mg.C.x"
------------------------------------------------------------

Host:	54.687636 W from 
	package 	core		dram		uncore
Socket0	51.31846 W |	45.309425 W	4.873969 W	0 W	

Top 5 consumers:
Power		PID	Exe
0.9064249 W	2185940	"/home/boggy/ref_rapl/scaphandre/target/release/scaphandre"
0.9064249 W	2185960	"/home/boggy/ref_rapl/energy_exp_server/NPB3.4.3/NPB3.4-MPI/bin/mg.C.x"
0.9064249 W	2185961	"/home/boggy/ref_rapl/energy_exp_server/NPB3.4.3/NPB3.4-MPI/bin/mg.C.x"
0.9064249 W	2185959	"/home/boggy/ref_rapl/energy_exp_server/NPB3.4.3/NPB3.4-MPI/bin/mg.C.x"
0.6042833 W	2185962	"/home/boggy/ref_rapl/energy_exp_server/NPB3.4.3/NPB3.4-MPI/bin/mg.C.x"
------------------------------------------------------------

Host:	54.674033 W from 
	package 	core		dram		uncore
Socket0	48.578793 W |	44.422447 W	4.82443 W	0 W	

Top 5 consumers:
Power		PID	Exe
0.90619946 W	2185962	"/home/boggy/ref_rapl/energy_exp_server/NPB3.4.3/NPB3.4-MPI/bin/mg.C.x"
0.60413295 W	2185940	"/home/boggy/ref_rapl/scaphandre/target/release/scaphandre"
0.60413295 W	2185960	"/home/boggy/ref_rapl/energy_exp_server/NPB3.4.3/NPB3.4-MPI/bin/mg.C.x"
0.60413295 W	2185961	"/home/boggy/ref_rapl/energy_exp_server/NPB3.4.3/NPB3.4-MPI/bin/mg.C.x"
0.60413295 W	2185959	"/home/boggy/ref_rapl/energy_exp_server/NPB3.4.3/NPB3.4-MPI/bin/mg.C.x"
------------------------------------------------------------

Host:	53.986694 W from 
	package 	core		dram		uncore
Socket0	49.79164 W |	45.31445 W	3.782663 W	0 W	

Top 5 consumers:
Power		PID	Exe
0.89480704 W	2185960	"/home/boggy/ref_rapl/energy_exp_server/NPB3.4.3/NPB3.4-MPI/bin/mg.C.x"
0.89480704 W	2185961	"/home/boggy/ref_rapl/energy_exp_server/NPB3.4.3/NPB3.4-MPI/bin/mg.C.x"
0.89480704 W	2185959	"/home/boggy/ref_rapl/energy_exp_server/NPB3.4.3/NPB3.4-MPI/bin/mg.C.x"
0.59653807 W	2185940	"/home/boggy/ref_rapl/scaphandre/target/release/scaphandre"
0.59653807 W	2185962	"/home/boggy/ref_rapl/energy_exp_server/NPB3.4.3/NPB3.4-MPI/bin/mg.C.x"
------------------------------------------------------------

Host:	52.249515 W from 
	package 	core		dram		uncore
Socket0	48.664013 W |	43.716286 W	4.662335 W	0 W	

Top 5 consumers:
Power		PID	Exe
1.1546854 W	2185960	"/home/boggy/ref_rapl/energy_exp_server/NPB3.4.3/NPB3.4-MPI/bin/mg.C.x"
0.86601406 W	2185940	"/home/boggy/ref_rapl/scaphandre/target/release/scaphandre"
0.86601406 W	2185962	"/home/boggy/ref_rapl/energy_exp_server/NPB3.4.3/NPB3.4-MPI/bin/mg.C.x"
0.86601406 W	2185961	"/home/boggy/ref_rapl/energy_exp_server/NPB3.4.3/NPB3.4-MPI/bin/mg.C.x"
0.86601406 W	2185959	"/home/boggy/ref_rapl/energy_exp_server/NPB3.4.3/NPB3.4-MPI/bin/mg.C.x"
------------------------------------------------------------

Host:	50.623387 W from 
	package 	core		dram		uncore
Socket0	47.632256 W |	42.445526 W	4.668889 W	0 W	

Top 5 consumers:
Power		PID	Exe
0.8390616 W	2185960	"/home/boggy/ref_rapl/energy_exp_server/NPB3.4.3/NPB3.4-MPI/bin/mg.C.x"
0.8390616 W	2185962	"/home/boggy/ref_rapl/energy_exp_server/NPB3.4.3/NPB3.4-MPI/bin/mg.C.x"
0.8390616 W	2185961	"/home/boggy/ref_rapl/energy_exp_server/NPB3.4.3/NPB3.4-MPI/bin/mg.C.x"
0.8390616 W	2185959	"/home/boggy/ref_rapl/energy_exp_server/NPB3.4.3/NPB3.4-MPI/bin/mg.C.x"
0.55937445 W	2185940	"/home/boggy/ref_rapl/scaphandre/target/release/scaphandre"
------------------------------------------------------------

Host:	48.416269 W from 
	package 	core		dram		uncore
Socket0	47.38298 W |	42.134712 W	4.254684 W	0 W	

Top 5 consumers:
Power		PID	Exe
1.2180194 W	2185940	"/home/boggy/ref_rapl/scaphandre/target/release/scaphandre"
1.2180194 W	2185962	"/home/boggy/ref_rapl/energy_exp_server/NPB3.4.3/NPB3.4-MPI/bin/mg.C.x"
1.2180194 W	2185961	"/home/boggy/ref_rapl/energy_exp_server/NPB3.4.3/NPB3.4-MPI/bin/mg.C.x"
0.9135145 W	2185960	"/home/boggy/ref_rapl/energy_exp_server/NPB3.4.3/NPB3.4-MPI/bin/mg.C.x"
0.9135145 W	2185959	"/home/boggy/ref_rapl/energy_exp_server/NPB3.4.3/NPB3.4-MPI/bin/mg.C.x"
------------------------------------------------------------

Host:	46.601412 W from 
	package 	core		dram		uncore
Socket0	42.271954 W |	37.08339 W	4.516018 W	0 W	

Top 5 consumers:
Power		PID	Exe
1.7585438 W	2185940	"/home/boggy/ref_rapl/scaphandre/target/release/scaphandre"
1.7585438 W	2185960	"/home/boggy/ref_rapl/energy_exp_server/NPB3.4.3/NPB3.4-MPI/bin/mg.C.x"
1.7585438 W	2185962	"/home/boggy/ref_rapl/energy_exp_server/NPB3.4.3/NPB3.4-MPI/bin/mg.C.x"
1.7585438 W	2185959	"/home/boggy/ref_rapl/energy_exp_server/NPB3.4.3/NPB3.4-MPI/bin/mg.C.x"
1.4654533 W	2185961	"/home/boggy/ref_rapl/energy_exp_server/NPB3.4.3/NPB3.4-MPI/bin/mg.C.x"
------------------------------------------------------------

Host:	47.607964 W from 
	package 	core		dram		uncore
Socket0	42.51071 W |	36.831272 W	4.607068 W	0 W	

Top 5 consumers:
Power		PID	Exe
1.7965269 W	2185940	"/home/boggy/ref_rapl/scaphandre/target/release/scaphandre"
1.7965269 W	2185960	"/home/boggy/ref_rapl/energy_exp_server/NPB3.4.3/NPB3.4-MPI/bin/mg.C.x"
1.7965269 W	2185961	"/home/boggy/ref_rapl/energy_exp_server/NPB3.4.3/NPB3.4-MPI/bin/mg.C.x"
1.7965269 W	2185959	"/home/boggy/ref_rapl/energy_exp_server/NPB3.4.3/NPB3.4-MPI/bin/mg.C.x"
1.4971058 W	2185962	"/home/boggy/ref_rapl/energy_exp_server/NPB3.4.3/NPB3.4-MPI/bin/mg.C.x"
------------------------------------------------------------

Host:	54.870568 W from 
	package 	core		dram		uncore
Socket0	44.614212 W |	39.998753 W	4.517176 W	0 W	

Top 5 consumers:
Power		PID	Exe
1.0352937 W	2185940	"/home/boggy/ref_rapl/scaphandre/target/release/scaphandre"
1.0352937 W	2185960	"/home/boggy/ref_rapl/energy_exp_server/NPB3.4.3/NPB3.4-MPI/bin/mg.C.x"
1.0352937 W	2185962	"/home/boggy/ref_rapl/energy_exp_server/NPB3.4.3/NPB3.4-MPI/bin/mg.C.x"
1.0352937 W	2185961	"/home/boggy/ref_rapl/energy_exp_server/NPB3.4.3/NPB3.4-MPI/bin/mg.C.x"
1.0352937 W	2185959	"/home/boggy/ref_rapl/energy_exp_server/NPB3.4.3/NPB3.4-MPI/bin/mg.C.x"
------------------------------------------------------------

Host:	56.273305 W from 
	package 	core		dram		uncore
Socket0	52.721783 W |	47.920837 W	4.425013 W	0 W	

Top 5 consumers:
Power		PID	Exe
1.7696009 W	2185962	"/home/boggy/ref_rapl/energy_exp_server/NPB3.4.3/NPB3.4-MPI/bin/mg.C.x"
1.0617605 W	2185940	"/home/boggy/ref_rapl/scaphandre/target/release/scaphandre"
1.0617605 W	2185960	"/home/boggy/ref_rapl/energy_exp_server/NPB3.4.3/NPB3.4-MPI/bin/mg.C.x"
1.0617605 W	2185961	"/home/boggy/ref_rapl/energy_exp_server/NPB3.4.3/NPB3.4-MPI/bin/mg.C.x"
1.0617605 W	2185959	"/home/boggy/ref_rapl/energy_exp_server/NPB3.4.3/NPB3.4-MPI/bin/mg.C.x"
------------------------------------------------------------

Host:	50.794908 W from 
	package 	core		dram		uncore
Socket0	48.21323 W |	43.35142 W	4.514392 W	0 W	

Top 5 consumers:
Power		PID	Exe
1.2239736 W	2185960	"/home/boggy/ref_rapl/energy_exp_server/NPB3.4.3/NPB3.4-MPI/bin/mg.C.x"
1.2239736 W	2185961	"/home/boggy/ref_rapl/energy_exp_server/NPB3.4.3/NPB3.4-MPI/bin/mg.C.x"
1.2239736 W	2185959	"/home/boggy/ref_rapl/energy_exp_server/NPB3.4.3/NPB3.4-MPI/bin/mg.C.x"
0.9179802 W	2185940	"/home/boggy/ref_rapl/scaphandre/target/release/scaphandre"
0.9179802 W	2185962	"/home/boggy/ref_rapl/energy_exp_server/NPB3.4.3/NPB3.4-MPI/bin/mg.C.x"
------------------------------------------------------------

Host:	52.714959 W from 
	package 	core		dram		uncore
Socket0	47.342003 W |	41.632076 W	4.629069 W	0 W	

Top 5 consumers:
Power		PID	Exe
0.95267993 W	2185960	"/home/boggy/ref_rapl/energy_exp_server/NPB3.4.3/NPB3.4-MPI/bin/mg.C.x"
0.95267993 W	2185962	"/home/boggy/ref_rapl/energy_exp_server/NPB3.4.3/NPB3.4-MPI/bin/mg.C.x"
0.95267993 W	2185961	"/home/boggy/ref_rapl/energy_exp_server/NPB3.4.3/NPB3.4-MPI/bin/mg.C.x"
0.95267993 W	2185959	"/home/boggy/ref_rapl/energy_exp_server/NPB3.4.3/NPB3.4-MPI/bin/mg.C.x"
0.31755996 W	2185940	"/home/boggy/ref_rapl/scaphandre/target/release/scaphandre"
------------------------------------------------------------

Host:	53.130312 W from 
	package 	core		dram		uncore
Socket0	47.859367 W |	41.724518 W	4.525495 W	0 W	

Top 5 consumers:
Power		PID	Exe
0.9601863 W	2185940	"/home/boggy/ref_rapl/scaphandre/target/release/scaphandre"
0.9601863 W	2185960	"/home/boggy/ref_rapl/energy_exp_server/NPB3.4.3/NPB3.4-MPI/bin/mg.C.x"
0.9601863 W	2185962	"/home/boggy/ref_rapl/energy_exp_server/NPB3.4.3/NPB3.4-MPI/bin/mg.C.x"
0.9601863 W	2185961	"/home/boggy/ref_rapl/energy_exp_server/NPB3.4.3/NPB3.4-MPI/bin/mg.C.x"
0.9601863 W	2185959	"/home/boggy/ref_rapl/energy_exp_server/NPB3.4.3/NPB3.4-MPI/bin/mg.C.x"
------------------------------------------------------------

Host:	52.964865 W from 
	package 	core		dram		uncore
Socket0	48.258812 W |	43.953987 W	4.82644 W	0 W	

Top 5 consumers:
Power		PID	Exe
1.2762618 W	2185962	"/home/boggy/ref_rapl/energy_exp_server/NPB3.4.3/NPB3.4-MPI/bin/mg.C.x"
0.9571963 W	2185940	"/home/boggy/ref_rapl/scaphandre/target/release/scaphandre"
0.9571963 W	2185960	"/home/boggy/ref_rapl/energy_exp_server/NPB3.4.3/NPB3.4-MPI/bin/mg.C.x"
0.9571963 W	2185961	"/home/boggy/ref_rapl/energy_exp_server/NPB3.4.3/NPB3.4-MPI/bin/mg.C.x"
0.9571963 W	2185959	"/home/boggy/ref_rapl/energy_exp_server/NPB3.4.3/NPB3.4-MPI/bin/mg.C.x"
------------------------------------------------------------

Host:	53.86813 W from 
	package 	core		dram		uncore
Socket0	49.826157 W |	43.951424 W	4.707988 W	0 W	

Top 5 consumers:
Power		PID	Exe
1.2980272 W	2185960	"/home/boggy/ref_rapl/energy_exp_server/NPB3.4.3/NPB3.4-MPI/bin/mg.C.x"
1.2980272 W	2185961	"/home/boggy/ref_rapl/energy_exp_server/NPB3.4.3/NPB3.4-MPI/bin/mg.C.x"
1.2980272 W	2185959	"/home/boggy/ref_rapl/energy_exp_server/NPB3.4.3/NPB3.4-MPI/bin/mg.C.x"
0.9735204 W	2185940	"/home/boggy/ref_rapl/scaphandre/target/release/scaphandre"
0.9735204 W	2185962	"/home/boggy/ref_rapl/energy_exp_server/NPB3.4.3/NPB3.4-MPI/bin/mg.C.x"
------------------------------------------------------------

Host:	54.551479 W from 
	package 	core		dram		uncore
Socket0	48.930096 W |	43.73279 W	4.785296 W	0 W	

Top 5 consumers:
Power		PID	Exe
0.98587006 W	2185960	"/home/boggy/ref_rapl/energy_exp_server/NPB3.4.3/NPB3.4-MPI/bin/mg.C.x"
0.98587006 W	2185962	"/home/boggy/ref_rapl/energy_exp_server/NPB3.4.3/NPB3.4-MPI/bin/mg.C.x"
0.98587006 W	2185961	"/home/boggy/ref_rapl/energy_exp_server/NPB3.4.3/NPB3.4-MPI/bin/mg.C.x"
0.98587006 W	2185959	"/home/boggy/ref_rapl/energy_exp_server/NPB3.4.3/NPB3.4-MPI/bin/mg.C.x"
0.6572467 W	2185940	"/home/boggy/ref_rapl/scaphandre/target/release/scaphandre"
------------------------------------------------------------

Host:	53.36051 W from 
	package 	core		dram		uncore
Socket0	48.602543 W |	43.966248 W	4.725047 W	0 W	

Top 5 consumers:
Power		PID	Exe
1.3094603 W	2185962	"/home/boggy/ref_rapl/energy_exp_server/NPB3.4.3/NPB3.4-MPI/bin/mg.C.x"
0.9820953 W	2185940	"/home/boggy/ref_rapl/scaphandre/target/release/scaphandre"
0.9820953 W	2185960	"/home/boggy/ref_rapl/energy_exp_server/NPB3.4.3/NPB3.4-MPI/bin/mg.C.x"
0.9820953 W	2185961	"/home/boggy/ref_rapl/energy_exp_server/NPB3.4.3/NPB3.4-MPI/bin/mg.C.x"
0.9820953 W	2185959	"/home/boggy/ref_rapl/energy_exp_server/NPB3.4.3/NPB3.4-MPI/bin/mg.C.x"
------------------------------------------------------------

Host:	53.60817 W from 
	package 	core		dram		uncore
Socket0	50.01634 W |	44.12209 W	4.861319 W	0 W	

Top 5 consumers:
Power		PID	Exe
1.3155379 W	2185960	"/home/boggy/ref_rapl/energy_exp_server/NPB3.4.3/NPB3.4-MPI/bin/mg.C.x"
1.3155379 W	2185961	"/home/boggy/ref_rapl/energy_exp_server/NPB3.4.3/NPB3.4-MPI/bin/mg.C.x"
1.3155379 W	2185959	"/home/boggy/ref_rapl/energy_exp_server/NPB3.4.3/NPB3.4-MPI/bin/mg.C.x"
0.98665345 W	2185962	"/home/boggy/ref_rapl/energy_exp_server/NPB3.4.3/NPB3.4-MPI/bin/mg.C.x"
0.65776896 W	2185940	"/home/boggy/ref_rapl/scaphandre/target/release/scaphandre"
------------------------------------------------------------

Host:	54.221811 W from 
	package 	core		dram		uncore
Socket0	48.712456 W |	43.92537 W	4.734839 W	0 W	

Top 5 consumers:
Power		PID	Exe
0.99794745 W	2185940	"/home/boggy/ref_rapl/scaphandre/target/release/scaphandre"
0.99794745 W	2185960	"/home/boggy/ref_rapl/energy_exp_server/NPB3.4.3/NPB3.4-MPI/bin/mg.C.x"
0.99794745 W	2185962	"/home/boggy/ref_rapl/energy_exp_server/NPB3.4.3/NPB3.4-MPI/bin/mg.C.x"
0.99794745 W	2185961	"/home/boggy/ref_rapl/energy_exp_server/NPB3.4.3/NPB3.4-MPI/bin/mg.C.x"
0.99794745 W	2185959	"/home/boggy/ref_rapl/energy_exp_server/NPB3.4.3/NPB3.4-MPI/bin/mg.C.x"
------------------------------------------------------------

Host:	53.202005 W from 
	package 	core		dram		uncore
Socket0	48.088043 W |	43.605164 W	4.24393 W	0 W	

Top 5 consumers:
Power		PID	Exe
0.979178 W	2185940	"/home/boggy/ref_rapl/scaphandre/target/release/scaphandre"
0.979178 W	2185960	"/home/boggy/ref_rapl/energy_exp_server/NPB3.4.3/NPB3.4-MPI/bin/mg.C.x"
0.979178 W	2185962	"/home/boggy/ref_rapl/energy_exp_server/NPB3.4.3/NPB3.4-MPI/bin/mg.C.x"
0.979178 W	2185961	"/home/boggy/ref_rapl/energy_exp_server/NPB3.4.3/NPB3.4-MPI/bin/mg.C.x"
0.979178 W	2185959	"/home/boggy/ref_rapl/energy_exp_server/NPB3.4.3/NPB3.4-MPI/bin/mg.C.x"
------------------------------------------------------------

Host:	56.076653 W from 
	package 	core		dram		uncore
Socket0	52.032166 W |	46.272953 W	4.296578 W	0 W	

Top 5 consumers:
Power		PID	Exe
1.0320857 W	2185960	"/home/boggy/ref_rapl/energy_exp_server/NPB3.4.3/NPB3.4-MPI/bin/mg.C.x"
1.0320857 W	2185962	"/home/boggy/ref_rapl/energy_exp_server/NPB3.4.3/NPB3.4-MPI/bin/mg.C.x"
1.0320857 W	2185961	"/home/boggy/ref_rapl/energy_exp_server/NPB3.4.3/NPB3.4-MPI/bin/mg.C.x"
1.0320857 W	2185959	"/home/boggy/ref_rapl/energy_exp_server/NPB3.4.3/NPB3.4-MPI/bin/mg.C.x"
0.68805707 W	2185940	"/home/boggy/ref_rapl/scaphandre/target/release/scaphandre"
------------------------------------------------------------

Host:	57.161872 W from 
	package 	core		dram		uncore
Socket0	51.16813 W |	46.228687 W	4.607648 W	0 W	

Top 5 consumers:
Power		PID	Exe
1.4027452 W	2185962	"/home/boggy/ref_rapl/energy_exp_server/NPB3.4.3/NPB3.4-MPI/bin/mg.C.x"
1.052059 W	2185940	"/home/boggy/ref_rapl/scaphandre/target/release/scaphandre"
1.052059 W	2185960	"/home/boggy/ref_rapl/energy_exp_server/NPB3.4.3/NPB3.4-MPI/bin/mg.C.x"
1.052059 W	2185961	"/home/boggy/ref_rapl/energy_exp_server/NPB3.4.3/NPB3.4-MPI/bin/mg.C.x"
1.052059 W	2185959	"/home/boggy/ref_rapl/energy_exp_server/NPB3.4.3/NPB3.4-MPI/bin/mg.C.x"
------------------------------------------------------------

Host:	55.97484 W from 
	package 	core		dram		uncore
Socket0	50.844913 W |	46.31178 W	4.558739 W	0 W	

Top 5 consumers:
Power		PID	Exe
1.3736156 W	2185959	"/home/boggy/ref_rapl/energy_exp_server/NPB3.4.3/NPB3.4-MPI/bin/mg.C.x"
1.0302118 W	2185960	"/home/boggy/ref_rapl/energy_exp_server/NPB3.4.3/NPB3.4-MPI/bin/mg.C.x"
1.0302118 W	2185962	"/home/boggy/ref_rapl/energy_exp_server/NPB3.4.3/NPB3.4-MPI/bin/mg.C.x"
1.0302118 W	2185961	"/home/boggy/ref_rapl/energy_exp_server/NPB3.4.3/NPB3.4-MPI/bin/mg.C.x"
0.6868078 W	2185940	"/home/boggy/ref_rapl/scaphandre/target/release/scaphandre"
------------------------------------------------------------

Host:	55.908963 W from 
	package 	core		dram		uncore
Socket0	51.62005 W |	46.270008 W	4.638031 W	0 W	

Top 5 consumers:
Power		PID	Exe
1.2852635 W	2185960	"/home/boggy/ref_rapl/energy_exp_server/NPB3.4.3/NPB3.4-MPI/bin/mg.C.x"
1.2852635 W	2185961	"/home/boggy/ref_rapl/energy_exp_server/NPB3.4.3/NPB3.4-MPI/bin/mg.C.x"
0.96394765 W	2185940	"/home/boggy/ref_rapl/scaphandre/target/release/scaphandre"
0.96394765 W	2185962	"/home/boggy/ref_rapl/energy_exp_server/NPB3.4.3/NPB3.4-MPI/bin/mg.C.x"
0.96394765 W	2185959	"/home/boggy/ref_rapl/energy_exp_server/NPB3.4.3/NPB3.4-MPI/bin/mg.C.x"
------------------------------------------------------------

Host:	56.149577 W from 
	package 	core		dram		uncore
Socket0	51.48908 W |	46.475582 W	4.612244 W	0 W	

Top 5 consumers:
Power		PID	Exe
0.96809614 W	2185960	"/home/boggy/ref_rapl/energy_exp_server/NPB3.4.3/NPB3.4-MPI/bin/mg.C.x"
0.96809614 W	2185962	"/home/boggy/ref_rapl/energy_exp_server/NPB3.4.3/NPB3.4-MPI/bin/mg.C.x"
0.96809614 W	2185961	"/home/boggy/ref_rapl/energy_exp_server/NPB3.4.3/NPB3.4-MPI/bin/mg.C.x"
0.96809614 W	2185959	"/home/boggy/ref_rapl/energy_exp_server/NPB3.4.3/NPB3.4-MPI/bin/mg.C.x"
0.6453974 W	2185940	"/home/boggy/ref_rapl/scaphandre/target/release/scaphandre"
------------------------------------------------------------

Host:	51.958656 W from 
	package 	core		dram		uncore
Socket0	51.205334 W |	46.2402 W	4.725726 W	0 W	

Top 5 consumers:
Power		PID	Exe
0.89583886 W	2185960	"/home/boggy/ref_rapl/energy_exp_server/NPB3.4.3/NPB3.4-MPI/bin/mg.C.x"
0.89583886 W	2185962	"/home/boggy/ref_rapl/energy_exp_server/NPB3.4.3/NPB3.4-MPI/bin/mg.C.x"
0.89583886 W	2185961	"/home/boggy/ref_rapl/energy_exp_server/NPB3.4.3/NPB3.4-MPI/bin/mg.C.x"
0.89583886 W	2185959	"/home/boggy/ref_rapl/energy_exp_server/NPB3.4.3/NPB3.4-MPI/bin/mg.C.x"
0.59722596 W	2185940	"/home/boggy/ref_rapl/scaphandre/target/release/scaphandre"
------------------------------------------------------------

Host:	54.533327 W from 
	package 	core		dram		uncore
Socket0	48.2544 W |	43.64512 W	3.345746 W	0 W	

Top 5 consumers:
Power		PID	Exe
0.9402298 W	2185962	"/home/boggy/ref_rapl/energy_exp_server/NPB3.4.3/NPB3.4-MPI/bin/mg.C.x"
0.9402298 W	2185961	"/home/boggy/ref_rapl/energy_exp_server/NPB3.4.3/NPB3.4-MPI/bin/mg.C.x"
0.6268198 W	2185940	"/home/boggy/ref_rapl/scaphandre/target/release/scaphandre"
0.6268198 W	2185960	"/home/boggy/ref_rapl/energy_exp_server/NPB3.4.3/NPB3.4-MPI/bin/mg.C.x"
0.6268198 W	2185959	"/home/boggy/ref_rapl/energy_exp_server/NPB3.4.3/NPB3.4-MPI/bin/mg.C.x"
------------------------------------------------------------

Host:	53.983695 W from 
	package 	core		dram		uncore
Socket0	49.628433 W |	44.678864 W	4.173385 W	0 W	

Top 5 consumers:
Power		PID	Exe
1.2410045 W	2185960	"/home/boggy/ref_rapl/energy_exp_server/NPB3.4.3/NPB3.4-MPI/bin/mg.C.x"
1.2410045 W	2185959	"/home/boggy/ref_rapl/energy_exp_server/NPB3.4.3/NPB3.4-MPI/bin/mg.C.x"
0.93075335 W	2185940	"/home/boggy/ref_rapl/scaphandre/target/release/scaphandre"
0.93075335 W	2185962	"/home/boggy/ref_rapl/energy_exp_server/NPB3.4.3/NPB3.4-MPI/bin/mg.C.x"
0.93075335 W	2185961	"/home/boggy/ref_rapl/energy_exp_server/NPB3.4.3/NPB3.4-MPI/bin/mg.C.x"
------------------------------------------------------------

Host:	53.962772 W from 
	package 	core		dram		uncore
Socket0	49.019257 W |	43.950455 W	4.914324 W	0 W	

Top 5 consumers:
Power		PID	Exe
0.9303926 W	2185960	"/home/boggy/ref_rapl/energy_exp_server/NPB3.4.3/NPB3.4-MPI/bin/mg.C.x"
0.9303926 W	2185962	"/home/boggy/ref_rapl/energy_exp_server/NPB3.4.3/NPB3.4-MPI/bin/mg.C.x"
0.9303926 W	2185961	"/home/boggy/ref_rapl/energy_exp_server/NPB3.4.3/NPB3.4-MPI/bin/mg.C.x"
0.9303926 W	2185959	"/home/boggy/ref_rapl/energy_exp_server/NPB3.4.3/NPB3.4-MPI/bin/mg.C.x"
0.6202617 W	2185940	"/home/boggy/ref_rapl/scaphandre/target/release/scaphandre"
------------------------------------------------------------

Host:	52.98262 W from 
	package 	core		dram		uncore
Socket0	49.32576 W |	43.867096 W	4.666423 W	0 W	

Top 5 consumers:
Power		PID	Exe
0.91349345 W	2185940	"/home/boggy/ref_rapl/scaphandre/target/release/scaphandre"
0.91349345 W	2185960	"/home/boggy/ref_rapl/energy_exp_server/NPB3.4.3/NPB3.4-MPI/bin/mg.C.x"
0.91349345 W	2185962	"/home/boggy/ref_rapl/energy_exp_server/NPB3.4.3/NPB3.4-MPI/bin/mg.C.x"
0.91349345 W	2185961	"/home/boggy/ref_rapl/energy_exp_server/NPB3.4.3/NPB3.4-MPI/bin/mg.C.x"
0.91349345 W	2185959	"/home/boggy/ref_rapl/energy_exp_server/NPB3.4.3/NPB3.4-MPI/bin/mg.C.x"
------------------------------------------------------------

Host:	53.946179 W from 
	package 	core		dram		uncore
Socket0	48.59164 W |	44.126373 W	4.849678 W	0 W	

Top 5 consumers:
Power		PID	Exe
1.198804 W	2185960	"/home/boggy/ref_rapl/energy_exp_server/NPB3.4.3/NPB3.4-MPI/bin/mg.C.x"
1.198804 W	2185962	"/home/boggy/ref_rapl/energy_exp_server/NPB3.4.3/NPB3.4-MPI/bin/mg.C.x"
1.198804 W	2185961	"/home/boggy/ref_rapl/energy_exp_server/NPB3.4.3/NPB3.4-MPI/bin/mg.C.x"
1.198804 W	2185959	"/home/boggy/ref_rapl/energy_exp_server/NPB3.4.3/NPB3.4-MPI/bin/mg.C.x"
0.899103 W	2185940	"/home/boggy/ref_rapl/scaphandre/target/release/scaphandre"
------------------------------------------------------------

Host:	53.688503 W from 
	package 	core		dram		uncore
Socket0	50.377617 W |	44.016273 W	4.755147 W	0 W	

Top 5 consumers:
Power		PID	Exe
0.8948084 W	2185940	"/home/boggy/ref_rapl/scaphandre/target/release/scaphandre"
0.8948084 W	2185960	"/home/boggy/ref_rapl/energy_exp_server/NPB3.4.3/NPB3.4-MPI/bin/mg.C.x"
0.8948084 W	2185962	"/home/boggy/ref_rapl/energy_exp_server/NPB3.4.3/NPB3.4-MPI/bin/mg.C.x"
0.8948084 W	2185961	"/home/boggy/ref_rapl/energy_exp_server/NPB3.4.3/NPB3.4-MPI/bin/mg.C.x"
0.8948084 W	2185959	"/home/boggy/ref_rapl/energy_exp_server/NPB3.4.3/NPB3.4-MPI/bin/mg.C.x"
------------------------------------------------------------

Host:	55.459101 W from 
	package 	core		dram		uncore
Socket0	48.80949 W |	43.958218 W	4.745482 W	0 W	

Top 5 consumers:
Power		PID	Exe
0.9243184 W	2185960	"/home/boggy/ref_rapl/energy_exp_server/NPB3.4.3/NPB3.4-MPI/bin/mg.C.x"
0.9243184 W	2185962	"/home/boggy/ref_rapl/energy_exp_server/NPB3.4.3/NPB3.4-MPI/bin/mg.C.x"
0.9243184 W	2185961	"/home/boggy/ref_rapl/energy_exp_server/NPB3.4.3/NPB3.4-MPI/bin/mg.C.x"
0.9243184 W	2185959	"/home/boggy/ref_rapl/energy_exp_server/NPB3.4.3/NPB3.4-MPI/bin/mg.C.x"
0.61621225 W	2185940	"/home/boggy/ref_rapl/scaphandre/target/release/scaphandre"
------------------------------------------------------------

Host:	51.36807 W from 
	package 	core		dram		uncore
Socket0	47.538776 W |	43.236824 W	4.829932 W	0 W	

Top 5 consumers:
Power		PID	Exe
1.1415128 W	2185960	"/home/boggy/ref_rapl/energy_exp_server/NPB3.4.3/NPB3.4-MPI/bin/mg.C.x"
1.1415128 W	2185962	"/home/boggy/ref_rapl/energy_exp_server/NPB3.4.3/NPB3.4-MPI/bin/mg.C.x"
1.1415128 W	2185961	"/home/boggy/ref_rapl/energy_exp_server/NPB3.4.3/NPB3.4-MPI/bin/mg.C.x"
1.1415128 W	2185959	"/home/boggy/ref_rapl/energy_exp_server/NPB3.4.3/NPB3.4-MPI/bin/mg.C.x"
0.85613453 W	2185940	"/home/boggy/ref_rapl/scaphandre/target/release/scaphandre"
------------------------------------------------------------

Host:	52.910101 W from 
	package 	core		dram		uncore
Socket0	49.131634 W |	43.164196 W	4.511393 W	0 W	

Top 5 consumers:
Power		PID	Exe
0.88183504 W	2185940	"/home/boggy/ref_rapl/scaphandre/target/release/scaphandre"
0.88183504 W	2185960	"/home/boggy/ref_rapl/energy_exp_server/NPB3.4.3/NPB3.4-MPI/bin/mg.C.x"
0.88183504 W	2185962	"/home/boggy/ref_rapl/energy_exp_server/NPB3.4.3/NPB3.4-MPI/bin/mg.C.x"
0.88183504 W	2185961	"/home/boggy/ref_rapl/energy_exp_server/NPB3.4.3/NPB3.4-MPI/bin/mg.C.x"
0.88183504 W	2185959	"/home/boggy/ref_rapl/energy_exp_server/NPB3.4.3/NPB3.4-MPI/bin/mg.C.x"
------------------------------------------------------------

Host:	50.720731 W from 
	package 	core		dram		uncore
Socket0	46.617413 W |	42.54658 W	4.70586 W	0 W	

Top 5 consumers:
Power		PID	Exe
1.1271274 W	2185962	"/home/boggy/ref_rapl/energy_exp_server/NPB3.4.3/NPB3.4-MPI/bin/mg.C.x"
0.84534556 W	2185940	"/home/boggy/ref_rapl/scaphandre/target/release/scaphandre"
0.84534556 W	2185960	"/home/boggy/ref_rapl/energy_exp_server/NPB3.4.3/NPB3.4-MPI/bin/mg.C.x"
0.84534556 W	2185961	"/home/boggy/ref_rapl/energy_exp_server/NPB3.4.3/NPB3.4-MPI/bin/mg.C.x"
0.84534556 W	2185959	"/home/boggy/ref_rapl/energy_exp_server/NPB3.4.3/NPB3.4-MPI/bin/mg.C.x"
------------------------------------------------------------

Host:	48.45474 W from 
	package 	core		dram		uncore
Socket0	46.849815 W |	41.24139 W	4.447848 W	0 W	

Top 5 consumers:
Power		PID	Exe
1.1890732 W	2185960	"/home/boggy/ref_rapl/energy_exp_server/NPB3.4.3/NPB3.4-MPI/bin/mg.C.x"
1.1890732 W	2185961	"/home/boggy/ref_rapl/energy_exp_server/NPB3.4.3/NPB3.4-MPI/bin/mg.C.x"
1.1890732 W	2185959	"/home/boggy/ref_rapl/energy_exp_server/NPB3.4.3/NPB3.4-MPI/bin/mg.C.x"
0.89180505 W	2185940	"/home/boggy/ref_rapl/scaphandre/target/release/scaphandre"
0.89180505 W	2185962	"/home/boggy/ref_rapl/energy_exp_server/NPB3.4.3/NPB3.4-MPI/bin/mg.C.x"
------------------------------------------------------------

Host:	46.236628 W from 
	package 	core		dram		uncore
Socket0	42.58902 W |	37.158237 W	4.531873 W	0 W	

Top 5 consumers:
Power		PID	Exe
1.7019618 W	2185960	"/home/boggy/ref_rapl/energy_exp_server/NPB3.4.3/NPB3.4-MPI/bin/mg.C.x"
1.7019618 W	2185962	"/home/boggy/ref_rapl/energy_exp_server/NPB3.4.3/NPB3.4-MPI/bin/mg.C.x"
1.7019618 W	2185961	"/home/boggy/ref_rapl/energy_exp_server/NPB3.4.3/NPB3.4-MPI/bin/mg.C.x"
1.7019618 W	2185959	"/home/boggy/ref_rapl/energy_exp_server/NPB3.4.3/NPB3.4-MPI/bin/mg.C.x"
1.4183015 W	2185940	"/home/boggy/ref_rapl/scaphandre/target/release/scaphandre"
------------------------------------------------------------

Host:	47.913231 W from 
	package 	core		dram		uncore
Socket0	41.83001 W |	37.123356 W	4.590147 W	0 W	

Top 5 consumers:
Power		PID	Exe
1.7636772 W	2185940	"/home/boggy/ref_rapl/scaphandre/target/release/scaphandre"
1.469731 W	2185960	"/home/boggy/ref_rapl/energy_exp_server/NPB3.4.3/NPB3.4-MPI/bin/mg.C.x"
1.469731 W	2185962	"/home/boggy/ref_rapl/energy_exp_server/NPB3.4.3/NPB3.4-MPI/bin/mg.C.x"
1.469731 W	2185961	"/home/boggy/ref_rapl/energy_exp_server/NPB3.4.3/NPB3.4-MPI/bin/mg.C.x"
1.469731 W	2185959	"/home/boggy/ref_rapl/energy_exp_server/NPB3.4.3/NPB3.4-MPI/bin/mg.C.x"
------------------------------------------------------------

Host:	55.507603 W from 
	package 	core		dram		uncore
Socket0	45.150867 W |	40.16042 W	4.544376 W	0 W	

Top 5 consumers:
Power		PID	Exe
1.3621497 W	2185940	"/home/boggy/ref_rapl/scaphandre/target/release/scaphandre"
1.3621497 W	2185960	"/home/boggy/ref_rapl/energy_exp_server/NPB3.4.3/NPB3.4-MPI/bin/mg.C.x"
1.3621497 W	2185962	"/home/boggy/ref_rapl/energy_exp_server/NPB3.4.3/NPB3.4-MPI/bin/mg.C.x"
1.3621497 W	2185961	"/home/boggy/ref_rapl/energy_exp_server/NPB3.4.3/NPB3.4-MPI/bin/mg.C.x"
1.3621497 W	2185959	"/home/boggy/ref_rapl/energy_exp_server/NPB3.4.3/NPB3.4-MPI/bin/mg.C.x"
------------------------------------------------------------

Host:	56.357271 W from 
	package 	core		dram		uncore
Socket0	52.98281 W |	48.023872 W	4.432489 W	0 W	

Top 5 consumers:
Power		PID	Exe
1.0372504 W	2185960	"/home/boggy/ref_rapl/energy_exp_server/NPB3.4.3/NPB3.4-MPI/bin/mg.C.x"
1.0372504 W	2185962	"/home/boggy/ref_rapl/energy_exp_server/NPB3.4.3/NPB3.4-MPI/bin/mg.C.x"
1.0372504 W	2185961	"/home/boggy/ref_rapl/energy_exp_server/NPB3.4.3/NPB3.4-MPI/bin/mg.C.x"
1.0372504 W	2185959	"/home/boggy/ref_rapl/energy_exp_server/NPB3.4.3/NPB3.4-MPI/bin/mg.C.x"
0.69150025 W	2185940	"/home/boggy/ref_rapl/scaphandre/target/release/scaphandre"
------------------------------------------------------------

Host:	51.951135 W from 
	package 	core		dram		uncore
Socket0	49.898304 W |	43.168373 W	4.392419 W	0 W	

Top 5 consumers:
Power		PID	Exe
0.9167848 W	2185960	"/home/boggy/ref_rapl/energy_exp_server/NPB3.4.3/NPB3.4-MPI/bin/mg.C.x"
0.9167848 W	2185962	"/home/boggy/ref_rapl/energy_exp_server/NPB3.4.3/NPB3.4-MPI/bin/mg.C.x"
0.9167848 W	2185961	"/home/boggy/ref_rapl/energy_exp_server/NPB3.4.3/NPB3.4-MPI/bin/mg.C.x"
0.9167848 W	2185959	"/home/boggy/ref_rapl/energy_exp_server/NPB3.4.3/NPB3.4-MPI/bin/mg.C.x"
0.6111899 W	2185940	"/home/boggy/ref_rapl/scaphandre/target/release/scaphandre"
------------------------------------------------------------

Host:	51.626384 W from 
	package 	core		dram		uncore
Socket0	47.20633 W |	41.787 W	4.59329 W	0 W	

Top 5 consumers:
Power		PID	Exe
0.9110539 W	2185940	"/home/boggy/ref_rapl/scaphandre/target/release/scaphandre"
0.9110539 W	2185960	"/home/boggy/ref_rapl/energy_exp_server/NPB3.4.3/NPB3.4-MPI/bin/mg.C.x"
0.9110539 W	2185962	"/home/boggy/ref_rapl/energy_exp_server/NPB3.4.3/NPB3.4-MPI/bin/mg.C.x"
0.9110539 W	2185961	"/home/boggy/ref_rapl/energy_exp_server/NPB3.4.3/NPB3.4-MPI/bin/mg.C.x"
0.9110539 W	2185959	"/home/boggy/ref_rapl/energy_exp_server/NPB3.4.3/NPB3.4-MPI/bin/mg.C.x"
------------------------------------------------------------

Host:	52.201418 W from 
	package 	core		dram		uncore
Socket0	46.94052 W |	41.734943 W	4.589767 W	0 W	

Top 5 consumers:
Power		PID	Exe
1.2282687 W	2185962	"/home/boggy/ref_rapl/energy_exp_server/NPB3.4.3/NPB3.4-MPI/bin/mg.C.x"
0.9212016 W	2185940	"/home/boggy/ref_rapl/scaphandre/target/release/scaphandre"
0.9212016 W	2185960	"/home/boggy/ref_rapl/energy_exp_server/NPB3.4.3/NPB3.4-MPI/bin/mg.C.x"
0.9212016 W	2185961	"/home/boggy/ref_rapl/energy_exp_server/NPB3.4.3/NPB3.4-MPI/bin/mg.C.x"
0.9212016 W	2185959	"/home/boggy/ref_rapl/energy_exp_server/NPB3.4.3/NPB3.4-MPI/bin/mg.C.x"
------------------------------------------------------------

Host:	53.639401 W from 
	package 	core		dram		uncore
Socket0	48.754337 W |	43.72658 W	4.756321 W	0 W	

Top 5 consumers:
Power		PID	Exe
1.2621037 W	2185960	"/home/boggy/ref_rapl/energy_exp_server/NPB3.4.3/NPB3.4-MPI/bin/mg.C.x"
1.2621037 W	2185961	"/home/boggy/ref_rapl/energy_exp_server/NPB3.4.3/NPB3.4-MPI/bin/mg.C.x"
1.2621037 W	2185959	"/home/boggy/ref_rapl/energy_exp_server/NPB3.4.3/NPB3.4-MPI/bin/mg.C.x"
0.9465777 W	2185962	"/home/boggy/ref_rapl/energy_exp_server/NPB3.4.3/NPB3.4-MPI/bin/mg.C.x"
0.63105184 W	2185940	"/home/boggy/ref_rapl/scaphandre/target/release/scaphandre"
------------------------------------------------------------

Host:	54.066082 W from 
	package 	core		dram		uncore
Socket0	48.96301 W |	43.943146 W	4.773977 W	0 W	

Top 5 consumers:
Power		PID	Exe
0.9541074 W	2185940	"/home/boggy/ref_rapl/scaphandre/target/release/scaphandre"
0.9541074 W	2185960	"/home/boggy/ref_rapl/energy_exp_server/NPB3.4.3/NPB3.4-MPI/bin/mg.C.x"
0.9541074 W	2185962	"/home/boggy/ref_rapl/energy_exp_server/NPB3.4.3/NPB3.4-MPI/bin/mg.C.x"
0.9541074 W	2185961	"/home/boggy/ref_rapl/energy_exp_server/NPB3.4.3/NPB3.4-MPI/bin/mg.C.x"
0.9541074 W	2185959	"/home/boggy/ref_rapl/energy_exp_server/NPB3.4.3/NPB3.4-MPI/bin/mg.C.x"
------------------------------------------------------------

Host:	53.92791 W from 
	package 	core		dram		uncore
Socket0	49.398113 W |	43.971684 W	4.811975 W	0 W	

Top 5 consumers:
Power		PID	Exe
1.268892 W	2185962	"/home/boggy/ref_rapl/energy_exp_server/NPB3.4.3/NPB3.4-MPI/bin/mg.C.x"
0.95166904 W	2185940	"/home/boggy/ref_rapl/scaphandre/target/release/scaphandre"
0.95166904 W	2185960	"/home/boggy/ref_rapl/energy_exp_server/NPB3.4.3/NPB3.4-MPI/bin/mg.C.x"
0.95166904 W	2185961	"/home/boggy/ref_rapl/energy_exp_server/NPB3.4.3/NPB3.4-MPI/bin/mg.C.x"
0.95166904 W	2185959	"/home/boggy/ref_rapl/energy_exp_server/NPB3.4.3/NPB3.4-MPI/bin/mg.C.x"
------------------------------------------------------------

Host:	54.050014 W from 
	package 	core		dram		uncore
Socket0	49.1828 W |	43.993404 W	4.784604 W	0 W	

Top 5 consumers:
Power		PID	Exe
0.95382386 W	2185960	"/home/boggy/ref_rapl/energy_exp_server/NPB3.4.3/NPB3.4-MPI/bin/mg.C.x"
0.95382386 W	2185962	"/home/boggy/ref_rapl/energy_exp_server/NPB3.4.3/NPB3.4-MPI/bin/mg.C.x"
0.95382386 W	2185961	"/home/boggy/ref_rapl/energy_exp_server/NPB3.4.3/NPB3.4-MPI/bin/mg.C.x"
0.95382386 W	2185959	"/home/boggy/ref_rapl/energy_exp_server/NPB3.4.3/NPB3.4-MPI/bin/mg.C.x"
0.63588256 W	2185940	"/home/boggy/ref_rapl/scaphandre/target/release/scaphandre"
------------------------------------------------------------

Host:	53.55761 W from 
	package 	core		dram		uncore
Socket0	47.66645 W |	43.807255 W	4.79642 W	0 W	

Top 5 consumers:
Power		PID	Exe
1.1770904 W	2185960	"/home/boggy/ref_rapl/energy_exp_server/NPB3.4.3/NPB3.4-MPI/bin/mg.C.x"
1.1770904 W	2185961	"/home/boggy/ref_rapl/energy_exp_server/NPB3.4.3/NPB3.4-MPI/bin/mg.C.x"
1.1770904 W	2185959	"/home/boggy/ref_rapl/energy_exp_server/NPB3.4.3/NPB3.4-MPI/bin/mg.C.x"
0.8828178 W	2185962	"/home/boggy/ref_rapl/energy_exp_server/NPB3.4.3/NPB3.4-MPI/bin/mg.C.x"
0.5885452 W	2185940	"/home/boggy/ref_rapl/scaphandre/target/release/scaphandre"
------------------------------------------------------------

Host:	52.403685 W from 
	package 	core		dram		uncore
Socket0	50.18916 W |	43.839123 W	4.75459 W	0 W	

Top 5 consumers:
Power		PID	Exe
0.86379707 W	2185940	"/home/boggy/ref_rapl/scaphandre/target/release/scaphandre"
0.86379707 W	2185960	"/home/boggy/ref_rapl/energy_exp_server/NPB3.4.3/NPB3.4-MPI/bin/mg.C.x"
0.86379707 W	2185962	"/home/boggy/ref_rapl/energy_exp_server/NPB3.4.3/NPB3.4-MPI/bin/mg.C.x"
0.86379707 W	2185961	"/home/boggy/ref_rapl/energy_exp_server/NPB3.4.3/NPB3.4-MPI/bin/mg.C.x"
0.86379707 W	2185959	"/home/boggy/ref_rapl/energy_exp_server/NPB3.4.3/NPB3.4-MPI/bin/mg.C.x"
------------------------------------------------------------

Host:	54.930644 W from 
	package 	core		dram		uncore
Socket0	47.245216 W |	43.437866 W	4.414752 W	0 W	

Top 5 consumers:
Power		PID	Exe
1.207267 W	2185959	"/home/boggy/ref_rapl/energy_exp_server/NPB3.4.3/NPB3.4-MPI/bin/mg.C.x"
0.9054502 W	2185940	"/home/boggy/ref_rapl/scaphandre/target/release/scaphandre"
0.9054502 W	2185960	"/home/boggy/ref_rapl/energy_exp_server/NPB3.4.3/NPB3.4-MPI/bin/mg.C.x"
0.9054502 W	2185962	"/home/boggy/ref_rapl/energy_exp_server/NPB3.4.3/NPB3.4-MPI/bin/mg.C.x"
0.9054502 W	2185961	"/home/boggy/ref_rapl/energy_exp_server/NPB3.4.3/NPB3.4-MPI/bin/mg.C.x"
------------------------------------------------------------

Host:	57.368415 W from 
	package 	core		dram		uncore
Socket0	52.52903 W |	46.29686 W	4.246606 W	0 W	

Top 5 consumers:
Power		PID	Exe
0.9456333 W	2185960	"/home/boggy/ref_rapl/energy_exp_server/NPB3.4.3/NPB3.4-MPI/bin/mg.C.x"
0.9456333 W	2185962	"/home/boggy/ref_rapl/energy_exp_server/NPB3.4.3/NPB3.4-MPI/bin/mg.C.x"
0.9456333 W	2185961	"/home/boggy/ref_rapl/energy_exp_server/NPB3.4.3/NPB3.4-MPI/bin/mg.C.x"
0.9456333 W	2185959	"/home/boggy/ref_rapl/energy_exp_server/NPB3.4.3/NPB3.4-MPI/bin/mg.C.x"
0.6304222 W	2185940	"/home/boggy/ref_rapl/scaphandre/target/release/scaphandre"
------------------------------------------------------------

Host:	54.970718 W from 
	package 	core		dram		uncore
Socket0	50.92189 W |	46.35386 W	4.57311 W	0 W	

Top 5 consumers:
Power		PID	Exe
1.2081478 W	2185960	"/home/boggy/ref_rapl/energy_exp_server/NPB3.4.3/NPB3.4-MPI/bin/mg.C.x"
1.2081478 W	2185962	"/home/boggy/ref_rapl/energy_exp_server/NPB3.4.3/NPB3.4-MPI/bin/mg.C.x"
1.2081478 W	2185959	"/home/boggy/ref_rapl/energy_exp_server/NPB3.4.3/NPB3.4-MPI/bin/mg.C.x"
0.9061108 W	2185940	"/home/boggy/ref_rapl/scaphandre/target/release/scaphandre"
0.9061108 W	2185961	"/home/boggy/ref_rapl/energy_exp_server/NPB3.4.3/NPB3.4-MPI/bin/mg.C.x"
------------------------------------------------------------

Host:	55.977241 W from 
	package 	core		dram		uncore
Socket0	52.138474 W |	46.40375 W	4.67372 W	0 W	

Top 5 consumers:
Power		PID	Exe
1.2302691 W	2185961	"/home/boggy/ref_rapl/energy_exp_server/NPB3.4.3/NPB3.4-MPI/bin/mg.C.x"
0.9227019 W	2185940	"/home/boggy/ref_rapl/scaphandre/target/release/scaphandre"
0.9227019 W	2185960	"/home/boggy/ref_rapl/energy_exp_server/NPB3.4.3/NPB3.4-MPI/bin/mg.C.x"
0.9227019 W	2185962	"/home/boggy/ref_rapl/energy_exp_server/NPB3.4.3/NPB3.4-MPI/bin/mg.C.x"
0.9227019 W	2185959	"/home/boggy/ref_rapl/energy_exp_server/NPB3.4.3/NPB3.4-MPI/bin/mg.C.x"
------------------------------------------------------------

Host:	56.301475 W from 
	package 	core		dram		uncore
Socket0	49.813194 W |	46.172935 W	4.630726 W	0 W	

Top 5 consumers:
Power		PID	Exe
0.92804635 W	2185960	"/home/boggy/ref_rapl/energy_exp_server/NPB3.4.3/NPB3.4-MPI/bin/mg.C.x"
0.92804635 W	2185962	"/home/boggy/ref_rapl/energy_exp_server/NPB3.4.3/NPB3.4-MPI/bin/mg.C.x"
0.92804635 W	2185961	"/home/boggy/ref_rapl/energy_exp_server/NPB3.4.3/NPB3.4-MPI/bin/mg.C.x"
0.92804635 W	2185959	"/home/boggy/ref_rapl/energy_exp_server/NPB3.4.3/NPB3.4-MPI/bin/mg.C.x"
0.6186976 W	2185940	"/home/boggy/ref_rapl/scaphandre/target/release/scaphandre"
------------------------------------------------------------

Host:	55.481466 W from 
	package 	core		dram		uncore
Socket0	52.785725 W |	46.339016 W	4.597685 W	0 W	

Top 5 consumers:
Power		PID	Exe
0.9350809 W	2185940	"/home/boggy/ref_rapl/scaphandre/target/release/scaphandre"
0.9350809 W	2185960	"/home/boggy/ref_rapl/energy_exp_server/NPB3.4.3/NPB3.4-MPI/bin/mg.C.x"
0.9350809 W	2185962	"/home/boggy/ref_rapl/energy_exp_server/NPB3.4.3/NPB3.4-MPI/bin/mg.C.x"
0.9350809 W	2185961	"/home/boggy/ref_rapl/energy_exp_server/NPB3.4.3/NPB3.4-MPI/bin/mg.C.x"
0.9350809 W	2185959	"/home/boggy/ref_rapl/energy_exp_server/NPB3.4.3/NPB3.4-MPI/bin/mg.C.x"
------------------------------------------------------------

Host:	53.74264 W from 
	package 	core		dram		uncore
Socket0	51.383896 W |	46.489487 W	4.592482 W	0 W	

Top 5 consumers:
Power		PID	Exe
0.90577483 W	2185960	"/home/boggy/ref_rapl/energy_exp_server/NPB3.4.3/NPB3.4-MPI/bin/mg.C.x"
0.90577483 W	2185962	"/home/boggy/ref_rapl/energy_exp_server/NPB3.4.3/NPB3.4-MPI/bin/mg.C.x"
0.90577483 W	2185961	"/home/boggy/ref_rapl/energy_exp_server/NPB3.4.3/NPB3.4-MPI/bin/mg.C.x"
0.90577483 W	2185959	"/home/boggy/ref_rapl/energy_exp_server/NPB3.4.3/NPB3.4-MPI/bin/mg.C.x"
0.30192494 W	2185940	"/home/boggy/ref_rapl/scaphandre/target/release/scaphandre"
------------------------------------------------------------

Host:	53.960608 W from 
	package 	core		dram		uncore
Socket0	47.81721 W |	43.579876 W	3.44606 W	0 W	

Top 5 consumers:
Power		PID	Exe
0.90944844 W	2185940	"/home/boggy/ref_rapl/scaphandre/target/release/scaphandre"
0.90944844 W	2185960	"/home/boggy/ref_rapl/energy_exp_server/NPB3.4.3/NPB3.4-MPI/bin/mg.C.x"
0.90944844 W	2185962	"/home/boggy/ref_rapl/energy_exp_server/NPB3.4.3/NPB3.4-MPI/bin/mg.C.x"
0.90944844 W	2185961	"/home/boggy/ref_rapl/energy_exp_server/NPB3.4.3/NPB3.4-MPI/bin/mg.C.x"
0.90944844 W	2185959	"/home/boggy/ref_rapl/energy_exp_server/NPB3.4.3/NPB3.4-MPI/bin/mg.C.x"
------------------------------------------------------------

Host:	54.732755 W from 
	package 	core		dram		uncore
Socket0	49.399265 W |	44.68619 W	4.289645 W	0 W	

Top 5 consumers:
Power		PID	Exe
0.9224621 W	2185960	"/home/boggy/ref_rapl/energy_exp_server/NPB3.4.3/NPB3.4-MPI/bin/mg.C.x"
0.9224621 W	2185962	"/home/boggy/ref_rapl/energy_exp_server/NPB3.4.3/NPB3.4-MPI/bin/mg.C.x"
0.9224621 W	2185961	"/home/boggy/ref_rapl/energy_exp_server/NPB3.4.3/NPB3.4-MPI/bin/mg.C.x"
0.9224621 W	2185959	"/home/boggy/ref_rapl/energy_exp_server/NPB3.4.3/NPB3.4-MPI/bin/mg.C.x"
0.61497474 W	2185940	"/home/boggy/ref_rapl/scaphandre/target/release/scaphandre"
------------------------------------------------------------

Host:	50.880762 W from 
	package 	core		dram		uncore
Socket0	49.65018 W |	44.213554 W	4.837785 W	0 W	

Top 5 consumers:
Power		PID	Exe
3.6747217 W	2185960	"/home/boggy/ref_rapl/energy_exp_server/NPB3.4.3/NPB3.4-MPI/bin/mg.C.x"
3.6747217 W	2185962	"/home/boggy/ref_rapl/energy_exp_server/NPB3.4.3/NPB3.4-MPI/bin/mg.C.x"
3.6747217 W	2185961	"/home/boggy/ref_rapl/energy_exp_server/NPB3.4.3/NPB3.4-MPI/bin/mg.C.x"
3.6747217 W	2185959	"/home/boggy/ref_rapl/energy_exp_server/NPB3.4.3/NPB3.4-MPI/bin/mg.C.x"
0.84801275 W	2185940	"/home/boggy/ref_rapl/scaphandre/target/release/scaphandre"
------------------------------------------------------------

Host:	49.748843 W from 
	package 	core		dram		uncore
Socket0	46.1202 W |	41.37899 W	4.793324 W	0 W	

Top 5 consumers:
Power		PID	Exe
3.040207 W	2185960	"/home/boggy/ref_rapl/energy_exp_server/NPB3.4.3/NPB3.4-MPI/bin/mg.C.x"
3.040207 W	2185962	"/home/boggy/ref_rapl/energy_exp_server/NPB3.4.3/NPB3.4-MPI/bin/mg.C.x"
3.040207 W	2185961	"/home/boggy/ref_rapl/energy_exp_server/NPB3.4.3/NPB3.4-MPI/bin/mg.C.x"
3.040207 W	2185959	"/home/boggy/ref_rapl/energy_exp_server/NPB3.4.3/NPB3.4-MPI/bin/mg.C.x"
0.82914746 W	2185940	"/home/boggy/ref_rapl/scaphandre/target/release/scaphandre"
------------------------------------------------------------

Host:	51.743122 W from 
	package 	core		dram		uncore
Socket0	45.165047 W |	40.1772 W	4.63583 W	0 W	

Top 5 consumers:
Power		PID	Exe
0.86238545 W	2185960	"/home/boggy/ref_rapl/energy_exp_server/NPB3.4.3/NPB3.4-MPI/bin/mg.C.x"
0.86238545 W	2185962	"/home/boggy/ref_rapl/energy_exp_server/NPB3.4.3/NPB3.4-MPI/bin/mg.C.x"
0.86238545 W	2185961	"/home/boggy/ref_rapl/energy_exp_server/NPB3.4.3/NPB3.4-MPI/bin/mg.C.x"
0.86238545 W	2185959	"/home/boggy/ref_rapl/energy_exp_server/NPB3.4.3/NPB3.4-MPI/bin/mg.C.x"
0.57492363 W	2185940	"/home/boggy/ref_rapl/scaphandre/target/release/scaphandre"
------------------------------------------------------------

Host:	47.671355 W from 
	package 	core		dram		uncore
Socket0	44.874897 W |	40.169033 W	4.523084 W	0 W	

Top 5 consumers:
Power		PID	Exe
1.0593635 W	2185940	"/home/boggy/ref_rapl/scaphandre/target/release/scaphandre"
1.0593635 W	2185960	"/home/boggy/ref_rapl/energy_exp_server/NPB3.4.3/NPB3.4-MPI/bin/mg.C.x"
1.0593635 W	2185962	"/home/boggy/ref_rapl/energy_exp_server/NPB3.4.3/NPB3.4-MPI/bin/mg.C.x"
1.0593635 W	2185959	"/home/boggy/ref_rapl/energy_exp_server/NPB3.4.3/NPB3.4-MPI/bin/mg.C.x"
0.79452264 W	2185961	"/home/boggy/ref_rapl/energy_exp_server/NPB3.4.3/NPB3.4-MPI/bin/mg.C.x"
------------------------------------------------------------

Host:	46.504467 W from 
	package 	core		dram		uncore
Socket0	41.74933 W |	37.201023 W	4.519892 W	0 W	

Top 5 consumers:
Power		PID	Exe
1.5944388 W	2185940	"/home/boggy/ref_rapl/scaphandre/target/release/scaphandre"
1.3286991 W	2185961	"/home/boggy/ref_rapl/energy_exp_server/NPB3.4.3/NPB3.4-MPI/bin/mg.C.x"
1.0629591 W	2185960	"/home/boggy/ref_rapl/energy_exp_server/NPB3.4.3/NPB3.4-MPI/bin/mg.C.x"
1.0629591 W	2185962	"/home/boggy/ref_rapl/energy_exp_server/NPB3.4.3/NPB3.4-MPI/bin/mg.C.x"
1.0629591 W	2185959	"/home/boggy/ref_rapl/energy_exp_server/NPB3.4.3/NPB3.4-MPI/bin/mg.C.x"
------------------------------------------------------------

Host:	49.452991 W from 
	package 	core		dram		uncore
Socket0	43.324142 W |	37.874813 W	4.579889 W	0 W	

Top 5 consumers:
Power		PID	Exe
1.4129426 W	2185940	"/home/boggy/ref_rapl/scaphandre/target/release/scaphandre"
1.4129426 W	2185962	"/home/boggy/ref_rapl/energy_exp_server/NPB3.4.3/NPB3.4-MPI/bin/mg.C.x"
1.4129426 W	2185959	"/home/boggy/ref_rapl/energy_exp_server/NPB3.4.3/NPB3.4-MPI/bin/mg.C.x"
1.130354 W	2185960	"/home/boggy/ref_rapl/energy_exp_server/NPB3.4.3/NPB3.4-MPI/bin/mg.C.x"
1.130354 W	2185961	"/home/boggy/ref_rapl/energy_exp_server/NPB3.4.3/NPB3.4-MPI/bin/mg.C.x"
------------------------------------------------------------

Host:	50.861081 W from 
	package 	core		dram		uncore
Socket0	44.894417 W |	39.7387 W	4.479619 W	0 W	

Top 5 consumers:
Power		PID	Exe
1.1625389 W	2185960	"/home/boggy/ref_rapl/energy_exp_server/NPB3.4.3/NPB3.4-MPI/bin/mg.C.x"
0.8719042 W	2185940	"/home/boggy/ref_rapl/scaphandre/target/release/scaphandre"
0.8719042 W	2185962	"/home/boggy/ref_rapl/energy_exp_server/NPB3.4.3/NPB3.4-MPI/bin/mg.C.x"
0.8719042 W	2185961	"/home/boggy/ref_rapl/energy_exp_server/NPB3.4.3/NPB3.4-MPI/bin/mg.C.x"
0.8719042 W	2185959	"/home/boggy/ref_rapl/energy_exp_server/NPB3.4.3/NPB3.4-MPI/bin/mg.C.x"
------------------------------------------------------------

Host:	58.735782 W from 
	package 	core		dram		uncore
Socket0	51.648857 W |	47.323368 W	4.6297 W	0 W	

Top 5 consumers:
Power		PID	Exe
1.0068991 W	2185940	"/home/boggy/ref_rapl/scaphandre/target/release/scaphandre"
1.0068991 W	2185961	"/home/boggy/ref_rapl/energy_exp_server/NPB3.4.3/NPB3.4-MPI/bin/mg.C.x"
0.6712661 W	2185960	"/home/boggy/ref_rapl/energy_exp_server/NPB3.4.3/NPB3.4-MPI/bin/mg.C.x"
0.6712661 W	2185962	"/home/boggy/ref_rapl/energy_exp_server/NPB3.4.3/NPB3.4-MPI/bin/mg.C.x"
0.6712661 W	2185959	"/home/boggy/ref_rapl/energy_exp_server/NPB3.4.3/NPB3.4-MPI/bin/mg.C.x"
------------------------------------------------------------

Host:	55.3856 W from 
	package 	core		dram		uncore
Socket0	54.60777 W |	51.129177 W	4.042296 W	0 W	

Top 5 consumers:
Power		PID	Exe
0.63297826 W	2185940	"/home/boggy/ref_rapl/scaphandre/target/release/scaphandre"
0.63297826 W	2185960	"/home/boggy/ref_rapl/energy_exp_server/NPB3.4.3/NPB3.4-MPI/bin/mg.C.x"
0.63297826 W	2185962	"/home/boggy/ref_rapl/energy_exp_server/NPB3.4.3/NPB3.4-MPI/bin/mg.C.x"
0.63297826 W	2185961	"/home/boggy/ref_rapl/energy_exp_server/NPB3.4.3/NPB3.4-MPI/bin/mg.C.x"
0.63297826 W	2185959	"/home/boggy/ref_rapl/energy_exp_server/NPB3.4.3/NPB3.4-MPI/bin/mg.C.x"
------------------------------------------------------------

Host:	53.922092 W from 
	package 	core		dram		uncore
Socket0	49.164017 W |	43.522255 W	3.998468 W	0 W	

Top 5 consumers:
Power		PID	Exe
0.9243787 W	2185940	"/home/boggy/ref_rapl/scaphandre/target/release/scaphandre"
0.9243787 W	2185962	"/home/boggy/ref_rapl/energy_exp_server/NPB3.4.3/NPB3.4-MPI/bin/mg.C.x"
0.6162524 W	2185960	"/home/boggy/ref_rapl/energy_exp_server/NPB3.4.3/NPB3.4-MPI/bin/mg.C.x"
0.6162524 W	2185961	"/home/boggy/ref_rapl/energy_exp_server/NPB3.4.3/NPB3.4-MPI/bin/mg.C.x"
0.3081262 W	17	""
------------------------------------------------------------

Host:	52.979838 W from 
	package 	core		dram		uncore
Socket0	49.21442 W |	43.365757 W	4.667136 W	0 W	

Top 5 consumers:
Power		PID	Exe
0.60548383 W	2185940	"/home/boggy/ref_rapl/scaphandre/target/release/scaphandre"
0.60548383 W	2185960	"/home/boggy/ref_rapl/energy_exp_server/NPB3.4.3/NPB3.4-MPI/bin/mg.C.x"
0.60548383 W	2185962	"/home/boggy/ref_rapl/energy_exp_server/NPB3.4.3/NPB3.4-MPI/bin/mg.C.x"
0.60548383 W	2185961	"/home/boggy/ref_rapl/energy_exp_server/NPB3.4.3/NPB3.4-MPI/bin/mg.C.x"
0.60548383 W	2185959	"/home/boggy/ref_rapl/energy_exp_server/NPB3.4.3/NPB3.4-MPI/bin/mg.C.x"
------------------------------------------------------------

Host:	52.91688 W from 
	package 	core		dram		uncore
Socket0	49.94657 W |	43.22661 W	4.543212 W	0 W	

Top 5 consumers:
Power		PID	Exe
0.90714645 W	2185940	"/home/boggy/ref_rapl/scaphandre/target/release/scaphandre"
0.90714645 W	2185960	"/home/boggy/ref_rapl/energy_exp_server/NPB3.4.3/NPB3.4-MPI/bin/mg.C.x"
0.90714645 W	2185961	"/home/boggy/ref_rapl/energy_exp_server/NPB3.4.3/NPB3.4-MPI/bin/mg.C.x"
0.90714645 W	2185959	"/home/boggy/ref_rapl/energy_exp_server/NPB3.4.3/NPB3.4-MPI/bin/mg.C.x"
0.6047643 W	2185962	"/home/boggy/ref_rapl/energy_exp_server/NPB3.4.3/NPB3.4-MPI/bin/mg.C.x"
------------------------------------------------------------

Host:	54.293995 W from 
	package 	core		dram		uncore
Socket0	46.565277 W |	43.18298 W	4.597645 W	0 W	

Top 5 consumers:
Power		PID	Exe
0.96379876 W	2185940	"/home/boggy/ref_rapl/scaphandre/target/release/scaphandre"
0.6425325 W	2185960	"/home/boggy/ref_rapl/energy_exp_server/NPB3.4.3/NPB3.4-MPI/bin/mg.C.x"
0.6425325 W	2185962	"/home/boggy/ref_rapl/energy_exp_server/NPB3.4.3/NPB3.4-MPI/bin/mg.C.x"
0.6425325 W	2185961	"/home/boggy/ref_rapl/energy_exp_server/NPB3.4.3/NPB3.4-MPI/bin/mg.C.x"
0.6425325 W	2185959	"/home/boggy/ref_rapl/energy_exp_server/NPB3.4.3/NPB3.4-MPI/bin/mg.C.x"
------------------------------------------------------------

Host:	53.847693 W from 
	package 	core		dram		uncore
Socket0	50.479412 W |	44.514423 W	4.585888 W	0 W	

Top 5 consumers:
Power		PID	Exe
0.63725084 W	2185940	"/home/boggy/ref_rapl/scaphandre/target/release/scaphandre"
0.63725084 W	2185960	"/home/boggy/ref_rapl/energy_exp_server/NPB3.4.3/NPB3.4-MPI/bin/mg.C.x"
0.63725084 W	2185962	"/home/boggy/ref_rapl/energy_exp_server/NPB3.4.3/NPB3.4-MPI/bin/mg.C.x"
0.63725084 W	2185961	"/home/boggy/ref_rapl/energy_exp_server/NPB3.4.3/NPB3.4-MPI/bin/mg.C.x"
0.63725084 W	2185959	"/home/boggy/ref_rapl/energy_exp_server/NPB3.4.3/NPB3.4-MPI/bin/mg.C.x"
------------------------------------------------------------

Host:	55.474978 W from 
	package 	core		dram		uncore
Socket0	51.29937 W |	45.47315 W	4.882231 W	0 W	

Top 5 consumers:
Power		PID	Exe
0.98476297 W	2185940	"/home/boggy/ref_rapl/scaphandre/target/release/scaphandre"
0.98476297 W	2185960	"/home/boggy/ref_rapl/energy_exp_server/NPB3.4.3/NPB3.4-MPI/bin/mg.C.x"
0.98476297 W	2185962	"/home/boggy/ref_rapl/energy_exp_server/NPB3.4.3/NPB3.4-MPI/bin/mg.C.x"
0.98476297 W	2185961	"/home/boggy/ref_rapl/energy_exp_server/NPB3.4.3/NPB3.4-MPI/bin/mg.C.x"
0.98476297 W	2185959	"/home/boggy/ref_rapl/energy_exp_server/NPB3.4.3/NPB3.4-MPI/bin/mg.C.x"
------------------------------------------------------------

Host:	55.967553 W from 
	package 	core		dram		uncore
Socket0	49.227886 W |	45.26185 W	4.867906 W	0 W	

Top 5 consumers:
Power		PID	Exe
0.66233796 W	2185940	"/home/boggy/ref_rapl/scaphandre/target/release/scaphandre"
0.66233796 W	2185960	"/home/boggy/ref_rapl/energy_exp_server/NPB3.4.3/NPB3.4-MPI/bin/mg.C.x"
0.66233796 W	2185962	"/home/boggy/ref_rapl/energy_exp_server/NPB3.4.3/NPB3.4-MPI/bin/mg.C.x"
0.66233796 W	2185961	"/home/boggy/ref_rapl/energy_exp_server/NPB3.4.3/NPB3.4-MPI/bin/mg.C.x"
0.66233796 W	2185959	"/home/boggy/ref_rapl/energy_exp_server/NPB3.4.3/NPB3.4-MPI/bin/mg.C.x"
------------------------------------------------------------

Host:	55.163934 W from 
	package 	core		dram		uncore
Socket0	51.284153 W |	45.763737 W	4.637513 W	0 W	

Top 5 consumers:
Power		PID	Exe
0.97924143 W	2185940	"/home/boggy/ref_rapl/scaphandre/target/release/scaphandre"
0.97924143 W	2185962	"/home/boggy/ref_rapl/energy_exp_server/NPB3.4.3/NPB3.4-MPI/bin/mg.C.x"
0.6528276 W	2185960	"/home/boggy/ref_rapl/energy_exp_server/NPB3.4.3/NPB3.4-MPI/bin/mg.C.x"
0.6528276 W	2185961	"/home/boggy/ref_rapl/energy_exp_server/NPB3.4.3/NPB3.4-MPI/bin/mg.C.x"
0.6528276 W	2185959	"/home/boggy/ref_rapl/energy_exp_server/NPB3.4.3/NPB3.4-MPI/bin/mg.C.x"
------------------------------------------------------------

Host:	56.800653 W from 
	package 	core		dram		uncore
Socket0	50.21262 W |	45.520912 W	4.929032 W	0 W	

Top 5 consumers:
Power		PID	Exe
1.0082957 W	2185940	"/home/boggy/ref_rapl/scaphandre/target/release/scaphandre"
1.0082957 W	2185960	"/home/boggy/ref_rapl/energy_exp_server/NPB3.4.3/NPB3.4-MPI/bin/mg.C.x"
1.0082957 W	2185961	"/home/boggy/ref_rapl/energy_exp_server/NPB3.4.3/NPB3.4-MPI/bin/mg.C.x"
1.0082957 W	2185959	"/home/boggy/ref_rapl/energy_exp_server/NPB3.4.3/NPB3.4-MPI/bin/mg.C.x"
0.6721971 W	2185962	"/home/boggy/ref_rapl/energy_exp_server/NPB3.4.3/NPB3.4-MPI/bin/mg.C.x"
------------------------------------------------------------

Host:	54.431235 W from 
	package 	core		dram		uncore
Socket0	51.57972 W |	45.58144 W	4.678778 W	0 W	

Top 5 consumers:
Power		PID	Exe
0.9662349 W	2185962	"/home/boggy/ref_rapl/energy_exp_server/NPB3.4.3/NPB3.4-MPI/bin/mg.C.x"
0.64415663 W	2185940	"/home/boggy/ref_rapl/scaphandre/target/release/scaphandre"
0.64415663 W	2185960	"/home/boggy/ref_rapl/energy_exp_server/NPB3.4.3/NPB3.4-MPI/bin/mg.C.x"
0.64415663 W	2185961	"/home/boggy/ref_rapl/energy_exp_server/NPB3.4.3/NPB3.4-MPI/bin/mg.C.x"
0.64415663 W	2185959	"/home/boggy/ref_rapl/energy_exp_server/NPB3.4.3/NPB3.4-MPI/bin/mg.C.x"
------------------------------------------------------------

Host:	54.072311 W from 
	package 	core		dram		uncore
Socket0	49.738583 W |	45.545254 W	4.896059 W	0 W	

Top 5 consumers:
Power		PID	Exe
0.9598635 W	2185940	"/home/boggy/ref_rapl/scaphandre/target/release/scaphandre"
0.9598635 W	2185960	"/home/boggy/ref_rapl/energy_exp_server/NPB3.4.3/NPB3.4-MPI/bin/mg.C.x"
0.9598635 W	2185961	"/home/boggy/ref_rapl/energy_exp_server/NPB3.4.3/NPB3.4-MPI/bin/mg.C.x"
0.9598635 W	2185959	"/home/boggy/ref_rapl/energy_exp_server/NPB3.4.3/NPB3.4-MPI/bin/mg.C.x"
0.639909 W	2185962	"/home/boggy/ref_rapl/energy_exp_server/NPB3.4.3/NPB3.4-MPI/bin/mg.C.x"
------------------------------------------------------------

Host:	57.297487 W from 
	package 	core		dram		uncore
Socket0	51.476536 W |	45.513386 W	4.699771 W	0 W	

Top 5 consumers:
Power		PID	Exe
1.0171151 W	2185940	"/home/boggy/ref_rapl/scaphandre/target/release/scaphandre"
0.6780768 W	2185960	"/home/boggy/ref_rapl/energy_exp_server/NPB3.4.3/NPB3.4-MPI/bin/mg.C.x"
0.6780768 W	2185962	"/home/boggy/ref_rapl/energy_exp_server/NPB3.4.3/NPB3.4-MPI/bin/mg.C.x"
0.6780768 W	2185961	"/home/boggy/ref_rapl/energy_exp_server/NPB3.4.3/NPB3.4-MPI/bin/mg.C.x"
0.6780768 W	2185959	"/home/boggy/ref_rapl/energy_exp_server/NPB3.4.3/NPB3.4-MPI/bin/mg.C.x"
------------------------------------------------------------

Host:	53.991291 W from 
	package 	core		dram		uncore
Socket0	49.938927 W |	45.379417 W	4.711609 W	0 W	

Top 5 consumers:
Power		PID	Exe
0.9362652 W	2185940	"/home/boggy/ref_rapl/scaphandre/target/release/scaphandre"
0.9362652 W	2185960	"/home/boggy/ref_rapl/energy_exp_server/NPB3.4.3/NPB3.4-MPI/bin/mg.C.x"
0.9362652 W	2185962	"/home/boggy/ref_rapl/energy_exp_server/NPB3.4.3/NPB3.4-MPI/bin/mg.C.x"
0.9362652 W	2185961	"/home/boggy/ref_rapl/energy_exp_server/NPB3.4.3/NPB3.4-MPI/bin/mg.C.x"
0.9362652 W	2185959	"/home/boggy/ref_rapl/energy_exp_server/NPB3.4.3/NPB3.4-MPI/bin/mg.C.x"
------------------------------------------------------------

Host:	52.431738 W from 
	package 	core		dram		uncore
Socket0	48.926357 W |	43.723305 W	4.610385 W	0 W	

Top 5 consumers:
Power		PID	Exe
0.60614717 W	2185940	"/home/boggy/ref_rapl/scaphandre/target/release/scaphandre"
0.60614717 W	2185960	"/home/boggy/ref_rapl/energy_exp_server/NPB3.4.3/NPB3.4-MPI/bin/mg.C.x"
0.60614717 W	2185962	"/home/boggy/ref_rapl/energy_exp_server/NPB3.4.3/NPB3.4-MPI/bin/mg.C.x"
0.60614717 W	2185961	"/home/boggy/ref_rapl/energy_exp_server/NPB3.4.3/NPB3.4-MPI/bin/mg.C.x"
0.60614717 W	2185959	"/home/boggy/ref_rapl/energy_exp_server/NPB3.4.3/NPB3.4-MPI/bin/mg.C.x"
------------------------------------------------------------

Host:	57.901824 W from 
	package 	core		dram		uncore
Socket0	52.503567 W |	47.020535 W	4.367299 W	0 W	

Top 5 consumers:
Power		PID	Exe
0.6693852 W	2185940	"/home/boggy/ref_rapl/scaphandre/target/release/scaphandre"
0.6693852 W	2185960	"/home/boggy/ref_rapl/energy_exp_server/NPB3.4.3/NPB3.4-MPI/bin/mg.C.x"
0.6693852 W	2185962	"/home/boggy/ref_rapl/energy_exp_server/NPB3.4.3/NPB3.4-MPI/bin/mg.C.x"
0.6693852 W	2185961	"/home/boggy/ref_rapl/energy_exp_server/NPB3.4.3/NPB3.4-MPI/bin/mg.C.x"
0.6693852 W	2185959	"/home/boggy/ref_rapl/energy_exp_server/NPB3.4.3/NPB3.4-MPI/bin/mg.C.x"
------------------------------------------------------------

Host:	57.581262 W from 
	package 	core		dram		uncore
Socket0	53.254925 W |	47.90601 W	4.651912 W	0 W	

Top 5 consumers:
Power		PID	Exe
0.998519 W	2185940	"/home/boggy/ref_rapl/scaphandre/target/release/scaphandre"
0.998519 W	2185962	"/home/boggy/ref_rapl/energy_exp_server/NPB3.4.3/NPB3.4-MPI/bin/mg.C.x"
0.6656793 W	2185960	"/home/boggy/ref_rapl/energy_exp_server/NPB3.4.3/NPB3.4-MPI/bin/mg.C.x"
0.6656793 W	2185961	"/home/boggy/ref_rapl/energy_exp_server/NPB3.4.3/NPB3.4-MPI/bin/mg.C.x"
0.6656793 W	2185959	"/home/boggy/ref_rapl/energy_exp_server/NPB3.4.3/NPB3.4-MPI/bin/mg.C.x"
------------------------------------------------------------

Host:	57.753021 W from 
	package 	core		dram		uncore
Socket0	50.813667 W |	47.95629 W	4.630686 W	0 W	

Top 5 consumers:
Power		PID	Exe
1.0014975 W	2185960	"/home/boggy/ref_rapl/energy_exp_server/NPB3.4.3/NPB3.4-MPI/bin/mg.C.x"
1.0014975 W	2185961	"/home/boggy/ref_rapl/energy_exp_server/NPB3.4.3/NPB3.4-MPI/bin/mg.C.x"
1.0014975 W	2185959	"/home/boggy/ref_rapl/energy_exp_server/NPB3.4.3/NPB3.4-MPI/bin/mg.C.x"
0.66766495 W	2185940	"/home/boggy/ref_rapl/scaphandre/target/release/scaphandre"
0.66766495 W	2185962	"/home/boggy/ref_rapl/energy_exp_server/NPB3.4.3/NPB3.4-MPI/bin/mg.C.x"
------------------------------------------------------------

Host:	57.918177 W from 
	package 	core		dram		uncore
Socket0	53.306854 W |	47.860283 W	4.627723 W	0 W	

Top 5 consumers:
Power		PID	Exe
1.0043614 W	2185940	"/home/boggy/ref_rapl/scaphandre/target/release/scaphandre"
0.66957426 W	2185960	"/home/boggy/ref_rapl/energy_exp_server/NPB3.4.3/NPB3.4-MPI/bin/mg.C.x"
0.66957426 W	2185962	"/home/boggy/ref_rapl/energy_exp_server/NPB3.4.3/NPB3.4-MPI/bin/mg.C.x"
0.66957426 W	2185961	"/home/boggy/ref_rapl/energy_exp_server/NPB3.4.3/NPB3.4-MPI/bin/mg.C.x"
0.66957426 W	2185959	"/home/boggy/ref_rapl/energy_exp_server/NPB3.4.3/NPB3.4-MPI/bin/mg.C.x"
------------------------------------------------------------

Host:	58.063472 W from 
	package 	core		dram		uncore
Socket0	53.325848 W |	47.840454 W	4.649134 W	0 W	

Top 5 consumers:
Power		PID	Exe
1.006881 W	2185940	"/home/boggy/ref_rapl/scaphandre/target/release/scaphandre"
0.6712539 W	2185960	"/home/boggy/ref_rapl/energy_exp_server/NPB3.4.3/NPB3.4-MPI/bin/mg.C.x"
0.6712539 W	2185962	"/home/boggy/ref_rapl/energy_exp_server/NPB3.4.3/NPB3.4-MPI/bin/mg.C.x"
0.6712539 W	2185961	"/home/boggy/ref_rapl/energy_exp_server/NPB3.4.3/NPB3.4-MPI/bin/mg.C.x"
0.6712539 W	2185959	"/home/boggy/ref_rapl/energy_exp_server/NPB3.4.3/NPB3.4-MPI/bin/mg.C.x"
------------------------------------------------------------

Host:	57.844461 W from 
	package 	core		dram		uncore
Socket0	52.692116 W |	47.955017 W	4.595918 W	0 W	

Top 5 consumers:
Power		PID	Exe
1.0030831 W	2185962	"/home/boggy/ref_rapl/energy_exp_server/NPB3.4.3/NPB3.4-MPI/bin/mg.C.x"
0.66872203 W	2185940	"/home/boggy/ref_rapl/scaphandre/target/release/scaphandre"
0.66872203 W	2185960	"/home/boggy/ref_rapl/energy_exp_server/NPB3.4.3/NPB3.4-MPI/bin/mg.C.x"
0.66872203 W	2185961	"/home/boggy/ref_rapl/energy_exp_server/NPB3.4.3/NPB3.4-MPI/bin/mg.C.x"
0.66872203 W	2185959	"/home/boggy/ref_rapl/energy_exp_server/NPB3.4.3/NPB3.4-MPI/bin/mg.C.x"
------------------------------------------------------------

Host:	57.463951 W from 
	package 	core		dram		uncore
Socket0	53.59392 W |	47.90364 W	4.454263 W	0 W	

Top 5 consumers:
Power		PID	Exe
0.6643231 W	2185940	"/home/boggy/ref_rapl/scaphandre/target/release/scaphandre"
0.6643231 W	2185960	"/home/boggy/ref_rapl/energy_exp_server/NPB3.4.3/NPB3.4-MPI/bin/mg.C.x"
0.6643231 W	2185962	"/home/boggy/ref_rapl/energy_exp_server/NPB3.4.3/NPB3.4-MPI/bin/mg.C.x"
0.6643231 W	2185961	"/home/boggy/ref_rapl/energy_exp_server/NPB3.4.3/NPB3.4-MPI/bin/mg.C.x"
0.6643231 W	2185959	"/home/boggy/ref_rapl/energy_exp_server/NPB3.4.3/NPB3.4-MPI/bin/mg.C.x"
------------------------------------------------------------

Host:	56.143366 W from 
	package 	core		dram		uncore
Socket0	52.847847 W |	47.88704 W	4.589333 W	0 W	

Top 5 consumers:
Power		PID	Exe
1.0396919 W	2185960	"/home/boggy/ref_rapl/energy_exp_server/NPB3.4.3/NPB3.4-MPI/bin/mg.C.x"
1.0396919 W	2185961	"/home/boggy/ref_rapl/energy_exp_server/NPB3.4.3/NPB3.4-MPI/bin/mg.C.x"
1.0396919 W	2185959	"/home/boggy/ref_rapl/energy_exp_server/NPB3.4.3/NPB3.4-MPI/bin/mg.C.x"
0.69312793 W	2185940	"/home/boggy/ref_rapl/scaphandre/target/release/scaphandre"
0.69312793 W	2185962	"/home/boggy/ref_rapl/energy_exp_server/NPB3.4.3/NPB3.4-MPI/bin/mg.C.x"
------------------------------------------------------------

Host:	54.887411 W from 
	package 	core		dram		uncore
Socket0	49.65366 W |	44.5443 W	4.833148 W	0 W	

Top 5 consumers:
Power		PID	Exe
1.0164335 W	2185961	"/home/boggy/ref_rapl/energy_exp_server/NPB3.4.3/NPB3.4-MPI/bin/mg.C.x"
0.6776224 W	2185940	"/home/boggy/ref_rapl/scaphandre/target/release/scaphandre"
0.6776224 W	2185960	"/home/boggy/ref_rapl/energy_exp_server/NPB3.4.3/NPB3.4-MPI/bin/mg.C.x"
0.6776224 W	2185962	"/home/boggy/ref_rapl/energy_exp_server/NPB3.4.3/NPB3.4-MPI/bin/mg.C.x"
0.6776224 W	2185959	"/home/boggy/ref_rapl/energy_exp_server/NPB3.4.3/NPB3.4-MPI/bin/mg.C.x"
------------------------------------------------------------

Host:	54.353911 W from 
	package 	core		dram		uncore
Socket0	51.77604 W |	48.090363 W	2.234937 W	0 W	

Top 5 consumers:
Power		PID	Exe
1.3420719 W	2185940	"/home/boggy/ref_rapl/scaphandre/target/release/scaphandre"
1.0065539 W	2185960	"/home/boggy/ref_rapl/energy_exp_server/NPB3.4.3/NPB3.4-MPI/bin/mg.C.x"
1.0065539 W	2185962	"/home/boggy/ref_rapl/energy_exp_server/NPB3.4.3/NPB3.4-MPI/bin/mg.C.x"
0.67103595 W	2185961	"/home/boggy/ref_rapl/energy_exp_server/NPB3.4.3/NPB3.4-MPI/bin/mg.C.x"
0.67103595 W	2185959	"/home/boggy/ref_rapl/energy_exp_server/NPB3.4.3/NPB3.4-MPI/bin/mg.C.x"
------------------------------------------------------------

Host:	55.380953 W from 
	package 	core		dram		uncore
Socket0	51.0128 W |	45.254875 W	4.487031 W	0 W	

Top 5 consumers:
Power		PID	Exe
1.0255731 W	2185962	"/home/boggy/ref_rapl/energy_exp_server/NPB3.4.3/NPB3.4-MPI/bin/mg.C.x"
0.68371546 W	2185960	"/home/boggy/ref_rapl/energy_exp_server/NPB3.4.3/NPB3.4-MPI/bin/mg.C.x"
0.68371546 W	2185961	"/home/boggy/ref_rapl/energy_exp_server/NPB3.4.3/NPB3.4-MPI/bin/mg.C.x"
0.68371546 W	2185959	"/home/boggy/ref_rapl/energy_exp_server/NPB3.4.3/NPB3.4-MPI/bin/mg.C.x"
0.34185773 W	2185940	"/home/boggy/ref_rapl/scaphandre/target/release/scaphandre"
------------------------------------------------------------

Host:	54.858411 W from 
	package 	core		dram		uncore
Socket0	50.969505 W |	45.739014 W	4.804209 W	0 W	

Top 5 consumers:
Power		PID	Exe
1.3545287 W	2185940	"/home/boggy/ref_rapl/scaphandre/target/release/scaphandre"
1.0158966 W	2185960	"/home/boggy/ref_rapl/energy_exp_server/NPB3.4.3/NPB3.4-MPI/bin/mg.C.x"
1.0158966 W	2185961	"/home/boggy/ref_rapl/energy_exp_server/NPB3.4.3/NPB3.4-MPI/bin/mg.C.x"
1.0158966 W	2185959	"/home/boggy/ref_rapl/energy_exp_server/NPB3.4.3/NPB3.4-MPI/bin/mg.C.x"
0.67726433 W	2185962	"/home/boggy/ref_rapl/energy_exp_server/NPB3.4.3/NPB3.4-MPI/bin/mg.C.x"
------------------------------------------------------------

Host:	55.399394 W from 
	package 	core		dram		uncore
Socket0	50.06138 W |	45.488815 W	4.907226 W	0 W	

Top 5 consumers:
Power		PID	Exe
0.68394315 W	2185940	"/home/boggy/ref_rapl/scaphandre/target/release/scaphandre"
0.68394315 W	2185960	"/home/boggy/ref_rapl/energy_exp_server/NPB3.4.3/NPB3.4-MPI/bin/mg.C.x"
0.68394315 W	2185962	"/home/boggy/ref_rapl/energy_exp_server/NPB3.4.3/NPB3.4-MPI/bin/mg.C.x"
0.68394315 W	2185961	"/home/boggy/ref_rapl/energy_exp_server/NPB3.4.3/NPB3.4-MPI/bin/mg.C.x"
0.68394315 W	2185959	"/home/boggy/ref_rapl/energy_exp_server/NPB3.4.3/NPB3.4-MPI/bin/mg.C.x"
------------------------------------------------------------

Host:	53.42064 W from 
	package 	core		dram		uncore
Socket0	50.461018 W |	45.448406 W	4.777879 W	0 W	

Top 5 consumers:
Power		PID	Exe
1.3190281 W	2185962	"/home/boggy/ref_rapl/energy_exp_server/NPB3.4.3/NPB3.4-MPI/bin/mg.C.x"
0.9892711 W	2185940	"/home/boggy/ref_rapl/scaphandre/target/release/scaphandre"
0.9892711 W	2185960	"/home/boggy/ref_rapl/energy_exp_server/NPB3.4.3/NPB3.4-MPI/bin/mg.C.x"
0.9892711 W	2185961	"/home/boggy/ref_rapl/energy_exp_server/NPB3.4.3/NPB3.4-MPI/bin/mg.C.x"
0.9892711 W	2185959	"/home/boggy/ref_rapl/energy_exp_server/NPB3.4.3/NPB3.4-MPI/bin/mg.C.x"
------------------------------------------------------------

Host:	55.500598 W from 
	package 	core		dram		uncore
Socket0	50.129215 W |	44.192627 W	4.733396 W	0 W	

Top 5 consumers:
Power		PID	Exe
1.3703852 W	2185960	"/home/boggy/ref_rapl/energy_exp_server/NPB3.4.3/NPB3.4-MPI/bin/mg.C.x"
1.3703852 W	2185961	"/home/boggy/ref_rapl/energy_exp_server/NPB3.4.3/NPB3.4-MPI/bin/mg.C.x"
1.3703852 W	2185959	"/home/boggy/ref_rapl/energy_exp_server/NPB3.4.3/NPB3.4-MPI/bin/mg.C.x"
1.0277888 W	2185940	"/home/boggy/ref_rapl/scaphandre/target/release/scaphandre"
1.0277888 W	2185962	"/home/boggy/ref_rapl/energy_exp_server/NPB3.4.3/NPB3.4-MPI/bin/mg.C.x"
------------------------------------------------------------

Host:	53.32951 W from 
	package 	core		dram		uncore
Socket0	49.094906 W |	44.133648 W	4.764647 W	0 W	

Top 5 consumers:
Power		PID	Exe
0.9466777 W	2185960	"/home/boggy/ref_rapl/energy_exp_server/NPB3.4.3/NPB3.4-MPI/bin/mg.C.x"
0.9466777 W	2185962	"/home/boggy/ref_rapl/energy_exp_server/NPB3.4.3/NPB3.4-MPI/bin/mg.C.x"
0.9466777 W	2185961	"/home/boggy/ref_rapl/energy_exp_server/NPB3.4.3/NPB3.4-MPI/bin/mg.C.x"
0.9466777 W	2185959	"/home/boggy/ref_rapl/energy_exp_server/NPB3.4.3/NPB3.4-MPI/bin/mg.C.x"
0.6311185 W	2185940	"/home/boggy/ref_rapl/scaphandre/target/release/scaphandre"
------------------------------------------------------------

Host:	54.91871 W from 
	package 	core		dram		uncore
Socket0	48.504276 W |	44.28931 W	4.827131 W	0 W	

Top 5 consumers:
Power		PID	Exe
0.9748883 W	2185940	"/home/boggy/ref_rapl/scaphandre/target/release/scaphandre"
0.9748883 W	2185960	"/home/boggy/ref_rapl/energy_exp_server/NPB3.4.3/NPB3.4-MPI/bin/mg.C.x"
0.9748883 W	2185962	"/home/boggy/ref_rapl/energy_exp_server/NPB3.4.3/NPB3.4-MPI/bin/mg.C.x"
0.9748883 W	2185961	"/home/boggy/ref_rapl/energy_exp_server/NPB3.4.3/NPB3.4-MPI/bin/mg.C.x"
0.9748883 W	2185959	"/home/boggy/ref_rapl/energy_exp_server/NPB3.4.3/NPB3.4-MPI/bin/mg.C.x"
------------------------------------------------------------

Host:	51.663397 W from 
	package 	core		dram		uncore
Socket0	48.559303 W |	42.57944 W	4.717488 W	0 W	

Top 5 consumers:
Power		PID	Exe
1.2228024 W	2185962	"/home/boggy/ref_rapl/energy_exp_server/NPB3.4.3/NPB3.4-MPI/bin/mg.C.x"
0.9171017 W	2185960	"/home/boggy/ref_rapl/energy_exp_server/NPB3.4.3/NPB3.4-MPI/bin/mg.C.x"
0.9171017 W	2185961	"/home/boggy/ref_rapl/energy_exp_server/NPB3.4.3/NPB3.4-MPI/bin/mg.C.x"
0.9171017 W	2185959	"/home/boggy/ref_rapl/energy_exp_server/NPB3.4.3/NPB3.4-MPI/bin/mg.C.x"
0.6114012 W	2185940	"/home/boggy/ref_rapl/scaphandre/target/release/scaphandre"
------------------------------------------------------------

Host:	52.037158 W from 
	package 	core		dram		uncore
Socket0	48.119614 W |	44.142166 W	4.216382 W	0 W	

Top 5 consumers:
Power		PID	Exe
1.2316488 W	2185961	"/home/boggy/ref_rapl/energy_exp_server/NPB3.4.3/NPB3.4-MPI/bin/mg.C.x"
1.2316488 W	2185959	"/home/boggy/ref_rapl/energy_exp_server/NPB3.4.3/NPB3.4-MPI/bin/mg.C.x"
0.9237365 W	2185940	"/home/boggy/ref_rapl/scaphandre/target/release/scaphandre"
0.9237365 W	2185960	"/home/boggy/ref_rapl/energy_exp_server/NPB3.4.3/NPB3.4-MPI/bin/mg.C.x"
0.9237365 W	2185962	"/home/boggy/ref_rapl/energy_exp_server/NPB3.4.3/NPB3.4-MPI/bin/mg.C.x"
------------------------------------------------------------

Host:	52.369663 W from 
	package 	core		dram		uncore
Socket0	49.053223 W |	42.842857 W	4.628438 W	0 W	

Top 5 consumers:
Power		PID	Exe
1.2395186 W	2185960	"/home/boggy/ref_rapl/energy_exp_server/NPB3.4.3/NPB3.4-MPI/bin/mg.C.x"
0.929639 W	2185940	"/home/boggy/ref_rapl/scaphandre/target/release/scaphandre"
0.929639 W	2185962	"/home/boggy/ref_rapl/energy_exp_server/NPB3.4.3/NPB3.4-MPI/bin/mg.C.x"
0.929639 W	2185961	"/home/boggy/ref_rapl/energy_exp_server/NPB3.4.3/NPB3.4-MPI/bin/mg.C.x"
0.929639 W	2185959	"/home/boggy/ref_rapl/energy_exp_server/NPB3.4.3/NPB3.4-MPI/bin/mg.C.x"
------------------------------------------------------------

Host:	48.644182 W from 
	package 	core		dram		uncore
Socket0	46.278572 W |	42.52391 W	4.27568 W	0 W	

Top 5 consumers:
Power		PID	Exe
0.8635062 W	2185940	"/home/boggy/ref_rapl/scaphandre/target/release/scaphandre"
0.8635062 W	2185960	"/home/boggy/ref_rapl/energy_exp_server/NPB3.4.3/NPB3.4-MPI/bin/mg.C.x"
0.8635062 W	2185962	"/home/boggy/ref_rapl/energy_exp_server/NPB3.4.3/NPB3.4-MPI/bin/mg.C.x"
0.8635062 W	2185961	"/home/boggy/ref_rapl/energy_exp_server/NPB3.4.3/NPB3.4-MPI/bin/mg.C.x"
0.8635062 W	2185959	"/home/boggy/ref_rapl/energy_exp_server/NPB3.4.3/NPB3.4-MPI/bin/mg.C.x"
------------------------------------------------------------

Host:	46.659555 W from 
	package 	core		dram		uncore
Socket0	43.186382 W |	37.731262 W	4.525026 W	0 W	

Top 5 consumers:
Power		PID	Exe
1.6089501 W	2185940	"/home/boggy/ref_rapl/scaphandre/target/release/scaphandre"
1.6089501 W	2185962	"/home/boggy/ref_rapl/energy_exp_server/NPB3.4.3/NPB3.4-MPI/bin/mg.C.x"
1.6089501 W	2185959	"/home/boggy/ref_rapl/energy_exp_server/NPB3.4.3/NPB3.4-MPI/bin/mg.C.x"
1.3407918 W	2185960	"/home/boggy/ref_rapl/energy_exp_server/NPB3.4.3/NPB3.4-MPI/bin/mg.C.x"
1.3407918 W	2185961	"/home/boggy/ref_rapl/energy_exp_server/NPB3.4.3/NPB3.4-MPI/bin/mg.C.x"
------------------------------------------------------------

Host:	48.026638 W from 
	package 	core		dram		uncore
Socket0	41.963833 W |	36.836067 W	4.588581 W	0 W	

Top 5 consumers:
Power		PID	Exe
1.656091 W	2185960	"/home/boggy/ref_rapl/energy_exp_server/NPB3.4.3/NPB3.4-MPI/bin/mg.C.x"
1.656091 W	2185961	"/home/boggy/ref_rapl/energy_exp_server/NPB3.4.3/NPB3.4-MPI/bin/mg.C.x"
1.3800759 W	2185940	"/home/boggy/ref_rapl/scaphandre/target/release/scaphandre"
1.3800759 W	2185962	"/home/boggy/ref_rapl/energy_exp_server/NPB3.4.3/NPB3.4-MPI/bin/mg.C.x"
1.3800759 W	2185959	"/home/boggy/ref_rapl/energy_exp_server/NPB3.4.3/NPB3.4-MPI/bin/mg.C.x"
------------------------------------------------------------

Host:	51.834706 W from 
	package 	core		dram		uncore
Socket0	44.20952 W |	38.408257 W	4.543449 W	0 W	

Top 5 consumers:
Power		PID	Exe
1.1916023 W	2185960	"/home/boggy/ref_rapl/energy_exp_server/NPB3.4.3/NPB3.4-MPI/bin/mg.C.x"
1.1916023 W	2185962	"/home/boggy/ref_rapl/energy_exp_server/NPB3.4.3/NPB3.4-MPI/bin/mg.C.x"
1.1916023 W	2185961	"/home/boggy/ref_rapl/energy_exp_server/NPB3.4.3/NPB3.4-MPI/bin/mg.C.x"
1.1916023 W	2185959	"/home/boggy/ref_rapl/energy_exp_server/NPB3.4.3/NPB3.4-MPI/bin/mg.C.x"
0.8937018 W	2185940	"/home/boggy/ref_rapl/scaphandre/target/release/scaphandre"
------------------------------------------------------------

Host:	56.362904 W from 
	package 	core		dram		uncore
Socket0	50.74478 W |	46.798103 W	4.545484 W	0 W	

Top 5 consumers:
Power		PID	Exe
1.2956989 W	2185960	"/home/boggy/ref_rapl/energy_exp_server/NPB3.4.3/NPB3.4-MPI/bin/mg.C.x"
1.2956989 W	2185962	"/home/boggy/ref_rapl/energy_exp_server/NPB3.4.3/NPB3.4-MPI/bin/mg.C.x"
1.2956989 W	2185961	"/home/boggy/ref_rapl/energy_exp_server/NPB3.4.3/NPB3.4-MPI/bin/mg.C.x"
1.2956989 W	2185959	"/home/boggy/ref_rapl/energy_exp_server/NPB3.4.3/NPB3.4-MPI/bin/mg.C.x"
0.97177416 W	2185940	"/home/boggy/ref_rapl/scaphandre/target/release/scaphandre"
------------------------------------------------------------

Host:	52.516003 W from 
	package 	core		dram		uncore
Socket0	50.435226 W |	44.23142 W	4.434293 W	0 W	

Top 5 consumers:
Power		PID	Exe
1.2072644 W	2185940	"/home/boggy/ref_rapl/scaphandre/target/release/scaphandre"
0.9054483 W	2185960	"/home/boggy/ref_rapl/energy_exp_server/NPB3.4.3/NPB3.4-MPI/bin/mg.C.x"
0.9054483 W	2185962	"/home/boggy/ref_rapl/energy_exp_server/NPB3.4.3/NPB3.4-MPI/bin/mg.C.x"
0.9054483 W	2185961	"/home/boggy/ref_rapl/energy_exp_server/NPB3.4.3/NPB3.4-MPI/bin/mg.C.x"
0.9054483 W	2185959	"/home/boggy/ref_rapl/energy_exp_server/NPB3.4.3/NPB3.4-MPI/bin/mg.C.x"
------------------------------------------------------------

Host:	51.270554 W from 
	package 	core		dram		uncore
Socket0	46.67344 W |	42.05479 W	4.662502 W	0 W	

Top 5 consumers:
Power		PID	Exe
0.9436298 W	2185960	"/home/boggy/ref_rapl/energy_exp_server/NPB3.4.3/NPB3.4-MPI/bin/mg.C.x"
0.9436298 W	2185962	"/home/boggy/ref_rapl/energy_exp_server/NPB3.4.3/NPB3.4-MPI/bin/mg.C.x"
0.9436298 W	2185961	"/home/boggy/ref_rapl/energy_exp_server/NPB3.4.3/NPB3.4-MPI/bin/mg.C.x"
0.9436298 W	2185959	"/home/boggy/ref_rapl/energy_exp_server/NPB3.4.3/NPB3.4-MPI/bin/mg.C.x"
0.6290865 W	2185940	"/home/boggy/ref_rapl/scaphandre/target/release/scaphandre"
------------------------------------------------------------

Host:	53.346307 W from 
	package 	core		dram		uncore
Socket0	48.259026 W |	41.950314 W	4.53473 W	0 W	

Top 5 consumers:
Power		PID	Exe
1.3091117 W	2185962	"/home/boggy/ref_rapl/energy_exp_server/NPB3.4.3/NPB3.4-MPI/bin/mg.C.x"
0.9818339 W	2185960	"/home/boggy/ref_rapl/energy_exp_server/NPB3.4.3/NPB3.4-MPI/bin/mg.C.x"
0.9818339 W	2185961	"/home/boggy/ref_rapl/energy_exp_server/NPB3.4.3/NPB3.4-MPI/bin/mg.C.x"
0.9818339 W	2185959	"/home/boggy/ref_rapl/energy_exp_server/NPB3.4.3/NPB3.4-MPI/bin/mg.C.x"
0.65455586 W	2185940	"/home/boggy/ref_rapl/scaphandre/target/release/scaphandre"
------------------------------------------------------------

Host:	53.305823 W from 
	package 	core		dram		uncore
Socket0	48.306496 W |	43.74561 W	4.693223 W	0 W	

Top 5 consumers:
Power		PID	Exe
0.98108876 W	2185940	"/home/boggy/ref_rapl/scaphandre/target/release/scaphandre"
0.98108876 W	2185960	"/home/boggy/ref_rapl/energy_exp_server/NPB3.4.3/NPB3.4-MPI/bin/mg.C.x"
0.98108876 W	2185962	"/home/boggy/ref_rapl/energy_exp_server/NPB3.4.3/NPB3.4-MPI/bin/mg.C.x"
0.98108876 W	2185961	"/home/boggy/ref_rapl/energy_exp_server/NPB3.4.3/NPB3.4-MPI/bin/mg.C.x"
0.98108876 W	2185959	"/home/boggy/ref_rapl/energy_exp_server/NPB3.4.3/NPB3.4-MPI/bin/mg.C.x"
------------------------------------------------------------

Host:	54.33296 W from 
	package 	core		dram		uncore
Socket0	50.086704 W |	44.325397 W	4.845364 W	0 W	

Top 5 consumers:
Power		PID	Exe
1.3333241 W	2185960	"/home/boggy/ref_rapl/energy_exp_server/NPB3.4.3/NPB3.4-MPI/bin/mg.C.x"
1.3333241 W	2185959	"/home/boggy/ref_rapl/energy_exp_server/NPB3.4.3/NPB3.4-MPI/bin/mg.C.x"
0.99999315 W	2185940	"/home/boggy/ref_rapl/scaphandre/target/release/scaphandre"
0.99999315 W	2185962	"/home/boggy/ref_rapl/energy_exp_server/NPB3.4.3/NPB3.4-MPI/bin/mg.C.x"
0.99999315 W	2185961	"/home/boggy/ref_rapl/energy_exp_server/NPB3.4.3/NPB3.4-MPI/bin/mg.C.x"
------------------------------------------------------------

Host:	54.826215 W from 
	package 	core		dram		uncore
Socket0	49.37642 W |	44.116505 W	4.792877 W	0 W	

Top 5 consumers:
Power		PID	Exe
1.3454285 W	2185961	"/home/boggy/ref_rapl/energy_exp_server/NPB3.4.3/NPB3.4-MPI/bin/mg.C.x"
1.0090715 W	2185960	"/home/boggy/ref_rapl/energy_exp_server/NPB3.4.3/NPB3.4-MPI/bin/mg.C.x"
1.0090715 W	2185962	"/home/boggy/ref_rapl/energy_exp_server/NPB3.4.3/NPB3.4-MPI/bin/mg.C.x"
1.0090715 W	2185959	"/home/boggy/ref_rapl/energy_exp_server/NPB3.4.3/NPB3.4-MPI/bin/mg.C.x"
0.67271423 W	2185940	"/home/boggy/ref_rapl/scaphandre/target/release/scaphandre"
------------------------------------------------------------

Host:	52.694102 W from 
	package 	core		dram		uncore
Socket0	48.830486 W |	44.124947 W	4.726835 W	0 W	

Top 5 consumers:
Power		PID	Exe
0.9698301 W	2185940	"/home/boggy/ref_rapl/scaphandre/target/release/scaphandre"
0.9698301 W	2185960	"/home/boggy/ref_rapl/energy_exp_server/NPB3.4.3/NPB3.4-MPI/bin/mg.C.x"
0.9698301 W	2185962	"/home/boggy/ref_rapl/energy_exp_server/NPB3.4.3/NPB3.4-MPI/bin/mg.C.x"
0.9698301 W	2185961	"/home/boggy/ref_rapl/energy_exp_server/NPB3.4.3/NPB3.4-MPI/bin/mg.C.x"
0.9698301 W	2185959	"/home/boggy/ref_rapl/energy_exp_server/NPB3.4.3/NPB3.4-MPI/bin/mg.C.x"
------------------------------------------------------------

Host:	55.197938 W from 
	package 	core		dram		uncore
Socket0	49.365017 W |	44.12086 W	4.789535 W	0 W	

Top 5 consumers:
Power		PID	Exe
1.3545505 W	2185962	"/home/boggy/ref_rapl/energy_exp_server/NPB3.4.3/NPB3.4-MPI/bin/mg.C.x"
1.015913 W	2185940	"/home/boggy/ref_rapl/scaphandre/target/release/scaphandre"
1.015913 W	2185960	"/home/boggy/ref_rapl/energy_exp_server/NPB3.4.3/NPB3.4-MPI/bin/mg.C.x"
1.015913 W	2185961	"/home/boggy/ref_rapl/energy_exp_server/NPB3.4.3/NPB3.4-MPI/bin/mg.C.x"
1.015913 W	2185959	"/home/boggy/ref_rapl/energy_exp_server/NPB3.4.3/NPB3.4-MPI/bin/mg.C.x"
------------------------------------------------------------

Host:	54.089782 W from 
	package 	core		dram		uncore
Socket0	49.03824 W |	44.371353 W	4.872755 W	0 W	

Top 5 consumers:
Power		PID	Exe
0.9065327 W	2185940	"/home/boggy/ref_rapl/scaphandre/target/release/scaphandre"
0.9065327 W	2185960	"/home/boggy/ref_rapl/energy_exp_server/NPB3.4.3/NPB3.4-MPI/bin/mg.C.x"
0.9065327 W	2185962	"/home/boggy/ref_rapl/energy_exp_server/NPB3.4.3/NPB3.4-MPI/bin/mg.C.x"
0.9065327 W	2185961	"/home/boggy/ref_rapl/energy_exp_server/NPB3.4.3/NPB3.4-MPI/bin/mg.C.x"
0.9065327 W	2185959	"/home/boggy/ref_rapl/energy_exp_server/NPB3.4.3/NPB3.4-MPI/bin/mg.C.x"
------------------------------------------------------------

Host:	51.812999 W from 
	package 	core		dram		uncore
Socket0	47.597576 W |	42.384624 W	4.606337 W	0 W	

Top 5 consumers:
Power		PID	Exe
1.1578324 W	2185960	"/home/boggy/ref_rapl/energy_exp_server/NPB3.4.3/NPB3.4-MPI/bin/mg.C.x"
1.1578324 W	2185961	"/home/boggy/ref_rapl/energy_exp_server/NPB3.4.3/NPB3.4-MPI/bin/mg.C.x"
1.1578324 W	2185959	"/home/boggy/ref_rapl/energy_exp_server/NPB3.4.3/NPB3.4-MPI/bin/mg.C.x"
0.8683743 W	2185962	"/home/boggy/ref_rapl/energy_exp_server/NPB3.4.3/NPB3.4-MPI/bin/mg.C.x"
0.5789162 W	2185940	"/home/boggy/ref_rapl/scaphandre/target/release/scaphandre"
------------------------------------------------------------

Host:	56.87346 W from 
	package 	core		dram		uncore
Socket0	52.204823 W |	46.701344 W	3.885935 W	0 W	

Top 5 consumers:
Power		PID	Exe
0.9531865 W	2185940	"/home/boggy/ref_rapl/scaphandre/target/release/scaphandre"
0.9531865 W	2185960	"/home/boggy/ref_rapl/energy_exp_server/NPB3.4.3/NPB3.4-MPI/bin/mg.C.x"
0.9531865 W	2185962	"/home/boggy/ref_rapl/energy_exp_server/NPB3.4.3/NPB3.4-MPI/bin/mg.C.x"
0.9531865 W	2185961	"/home/boggy/ref_rapl/energy_exp_server/NPB3.4.3/NPB3.4-MPI/bin/mg.C.x"
0.9531865 W	2185959	"/home/boggy/ref_rapl/energy_exp_server/NPB3.4.3/NPB3.4-MPI/bin/mg.C.x"
------------------------------------------------------------

Host:	57.286165 W from 
	package 	core		dram		uncore
Socket0	50.41596 W |	46.587654 W	4.664455 W	0 W	

Top 5 consumers:
Power		PID	Exe
0.9601034 W	2185960	"/home/boggy/ref_rapl/energy_exp_server/NPB3.4.3/NPB3.4-MPI/bin/mg.C.x"
0.9601034 W	2185962	"/home/boggy/ref_rapl/energy_exp_server/NPB3.4.3/NPB3.4-MPI/bin/mg.C.x"
0.9601034 W	2185961	"/home/boggy/ref_rapl/energy_exp_server/NPB3.4.3/NPB3.4-MPI/bin/mg.C.x"
0.9601034 W	2185959	"/home/boggy/ref_rapl/energy_exp_server/NPB3.4.3/NPB3.4-MPI/bin/mg.C.x"
0.6400689 W	2185940	"/home/boggy/ref_rapl/scaphandre/target/release/scaphandre"
------------------------------------------------------------

Host:	54.927022 W from 
	package 	core		dram		uncore
Socket0	52.61453 W |	46.60641 W	4.534488 W	0 W	

Top 5 consumers:
Power		PID	Exe
0.92056465 W	2185960	"/home/boggy/ref_rapl/energy_exp_server/NPB3.4.3/NPB3.4-MPI/bin/mg.C.x"
0.92056465 W	2185962	"/home/boggy/ref_rapl/energy_exp_server/NPB3.4.3/NPB3.4-MPI/bin/mg.C.x"
0.92056465 W	2185961	"/home/boggy/ref_rapl/energy_exp_server/NPB3.4.3/NPB3.4-MPI/bin/mg.C.x"
0.92056465 W	2185959	"/home/boggy/ref_rapl/energy_exp_server/NPB3.4.3/NPB3.4-MPI/bin/mg.C.x"
0.61370975 W	2185940	"/home/boggy/ref_rapl/scaphandre/target/release/scaphandre"
------------------------------------------------------------

Host:	57.520184 W from 
	package 	core		dram		uncore
Socket0	52.144936 W |	46.72571 W	4.660218 W	0 W	

Top 5 consumers:
Power		PID	Exe
0.96402544 W	2185940	"/home/boggy/ref_rapl/scaphandre/target/release/scaphandre"
0.96402544 W	2185960	"/home/boggy/ref_rapl/energy_exp_server/NPB3.4.3/NPB3.4-MPI/bin/mg.C.x"
0.96402544 W	2185962	"/home/boggy/ref_rapl/energy_exp_server/NPB3.4.3/NPB3.4-MPI/bin/mg.C.x"
0.96402544 W	2185961	"/home/boggy/ref_rapl/energy_exp_server/NPB3.4.3/NPB3.4-MPI/bin/mg.C.x"
0.96402544 W	2185959	"/home/boggy/ref_rapl/energy_exp_server/NPB3.4.3/NPB3.4-MPI/bin/mg.C.x"
------------------------------------------------------------

Host:	56.088008 W from 
	package 	core		dram		uncore
Socket0	51.416534 W |	46.851013 W	4.562926 W	0 W	

Top 5 consumers:
Power		PID	Exe
0.9400225 W	2185960	"/home/boggy/ref_rapl/energy_exp_server/NPB3.4.3/NPB3.4-MPI/bin/mg.C.x"
0.9400225 W	2185962	"/home/boggy/ref_rapl/energy_exp_server/NPB3.4.3/NPB3.4-MPI/bin/mg.C.x"
0.9400225 W	2185961	"/home/boggy/ref_rapl/energy_exp_server/NPB3.4.3/NPB3.4-MPI/bin/mg.C.x"
0.9400225 W	2185959	"/home/boggy/ref_rapl/energy_exp_server/NPB3.4.3/NPB3.4-MPI/bin/mg.C.x"
0.6266816 W	2185940	"/home/boggy/ref_rapl/scaphandre/target/release/scaphandre"
------------------------------------------------------------

Host:	54.972737 W from 
	package 	core		dram		uncore
Socket0	51.253 W |	46.66056 W	4.711707 W	0 W	

Top 5 consumers:
Power		PID	Exe
1.263741 W	2185962	"/home/boggy/ref_rapl/energy_exp_server/NPB3.4.3/NPB3.4-MPI/bin/mg.C.x"
0.9478058 W	2185940	"/home/boggy/ref_rapl/scaphandre/target/release/scaphandre"
0.9478058 W	2185960	"/home/boggy/ref_rapl/energy_exp_server/NPB3.4.3/NPB3.4-MPI/bin/mg.C.x"
0.9478058 W	2185961	"/home/boggy/ref_rapl/energy_exp_server/NPB3.4.3/NPB3.4-MPI/bin/mg.C.x"
0.9478058 W	2185959	"/home/boggy/ref_rapl/energy_exp_server/NPB3.4.3/NPB3.4-MPI/bin/mg.C.x"
------------------------------------------------------------

Host:	54.086923 W from 
	package 	core		dram		uncore
Socket0	49.56615 W |	44.285713 W	4.490287 W	0 W	

Top 5 consumers:
Power		PID	Exe
0.93253314 W	2185960	"/home/boggy/ref_rapl/energy_exp_server/NPB3.4.3/NPB3.4-MPI/bin/mg.C.x"
0.93253314 W	2185962	"/home/boggy/ref_rapl/energy_exp_server/NPB3.4.3/NPB3.4-MPI/bin/mg.C.x"
0.93253314 W	2185961	"/home/boggy/ref_rapl/energy_exp_server/NPB3.4.3/NPB3.4-MPI/bin/mg.C.x"
0.93253314 W	2185959	"/home/boggy/ref_rapl/energy_exp_server/NPB3.4.3/NPB3.4-MPI/bin/mg.C.x"
0.6216887 W	2185940	"/home/boggy/ref_rapl/scaphandre/target/release/scaphandre"
------------------------------------------------------------

Host:	53.787603 W from 
	package 	core		dram		uncore
Socket0	49.314995 W |	44.21753 W	4.671485 W	0 W	

Top 5 consumers:
Power		PID	Exe
1.2364966 W	2185960	"/home/boggy/ref_rapl/energy_exp_server/NPB3.4.3/NPB3.4-MPI/bin/mg.C.x"
1.2364966 W	2185959	"/home/boggy/ref_rapl/energy_exp_server/NPB3.4.3/NPB3.4-MPI/bin/mg.C.x"
0.92737246 W	2185940	"/home/boggy/ref_rapl/scaphandre/target/release/scaphandre"
0.92737246 W	2185962	"/home/boggy/ref_rapl/energy_exp_server/NPB3.4.3/NPB3.4-MPI/bin/mg.C.x"
0.92737246 W	2185961	"/home/boggy/ref_rapl/energy_exp_server/NPB3.4.3/NPB3.4-MPI/bin/mg.C.x"
------------------------------------------------------------

Host:	54.146323 W from 
	package 	core		dram		uncore
Socket0	48.9635 W |	44.16388 W	4.759898 W	0 W	

Top 5 consumers:
Power		PID	Exe
0.9335573 W	2185940	"/home/boggy/ref_rapl/scaphandre/target/release/scaphandre"
0.9335573 W	2185960	"/home/boggy/ref_rapl/energy_exp_server/NPB3.4.3/NPB3.4-MPI/bin/mg.C.x"
0.9335573 W	2185962	"/home/boggy/ref_rapl/energy_exp_server/NPB3.4.3/NPB3.4-MPI/bin/mg.C.x"
0.9335573 W	2185961	"/home/boggy/ref_rapl/energy_exp_server/NPB3.4.3/NPB3.4-MPI/bin/mg.C.x"
0.9335573 W	2185959	"/home/boggy/ref_rapl/energy_exp_server/NPB3.4.3/NPB3.4-MPI/bin/mg.C.x"
------------------------------------------------------------

Host:	54.057934 W from 
	package 	core		dram		uncore
Socket0	49.547134 W |	44.0234 W	4.813272 W	0 W	

Top 5 consumers:
Power		PID	Exe
1.2427111 W	2185961	"/home/boggy/ref_rapl/energy_exp_server/NPB3.4.3/NPB3.4-MPI/bin/mg.C.x"
0.9320333 W	2185940	"/home/boggy/ref_rapl/scaphandre/target/release/scaphandre"
0.9320333 W	2185960	"/home/boggy/ref_rapl/energy_exp_server/NPB3.4.3/NPB3.4-MPI/bin/mg.C.x"
0.9320333 W	2185962	"/home/boggy/ref_rapl/energy_exp_server/NPB3.4.3/NPB3.4-MPI/bin/mg.C.x"
0.9320333 W	2185959	"/home/boggy/ref_rapl/energy_exp_server/NPB3.4.3/NPB3.4-MPI/bin/mg.C.x"
------------------------------------------------------------

Host:	54.032738 W from 
	package 	core		dram		uncore
Socket0	49.229107 W |	44.159042 W	4.788869 W	0 W	

Top 5 consumers:
Power		PID	Exe
0.93159896 W	2185960	"/home/boggy/ref_rapl/energy_exp_server/NPB3.4.3/NPB3.4-MPI/bin/mg.C.x"
0.93159896 W	2185962	"/home/boggy/ref_rapl/energy_exp_server/NPB3.4.3/NPB3.4-MPI/bin/mg.C.x"
0.93159896 W	2185961	"/home/boggy/ref_rapl/energy_exp_server/NPB3.4.3/NPB3.4-MPI/bin/mg.C.x"
0.93159896 W	2185959	"/home/boggy/ref_rapl/energy_exp_server/NPB3.4.3/NPB3.4-MPI/bin/mg.C.x"
0.31053296 W	2185940	"/home/boggy/ref_rapl/scaphandre/target/release/scaphandre"
------------------------------------------------------------

Host:	53.843148 W from 
	package 	core		dram		uncore
Socket0	49.259174 W |	43.9396 W	4.642501 W	0 W	

Top 5 consumers:
Power		PID	Exe
0.9283301 W	2185940	"/home/boggy/ref_rapl/scaphandre/target/release/scaphandre"
0.9283301 W	2185960	"/home/boggy/ref_rapl/energy_exp_server/NPB3.4.3/NPB3.4-MPI/bin/mg.C.x"
0.9283301 W	2185962	"/home/boggy/ref_rapl/energy_exp_server/NPB3.4.3/NPB3.4-MPI/bin/mg.C.x"
0.9283301 W	2185961	"/home/boggy/ref_rapl/energy_exp_server/NPB3.4.3/NPB3.4-MPI/bin/mg.C.x"
0.9283301 W	2185959	"/home/boggy/ref_rapl/energy_exp_server/NPB3.4.3/NPB3.4-MPI/bin/mg.C.x"
------------------------------------------------------------

Host:	55.038416 W from 
	package 	core		dram		uncore
Socket0	48.972427 W |	44.578262 W	4.809312 W	0 W	

Top 5 consumers:
Power		PID	Exe
1.2368182 W	2185960	"/home/boggy/ref_rapl/energy_exp_server/NPB3.4.3/NPB3.4-MPI/bin/mg.C.x"
1.2368182 W	2185962	"/home/boggy/ref_rapl/energy_exp_server/NPB3.4.3/NPB3.4-MPI/bin/mg.C.x"
0.92761374 W	2185940	"/home/boggy/ref_rapl/scaphandre/target/release/scaphandre"
0.92761374 W	2185961	"/home/boggy/ref_rapl/energy_exp_server/NPB3.4.3/NPB3.4-MPI/bin/mg.C.x"
0.30920455 W	1230	""
------------------------------------------------------------

Host:	52.614975 W from 
	package 	core		dram		uncore
Socket0	49.31245 W |	43.538048 W	4.77482 W	0 W	

Top 5 consumers:
Power		PID	Exe
1.182359 W	2185961	"/home/boggy/ref_rapl/energy_exp_server/NPB3.4.3/NPB3.4-MPI/bin/mg.C.x"
1.182359 W	2185959	"/home/boggy/ref_rapl/energy_exp_server/NPB3.4.3/NPB3.4-MPI/bin/mg.C.x"
0.8867692 W	2185940	"/home/boggy/ref_rapl/scaphandre/target/release/scaphandre"
0.8867692 W	2185960	"/home/boggy/ref_rapl/energy_exp_server/NPB3.4.3/NPB3.4-MPI/bin/mg.C.x"
0.8867692 W	2185962	"/home/boggy/ref_rapl/energy_exp_server/NPB3.4.3/NPB3.4-MPI/bin/mg.C.x"
------------------------------------------------------------

Host:	55.637696 W from 
	package 	core		dram		uncore
Socket0	50.376568 W |	45.89813 W	3.896379 W	0 W	

Top 5 consumers:
Power		PID	Exe
0.9377139 W	2185960	"/home/boggy/ref_rapl/energy_exp_server/NPB3.4.3/NPB3.4-MPI/bin/mg.C.x"
0.9377139 W	2185962	"/home/boggy/ref_rapl/energy_exp_server/NPB3.4.3/NPB3.4-MPI/bin/mg.C.x"
0.9377139 W	2185961	"/home/boggy/ref_rapl/energy_exp_server/NPB3.4.3/NPB3.4-MPI/bin/mg.C.x"
0.9377139 W	2185959	"/home/boggy/ref_rapl/energy_exp_server/NPB3.4.3/NPB3.4-MPI/bin/mg.C.x"
0.62514263 W	2185940	"/home/boggy/ref_rapl/scaphandre/target/release/scaphandre"
------------------------------------------------------------

Host:	51.63162 W from 
	package 	core		dram		uncore
Socket0	51.994873 W |	46.878696 W	3.879977 W	0 W	

Top 5 consumers:
Power		PID	Exe
0.8701958 W	2185960	"/home/boggy/ref_rapl/energy_exp_server/NPB3.4.3/NPB3.4-MPI/bin/mg.C.x"
0.8701958 W	2185962	"/home/boggy/ref_rapl/energy_exp_server/NPB3.4.3/NPB3.4-MPI/bin/mg.C.x"
0.8701958 W	2185961	"/home/boggy/ref_rapl/energy_exp_server/NPB3.4.3/NPB3.4-MPI/bin/mg.C.x"
0.5801306 W	2185940	"/home/boggy/ref_rapl/scaphandre/target/release/scaphandre"
0.5801306 W	2185959	"/home/boggy/ref_rapl/energy_exp_server/NPB3.4.3/NPB3.4-MPI/bin/mg.C.x"
------------------------------------------------------------

Host:	50.074167 W from 
	package 	core		dram		uncore
Socket0	47.06544 W |	44.064342 W	2.48784 W	0 W	

Top 5 consumers:
Power		PID	Exe
0.84394664 W	2185940	"/home/boggy/ref_rapl/scaphandre/target/release/scaphandre"
0.84394664 W	2185960	"/home/boggy/ref_rapl/energy_exp_server/NPB3.4.3/NPB3.4-MPI/bin/mg.C.x"
0.84394664 W	2185962	"/home/boggy/ref_rapl/energy_exp_server/NPB3.4.3/NPB3.4-MPI/bin/mg.C.x"
0.84394664 W	2185961	"/home/boggy/ref_rapl/energy_exp_server/NPB3.4.3/NPB3.4-MPI/bin/mg.C.x"
0.84394664 W	2185959	"/home/boggy/ref_rapl/energy_exp_server/NPB3.4.3/NPB3.4-MPI/bin/mg.C.x"
------------------------------------------------------------

Host:	46.158255 W from 
	package 	core		dram		uncore
Socket0	48.10436 W |	43.883873 W	2.230344 W	0 W	

Top 5 consumers:
Power		PID	Exe
0.77794814 W	2185960	"/home/boggy/ref_rapl/energy_exp_server/NPB3.4.3/NPB3.4-MPI/bin/mg.C.x"
0.77794814 W	2185962	"/home/boggy/ref_rapl/energy_exp_server/NPB3.4.3/NPB3.4-MPI/bin/mg.C.x"
0.77794814 W	2185961	"/home/boggy/ref_rapl/energy_exp_server/NPB3.4.3/NPB3.4-MPI/bin/mg.C.x"
0.77794814 W	2185959	"/home/boggy/ref_rapl/energy_exp_server/NPB3.4.3/NPB3.4-MPI/bin/mg.C.x"
0.25931603 W	2185940	"/home/boggy/ref_rapl/scaphandre/target/release/scaphandre"
------------------------------------------------------------

Host:	16.219043 W from 
	package 	core		dram		uncore
Socket0	39.391636 W |	34.286728 W	1.69816 W	0 W	

Top 5 consumers:
Power		PID	Exe
0.18223643 W	2185940	"/home/boggy/ref_rapl/scaphandre/target/release/scaphandre"
0.09111822 W	2185959	"/home/boggy/ref_rapl/energy_exp_server/NPB3.4.3/NPB3.4-MPI/bin/mg.C.x"
0.09111822 W	2159417	""
0 W	19	""
0 W	2185654	""
------------------------------------------------------------

Host:	19.119305 W from 
	package 	core		dram		uncore
Socket0	13.262212 W |	9.653692 W	1.09898 W	0 W	

Top 5 consumers:
Power		PID	Exe
0.3455296 W	2185940	"/home/boggy/ref_rapl/scaphandre/target/release/scaphandre"
0 W	19	""
0 W	2185654	""
0 W	999	""
0 W	66	""
------------------------------------------------------------

Host:	12.382039 W from 
	package 	core		dram		uncore
Socket0	17.969324 W |	14.238158 W	1.468139 W	0 W	

Top 5 consumers:
Power		PID	Exe
0.14918119 W	2185940	"/home/boggy/ref_rapl/scaphandre/target/release/scaphandre"
0 W	19	""
0 W	2185654	""
0 W	999	""
0 W	66	""
------------------------------------------------------------

