#           time             counts   unit events
     0.001075273               0.01 Joules power/energy-pkg/                                                     
     0.001075273               0.00 Joules power/energy-cores/                                                   
     0.001075273               0.00 Joules power/energy-ram/                                                     
     0.003666501               0.02 Joules power/energy-pkg/                                                     
     0.003666501               0.01 Joules power/energy-cores/                                                   
     0.003666501               0.00 Joules power/energy-ram/                                                     
     0.004888660               0.01 Joules power/energy-pkg/                                                     
     0.004888660               0.00 Joules power/energy-cores/                                                   
     0.004888660               0.00 Joules power/energy-ram/                                                     
     0.006058250               0.01 Joules power/energy-pkg/                                                     
     0.006058250               0.00 Joules power/energy-cores/                                                   
     0.006058250               0.00 Joules power/energy-ram/                                                     
     0.007229633               0.01 Joules power/energy-pkg/                                                     
     0.007229633               0.00 Joules power/energy-cores/                                                   
     0.007229633               0.00 Joules power/energy-ram/                                                     
     0.008407194               0.01 Joules power/energy-pkg/                                                     
     0.008407194               0.00 Joules power/energy-cores/                                                   
     0.008407194               0.00 Joules power/energy-ram/                                                     
     0.009664302               0.01 Joules power/energy-pkg/                                                     
     0.009664302               0.00 Joules power/energy-cores/                                                   
     0.009664302               0.00 Joules power/energy-ram/                                                     
     0.010868503               0.01 Joules power/energy-pkg/                                                     
     0.010868503               0.00 Joules power/energy-cores/                                                   
     0.010868503               0.00 Joules power/energy-ram/                                                     
     0.012053295               0.01 Joules power/energy-pkg/                                                     
     0.012053295               0.00 Joules power/energy-cores/                                                   
     0.012053295               0.00 Joules power/energy-ram/                                                     
     0.013257902               0.01 Joules power/energy-pkg/                                                     
     0.013257902               0.00 Joules power/energy-cores/                                                   
     0.013257902               0.00 Joules power/energy-ram/                                                     
     0.014473520               0.01 Joules power/energy-pkg/                                                     
     0.014473520               0.00 Joules power/energy-cores/                                                   
     0.014473520               0.00 Joules power/energy-ram/                                                     
     0.015649567               0.01 Joules power/energy-pkg/                                                     
     0.015649567               0.00 Joules power/energy-cores/                                                   
     0.015649567               0.00 Joules power/energy-ram/                                                     
     0.016920265               0.01 Joules power/energy-pkg/                                                     
     0.016920265               0.00 Joules power/energy-cores/                                                   
     0.016920265               0.00 Joules power/energy-ram/                                                     
     0.018091099               0.01 Joules power/energy-pkg/                                                     
     0.018091099               0.00 Joules power/energy-cores/                                                   
     0.018091099               0.00 Joules power/energy-ram/                                                     
     0.019282315               0.01 Joules power/energy-pkg/                                                     
     0.019282315               0.00 Joules power/energy-cores/                                                   
     0.019282315               0.00 Joules power/energy-ram/                                                     
     0.020489140               0.01 Joules power/energy-pkg/                                                     
     0.020489140               0.01 Joules power/energy-cores/                                                   
     0.020489140               0.00 Joules power/energy-ram/                                                     
     0.021694564               0.01 Joules power/energy-pkg/                                                     
     0.021694564               0.00 Joules power/energy-cores/                                                   
     0.021694564               0.00 Joules power/energy-ram/                                                     
     0.022869605               0.01 Joules power/energy-pkg/                                                     
     0.022869605               0.00 Joules power/energy-cores/                                                   
     0.022869605               0.00 Joules power/energy-ram/                                                     
     0.024131510               0.01 Joules power/energy-pkg/                                                     
     0.024131510               0.00 Joules power/energy-cores/                                                   
     0.024131510               0.00 Joules power/energy-ram/                                                     
     0.025347125               0.01 Joules power/energy-pkg/                                                     
     0.025347125               0.00 Joules power/energy-cores/                                                   
     0.025347125               0.00 Joules power/energy-ram/                                                     
     0.026569765               0.01 Joules power/energy-pkg/                                                     
     0.026569765               0.00 Joules power/energy-cores/                                                   
     0.026569765               0.00 Joules power/energy-ram/                                                     
     0.027849681               0.01 Joules power/energy-pkg/                                                     
     0.027849681               0.00 Joules power/energy-cores/                                                   
     0.027849681               0.00 Joules power/energy-ram/                                                     
     0.029037170               0.01 Joules power/energy-pkg/                                                     
     0.029037170               0.00 Joules power/energy-cores/                                                   
     0.029037170               0.00 Joules power/energy-ram/                                                     
     0.030242200               0.01 Joules power/energy-pkg/                                                     
     0.030242200               0.00 Joules power/energy-cores/                                                   
     0.030242200               0.00 Joules power/energy-ram/                                                     
     0.031463010               0.01 Joules power/energy-pkg/                                                     
     0.031463010               0.00 Joules power/energy-cores/                                                   
     0.031463010               0.00 Joules power/energy-ram/                                                     
     0.032668613               0.01 Joules power/energy-pkg/                                                     
     0.032668613               0.00 Joules power/energy-cores/                                                   
     0.032668613               0.00 Joules power/energy-ram/                                                     
#           time             counts   unit events
     0.033880038               0.01 Joules power/energy-pkg/                                                     
     0.033880038               0.00 Joules power/energy-cores/                                                   
     0.033880038               0.00 Joules power/energy-ram/                                                     
     0.035101383               0.02 Joules power/energy-pkg/                                                     
     0.035101383               0.01 Joules power/energy-cores/                                                   
     0.035101383               0.00 Joules power/energy-ram/                                                     
     0.038127647               0.01 Joules power/energy-pkg/                                                     
     0.038127647               0.01 Joules power/energy-cores/                                                   
     0.038127647               0.00 Joules power/energy-ram/                                                     
     0.039641940               0.02 Joules power/energy-pkg/                                                     
     0.039641940               0.01 Joules power/energy-cores/                                                   
     0.039641940               0.00 Joules power/energy-ram/                                                     
     0.040846266               0.01 Joules power/energy-pkg/                                                     
     0.040846266               0.01 Joules power/energy-cores/                                                   
     0.040846266               0.00 Joules power/energy-ram/                                                     
     0.042028922               0.01 Joules power/energy-pkg/                                                     
     0.042028922               0.01 Joules power/energy-cores/                                                   
     0.042028922               0.00 Joules power/energy-ram/                                                     
     0.043233256               0.01 Joules power/energy-pkg/                                                     
     0.043233256               0.01 Joules power/energy-cores/                                                   
     0.043233256               0.00 Joules power/energy-ram/                                                     
     0.044447012               0.01 Joules power/energy-pkg/                                                     
     0.044447012               0.00 Joules power/energy-cores/                                                   
     0.044447012               0.00 Joules power/energy-ram/                                                     
     0.045659338               0.01 Joules power/energy-pkg/                                                     
     0.045659338               0.00 Joules power/energy-cores/                                                   
     0.045659338               0.00 Joules power/energy-ram/                                                     
     0.046885027               0.01 Joules power/energy-pkg/                                                     
     0.046885027               0.00 Joules power/energy-cores/                                                   
     0.046885027               0.00 Joules power/energy-ram/                                                     
     0.048067752               0.01 Joules power/energy-pkg/                                                     
     0.048067752               0.00 Joules power/energy-cores/                                                   
     0.048067752               0.00 Joules power/energy-ram/                                                     
     0.049279666               0.01 Joules power/energy-pkg/                                                     
     0.049279666               0.00 Joules power/energy-cores/                                                   
     0.049279666               0.00 Joules power/energy-ram/                                                     
     0.050492978               0.01 Joules power/energy-pkg/                                                     
     0.050492978               0.00 Joules power/energy-cores/                                                   
     0.050492978               0.00 Joules power/energy-ram/                                                     
     0.051707604               0.01 Joules power/energy-pkg/                                                     
     0.051707604               0.00 Joules power/energy-cores/                                                   
     0.051707604               0.00 Joules power/energy-ram/                                                     
     0.052934369               0.01 Joules power/energy-pkg/                                                     
     0.052934369               0.00 Joules power/energy-cores/                                                   
     0.052934369               0.00 Joules power/energy-ram/                                                     
     0.054105146               0.01 Joules power/energy-pkg/                                                     
     0.054105146               0.00 Joules power/energy-cores/                                                   
     0.054105146               0.00 Joules power/energy-ram/                                                     
     0.055294739               0.01 Joules power/energy-pkg/                                                     
     0.055294739               0.00 Joules power/energy-cores/                                                   
     0.055294739               0.00 Joules power/energy-ram/                                                     
     0.056507693               0.01 Joules power/energy-pkg/                                                     
     0.056507693               0.00 Joules power/energy-cores/                                                   
     0.056507693               0.00 Joules power/energy-ram/                                                     
     0.057703195               0.01 Joules power/energy-pkg/                                                     
     0.057703195               0.00 Joules power/energy-cores/                                                   
     0.057703195               0.00 Joules power/energy-ram/                                                     
     0.059198293               0.01 Joules power/energy-pkg/                                                     
     0.059198293               0.00 Joules power/energy-cores/                                                   
     0.059198293               0.00 Joules power/energy-ram/                                                     
     0.060413465               0.01 Joules power/energy-pkg/                                                     
     0.060413465               0.00 Joules power/energy-cores/                                                   
     0.060413465               0.00 Joules power/energy-ram/                                                     
     0.061633082               0.01 Joules power/energy-pkg/                                                     
     0.061633082               0.00 Joules power/energy-cores/                                                   
     0.061633082               0.00 Joules power/energy-ram/                                                     
     0.062862989               0.01 Joules power/energy-pkg/                                                     
     0.062862989               0.00 Joules power/energy-cores/                                                   
     0.062862989               0.00 Joules power/energy-ram/                                                     
     0.064039082               0.01 Joules power/energy-pkg/                                                     
     0.064039082               0.00 Joules power/energy-cores/                                                   
     0.064039082               0.00 Joules power/energy-ram/                                                     
     0.065253885               0.01 Joules power/energy-pkg/                                                     
     0.065253885               0.00 Joules power/energy-cores/                                                   
     0.065253885               0.00 Joules power/energy-ram/                                                     
     0.066467179               0.01 Joules power/energy-pkg/                                                     
     0.066467179               0.00 Joules power/energy-cores/                                                   
     0.066467179               0.00 Joules power/energy-ram/                                                     
#           time             counts   unit events
     0.067680069               0.01 Joules power/energy-pkg/                                                     
     0.067680069               0.00 Joules power/energy-cores/                                                   
     0.067680069               0.00 Joules power/energy-ram/                                                     
     0.068902488               0.01 Joules power/energy-pkg/                                                     
     0.068902488               0.00 Joules power/energy-cores/                                                   
     0.068902488               0.00 Joules power/energy-ram/                                                     
     0.070071902               0.01 Joules power/energy-pkg/                                                     
     0.070071902               0.00 Joules power/energy-cores/                                                   
     0.070071902               0.00 Joules power/energy-ram/                                                     
     0.071285362               0.01 Joules power/energy-pkg/                                                     
     0.071285362               0.00 Joules power/energy-cores/                                                   
     0.071285362               0.00 Joules power/energy-ram/                                                     
     0.072499979               0.01 Joules power/energy-pkg/                                                     
     0.072499979               0.00 Joules power/energy-cores/                                                   
     0.072499979               0.00 Joules power/energy-ram/                                                     
     0.073713116               0.01 Joules power/energy-pkg/                                                     
     0.073713116               0.00 Joules power/energy-cores/                                                   
     0.073713116               0.00 Joules power/energy-ram/                                                     
     0.074927597               0.01 Joules power/energy-pkg/                                                     
     0.074927597               0.00 Joules power/energy-cores/                                                   
     0.074927597               0.00 Joules power/energy-ram/                                                     
     0.076096845               0.01 Joules power/energy-pkg/                                                     
     0.076096845               0.00 Joules power/energy-cores/                                                   
     0.076096845               0.00 Joules power/energy-ram/                                                     
     0.077307908               0.01 Joules power/energy-pkg/                                                     
     0.077307908               0.00 Joules power/energy-cores/                                                   
     0.077307908               0.00 Joules power/energy-ram/                                                     
     0.078521028               0.01 Joules power/energy-pkg/                                                     
     0.078521028               0.00 Joules power/energy-cores/                                                   
     0.078521028               0.00 Joules power/energy-ram/                                                     
     0.079734255               0.01 Joules power/energy-pkg/                                                     
     0.079734255               0.00 Joules power/energy-cores/                                                   
     0.079734255               0.00 Joules power/energy-ram/                                                     
     0.080937917               0.01 Joules power/energy-pkg/                                                     
     0.080937917               0.00 Joules power/energy-cores/                                                   
     0.080937917               0.00 Joules power/energy-ram/                                                     
     0.082107745               0.01 Joules power/energy-pkg/                                                     
     0.082107745               0.00 Joules power/energy-cores/                                                   
     0.082107745               0.00 Joules power/energy-ram/                                                     
     0.083321114               0.01 Joules power/energy-pkg/                                                     
     0.083321114               0.00 Joules power/energy-cores/                                                   
     0.083321114               0.00 Joules power/energy-ram/                                                     
     0.084536541               0.01 Joules power/energy-pkg/                                                     
     0.084536541               0.00 Joules power/energy-cores/                                                   
     0.084536541               0.00 Joules power/energy-ram/                                                     
     0.085749744               0.01 Joules power/energy-pkg/                                                     
     0.085749744               0.00 Joules power/energy-cores/                                                   
     0.085749744               0.00 Joules power/energy-ram/                                                     
     0.086935174               0.01 Joules power/energy-pkg/                                                     
     0.086935174               0.00 Joules power/energy-cores/                                                   
     0.086935174               0.00 Joules power/energy-ram/                                                     
     0.088103709               0.01 Joules power/energy-pkg/                                                     
     0.088103709               0.00 Joules power/energy-cores/                                                   
     0.088103709               0.00 Joules power/energy-ram/                                                     
     0.089304052               0.01 Joules power/energy-pkg/                                                     
     0.089304052               0.00 Joules power/energy-cores/                                                   
     0.089304052               0.00 Joules power/energy-ram/                                                     
     0.090516956               0.01 Joules power/energy-pkg/                                                     
     0.090516956               0.00 Joules power/energy-cores/                                                   
     0.090516956               0.00 Joules power/energy-ram/                                                     
     0.091756105               0.01 Joules power/energy-pkg/                                                     
     0.091756105               0.00 Joules power/energy-cores/                                                   
     0.091756105               0.00 Joules power/energy-ram/                                                     
     0.092932018               0.01 Joules power/energy-pkg/                                                     
     0.092932018               0.00 Joules power/energy-cores/                                                   
     0.092932018               0.00 Joules power/energy-ram/                                                     
     0.094101841               0.00 Joules power/energy-pkg/                                                     
     0.094101841               0.00 Joules power/energy-cores/                                                   
     0.094101841               0.00 Joules power/energy-ram/                                                     
     0.095301156               0.01 Joules power/energy-pkg/                                                     
     0.095301156               0.00 Joules power/energy-cores/                                                   
     0.095301156               0.00 Joules power/energy-ram/                                                     
     0.096513914               0.01 Joules power/energy-pkg/                                                     
     0.096513914               0.00 Joules power/energy-cores/                                                   
     0.096513914               0.00 Joules power/energy-ram/                                                     
     0.097727210               0.01 Joules power/energy-pkg/                                                     
     0.097727210               0.00 Joules power/energy-cores/                                                   
     0.097727210               0.00 Joules power/energy-ram/                                                     
#           time             counts   unit events
     0.098934924               0.01 Joules power/energy-pkg/                                                     
     0.098934924               0.00 Joules power/energy-cores/                                                   
     0.098934924               0.00 Joules power/energy-ram/                                                     
     0.100109282               0.01 Joules power/energy-pkg/                                                     
     0.100109282               0.00 Joules power/energy-cores/                                                   
     0.100109282               0.00 Joules power/energy-ram/                                                     
     0.101326047               0.01 Joules power/energy-pkg/                                                     
     0.101326047               0.00 Joules power/energy-cores/                                                   
     0.101326047               0.00 Joules power/energy-ram/                                                     
     0.102541990               0.01 Joules power/energy-pkg/                                                     
     0.102541990               0.00 Joules power/energy-cores/                                                   
     0.102541990               0.00 Joules power/energy-ram/                                                     
     0.103755283               0.01 Joules power/energy-pkg/                                                     
     0.103755283               0.00 Joules power/energy-cores/                                                   
     0.103755283               0.00 Joules power/energy-ram/                                                     
     0.104936389               0.01 Joules power/energy-pkg/                                                     
     0.104936389               0.00 Joules power/energy-cores/                                                   
     0.104936389               0.00 Joules power/energy-ram/                                                     
     0.106150227               0.01 Joules power/energy-pkg/                                                     
     0.106150227               0.00 Joules power/energy-cores/                                                   
     0.106150227               0.00 Joules power/energy-ram/                                                     
     0.107363569               0.01 Joules power/energy-pkg/                                                     
     0.107363569               0.00 Joules power/energy-cores/                                                   
     0.107363569               0.00 Joules power/energy-ram/                                                     
     0.108576285               0.01 Joules power/energy-pkg/                                                     
     0.108576285               0.00 Joules power/energy-cores/                                                   
     0.108576285               0.00 Joules power/energy-ram/                                                     
     0.109790205               0.01 Joules power/energy-pkg/                                                     
     0.109790205               0.00 Joules power/energy-cores/                                                   
     0.109790205               0.00 Joules power/energy-ram/                                                     
     0.110934741               0.01 Joules power/energy-pkg/                                                     
     0.110934741               0.00 Joules power/energy-cores/                                                   
     0.110934741               0.00 Joules power/energy-ram/                                                     
     0.112103283               0.01 Joules power/energy-pkg/                                                     
     0.112103283               0.00 Joules power/energy-cores/                                                   
     0.112103283               0.00 Joules power/energy-ram/                                                     
     0.113303979               0.01 Joules power/energy-pkg/                                                     
     0.113303979               0.00 Joules power/energy-cores/                                                   
     0.113303979               0.00 Joules power/energy-ram/                                                     
     0.114516664               0.01 Joules power/energy-pkg/                                                     
     0.114516664               0.00 Joules power/energy-cores/                                                   
     0.114516664               0.00 Joules power/energy-ram/                                                     
     0.115730375               0.01 Joules power/energy-pkg/                                                     
     0.115730375               0.00 Joules power/energy-cores/                                                   
     0.115730375               0.00 Joules power/energy-ram/                                                     
     0.116934885               0.01 Joules power/energy-pkg/                                                     
     0.116934885               0.00 Joules power/energy-cores/                                                   
     0.116934885               0.00 Joules power/energy-ram/                                                     
     0.118104159               0.01 Joules power/energy-pkg/                                                     
     0.118104159               0.00 Joules power/energy-cores/                                                   
     0.118104159               0.00 Joules power/energy-ram/                                                     
     0.119304292               0.01 Joules power/energy-pkg/                                                     
     0.119304292               0.00 Joules power/energy-cores/                                                   
     0.119304292               0.00 Joules power/energy-ram/                                                     
     0.120529077               0.01 Joules power/energy-pkg/                                                     
     0.120529077               0.00 Joules power/energy-cores/                                                   
     0.120529077               0.00 Joules power/energy-ram/                                                     
     0.121744558               0.01 Joules power/energy-pkg/                                                     
     0.121744558               0.00 Joules power/energy-cores/                                                   
     0.121744558               0.00 Joules power/energy-ram/                                                     
     0.122941516               0.01 Joules power/energy-pkg/                                                     
     0.122941516               0.00 Joules power/energy-cores/                                                   
     0.122941516               0.00 Joules power/energy-ram/                                                     
     0.124110030               0.01 Joules power/energy-pkg/                                                     
     0.124110030               0.00 Joules power/energy-cores/                                                   
     0.124110030               0.00 Joules power/energy-ram/                                                     
     0.125312645               0.01 Joules power/energy-pkg/                                                     
     0.125312645               0.00 Joules power/energy-cores/                                                   
     0.125312645               0.00 Joules power/energy-ram/                                                     
     0.126526101               0.01 Joules power/energy-pkg/                                                     
     0.126526101               0.00 Joules power/energy-cores/                                                   
     0.126526101               0.00 Joules power/energy-ram/                                                     
     0.127739765               0.01 Joules power/energy-pkg/                                                     
     0.127739765               0.00 Joules power/energy-cores/                                                   
     0.127739765               0.00 Joules power/energy-ram/                                                     
     0.128935598               0.01 Joules power/energy-pkg/                                                     
     0.128935598               0.00 Joules power/energy-cores/                                                   
     0.128935598               0.00 Joules power/energy-ram/                                                     
#           time             counts   unit events
     0.130105705               0.01 Joules power/energy-pkg/                                                     
     0.130105705               0.00 Joules power/energy-cores/                                                   
     0.130105705               0.00 Joules power/energy-ram/                                                     
     0.131310932               0.01 Joules power/energy-pkg/                                                     
     0.131310932               0.00 Joules power/energy-cores/                                                   
     0.131310932               0.00 Joules power/energy-ram/                                                     
     0.132524619               0.01 Joules power/energy-pkg/                                                     
     0.132524619               0.00 Joules power/energy-cores/                                                   
     0.132524619               0.00 Joules power/energy-ram/                                                     
     0.133737718               0.01 Joules power/energy-pkg/                                                     
     0.133737718               0.00 Joules power/energy-cores/                                                   
     0.133737718               0.00 Joules power/energy-ram/                                                     
     0.134932460               0.01 Joules power/energy-pkg/                                                     
     0.134932460               0.00 Joules power/energy-cores/                                                   
     0.134932460               0.00 Joules power/energy-ram/                                                     
     0.136101692               0.01 Joules power/energy-pkg/                                                     
     0.136101692               0.00 Joules power/energy-cores/                                                   
     0.136101692               0.00 Joules power/energy-ram/                                                     
     0.137314515               0.01 Joules power/energy-pkg/                                                     
     0.137314515               0.00 Joules power/energy-cores/                                                   
     0.137314515               0.00 Joules power/energy-ram/                                                     
     0.138528019               0.01 Joules power/energy-pkg/                                                     
     0.138528019               0.00 Joules power/energy-cores/                                                   
     0.138528019               0.00 Joules power/energy-ram/                                                     
     0.139741910               0.01 Joules power/energy-pkg/                                                     
     0.139741910               0.00 Joules power/energy-cores/                                                   
     0.139741910               0.00 Joules power/energy-ram/                                                     
     0.140929838               0.01 Joules power/energy-pkg/                                                     
     0.140929838               0.00 Joules power/energy-cores/                                                   
     0.140929838               0.00 Joules power/energy-ram/                                                     
     0.142099606               0.01 Joules power/energy-pkg/                                                     
     0.142099606               0.00 Joules power/energy-cores/                                                   
     0.142099606               0.00 Joules power/energy-ram/                                                     
     0.143299755               0.01 Joules power/energy-pkg/                                                     
     0.143299755               0.00 Joules power/energy-cores/                                                   
     0.143299755               0.00 Joules power/energy-ram/                                                     
     0.144510843               0.01 Joules power/energy-pkg/                                                     
     0.144510843               0.00 Joules power/energy-cores/                                                   
     0.144510843               0.00 Joules power/energy-ram/                                                     
     0.145722901               0.01 Joules power/energy-pkg/                                                     
     0.145722901               0.00 Joules power/energy-cores/                                                   
     0.145722901               0.00 Joules power/energy-ram/                                                     
     0.146932889               0.01 Joules power/energy-pkg/                                                     
     0.146932889               0.00 Joules power/energy-cores/                                                   
     0.146932889               0.00 Joules power/energy-ram/                                                     
     0.148101763               0.01 Joules power/energy-pkg/                                                     
     0.148101763               0.00 Joules power/energy-cores/                                                   
     0.148101763               0.00 Joules power/energy-ram/                                                     
     0.149324710               0.01 Joules power/energy-pkg/                                                     
     0.149324710               0.00 Joules power/energy-cores/                                                   
     0.149324710               0.00 Joules power/energy-ram/                                                     
     0.150541542               0.01 Joules power/energy-pkg/                                                     
     0.150541542               0.00 Joules power/energy-cores/                                                   
     0.150541542               0.00 Joules power/energy-ram/                                                     
     0.151761055               0.01 Joules power/energy-pkg/                                                     
     0.151761055               0.00 Joules power/energy-cores/                                                   
     0.151761055               0.00 Joules power/energy-ram/                                                     
     0.152924980               0.01 Joules power/energy-pkg/                                                     
     0.152924980               0.00 Joules power/energy-cores/                                                   
     0.152924980               0.00 Joules power/energy-ram/                                                     
     0.154070013               0.01 Joules power/energy-pkg/                                                     
     0.154070013               0.00 Joules power/energy-cores/                                                   
     0.154070013               0.00 Joules power/energy-ram/                                                     
     0.155234679               0.01 Joules power/energy-pkg/                                                     
     0.155234679               0.00 Joules power/energy-cores/                                                   
     0.155234679               0.00 Joules power/energy-ram/                                                     
     0.156411624               0.01 Joules power/energy-pkg/                                                     
     0.156411624               0.00 Joules power/energy-cores/                                                   
     0.156411624               0.00 Joules power/energy-ram/                                                     
     0.157587512               0.01 Joules power/energy-pkg/                                                     
     0.157587512               0.00 Joules power/energy-cores/                                                   
     0.157587512               0.00 Joules power/energy-ram/                                                     
     0.158764665               0.01 Joules power/energy-pkg/                                                     
     0.158764665               0.00 Joules power/energy-cores/                                                   
     0.158764665               0.00 Joules power/energy-ram/                                                     
     0.159919736               0.01 Joules power/energy-pkg/                                                     
     0.159919736               0.00 Joules power/energy-cores/                                                   
     0.159919736               0.00 Joules power/energy-ram/                                                     
#           time             counts   unit events
     0.161062948               0.01 Joules power/energy-pkg/                                                     
     0.161062948               0.00 Joules power/energy-cores/                                                   
     0.161062948               0.00 Joules power/energy-ram/                                                     
     0.162226798               0.01 Joules power/energy-pkg/                                                     
     0.162226798               0.01 Joules power/energy-cores/                                                   
     0.162226798               0.00 Joules power/energy-ram/                                                     
     0.163389991               0.01 Joules power/energy-pkg/                                                     
     0.163389991               0.00 Joules power/energy-cores/                                                   
     0.163389991               0.00 Joules power/energy-ram/                                                     
     0.164555817               0.01 Joules power/energy-pkg/                                                     
     0.164555817               0.00 Joules power/energy-cores/                                                   
     0.164555817               0.00 Joules power/energy-ram/                                                     
     0.165720512               0.02 Joules power/energy-pkg/                                                     
     0.165720512               0.00 Joules power/energy-cores/                                                   
     0.165720512               0.00 Joules power/energy-ram/                                                     
     0.166885702               0.01 Joules power/energy-pkg/                                                     
     0.166885702               0.01 Joules power/energy-cores/                                                   
     0.166885702               0.00 Joules power/energy-ram/                                                     
     0.168014023               0.01 Joules power/energy-pkg/                                                     
     0.168014023               0.01 Joules power/energy-cores/                                                   
     0.168014023               0.00 Joules power/energy-ram/                                                     
     0.169166810               0.01 Joules power/energy-pkg/                                                     
     0.169166810               0.00 Joules power/energy-cores/                                                   
     0.169166810               0.00 Joules power/energy-ram/                                                     
     0.170324847               0.27 Joules power/energy-pkg/                                                     
     0.170324847               0.17 Joules power/energy-cores/                                                   
     0.170324847               0.03 Joules power/energy-ram/                                                     
     0.201918653               0.01 Joules power/energy-pkg/                                                     
     0.201918653               0.01 Joules power/energy-cores/                                                   
     0.201918653               0.00 Joules power/energy-ram/                                                     
     0.203036076               0.01 Joules power/energy-pkg/                                                     
     0.203036076               0.01 Joules power/energy-cores/                                                   
     0.203036076               0.00 Joules power/energy-ram/                                                     
     0.204177430               0.01 Joules power/energy-pkg/                                                     
     0.204177430               0.01 Joules power/energy-cores/                                                   
     0.204177430               0.00 Joules power/energy-ram/                                                     
     0.205328747               0.01 Joules power/energy-pkg/                                                     
     0.205328747               0.01 Joules power/energy-cores/                                                   
     0.205328747               0.00 Joules power/energy-ram/                                                     
     0.206486948               0.01 Joules power/energy-pkg/                                                     
     0.206486948               0.01 Joules power/energy-cores/                                                   
     0.206486948               0.00 Joules power/energy-ram/                                                     
     0.207644430               0.01 Joules power/energy-pkg/                                                     
     0.207644430               0.01 Joules power/energy-cores/                                                   
     0.207644430               0.00 Joules power/energy-ram/                                                     
     0.208804098               0.02 Joules power/energy-pkg/                                                     
     0.208804098               0.01 Joules power/energy-cores/                                                   
     0.208804098               0.00 Joules power/energy-ram/                                                     
     0.209923340               0.01 Joules power/energy-pkg/                                                     
     0.209923340               0.01 Joules power/energy-cores/                                                   
     0.209923340               0.00 Joules power/energy-ram/                                                     
     0.211049311               0.01 Joules power/energy-pkg/                                                     
     0.211049311               0.01 Joules power/energy-cores/                                                   
     0.211049311               0.00 Joules power/energy-ram/                                                     
     0.212199708               0.01 Joules power/energy-pkg/                                                     
     0.212199708               0.01 Joules power/energy-cores/                                                   
     0.212199708               0.00 Joules power/energy-ram/                                                     
     0.213361710               0.01 Joules power/energy-pkg/                                                     
     0.213361710               0.00 Joules power/energy-cores/                                                   
     0.213361710               0.00 Joules power/energy-ram/                                                     
     0.214520893               0.01 Joules power/energy-pkg/                                                     
     0.214520893               0.01 Joules power/energy-cores/                                                   
     0.214520893               0.00 Joules power/energy-ram/                                                     
     0.215684639               0.01 Joules power/energy-pkg/                                                     
     0.215684639               0.00 Joules power/energy-cores/                                                   
     0.215684639               0.00 Joules power/energy-ram/                                                     
     0.216856286               0.01 Joules power/energy-pkg/                                                     
     0.216856286               0.00 Joules power/energy-cores/                                                   
     0.216856286               0.00 Joules power/energy-ram/                                                     
     0.218000811               0.01 Joules power/energy-pkg/                                                     
     0.218000811               0.00 Joules power/energy-cores/                                                   
     0.218000811               0.00 Joules power/energy-ram/                                                     
     0.219163390               0.01 Joules power/energy-pkg/                                                     
     0.219163390               0.00 Joules power/energy-cores/                                                   
     0.219163390               0.00 Joules power/energy-ram/                                                     
     0.220346314               0.01 Joules power/energy-pkg/                                                     
     0.220346314               0.00 Joules power/energy-cores/                                                   
     0.220346314               0.00 Joules power/energy-ram/                                                     
#           time             counts   unit events
     0.221515550               0.01 Joules power/energy-pkg/                                                     
     0.221515550               0.00 Joules power/energy-cores/                                                   
     0.221515550               0.00 Joules power/energy-ram/                                                     
     0.222691452               0.01 Joules power/energy-pkg/                                                     
     0.222691452               0.00 Joules power/energy-cores/                                                   
     0.222691452               0.00 Joules power/energy-ram/                                                     
     0.223879137               0.01 Joules power/energy-pkg/                                                     
     0.223879137               0.00 Joules power/energy-cores/                                                   
     0.223879137               0.00 Joules power/energy-ram/                                                     
     0.225028654               0.01 Joules power/energy-pkg/                                                     
     0.225028654               0.00 Joules power/energy-cores/                                                   
     0.225028654               0.00 Joules power/energy-ram/                                                     
     0.226219862               0.01 Joules power/energy-pkg/                                                     
     0.226219862               0.00 Joules power/energy-cores/                                                   
     0.226219862               0.00 Joules power/energy-ram/                                                     
     0.227412820               0.01 Joules power/energy-pkg/                                                     
     0.227412820               0.00 Joules power/energy-cores/                                                   
     0.227412820               0.00 Joules power/energy-ram/                                                     
     0.228604615               0.01 Joules power/energy-pkg/                                                     
     0.228604615               0.00 Joules power/energy-cores/                                                   
     0.228604615               0.00 Joules power/energy-ram/                                                     
     0.229796616               0.01 Joules power/energy-pkg/                                                     
     0.229796616               0.00 Joules power/energy-cores/                                                   
     0.229796616               0.00 Joules power/energy-ram/                                                     
     0.230932428               0.01 Joules power/energy-pkg/                                                     
     0.230932428               0.00 Joules power/energy-cores/                                                   
     0.230932428               0.00 Joules power/energy-ram/                                                     
     0.232082333               0.01 Joules power/energy-pkg/                                                     
     0.232082333               0.00 Joules power/energy-cores/                                                   
     0.232082333               0.00 Joules power/energy-ram/                                                     
     0.233265700               0.01 Joules power/energy-pkg/                                                     
     0.233265700               0.00 Joules power/energy-cores/                                                   
     0.233265700               0.00 Joules power/energy-ram/                                                     
     0.234490145               0.01 Joules power/energy-pkg/                                                     
     0.234490145               0.00 Joules power/energy-cores/                                                   
     0.234490145               0.00 Joules power/energy-ram/                                                     
     0.235703773               0.01 Joules power/energy-pkg/                                                     
     0.235703773               0.00 Joules power/energy-cores/                                                   
     0.235703773               0.00 Joules power/energy-ram/                                                     
     0.236920623               0.01 Joules power/energy-pkg/                                                     
     0.236920623               0.00 Joules power/energy-cores/                                                   
     0.236920623               0.00 Joules power/energy-ram/                                                     
     0.238090084               0.01 Joules power/energy-pkg/                                                     
     0.238090084               0.00 Joules power/energy-cores/                                                   
     0.238090084               0.00 Joules power/energy-ram/                                                     
     0.239303801               0.01 Joules power/energy-pkg/                                                     
     0.239303801               0.00 Joules power/energy-cores/                                                   
     0.239303801               0.00 Joules power/energy-ram/                                                     
     0.240518513               0.01 Joules power/energy-pkg/                                                     
     0.240518513               0.00 Joules power/energy-cores/                                                   
     0.240518513               0.00 Joules power/energy-ram/                                                     
     0.241732172               0.01 Joules power/energy-pkg/                                                     
     0.241732172               0.00 Joules power/energy-cores/                                                   
     0.241732172               0.00 Joules power/energy-ram/                                                     
     0.242941975               0.01 Joules power/energy-pkg/                                                     
     0.242941975               0.00 Joules power/energy-cores/                                                   
     0.242941975               0.00 Joules power/energy-ram/                                                     
     0.244111949               0.01 Joules power/energy-pkg/                                                     
     0.244111949               0.00 Joules power/energy-cores/                                                   
     0.244111949               0.00 Joules power/energy-ram/                                                     
     0.245311230               0.01 Joules power/energy-pkg/                                                     
     0.245311230               0.00 Joules power/energy-cores/                                                   
     0.245311230               0.00 Joules power/energy-ram/                                                     
     0.246524383               0.01 Joules power/energy-pkg/                                                     
     0.246524383               0.00 Joules power/energy-cores/                                                   
     0.246524383               0.00 Joules power/energy-ram/                                                     
     0.247737356               0.01 Joules power/energy-pkg/                                                     
     0.247737356               0.00 Joules power/energy-cores/                                                   
     0.247737356               0.00 Joules power/energy-ram/                                                     
     0.248933191               0.01 Joules power/energy-pkg/                                                     
     0.248933191               0.00 Joules power/energy-cores/                                                   
     0.248933191               0.00 Joules power/energy-ram/                                                     
     0.250102087               0.01 Joules power/energy-pkg/                                                     
     0.250102087               0.00 Joules power/energy-cores/                                                   
     0.250102087               0.00 Joules power/energy-ram/                                                     
     0.251301805               0.01 Joules power/energy-pkg/                                                     
     0.251301805               0.00 Joules power/energy-cores/                                                   
     0.251301805               0.00 Joules power/energy-ram/                                                     
#           time             counts   unit events
     0.252515738               0.01 Joules power/energy-pkg/                                                     
     0.252515738               0.00 Joules power/energy-cores/                                                   
     0.252515738               0.00 Joules power/energy-ram/                                                     
     0.253735527               0.01 Joules power/energy-pkg/                                                     
     0.253735527               0.00 Joules power/energy-cores/                                                   
     0.253735527               0.00 Joules power/energy-ram/                                                     
     0.254938325               0.01 Joules power/energy-pkg/                                                     
     0.254938325               0.00 Joules power/energy-cores/                                                   
     0.254938325               0.00 Joules power/energy-ram/                                                     
     0.256108218               0.01 Joules power/energy-pkg/                                                     
     0.256108218               0.00 Joules power/energy-cores/                                                   
     0.256108218               0.00 Joules power/energy-ram/                                                     
     0.257307440               0.01 Joules power/energy-pkg/                                                     
     0.257307440               0.00 Joules power/energy-cores/                                                   
     0.257307440               0.00 Joules power/energy-ram/                                                     
     0.258523326               0.01 Joules power/energy-pkg/                                                     
     0.258523326               0.00 Joules power/energy-cores/                                                   
     0.258523326               0.00 Joules power/energy-ram/                                                     
     0.259736061               0.01 Joules power/energy-pkg/                                                     
     0.259736061               0.00 Joules power/energy-cores/                                                   
     0.259736061               0.00 Joules power/energy-ram/                                                     
     0.260933756               0.01 Joules power/energy-pkg/                                                     
     0.260933756               0.00 Joules power/energy-cores/                                                   
     0.260933756               0.00 Joules power/energy-ram/                                                     
     0.262103568               0.01 Joules power/energy-pkg/                                                     
     0.262103568               0.00 Joules power/energy-cores/                                                   
     0.262103568               0.00 Joules power/energy-ram/                                                     
     0.263312904               0.01 Joules power/energy-pkg/                                                     
     0.263312904               0.00 Joules power/energy-cores/                                                   
     0.263312904               0.00 Joules power/energy-ram/                                                     
     0.264525279               0.01 Joules power/energy-pkg/                                                     
     0.264525279               0.00 Joules power/energy-cores/                                                   
     0.264525279               0.00 Joules power/energy-ram/                                                     
     0.265740309               0.01 Joules power/energy-pkg/                                                     
     0.265740309               0.00 Joules power/energy-cores/                                                   
     0.265740309               0.00 Joules power/energy-ram/                                                     
     0.266938021               0.01 Joules power/energy-pkg/                                                     
     0.266938021               0.00 Joules power/energy-cores/                                                   
     0.266938021               0.00 Joules power/energy-ram/                                                     
     0.268107707               0.01 Joules power/energy-pkg/                                                     
     0.268107707               0.00 Joules power/energy-cores/                                                   
     0.268107707               0.00 Joules power/energy-ram/                                                     
     0.269310835               0.01 Joules power/energy-pkg/                                                     
     0.269310835               0.00 Joules power/energy-cores/                                                   
     0.269310835               0.00 Joules power/energy-ram/                                                     
     0.270526761               0.01 Joules power/energy-pkg/                                                     
     0.270526761               0.00 Joules power/energy-cores/                                                   
     0.270526761               0.00 Joules power/energy-ram/                                                     
     0.271738795               0.01 Joules power/energy-pkg/                                                     
     0.271738795               0.00 Joules power/energy-cores/                                                   
     0.271738795               0.00 Joules power/energy-ram/                                                     
     0.272933855               0.01 Joules power/energy-pkg/                                                     
     0.272933855               0.00 Joules power/energy-cores/                                                   
     0.272933855               0.00 Joules power/energy-ram/                                                     
     0.274103623               0.01 Joules power/energy-pkg/                                                     
     0.274103623               0.00 Joules power/energy-cores/                                                   
     0.274103623               0.00 Joules power/energy-ram/                                                     
     0.275304274               0.01 Joules power/energy-pkg/                                                     
     0.275304274               0.00 Joules power/energy-cores/                                                   
     0.275304274               0.00 Joules power/energy-ram/                                                     
     0.276517992               0.01 Joules power/energy-pkg/                                                     
     0.276517992               0.00 Joules power/energy-cores/                                                   
     0.276517992               0.00 Joules power/energy-ram/                                                     
     0.277740863               0.01 Joules power/energy-pkg/                                                     
     0.277740863               0.00 Joules power/energy-cores/                                                   
     0.277740863               0.00 Joules power/energy-ram/                                                     
     0.278938370               0.01 Joules power/energy-pkg/                                                     
     0.278938370               0.00 Joules power/energy-cores/                                                   
     0.278938370               0.00 Joules power/energy-ram/                                                     
     0.280108513               0.01 Joules power/energy-pkg/                                                     
     0.280108513               0.00 Joules power/energy-cores/                                                   
     0.280108513               0.00 Joules power/energy-ram/                                                     
     0.281308301               0.01 Joules power/energy-pkg/                                                     
     0.281308301               0.00 Joules power/energy-cores/                                                   
     0.281308301               0.00 Joules power/energy-ram/                                                     
     0.282521809               0.01 Joules power/energy-pkg/                                                     
     0.282521809               0.00 Joules power/energy-cores/                                                   
     0.282521809               0.00 Joules power/energy-ram/                                                     
#           time             counts   unit events
     0.283734984               0.01 Joules power/energy-pkg/                                                     
     0.283734984               0.00 Joules power/energy-cores/                                                   
     0.283734984               0.00 Joules power/energy-ram/                                                     
     0.284933088               0.01 Joules power/energy-pkg/                                                     
     0.284933088               0.00 Joules power/energy-cores/                                                   
     0.284933088               0.00 Joules power/energy-ram/                                                     
     0.286102473               0.01 Joules power/energy-pkg/                                                     
     0.286102473               0.00 Joules power/energy-cores/                                                   
     0.286102473               0.00 Joules power/energy-ram/                                                     
     0.287301780               0.01 Joules power/energy-pkg/                                                     
     0.287301780               0.00 Joules power/energy-cores/                                                   
     0.287301780               0.00 Joules power/energy-ram/                                                     
     0.288514685               0.01 Joules power/energy-pkg/                                                     
     0.288514685               0.00 Joules power/energy-cores/                                                   
     0.288514685               0.00 Joules power/energy-ram/                                                     
     0.289728024               0.01 Joules power/energy-pkg/                                                     
     0.289728024               0.00 Joules power/energy-cores/                                                   
     0.289728024               0.00 Joules power/energy-ram/                                                     
     0.290937364               0.01 Joules power/energy-pkg/                                                     
     0.290937364               0.00 Joules power/energy-cores/                                                   
     0.290937364               0.00 Joules power/energy-ram/                                                     
     0.292148848               0.01 Joules power/energy-pkg/                                                     
     0.292148848               0.00 Joules power/energy-cores/                                                   
     0.292148848               0.00 Joules power/energy-ram/                                                     
     0.293361963               0.01 Joules power/energy-pkg/                                                     
     0.293361963               0.00 Joules power/energy-cores/                                                   
     0.293361963               0.00 Joules power/energy-ram/                                                     
     0.294577033               0.01 Joules power/energy-pkg/                                                     
     0.294577033               0.00 Joules power/energy-cores/                                                   
     0.294577033               0.00 Joules power/energy-ram/                                                     
     0.295797953               0.01 Joules power/energy-pkg/                                                     
     0.295797953               0.00 Joules power/energy-cores/                                                   
     0.295797953               0.00 Joules power/energy-ram/                                                     
     0.296936809               0.01 Joules power/energy-pkg/                                                     
     0.296936809               0.00 Joules power/energy-cores/                                                   
     0.296936809               0.00 Joules power/energy-ram/                                                     
     0.298105715               0.01 Joules power/energy-pkg/                                                     
     0.298105715               0.00 Joules power/energy-cores/                                                   
     0.298105715               0.00 Joules power/energy-ram/                                                     
     0.299306536               0.01 Joules power/energy-pkg/                                                     
     0.299306536               0.00 Joules power/energy-cores/                                                   
     0.299306536               0.00 Joules power/energy-ram/                                                     
     0.300531045               0.01 Joules power/energy-pkg/                                                     
     0.300531045               0.00 Joules power/energy-cores/                                                   
     0.300531045               0.00 Joules power/energy-ram/                                                     
     0.301745786               0.01 Joules power/energy-pkg/                                                     
     0.301745786               0.00 Joules power/energy-cores/                                                   
     0.301745786               0.00 Joules power/energy-ram/                                                     
     0.302932922               0.01 Joules power/energy-pkg/                                                     
     0.302932922               0.00 Joules power/energy-cores/                                                   
     0.302932922               0.00 Joules power/energy-ram/                                                     
     0.304101178               0.01 Joules power/energy-pkg/                                                     
     0.304101178               0.00 Joules power/energy-cores/                                                   
     0.304101178               0.00 Joules power/energy-ram/                                                     
     0.305300705               0.01 Joules power/energy-pkg/                                                     
     0.305300705               0.00 Joules power/energy-cores/                                                   
     0.305300705               0.00 Joules power/energy-ram/                                                     
     0.306524494               0.01 Joules power/energy-pkg/                                                     
     0.306524494               0.00 Joules power/energy-cores/                                                   
     0.306524494               0.00 Joules power/energy-ram/                                                     
     0.307738082               0.01 Joules power/energy-pkg/                                                     
     0.307738082               0.00 Joules power/energy-cores/                                                   
     0.307738082               0.00 Joules power/energy-ram/                                                     
     0.308936783               0.01 Joules power/energy-pkg/                                                     
     0.308936783               0.00 Joules power/energy-cores/                                                   
     0.308936783               0.00 Joules power/energy-ram/                                                     
     0.310106296               0.01 Joules power/energy-pkg/                                                     
     0.310106296               0.00 Joules power/energy-cores/                                                   
     0.310106296               0.00 Joules power/energy-ram/                                                     
     0.311305803               0.01 Joules power/energy-pkg/                                                     
     0.311305803               0.00 Joules power/energy-cores/                                                   
     0.311305803               0.00 Joules power/energy-ram/                                                     
     0.312518238               0.01 Joules power/energy-pkg/                                                     
     0.312518238               0.00 Joules power/energy-cores/                                                   
     0.312518238               0.00 Joules power/energy-ram/                                                     
     0.313733833               0.01 Joules power/energy-pkg/                                                     
     0.313733833               0.00 Joules power/energy-cores/                                                   
     0.313733833               0.00 Joules power/energy-ram/                                                     
#           time             counts   unit events
     0.314933125               0.01 Joules power/energy-pkg/                                                     
     0.314933125               0.00 Joules power/energy-cores/                                                   
     0.314933125               0.00 Joules power/energy-ram/                                                     
     0.316107300               0.01 Joules power/energy-pkg/                                                     
     0.316107300               0.00 Joules power/energy-cores/                                                   
     0.316107300               0.00 Joules power/energy-ram/                                                     
     0.317310425               0.01 Joules power/energy-pkg/                                                     
     0.317310425               0.00 Joules power/energy-cores/                                                   
     0.317310425               0.00 Joules power/energy-ram/                                                     
     0.318524755               0.01 Joules power/energy-pkg/                                                     
     0.318524755               0.00 Joules power/energy-cores/                                                   
     0.318524755               0.00 Joules power/energy-ram/                                                     
     0.319737869               0.01 Joules power/energy-pkg/                                                     
     0.319737869               0.00 Joules power/energy-cores/                                                   
     0.319737869               0.00 Joules power/energy-ram/                                                     
     0.320933137               0.01 Joules power/energy-pkg/                                                     
     0.320933137               0.00 Joules power/energy-cores/                                                   
     0.320933137               0.00 Joules power/energy-ram/                                                     
     0.322102551               0.01 Joules power/energy-pkg/                                                     
     0.322102551               0.00 Joules power/energy-cores/                                                   
     0.322102551               0.00 Joules power/energy-ram/                                                     
     0.323315629               0.01 Joules power/energy-pkg/                                                     
     0.323315629               0.00 Joules power/energy-cores/                                                   
     0.323315629               0.00 Joules power/energy-ram/                                                     
     0.324528936               0.01 Joules power/energy-pkg/                                                     
     0.324528936               0.00 Joules power/energy-cores/                                                   
     0.324528936               0.00 Joules power/energy-ram/                                                     
     0.325742287               0.01 Joules power/energy-pkg/                                                     
     0.325742287               0.00 Joules power/energy-cores/                                                   
     0.325742287               0.00 Joules power/energy-ram/                                                     
     0.326932986               0.01 Joules power/energy-pkg/                                                     
     0.326932986               0.00 Joules power/energy-cores/                                                   
     0.326932986               0.00 Joules power/energy-ram/                                                     
     0.328101675               0.01 Joules power/energy-pkg/                                                     
     0.328101675               0.00 Joules power/energy-cores/                                                   
     0.328101675               0.00 Joules power/energy-ram/                                                     
     0.329301127               0.01 Joules power/energy-pkg/                                                     
     0.329301127               0.00 Joules power/energy-cores/                                                   
     0.329301127               0.00 Joules power/energy-ram/                                                     
     0.330513571               0.01 Joules power/energy-pkg/                                                     
     0.330513571               0.00 Joules power/energy-cores/                                                   
     0.330513571               0.00 Joules power/energy-ram/                                                     
     0.331737483               0.01 Joules power/energy-pkg/                                                     
     0.331737483               0.00 Joules power/energy-cores/                                                   
     0.331737483               0.00 Joules power/energy-ram/                                                     
     0.332916028               0.01 Joules power/energy-pkg/                                                     
     0.332916028               0.00 Joules power/energy-cores/                                                   
     0.332916028               0.00 Joules power/energy-ram/                                                     
     0.334060517               0.01 Joules power/energy-pkg/                                                     
     0.334060517               0.00 Joules power/energy-cores/                                                   
     0.334060517               0.00 Joules power/energy-ram/                                                     
     0.335248264               0.01 Joules power/energy-pkg/                                                     
     0.335248264               0.00 Joules power/energy-cores/                                                   
     0.335248264               0.00 Joules power/energy-ram/                                                     
     0.336423745               0.01 Joules power/energy-pkg/                                                     
     0.336423745               0.00 Joules power/energy-cores/                                                   
     0.336423745               0.00 Joules power/energy-ram/                                                     
     0.337599913               0.01 Joules power/energy-pkg/                                                     
     0.337599913               0.00 Joules power/energy-cores/                                                   
     0.337599913               0.00 Joules power/energy-ram/                                                     
     0.338775471               0.01 Joules power/energy-pkg/                                                     
     0.338775471               0.00 Joules power/energy-cores/                                                   
     0.338775471               0.00 Joules power/energy-ram/                                                     
     0.339922406               0.01 Joules power/energy-pkg/                                                     
     0.339922406               0.00 Joules power/energy-cores/                                                   
     0.339922406               0.00 Joules power/energy-ram/                                                     
     0.341064985               0.01 Joules power/energy-pkg/                                                     
     0.341064985               0.00 Joules power/energy-cores/                                                   
     0.341064985               0.00 Joules power/energy-ram/                                                     
     0.342221465               0.01 Joules power/energy-pkg/                                                     
     0.342221465               0.00 Joules power/energy-cores/                                                   
     0.342221465               0.00 Joules power/energy-ram/                                                     
     0.343386158               0.01 Joules power/energy-pkg/                                                     
     0.343386158               0.00 Joules power/energy-cores/                                                   
     0.343386158               0.00 Joules power/energy-ram/                                                     
     0.344549731               0.01 Joules power/energy-pkg/                                                     
     0.344549731               0.01 Joules power/energy-cores/                                                   
     0.344549731               0.00 Joules power/energy-ram/                                                     
#           time             counts   unit events
     0.345677747               0.02 Joules power/energy-pkg/                                                     
     0.345677747               0.01 Joules power/energy-cores/                                                   
     0.345677747               0.00 Joules power/energy-ram/                                                     
     0.346839706               0.01 Joules power/energy-pkg/                                                     
     0.346839706               0.01 Joules power/energy-cores/                                                   
     0.346839706               0.00 Joules power/energy-ram/                                                     
     0.347984157               0.01 Joules power/energy-pkg/                                                     
     0.347984157               0.01 Joules power/energy-cores/                                                   
     0.347984157               0.00 Joules power/energy-ram/                                                     
     0.349131766               0.01 Joules power/energy-pkg/                                                     
     0.349131766               0.01 Joules power/energy-cores/                                                   
     0.349131766               0.00 Joules power/energy-ram/                                                     
     0.350291052               0.01 Joules power/energy-pkg/                                                     
     0.350291052               0.01 Joules power/energy-cores/                                                   
     0.350291052               0.00 Joules power/energy-ram/                                                     
     0.351449858               0.01 Joules power/energy-pkg/                                                     
     0.351449858               0.01 Joules power/energy-cores/                                                   
     0.351449858               0.00 Joules power/energy-ram/                                                     
     0.352608431               0.01 Joules power/energy-pkg/                                                     
     0.352608431               0.01 Joules power/energy-cores/                                                   
     0.352608431               0.00 Joules power/energy-ram/                                                     
     0.353766569               0.02 Joules power/energy-pkg/                                                     
     0.353766569               0.01 Joules power/energy-cores/                                                   
     0.353766569               0.00 Joules power/energy-ram/                                                     
     0.354916035               0.01 Joules power/energy-pkg/                                                     
     0.354916035               0.01 Joules power/energy-cores/                                                   
     0.354916035               0.00 Joules power/energy-ram/                                                     
     0.356044592               0.01 Joules power/energy-pkg/                                                     
     0.356044592               0.01 Joules power/energy-cores/                                                   
     0.356044592               0.00 Joules power/energy-ram/                                                     
     0.357193200               0.01 Joules power/energy-pkg/                                                     
     0.357193200               0.01 Joules power/energy-cores/                                                   
     0.357193200               0.00 Joules power/energy-ram/                                                     
     0.358351909               0.01 Joules power/energy-pkg/                                                     
     0.358351909               0.01 Joules power/energy-cores/                                                   
     0.358351909               0.00 Joules power/energy-ram/                                                     
     0.359510677               0.01 Joules power/energy-pkg/                                                     
     0.359510677               0.01 Joules power/energy-cores/                                                   
     0.359510677               0.00 Joules power/energy-ram/                                                     
     0.360670131               0.02 Joules power/energy-pkg/                                                     
     0.360670131               0.01 Joules power/energy-cores/                                                   
     0.360670131               0.00 Joules power/energy-ram/                                                     
     0.361840415               0.01 Joules power/energy-pkg/                                                     
     0.361840415               0.01 Joules power/energy-cores/                                                   
     0.361840415               0.00 Joules power/energy-ram/                                                     
     0.362977834               0.01 Joules power/energy-pkg/                                                     
     0.362977834               0.01 Joules power/energy-cores/                                                   
     0.362977834               0.00 Joules power/energy-ram/                                                     
     0.364125646               0.01 Joules power/energy-pkg/                                                     
     0.364125646               0.01 Joules power/energy-cores/                                                   
     0.364125646               0.00 Joules power/energy-ram/                                                     
     0.365284254               0.01 Joules power/energy-pkg/                                                     
     0.365284254               0.01 Joules power/energy-cores/                                                   
     0.365284254               0.00 Joules power/energy-ram/                                                     
     0.366443067               0.01 Joules power/energy-pkg/                                                     
     0.366443067               0.01 Joules power/energy-cores/                                                   
     0.366443067               0.00 Joules power/energy-ram/                                                     
     0.367603277               0.01 Joules power/energy-pkg/                                                     
     0.367603277               0.01 Joules power/energy-cores/                                                   
     0.367603277               0.00 Joules power/energy-ram/                                                     
     0.368762346               0.02 Joules power/energy-pkg/                                                     
     0.368762346               0.01 Joules power/energy-cores/                                                   
     0.368762346               0.00 Joules power/energy-ram/                                                     
     0.369915605               0.01 Joules power/energy-pkg/                                                     
     0.369915605               0.01 Joules power/energy-cores/                                                   
     0.369915605               0.00 Joules power/energy-ram/                                                     
     0.371044694               0.01 Joules power/energy-pkg/                                                     
     0.371044694               0.01 Joules power/energy-cores/                                                   
     0.371044694               0.00 Joules power/energy-ram/                                                     
     0.372194078               0.01 Joules power/energy-pkg/                                                     
     0.372194078               0.01 Joules power/energy-cores/                                                   
     0.372194078               0.00 Joules power/energy-ram/                                                     
     0.373352407               0.01 Joules power/energy-pkg/                                                     
     0.373352407               0.01 Joules power/energy-cores/                                                   
     0.373352407               0.00 Joules power/energy-ram/                                                     
     0.374511270               0.01 Joules power/energy-pkg/                                                     
     0.374511270               0.01 Joules power/energy-cores/                                                   
     0.374511270               0.00 Joules power/energy-ram/                                                     
#           time             counts   unit events
     0.375676250               0.02 Joules power/energy-pkg/                                                     
     0.375676250               0.01 Joules power/energy-cores/                                                   
     0.375676250               0.00 Joules power/energy-ram/                                                     
     0.376839879               0.01 Joules power/energy-pkg/                                                     
     0.376839879               0.01 Joules power/energy-cores/                                                   
     0.376839879               0.00 Joules power/energy-ram/                                                     
     0.377976769               0.01 Joules power/energy-pkg/                                                     
     0.377976769               0.01 Joules power/energy-cores/                                                   
     0.377976769               0.00 Joules power/energy-ram/                                                     
     0.379125398               0.01 Joules power/energy-pkg/                                                     
     0.379125398               0.01 Joules power/energy-cores/                                                   
     0.379125398               0.00 Joules power/energy-ram/                                                     
     0.380284008               0.01 Joules power/energy-pkg/                                                     
     0.380284008               0.01 Joules power/energy-cores/                                                   
     0.380284008               0.00 Joules power/energy-ram/                                                     
     0.381442681               0.01 Joules power/energy-pkg/                                                     
     0.381442681               0.01 Joules power/energy-cores/                                                   
     0.381442681               0.00 Joules power/energy-ram/                                                     
     0.382601239               0.01 Joules power/energy-pkg/                                                     
     0.382601239               0.01 Joules power/energy-cores/                                                   
     0.382601239               0.00 Joules power/energy-ram/                                                     
     0.383760306               0.02 Joules power/energy-pkg/                                                     
     0.383760306               0.01 Joules power/energy-cores/                                                   
     0.383760306               0.00 Joules power/energy-ram/                                                     
     0.384923320               0.01 Joules power/energy-pkg/                                                     
     0.384923320               0.01 Joules power/energy-cores/                                                   
     0.384923320               0.00 Joules power/energy-ram/                                                     
     0.386054121               0.01 Joules power/energy-pkg/                                                     
     0.386054121               0.01 Joules power/energy-cores/                                                   
     0.386054121               0.00 Joules power/energy-ram/                                                     
     0.387226382               0.01 Joules power/energy-pkg/                                                     
     0.387226382               0.01 Joules power/energy-cores/                                                   
     0.387226382               0.00 Joules power/energy-ram/                                                     
     0.388397311               0.01 Joules power/energy-pkg/                                                     
     0.388397311               0.01 Joules power/energy-cores/                                                   
     0.388397311               0.00 Joules power/energy-ram/                                                     
     0.389579066               0.01 Joules power/energy-pkg/                                                     
     0.389579066               0.01 Joules power/energy-cores/                                                   
     0.389579066               0.00 Joules power/energy-ram/                                                     
     0.390751152               0.01 Joules power/energy-pkg/                                                     
     0.390751152               0.01 Joules power/energy-cores/                                                   
     0.390751152               0.00 Joules power/energy-ram/                                                     
     0.391925853               0.01 Joules power/energy-pkg/                                                     
     0.391925853               0.01 Joules power/energy-cores/                                                   
     0.391925853               0.00 Joules power/energy-ram/                                                     
     0.393066679               0.01 Joules power/energy-pkg/                                                     
     0.393066679               0.01 Joules power/energy-cores/                                                   
     0.393066679               0.00 Joules power/energy-ram/                                                     
     0.394226796               0.01 Joules power/energy-pkg/                                                     
     0.394226796               0.01 Joules power/energy-cores/                                                   
     0.394226796               0.00 Joules power/energy-ram/                                                     
     0.395398722               0.01 Joules power/energy-pkg/                                                     
     0.395398722               0.01 Joules power/energy-cores/                                                   
     0.395398722               0.00 Joules power/energy-ram/                                                     
     0.396570976               0.01 Joules power/energy-pkg/                                                     
     0.396570976               0.01 Joules power/energy-cores/                                                   
     0.396570976               0.00 Joules power/energy-ram/                                                     
     0.397742520               0.02 Joules power/energy-pkg/                                                     
     0.397742520               0.01 Joules power/energy-cores/                                                   
     0.397742520               0.00 Joules power/energy-ram/                                                     
     0.398927001               0.01 Joules power/energy-pkg/                                                     
     0.398927001               0.01 Joules power/energy-cores/                                                   
     0.398927001               0.00 Joules power/energy-ram/                                                     
     0.400066794               0.01 Joules power/energy-pkg/                                                     
     0.400066794               0.01 Joules power/energy-cores/                                                   
     0.400066794               0.00 Joules power/energy-ram/                                                     
     0.401230084               0.01 Joules power/energy-pkg/                                                     
     0.401230084               0.01 Joules power/energy-cores/                                                   
     0.401230084               0.00 Joules power/energy-ram/                                                     
     0.402402122               0.01 Joules power/energy-pkg/                                                     
     0.402402122               0.01 Joules power/energy-cores/                                                   
     0.402402122               0.00 Joules power/energy-ram/                                                     
     0.403581333               0.01 Joules power/energy-pkg/                                                     
     0.403581333               0.01 Joules power/energy-cores/                                                   
     0.403581333               0.00 Joules power/energy-ram/                                                     
     0.404752037               0.01 Joules power/energy-pkg/                                                     
     0.404752037               0.01 Joules power/energy-cores/                                                   
     0.404752037               0.00 Joules power/energy-ram/                                                     
#           time             counts   unit events
     0.405926471               0.01 Joules power/energy-pkg/                                                     
     0.405926471               0.01 Joules power/energy-cores/                                                   
     0.405926471               0.00 Joules power/energy-ram/                                                     
     0.407071305               0.01 Joules power/energy-pkg/                                                     
     0.407071305               0.01 Joules power/energy-cores/                                                   
     0.407071305               0.00 Joules power/energy-ram/                                                     
     0.408235808               0.01 Joules power/energy-pkg/                                                     
     0.408235808               0.01 Joules power/energy-cores/                                                   
     0.408235808               0.00 Joules power/energy-ram/                                                     
     0.409407523               0.01 Joules power/energy-pkg/                                                     
     0.409407523               0.01 Joules power/energy-cores/                                                   
     0.409407523               0.00 Joules power/energy-ram/                                                     
     0.410580271               0.01 Joules power/energy-pkg/                                                     
     0.410580271               0.01 Joules power/energy-cores/                                                   
     0.410580271               0.00 Joules power/energy-ram/                                                     
     0.411752649               0.02 Joules power/energy-pkg/                                                     
     0.411752649               0.01 Joules power/energy-cores/                                                   
     0.411752649               0.00 Joules power/energy-ram/                                                     
     0.412929108               0.01 Joules power/energy-pkg/                                                     
     0.412929108               0.01 Joules power/energy-cores/                                                   
     0.412929108               0.00 Joules power/energy-ram/                                                     
     0.414069607               0.01 Joules power/energy-pkg/                                                     
     0.414069607               0.01 Joules power/energy-cores/                                                   
     0.414069607               0.00 Joules power/energy-ram/                                                     
     0.415230663               0.01 Joules power/energy-pkg/                                                     
     0.415230663               0.01 Joules power/energy-cores/                                                   
     0.415230663               0.00 Joules power/energy-ram/                                                     
     0.416402694               0.01 Joules power/energy-pkg/                                                     
     0.416402694               0.01 Joules power/energy-cores/                                                   
     0.416402694               0.00 Joules power/energy-ram/                                                     
     0.417582333               0.01 Joules power/energy-pkg/                                                     
     0.417582333               0.01 Joules power/energy-cores/                                                   
     0.417582333               0.00 Joules power/energy-ram/                                                     
     0.418753423               0.02 Joules power/energy-pkg/                                                     
     0.418753423               0.01 Joules power/energy-cores/                                                   
     0.418753423               0.00 Joules power/energy-ram/                                                     
     0.419931891               0.01 Joules power/energy-pkg/                                                     
     0.419931891               0.01 Joules power/energy-cores/                                                   
     0.419931891               0.00 Joules power/energy-ram/                                                     
     0.421072658               0.01 Joules power/energy-pkg/                                                     
     0.421072658               0.01 Joules power/energy-cores/                                                   
     0.421072658               0.00 Joules power/energy-ram/                                                     
     0.422233170               0.01 Joules power/energy-pkg/                                                     
     0.422233170               0.01 Joules power/energy-cores/                                                   
     0.422233170               0.00 Joules power/energy-ram/                                                     
     0.423404088               0.01 Joules power/energy-pkg/                                                     
     0.423404088               0.01 Joules power/energy-cores/                                                   
     0.423404088               0.00 Joules power/energy-ram/                                                     
     0.424579155               0.01 Joules power/energy-pkg/                                                     
     0.424579155               0.01 Joules power/energy-cores/                                                   
     0.424579155               0.00 Joules power/energy-ram/                                                     
     0.425753567               0.01 Joules power/energy-pkg/                                                     
     0.425753567               0.01 Joules power/energy-cores/                                                   
     0.425753567               0.00 Joules power/energy-ram/                                                     
     0.426926963               0.01 Joules power/energy-pkg/                                                     
     0.426926963               0.00 Joules power/energy-cores/                                                   
     0.426926963               0.00 Joules power/energy-ram/                                                     
     0.428066512               0.01 Joules power/energy-pkg/                                                     
     0.428066512               0.01 Joules power/energy-cores/                                                   
     0.428066512               0.00 Joules power/energy-ram/                                                     
     0.429227115               0.01 Joules power/energy-pkg/                                                     
     0.429227115               0.01 Joules power/energy-cores/                                                   
     0.429227115               0.00 Joules power/energy-ram/                                                     
     0.430398856               0.01 Joules power/energy-pkg/                                                     
     0.430398856               0.01 Joules power/energy-cores/                                                   
     0.430398856               0.00 Joules power/energy-ram/                                                     
     0.431577923               0.01 Joules power/energy-pkg/                                                     
     0.431577923               0.01 Joules power/energy-cores/                                                   
     0.431577923               0.00 Joules power/energy-ram/                                                     
     0.432749731               0.02 Joules power/energy-pkg/                                                     
     0.432749731               0.01 Joules power/energy-cores/                                                   
     0.432749731               0.00 Joules power/energy-ram/                                                     
     0.433926695               0.01 Joules power/energy-pkg/                                                     
     0.433926695               0.01 Joules power/energy-cores/                                                   
     0.433926695               0.00 Joules power/energy-ram/                                                     
     0.435067027               0.01 Joules power/energy-pkg/                                                     
     0.435067027               0.01 Joules power/energy-cores/                                                   
     0.435067027               0.00 Joules power/energy-ram/                                                     
#           time             counts   unit events
     0.436227976               0.01 Joules power/energy-pkg/                                                     
     0.436227976               0.01 Joules power/energy-cores/                                                   
     0.436227976               0.00 Joules power/energy-ram/                                                     
     0.437406433               0.01 Joules power/energy-pkg/                                                     
     0.437406433               0.01 Joules power/energy-cores/                                                   
     0.437406433               0.00 Joules power/energy-ram/                                                     
     0.438578683               0.01 Joules power/energy-pkg/                                                     
     0.438578683               0.01 Joules power/energy-cores/                                                   
     0.438578683               0.00 Joules power/energy-ram/                                                     
     0.439752679               0.02 Joules power/energy-pkg/                                                     
     0.439752679               0.01 Joules power/energy-cores/                                                   
     0.439752679               0.00 Joules power/energy-ram/                                                     
     0.440926363               0.01 Joules power/energy-pkg/                                                     
     0.440926363               0.00 Joules power/energy-cores/                                                   
     0.440926363               0.00 Joules power/energy-ram/                                                     
     0.442066510               0.01 Joules power/energy-pkg/                                                     
     0.442066510               0.01 Joules power/energy-cores/                                                   
     0.442066510               0.00 Joules power/energy-ram/                                                     
     0.443230123               0.01 Joules power/energy-pkg/                                                     
     0.443230123               0.01 Joules power/energy-cores/                                                   
     0.443230123               0.00 Joules power/energy-ram/                                                     
     0.444404182               0.01 Joules power/energy-pkg/                                                     
     0.444404182               0.01 Joules power/energy-cores/                                                   
     0.444404182               0.00 Joules power/energy-ram/                                                     
     0.445584072               0.01 Joules power/energy-pkg/                                                     
     0.445584072               0.01 Joules power/energy-cores/                                                   
     0.445584072               0.00 Joules power/energy-ram/                                                     
     0.446756925               0.02 Joules power/energy-pkg/                                                     
     0.446756925               0.01 Joules power/energy-cores/                                                   
     0.446756925               0.00 Joules power/energy-ram/                                                     
     0.447930094               0.01 Joules power/energy-pkg/                                                     
     0.447930094               0.01 Joules power/energy-cores/                                                   
     0.447930094               0.00 Joules power/energy-ram/                                                     
     0.449070868               0.01 Joules power/energy-pkg/                                                     
     0.449070868               0.01 Joules power/energy-cores/                                                   
     0.449070868               0.00 Joules power/energy-ram/                                                     
     0.450230541               0.01 Joules power/energy-pkg/                                                     
     0.450230541               0.01 Joules power/energy-cores/                                                   
     0.450230541               0.00 Joules power/energy-ram/                                                     
     0.451402309               0.01 Joules power/energy-pkg/                                                     
     0.451402309               0.01 Joules power/energy-cores/                                                   
     0.451402309               0.00 Joules power/energy-ram/                                                     
     0.452574423               0.01 Joules power/energy-pkg/                                                     
     0.452574423               0.01 Joules power/energy-cores/                                                   
     0.452574423               0.00 Joules power/energy-ram/                                                     
     0.453749132               0.02 Joules power/energy-pkg/                                                     
     0.453749132               0.01 Joules power/energy-cores/                                                   
     0.453749132               0.00 Joules power/energy-ram/                                                     
     0.454926231               0.01 Joules power/energy-pkg/                                                     
     0.454926231               0.01 Joules power/energy-cores/                                                   
     0.454926231               0.00 Joules power/energy-ram/                                                     
     0.456066236               0.01 Joules power/energy-pkg/                                                     
     0.456066236               0.01 Joules power/energy-cores/                                                   
     0.456066236               0.00 Joules power/energy-ram/                                                     
     0.457230421               0.01 Joules power/energy-pkg/                                                     
     0.457230421               0.01 Joules power/energy-cores/                                                   
     0.457230421               0.00 Joules power/energy-ram/                                                     
     0.458404487               0.01 Joules power/energy-pkg/                                                     
     0.458404487               0.01 Joules power/energy-cores/                                                   
     0.458404487               0.00 Joules power/energy-ram/                                                     
     0.459583555               0.01 Joules power/energy-pkg/                                                     
     0.459583555               0.01 Joules power/energy-cores/                                                   
     0.459583555               0.00 Joules power/energy-ram/                                                     
     0.460759442               0.02 Joules power/energy-pkg/                                                     
     0.460759442               0.01 Joules power/energy-cores/                                                   
     0.460759442               0.00 Joules power/energy-ram/                                                     
     0.461926139               0.01 Joules power/energy-pkg/                                                     
     0.461926139               0.01 Joules power/energy-cores/                                                   
     0.461926139               0.00 Joules power/energy-ram/                                                     
     0.463066635               0.01 Joules power/energy-pkg/                                                     
     0.463066635               0.01 Joules power/energy-cores/                                                   
     0.463066635               0.00 Joules power/energy-ram/                                                     
     0.464227100               0.01 Joules power/energy-pkg/                                                     
     0.464227100               0.01 Joules power/energy-cores/                                                   
     0.464227100               0.00 Joules power/energy-ram/                                                     
     0.465401979               0.01 Joules power/energy-pkg/                                                     
     0.465401979               0.01 Joules power/energy-cores/                                                   
     0.465401979               0.00 Joules power/energy-ram/                                                     
#           time             counts   unit events
     0.466573564               0.01 Joules power/energy-pkg/                                                     
     0.466573564               0.01 Joules power/energy-cores/                                                   
     0.466573564               0.00 Joules power/energy-ram/                                                     
     0.467751864               0.02 Joules power/energy-pkg/                                                     
     0.467751864               0.01 Joules power/energy-cores/                                                   
     0.467751864               0.00 Joules power/energy-ram/                                                     
     0.468927413               0.01 Joules power/energy-pkg/                                                     
     0.468927413               0.01 Joules power/energy-cores/                                                   
     0.468927413               0.00 Joules power/energy-ram/                                                     
     0.470067941               0.01 Joules power/energy-pkg/                                                     
     0.470067941               0.01 Joules power/energy-cores/                                                   
     0.470067941               0.00 Joules power/energy-ram/                                                     
     0.471230783               0.01 Joules power/energy-pkg/                                                     
     0.471230783               0.00 Joules power/energy-cores/                                                   
     0.471230783               0.00 Joules power/energy-ram/                                                     
     0.472401987               0.01 Joules power/energy-pkg/                                                     
     0.472401987               0.01 Joules power/energy-cores/                                                   
     0.472401987               0.00 Joules power/energy-ram/                                                     
     0.473581703               0.01 Joules power/energy-pkg/                                                     
     0.473581703               0.01 Joules power/energy-cores/                                                   
     0.473581703               0.00 Joules power/energy-ram/                                                     
     0.474754185               0.02 Joules power/energy-pkg/                                                     
     0.474754185               0.01 Joules power/energy-cores/                                                   
     0.474754185               0.00 Joules power/energy-ram/                                                     
     0.475925595               0.01 Joules power/energy-pkg/                                                     
     0.475925595               0.01 Joules power/energy-cores/                                                   
     0.475925595               0.00 Joules power/energy-ram/                                                     
     0.477051324               0.01 Joules power/energy-pkg/                                                     
     0.477051324               0.01 Joules power/energy-cores/                                                   
     0.477051324               0.00 Joules power/energy-ram/                                                     
     0.478196686               0.01 Joules power/energy-pkg/                                                     
     0.478196686               0.01 Joules power/energy-cores/                                                   
     0.478196686               0.00 Joules power/energy-ram/                                                     
     0.479352132               0.01 Joules power/energy-pkg/                                                     
     0.479352132               0.01 Joules power/energy-cores/                                                   
     0.479352132               0.00 Joules power/energy-ram/                                                     
     0.480507815               0.01 Joules power/energy-pkg/                                                     
     0.480507815               0.01 Joules power/energy-cores/                                                   
     0.480507815               0.00 Joules power/energy-ram/                                                     
     0.481663405               0.02 Joules power/energy-pkg/                                                     
     0.481663405               0.01 Joules power/energy-cores/                                                   
     0.481663405               0.00 Joules power/energy-ram/                                                     
     0.482818649               0.01 Joules power/energy-pkg/                                                     
     0.482818649               0.01 Joules power/energy-cores/                                                   
     0.482818649               0.00 Joules power/energy-ram/                                                     
     0.483925467               0.01 Joules power/energy-pkg/                                                     
     0.483925467               0.01 Joules power/energy-cores/                                                   
     0.483925467               0.00 Joules power/energy-ram/                                                     
     0.485049759               0.01 Joules power/energy-pkg/                                                     
     0.485049759               0.01 Joules power/energy-cores/                                                   
     0.485049759               0.00 Joules power/energy-ram/                                                     
     0.486185088               0.01 Joules power/energy-pkg/                                                     
     0.486185088               0.01 Joules power/energy-cores/                                                   
     0.486185088               0.00 Joules power/energy-ram/                                                     
     0.487338850               0.01 Joules power/energy-pkg/                                                     
     0.487338850               0.01 Joules power/energy-cores/                                                   
     0.487338850               0.00 Joules power/energy-ram/                                                     
     0.488482628               0.01 Joules power/energy-pkg/                                                     
     0.488482628               0.01 Joules power/energy-cores/                                                   
     0.488482628               0.00 Joules power/energy-ram/                                                     
     0.489630700               0.01 Joules power/energy-pkg/                                                     
     0.489630700               0.01 Joules power/energy-cores/                                                   
     0.489630700               0.00 Joules power/energy-ram/                                                     
     0.490776345               0.02 Joules power/energy-pkg/                                                     
     0.490776345               0.01 Joules power/energy-cores/                                                   
     0.490776345               0.00 Joules power/energy-ram/                                                     
     0.491922458               0.01 Joules power/energy-pkg/                                                     
     0.491922458               0.01 Joules power/energy-cores/                                                   
     0.491922458               0.00 Joules power/energy-ram/                                                     
     0.493037675               0.01 Joules power/energy-pkg/                                                     
     0.493037675               0.01 Joules power/energy-cores/                                                   
     0.493037675               0.00 Joules power/energy-ram/                                                     
     0.494170866               0.01 Joules power/energy-pkg/                                                     
     0.494170866               0.01 Joules power/energy-cores/                                                   
     0.494170866               0.00 Joules power/energy-ram/                                                     
     0.495305909               0.01 Joules power/energy-pkg/                                                     
     0.495305909               0.01 Joules power/energy-cores/                                                   
     0.495305909               0.00 Joules power/energy-ram/                                                     
#           time             counts   unit events
     0.496440716               0.01 Joules power/energy-pkg/                                                     
     0.496440716               0.01 Joules power/energy-cores/                                                   
     0.496440716               0.00 Joules power/energy-ram/                                                     
     0.497578331               0.01 Joules power/energy-pkg/                                                     
     0.497578331               0.01 Joules power/energy-cores/                                                   
     0.497578331               0.00 Joules power/energy-ram/                                                     
     0.498721575               0.03 Joules power/energy-pkg/                                                     
     0.498721575               0.01 Joules power/energy-cores/                                                   
     0.498721575               0.00 Joules power/energy-ram/                                                     
     0.499868869               0.01 Joules power/energy-pkg/                                                     
     0.499868869               0.01 Joules power/energy-cores/                                                   
     0.499868869               0.00 Joules power/energy-ram/                                                     
     0.500983102               0.01 Joules power/energy-pkg/                                                     
     0.500983102               0.01 Joules power/energy-cores/                                                   
     0.500983102               0.00 Joules power/energy-ram/                                                     
     0.502090052               0.01 Joules power/energy-pkg/                                                     
     0.502090052               0.01 Joules power/energy-cores/                                                   
     0.502090052               0.00 Joules power/energy-ram/                                                     
     0.503216855               0.01 Joules power/energy-pkg/                                                     
     0.503216855               0.01 Joules power/energy-cores/                                                   
     0.503216855               0.00 Joules power/energy-ram/                                                     
     0.504351720               0.01 Joules power/energy-pkg/                                                     
     0.504351720               0.01 Joules power/energy-cores/                                                   
     0.504351720               0.00 Joules power/energy-ram/                                                     
     0.505493153               0.01 Joules power/energy-pkg/                                                     
     0.505493153               0.01 Joules power/energy-cores/                                                   
     0.505493153               0.00 Joules power/energy-ram/                                                     
     0.506633015               0.01 Joules power/energy-pkg/                                                     
     0.506633015               0.01 Joules power/energy-cores/                                                   
     0.506633015               0.00 Joules power/energy-ram/                                                     
     0.507772732               0.03 Joules power/energy-pkg/                                                     
     0.507772732               0.01 Joules power/energy-cores/                                                   
     0.507772732               0.00 Joules power/energy-ram/                                                     
     0.508934897               0.01 Joules power/energy-pkg/                                                     
     0.508934897               0.01 Joules power/energy-cores/                                                   
     0.508934897               0.00 Joules power/energy-ram/                                                     
     0.510042043               0.01 Joules power/energy-pkg/                                                     
     0.510042043               0.01 Joules power/energy-cores/                                                   
     0.510042043               0.00 Joules power/energy-ram/                                                     
     0.511172662               0.01 Joules power/energy-pkg/                                                     
     0.511172662               0.01 Joules power/energy-cores/                                                   
     0.511172662               0.00 Joules power/energy-ram/                                                     
     0.512312572               0.01 Joules power/energy-pkg/                                                     
     0.512312572               0.01 Joules power/energy-cores/                                                   
     0.512312572               0.00 Joules power/energy-ram/                                                     
     0.513456627               0.01 Joules power/energy-pkg/                                                     
     0.513456627               0.01 Joules power/energy-cores/                                                   
     0.513456627               0.00 Joules power/energy-ram/                                                     
     0.514597064               0.01 Joules power/energy-pkg/                                                     
     0.514597064               0.01 Joules power/energy-cores/                                                   
     0.514597064               0.00 Joules power/energy-ram/                                                     
     0.515733912               0.03 Joules power/energy-pkg/                                                     
     0.515733912               0.01 Joules power/energy-cores/                                                   
     0.515733912               0.00 Joules power/energy-ram/                                                     
     0.516879004               0.01 Joules power/energy-pkg/                                                     
     0.516879004               0.01 Joules power/energy-cores/                                                   
     0.516879004               0.00 Joules power/energy-ram/                                                     
     0.517985411               0.01 Joules power/energy-pkg/                                                     
     0.517985411               0.01 Joules power/energy-cores/                                                   
     0.517985411               0.00 Joules power/energy-ram/                                                     
     0.519112534               0.01 Joules power/energy-pkg/                                                     
     0.519112534               0.01 Joules power/energy-cores/                                                   
     0.519112534               0.00 Joules power/energy-ram/                                                     
     0.520252289               0.01 Joules power/energy-pkg/                                                     
     0.520252289               0.01 Joules power/energy-cores/                                                   
     0.520252289               0.00 Joules power/energy-ram/                                                     
     0.521392692               0.01 Joules power/energy-pkg/                                                     
     0.521392692               0.01 Joules power/energy-cores/                                                   
     0.521392692               0.00 Joules power/energy-ram/                                                     
     0.522535299               0.01 Joules power/energy-pkg/                                                     
     0.522535299               0.01 Joules power/energy-cores/                                                   
     0.522535299               0.00 Joules power/energy-ram/                                                     
     0.523675142               0.03 Joules power/energy-pkg/                                                     
     0.523675142               0.01 Joules power/energy-cores/                                                   
     0.523675142               0.00 Joules power/energy-ram/                                                     
     0.524815369               0.01 Joules power/energy-pkg/                                                     
     0.524815369               0.01 Joules power/energy-cores/                                                   
     0.524815369               0.00 Joules power/energy-ram/                                                     
#           time             counts   unit events
     0.525919957               0.01 Joules power/energy-pkg/                                                     
     0.525919957               0.01 Joules power/energy-cores/                                                   
     0.525919957               0.00 Joules power/energy-ram/                                                     
     0.527034898               0.01 Joules power/energy-pkg/                                                     
     0.527034898               0.01 Joules power/energy-cores/                                                   
     0.527034898               0.00 Joules power/energy-ram/                                                     
     0.528161056               0.01 Joules power/energy-pkg/                                                     
     0.528161056               0.01 Joules power/energy-cores/                                                   
     0.528161056               0.00 Joules power/energy-ram/                                                     
     0.529301278               0.01 Joules power/energy-pkg/                                                     
     0.529301278               0.01 Joules power/energy-cores/                                                   
     0.529301278               0.00 Joules power/energy-ram/                                                     
     0.530437490               0.01 Joules power/energy-pkg/                                                     
     0.530437490               0.01 Joules power/energy-cores/                                                   
     0.530437490               0.00 Joules power/energy-ram/                                                     
     0.531578549               0.01 Joules power/energy-pkg/                                                     
     0.531578549               0.01 Joules power/energy-cores/                                                   
     0.531578549               0.00 Joules power/energy-ram/                                                     
     0.532719901               0.02 Joules power/energy-pkg/                                                     
     0.532719901               0.01 Joules power/energy-cores/                                                   
     0.532719901               0.00 Joules power/energy-ram/                                                     
     0.533861290               0.01 Joules power/energy-pkg/                                                     
     0.533861290               0.01 Joules power/energy-cores/                                                   
     0.533861290               0.00 Joules power/energy-ram/                                                     
     0.534979479               0.01 Joules power/energy-pkg/                                                     
     0.534979479               0.01 Joules power/energy-cores/                                                   
     0.534979479               0.00 Joules power/energy-ram/                                                     
     0.536092769               0.01 Joules power/energy-pkg/                                                     
     0.536092769               0.01 Joules power/energy-cores/                                                   
     0.536092769               0.00 Joules power/energy-ram/                                                     
     0.537224871               0.01 Joules power/energy-pkg/                                                     
     0.537224871               0.01 Joules power/energy-cores/                                                   
     0.537224871               0.00 Joules power/energy-ram/                                                     
     0.538367243               0.01 Joules power/energy-pkg/                                                     
     0.538367243               0.01 Joules power/energy-cores/                                                   
     0.538367243               0.00 Joules power/energy-ram/                                                     
     0.539509121               0.01 Joules power/energy-pkg/                                                     
     0.539509121               0.01 Joules power/energy-cores/                                                   
     0.539509121               0.00 Joules power/energy-ram/                                                     
     0.540658881               0.01 Joules power/energy-pkg/                                                     
     0.540658881               0.01 Joules power/energy-cores/                                                   
     0.540658881               0.00 Joules power/energy-ram/                                                     
     0.541800105               0.02 Joules power/energy-pkg/                                                     
     0.541800105               0.01 Joules power/energy-cores/                                                   
     0.541800105               0.00 Joules power/energy-ram/                                                     
     0.542924096               0.01 Joules power/energy-pkg/                                                     
     0.542924096               0.01 Joules power/energy-cores/                                                   
     0.542924096               0.00 Joules power/energy-ram/                                                     
     0.544037355               0.01 Joules power/energy-pkg/                                                     
     0.544037355               0.01 Joules power/energy-cores/                                                   
     0.544037355               0.00 Joules power/energy-ram/                                                     
     0.545169837               0.01 Joules power/energy-pkg/                                                     
     0.545169837               0.01 Joules power/energy-cores/                                                   
     0.545169837               0.00 Joules power/energy-ram/                                                     
     0.546310414               0.01 Joules power/energy-pkg/                                                     
     0.546310414               0.01 Joules power/energy-cores/                                                   
     0.546310414               0.00 Joules power/energy-ram/                                                     
     0.547451146               0.01 Joules power/energy-pkg/                                                     
     0.547451146               0.01 Joules power/energy-cores/                                                   
     0.547451146               0.00 Joules power/energy-ram/                                                     
     0.548592335               0.01 Joules power/energy-pkg/                                                     
     0.548592335               0.01 Joules power/energy-cores/                                                   
     0.548592335               0.00 Joules power/energy-ram/                                                     
     0.549733576               0.02 Joules power/energy-pkg/                                                     
     0.549733576               0.01 Joules power/energy-cores/                                                   
     0.549733576               0.00 Joules power/energy-ram/                                                     
     0.550879934               0.01 Joules power/energy-pkg/                                                     
     0.550879934               0.01 Joules power/energy-cores/                                                   
     0.550879934               0.00 Joules power/energy-ram/                                                     
     0.551992384               0.01 Joules power/energy-pkg/                                                     
     0.551992384               0.01 Joules power/energy-cores/                                                   
     0.551992384               0.00 Joules power/energy-ram/                                                     
     0.553124560               0.01 Joules power/energy-pkg/                                                     
     0.553124560               0.01 Joules power/energy-cores/                                                   
     0.553124560               0.00 Joules power/energy-ram/                                                     
     0.554270428               0.01 Joules power/energy-pkg/                                                     
     0.554270428               0.01 Joules power/energy-cores/                                                   
     0.554270428               0.00 Joules power/energy-ram/                                                     
#           time             counts   unit events
     0.555418430               0.01 Joules power/energy-pkg/                                                     
     0.555418430               0.01 Joules power/energy-cores/                                                   
     0.555418430               0.00 Joules power/energy-ram/                                                     
     0.556565754               0.01 Joules power/energy-pkg/                                                     
     0.556565754               0.01 Joules power/energy-cores/                                                   
     0.556565754               0.00 Joules power/energy-ram/                                                     
     0.557706795               0.02 Joules power/energy-pkg/                                                     
     0.557706795               0.01 Joules power/energy-cores/                                                   
     0.557706795               0.00 Joules power/energy-ram/                                                     
     0.558848801               0.01 Joules power/energy-pkg/                                                     
     0.558848801               0.01 Joules power/energy-cores/                                                   
     0.558848801               0.00 Joules power/energy-ram/                                                     
     0.559921180               0.01 Joules power/energy-pkg/                                                     
     0.559921180               0.01 Joules power/energy-cores/                                                   
     0.559921180               0.00 Joules power/energy-ram/                                                     
     0.561034190               0.01 Joules power/energy-pkg/                                                     
     0.561034190               0.01 Joules power/energy-cores/                                                   
     0.561034190               0.00 Joules power/energy-ram/                                                     
     0.562166093               0.01 Joules power/energy-pkg/                                                     
     0.562166093               0.01 Joules power/energy-cores/                                                   
     0.562166093               0.00 Joules power/energy-ram/                                                     
     0.563309512               0.01 Joules power/energy-pkg/                                                     
     0.563309512               0.01 Joules power/energy-cores/                                                   
     0.563309512               0.00 Joules power/energy-ram/                                                     
     0.564450747               0.01 Joules power/energy-pkg/                                                     
     0.564450747               0.01 Joules power/energy-cores/                                                   
     0.564450747               0.00 Joules power/energy-ram/                                                     
     0.565591860               0.01 Joules power/energy-pkg/                                                     
     0.565591860               0.01 Joules power/energy-cores/                                                   
     0.565591860               0.00 Joules power/energy-ram/                                                     
     0.566733140               0.02 Joules power/energy-pkg/                                                     
     0.566733140               0.01 Joules power/energy-cores/                                                   
     0.566733140               0.00 Joules power/energy-ram/                                                     
     0.567885900               0.01 Joules power/energy-pkg/                                                     
     0.567885900               0.01 Joules power/energy-cores/                                                   
     0.567885900               0.00 Joules power/energy-ram/                                                     
     0.568998341               0.01 Joules power/energy-pkg/                                                     
     0.568998341               0.01 Joules power/energy-cores/                                                   
     0.568998341               0.00 Joules power/energy-ram/                                                     
     0.570132546               0.01 Joules power/energy-pkg/                                                     
     0.570132546               0.01 Joules power/energy-cores/                                                   
     0.570132546               0.00 Joules power/energy-ram/                                                     
     0.571274474               0.01 Joules power/energy-pkg/                                                     
     0.571274474               0.01 Joules power/energy-cores/                                                   
     0.571274474               0.00 Joules power/energy-ram/                                                     
     0.572419776               0.01 Joules power/energy-pkg/                                                     
     0.572419776               0.01 Joules power/energy-cores/                                                   
     0.572419776               0.00 Joules power/energy-ram/                                                     
     0.573561090               0.01 Joules power/energy-pkg/                                                     
     0.573561090               0.01 Joules power/energy-cores/                                                   
     0.573561090               0.00 Joules power/energy-ram/                                                     
     0.574705817               0.02 Joules power/energy-pkg/                                                     
     0.574705817               0.01 Joules power/energy-cores/                                                   
     0.574705817               0.00 Joules power/energy-ram/                                                     
     0.575847628               0.01 Joules power/energy-pkg/                                                     
     0.575847628               0.01 Joules power/energy-cores/                                                   
     0.575847628               0.00 Joules power/energy-ram/                                                     
     0.576920993               0.01 Joules power/energy-pkg/                                                     
     0.576920993               0.01 Joules power/energy-cores/                                                   
     0.576920993               0.00 Joules power/energy-ram/                                                     
     0.578033962               0.01 Joules power/energy-pkg/                                                     
     0.578033962               0.01 Joules power/energy-cores/                                                   
     0.578033962               0.00 Joules power/energy-ram/                                                     
     0.579165755               0.01 Joules power/energy-pkg/                                                     
     0.579165755               0.01 Joules power/energy-cores/                                                   
     0.579165755               0.00 Joules power/energy-ram/                                                     
     0.580307365               0.01 Joules power/energy-pkg/                                                     
     0.580307365               0.01 Joules power/energy-cores/                                                   
     0.580307365               0.00 Joules power/energy-ram/                                                     
     0.581454097               0.01 Joules power/energy-pkg/                                                     
     0.581454097               0.01 Joules power/energy-cores/                                                   
     0.581454097               0.00 Joules power/energy-ram/                                                     
     0.582599627               0.01 Joules power/energy-pkg/                                                     
     0.582599627               0.01 Joules power/energy-cores/                                                   
     0.582599627               0.00 Joules power/energy-ram/                                                     
     0.583746258               0.02 Joules power/energy-pkg/                                                     
     0.583746258               0.01 Joules power/energy-cores/                                                   
     0.583746258               0.00 Joules power/energy-ram/                                                     
#           time             counts   unit events
     0.584890502               0.01 Joules power/energy-pkg/                                                     
     0.584890502               0.01 Joules power/energy-cores/                                                   
     0.584890502               0.00 Joules power/energy-ram/                                                     
     0.586006056               0.01 Joules power/energy-pkg/                                                     
     0.586006056               0.01 Joules power/energy-cores/                                                   
     0.586006056               0.00 Joules power/energy-ram/                                                     
     0.587138810               0.01 Joules power/energy-pkg/                                                     
     0.587138810               0.01 Joules power/energy-cores/                                                   
     0.587138810               0.00 Joules power/energy-ram/                                                     
     0.588281960               0.01 Joules power/energy-pkg/                                                     
     0.588281960               0.01 Joules power/energy-cores/                                                   
     0.588281960               0.00 Joules power/energy-ram/                                                     
     0.589426221               0.01 Joules power/energy-pkg/                                                     
     0.589426221               0.01 Joules power/energy-cores/                                                   
     0.589426221               0.00 Joules power/energy-ram/                                                     
     0.590569910               0.01 Joules power/energy-pkg/                                                     
     0.590569910               0.01 Joules power/energy-cores/                                                   
     0.590569910               0.00 Joules power/energy-ram/                                                     
     0.591715853               0.02 Joules power/energy-pkg/                                                     
     0.591715853               0.01 Joules power/energy-cores/                                                   
     0.591715853               0.00 Joules power/energy-ram/                                                     
     0.592862217               0.01 Joules power/energy-pkg/                                                     
     0.592862217               0.01 Joules power/energy-cores/                                                   
     0.592862217               0.00 Joules power/energy-ram/                                                     
     0.593978659               0.01 Joules power/energy-pkg/                                                     
     0.593978659               0.01 Joules power/energy-cores/                                                   
     0.593978659               0.00 Joules power/energy-ram/                                                     
     0.595098092               0.01 Joules power/energy-pkg/                                                     
     0.595098092               0.01 Joules power/energy-cores/                                                   
     0.595098092               0.00 Joules power/energy-ram/                                                     
     0.596210913               0.01 Joules power/energy-pkg/                                                     
     0.596210913               0.01 Joules power/energy-cores/                                                   
     0.596210913               0.00 Joules power/energy-ram/                                                     
     0.597354478               0.01 Joules power/energy-pkg/                                                     
     0.597354478               0.01 Joules power/energy-cores/                                                   
     0.597354478               0.00 Joules power/energy-ram/                                                     
     0.598500349               0.01 Joules power/energy-pkg/                                                     
     0.598500349               0.01 Joules power/energy-cores/                                                   
     0.598500349               0.00 Joules power/energy-ram/                                                     
     0.599646284               0.02 Joules power/energy-pkg/                                                     
     0.599646284               0.01 Joules power/energy-cores/                                                   
     0.599646284               0.00 Joules power/energy-ram/                                                     
     0.600792843               0.01 Joules power/energy-pkg/                                                     
     0.600792843               0.01 Joules power/energy-cores/                                                   
     0.600792843               0.00 Joules power/energy-ram/                                                     
     0.601921613               0.01 Joules power/energy-pkg/                                                     
     0.601921613               0.01 Joules power/energy-cores/                                                   
     0.601921613               0.00 Joules power/energy-ram/                                                     
     0.603033063               0.01 Joules power/energy-pkg/                                                     
     0.603033063               0.01 Joules power/energy-cores/                                                   
     0.603033063               0.00 Joules power/energy-ram/                                                     
     0.604172543               0.01 Joules power/energy-pkg/                                                     
     0.604172543               0.01 Joules power/energy-cores/                                                   
     0.604172543               0.00 Joules power/energy-ram/                                                     
     0.605318431               0.01 Joules power/energy-pkg/                                                     
     0.605318431               0.01 Joules power/energy-cores/                                                   
     0.605318431               0.00 Joules power/energy-ram/                                                     
     0.606465627               0.01 Joules power/energy-pkg/                                                     
     0.606465627               0.01 Joules power/energy-cores/                                                   
     0.606465627               0.00 Joules power/energy-ram/                                                     
     0.607611555               0.01 Joules power/energy-pkg/                                                     
     0.607611555               0.01 Joules power/energy-cores/                                                   
     0.607611555               0.00 Joules power/energy-ram/                                                     
     0.608763537               0.02 Joules power/energy-pkg/                                                     
     0.608763537               0.01 Joules power/energy-cores/                                                   
     0.608763537               0.00 Joules power/energy-ram/                                                     
     0.609916205               0.01 Joules power/energy-pkg/                                                     
     0.609916205               0.01 Joules power/energy-cores/                                                   
     0.609916205               0.00 Joules power/energy-ram/                                                     
     0.611027337               0.01 Joules power/energy-pkg/                                                     
     0.611027337               0.01 Joules power/energy-cores/                                                   
     0.611027337               0.00 Joules power/energy-ram/                                                     
     0.612159817               0.01 Joules power/energy-pkg/                                                     
     0.612159817               0.01 Joules power/energy-cores/                                                   
     0.612159817               0.00 Joules power/energy-ram/                                                     
     0.613300942               0.01 Joules power/energy-pkg/                                                     
     0.613300942               0.01 Joules power/energy-cores/                                                   
     0.613300942               0.00 Joules power/energy-ram/                                                     
#           time             counts   unit events
     0.614441933               0.01 Joules power/energy-pkg/                                                     
     0.614441933               0.01 Joules power/energy-cores/                                                   
     0.614441933               0.00 Joules power/energy-ram/                                                     
     0.615586682               0.01 Joules power/energy-pkg/                                                     
     0.615586682               0.01 Joules power/energy-cores/                                                   
     0.615586682               0.00 Joules power/energy-ram/                                                     
     0.616727818               0.02 Joules power/energy-pkg/                                                     
     0.616727818               0.01 Joules power/energy-cores/                                                   
     0.616727818               0.00 Joules power/energy-ram/                                                     
     0.617876092               0.01 Joules power/energy-pkg/                                                     
     0.617876092               0.01 Joules power/energy-cores/                                                   
     0.617876092               0.00 Joules power/energy-ram/                                                     
     0.618986364               0.01 Joules power/energy-pkg/                                                     
     0.618986364               0.01 Joules power/energy-cores/                                                   
     0.618986364               0.00 Joules power/energy-ram/                                                     
     0.620119474               0.01 Joules power/energy-pkg/                                                     
     0.620119474               0.01 Joules power/energy-cores/                                                   
     0.620119474               0.00 Joules power/energy-ram/                                                     
     0.621268748               0.01 Joules power/energy-pkg/                                                     
     0.621268748               0.01 Joules power/energy-cores/                                                   
     0.621268748               0.00 Joules power/energy-ram/                                                     
     0.622423947               0.01 Joules power/energy-pkg/                                                     
     0.622423947               0.01 Joules power/energy-cores/                                                   
     0.622423947               0.00 Joules power/energy-ram/                                                     
     0.623572462               0.01 Joules power/energy-pkg/                                                     
     0.623572462               0.01 Joules power/energy-cores/                                                   
     0.623572462               0.00 Joules power/energy-ram/                                                     
     0.624721127               0.02 Joules power/energy-pkg/                                                     
     0.624721127               0.01 Joules power/energy-cores/                                                   
     0.624721127               0.00 Joules power/energy-ram/                                                     
     0.625869625               0.01 Joules power/energy-pkg/                                                     
     0.625869625               0.01 Joules power/energy-cores/                                                   
     0.625869625               0.00 Joules power/energy-ram/                                                     
     0.626992659               0.01 Joules power/energy-pkg/                                                     
     0.626992659               0.01 Joules power/energy-cores/                                                   
     0.626992659               0.00 Joules power/energy-ram/                                                     
     0.628132122               0.01 Joules power/energy-pkg/                                                     
     0.628132122               0.01 Joules power/energy-cores/                                                   
     0.628132122               0.00 Joules power/energy-ram/                                                     
     0.629282714               0.01 Joules power/energy-pkg/                                                     
     0.629282714               0.01 Joules power/energy-cores/                                                   
     0.629282714               0.00 Joules power/energy-ram/                                                     
     0.630442116               0.01 Joules power/energy-pkg/                                                     
     0.630442116               0.01 Joules power/energy-cores/                                                   
     0.630442116               0.00 Joules power/energy-ram/                                                     
     0.631600596               0.01 Joules power/energy-pkg/                                                     
     0.631600596               0.01 Joules power/energy-cores/                                                   
     0.631600596               0.00 Joules power/energy-ram/                                                     
     0.632759621               0.02 Joules power/energy-pkg/                                                     
     0.632759621               0.01 Joules power/energy-cores/                                                   
     0.632759621               0.00 Joules power/energy-ram/                                                     
     0.633912645               0.01 Joules power/energy-pkg/                                                     
     0.633912645               0.01 Joules power/energy-cores/                                                   
     0.633912645               0.00 Joules power/energy-ram/                                                     
     0.635038946               0.01 Joules power/energy-pkg/                                                     
     0.635038946               0.01 Joules power/energy-cores/                                                   
     0.635038946               0.00 Joules power/energy-ram/                                                     
     0.636204026               0.01 Joules power/energy-pkg/                                                     
     0.636204026               0.01 Joules power/energy-cores/                                                   
     0.636204026               0.00 Joules power/energy-ram/                                                     
     0.637362534               0.01 Joules power/energy-pkg/                                                     
     0.637362534               0.01 Joules power/energy-cores/                                                   
     0.637362534               0.00 Joules power/energy-ram/                                                     
     0.638523278               0.01 Joules power/energy-pkg/                                                     
     0.638523278               0.01 Joules power/energy-cores/                                                   
     0.638523278               0.00 Joules power/energy-ram/                                                     
     0.639694562               0.01 Joules power/energy-pkg/                                                     
     0.639694562               0.01 Joules power/energy-cores/                                                   
     0.639694562               0.00 Joules power/energy-ram/                                                     
     0.640866761               0.01 Joules power/energy-pkg/                                                     
     0.640866761               0.01 Joules power/energy-cores/                                                   
     0.640866761               0.00 Joules power/energy-ram/                                                     
     0.642014083               0.01 Joules power/energy-pkg/                                                     
     0.642014083               0.01 Joules power/energy-cores/                                                   
     0.642014083               0.00 Joules power/energy-ram/                                                     
     0.643174028               0.01 Joules power/energy-pkg/                                                     
     0.643174028               0.01 Joules power/energy-cores/                                                   
     0.643174028               0.00 Joules power/energy-ram/                                                     
#           time             counts   unit events
     0.644345352               0.01 Joules power/energy-pkg/                                                     
     0.644345352               0.01 Joules power/energy-cores/                                                   
     0.644345352               0.00 Joules power/energy-ram/                                                     
     0.645521186               0.01 Joules power/energy-pkg/                                                     
     0.645521186               0.01 Joules power/energy-cores/                                                   
     0.645521186               0.00 Joules power/energy-ram/                                                     
     0.646707757               0.01 Joules power/energy-pkg/                                                     
     0.646707757               0.01 Joules power/energy-cores/                                                   
     0.646707757               0.00 Joules power/energy-ram/                                                     
     0.647903530               0.01 Joules power/energy-pkg/                                                     
     0.647903530               0.00 Joules power/energy-cores/                                                   
     0.647903530               0.00 Joules power/energy-ram/                                                     
     0.649069565               0.01 Joules power/energy-pkg/                                                     
     0.649069565               0.00 Joules power/energy-cores/                                                   
     0.649069565               0.00 Joules power/energy-ram/                                                     
     0.650246449               0.01 Joules power/energy-pkg/                                                     
     0.650246449               0.00 Joules power/energy-cores/                                                   
     0.650246449               0.00 Joules power/energy-ram/                                                     
     0.651436821               0.01 Joules power/energy-pkg/                                                     
     0.651436821               0.00 Joules power/energy-cores/                                                   
     0.651436821               0.00 Joules power/energy-ram/                                                     
     0.652625830               0.01 Joules power/energy-pkg/                                                     
     0.652625830               0.00 Joules power/energy-cores/                                                   
     0.652625830               0.00 Joules power/energy-ram/                                                     
     0.653814729               0.01 Joules power/energy-pkg/                                                     
     0.653814729               0.00 Joules power/energy-cores/                                                   
     0.653814729               0.00 Joules power/energy-ram/                                                     
     0.654977947               0.01 Joules power/energy-pkg/                                                     
     0.654977947               0.00 Joules power/energy-cores/                                                   
     0.654977947               0.00 Joules power/energy-ram/                                                     
     0.656154047               0.01 Joules power/energy-pkg/                                                     
     0.656154047               0.00 Joules power/energy-cores/                                                   
     0.656154047               0.00 Joules power/energy-ram/                                                     
     0.657342515               0.01 Joules power/energy-pkg/                                                     
     0.657342515               0.00 Joules power/energy-cores/                                                   
     0.657342515               0.00 Joules power/energy-ram/                                                     
     0.658530852               0.01 Joules power/energy-pkg/                                                     
     0.658530852               0.00 Joules power/energy-cores/                                                   
     0.658530852               0.00 Joules power/energy-ram/                                                     
     0.659718817               0.01 Joules power/energy-pkg/                                                     
     0.659718817               0.00 Joules power/energy-cores/                                                   
     0.659718817               0.00 Joules power/energy-ram/                                                     
     0.660912100               0.01 Joules power/energy-pkg/                                                     
     0.660912100               0.00 Joules power/energy-cores/                                                   
     0.660912100               0.00 Joules power/energy-ram/                                                     
     0.662067878               0.01 Joules power/energy-pkg/                                                     
     0.662067878               0.00 Joules power/energy-cores/                                                   
     0.662067878               0.00 Joules power/energy-ram/                                                     
     0.663251103               0.01 Joules power/energy-pkg/                                                     
     0.663251103               0.00 Joules power/energy-cores/                                                   
     0.663251103               0.00 Joules power/energy-ram/                                                     
     0.664438418               0.01 Joules power/energy-pkg/                                                     
     0.664438418               0.00 Joules power/energy-cores/                                                   
     0.664438418               0.00 Joules power/energy-ram/                                                     
     0.665626369               0.01 Joules power/energy-pkg/                                                     
     0.665626369               0.00 Joules power/energy-cores/                                                   
     0.665626369               0.00 Joules power/energy-ram/                                                     
     0.666814393               0.01 Joules power/energy-pkg/                                                     
     0.666814393               0.00 Joules power/energy-cores/                                                   
     0.666814393               0.00 Joules power/energy-ram/                                                     
     0.667983077               0.01 Joules power/energy-pkg/                                                     
     0.667983077               0.00 Joules power/energy-cores/                                                   
     0.667983077               0.00 Joules power/energy-ram/                                                     
     0.669161320               0.01 Joules power/energy-pkg/                                                     
     0.669161320               0.00 Joules power/energy-cores/                                                   
     0.669161320               0.00 Joules power/energy-ram/                                                     
     0.670349514               0.01 Joules power/energy-pkg/                                                     
     0.670349514               0.00 Joules power/energy-cores/                                                   
     0.670349514               0.00 Joules power/energy-ram/                                                     
     0.671537642               0.01 Joules power/energy-pkg/                                                     
     0.671537642               0.00 Joules power/energy-cores/                                                   
     0.671537642               0.00 Joules power/energy-ram/                                                     
     0.672726604               0.01 Joules power/energy-pkg/                                                     
     0.672726604               0.00 Joules power/energy-cores/                                                   
     0.672726604               0.00 Joules power/energy-ram/                                                     
     0.673918899               0.01 Joules power/energy-pkg/                                                     
     0.673918899               0.00 Joules power/energy-cores/                                                   
     0.673918899               0.00 Joules power/energy-ram/                                                     
#           time             counts   unit events
     0.675074494               0.01 Joules power/energy-pkg/                                                     
     0.675074494               0.00 Joules power/energy-cores/                                                   
     0.675074494               0.00 Joules power/energy-ram/                                                     
     0.676255551               0.01 Joules power/energy-pkg/                                                     
     0.676255551               0.00 Joules power/energy-cores/                                                   
     0.676255551               0.00 Joules power/energy-ram/                                                     
     0.677452530               0.01 Joules power/energy-pkg/                                                     
     0.677452530               0.00 Joules power/energy-cores/                                                   
     0.677452530               0.00 Joules power/energy-ram/                                                     
     0.678640266               0.01 Joules power/energy-pkg/                                                     
     0.678640266               0.00 Joules power/energy-cores/                                                   
     0.678640266               0.00 Joules power/energy-ram/                                                     
     0.679828463               0.01 Joules power/energy-pkg/                                                     
     0.679828463               0.00 Joules power/energy-cores/                                                   
     0.679828463               0.00 Joules power/energy-ram/                                                     
     0.680995573               0.01 Joules power/energy-pkg/                                                     
     0.680995573               0.00 Joules power/energy-cores/                                                   
     0.680995573               0.00 Joules power/energy-ram/                                                     
     0.682174121               0.01 Joules power/energy-pkg/                                                     
     0.682174121               0.00 Joules power/energy-cores/                                                   
     0.682174121               0.00 Joules power/energy-ram/                                                     
     0.683362351               0.01 Joules power/energy-pkg/                                                     
     0.683362351               0.00 Joules power/energy-cores/                                                   
     0.683362351               0.00 Joules power/energy-ram/                                                     
     0.684550753               0.01 Joules power/energy-pkg/                                                     
     0.684550753               0.00 Joules power/energy-cores/                                                   
     0.684550753               0.00 Joules power/energy-ram/                                                     
     0.685740067               0.01 Joules power/energy-pkg/                                                     
     0.685740067               0.00 Joules power/energy-cores/                                                   
     0.685740067               0.00 Joules power/energy-ram/                                                     
     0.686930190               0.01 Joules power/energy-pkg/                                                     
     0.686930190               0.00 Joules power/energy-cores/                                                   
     0.686930190               0.00 Joules power/energy-ram/                                                     
     0.688086138               0.01 Joules power/energy-pkg/                                                     
     0.688086138               0.00 Joules power/energy-cores/                                                   
     0.688086138               0.00 Joules power/energy-ram/                                                     
     0.689262539               0.01 Joules power/energy-pkg/                                                     
     0.689262539               0.00 Joules power/energy-cores/                                                   
     0.689262539               0.00 Joules power/energy-ram/                                                     
     0.690450056               0.01 Joules power/energy-pkg/                                                     
     0.690450056               0.00 Joules power/energy-cores/                                                   
     0.690450056               0.00 Joules power/energy-ram/                                                     
     0.691647571               0.01 Joules power/energy-pkg/                                                     
     0.691647571               0.00 Joules power/energy-cores/                                                   
     0.691647571               0.00 Joules power/energy-ram/                                                     
     0.692850452               0.01 Joules power/energy-pkg/                                                     
     0.692850452               0.00 Joules power/energy-cores/                                                   
     0.692850452               0.00 Joules power/energy-ram/                                                     
     0.694016541               0.01 Joules power/energy-pkg/                                                     
     0.694016541               0.00 Joules power/energy-cores/                                                   
     0.694016541               0.00 Joules power/energy-ram/                                                     
     0.695202084               0.01 Joules power/energy-pkg/                                                     
     0.695202084               0.00 Joules power/energy-cores/                                                   
     0.695202084               0.00 Joules power/energy-ram/                                                     
     0.696400884               0.01 Joules power/energy-pkg/                                                     
     0.696400884               0.00 Joules power/energy-cores/                                                   
     0.696400884               0.00 Joules power/energy-ram/                                                     
     0.697603580               0.01 Joules power/energy-pkg/                                                     
     0.697603580               0.00 Joules power/energy-cores/                                                   
     0.697603580               0.00 Joules power/energy-ram/                                                     
     0.698802574               0.01 Joules power/energy-pkg/                                                     
     0.698802574               0.00 Joules power/energy-cores/                                                   
     0.698802574               0.00 Joules power/energy-ram/                                                     
     0.699940361               0.01 Joules power/energy-pkg/                                                     
     0.699940361               0.00 Joules power/energy-cores/                                                   
     0.699940361               0.00 Joules power/energy-ram/                                                     
     0.701096625               0.01 Joules power/energy-pkg/                                                     
     0.701096625               0.00 Joules power/energy-cores/                                                   
     0.701096625               0.00 Joules power/energy-ram/                                                     
     0.702285535               0.01 Joules power/energy-pkg/                                                     
     0.702285535               0.00 Joules power/energy-cores/                                                   
     0.702285535               0.00 Joules power/energy-ram/                                                     
     0.703486727               0.01 Joules power/energy-pkg/                                                     
     0.703486727               0.00 Joules power/energy-cores/                                                   
     0.703486727               0.00 Joules power/energy-ram/                                                     
     0.704687673               0.01 Joules power/energy-pkg/                                                     
     0.704687673               0.00 Joules power/energy-cores/                                                   
     0.704687673               0.00 Joules power/energy-ram/                                                     
#           time             counts   unit events
     0.705901433               0.01 Joules power/energy-pkg/                                                     
     0.705901433               0.00 Joules power/energy-cores/                                                   
     0.705901433               0.00 Joules power/energy-ram/                                                     
     0.707061754               0.01 Joules power/energy-pkg/                                                     
     0.707061754               0.00 Joules power/energy-cores/                                                   
     0.707061754               0.00 Joules power/energy-ram/                                                     
     0.708245181               0.01 Joules power/energy-pkg/                                                     
     0.708245181               0.00 Joules power/energy-cores/                                                   
     0.708245181               0.00 Joules power/energy-ram/                                                     
     0.709442892               0.01 Joules power/energy-pkg/                                                     
     0.709442892               0.00 Joules power/energy-cores/                                                   
     0.709442892               0.00 Joules power/energy-ram/                                                     
     0.710640902               0.01 Joules power/energy-pkg/                                                     
     0.710640902               0.00 Joules power/energy-cores/                                                   
     0.710640902               0.00 Joules power/energy-ram/                                                     
     0.711838345               0.01 Joules power/energy-pkg/                                                     
     0.711838345               0.00 Joules power/energy-cores/                                                   
     0.711838345               0.00 Joules power/energy-ram/                                                     
     0.713002818               0.01 Joules power/energy-pkg/                                                     
     0.713002818               0.00 Joules power/energy-cores/                                                   
     0.713002818               0.00 Joules power/energy-ram/                                                     
     0.714190004               0.01 Joules power/energy-pkg/                                                     
     0.714190004               0.00 Joules power/energy-cores/                                                   
     0.714190004               0.00 Joules power/energy-ram/                                                     
     0.715391828               0.01 Joules power/energy-pkg/                                                     
     0.715391828               0.00 Joules power/energy-cores/                                                   
     0.715391828               0.00 Joules power/energy-ram/                                                     
     0.716591752               0.01 Joules power/energy-pkg/                                                     
     0.716591752               0.00 Joules power/energy-cores/                                                   
     0.716591752               0.00 Joules power/energy-ram/                                                     
     0.717789554               0.01 Joules power/energy-pkg/                                                     
     0.717789554               0.00 Joules power/energy-cores/                                                   
     0.717789554               0.00 Joules power/energy-ram/                                                     
     0.718940596               0.01 Joules power/energy-pkg/                                                     
     0.718940596               0.00 Joules power/energy-cores/                                                   
     0.718940596               0.00 Joules power/energy-ram/                                                     
     0.720151408               0.01 Joules power/energy-pkg/                                                     
     0.720151408               0.00 Joules power/energy-cores/                                                   
     0.720151408               0.00 Joules power/energy-ram/                                                     
     0.721366112               0.01 Joules power/energy-pkg/                                                     
     0.721366112               0.00 Joules power/energy-cores/                                                   
     0.721366112               0.00 Joules power/energy-ram/                                                     
     0.722579070               0.01 Joules power/energy-pkg/                                                     
     0.722579070               0.00 Joules power/energy-cores/                                                   
     0.722579070               0.00 Joules power/energy-ram/                                                     
     0.723792573               0.01 Joules power/energy-pkg/                                                     
     0.723792573               0.00 Joules power/energy-cores/                                                   
     0.723792573               0.00 Joules power/energy-ram/                                                     
     0.724935763               0.01 Joules power/energy-pkg/                                                     
     0.724935763               0.00 Joules power/energy-cores/                                                   
     0.724935763               0.00 Joules power/energy-ram/                                                     
     0.726105791               0.01 Joules power/energy-pkg/                                                     
     0.726105791               0.00 Joules power/energy-cores/                                                   
     0.726105791               0.00 Joules power/energy-ram/                                                     
     0.727305482               0.01 Joules power/energy-pkg/                                                     
     0.727305482               0.00 Joules power/energy-cores/                                                   
     0.727305482               0.00 Joules power/energy-ram/                                                     
     0.728518707               0.01 Joules power/energy-pkg/                                                     
     0.728518707               0.00 Joules power/energy-cores/                                                   
     0.728518707               0.00 Joules power/energy-ram/                                                     
     0.729735319               0.01 Joules power/energy-pkg/                                                     
     0.729735319               0.00 Joules power/energy-cores/                                                   
     0.729735319               0.00 Joules power/energy-ram/                                                     
     0.730941080               0.01 Joules power/energy-pkg/                                                     
     0.730941080               0.00 Joules power/energy-cores/                                                   
     0.730941080               0.00 Joules power/energy-ram/                                                     
     0.732110449               0.01 Joules power/energy-pkg/                                                     
     0.732110449               0.00 Joules power/energy-cores/                                                   
     0.732110449               0.00 Joules power/energy-ram/                                                     
     0.733311105               0.01 Joules power/energy-pkg/                                                     
     0.733311105               0.00 Joules power/energy-cores/                                                   
     0.733311105               0.00 Joules power/energy-ram/                                                     
     0.734539041               0.01 Joules power/energy-pkg/                                                     
     0.734539041               0.00 Joules power/energy-cores/                                                   
     0.734539041               0.00 Joules power/energy-ram/                                                     
     0.735752313               0.01 Joules power/energy-pkg/                                                     
     0.735752313               0.00 Joules power/energy-cores/                                                   
     0.735752313               0.00 Joules power/energy-ram/                                                     
#           time             counts   unit events
     0.736935859               0.01 Joules power/energy-pkg/                                                     
     0.736935859               0.00 Joules power/energy-cores/                                                   
     0.736935859               0.00 Joules power/energy-ram/                                                     
     0.738111667               0.01 Joules power/energy-pkg/                                                     
     0.738111667               0.00 Joules power/energy-cores/                                                   
     0.738111667               0.00 Joules power/energy-ram/                                                     
     0.739308740               0.01 Joules power/energy-pkg/                                                     
     0.739308740               0.00 Joules power/energy-cores/                                                   
     0.739308740               0.00 Joules power/energy-ram/                                                     
     0.740524604               0.01 Joules power/energy-pkg/                                                     
     0.740524604               0.00 Joules power/energy-cores/                                                   
     0.740524604               0.00 Joules power/energy-ram/                                                     
     0.741738943               0.01 Joules power/energy-pkg/                                                     
     0.741738943               0.00 Joules power/energy-cores/                                                   
     0.741738943               0.00 Joules power/energy-ram/                                                     
     0.742940380               0.01 Joules power/energy-pkg/                                                     
     0.742940380               0.00 Joules power/energy-cores/                                                   
     0.742940380               0.00 Joules power/energy-ram/                                                     
     0.744110113               0.01 Joules power/energy-pkg/                                                     
     0.744110113               0.00 Joules power/energy-cores/                                                   
     0.744110113               0.00 Joules power/energy-ram/                                                     
     0.745309088               0.01 Joules power/energy-pkg/                                                     
     0.745309088               0.00 Joules power/energy-cores/                                                   
     0.745309088               0.00 Joules power/energy-ram/                                                     
     0.746522269               0.01 Joules power/energy-pkg/                                                     
     0.746522269               0.00 Joules power/energy-cores/                                                   
     0.746522269               0.00 Joules power/energy-ram/                                                     
     0.747735564               0.01 Joules power/energy-pkg/                                                     
     0.747735564               0.00 Joules power/energy-cores/                                                   
     0.747735564               0.00 Joules power/energy-ram/                                                     
     0.748936701               0.01 Joules power/energy-pkg/                                                     
     0.748936701               0.00 Joules power/energy-cores/                                                   
     0.748936701               0.00 Joules power/energy-ram/                                                     
     0.750106677               0.01 Joules power/energy-pkg/                                                     
     0.750106677               0.00 Joules power/energy-cores/                                                   
     0.750106677               0.00 Joules power/energy-ram/                                                     
     0.751306966               0.01 Joules power/energy-pkg/                                                     
     0.751306966               0.00 Joules power/energy-cores/                                                   
     0.751306966               0.00 Joules power/energy-ram/                                                     
     0.752520350               0.01 Joules power/energy-pkg/                                                     
     0.752520350               0.00 Joules power/energy-cores/                                                   
     0.752520350               0.00 Joules power/energy-ram/                                                     
     0.753733843               0.01 Joules power/energy-pkg/                                                     
     0.753733843               0.00 Joules power/energy-cores/                                                   
     0.753733843               0.00 Joules power/energy-ram/                                                     
     0.754941081               0.01 Joules power/energy-pkg/                                                     
     0.754941081               0.00 Joules power/energy-cores/                                                   
     0.754941081               0.00 Joules power/energy-ram/                                                     
     0.756111022               0.01 Joules power/energy-pkg/                                                     
     0.756111022               0.00 Joules power/energy-cores/                                                   
     0.756111022               0.00 Joules power/energy-ram/                                                     
     0.757312443               0.01 Joules power/energy-pkg/                                                     
     0.757312443               0.00 Joules power/energy-cores/                                                   
     0.757312443               0.00 Joules power/energy-ram/                                                     
     0.758528084               0.01 Joules power/energy-pkg/                                                     
     0.758528084               0.00 Joules power/energy-cores/                                                   
     0.758528084               0.00 Joules power/energy-ram/                                                     
     0.759740644               0.01 Joules power/energy-pkg/                                                     
     0.759740644               0.00 Joules power/energy-cores/                                                   
     0.759740644               0.00 Joules power/energy-ram/                                                     
     0.760943375               0.01 Joules power/energy-pkg/                                                     
     0.760943375               0.00 Joules power/energy-cores/                                                   
     0.760943375               0.00 Joules power/energy-ram/                                                     
     0.762149235               0.01 Joules power/energy-pkg/                                                     
     0.762149235               0.00 Joules power/energy-cores/                                                   
     0.762149235               0.00 Joules power/energy-ram/                                                     
     0.763372818               0.01 Joules power/energy-pkg/                                                     
     0.763372818               0.00 Joules power/energy-cores/                                                   
     0.763372818               0.00 Joules power/energy-ram/                                                     
     0.764589071               0.01 Joules power/energy-pkg/                                                     
     0.764589071               0.00 Joules power/energy-cores/                                                   
     0.764589071               0.00 Joules power/energy-ram/                                                     
     0.765802099               0.01 Joules power/energy-pkg/                                                     
     0.765802099               0.00 Joules power/energy-cores/                                                   
     0.765802099               0.00 Joules power/energy-ram/                                                     
     0.766980633               0.01 Joules power/energy-pkg/                                                     
     0.766980633               0.00 Joules power/energy-cores/                                                   
     0.766980633               0.00 Joules power/energy-ram/                                                     
#           time             counts   unit events
     0.768179836               0.01 Joules power/energy-pkg/                                                     
     0.768179836               0.00 Joules power/energy-cores/                                                   
     0.768179836               0.00 Joules power/energy-ram/                                                     
     0.769398293               0.01 Joules power/energy-pkg/                                                     
     0.769398293               0.00 Joules power/energy-cores/                                                   
     0.769398293               0.00 Joules power/energy-ram/                                                     
     0.770611596               0.01 Joules power/energy-pkg/                                                     
     0.770611596               0.00 Joules power/energy-cores/                                                   
     0.770611596               0.00 Joules power/energy-ram/                                                     
     0.771824297               0.01 Joules power/energy-pkg/                                                     
     0.771824297               0.00 Joules power/energy-cores/                                                   
     0.771824297               0.00 Joules power/energy-ram/                                                     
     0.773004480               0.01 Joules power/energy-pkg/                                                     
     0.773004480               0.00 Joules power/energy-cores/                                                   
     0.773004480               0.00 Joules power/energy-ram/                                                     
     0.774204154               0.01 Joules power/energy-pkg/                                                     
     0.774204154               0.00 Joules power/energy-cores/                                                   
     0.774204154               0.00 Joules power/energy-ram/                                                     
     0.775417088               0.01 Joules power/energy-pkg/                                                     
     0.775417088               0.00 Joules power/energy-cores/                                                   
     0.775417088               0.00 Joules power/energy-ram/                                                     
     0.776630512               0.01 Joules power/energy-pkg/                                                     
     0.776630512               0.00 Joules power/energy-cores/                                                   
     0.776630512               0.00 Joules power/energy-ram/                                                     
     0.777858505               0.01 Joules power/energy-pkg/                                                     
     0.777858505               0.00 Joules power/energy-cores/                                                   
     0.777858505               0.00 Joules power/energy-ram/                                                     
     0.779033577               0.01 Joules power/energy-pkg/                                                     
     0.779033577               0.00 Joules power/energy-cores/                                                   
     0.779033577               0.00 Joules power/energy-ram/                                                     
     0.780247779               0.01 Joules power/energy-pkg/                                                     
     0.780247779               0.00 Joules power/energy-cores/                                                   
     0.780247779               0.00 Joules power/energy-ram/                                                     
     0.781461725               0.01 Joules power/energy-pkg/                                                     
     0.781461725               0.00 Joules power/energy-cores/                                                   
     0.781461725               0.00 Joules power/energy-ram/                                                     
     0.782678475               0.01 Joules power/energy-pkg/                                                     
     0.782678475               0.00 Joules power/energy-cores/                                                   
     0.782678475               0.00 Joules power/energy-ram/                                                     
     0.783894914               0.01 Joules power/energy-pkg/                                                     
     0.783894914               0.00 Joules power/energy-cores/                                                   
     0.783894914               0.00 Joules power/energy-ram/                                                     
     0.785064648               0.01 Joules power/energy-pkg/                                                     
     0.785064648               0.00 Joules power/energy-cores/                                                   
     0.785064648               0.00 Joules power/energy-ram/                                                     
     0.786278380               0.01 Joules power/energy-pkg/                                                     
     0.786278380               0.00 Joules power/energy-cores/                                                   
     0.786278380               0.00 Joules power/energy-ram/                                                     
     0.787491644               0.01 Joules power/energy-pkg/                                                     
     0.787491644               0.00 Joules power/energy-cores/                                                   
     0.787491644               0.00 Joules power/energy-ram/                                                     
     0.788705530               0.01 Joules power/energy-pkg/                                                     
     0.788705530               0.00 Joules power/energy-cores/                                                   
     0.788705530               0.00 Joules power/energy-ram/                                                     
     0.789923398               0.01 Joules power/energy-pkg/                                                     
     0.789923398               0.00 Joules power/energy-cores/                                                   
     0.789923398               0.00 Joules power/energy-ram/                                                     
     0.791092044               0.01 Joules power/energy-pkg/                                                     
     0.791092044               0.00 Joules power/energy-cores/                                                   
     0.791092044               0.00 Joules power/energy-ram/                                                     
     0.792315894               0.01 Joules power/energy-pkg/                                                     
     0.792315894               0.00 Joules power/energy-cores/                                                   
     0.792315894               0.00 Joules power/energy-ram/                                                     
     0.793528486               0.01 Joules power/energy-pkg/                                                     
     0.793528486               0.00 Joules power/energy-cores/                                                   
     0.793528486               0.00 Joules power/energy-ram/                                                     
     0.794742005               0.01 Joules power/energy-pkg/                                                     
     0.794742005               0.00 Joules power/energy-cores/                                                   
     0.794742005               0.00 Joules power/energy-ram/                                                     
     0.795936510               0.01 Joules power/energy-pkg/                                                     
     0.795936510               0.00 Joules power/energy-cores/                                                   
     0.795936510               0.00 Joules power/energy-ram/                                                     
     0.797105876               0.01 Joules power/energy-pkg/                                                     
     0.797105876               0.00 Joules power/energy-cores/                                                   
     0.797105876               0.00 Joules power/energy-ram/                                                     
     0.798305969               0.01 Joules power/energy-pkg/                                                     
     0.798305969               0.00 Joules power/energy-cores/                                                   
     0.798305969               0.00 Joules power/energy-ram/                                                     
#           time             counts   unit events
     0.799520195               0.01 Joules power/energy-pkg/                                                     
     0.799520195               0.00 Joules power/energy-cores/                                                   
     0.799520195               0.00 Joules power/energy-ram/                                                     
     0.800739684               0.01 Joules power/energy-pkg/                                                     
     0.800739684               0.00 Joules power/energy-cores/                                                   
     0.800739684               0.00 Joules power/energy-ram/                                                     
     0.801935941               0.01 Joules power/energy-pkg/                                                     
     0.801935941               0.00 Joules power/energy-cores/                                                   
     0.801935941               0.00 Joules power/energy-ram/                                                     
     0.803104553               0.01 Joules power/energy-pkg/                                                     
     0.803104553               0.00 Joules power/energy-cores/                                                   
     0.803104553               0.00 Joules power/energy-ram/                                                     
     0.804318260               0.01 Joules power/energy-pkg/                                                     
     0.804318260               0.00 Joules power/energy-cores/                                                   
     0.804318260               0.00 Joules power/energy-ram/                                                     
     0.805538973               0.01 Joules power/energy-pkg/                                                     
     0.805538973               0.00 Joules power/energy-cores/                                                   
     0.805538973               0.00 Joules power/energy-ram/                                                     
     0.806752654               0.01 Joules power/energy-pkg/                                                     
     0.806752654               0.00 Joules power/energy-cores/                                                   
     0.806752654               0.00 Joules power/energy-ram/                                                     
     0.807936220               0.01 Joules power/energy-pkg/                                                     
     0.807936220               0.00 Joules power/energy-cores/                                                   
     0.807936220               0.00 Joules power/energy-ram/                                                     
     0.809104937               0.01 Joules power/energy-pkg/                                                     
     0.809104937               0.00 Joules power/energy-cores/                                                   
     0.809104937               0.00 Joules power/energy-ram/                                                     
     0.810306098               0.01 Joules power/energy-pkg/                                                     
     0.810306098               0.00 Joules power/energy-cores/                                                   
     0.810306098               0.00 Joules power/energy-ram/                                                     
     0.811521687               0.01 Joules power/energy-pkg/                                                     
     0.811521687               0.00 Joules power/energy-cores/                                                   
     0.811521687               0.00 Joules power/energy-ram/                                                     
     0.812736794               0.01 Joules power/energy-pkg/                                                     
     0.812736794               0.00 Joules power/energy-cores/                                                   
     0.812736794               0.00 Joules power/energy-ram/                                                     
     0.813935984               0.01 Joules power/energy-pkg/                                                     
     0.813935984               0.00 Joules power/energy-cores/                                                   
     0.813935984               0.00 Joules power/energy-ram/                                                     
     0.815104744               0.01 Joules power/energy-pkg/                                                     
     0.815104744               0.00 Joules power/energy-cores/                                                   
     0.815104744               0.00 Joules power/energy-ram/                                                     
     0.816318339               0.01 Joules power/energy-pkg/                                                     
     0.816318339               0.00 Joules power/energy-cores/                                                   
     0.816318339               0.00 Joules power/energy-ram/                                                     
     0.817538218               0.01 Joules power/energy-pkg/                                                     
     0.817538218               0.00 Joules power/energy-cores/                                                   
     0.817538218               0.00 Joules power/energy-ram/                                                     
     0.818736021               0.01 Joules power/energy-pkg/                                                     
     0.818736021               0.00 Joules power/energy-cores/                                                   
     0.818736021               0.00 Joules power/energy-ram/                                                     
     0.819919641               0.01 Joules power/energy-pkg/                                                     
     0.819919641               0.00 Joules power/energy-cores/                                                   
     0.819919641               0.00 Joules power/energy-ram/                                                     
     0.821064795               0.01 Joules power/energy-pkg/                                                     
     0.821064795               0.00 Joules power/energy-cores/                                                   
     0.821064795               0.00 Joules power/energy-ram/                                                     
     0.822241969               0.01 Joules power/energy-pkg/                                                     
     0.822241969               0.00 Joules power/energy-cores/                                                   
     0.822241969               0.00 Joules power/energy-ram/                                                     
     0.823419003               0.01 Joules power/energy-pkg/                                                     
     0.823419003               0.00 Joules power/energy-cores/                                                   
     0.823419003               0.00 Joules power/energy-ram/                                                     
     0.824595881               0.01 Joules power/energy-pkg/                                                     
     0.824595881               0.00 Joules power/energy-cores/                                                   
     0.824595881               0.00 Joules power/energy-ram/                                                     
     0.825772804               0.01 Joules power/energy-pkg/                                                     
     0.825772804               0.00 Joules power/energy-cores/                                                   
     0.825772804               0.00 Joules power/energy-ram/                                                     
     0.826920620               0.01 Joules power/energy-pkg/                                                     
     0.826920620               0.00 Joules power/energy-cores/                                                   
     0.826920620               0.00 Joules power/energy-ram/                                                     
     0.828049716               0.01 Joules power/energy-pkg/                                                     
     0.828049716               0.01 Joules power/energy-cores/                                                   
     0.828049716               0.00 Joules power/energy-ram/                                                     
     0.829204323               0.01 Joules power/energy-pkg/                                                     
     0.829204323               0.01 Joules power/energy-cores/                                                   
     0.829204323               0.00 Joules power/energy-ram/                                                     
#           time             counts   unit events
     0.830367449               0.01 Joules power/energy-pkg/                                                     
     0.830367449               0.01 Joules power/energy-cores/                                                   
     0.830367449               0.00 Joules power/energy-ram/                                                     
     0.831534216               0.01 Joules power/energy-pkg/                                                     
     0.831534216               0.01 Joules power/energy-cores/                                                   
     0.831534216               0.00 Joules power/energy-ram/                                                     
     0.832697905               0.02 Joules power/energy-pkg/                                                     
     0.832697905               0.01 Joules power/energy-cores/                                                   
     0.832697905               0.00 Joules power/energy-ram/                                                     
     0.833869745               0.01 Joules power/energy-pkg/                                                     
     0.833869745               0.01 Joules power/energy-cores/                                                   
     0.833869745               0.00 Joules power/energy-ram/                                                     
     0.835006508               0.01 Joules power/energy-pkg/                                                     
     0.835006508               0.01 Joules power/energy-cores/                                                   
     0.835006508               0.00 Joules power/energy-ram/                                                     
     0.836160159               0.01 Joules power/energy-pkg/                                                     
     0.836160159               0.01 Joules power/energy-cores/                                                   
     0.836160159               0.00 Joules power/energy-ram/                                                     
     0.837314130               0.01 Joules power/energy-pkg/                                                     
     0.837314130               0.01 Joules power/energy-cores/                                                   
     0.837314130               0.00 Joules power/energy-ram/                                                     
     0.838463670               0.01 Joules power/energy-pkg/                                                     
     0.838463670               0.01 Joules power/energy-cores/                                                   
     0.838463670               0.00 Joules power/energy-ram/                                                     
     0.839616848               0.01 Joules power/energy-pkg/                                                     
     0.839616848               0.01 Joules power/energy-cores/                                                   
     0.839616848               0.00 Joules power/energy-ram/                                                     
     0.840768322               0.02 Joules power/energy-pkg/                                                     
     0.840768322               0.01 Joules power/energy-cores/                                                   
     0.840768322               0.00 Joules power/energy-ram/                                                     
     0.841917291               0.01 Joules power/energy-pkg/                                                     
     0.841917291               0.01 Joules power/energy-cores/                                                   
     0.841917291               0.00 Joules power/energy-ram/                                                     
     0.843034131               0.01 Joules power/energy-pkg/                                                     
     0.843034131               0.01 Joules power/energy-cores/                                                   
     0.843034131               0.00 Joules power/energy-ram/                                                     
     0.844176214               0.01 Joules power/energy-pkg/                                                     
     0.844176214               0.01 Joules power/energy-cores/                                                   
     0.844176214               0.00 Joules power/energy-ram/                                                     
     0.845325323               0.01 Joules power/energy-pkg/                                                     
     0.845325323               0.01 Joules power/energy-cores/                                                   
     0.845325323               0.00 Joules power/energy-ram/                                                     
     0.846467167               0.01 Joules power/energy-pkg/                                                     
     0.846467167               0.01 Joules power/energy-cores/                                                   
     0.846467167               0.00 Joules power/energy-ram/                                                     
     0.847616872               0.01 Joules power/energy-pkg/                                                     
     0.847616872               0.01 Joules power/energy-cores/                                                   
     0.847616872               0.00 Joules power/energy-ram/                                                     
     0.848758577               0.02 Joules power/energy-pkg/                                                     
     0.848758577               0.01 Joules power/energy-cores/                                                   
     0.848758577               0.00 Joules power/energy-ram/                                                     
     0.849899181               0.01 Joules power/energy-pkg/                                                     
     0.849899181               0.01 Joules power/energy-cores/                                                   
     0.849899181               0.00 Joules power/energy-ram/                                                     
     0.851007284               0.01 Joules power/energy-pkg/                                                     
     0.851007284               0.01 Joules power/energy-cores/                                                   
     0.851007284               0.00 Joules power/energy-ram/                                                     
     0.852140643               0.01 Joules power/energy-pkg/                                                     
     0.852140643               0.01 Joules power/energy-cores/                                                   
     0.852140643               0.00 Joules power/energy-ram/                                                     
     0.853283067               0.01 Joules power/energy-pkg/                                                     
     0.853283067               0.01 Joules power/energy-cores/                                                   
     0.853283067               0.00 Joules power/energy-ram/                                                     
     0.854423393               0.01 Joules power/energy-pkg/                                                     
     0.854423393               0.01 Joules power/energy-cores/                                                   
     0.854423393               0.00 Joules power/energy-ram/                                                     
     0.855558192               0.01 Joules power/energy-pkg/                                                     
     0.855558192               0.01 Joules power/energy-cores/                                                   
     0.855558192               0.00 Joules power/energy-ram/                                                     
     0.856693157               0.03 Joules power/energy-pkg/                                                     
     0.856693157               0.01 Joules power/energy-cores/                                                   
     0.856693157               0.00 Joules power/energy-ram/                                                     
     0.857827850               0.01 Joules power/energy-pkg/                                                     
     0.857827850               0.01 Joules power/energy-cores/                                                   
     0.857827850               0.00 Joules power/energy-ram/                                                     
     0.858915411               0.01 Joules power/energy-pkg/                                                     
     0.858915411               0.01 Joules power/energy-cores/                                                   
     0.858915411               0.00 Joules power/energy-ram/                                                     
#           time             counts   unit events
     0.860017809               0.01 Joules power/energy-pkg/                                                     
     0.860017809               0.01 Joules power/energy-cores/                                                   
     0.860017809               0.00 Joules power/energy-ram/                                                     
     0.861153258               0.01 Joules power/energy-pkg/                                                     
     0.861153258               0.01 Joules power/energy-cores/                                                   
     0.861153258               0.00 Joules power/energy-ram/                                                     
     0.862288068               0.01 Joules power/energy-pkg/                                                     
     0.862288068               0.01 Joules power/energy-cores/                                                   
     0.862288068               0.00 Joules power/energy-ram/                                                     
     0.863418867               0.02 Joules power/energy-pkg/                                                     
     0.863418867               0.02 Joules power/energy-cores/                                                   
     0.863418867               0.00 Joules power/energy-ram/                                                     
     0.864547972               0.02 Joules power/energy-pkg/                                                     
     0.864547972               0.02 Joules power/energy-cores/                                                   
     0.864547972               0.00 Joules power/energy-ram/                                                     
     0.865678540               0.04 Joules power/energy-pkg/                                                     
     0.865678540               0.02 Joules power/energy-cores/                                                   
     0.865678540               0.00 Joules power/energy-ram/                                                     
     0.866807040               0.02 Joules power/energy-pkg/                                                     
     0.866807040               0.02 Joules power/energy-cores/                                                   
     0.866807040               0.00 Joules power/energy-ram/                                                     
     0.867912233               0.02 Joules power/energy-pkg/                                                     
     0.867912233               0.02 Joules power/energy-cores/                                                   
     0.867912233               0.00 Joules power/energy-ram/                                                     
     0.869009255               0.02 Joules power/energy-pkg/                                                     
     0.869009255               0.01 Joules power/energy-cores/                                                   
     0.869009255               0.00 Joules power/energy-ram/                                                     
     0.870130656               0.02 Joules power/energy-pkg/                                                     
     0.870130656               0.02 Joules power/energy-cores/                                                   
     0.870130656               0.00 Joules power/energy-ram/                                                     
     0.871259421               0.02 Joules power/energy-pkg/                                                     
     0.871259421               0.02 Joules power/energy-cores/                                                   
     0.871259421               0.00 Joules power/energy-ram/                                                     
     0.872394109               0.02 Joules power/energy-pkg/                                                     
     0.872394109               0.02 Joules power/energy-cores/                                                   
     0.872394109               0.00 Joules power/energy-ram/                                                     
     0.873525412               0.02 Joules power/energy-pkg/                                                     
     0.873525412               0.02 Joules power/energy-cores/                                                   
     0.873525412               0.00 Joules power/energy-ram/                                                     
     0.874660986               0.02 Joules power/energy-pkg/                                                     
     0.874660986               0.02 Joules power/energy-cores/                                                   
     0.874660986               0.00 Joules power/energy-ram/                                                     
     0.875795125               0.04 Joules power/energy-pkg/                                                     
     0.875795125               0.02 Joules power/energy-cores/                                                   
     0.875795125               0.00 Joules power/energy-ram/                                                     
     0.876916103               0.02 Joules power/energy-pkg/                                                     
     0.876916103               0.02 Joules power/energy-cores/                                                   
     0.876916103               0.00 Joules power/energy-ram/                                                     
     0.878027067               0.02 Joules power/energy-pkg/                                                     
     0.878027067               0.02 Joules power/energy-cores/                                                   
     0.878027067               0.00 Joules power/energy-ram/                                                     
     0.879150981               0.02 Joules power/energy-pkg/                                                     
     0.879150981               0.02 Joules power/energy-cores/                                                   
     0.879150981               0.00 Joules power/energy-ram/                                                     
     0.880287321               0.02 Joules power/energy-pkg/                                                     
     0.880287321               0.02 Joules power/energy-cores/                                                   
     0.880287321               0.00 Joules power/energy-ram/                                                     
     0.881419578               0.02 Joules power/energy-pkg/                                                     
     0.881419578               0.02 Joules power/energy-cores/                                                   
     0.881419578               0.00 Joules power/energy-ram/                                                     
     0.882551072               0.02 Joules power/energy-pkg/                                                     
     0.882551072               0.02 Joules power/energy-cores/                                                   
     0.882551072               0.00 Joules power/energy-ram/                                                     
     0.883683500               0.04 Joules power/energy-pkg/                                                     
     0.883683500               0.02 Joules power/energy-cores/                                                   
     0.883683500               0.00 Joules power/energy-ram/                                                     
     0.884814686               0.02 Joules power/energy-pkg/                                                     
     0.884814686               0.02 Joules power/energy-cores/                                                   
     0.884814686               0.00 Joules power/energy-ram/                                                     
     0.885918794               0.02 Joules power/energy-pkg/                                                     
     0.885918794               0.02 Joules power/energy-cores/                                                   
     0.885918794               0.00 Joules power/energy-ram/                                                     
     0.887029561               0.02 Joules power/energy-pkg/                                                     
     0.887029561               0.02 Joules power/energy-cores/                                                   
     0.887029561               0.00 Joules power/energy-ram/                                                     
     0.888160120               0.02 Joules power/energy-pkg/                                                     
     0.888160120               0.02 Joules power/energy-cores/                                                   
     0.888160120               0.00 Joules power/energy-ram/                                                     
#           time             counts   unit events
     0.889291623               0.02 Joules power/energy-pkg/                                                     
     0.889291623               0.02 Joules power/energy-cores/                                                   
     0.889291623               0.00 Joules power/energy-ram/                                                     
     0.890425596               0.02 Joules power/energy-pkg/                                                     
     0.890425596               0.02 Joules power/energy-cores/                                                   
     0.890425596               0.00 Joules power/energy-ram/                                                     
     0.891557454               0.02 Joules power/energy-pkg/                                                     
     0.891557454               0.02 Joules power/energy-cores/                                                   
     0.891557454               0.00 Joules power/energy-ram/                                                     
     0.892691416               0.04 Joules power/energy-pkg/                                                     
     0.892691416               0.02 Joules power/energy-cores/                                                   
     0.892691416               0.00 Joules power/energy-ram/                                                     
     0.893822921               0.02 Joules power/energy-pkg/                                                     
     0.893822921               0.02 Joules power/energy-cores/                                                   
     0.893822921               0.00 Joules power/energy-ram/                                                     
     0.894915873               0.02 Joules power/energy-pkg/                                                     
     0.894915873               0.02 Joules power/energy-cores/                                                   
     0.894915873               0.00 Joules power/energy-ram/                                                     
     0.896026886               0.02 Joules power/energy-pkg/                                                     
     0.896026886               0.02 Joules power/energy-cores/                                                   
     0.896026886               0.00 Joules power/energy-ram/                                                     
     0.897150246               0.02 Joules power/energy-pkg/                                                     
     0.897150246               0.02 Joules power/energy-cores/                                                   
     0.897150246               0.00 Joules power/energy-ram/                                                     
     0.898281391               0.02 Joules power/energy-pkg/                                                     
     0.898281391               0.02 Joules power/energy-cores/                                                   
     0.898281391               0.00 Joules power/energy-ram/                                                     
     0.899413155               0.02 Joules power/energy-pkg/                                                     
     0.899413155               0.02 Joules power/energy-cores/                                                   
     0.899413155               0.00 Joules power/energy-ram/                                                     
     0.900542279               0.02 Joules power/energy-pkg/                                                     
     0.900542279               0.02 Joules power/energy-cores/                                                   
     0.900542279               0.00 Joules power/energy-ram/                                                     
     0.901678116               0.04 Joules power/energy-pkg/                                                     
     0.901678116               0.02 Joules power/energy-cores/                                                   
     0.901678116               0.00 Joules power/energy-ram/                                                     
     0.902810165               0.02 Joules power/energy-pkg/                                                     
     0.902810165               0.02 Joules power/energy-cores/                                                   
     0.902810165               0.00 Joules power/energy-ram/                                                     
     0.903917183               0.02 Joules power/energy-pkg/                                                     
     0.903917183               0.02 Joules power/energy-cores/                                                   
     0.903917183               0.00 Joules power/energy-ram/                                                     
     0.905028233               0.02 Joules power/energy-pkg/                                                     
     0.905028233               0.02 Joules power/energy-cores/                                                   
     0.905028233               0.00 Joules power/energy-ram/                                                     
     0.906151851               0.02 Joules power/energy-pkg/                                                     
     0.906151851               0.02 Joules power/energy-cores/                                                   
     0.906151851               0.00 Joules power/energy-ram/                                                     
     0.907285605               0.02 Joules power/energy-pkg/                                                     
     0.907285605               0.02 Joules power/energy-cores/                                                   
     0.907285605               0.00 Joules power/energy-ram/                                                     
     0.908417234               0.02 Joules power/energy-pkg/                                                     
     0.908417234               0.02 Joules power/energy-cores/                                                   
     0.908417234               0.00 Joules power/energy-ram/                                                     
     0.909548721               0.02 Joules power/energy-pkg/                                                     
     0.909548721               0.02 Joules power/energy-cores/                                                   
     0.909548721               0.00 Joules power/energy-ram/                                                     
     0.910680174               0.04 Joules power/energy-pkg/                                                     
     0.910680174               0.02 Joules power/energy-cores/                                                   
     0.910680174               0.00 Joules power/energy-ram/                                                     
     0.911817717               0.02 Joules power/energy-pkg/                                                     
     0.911817717               0.02 Joules power/energy-cores/                                                   
     0.911817717               0.00 Joules power/energy-ram/                                                     
     0.912920015               0.02 Joules power/energy-pkg/                                                     
     0.912920015               0.02 Joules power/energy-cores/                                                   
     0.912920015               0.00 Joules power/energy-ram/                                                     
     0.914031175               0.02 Joules power/energy-pkg/                                                     
     0.914031175               0.02 Joules power/energy-cores/                                                   
     0.914031175               0.00 Joules power/energy-ram/                                                     
     0.915158355               0.02 Joules power/energy-pkg/                                                     
     0.915158355               0.02 Joules power/energy-cores/                                                   
     0.915158355               0.00 Joules power/energy-ram/                                                     
     0.916287537               0.02 Joules power/energy-pkg/                                                     
     0.916287537               0.02 Joules power/energy-cores/                                                   
     0.916287537               0.00 Joules power/energy-ram/                                                     
     0.917419385               0.02 Joules power/energy-pkg/                                                     
     0.917419385               0.02 Joules power/energy-cores/                                                   
     0.917419385               0.00 Joules power/energy-ram/                                                     
#           time             counts   unit events
     0.918548641               0.02 Joules power/energy-pkg/                                                     
     0.918548641               0.02 Joules power/energy-cores/                                                   
     0.918548641               0.00 Joules power/energy-ram/                                                     
     0.919682485               0.04 Joules power/energy-pkg/                                                     
     0.919682485               0.02 Joules power/energy-cores/                                                   
     0.919682485               0.00 Joules power/energy-ram/                                                     
     0.920814463               0.02 Joules power/energy-pkg/                                                     
     0.920814463               0.02 Joules power/energy-cores/                                                   
     0.920814463               0.00 Joules power/energy-ram/                                                     
     0.921916426               0.02 Joules power/energy-pkg/                                                     
     0.921916426               0.02 Joules power/energy-cores/                                                   
     0.921916426               0.00 Joules power/energy-ram/                                                     
     0.923027463               0.02 Joules power/energy-pkg/                                                     
     0.923027463               0.02 Joules power/energy-cores/                                                   
     0.923027463               0.00 Joules power/energy-ram/                                                     
     0.924140471               0.02 Joules power/energy-pkg/                                                     
     0.924140471               0.02 Joules power/energy-cores/                                                   
     0.924140471               0.00 Joules power/energy-ram/                                                     
     0.925261496               0.02 Joules power/energy-pkg/                                                     
     0.925261496               0.02 Joules power/energy-cores/                                                   
     0.925261496               0.00 Joules power/energy-ram/                                                     
     0.926382141               0.02 Joules power/energy-pkg/                                                     
     0.926382141               0.02 Joules power/energy-cores/                                                   
     0.926382141               0.00 Joules power/energy-ram/                                                     
     0.927502545               0.02 Joules power/energy-pkg/                                                     
     0.927502545               0.02 Joules power/energy-cores/                                                   
     0.927502545               0.00 Joules power/energy-ram/                                                     
     0.928628032               0.02 Joules power/energy-pkg/                                                     
     0.928628032               0.02 Joules power/energy-cores/                                                   
     0.928628032               0.00 Joules power/energy-ram/                                                     
     0.929748935               0.05 Joules power/energy-pkg/                                                     
     0.929748935               0.02 Joules power/energy-cores/                                                   
     0.929748935               0.00 Joules power/energy-ram/                                                     
     0.930869084               0.02 Joules power/energy-pkg/                                                     
     0.930869084               0.02 Joules power/energy-cores/                                                   
     0.930869084               0.00 Joules power/energy-ram/                                                     
     0.932002236               0.02 Joules power/energy-pkg/                                                     
     0.932002236               0.02 Joules power/energy-cores/                                                   
     0.932002236               0.00 Joules power/energy-ram/                                                     
     0.933115041               0.02 Joules power/energy-pkg/                                                     
     0.933115041               0.02 Joules power/energy-cores/                                                   
     0.933115041               0.00 Joules power/energy-ram/                                                     
     0.934235397               0.02 Joules power/energy-pkg/                                                     
     0.934235397               0.02 Joules power/energy-cores/                                                   
     0.934235397               0.00 Joules power/energy-ram/                                                     
     0.935355693               0.02 Joules power/energy-pkg/                                                     
     0.935355693               0.02 Joules power/energy-cores/                                                   
     0.935355693               0.00 Joules power/energy-ram/                                                     
     0.936476011               0.02 Joules power/energy-pkg/                                                     
     0.936476011               0.02 Joules power/energy-cores/                                                   
     0.936476011               0.00 Joules power/energy-ram/                                                     
     0.937596273               0.02 Joules power/energy-pkg/                                                     
     0.937596273               0.02 Joules power/energy-cores/                                                   
     0.937596273               0.00 Joules power/energy-ram/                                                     
     0.938722108               0.04 Joules power/energy-pkg/                                                     
     0.938722108               0.02 Joules power/energy-cores/                                                   
     0.938722108               0.00 Joules power/energy-ram/                                                     
     0.939842345               0.02 Joules power/energy-pkg/                                                     
     0.939842345               0.02 Joules power/energy-cores/                                                   
     0.939842345               0.00 Joules power/energy-ram/                                                     
     0.940962488               0.02 Joules power/energy-pkg/                                                     
     0.940962488               0.02 Joules power/energy-cores/                                                   
     0.940962488               0.00 Joules power/energy-ram/                                                     
     0.942062386               0.02 Joules power/energy-pkg/                                                     
     0.942062386               0.02 Joules power/energy-cores/                                                   
     0.942062386               0.00 Joules power/energy-ram/                                                     
     0.943174946               0.02 Joules power/energy-pkg/                                                     
     0.943174946               0.02 Joules power/energy-cores/                                                   
     0.943174946               0.00 Joules power/energy-ram/                                                     
     0.944298181               0.02 Joules power/energy-pkg/                                                     
     0.944298181               0.02 Joules power/energy-cores/                                                   
     0.944298181               0.00 Joules power/energy-ram/                                                     
     0.945418647               0.02 Joules power/energy-pkg/                                                     
     0.945418647               0.02 Joules power/energy-cores/                                                   
     0.945418647               0.00 Joules power/energy-ram/                                                     
     0.946541028               0.02 Joules power/energy-pkg/                                                     
     0.946541028               0.02 Joules power/energy-cores/                                                   
     0.946541028               0.00 Joules power/energy-ram/                                                     
#           time             counts   unit events
     0.947661791               0.04 Joules power/energy-pkg/                                                     
     0.947661791               0.02 Joules power/energy-cores/                                                   
     0.947661791               0.00 Joules power/energy-ram/                                                     
     0.948784518               0.02 Joules power/energy-pkg/                                                     
     0.948784518               0.02 Joules power/energy-cores/                                                   
     0.948784518               0.00 Joules power/energy-ram/                                                     
     0.949906184               0.02 Joules power/energy-pkg/                                                     
     0.949906184               0.02 Joules power/energy-cores/                                                   
     0.949906184               0.00 Joules power/energy-ram/                                                     
     0.951016985               0.02 Joules power/energy-pkg/                                                     
     0.951016985               0.02 Joules power/energy-cores/                                                   
     0.951016985               0.00 Joules power/energy-ram/                                                     
     0.952130297               0.02 Joules power/energy-pkg/                                                     
     0.952130297               0.02 Joules power/energy-cores/                                                   
     0.952130297               0.00 Joules power/energy-ram/                                                     
     0.953250972               0.02 Joules power/energy-pkg/                                                     
     0.953250972               0.02 Joules power/energy-cores/                                                   
     0.953250972               0.00 Joules power/energy-ram/                                                     
     0.954375502               0.02 Joules power/energy-pkg/                                                     
     0.954375502               0.02 Joules power/energy-cores/                                                   
     0.954375502               0.00 Joules power/energy-ram/                                                     
     0.955495991               0.02 Joules power/energy-pkg/                                                     
     0.955495991               0.02 Joules power/energy-cores/                                                   
     0.955495991               0.00 Joules power/energy-ram/                                                     
     0.956618590               0.02 Joules power/energy-pkg/                                                     
     0.956618590               0.02 Joules power/energy-cores/                                                   
     0.956618590               0.00 Joules power/energy-ram/                                                     
     0.957739235               0.04 Joules power/energy-pkg/                                                     
     0.957739235               0.02 Joules power/energy-cores/                                                   
     0.957739235               0.00 Joules power/energy-ram/                                                     
     0.958859382               0.02 Joules power/energy-pkg/                                                     
     0.958859382               0.02 Joules power/energy-cores/                                                   
     0.958859382               0.00 Joules power/energy-ram/                                                     
     0.959991646               0.02 Joules power/energy-pkg/                                                     
     0.959991646               0.02 Joules power/energy-cores/                                                   
     0.959991646               0.00 Joules power/energy-ram/                                                     
     0.961104217               0.02 Joules power/energy-pkg/                                                     
     0.961104217               0.02 Joules power/energy-cores/                                                   
     0.961104217               0.00 Joules power/energy-ram/                                                     
     0.962225651               0.02 Joules power/energy-pkg/                                                     
     0.962225651               0.02 Joules power/energy-cores/                                                   
     0.962225651               0.00 Joules power/energy-ram/                                                     
     0.963346451               0.02 Joules power/energy-pkg/                                                     
     0.963346451               0.02 Joules power/energy-cores/                                                   
     0.963346451               0.00 Joules power/energy-ram/                                                     
     0.964467209               0.02 Joules power/energy-pkg/                                                     
     0.964467209               0.02 Joules power/energy-cores/                                                   
     0.964467209               0.00 Joules power/energy-ram/                                                     
     0.965587748               0.02 Joules power/energy-pkg/                                                     
     0.965587748               0.02 Joules power/energy-cores/                                                   
     0.965587748               0.00 Joules power/energy-ram/                                                     
     0.966708423               0.05 Joules power/energy-pkg/                                                     
     0.966708423               0.02 Joules power/energy-cores/                                                   
     0.966708423               0.00 Joules power/energy-ram/                                                     
     0.967833583               0.02 Joules power/energy-pkg/                                                     
     0.967833583               0.02 Joules power/energy-cores/                                                   
     0.967833583               0.00 Joules power/energy-ram/                                                     
     0.968907379               0.02 Joules power/energy-pkg/                                                     
     0.968907379               0.02 Joules power/energy-cores/                                                   
     0.968907379               0.00 Joules power/energy-ram/                                                     
     0.970018559               0.02 Joules power/energy-pkg/                                                     
     0.970018559               0.02 Joules power/energy-cores/                                                   
     0.970018559               0.00 Joules power/energy-ram/                                                     
     0.971131432               0.02 Joules power/energy-pkg/                                                     
     0.971131432               0.02 Joules power/energy-cores/                                                   
     0.971131432               0.00 Joules power/energy-ram/                                                     
     0.972252823               0.02 Joules power/energy-pkg/                                                     
     0.972252823               0.02 Joules power/energy-cores/                                                   
     0.972252823               0.00 Joules power/energy-ram/                                                     
     0.973374776               0.02 Joules power/energy-pkg/                                                     
     0.973374776               0.02 Joules power/energy-cores/                                                   
     0.973374776               0.00 Joules power/energy-ram/                                                     
     0.974499824               0.02 Joules power/energy-pkg/                                                     
     0.974499824               0.02 Joules power/energy-cores/                                                   
     0.974499824               0.00 Joules power/energy-ram/                                                     
     0.975620084               0.02 Joules power/energy-pkg/                                                     
     0.975620084               0.02 Joules power/energy-cores/                                                   
     0.975620084               0.00 Joules power/energy-ram/                                                     
#           time             counts   unit events
     0.976744188               0.04 Joules power/energy-pkg/                                                     
     0.976744188               0.02 Joules power/energy-cores/                                                   
     0.976744188               0.00 Joules power/energy-ram/                                                     
     0.977866672               0.02 Joules power/energy-pkg/                                                     
     0.977866672               0.02 Joules power/energy-cores/                                                   
     0.977866672               0.00 Joules power/energy-ram/                                                     
     0.978999428               0.02 Joules power/energy-pkg/                                                     
     0.978999428               0.02 Joules power/energy-cores/                                                   
     0.978999428               0.00 Joules power/energy-ram/                                                     
     0.980112241               0.02 Joules power/energy-pkg/                                                     
     0.980112241               0.02 Joules power/energy-cores/                                                   
     0.980112241               0.00 Joules power/energy-ram/                                                     
     0.981237753               0.02 Joules power/energy-pkg/                                                     
     0.981237753               0.02 Joules power/energy-cores/                                                   
     0.981237753               0.00 Joules power/energy-ram/                                                     
     0.982358199               0.02 Joules power/energy-pkg/                                                     
     0.982358199               0.02 Joules power/energy-cores/                                                   
     0.982358199               0.00 Joules power/energy-ram/                                                     
     0.983479063               0.02 Joules power/energy-pkg/                                                     
     0.983479063               0.02 Joules power/energy-cores/                                                   
     0.983479063               0.00 Joules power/energy-ram/                                                     
     0.984599848               0.02 Joules power/energy-pkg/                                                     
     0.984599848               0.02 Joules power/energy-cores/                                                   
     0.984599848               0.00 Joules power/energy-ram/                                                     
     0.985719956               0.05 Joules power/energy-pkg/                                                     
     0.985719956               0.02 Joules power/energy-cores/                                                   
     0.985719956               0.00 Joules power/energy-ram/                                                     
     0.986840044               0.02 Joules power/energy-pkg/                                                     
     0.986840044               0.02 Joules power/energy-cores/                                                   
     0.986840044               0.00 Joules power/energy-ram/                                                     
     0.987959132               0.02 Joules power/energy-pkg/                                                     
     0.987959132               0.02 Joules power/energy-cores/                                                   
     0.987959132               0.00 Joules power/energy-ram/                                                     
     0.989055023               0.02 Joules power/energy-pkg/                                                     
     0.989055023               0.02 Joules power/energy-cores/                                                   
     0.989055023               0.00 Joules power/energy-ram/                                                     
     0.990172293               0.02 Joules power/energy-pkg/                                                     
     0.990172293               0.02 Joules power/energy-cores/                                                   
     0.990172293               0.00 Joules power/energy-ram/                                                     
     0.991292267               0.02 Joules power/energy-pkg/                                                     
     0.991292267               0.02 Joules power/energy-cores/                                                   
     0.991292267               0.00 Joules power/energy-ram/                                                     
     0.992412767               0.02 Joules power/energy-pkg/                                                     
     0.992412767               0.02 Joules power/energy-cores/                                                   
     0.992412767               0.00 Joules power/energy-ram/                                                     
     0.993533522               0.02 Joules power/energy-pkg/                                                     
     0.993533522               0.02 Joules power/energy-cores/                                                   
     0.993533522               0.00 Joules power/energy-ram/                                                     
     0.994657843               0.04 Joules power/energy-pkg/                                                     
     0.994657843               0.02 Joules power/energy-cores/                                                   
     0.994657843               0.00 Joules power/energy-ram/                                                     
     0.995778064               0.02 Joules power/energy-pkg/                                                     
     0.995778064               0.02 Joules power/energy-cores/                                                   
     0.995778064               0.00 Joules power/energy-ram/                                                     
     0.996920807               0.02 Joules power/energy-pkg/                                                     
     0.996920807               0.02 Joules power/energy-cores/                                                   
     0.996920807               0.00 Joules power/energy-ram/                                                     
     0.998032176               0.02 Joules power/energy-pkg/                                                     
     0.998032176               0.02 Joules power/energy-cores/                                                   
     0.998032176               0.00 Joules power/energy-ram/                                                     
     0.999144656               0.02 Joules power/energy-pkg/                                                     
     0.999144656               0.02 Joules power/energy-cores/                                                   
     0.999144656               0.00 Joules power/energy-ram/                                                     
     1.000265536               0.02 Joules power/energy-pkg/                                                     
     1.000265536               0.02 Joules power/energy-cores/                                                   
     1.000265536               0.00 Joules power/energy-ram/                                                     
     1.001385995               0.02 Joules power/energy-pkg/                                                     
     1.001385995               0.02 Joules power/energy-cores/                                                   
     1.001385995               0.00 Joules power/energy-ram/                                                     
     1.002506305               0.02 Joules power/energy-pkg/                                                     
     1.002506305               0.02 Joules power/energy-cores/                                                   
     1.002506305               0.00 Joules power/energy-ram/                                                     
     1.003626879               0.04 Joules power/energy-pkg/                                                     
     1.003626879               0.02 Joules power/energy-cores/                                                   
     1.003626879               0.00 Joules power/energy-ram/                                                     
     1.004747985               0.02 Joules power/energy-pkg/                                                     
     1.004747985               0.02 Joules power/energy-cores/                                                   
     1.004747985               0.00 Joules power/energy-ram/                                                     
#           time             counts   unit events
     1.005868519               0.02 Joules power/energy-pkg/                                                     
     1.005868519               0.02 Joules power/energy-cores/                                                   
     1.005868519               0.00 Joules power/energy-ram/                                                     
     1.007004339               0.02 Joules power/energy-pkg/                                                     
     1.007004339               0.02 Joules power/energy-cores/                                                   
     1.007004339               0.00 Joules power/energy-ram/                                                     
     1.008120978               0.02 Joules power/energy-pkg/                                                     
     1.008120978               0.02 Joules power/energy-cores/                                                   
     1.008120978               0.00 Joules power/energy-ram/                                                     
     1.009241441               0.02 Joules power/energy-pkg/                                                     
     1.009241441               0.02 Joules power/energy-cores/                                                   
     1.009241441               0.00 Joules power/energy-ram/                                                     
     1.010361813               0.02 Joules power/energy-pkg/                                                     
     1.010361813               0.02 Joules power/energy-cores/                                                   
     1.010361813               0.00 Joules power/energy-ram/                                                     
     1.011482006               0.02 Joules power/energy-pkg/                                                     
     1.011482006               0.02 Joules power/energy-cores/                                                   
     1.011482006               0.00 Joules power/energy-ram/                                                     
     1.012602092               0.02 Joules power/energy-pkg/                                                     
     1.012602092               0.02 Joules power/energy-cores/                                                   
     1.012602092               0.00 Joules power/energy-ram/                                                     
     1.013722276               0.05 Joules power/energy-pkg/                                                     
     1.013722276               0.02 Joules power/energy-cores/                                                   
     1.013722276               0.00 Joules power/energy-ram/                                                     
     1.014842556               0.02 Joules power/energy-pkg/                                                     
     1.014842556               0.02 Joules power/energy-cores/                                                   
     1.014842556               0.00 Joules power/energy-ram/                                                     
     1.015977143               0.02 Joules power/energy-pkg/                                                     
     1.015977143               0.02 Joules power/energy-cores/                                                   
     1.015977143               0.00 Joules power/energy-ram/                                                     
     1.017073137               0.02 Joules power/energy-pkg/                                                     
     1.017073137               0.02 Joules power/energy-cores/                                                   
     1.017073137               0.00 Joules power/energy-ram/                                                     
     1.018186379               0.02 Joules power/energy-pkg/                                                     
     1.018186379               0.02 Joules power/energy-cores/                                                   
     1.018186379               0.00 Joules power/energy-ram/                                                     
     1.019307451               0.02 Joules power/energy-pkg/                                                     
     1.019307451               0.02 Joules power/energy-cores/                                                   
     1.019307451               0.00 Joules power/energy-ram/                                                     
     1.020428061               0.02 Joules power/energy-pkg/                                                     
     1.020428061               0.02 Joules power/energy-cores/                                                   
     1.020428061               0.00 Joules power/energy-ram/                                                     
     1.021552476               0.02 Joules power/energy-pkg/                                                     
     1.021552476               0.02 Joules power/energy-cores/                                                   
     1.021552476               0.00 Joules power/energy-ram/                                                     
     1.022673815               0.05 Joules power/energy-pkg/                                                     
     1.022673815               0.02 Joules power/energy-cores/                                                   
     1.022673815               0.00 Joules power/energy-ram/                                                     
     1.023794120               0.02 Joules power/energy-pkg/                                                     
     1.023794120               0.02 Joules power/energy-cores/                                                   
     1.023794120               0.00 Joules power/energy-ram/                                                     
     1.024905630               0.02 Joules power/energy-pkg/                                                     
     1.024905630               0.02 Joules power/energy-cores/                                                   
     1.024905630               0.00 Joules power/energy-ram/                                                     
     1.026016854               0.02 Joules power/energy-pkg/                                                     
     1.026016854               0.02 Joules power/energy-cores/                                                   
     1.026016854               0.00 Joules power/energy-ram/                                                     
     1.027129717               0.02 Joules power/energy-pkg/                                                     
     1.027129717               0.02 Joules power/energy-cores/                                                   
     1.027129717               0.00 Joules power/energy-ram/                                                     
     1.028249992               0.02 Joules power/energy-pkg/                                                     
     1.028249992               0.02 Joules power/energy-cores/                                                   
     1.028249992               0.00 Joules power/energy-ram/                                                     
     1.029370771               0.02 Joules power/energy-pkg/                                                     
     1.029370771               0.02 Joules power/energy-cores/                                                   
     1.029370771               0.00 Joules power/energy-ram/                                                     
     1.030491085               0.02 Joules power/energy-pkg/                                                     
     1.030491085               0.02 Joules power/energy-cores/                                                   
     1.030491085               0.00 Joules power/energy-ram/                                                     
     1.031611629               0.02 Joules power/energy-pkg/                                                     
     1.031611629               0.02 Joules power/energy-cores/                                                   
     1.031611629               0.00 Joules power/energy-ram/                                                     
     1.032731766               0.05 Joules power/energy-pkg/                                                     
     1.032731766               0.02 Joules power/energy-cores/                                                   
     1.032731766               0.00 Joules power/energy-ram/                                                     
     1.033852735               0.02 Joules power/energy-pkg/                                                     
     1.033852735               0.02 Joules power/energy-cores/                                                   
     1.033852735               0.00 Joules power/energy-ram/                                                     
#           time             counts   unit events
     1.034990611               0.02 Joules power/energy-pkg/                                                     
     1.034990611               0.02 Joules power/energy-cores/                                                   
     1.034990611               0.00 Joules power/energy-ram/                                                     
     1.036105504               0.02 Joules power/energy-pkg/                                                     
     1.036105504               0.02 Joules power/energy-cores/                                                   
     1.036105504               0.00 Joules power/energy-ram/                                                     
     1.037225775               0.02 Joules power/energy-pkg/                                                     
     1.037225775               0.02 Joules power/energy-cores/                                                   
     1.037225775               0.00 Joules power/energy-ram/                                                     
     1.038345978               0.02 Joules power/energy-pkg/                                                     
     1.038345978               0.02 Joules power/energy-cores/                                                   
     1.038345978               0.00 Joules power/energy-ram/                                                     
     1.039469353               0.02 Joules power/energy-pkg/                                                     
     1.039469353               0.02 Joules power/energy-cores/                                                   
     1.039469353               0.00 Joules power/energy-ram/                                                     
     1.040589796               0.02 Joules power/energy-pkg/                                                     
     1.040589796               0.02 Joules power/energy-cores/                                                   
     1.040589796               0.00 Joules power/energy-ram/                                                     
     1.041710147               0.04 Joules power/energy-pkg/                                                     
     1.041710147               0.02 Joules power/energy-cores/                                                   
     1.041710147               0.00 Joules power/energy-ram/                                                     
     1.042830859               0.02 Joules power/energy-pkg/                                                     
     1.042830859               0.02 Joules power/energy-cores/                                                   
     1.042830859               0.00 Joules power/energy-ram/                                                     
     1.043907005               0.02 Joules power/energy-pkg/                                                     
     1.043907005               0.02 Joules power/energy-cores/                                                   
     1.043907005               0.00 Joules power/energy-ram/                                                     
     1.045018077               0.02 Joules power/energy-pkg/                                                     
     1.045018077               0.02 Joules power/energy-cores/                                                   
     1.045018077               0.00 Joules power/energy-ram/                                                     
     1.046132189               0.02 Joules power/energy-pkg/                                                     
     1.046132189               0.02 Joules power/energy-cores/                                                   
     1.046132189               0.00 Joules power/energy-ram/                                                     
     1.047252721               0.02 Joules power/energy-pkg/                                                     
     1.047252721               0.02 Joules power/energy-cores/                                                   
     1.047252721               0.00 Joules power/energy-ram/                                                     
     1.048377924               0.02 Joules power/energy-pkg/                                                     
     1.048377924               0.02 Joules power/energy-cores/                                                   
     1.048377924               0.00 Joules power/energy-ram/                                                     
     1.049499387               0.02 Joules power/energy-pkg/                                                     
     1.049499387               0.02 Joules power/energy-cores/                                                   
     1.049499387               0.00 Joules power/energy-ram/                                                     
     1.050620156               0.02 Joules power/energy-pkg/                                                     
     1.050620156               0.02 Joules power/energy-cores/                                                   
     1.050620156               0.00 Joules power/energy-ram/                                                     
     1.051740801               0.04 Joules power/energy-pkg/                                                     
     1.051740801               0.02 Joules power/energy-cores/                                                   
     1.051740801               0.00 Joules power/energy-ram/                                                     
     1.052861416               0.02 Joules power/energy-pkg/                                                     
     1.052861416               0.02 Joules power/energy-cores/                                                   
     1.052861416               0.00 Joules power/energy-ram/                                                     
     1.053994105               0.02 Joules power/energy-pkg/                                                     
     1.053994105               0.02 Joules power/energy-cores/                                                   
     1.053994105               0.00 Joules power/energy-ram/                                                     
     1.055107074               0.02 Joules power/energy-pkg/                                                     
     1.055107074               0.02 Joules power/energy-cores/                                                   
     1.055107074               0.00 Joules power/energy-ram/                                                     
     1.056229518               0.02 Joules power/energy-pkg/                                                     
     1.056229518               0.02 Joules power/energy-cores/                                                   
     1.056229518               0.00 Joules power/energy-ram/                                                     
     1.057350040               0.02 Joules power/energy-pkg/                                                     
     1.057350040               0.02 Joules power/energy-cores/                                                   
     1.057350040               0.00 Joules power/energy-ram/                                                     
     1.058470551               0.02 Joules power/energy-pkg/                                                     
     1.058470551               0.02 Joules power/energy-cores/                                                   
     1.058470551               0.00 Joules power/energy-ram/                                                     
     1.059591823               0.02 Joules power/energy-pkg/                                                     
     1.059591823               0.02 Joules power/energy-cores/                                                   
     1.059591823               0.00 Joules power/energy-ram/                                                     
     1.060713480               0.05 Joules power/energy-pkg/                                                     
     1.060713480               0.02 Joules power/energy-cores/                                                   
     1.060713480               0.00 Joules power/energy-ram/                                                     
     1.061837954               0.02 Joules power/energy-pkg/                                                     
     1.061837954               0.02 Joules power/energy-cores/                                                   
     1.061837954               0.00 Joules power/energy-ram/                                                     
     1.062909700               0.02 Joules power/energy-pkg/                                                     
     1.062909700               0.02 Joules power/energy-cores/                                                   
     1.062909700               0.00 Joules power/energy-ram/                                                     
#           time             counts   unit events
     1.064020748               0.02 Joules power/energy-pkg/                                                     
     1.064020748               0.02 Joules power/energy-cores/                                                   
     1.064020748               0.00 Joules power/energy-ram/                                                     
     1.065135966               0.02 Joules power/energy-pkg/                                                     
     1.065135966               0.02 Joules power/energy-cores/                                                   
     1.065135966               0.00 Joules power/energy-ram/                                                     
     1.066256252               0.02 Joules power/energy-pkg/                                                     
     1.066256252               0.02 Joules power/energy-cores/                                                   
     1.066256252               0.00 Joules power/energy-ram/                                                     
     1.067376713               0.02 Joules power/energy-pkg/                                                     
     1.067376713               0.02 Joules power/energy-cores/                                                   
     1.067376713               0.00 Joules power/energy-ram/                                                     
     1.068497263               0.02 Joules power/energy-pkg/                                                     
     1.068497263               0.02 Joules power/energy-cores/                                                   
     1.068497263               0.00 Joules power/energy-ram/                                                     
     1.069617615               0.02 Joules power/energy-pkg/                                                     
     1.069617615               0.02 Joules power/energy-cores/                                                   
     1.069617615               0.00 Joules power/energy-ram/                                                     
     1.070738370               0.05 Joules power/energy-pkg/                                                     
     1.070738370               0.02 Joules power/energy-cores/                                                   
     1.070738370               0.00 Joules power/energy-ram/                                                     
     1.071858749               0.02 Joules power/energy-pkg/                                                     
     1.071858749               0.02 Joules power/energy-cores/                                                   
     1.071858749               0.00 Joules power/energy-ram/                                                     
     1.072992260               0.02 Joules power/energy-pkg/                                                     
     1.072992260               0.02 Joules power/energy-cores/                                                   
     1.072992260               0.00 Joules power/energy-ram/                                                     
     1.074105254               0.02 Joules power/energy-pkg/                                                     
     1.074105254               0.02 Joules power/energy-cores/                                                   
     1.074105254               0.00 Joules power/energy-ram/                                                     
     1.075232032               0.02 Joules power/energy-pkg/                                                     
     1.075232032               0.02 Joules power/energy-cores/                                                   
     1.075232032               0.00 Joules power/energy-ram/                                                     
     1.076352508               0.02 Joules power/energy-pkg/                                                     
     1.076352508               0.02 Joules power/energy-cores/                                                   
     1.076352508               0.00 Joules power/energy-ram/                                                     
     1.077473015               0.02 Joules power/energy-pkg/                                                     
     1.077473015               0.02 Joules power/energy-cores/                                                   
     1.077473015               0.00 Joules power/energy-ram/                                                     
     1.078593276               0.02 Joules power/energy-pkg/                                                     
     1.078593276               0.02 Joules power/energy-cores/                                                   
     1.078593276               0.00 Joules power/energy-ram/                                                     
     1.079713821               0.04 Joules power/energy-pkg/                                                     
     1.079713821               0.02 Joules power/energy-cores/                                                   
     1.079713821               0.00 Joules power/energy-ram/                                                     
     1.080839257               0.02 Joules power/energy-pkg/                                                     
     1.080839257               0.02 Joules power/energy-cores/                                                   
     1.080839257               0.00 Joules power/energy-ram/                                                     
     1.081958475               0.02 Joules power/energy-pkg/                                                     
     1.081958475               0.02 Joules power/energy-cores/                                                   
     1.081958475               0.00 Joules power/energy-ram/                                                     
     1.083054506               0.02 Joules power/energy-pkg/                                                     
     1.083054506               0.02 Joules power/energy-cores/                                                   
     1.083054506               0.00 Joules power/energy-ram/                                                     
     1.084167114               0.02 Joules power/energy-pkg/                                                     
     1.084167114               0.02 Joules power/energy-cores/                                                   
     1.084167114               0.00 Joules power/energy-ram/                                                     
     1.085288669               0.02 Joules power/energy-pkg/                                                     
     1.085288669               0.02 Joules power/energy-cores/                                                   
     1.085288669               0.00 Joules power/energy-ram/                                                     
     1.086408856               0.02 Joules power/energy-pkg/                                                     
     1.086408856               0.02 Joules power/energy-cores/                                                   
     1.086408856               0.00 Joules power/energy-ram/                                                     
     1.087529385               0.02 Joules power/energy-pkg/                                                     
     1.087529385               0.02 Joules power/energy-cores/                                                   
     1.087529385               0.00 Joules power/energy-ram/                                                     
     1.088653569               0.04 Joules power/energy-pkg/                                                     
     1.088653569               0.02 Joules power/energy-cores/                                                   
     1.088653569               0.00 Joules power/energy-ram/                                                     
     1.089773943               0.02 Joules power/energy-pkg/                                                     
     1.089773943               0.02 Joules power/energy-cores/                                                   
     1.089773943               0.00 Joules power/energy-ram/                                                     
     1.090915017               0.02 Joules power/energy-pkg/                                                     
     1.090915017               0.02 Joules power/energy-cores/                                                   
     1.090915017               0.00 Joules power/energy-ram/                                                     
     1.092026678               0.02 Joules power/energy-pkg/                                                     
     1.092026678               0.02 Joules power/energy-cores/                                                   
     1.092026678               0.00 Joules power/energy-ram/                                                     
#           time             counts   unit events
     1.093139599               0.02 Joules power/energy-pkg/                                                     
     1.093139599               0.02 Joules power/energy-cores/                                                   
     1.093139599               0.00 Joules power/energy-ram/                                                     
     1.094262519               0.02 Joules power/energy-pkg/                                                     
     1.094262519               0.02 Joules power/energy-cores/                                                   
     1.094262519               0.00 Joules power/energy-ram/                                                     
     1.095383156               0.02 Joules power/energy-pkg/                                                     
     1.095383156               0.02 Joules power/energy-cores/                                                   
     1.095383156               0.00 Joules power/energy-ram/                                                     
     1.096503847               0.02 Joules power/energy-pkg/                                                     
     1.096503847               0.02 Joules power/energy-cores/                                                   
     1.096503847               0.00 Joules power/energy-ram/                                                     
     1.097624886               0.05 Joules power/energy-pkg/                                                     
     1.097624886               0.02 Joules power/energy-cores/                                                   
     1.097624886               0.00 Joules power/energy-ram/                                                     
     1.098745291               0.02 Joules power/energy-pkg/                                                     
     1.098745291               0.02 Joules power/energy-cores/                                                   
     1.098745291               0.00 Joules power/energy-ram/                                                     
     1.099865372               0.02 Joules power/energy-pkg/                                                     
     1.099865372               0.02 Joules power/energy-cores/                                                   
     1.099865372               0.00 Joules power/energy-ram/                                                     
     1.101001337               0.02 Joules power/energy-pkg/                                                     
     1.101001337               0.02 Joules power/energy-cores/                                                   
     1.101001337               0.00 Joules power/energy-ram/                                                     
     1.102114429               0.02 Joules power/energy-pkg/                                                     
     1.102114429               0.02 Joules power/energy-cores/                                                   
     1.102114429               0.00 Joules power/energy-ram/                                                     
     1.103234984               0.02 Joules power/energy-pkg/                                                     
     1.103234984               0.02 Joules power/energy-cores/                                                   
     1.103234984               0.00 Joules power/energy-ram/                                                     
     1.104355597               0.02 Joules power/energy-pkg/                                                     
     1.104355597               0.02 Joules power/energy-cores/                                                   
     1.104355597               0.00 Joules power/energy-ram/                                                     
     1.105476504               0.02 Joules power/energy-pkg/                                                     
     1.105476504               0.02 Joules power/energy-cores/                                                   
     1.105476504               0.00 Joules power/energy-ram/                                                     
     1.106598736               0.02 Joules power/energy-pkg/                                                     
     1.106598736               0.02 Joules power/energy-cores/                                                   
     1.106598736               0.00 Joules power/energy-ram/                                                     
     1.107719266               0.04 Joules power/energy-pkg/                                                     
     1.107719266               0.02 Joules power/energy-cores/                                                   
     1.107719266               0.00 Joules power/energy-ram/                                                     
     1.108842065               0.02 Joules power/energy-pkg/                                                     
     1.108842065               0.02 Joules power/energy-cores/                                                   
     1.108842065               0.00 Joules power/energy-ram/                                                     
     1.109960989               0.02 Joules power/energy-pkg/                                                     
     1.109960989               0.02 Joules power/energy-cores/                                                   
     1.109960989               0.00 Joules power/energy-ram/                                                     
     1.111056860               0.02 Joules power/energy-pkg/                                                     
     1.111056860               0.02 Joules power/energy-cores/                                                   
     1.111056860               0.00 Joules power/energy-ram/                                                     
     1.112169672               0.02 Joules power/energy-pkg/                                                     
     1.112169672               0.02 Joules power/energy-cores/                                                   
     1.112169672               0.00 Joules power/energy-ram/                                                     
     1.113290854               0.02 Joules power/energy-pkg/                                                     
     1.113290854               0.02 Joules power/energy-cores/                                                   
     1.113290854               0.00 Joules power/energy-ram/                                                     
     1.114414713               0.02 Joules power/energy-pkg/                                                     
     1.114414713               0.02 Joules power/energy-cores/                                                   
     1.114414713               0.00 Joules power/energy-ram/                                                     
     1.115535081               0.02 Joules power/energy-pkg/                                                     
     1.115535081               0.02 Joules power/energy-cores/                                                   
     1.115535081               0.00 Joules power/energy-ram/                                                     
     1.116655123               0.02 Joules power/energy-pkg/                                                     
     1.116655123               0.02 Joules power/energy-cores/                                                   
     1.116655123               0.00 Joules power/energy-ram/                                                     
     1.117775836               0.04 Joules power/energy-pkg/                                                     
     1.117775836               0.02 Joules power/energy-cores/                                                   
     1.117775836               0.00 Joules power/energy-ram/                                                     
     1.118916857               0.02 Joules power/energy-pkg/                                                     
     1.118916857               0.02 Joules power/energy-cores/                                                   
     1.118916857               0.00 Joules power/energy-ram/                                                     
     1.120028499               0.02 Joules power/energy-pkg/                                                     
     1.120028499               0.02 Joules power/energy-cores/                                                   
     1.120028499               0.00 Joules power/energy-ram/                                                     
     1.121140593               0.02 Joules power/energy-pkg/                                                     
     1.121140593               0.02 Joules power/energy-cores/                                                   
     1.121140593               0.00 Joules power/energy-ram/                                                     
#           time             counts   unit events
     1.122260879               0.02 Joules power/energy-pkg/                                                     
     1.122260879               0.02 Joules power/energy-cores/                                                   
     1.122260879               0.00 Joules power/energy-ram/                                                     
     1.123383685               0.02 Joules power/energy-pkg/                                                     
     1.123383685               0.02 Joules power/energy-cores/                                                   
     1.123383685               0.00 Joules power/energy-ram/                                                     
     1.124504372               0.02 Joules power/energy-pkg/                                                     
     1.124504372               0.02 Joules power/energy-cores/                                                   
     1.124504372               0.00 Joules power/energy-ram/                                                     
     1.125624971               0.02 Joules power/energy-pkg/                                                     
     1.125624971               0.02 Joules power/energy-cores/                                                   
     1.125624971               0.00 Joules power/energy-ram/                                                     
     1.126745800               0.04 Joules power/energy-pkg/                                                     
     1.126745800               0.02 Joules power/energy-cores/                                                   
     1.126745800               0.00 Joules power/energy-ram/                                                     
     1.127892151               0.02 Joules power/energy-pkg/                                                     
     1.127892151               0.02 Joules power/energy-cores/                                                   
     1.127892151               0.00 Joules power/energy-ram/                                                     
     1.129003257               0.02 Joules power/energy-pkg/                                                     
     1.129003257               0.02 Joules power/energy-cores/                                                   
     1.129003257               0.00 Joules power/energy-ram/                                                     
     1.130116211               0.02 Joules power/energy-pkg/                                                     
     1.130116211               0.02 Joules power/energy-cores/                                                   
     1.130116211               0.00 Joules power/energy-ram/                                                     
     1.131236590               0.02 Joules power/energy-pkg/                                                     
     1.131236590               0.02 Joules power/energy-cores/                                                   
     1.131236590               0.00 Joules power/energy-ram/                                                     
     1.132357854               0.02 Joules power/energy-pkg/                                                     
     1.132357854               0.02 Joules power/energy-cores/                                                   
     1.132357854               0.00 Joules power/energy-ram/                                                     
     1.133478523               0.02 Joules power/energy-pkg/                                                     
     1.133478523               0.02 Joules power/energy-cores/                                                   
     1.133478523               0.00 Joules power/energy-ram/                                                     
     1.134598703               0.02 Joules power/energy-pkg/                                                     
     1.134598703               0.02 Joules power/energy-cores/                                                   
     1.134598703               0.00 Joules power/energy-ram/                                                     
     1.135719290               0.04 Joules power/energy-pkg/                                                     
     1.135719290               0.02 Joules power/energy-cores/                                                   
     1.135719290               0.00 Joules power/energy-ram/                                                     
     1.136840195               0.02 Joules power/energy-pkg/                                                     
     1.136840195               0.02 Joules power/energy-cores/                                                   
     1.136840195               0.00 Joules power/energy-ram/                                                     
     1.137959176               0.02 Joules power/energy-pkg/                                                     
     1.137959176               0.02 Joules power/energy-cores/                                                   
     1.137959176               0.00 Joules power/energy-ram/                                                     
     1.139055125               0.02 Joules power/energy-pkg/                                                     
     1.139055125               0.02 Joules power/energy-cores/                                                   
     1.139055125               0.00 Joules power/energy-ram/                                                     
     1.140167835               0.02 Joules power/energy-pkg/                                                     
     1.140167835               0.02 Joules power/energy-cores/                                                   
     1.140167835               0.00 Joules power/energy-ram/                                                     
     1.141296733               0.02 Joules power/energy-pkg/                                                     
     1.141296733               0.02 Joules power/energy-cores/                                                   
     1.141296733               0.00 Joules power/energy-ram/                                                     
     1.142417631               0.02 Joules power/energy-pkg/                                                     
     1.142417631               0.02 Joules power/energy-cores/                                                   
     1.142417631               0.00 Joules power/energy-ram/                                                     
     1.143538298               0.02 Joules power/energy-pkg/                                                     
     1.143538298               0.02 Joules power/energy-cores/                                                   
     1.143538298               0.00 Joules power/energy-ram/                                                     
     1.144658644               0.02 Joules power/energy-pkg/                                                     
     1.144658644               0.02 Joules power/energy-cores/                                                   
     1.144658644               0.00 Joules power/energy-ram/                                                     
     1.145779498               0.05 Joules power/energy-pkg/                                                     
     1.145779498               0.02 Joules power/energy-cores/                                                   
     1.145779498               0.00 Joules power/energy-ram/                                                     
     1.146921284               0.02 Joules power/energy-pkg/                                                     
     1.146921284               0.02 Joules power/energy-cores/                                                   
     1.146921284               0.00 Joules power/energy-ram/                                                     
     1.148032306               0.02 Joules power/energy-pkg/                                                     
     1.148032306               0.02 Joules power/energy-cores/                                                   
     1.148032306               0.00 Joules power/energy-ram/                                                     
     1.149145833               0.02 Joules power/energy-pkg/                                                     
     1.149145833               0.02 Joules power/energy-cores/                                                   
     1.149145833               0.00 Joules power/energy-ram/                                                     
     1.150268708               0.02 Joules power/energy-pkg/                                                     
     1.150268708               0.02 Joules power/energy-cores/                                                   
     1.150268708               0.00 Joules power/energy-ram/                                                     
#           time             counts   unit events
     1.151389287               0.02 Joules power/energy-pkg/                                                     
     1.151389287               0.02 Joules power/energy-cores/                                                   
     1.151389287               0.00 Joules power/energy-ram/                                                     
     1.152511936               0.02 Joules power/energy-pkg/                                                     
     1.152511936               0.02 Joules power/energy-cores/                                                   
     1.152511936               0.00 Joules power/energy-ram/                                                     
     1.153632678               0.05 Joules power/energy-pkg/                                                     
     1.153632678               0.02 Joules power/energy-cores/                                                   
     1.153632678               0.00 Joules power/energy-ram/                                                     
     1.154757164               0.02 Joules power/energy-pkg/                                                     
     1.154757164               0.02 Joules power/energy-cores/                                                   
     1.154757164               0.00 Joules power/energy-ram/                                                     
     1.155897818               0.02 Joules power/energy-pkg/                                                     
     1.155897818               0.02 Joules power/energy-cores/                                                   
     1.155897818               0.00 Joules power/energy-ram/                                                     
     1.157009593               0.02 Joules power/energy-pkg/                                                     
     1.157009593               0.02 Joules power/energy-cores/                                                   
     1.157009593               0.00 Joules power/energy-ram/                                                     
     1.158122577               0.02 Joules power/energy-pkg/                                                     
     1.158122577               0.02 Joules power/energy-cores/                                                   
     1.158122577               0.00 Joules power/energy-ram/                                                     
     1.159244014               0.02 Joules power/energy-pkg/                                                     
     1.159244014               0.02 Joules power/energy-cores/                                                   
     1.159244014               0.00 Joules power/energy-ram/                                                     
     1.160365484               0.02 Joules power/energy-pkg/                                                     
     1.160365484               0.02 Joules power/energy-cores/                                                   
     1.160365484               0.00 Joules power/energy-ram/                                                     
     1.161486183               0.02 Joules power/energy-pkg/                                                     
     1.161486183               0.02 Joules power/energy-cores/                                                   
     1.161486183               0.00 Joules power/energy-ram/                                                     
     1.162606941               0.02 Joules power/energy-pkg/                                                     
     1.162606941               0.02 Joules power/energy-cores/                                                   
     1.162606941               0.00 Joules power/energy-ram/                                                     
     1.163727416               0.05 Joules power/energy-pkg/                                                     
     1.163727416               0.02 Joules power/energy-cores/                                                   
     1.163727416               0.00 Joules power/energy-ram/                                                     
     1.164851161               0.02 Joules power/energy-pkg/                                                     
     1.164851161               0.02 Joules power/energy-cores/                                                   
     1.164851161               0.00 Joules power/energy-ram/                                                     
     1.165986359               0.02 Joules power/energy-pkg/                                                     
     1.165986359               0.02 Joules power/energy-cores/                                                   
     1.165986359               0.00 Joules power/energy-ram/                                                     
     1.167100456               0.02 Joules power/energy-pkg/                                                     
     1.167100456               0.02 Joules power/energy-cores/                                                   
     1.167100456               0.00 Joules power/energy-ram/                                                     
     1.168216868               0.02 Joules power/energy-pkg/                                                     
     1.168216868               0.02 Joules power/energy-cores/                                                   
     1.168216868               0.00 Joules power/energy-ram/                                                     
     1.169337346               0.02 Joules power/energy-pkg/                                                     
     1.169337346               0.02 Joules power/energy-cores/                                                   
     1.169337346               0.00 Joules power/energy-ram/                                                     
     1.170457614               0.02 Joules power/energy-pkg/                                                     
     1.170457614               0.02 Joules power/energy-cores/                                                   
     1.170457614               0.00 Joules power/energy-ram/                                                     
     1.171578013               0.02 Joules power/energy-pkg/                                                     
     1.171578013               0.02 Joules power/energy-cores/                                                   
     1.171578013               0.00 Joules power/energy-ram/                                                     
     1.172698323               0.04 Joules power/energy-pkg/                                                     
     1.172698323               0.02 Joules power/energy-cores/                                                   
     1.172698323               0.00 Joules power/energy-ram/                                                     
     1.173819338               0.02 Joules power/energy-pkg/                                                     
     1.173819338               0.02 Joules power/energy-cores/                                                   
     1.173819338               0.00 Joules power/energy-ram/                                                     
     1.174905894               0.02 Joules power/energy-pkg/                                                     
     1.174905894               0.02 Joules power/energy-cores/                                                   
     1.174905894               0.00 Joules power/energy-ram/                                                     
     1.176016986               0.02 Joules power/energy-pkg/                                                     
     1.176016986               0.02 Joules power/energy-cores/                                                   
     1.176016986               0.00 Joules power/energy-ram/                                                     
     1.177130031               0.02 Joules power/energy-pkg/                                                     
     1.177130031               0.02 Joules power/energy-cores/                                                   
     1.177130031               0.00 Joules power/energy-ram/                                                     
     1.178250556               0.02 Joules power/energy-pkg/                                                     
     1.178250556               0.02 Joules power/energy-cores/                                                   
     1.178250556               0.00 Joules power/energy-ram/                                                     
     1.179371006               0.02 Joules power/energy-pkg/                                                     
     1.179371006               0.02 Joules power/energy-cores/                                                   
     1.179371006               0.00 Joules power/energy-ram/                                                     
#           time             counts   unit events
     1.180491438               0.02 Joules power/energy-pkg/                                                     
     1.180491438               0.02 Joules power/energy-cores/                                                   
     1.180491438               0.00 Joules power/energy-ram/                                                     
     1.181619694               0.02 Joules power/energy-pkg/                                                     
     1.181619694               0.02 Joules power/energy-cores/                                                   
     1.181619694               0.00 Joules power/energy-ram/                                                     
     1.182741109               0.04 Joules power/energy-pkg/                                                     
     1.182741109               0.02 Joules power/energy-cores/                                                   
     1.182741109               0.00 Joules power/energy-ram/                                                     
     1.183861225               0.02 Joules power/energy-pkg/                                                     
     1.183861225               0.02 Joules power/energy-cores/                                                   
     1.183861225               0.00 Joules power/energy-ram/                                                     
     1.184994191               0.02 Joules power/energy-pkg/                                                     
     1.184994191               0.02 Joules power/energy-cores/                                                   
     1.184994191               0.00 Joules power/energy-ram/                                                     
     1.186106735               0.02 Joules power/energy-pkg/                                                     
     1.186106735               0.02 Joules power/energy-cores/                                                   
     1.186106735               0.00 Joules power/energy-ram/                                                     
     1.187227091               0.02 Joules power/energy-pkg/                                                     
     1.187227091               0.02 Joules power/energy-cores/                                                   
     1.187227091               0.00 Joules power/energy-ram/                                                     
     1.188347576               0.02 Joules power/energy-pkg/                                                     
     1.188347576               0.02 Joules power/energy-cores/                                                   
     1.188347576               0.00 Joules power/energy-ram/                                                     
     1.189467857               0.02 Joules power/energy-pkg/                                                     
     1.189467857               0.02 Joules power/energy-cores/                                                   
     1.189467857               0.00 Joules power/energy-ram/                                                     
     1.190588674               0.02 Joules power/energy-pkg/                                                     
     1.190588674               0.02 Joules power/energy-cores/                                                   
     1.190588674               0.00 Joules power/energy-ram/                                                     
     1.191709584               0.04 Joules power/energy-pkg/                                                     
     1.191709584               0.02 Joules power/energy-cores/                                                   
     1.191709584               0.00 Joules power/energy-ram/                                                     
     1.192833054               0.02 Joules power/energy-pkg/                                                     
     1.192833054               0.02 Joules power/energy-cores/                                                   
     1.192833054               0.00 Joules power/energy-ram/                                                     
     1.193907372               0.02 Joules power/energy-pkg/                                                     
     1.193907372               0.02 Joules power/energy-cores/                                                   
     1.193907372               0.00 Joules power/energy-ram/                                                     
     1.195022406               0.02 Joules power/energy-pkg/                                                     
     1.195022406               0.02 Joules power/energy-cores/                                                   
     1.195022406               0.00 Joules power/energy-ram/                                                     
     1.196135306               0.02 Joules power/energy-pkg/                                                     
     1.196135306               0.02 Joules power/energy-cores/                                                   
     1.196135306               0.00 Joules power/energy-ram/                                                     
     1.197255752               0.02 Joules power/energy-pkg/                                                     
     1.197255752               0.02 Joules power/energy-cores/                                                   
     1.197255752               0.00 Joules power/energy-ram/                                                     
     1.198375834               0.02 Joules power/energy-pkg/                                                     
     1.198375834               0.02 Joules power/energy-cores/                                                   
     1.198375834               0.00 Joules power/energy-ram/                                                     
     1.199500096               0.02 Joules power/energy-pkg/                                                     
     1.199500096               0.02 Joules power/energy-cores/                                                   
     1.199500096               0.00 Joules power/energy-ram/                                                     
     1.200620652               0.02 Joules power/energy-pkg/                                                     
     1.200620652               0.02 Joules power/energy-cores/                                                   
     1.200620652               0.00 Joules power/energy-ram/                                                     
     1.201741662               0.04 Joules power/energy-pkg/                                                     
     1.201741662               0.02 Joules power/energy-cores/                                                   
     1.201741662               0.00 Joules power/energy-ram/                                                     
     1.202863185               0.02 Joules power/energy-pkg/                                                     
     1.202863185               0.02 Joules power/energy-cores/                                                   
     1.202863185               0.00 Joules power/energy-ram/                                                     
     1.203995919               0.02 Joules power/energy-pkg/                                                     
     1.203995919               0.02 Joules power/energy-cores/                                                   
     1.203995919               0.00 Joules power/energy-ram/                                                     
     1.205108907               0.02 Joules power/energy-pkg/                                                     
     1.205108907               0.02 Joules power/energy-cores/                                                   
     1.205108907               0.00 Joules power/energy-ram/                                                     
     1.206232710               0.02 Joules power/energy-pkg/                                                     
     1.206232710               0.02 Joules power/energy-cores/                                                   
     1.206232710               0.00 Joules power/energy-ram/                                                     
     1.207353252               0.02 Joules power/energy-pkg/                                                     
     1.207353252               0.02 Joules power/energy-cores/                                                   
     1.207353252               0.00 Joules power/energy-ram/                                                     
     1.208477727               0.02 Joules power/energy-pkg/                                                     
     1.208477727               0.02 Joules power/energy-cores/                                                   
     1.208477727               0.00 Joules power/energy-ram/                                                     
#           time             counts   unit events
     1.209598488               0.02 Joules power/energy-pkg/                                                     
     1.209598488               0.02 Joules power/energy-cores/                                                   
     1.209598488               0.00 Joules power/energy-ram/                                                     
     1.210720815               0.04 Joules power/energy-pkg/                                                     
     1.210720815               0.02 Joules power/energy-cores/                                                   
     1.210720815               0.00 Joules power/energy-ram/                                                     
     1.211841115               0.02 Joules power/energy-pkg/                                                     
     1.211841115               0.02 Joules power/energy-cores/                                                   
     1.211841115               0.00 Joules power/energy-ram/                                                     
     1.212960155               0.02 Joules power/energy-pkg/                                                     
     1.212960155               0.02 Joules power/energy-cores/                                                   
     1.212960155               0.00 Joules power/energy-ram/                                                     
     1.214055840               0.02 Joules power/energy-pkg/                                                     
     1.214055840               0.02 Joules power/energy-cores/                                                   
     1.214055840               0.00 Joules power/energy-ram/                                                     
     1.215169295               0.02 Joules power/energy-pkg/                                                     
     1.215169295               0.02 Joules power/energy-cores/                                                   
     1.215169295               0.00 Joules power/energy-ram/                                                     
     1.216290496               0.02 Joules power/energy-pkg/                                                     
     1.216290496               0.02 Joules power/energy-cores/                                                   
     1.216290496               0.00 Joules power/energy-ram/                                                     
     1.217411566               0.02 Joules power/energy-pkg/                                                     
     1.217411566               0.02 Joules power/energy-cores/                                                   
     1.217411566               0.00 Joules power/energy-ram/                                                     
     1.218531829               0.02 Joules power/energy-pkg/                                                     
     1.218531829               0.02 Joules power/energy-cores/                                                   
     1.218531829               0.00 Joules power/energy-ram/                                                     
     1.219653209               0.05 Joules power/energy-pkg/                                                     
     1.219653209               0.02 Joules power/energy-cores/                                                   
     1.219653209               0.00 Joules power/energy-ram/                                                     
     1.220773671               0.02 Joules power/energy-pkg/                                                     
     1.220773671               0.02 Joules power/energy-cores/                                                   
     1.220773671               0.00 Joules power/energy-ram/                                                     
     1.221920014               0.02 Joules power/energy-pkg/                                                     
     1.221920014               0.02 Joules power/energy-cores/                                                   
     1.221920014               0.00 Joules power/energy-ram/                                                     
     1.223030867               0.02 Joules power/energy-pkg/                                                     
     1.223030867               0.02 Joules power/energy-cores/                                                   
     1.223030867               0.00 Joules power/energy-ram/                                                     
     1.224144009               0.02 Joules power/energy-pkg/                                                     
     1.224144009               0.02 Joules power/energy-cores/                                                   
     1.224144009               0.00 Joules power/energy-ram/                                                     
     1.225264132               0.02 Joules power/energy-pkg/                                                     
     1.225264132               0.02 Joules power/energy-cores/                                                   
     1.225264132               0.00 Joules power/energy-ram/                                                     
     1.226384552               0.02 Joules power/energy-pkg/                                                     
     1.226384552               0.02 Joules power/energy-cores/                                                   
     1.226384552               0.00 Joules power/energy-ram/                                                     
     1.227505038               0.02 Joules power/energy-pkg/                                                     
     1.227505038               0.02 Joules power/energy-cores/                                                   
     1.227505038               0.00 Joules power/energy-ram/                                                     
     1.228625577               0.02 Joules power/energy-pkg/                                                     
     1.228625577               0.02 Joules power/energy-cores/                                                   
     1.228625577               0.00 Joules power/energy-ram/                                                     
     1.229745942               0.05 Joules power/energy-pkg/                                                     
     1.229745942               0.02 Joules power/energy-cores/                                                   
     1.229745942               0.00 Joules power/energy-ram/                                                     
     1.230866599               0.02 Joules power/energy-pkg/                                                     
     1.230866599               0.02 Joules power/energy-cores/                                                   
     1.230866599               0.00 Joules power/energy-ram/                                                     
     1.231999454               0.02 Joules power/energy-pkg/                                                     
     1.231999454               0.02 Joules power/energy-cores/                                                   
     1.231999454               0.00 Joules power/energy-ram/                                                     
     1.233112393               0.02 Joules power/energy-pkg/                                                     
     1.233112393               0.02 Joules power/energy-cores/                                                   
     1.233112393               0.00 Joules power/energy-ram/                                                     
     1.234236623               0.02 Joules power/energy-pkg/                                                     
     1.234236623               0.02 Joules power/energy-cores/                                                   
     1.234236623               0.00 Joules power/energy-ram/                                                     
     1.235361148               0.02 Joules power/energy-pkg/                                                     
     1.235361148               0.02 Joules power/energy-cores/                                                   
     1.235361148               0.00 Joules power/energy-ram/                                                     
     1.236481074               0.02 Joules power/energy-pkg/                                                     
     1.236481074               0.02 Joules power/energy-cores/                                                   
     1.236481074               0.00 Joules power/energy-ram/                                                     
     1.237602147               0.02 Joules power/energy-pkg/                                                     
     1.237602147               0.02 Joules power/energy-cores/                                                   
     1.237602147               0.00 Joules power/energy-ram/                                                     
#           time             counts   unit events
     1.238722112               0.04 Joules power/energy-pkg/                                                     
     1.238722112               0.02 Joules power/energy-cores/                                                   
     1.238722112               0.00 Joules power/energy-ram/                                                     
     1.239845376               0.02 Joules power/energy-pkg/                                                     
     1.239845376               0.02 Joules power/energy-cores/                                                   
     1.239845376               0.00 Joules power/energy-ram/                                                     
     1.240980821               0.02 Joules power/energy-pkg/                                                     
     1.240980821               0.02 Joules power/energy-cores/                                                   
     1.240980821               0.00 Joules power/energy-ram/                                                     
     1.242076384               0.02 Joules power/energy-pkg/                                                     
     1.242076384               0.02 Joules power/energy-cores/                                                   
     1.242076384               0.00 Joules power/energy-ram/                                                     
     1.243189330               0.02 Joules power/energy-pkg/                                                     
     1.243189330               0.02 Joules power/energy-cores/                                                   
     1.243189330               0.00 Joules power/energy-ram/                                                     
     1.244310451               0.02 Joules power/energy-pkg/                                                     
     1.244310451               0.02 Joules power/energy-cores/                                                   
     1.244310451               0.00 Joules power/energy-ram/                                                     
     1.245430615               0.02 Joules power/energy-pkg/                                                     
     1.245430615               0.02 Joules power/energy-cores/                                                   
     1.245430615               0.00 Joules power/energy-ram/                                                     
     1.246550804               0.02 Joules power/energy-pkg/                                                     
     1.246550804               0.02 Joules power/energy-cores/                                                   
     1.246550804               0.00 Joules power/energy-ram/                                                     
     1.247675951               0.05 Joules power/energy-pkg/                                                     
     1.247675951               0.02 Joules power/energy-cores/                                                   
     1.247675951               0.00 Joules power/energy-ram/                                                     
     1.248796593               0.02 Joules power/energy-pkg/                                                     
     1.248796593               0.02 Joules power/energy-cores/                                                   
     1.248796593               0.00 Joules power/energy-ram/                                                     
     1.249906859               0.02 Joules power/energy-pkg/                                                     
     1.249906859               0.02 Joules power/energy-cores/                                                   
     1.249906859               0.00 Joules power/energy-ram/                                                     
     1.251018030               0.02 Joules power/energy-pkg/                                                     
     1.251018030               0.02 Joules power/energy-cores/                                                   
     1.251018030               0.00 Joules power/energy-ram/                                                     
     1.252134544               0.02 Joules power/energy-pkg/                                                     
     1.252134544               0.02 Joules power/energy-cores/                                                   
     1.252134544               0.00 Joules power/energy-ram/                                                     
     1.253255257               0.02 Joules power/energy-pkg/                                                     
     1.253255257               0.02 Joules power/energy-cores/                                                   
     1.253255257               0.00 Joules power/energy-ram/                                                     
     1.254376188               0.02 Joules power/energy-pkg/                                                     
     1.254376188               0.02 Joules power/energy-cores/                                                   
     1.254376188               0.00 Joules power/energy-ram/                                                     
     1.255496926               0.03 Joules power/energy-pkg/                                                     
     1.255496926               0.02 Joules power/energy-cores/                                                   
     1.255496926               0.00 Joules power/energy-ram/                                                     
     1.256617839               0.04 Joules power/energy-pkg/                                                     
     1.256617839               0.02 Joules power/energy-cores/                                                   
     1.256617839               0.00 Joules power/energy-ram/                                                     
     1.257738216               0.02 Joules power/energy-pkg/                                                     
     1.257738216               0.02 Joules power/energy-cores/                                                   
     1.257738216               0.00 Joules power/energy-ram/                                                     
     1.258859645               0.02 Joules power/energy-pkg/                                                     
     1.258859645               0.02 Joules power/energy-cores/                                                   
     1.258859645               0.00 Joules power/energy-ram/                                                     
     1.259992237               0.02 Joules power/energy-pkg/                                                     
     1.259992237               0.02 Joules power/energy-cores/                                                   
     1.259992237               0.00 Joules power/energy-ram/                                                     
     1.261109532               0.02 Joules power/energy-pkg/                                                     
     1.261109532               0.02 Joules power/energy-cores/                                                   
     1.261109532               0.00 Joules power/energy-ram/                                                     
     1.262233635               0.02 Joules power/energy-pkg/                                                     
     1.262233635               0.02 Joules power/energy-cores/                                                   
     1.262233635               0.00 Joules power/energy-ram/                                                     
     1.263354371               0.02 Joules power/energy-pkg/                                                     
     1.263354371               0.02 Joules power/energy-cores/                                                   
     1.263354371               0.00 Joules power/energy-ram/                                                     
     1.264475050               0.02 Joules power/energy-pkg/                                                     
     1.264475050               0.02 Joules power/energy-cores/                                                   
     1.264475050               0.00 Joules power/energy-ram/                                                     
     1.265595390               0.02 Joules power/energy-pkg/                                                     
     1.265595390               0.02 Joules power/energy-cores/                                                   
     1.265595390               0.00 Joules power/energy-ram/                                                     
     1.266716036               0.04 Joules power/energy-pkg/                                                     
     1.266716036               0.02 Joules power/energy-cores/                                                   
     1.266716036               0.00 Joules power/energy-ram/                                                     
#           time             counts   unit events
     1.267836605               0.02 Joules power/energy-pkg/                                                     
     1.267836605               0.02 Joules power/energy-cores/                                                   
     1.267836605               0.00 Joules power/energy-ram/                                                     
     1.268957750               0.02 Joules power/energy-pkg/                                                     
     1.268957750               0.02 Joules power/energy-cores/                                                   
     1.268957750               0.00 Joules power/energy-ram/                                                     
     1.270053535               0.02 Joules power/energy-pkg/                                                     
     1.270053535               0.02 Joules power/energy-cores/                                                   
     1.270053535               0.00 Joules power/energy-ram/                                                     
     1.271166839               0.02 Joules power/energy-pkg/                                                     
     1.271166839               0.02 Joules power/energy-cores/                                                   
     1.271166839               0.00 Joules power/energy-ram/                                                     
     1.272287525               0.02 Joules power/energy-pkg/                                                     
     1.272287525               0.02 Joules power/energy-cores/                                                   
     1.272287525               0.00 Joules power/energy-ram/                                                     
     1.273407598               0.02 Joules power/energy-pkg/                                                     
     1.273407598               0.02 Joules power/energy-cores/                                                   
     1.273407598               0.00 Joules power/energy-ram/                                                     
     1.274531833               0.02 Joules power/energy-pkg/                                                     
     1.274531833               0.02 Joules power/energy-cores/                                                   
     1.274531833               0.00 Joules power/energy-ram/                                                     
     1.275652528               0.02 Joules power/energy-pkg/                                                     
     1.275652528               0.02 Joules power/energy-cores/                                                   
     1.275652528               0.00 Joules power/energy-ram/                                                     
     1.276772977               0.05 Joules power/energy-pkg/                                                     
     1.276772977               0.02 Joules power/energy-cores/                                                   
     1.276772977               0.00 Joules power/energy-ram/                                                     
     1.277917155               0.02 Joules power/energy-pkg/                                                     
     1.277917155               0.02 Joules power/energy-cores/                                                   
     1.277917155               0.00 Joules power/energy-ram/                                                     
     1.279029101               0.02 Joules power/energy-pkg/                                                     
     1.279029101               0.02 Joules power/energy-cores/                                                   
     1.279029101               0.00 Joules power/energy-ram/                                                     
     1.280143073               0.02 Joules power/energy-pkg/                                                     
     1.280143073               0.02 Joules power/energy-cores/                                                   
     1.280143073               0.00 Joules power/energy-ram/                                                     
     1.281263663               0.02 Joules power/energy-pkg/                                                     
     1.281263663               0.02 Joules power/energy-cores/                                                   
     1.281263663               0.00 Joules power/energy-ram/                                                     
     1.282384142               0.02 Joules power/energy-pkg/                                                     
     1.282384142               0.02 Joules power/energy-cores/                                                   
     1.282384142               0.00 Joules power/energy-ram/                                                     
     1.283504610               0.02 Joules power/energy-pkg/                                                     
     1.283504610               0.02 Joules power/energy-cores/                                                   
     1.283504610               0.00 Joules power/energy-ram/                                                     
     1.284624892               0.02 Joules power/energy-pkg/                                                     
     1.284624892               0.02 Joules power/energy-cores/                                                   
     1.284624892               0.00 Joules power/energy-ram/                                                     
     1.285745384               0.04 Joules power/energy-pkg/                                                     
     1.285745384               0.02 Joules power/energy-cores/                                                   
     1.285745384               0.00 Joules power/energy-ram/                                                     
     1.286865615               0.02 Joules power/energy-pkg/                                                     
     1.286865615               0.02 Joules power/energy-cores/                                                   
     1.286865615               0.00 Joules power/energy-ram/                                                     
     1.288001776               0.02 Joules power/energy-pkg/                                                     
     1.288001776               0.02 Joules power/energy-cores/                                                   
     1.288001776               0.00 Joules power/energy-ram/                                                     
     1.289114350               0.02 Joules power/energy-pkg/                                                     
     1.289114350               0.02 Joules power/energy-cores/                                                   
     1.289114350               0.00 Joules power/energy-ram/                                                     
     1.290234570               0.02 Joules power/energy-pkg/                                                     
     1.290234570               0.02 Joules power/energy-cores/                                                   
     1.290234570               0.00 Joules power/energy-ram/                                                     
     1.291355830               0.02 Joules power/energy-pkg/                                                     
     1.291355830               0.02 Joules power/energy-cores/                                                   
     1.291355830               0.00 Joules power/energy-ram/                                                     
     1.292476812               0.02 Joules power/energy-pkg/                                                     
     1.292476812               0.02 Joules power/energy-cores/                                                   
     1.292476812               0.00 Joules power/energy-ram/                                                     
     1.293597149               0.02 Joules power/energy-pkg/                                                     
     1.293597149               0.02 Joules power/energy-cores/                                                   
     1.293597149               0.00 Joules power/energy-ram/                                                     
     1.294717760               0.04 Joules power/energy-pkg/                                                     
     1.294717760               0.02 Joules power/energy-cores/                                                   
     1.294717760               0.00 Joules power/energy-ram/                                                     
     1.295838093               0.02 Joules power/energy-pkg/                                                     
     1.295838093               0.02 Joules power/energy-cores/                                                   
     1.295838093               0.00 Joules power/energy-ram/                                                     
#           time             counts   unit events
     1.296957032               0.02 Joules power/energy-pkg/                                                     
     1.296957032               0.02 Joules power/energy-cores/                                                   
     1.296957032               0.00 Joules power/energy-ram/                                                     
     1.298055067               0.02 Joules power/energy-pkg/                                                     
     1.298055067               0.02 Joules power/energy-cores/                                                   
     1.298055067               0.00 Joules power/energy-ram/                                                     
     1.299168526               0.02 Joules power/energy-pkg/                                                     
     1.299168526               0.02 Joules power/energy-cores/                                                   
     1.299168526               0.00 Joules power/energy-ram/                                                     
     1.300288628               0.02 Joules power/energy-pkg/                                                     
     1.300288628               0.02 Joules power/energy-cores/                                                   
     1.300288628               0.00 Joules power/energy-ram/                                                     
     1.301413133               0.02 Joules power/energy-pkg/                                                     
     1.301413133               0.02 Joules power/energy-cores/                                                   
     1.301413133               0.00 Joules power/energy-ram/                                                     
     1.302533473               0.02 Joules power/energy-pkg/                                                     
     1.302533473               0.02 Joules power/energy-cores/                                                   
     1.302533473               0.00 Joules power/energy-ram/                                                     
     1.303655065               0.05 Joules power/energy-pkg/                                                     
     1.303655065               0.02 Joules power/energy-cores/                                                   
     1.303655065               0.00 Joules power/energy-ram/                                                     
     1.304775787               0.02 Joules power/energy-pkg/                                                     
     1.304775787               0.02 Joules power/energy-cores/                                                   
     1.304775787               0.00 Joules power/energy-ram/                                                     
     1.305916651               0.02 Joules power/energy-pkg/                                                     
     1.305916651               0.02 Joules power/energy-cores/                                                   
     1.305916651               0.00 Joules power/energy-ram/                                                     
     1.307028424               0.02 Joules power/energy-pkg/                                                     
     1.307028424               0.02 Joules power/energy-cores/                                                   
     1.307028424               0.00 Joules power/energy-ram/                                                     
     1.308140788               0.02 Joules power/energy-pkg/                                                     
     1.308140788               0.02 Joules power/energy-cores/                                                   
     1.308140788               0.00 Joules power/energy-ram/                                                     
     1.309261227               0.02 Joules power/energy-pkg/                                                     
     1.309261227               0.02 Joules power/energy-cores/                                                   
     1.309261227               0.00 Joules power/energy-ram/                                                     
     1.310381571               0.02 Joules power/energy-pkg/                                                     
     1.310381571               0.02 Joules power/energy-cores/                                                   
     1.310381571               0.00 Joules power/energy-ram/                                                     
     1.311501824               0.02 Joules power/energy-pkg/                                                     
     1.311501824               0.02 Joules power/energy-cores/                                                   
     1.311501824               0.00 Joules power/energy-ram/                                                     
     1.312622739               0.05 Joules power/energy-pkg/                                                     
     1.312622739               0.02 Joules power/energy-cores/                                                   
     1.312622739               0.00 Joules power/energy-ram/                                                     
     1.313743142               0.02 Joules power/energy-pkg/                                                     
     1.313743142               0.02 Joules power/energy-cores/                                                   
     1.313743142               0.00 Joules power/energy-ram/                                                     
     1.314867187               0.02 Joules power/energy-pkg/                                                     
     1.314867187               0.02 Joules power/energy-cores/                                                   
     1.314867187               0.00 Joules power/energy-ram/                                                     
     1.315999386               0.02 Joules power/energy-pkg/                                                     
     1.315999386               0.02 Joules power/energy-cores/                                                   
     1.315999386               0.00 Joules power/energy-ram/                                                     
     1.317111723               0.02 Joules power/energy-pkg/                                                     
     1.317111723               0.02 Joules power/energy-cores/                                                   
     1.317111723               0.00 Joules power/energy-ram/                                                     
     1.318232377               0.02 Joules power/energy-pkg/                                                     
     1.318232377               0.02 Joules power/energy-cores/                                                   
     1.318232377               0.00 Joules power/energy-ram/                                                     
     1.319352386               0.02 Joules power/energy-pkg/                                                     
     1.319352386               0.02 Joules power/energy-cores/                                                   
     1.319352386               0.00 Joules power/energy-ram/                                                     
     1.320472954               0.02 Joules power/energy-pkg/                                                     
     1.320472954               0.02 Joules power/energy-cores/                                                   
     1.320472954               0.00 Joules power/energy-ram/                                                     
     1.321597615               0.02 Joules power/energy-pkg/                                                     
     1.321597615               0.02 Joules power/energy-cores/                                                   
     1.321597615               0.00 Joules power/energy-ram/                                                     
     1.322718131               0.04 Joules power/energy-pkg/                                                     
     1.322718131               0.02 Joules power/energy-cores/                                                   
     1.322718131               0.00 Joules power/energy-ram/                                                     
     1.323840607               0.02 Joules power/energy-pkg/                                                     
     1.323840607               0.02 Joules power/energy-cores/                                                   
     1.323840607               0.00 Joules power/energy-ram/                                                     
     1.324958949               0.02 Joules power/energy-pkg/                                                     
     1.324958949               0.02 Joules power/energy-cores/                                                   
     1.324958949               0.00 Joules power/energy-ram/                                                     
#           time             counts   unit events
     1.326054716               0.02 Joules power/energy-pkg/                                                     
     1.326054716               0.02 Joules power/energy-cores/                                                   
     1.326054716               0.00 Joules power/energy-ram/                                                     
     1.327169765               0.02 Joules power/energy-pkg/                                                     
     1.327169765               0.02 Joules power/energy-cores/                                                   
     1.327169765               0.00 Joules power/energy-ram/                                                     
     1.328294344               0.02 Joules power/energy-pkg/                                                     
     1.328294344               0.02 Joules power/energy-cores/                                                   
     1.328294344               0.00 Joules power/energy-ram/                                                     
     1.329414685               0.02 Joules power/energy-pkg/                                                     
     1.329414685               0.02 Joules power/energy-cores/                                                   
     1.329414685               0.00 Joules power/energy-ram/                                                     
     1.330534916               0.02 Joules power/energy-pkg/                                                     
     1.330534916               0.02 Joules power/energy-cores/                                                   
     1.330534916               0.00 Joules power/energy-ram/                                                     
     1.331655613               0.04 Joules power/energy-pkg/                                                     
     1.331655613               0.02 Joules power/energy-cores/                                                   
     1.331655613               0.00 Joules power/energy-ram/                                                     
     1.332776302               0.02 Joules power/energy-pkg/                                                     
     1.332776302               0.02 Joules power/energy-cores/                                                   
     1.332776302               0.00 Joules power/energy-ram/                                                     
     1.333917618               0.02 Joules power/energy-pkg/                                                     
     1.333917618               0.02 Joules power/energy-cores/                                                   
     1.333917618               0.00 Joules power/energy-ram/                                                     
     1.335029218               0.02 Joules power/energy-pkg/                                                     
     1.335029218               0.02 Joules power/energy-cores/                                                   
     1.335029218               0.00 Joules power/energy-ram/                                                     
     1.336141616               0.02 Joules power/energy-pkg/                                                     
     1.336141616               0.02 Joules power/energy-cores/                                                   
     1.336141616               0.00 Joules power/energy-ram/                                                     
     1.337261735               0.02 Joules power/energy-pkg/                                                     
     1.337261735               0.02 Joules power/energy-cores/                                                   
     1.337261735               0.00 Joules power/energy-ram/                                                     
     1.338382349               0.02 Joules power/energy-pkg/                                                     
     1.338382349               0.02 Joules power/energy-cores/                                                   
     1.338382349               0.00 Joules power/energy-ram/                                                     
     1.339502888               0.03 Joules power/energy-pkg/                                                     
     1.339502888               0.02 Joules power/energy-cores/                                                   
     1.339502888               0.00 Joules power/energy-ram/                                                     
     1.340623264               0.02 Joules power/energy-pkg/                                                     
     1.340623264               0.02 Joules power/energy-cores/                                                   
     1.340623264               0.00 Joules power/energy-ram/                                                     
     1.341747386               0.04 Joules power/energy-pkg/                                                     
     1.341747386               0.02 Joules power/energy-cores/                                                   
     1.341747386               0.00 Joules power/energy-ram/                                                     
     1.342867362               0.02 Joules power/energy-pkg/                                                     
     1.342867362               0.02 Joules power/energy-cores/                                                   
     1.342867362               0.00 Joules power/energy-ram/                                                     
     1.343966761               0.02 Joules power/energy-pkg/                                                     
     1.343966761               0.02 Joules power/energy-cores/                                                   
     1.343966761               0.00 Joules power/energy-ram/                                                     
     1.345062222               0.02 Joules power/energy-pkg/                                                     
     1.345062222               0.02 Joules power/energy-cores/                                                   
     1.345062222               0.00 Joules power/energy-ram/                                                     
     1.346173533               0.02 Joules power/energy-pkg/                                                     
     1.346173533               0.02 Joules power/energy-cores/                                                   
     1.346173533               0.00 Joules power/energy-ram/                                                     
     1.347293711               0.02 Joules power/energy-pkg/                                                     
     1.347293711               0.02 Joules power/energy-cores/                                                   
     1.347293711               0.00 Joules power/energy-ram/                                                     
     1.348420836               0.02 Joules power/energy-pkg/                                                     
     1.348420836               0.02 Joules power/energy-cores/                                                   
     1.348420836               0.00 Joules power/energy-ram/                                                     
     1.349540858               0.02 Joules power/energy-pkg/                                                     
     1.349540858               0.02 Joules power/energy-cores/                                                   
     1.349540858               0.00 Joules power/energy-ram/                                                     
     1.350661138               0.04 Joules power/energy-pkg/                                                     
     1.350661138               0.02 Joules power/energy-cores/                                                   
     1.350661138               0.00 Joules power/energy-ram/                                                     
     1.351782094               0.02 Joules power/energy-pkg/                                                     
     1.351782094               0.02 Joules power/energy-cores/                                                   
     1.351782094               0.00 Joules power/energy-ram/                                                     
     1.352904358               0.02 Joules power/energy-pkg/                                                     
     1.352904358               0.02 Joules power/energy-cores/                                                   
     1.352904358               0.00 Joules power/energy-ram/                                                     
     1.353999152               0.02 Joules power/energy-pkg/                                                     
     1.353999152               0.02 Joules power/energy-cores/                                                   
     1.353999152               0.00 Joules power/energy-ram/                                                     
#           time             counts   unit events
     1.355116138               0.02 Joules power/energy-pkg/                                                     
     1.355116138               0.02 Joules power/energy-cores/                                                   
     1.355116138               0.00 Joules power/energy-ram/                                                     
     1.356238883               0.02 Joules power/energy-pkg/                                                     
     1.356238883               0.02 Joules power/energy-cores/                                                   
     1.356238883               0.00 Joules power/energy-ram/                                                     
     1.357359336               0.02 Joules power/energy-pkg/                                                     
     1.357359336               0.02 Joules power/energy-cores/                                                   
     1.357359336               0.00 Joules power/energy-ram/                                                     
     1.358480022               0.02 Joules power/energy-pkg/                                                     
     1.358480022               0.02 Joules power/energy-cores/                                                   
     1.358480022               0.00 Joules power/energy-ram/                                                     
     1.359601259               0.02 Joules power/energy-pkg/                                                     
     1.359601259               0.02 Joules power/energy-cores/                                                   
     1.359601259               0.00 Joules power/energy-ram/                                                     
     1.360722856               0.04 Joules power/energy-pkg/                                                     
     1.360722856               0.02 Joules power/energy-cores/                                                   
     1.360722856               0.00 Joules power/energy-ram/                                                     
     1.361844013               0.02 Joules power/energy-pkg/                                                     
     1.361844013               0.02 Joules power/energy-cores/                                                   
     1.361844013               0.00 Joules power/energy-ram/                                                     
     1.362981889               0.02 Joules power/energy-pkg/                                                     
     1.362981889               0.02 Joules power/energy-cores/                                                   
     1.362981889               0.00 Joules power/energy-ram/                                                     
     1.364078022               0.02 Joules power/energy-pkg/                                                     
     1.364078022               0.02 Joules power/energy-cores/                                                   
     1.364078022               0.00 Joules power/energy-ram/                                                     
     1.365190335               0.02 Joules power/energy-pkg/                                                     
     1.365190335               0.02 Joules power/energy-cores/                                                   
     1.365190335               0.00 Joules power/energy-ram/                                                     
     1.366311468               0.02 Joules power/energy-pkg/                                                     
     1.366311468               0.02 Joules power/energy-cores/                                                   
     1.366311468               0.00 Joules power/energy-ram/                                                     
     1.367432324               0.02 Joules power/energy-pkg/                                                     
     1.367432324               0.02 Joules power/energy-cores/                                                   
     1.367432324               0.00 Joules power/energy-ram/                                                     
     1.368557112               0.02 Joules power/energy-pkg/                                                     
     1.368557112               0.02 Joules power/energy-cores/                                                   
     1.368557112               0.00 Joules power/energy-ram/                                                     
     1.369677877               0.05 Joules power/energy-pkg/                                                     
     1.369677877               0.02 Joules power/energy-cores/                                                   
     1.369677877               0.00 Joules power/energy-ram/                                                     
     1.370798691               0.02 Joules power/energy-pkg/                                                     
     1.370798691               0.02 Joules power/energy-cores/                                                   
     1.370798691               0.00 Joules power/energy-ram/                                                     
     1.371910504               0.02 Joules power/energy-pkg/                                                     
     1.371910504               0.02 Joules power/energy-cores/                                                   
     1.371910504               0.00 Joules power/energy-ram/                                                     
     1.373036890               0.02 Joules power/energy-pkg/                                                     
     1.373036890               0.02 Joules power/energy-cores/                                                   
     1.373036890               0.00 Joules power/energy-ram/                                                     
     1.374149731               0.03 Joules power/energy-pkg/                                                     
     1.374149731               0.02 Joules power/energy-cores/                                                   
     1.374149731               0.00 Joules power/energy-ram/                                                     
     1.375270060               0.02 Joules power/energy-pkg/                                                     
     1.375270060               0.02 Joules power/energy-cores/                                                   
     1.375270060               0.00 Joules power/energy-ram/                                                     
     1.376390555               0.02 Joules power/energy-pkg/                                                     
     1.376390555               0.02 Joules power/energy-cores/                                                   
     1.376390555               0.00 Joules power/energy-ram/                                                     
     1.377513954               0.02 Joules power/energy-pkg/                                                     
     1.377513954               0.02 Joules power/energy-cores/                                                   
     1.377513954               0.00 Joules power/energy-ram/                                                     
     1.378642638               0.04 Joules power/energy-pkg/                                                     
     1.378642638               0.02 Joules power/energy-cores/                                                   
     1.378642638               0.00 Joules power/energy-ram/                                                     
     1.379767401               0.02 Joules power/energy-pkg/                                                     
     1.379767401               0.02 Joules power/energy-cores/                                                   
     1.379767401               0.00 Joules power/energy-ram/                                                     
     1.380916405               0.02 Joules power/energy-pkg/                                                     
     1.380916405               0.02 Joules power/energy-cores/                                                   
     1.380916405               0.00 Joules power/energy-ram/                                                     
     1.382066997               0.02 Joules power/energy-pkg/                                                     
     1.382066997               0.02 Joules power/energy-cores/                                                   
     1.382066997               0.00 Joules power/energy-ram/                                                     
     1.383187013               0.02 Joules power/energy-pkg/                                                     
     1.383187013               0.02 Joules power/energy-cores/                                                   
     1.383187013               0.00 Joules power/energy-ram/                                                     
#           time             counts   unit events
     1.384314795               0.02 Joules power/energy-pkg/                                                     
     1.384314795               0.02 Joules power/energy-cores/                                                   
     1.384314795               0.00 Joules power/energy-ram/                                                     
     1.385441651               0.02 Joules power/energy-pkg/                                                     
     1.385441651               0.02 Joules power/energy-cores/                                                   
     1.385441651               0.00 Joules power/energy-ram/                                                     
     1.386569146               0.02 Joules power/energy-pkg/                                                     
     1.386569146               0.02 Joules power/energy-cores/                                                   
     1.386569146               0.00 Joules power/energy-ram/                                                     
     1.387697520               0.04 Joules power/energy-pkg/                                                     
     1.387697520               0.02 Joules power/energy-cores/                                                   
     1.387697520               0.00 Joules power/energy-ram/                                                     
     1.388825653               0.02 Joules power/energy-pkg/                                                     
     1.388825653               0.02 Joules power/energy-cores/                                                   
     1.388825653               0.00 Joules power/energy-ram/                                                     
     1.389919568               0.02 Joules power/energy-pkg/                                                     
     1.389919568               0.02 Joules power/energy-cores/                                                   
     1.389919568               0.00 Joules power/energy-ram/                                                     
     1.391030876               0.02 Joules power/energy-pkg/                                                     
     1.391030876               0.02 Joules power/energy-cores/                                                   
     1.391030876               0.00 Joules power/energy-ram/                                                     
     1.392151202               0.02 Joules power/energy-pkg/                                                     
     1.392151202               0.02 Joules power/energy-cores/                                                   
     1.392151202               0.00 Joules power/energy-ram/                                                     
     1.393279129               0.02 Joules power/energy-pkg/                                                     
     1.393279129               0.02 Joules power/energy-cores/                                                   
     1.393279129               0.00 Joules power/energy-ram/                                                     
     1.394411114               0.02 Joules power/energy-pkg/                                                     
     1.394411114               0.02 Joules power/energy-cores/                                                   
     1.394411114               0.00 Joules power/energy-ram/                                                     
     1.395542758               0.02 Joules power/energy-pkg/                                                     
     1.395542758               0.02 Joules power/energy-cores/                                                   
     1.395542758               0.00 Joules power/energy-ram/                                                     
     1.396674507               0.04 Joules power/energy-pkg/                                                     
     1.396674507               0.02 Joules power/energy-cores/                                                   
     1.396674507               0.00 Joules power/energy-ram/                                                     
     1.397806725               0.02 Joules power/energy-pkg/                                                     
     1.397806725               0.02 Joules power/energy-cores/                                                   
     1.397806725               0.00 Joules power/energy-ram/                                                     
     1.398907426               0.02 Joules power/energy-pkg/                                                     
     1.398907426               0.02 Joules power/energy-cores/                                                   
     1.398907426               0.00 Joules power/energy-ram/                                                     
     1.400005208               0.02 Joules power/energy-pkg/                                                     
     1.400005208               0.02 Joules power/energy-cores/                                                   
     1.400005208               0.00 Joules power/energy-ram/                                                     
     1.401129157               0.02 Joules power/energy-pkg/                                                     
     1.401129157               0.02 Joules power/energy-cores/                                                   
     1.401129157               0.00 Joules power/energy-ram/                                                     
     1.402252872               0.02 Joules power/energy-pkg/                                                     
     1.402252872               0.02 Joules power/energy-cores/                                                   
     1.402252872               0.00 Joules power/energy-ram/                                                     
     1.403385412               0.02 Joules power/energy-pkg/                                                     
     1.403385412               0.01 Joules power/energy-cores/                                                   
     1.403385412               0.00 Joules power/energy-ram/                                                     
     1.404525571               0.01 Joules power/energy-pkg/                                                     
     1.404525571               0.01 Joules power/energy-cores/                                                   
     1.404525571               0.00 Joules power/energy-ram/                                                     
     1.405661710               0.03 Joules power/energy-pkg/                                                     
     1.405661710               0.02 Joules power/energy-cores/                                                   
     1.405661710               0.00 Joules power/energy-ram/                                                     
     1.406798242               0.02 Joules power/energy-pkg/                                                     
     1.406798242               0.01 Joules power/energy-cores/                                                   
     1.406798242               0.00 Joules power/energy-ram/                                                     
     1.407914218               0.01 Joules power/energy-pkg/                                                     
     1.407914218               0.01 Joules power/energy-cores/                                                   
     1.407914218               0.00 Joules power/energy-ram/                                                     
     1.409018509               0.02 Joules power/energy-pkg/                                                     
     1.409018509               0.01 Joules power/energy-cores/                                                   
     1.409018509               0.00 Joules power/energy-ram/                                                     
     1.410148823               0.01 Joules power/energy-pkg/                                                     
     1.410148823               0.01 Joules power/energy-cores/                                                   
     1.410148823               0.00 Joules power/energy-ram/                                                     
     1.411286004               0.02 Joules power/energy-pkg/                                                     
     1.411286004               0.01 Joules power/energy-cores/                                                   
     1.411286004               0.00 Joules power/energy-ram/                                                     
     1.412417540               0.02 Joules power/energy-pkg/                                                     
     1.412417540               0.01 Joules power/energy-cores/                                                   
     1.412417540               0.00 Joules power/energy-ram/                                                     
#           time             counts   unit events
     1.413553622               0.02 Joules power/energy-pkg/                                                     
     1.413553622               0.01 Joules power/energy-cores/                                                   
     1.413553622               0.00 Joules power/energy-ram/                                                     
     1.414692478               0.03 Joules power/energy-pkg/                                                     
     1.414692478               0.01 Joules power/energy-cores/                                                   
     1.414692478               0.00 Joules power/energy-ram/                                                     
     1.415832069               0.02 Joules power/energy-pkg/                                                     
     1.415832069               0.01 Joules power/energy-cores/                                                   
     1.415832069               0.00 Joules power/energy-ram/                                                     
     1.416914253               0.02 Joules power/energy-pkg/                                                     
     1.416914253               0.01 Joules power/energy-cores/                                                   
     1.416914253               0.00 Joules power/energy-ram/                                                     
     1.418017745               0.02 Joules power/energy-pkg/                                                     
     1.418017745               0.01 Joules power/energy-cores/                                                   
     1.418017745               0.00 Joules power/energy-ram/                                                     
     1.419145790               0.02 Joules power/energy-pkg/                                                     
     1.419145790               0.02 Joules power/energy-cores/                                                   
     1.419145790               0.00 Joules power/energy-ram/                                                     
     1.420282301               0.01 Joules power/energy-pkg/                                                     
     1.420282301               0.01 Joules power/energy-cores/                                                   
     1.420282301               0.00 Joules power/energy-ram/                                                     
     1.421423651               0.02 Joules power/energy-pkg/                                                     
     1.421423651               0.01 Joules power/energy-cores/                                                   
     1.421423651               0.00 Joules power/energy-ram/                                                     
     1.422559915               0.02 Joules power/energy-pkg/                                                     
     1.422559915               0.01 Joules power/energy-cores/                                                   
     1.422559915               0.00 Joules power/energy-ram/                                                     
     1.423696085               0.03 Joules power/energy-pkg/                                                     
     1.423696085               0.01 Joules power/energy-cores/                                                   
     1.423696085               0.00 Joules power/energy-ram/                                                     
     1.424834545               0.01 Joules power/energy-pkg/                                                     
     1.424834545               0.01 Joules power/energy-cores/                                                   
     1.424834545               0.00 Joules power/energy-ram/                                                     
     1.425916566               0.02 Joules power/energy-pkg/                                                     
     1.425916566               0.01 Joules power/energy-cores/                                                   
     1.425916566               0.00 Joules power/energy-ram/                                                     
     1.427020633               0.02 Joules power/energy-pkg/                                                     
     1.427020633               0.01 Joules power/energy-cores/                                                   
     1.427020633               0.00 Joules power/energy-ram/                                                     
     1.428153873               0.02 Joules power/energy-pkg/                                                     
     1.428153873               0.01 Joules power/energy-cores/                                                   
     1.428153873               0.00 Joules power/energy-ram/                                                     
     1.429290346               0.02 Joules power/energy-pkg/                                                     
     1.429290346               0.01 Joules power/energy-cores/                                                   
     1.429290346               0.00 Joules power/energy-ram/                                                     
     1.430427271               0.01 Joules power/energy-pkg/                                                     
     1.430427271               0.01 Joules power/energy-cores/                                                   
     1.430427271               0.00 Joules power/energy-ram/                                                     
     1.431566194               0.01 Joules power/energy-pkg/                                                     
     1.431566194               0.01 Joules power/energy-cores/                                                   
     1.431566194               0.00 Joules power/energy-ram/                                                     
     1.432705879               0.03 Joules power/energy-pkg/                                                     
     1.432705879               0.02 Joules power/energy-cores/                                                   
     1.432705879               0.00 Joules power/energy-ram/                                                     
     1.433841828               0.02 Joules power/energy-pkg/                                                     
     1.433841828               0.01 Joules power/energy-cores/                                                   
     1.433841828               0.00 Joules power/energy-ram/                                                     
     1.434916344               0.01 Joules power/energy-pkg/                                                     
     1.434916344               0.01 Joules power/energy-cores/                                                   
     1.434916344               0.00 Joules power/energy-ram/                                                     
     1.436020289               0.01 Joules power/energy-pkg/                                                     
     1.436020289               0.01 Joules power/energy-cores/                                                   
     1.436020289               0.00 Joules power/energy-ram/                                                     
     1.437145390               0.01 Joules power/energy-pkg/                                                     
     1.437145390               0.01 Joules power/energy-cores/                                                   
     1.437145390               0.00 Joules power/energy-ram/                                                     
     1.438282458               0.02 Joules power/energy-pkg/                                                     
     1.438282458               0.01 Joules power/energy-cores/                                                   
     1.438282458               0.00 Joules power/energy-ram/                                                     
     1.439416436               0.01 Joules power/energy-pkg/                                                     
     1.439416436               0.01 Joules power/energy-cores/                                                   
     1.439416436               0.00 Joules power/energy-ram/                                                     
     1.440553184               0.01 Joules power/energy-pkg/                                                     
     1.440553184               0.01 Joules power/energy-cores/                                                   
     1.440553184               0.00 Joules power/energy-ram/                                                     
     1.441689512               0.03 Joules power/energy-pkg/                                                     
     1.441689512               0.01 Joules power/energy-cores/                                                   
     1.441689512               0.00 Joules power/energy-ram/                                                     
#           time             counts   unit events
     1.442829650               0.02 Joules power/energy-pkg/                                                     
     1.442829650               0.01 Joules power/energy-cores/                                                   
     1.442829650               0.00 Joules power/energy-ram/                                                     
     1.443918812               0.01 Joules power/energy-pkg/                                                     
     1.443918812               0.01 Joules power/energy-cores/                                                   
     1.443918812               0.00 Joules power/energy-ram/                                                     
     1.445022939               0.02 Joules power/energy-pkg/                                                     
     1.445022939               0.01 Joules power/energy-cores/                                                   
     1.445022939               0.00 Joules power/energy-ram/                                                     
     1.446148191               0.01 Joules power/energy-pkg/                                                     
     1.446148191               0.01 Joules power/energy-cores/                                                   
     1.446148191               0.00 Joules power/energy-ram/                                                     
     1.447288588               0.02 Joules power/energy-pkg/                                                     
     1.447288588               0.01 Joules power/energy-cores/                                                   
     1.447288588               0.00 Joules power/energy-ram/                                                     
     1.448429866               0.02 Joules power/energy-pkg/                                                     
     1.448429866               0.01 Joules power/energy-cores/                                                   
     1.448429866               0.00 Joules power/energy-ram/                                                     
     1.449568369               0.01 Joules power/energy-pkg/                                                     
     1.449568369               0.01 Joules power/energy-cores/                                                   
     1.449568369               0.00 Joules power/energy-ram/                                                     
     1.450704792               0.03 Joules power/energy-pkg/                                                     
     1.450704792               0.01 Joules power/energy-cores/                                                   
     1.450704792               0.00 Joules power/energy-ram/                                                     
     1.451845724               0.01 Joules power/energy-pkg/                                                     
     1.451845724               0.01 Joules power/energy-cores/                                                   
     1.451845724               0.00 Joules power/energy-ram/                                                     
     1.452918327               0.02 Joules power/energy-pkg/                                                     
     1.452918327               0.01 Joules power/energy-cores/                                                   
     1.452918327               0.00 Joules power/energy-ram/                                                     
     1.454021947               0.02 Joules power/energy-pkg/                                                     
     1.454021947               0.01 Joules power/energy-cores/                                                   
     1.454021947               0.00 Joules power/energy-ram/                                                     
     1.455149407               0.02 Joules power/energy-pkg/                                                     
     1.455149407               0.02 Joules power/energy-cores/                                                   
     1.455149407               0.00 Joules power/energy-ram/                                                     
     1.456286240               0.02 Joules power/energy-pkg/                                                     
     1.456286240               0.01 Joules power/energy-cores/                                                   
     1.456286240               0.00 Joules power/energy-ram/                                                     
     1.457420777               0.02 Joules power/energy-pkg/                                                     
     1.457420777               0.01 Joules power/energy-cores/                                                   
     1.457420777               0.00 Joules power/energy-ram/                                                     
     1.458557065               0.01 Joules power/energy-pkg/                                                     
     1.458557065               0.01 Joules power/energy-cores/                                                   
     1.458557065               0.00 Joules power/energy-ram/                                                     
     1.459693637               0.03 Joules power/energy-pkg/                                                     
     1.459693637               0.01 Joules power/energy-cores/                                                   
     1.459693637               0.00 Joules power/energy-ram/                                                     
     1.460832611               0.02 Joules power/energy-pkg/                                                     
     1.460832611               0.01 Joules power/energy-cores/                                                   
     1.460832611               0.00 Joules power/energy-ram/                                                     
     1.461917832               0.02 Joules power/energy-pkg/                                                     
     1.461917832               0.01 Joules power/energy-cores/                                                   
     1.461917832               0.00 Joules power/energy-ram/                                                     
     1.463021821               0.02 Joules power/energy-pkg/                                                     
     1.463021821               0.01 Joules power/energy-cores/                                                   
     1.463021821               0.00 Joules power/energy-ram/                                                     
     1.464152225               0.02 Joules power/energy-pkg/                                                     
     1.464152225               0.01 Joules power/energy-cores/                                                   
     1.464152225               0.00 Joules power/energy-ram/                                                     
     1.465288959               0.01 Joules power/energy-pkg/                                                     
     1.465288959               0.01 Joules power/energy-cores/                                                   
     1.465288959               0.00 Joules power/energy-ram/                                                     
     1.466420493               0.02 Joules power/energy-pkg/                                                     
     1.466420493               0.01 Joules power/energy-cores/                                                   
     1.466420493               0.00 Joules power/energy-ram/                                                     
     1.467552443               0.02 Joules power/energy-pkg/                                                     
     1.467552443               0.01 Joules power/energy-cores/                                                   
     1.467552443               0.00 Joules power/energy-ram/                                                     
     1.468690647               0.03 Joules power/energy-pkg/                                                     
     1.468690647               0.01 Joules power/energy-cores/                                                   
     1.468690647               0.00 Joules power/energy-ram/                                                     
     1.469825111               0.02 Joules power/energy-pkg/                                                     
     1.469825111               0.01 Joules power/energy-cores/                                                   
     1.469825111               0.00 Joules power/energy-ram/                                                     
     1.470920184               0.01 Joules power/energy-pkg/                                                     
     1.470920184               0.01 Joules power/energy-cores/                                                   
     1.470920184               0.00 Joules power/energy-ram/                                                     
#           time             counts   unit events
     1.472024082               0.01 Joules power/energy-pkg/                                                     
     1.472024082               0.01 Joules power/energy-cores/                                                   
     1.472024082               0.00 Joules power/energy-ram/                                                     
     1.473156844               0.01 Joules power/energy-pkg/                                                     
     1.473156844               0.01 Joules power/energy-cores/                                                   
     1.473156844               0.00 Joules power/energy-ram/                                                     
     1.474293503               0.02 Joules power/energy-pkg/                                                     
     1.474293503               0.01 Joules power/energy-cores/                                                   
     1.474293503               0.00 Joules power/energy-ram/                                                     
     1.475431952               0.01 Joules power/energy-pkg/                                                     
     1.475431952               0.01 Joules power/energy-cores/                                                   
     1.475431952               0.00 Joules power/energy-ram/                                                     
     1.476568596               0.02 Joules power/energy-pkg/                                                     
     1.476568596               0.01 Joules power/energy-cores/                                                   
     1.476568596               0.00 Joules power/energy-ram/                                                     
     1.477705369               0.03 Joules power/energy-pkg/                                                     
     1.477705369               0.01 Joules power/energy-cores/                                                   
     1.477705369               0.00 Joules power/energy-ram/                                                     
     1.478839565               0.01 Joules power/energy-pkg/                                                     
     1.478839565               0.01 Joules power/energy-cores/                                                   
     1.478839565               0.00 Joules power/energy-ram/                                                     
     1.479918954               0.02 Joules power/energy-pkg/                                                     
     1.479918954               0.01 Joules power/energy-cores/                                                   
     1.479918954               0.00 Joules power/energy-ram/                                                     
     1.481023185               0.01 Joules power/energy-pkg/                                                     
     1.481023185               0.01 Joules power/energy-cores/                                                   
     1.481023185               0.00 Joules power/energy-ram/                                                     
     1.482150565               0.01 Joules power/energy-pkg/                                                     
     1.482150565               0.01 Joules power/energy-cores/                                                   
     1.482150565               0.00 Joules power/energy-ram/                                                     
     1.483286887               0.01 Joules power/energy-pkg/                                                     
     1.483286887               0.01 Joules power/energy-cores/                                                   
     1.483286887               0.00 Joules power/energy-ram/                                                     
     1.484418583               0.02 Joules power/energy-pkg/                                                     
     1.484418583               0.01 Joules power/energy-cores/                                                   
     1.484418583               0.00 Joules power/energy-ram/                                                     
     1.485554742               0.01 Joules power/energy-pkg/                                                     
     1.485554742               0.01 Joules power/energy-cores/                                                   
     1.485554742               0.00 Joules power/energy-ram/                                                     
     1.486689849               0.03 Joules power/energy-pkg/                                                     
     1.486689849               0.01 Joules power/energy-cores/                                                   
     1.486689849               0.00 Joules power/energy-ram/                                                     
     1.487826090               0.02 Joules power/energy-pkg/                                                     
     1.487826090               0.01 Joules power/energy-cores/                                                   
     1.487826090               0.00 Joules power/energy-ram/                                                     
     1.488914539               0.02 Joules power/energy-pkg/                                                     
     1.488914539               0.01 Joules power/energy-cores/                                                   
     1.488914539               0.00 Joules power/energy-ram/                                                     
     1.490018115               0.02 Joules power/energy-pkg/                                                     
     1.490018115               0.01 Joules power/energy-cores/                                                   
     1.490018115               0.00 Joules power/energy-ram/                                                     
     1.491156822               0.02 Joules power/energy-pkg/                                                     
     1.491156822               0.02 Joules power/energy-cores/                                                   
     1.491156822               0.00 Joules power/energy-ram/                                                     
     1.492262548               0.02 Joules power/energy-pkg/                                                     
     1.492262548               0.02 Joules power/energy-cores/                                                   
     1.492262548               0.00 Joules power/energy-ram/                                                     
     1.493403992               0.02 Joules power/energy-pkg/                                                     
     1.493403992               0.01 Joules power/energy-cores/                                                   
     1.493403992               0.00 Joules power/energy-ram/                                                     
     1.494508608               0.02 Joules power/energy-pkg/                                                     
     1.494508608               0.01 Joules power/energy-cores/                                                   
     1.494508608               0.00 Joules power/energy-ram/                                                     
     1.495612921               0.02 Joules power/energy-pkg/                                                     
     1.495612921               0.01 Joules power/energy-cores/                                                   
     1.495612921               0.00 Joules power/energy-ram/                                                     
     1.496749402               0.03 Joules power/energy-pkg/                                                     
     1.496749402               0.01 Joules power/energy-cores/                                                   
     1.496749402               0.00 Joules power/energy-ram/                                                     
     1.497853878               0.02 Joules power/energy-pkg/                                                     
     1.497853878               0.02 Joules power/energy-cores/                                                   
     1.497853878               0.00 Joules power/energy-ram/                                                     
     1.498968159               0.02 Joules power/energy-pkg/                                                     
     1.498968159               0.02 Joules power/energy-cores/                                                   
     1.498968159               0.00 Joules power/energy-ram/                                                     
     1.500073998               0.02 Joules power/energy-pkg/                                                     
     1.500073998               0.02 Joules power/energy-cores/                                                   
     1.500073998               0.00 Joules power/energy-ram/                                                     
#           time             counts   unit events
     1.501199915               0.02 Joules power/energy-pkg/                                                     
     1.501199915               0.02 Joules power/energy-cores/                                                   
     1.501199915               0.00 Joules power/energy-ram/                                                     
     1.502311656               0.02 Joules power/energy-pkg/                                                     
     1.502311656               0.02 Joules power/energy-cores/                                                   
     1.502311656               0.00 Joules power/energy-ram/                                                     
     1.503448471               0.02 Joules power/energy-pkg/                                                     
     1.503448471               0.01 Joules power/energy-cores/                                                   
     1.503448471               0.00 Joules power/energy-ram/                                                     
     1.504633870               0.02 Joules power/energy-pkg/                                                     
     1.504633870               0.01 Joules power/energy-cores/                                                   
     1.504633870               0.00 Joules power/energy-ram/                                                     
     1.505823266               0.01 Joules power/energy-pkg/                                                     
     1.505823266               0.00 Joules power/energy-cores/                                                   
     1.505823266               0.00 Joules power/energy-ram/                                                     
     1.506957015               0.00 Joules power/energy-pkg/                                                     
     1.506957015               0.00 Joules power/energy-cores/                                                   
     1.506957015               0.00 Joules power/energy-ram/                                                     
     1.508059440               0.00 Joules power/energy-pkg/                                                     
     1.508059440               0.00 Joules power/energy-cores/                                                   
     1.508059440               0.00 Joules power/energy-ram/                                                     
     1.509230975               0.00 Joules power/energy-pkg/                                                     
     1.509230975               0.00 Joules power/energy-cores/                                                   
     1.509230975               0.00 Joules power/energy-ram/                                                     
     1.510415767               0.01 Joules power/energy-pkg/                                                     
     1.510415767               0.00 Joules power/energy-cores/                                                   
     1.510415767               0.00 Joules power/energy-ram/                                                     
     1.511598382               0.00 Joules power/energy-pkg/                                                     
     1.511598382               0.00 Joules power/energy-cores/                                                   
     1.511598382               0.00 Joules power/energy-ram/                                                     
     1.512778277               0.01 Joules power/energy-pkg/                                                     
     1.512778277               0.00 Joules power/energy-cores/                                                   
     1.512778277               0.00 Joules power/energy-ram/                                                     
     1.513957420               0.01 Joules power/energy-pkg/                                                     
     1.513957420               0.00 Joules power/energy-cores/                                                   
     1.513957420               0.00 Joules power/energy-ram/                                                     
     1.515060613               0.01 Joules power/energy-pkg/                                                     
     1.515060613               0.00 Joules power/energy-cores/                                                   
     1.515060613               0.00 Joules power/energy-ram/                                                     
     1.516239243               0.00 Joules power/energy-pkg/                                                     
     1.516239243               0.00 Joules power/energy-cores/                                                   
     1.516239243               0.00 Joules power/energy-ram/                                                     
     1.517419053               0.00 Joules power/energy-pkg/                                                     
     1.517419053               0.00 Joules power/energy-cores/                                                   
     1.517419053               0.00 Joules power/energy-ram/                                                     
     1.518600263               0.00 Joules power/energy-pkg/                                                     
     1.518600263               0.00 Joules power/energy-cores/                                                   
     1.518600263               0.00 Joules power/energy-ram/                                                     
     1.519780388               0.01 Joules power/energy-pkg/                                                     
     1.519780388               0.00 Joules power/energy-cores/                                                   
     1.519780388               0.00 Joules power/energy-ram/                                                     
     1.520960870               0.01 Joules power/energy-pkg/                                                     
     1.520960870               0.00 Joules power/energy-cores/                                                   
     1.520960870               0.00 Joules power/energy-ram/                                                     
     1.522069833               0.00 Joules power/energy-pkg/                                                     
     1.522069833               0.00 Joules power/energy-cores/                                                   
     1.522069833               0.00 Joules power/energy-ram/                                                     
     1.523243367               0.00 Joules power/energy-pkg/                                                     
     1.523243367               0.00 Joules power/energy-cores/                                                   
     1.523243367               0.00 Joules power/energy-ram/                                                     
     1.524428479               0.00 Joules power/energy-pkg/                                                     
     1.524428479               0.00 Joules power/energy-cores/                                                   
     1.524428479               0.00 Joules power/energy-ram/                                                     
     1.525616984               0.01 Joules power/energy-pkg/                                                     
     1.525616984               0.00 Joules power/energy-cores/                                                   
     1.525616984               0.00 Joules power/energy-ram/                                                     
     1.526799665               0.01 Joules power/energy-pkg/                                                     
     1.526799665               0.00 Joules power/energy-cores/                                                   
     1.526799665               0.00 Joules power/energy-ram/                                                     
     1.527952593               0.00 Joules power/energy-pkg/                                                     
     1.527952593               0.00 Joules power/energy-cores/                                                   
     1.527952593               0.00 Joules power/energy-ram/                                                     
     1.529061573               0.00 Joules power/energy-pkg/                                                     
     1.529061573               0.00 Joules power/energy-cores/                                                   
     1.529061573               0.00 Joules power/energy-ram/                                                     
     1.530257857               0.00 Joules power/energy-pkg/                                                     
     1.530257857               0.00 Joules power/energy-cores/                                                   
     1.530257857               0.00 Joules power/energy-ram/                                                     
#           time             counts   unit events
     1.531445944               0.00 Joules power/energy-pkg/                                                     
     1.531445944               0.00 Joules power/energy-cores/                                                   
     1.531445944               0.00 Joules power/energy-ram/                                                     
     1.532634905               0.01 Joules power/energy-pkg/                                                     
     1.532634905               0.00 Joules power/energy-cores/                                                   
     1.532634905               0.00 Joules power/energy-ram/                                                     
     1.533823625               0.00 Joules power/energy-pkg/                                                     
     1.533823625               0.00 Joules power/energy-cores/                                                   
     1.533823625               0.00 Joules power/energy-ram/                                                     
     1.534948933               0.00 Joules power/energy-pkg/                                                     
     1.534948933               0.00 Joules power/energy-cores/                                                   
     1.534948933               0.00 Joules power/energy-ram/                                                     
     1.536064309               0.00 Joules power/energy-pkg/                                                     
     1.536064309               0.00 Joules power/energy-cores/                                                   
     1.536064309               0.00 Joules power/energy-ram/                                                     
     1.537179461               0.00 Joules power/energy-pkg/                                                     
     1.537179461               0.00 Joules power/energy-cores/                                                   
     1.537179461               0.00 Joules power/energy-ram/                                                     
     1.538297495               0.01 Joules power/energy-pkg/                                                     
     1.538297495               0.01 Joules power/energy-cores/                                                   
     1.538297495               0.00 Joules power/energy-ram/                                                     
     1.539442623               0.01 Joules power/energy-pkg/                                                     
     1.539442623               0.01 Joules power/energy-cores/                                                   
     1.539442623               0.00 Joules power/energy-ram/                                                     
     1.540593997               0.01 Joules power/energy-pkg/                                                     
     1.540593997               0.01 Joules power/energy-cores/                                                   
     1.540593997               0.00 Joules power/energy-ram/                                                     
     1.541750334               0.02 Joules power/energy-pkg/                                                     
     1.541750334               0.01 Joules power/energy-cores/                                                   
     1.541750334               0.00 Joules power/energy-ram/                                                     
     1.542935458               0.01 Joules power/energy-pkg/                                                     
     1.542935458               0.01 Joules power/energy-cores/                                                   
     1.542935458               0.00 Joules power/energy-ram/                                                     
     1.544062217               0.01 Joules power/energy-pkg/                                                     
     1.544062217               0.01 Joules power/energy-cores/                                                   
     1.544062217               0.00 Joules power/energy-ram/                                                     
     1.545573867               0.01 Joules power/energy-pkg/                                                     
     1.545573867               0.01 Joules power/energy-cores/                                                   
     1.545573867               0.00 Joules power/energy-ram/                                                     
     1.546730839               0.02 Joules power/energy-pkg/                                                     
     1.546730839               0.01 Joules power/energy-cores/                                                   
     1.546730839               0.00 Joules power/energy-ram/                                                     
     1.547899121               0.01 Joules power/energy-pkg/                                                     
     1.547899121               0.01 Joules power/energy-cores/                                                   
     1.547899121               0.00 Joules power/energy-ram/                                                     
     1.549031468               0.01 Joules power/energy-pkg/                                                     
     1.549031468               0.01 Joules power/energy-cores/                                                   
     1.549031468               0.00 Joules power/energy-ram/                                                     
     1.550163792               0.01 Joules power/energy-pkg/                                                     
     1.550163792               0.01 Joules power/energy-cores/                                                   
     1.550163792               0.00 Joules power/energy-ram/                                                     
     1.551363650               0.01 Joules power/energy-pkg/                                                     
     1.551363650               0.00 Joules power/energy-cores/                                                   
     1.551363650               0.00 Joules power/energy-ram/                                                     
     1.552555990               0.00 Joules power/energy-pkg/                                                     
     1.552555990               0.00 Joules power/energy-cores/                                                   
     1.552555990               0.00 Joules power/energy-ram/                                                     
     1.553757355               0.01 Joules power/energy-pkg/                                                     
     1.553757355               0.00 Joules power/energy-cores/                                                   
     1.553757355               0.00 Joules power/energy-ram/                                                     
     1.554961504               0.00 Joules power/energy-pkg/                                                     
     1.554961504               0.00 Joules power/energy-cores/                                                   
     1.554961504               0.00 Joules power/energy-ram/                                                     
     1.556096335               0.00 Joules power/energy-pkg/                                                     
     1.556096335               0.00 Joules power/energy-cores/                                                   
     1.556096335               0.00 Joules power/energy-ram/                                                     
     1.557309538               0.00 Joules power/energy-pkg/                                                     
     1.557309538               0.00 Joules power/energy-cores/                                                   
     1.557309538               0.00 Joules power/energy-ram/                                                     
     1.558528086               0.00 Joules power/energy-pkg/                                                     
     1.558528086               0.00 Joules power/energy-cores/                                                   
     1.558528086               0.00 Joules power/energy-ram/                                                     
     1.559740686               0.01 Joules power/energy-pkg/                                                     
     1.559740686               0.00 Joules power/energy-cores/                                                   
     1.559740686               0.00 Joules power/energy-ram/                                                     
     1.560968528               0.01 Joules power/energy-pkg/                                                     
     1.560968528               0.00 Joules power/energy-cores/                                                   
     1.560968528               0.00 Joules power/energy-ram/                                                     
#           time             counts   unit events
     1.562113850               0.00 Joules power/energy-pkg/                                                     
     1.562113850               0.00 Joules power/energy-cores/                                                   
     1.562113850               0.00 Joules power/energy-ram/                                                     
     1.563317172               0.00 Joules power/energy-pkg/                                                     
     1.563317172               0.00 Joules power/energy-cores/                                                   
     1.563317172               0.00 Joules power/energy-ram/                                                     
     1.564531597               0.00 Joules power/energy-pkg/                                                     
     1.564531597               0.00 Joules power/energy-cores/                                                   
     1.564531597               0.00 Joules power/energy-ram/                                                     
     1.565750309               0.01 Joules power/energy-pkg/                                                     
     1.565750309               0.00 Joules power/energy-cores/                                                   
     1.565750309               0.00 Joules power/energy-ram/                                                     
     1.567032779               0.00 Joules power/energy-pkg/                                                     
     1.567032779               0.00 Joules power/energy-cores/                                                   
     1.567032779               0.00 Joules power/energy-ram/                                                     
     1.568303155               0.00 Joules power/energy-pkg/                                                     
     1.568303155               0.00 Joules power/energy-cores/                                                   
     1.568303155               0.00 Joules power/energy-ram/                                                     
     1.569537335               0.00 Joules power/energy-pkg/                                                     
     1.569537335               0.00 Joules power/energy-cores/                                                   
     1.569537335               0.00 Joules power/energy-ram/                                                     
     1.570772954               0.01 Joules power/energy-pkg/                                                     
     1.570772954               0.00 Joules power/energy-cores/                                                   
     1.570772954               0.00 Joules power/energy-ram/                                                     
     1.572039343               0.00 Joules power/energy-pkg/                                                     
     1.572039343               0.00 Joules power/energy-cores/                                                   
     1.572039343               0.00 Joules power/energy-ram/                                                     
     1.573306276               0.00 Joules power/energy-pkg/                                                     
     1.573306276               0.00 Joules power/energy-cores/                                                   
     1.573306276               0.00 Joules power/energy-ram/                                                     
     1.574527075               0.00 Joules power/energy-pkg/                                                     
     1.574527075               0.00 Joules power/energy-cores/                                                   
     1.574527075               0.00 Joules power/energy-ram/                                                     
     1.575756651               0.01 Joules power/energy-pkg/                                                     
     1.575756651               0.00 Joules power/energy-cores/                                                   
     1.575756651               0.00 Joules power/energy-ram/                                                     
     1.577032745               0.00 Joules power/energy-pkg/                                                     
     1.577032745               0.00 Joules power/energy-cores/                                                   
     1.577032745               0.00 Joules power/energy-ram/                                                     
     1.578296010               0.00 Joules power/energy-pkg/                                                     
     1.578296010               0.00 Joules power/energy-cores/                                                   
     1.578296010               0.00 Joules power/energy-ram/                                                     
     1.579522302               0.00 Joules power/energy-pkg/                                                     
     1.579522302               0.00 Joules power/energy-cores/                                                   
     1.579522302               0.00 Joules power/energy-ram/                                                     
     1.580749869               0.01 Joules power/energy-pkg/                                                     
     1.580749869               0.00 Joules power/energy-cores/                                                   
     1.580749869               0.00 Joules power/energy-ram/                                                     
     1.582026124               0.00 Joules power/energy-pkg/                                                     
     1.582026124               0.00 Joules power/energy-cores/                                                   
     1.582026124               0.00 Joules power/energy-ram/                                                     
     1.583288946               0.00 Joules power/energy-pkg/                                                     
     1.583288946               0.00 Joules power/energy-cores/                                                   
     1.583288946               0.00 Joules power/energy-ram/                                                     
     1.584516876               0.00 Joules power/energy-pkg/                                                     
     1.584516876               0.00 Joules power/energy-cores/                                                   
     1.584516876               0.00 Joules power/energy-ram/                                                     
     1.585743276               0.00 Joules power/energy-pkg/                                                     
     1.585743276               0.00 Joules power/energy-cores/                                                   
     1.585743276               0.00 Joules power/energy-ram/                                                     
     1.587023887               0.01 Joules power/energy-pkg/                                                     
     1.587023887               0.00 Joules power/energy-cores/                                                   
     1.587023887               0.00 Joules power/energy-ram/                                                     
     1.588266109               0.00 Joules power/energy-pkg/                                                     
     1.588266109               0.00 Joules power/energy-cores/                                                   
     1.588266109               0.00 Joules power/energy-ram/                                                     
