scaphandre::sensors: Sysinfo sees 8
Scaphandre stdout exporter
Sending ⚡ metrics
Measurement step is: 1ms
scaphandre::sensors: Not enough records for socket
Host:	0 W from 
	package 	core		dram		uncore
Top 5 consumers:
Power		PID	Exe
No processes found yet or filter returns no value.
------------------------------------------------------------

Host:	5.922505 W from 
	package 	core		dram		uncore
Socket0	6.169747 W |	2.502637 W	1.07701 W	0 W	

Top 5 consumers:
Power		PID	Exe
0.147326 W	2569821	"/home/boggy/ref_rapl/scaphandre/target/release/scaphandre"
0 W	869	""
0 W	684	""
0 W	5919	""
0 W	63	""
------------------------------------------------------------

Host:	6.000754 W from 
	package 	core		dram		uncore
Socket0	5.089593 W |	1.553283 W	1.036442 W	0 W	

Top 5 consumers:
Power		PID	Exe
0.11941799 W	2569821	"/home/boggy/ref_rapl/scaphandre/target/release/scaphandre"
0 W	869	""
0 W	684	""
0 W	5919	""
0 W	63	""
------------------------------------------------------------

Host:	6.058735 W from 
	package 	core		dram		uncore
Socket0	4.964139 W |	1.455629 W	1.039908 W	0 W	

Top 5 consumers:
Power		PID	Exe
0.1507148 W	2569821	"/home/boggy/ref_rapl/scaphandre/target/release/scaphandre"
0 W	869	""
0 W	684	""
0 W	5919	""
0 W	63	""
------------------------------------------------------------

Host:	6.036311 W from 
	package 	core		dram		uncore
Socket0	4.95443 W |	1.48389 W	1.053252 W	0 W	

Top 5 consumers:
Power		PID	Exe
0.12012559 W	2569821	"/home/boggy/ref_rapl/scaphandre/target/release/scaphandre"
0 W	869	""
0 W	684	""
0 W	5919	""
0 W	63	""
------------------------------------------------------------

Host:	6.026444 W from 
	package 	core		dram		uncore
Socket0	4.992734 W |	1.488365 W	1.041935 W	0 W	

Top 5 consumers:
Power		PID	Exe
0.14698642 W	2569821	"/home/boggy/ref_rapl/scaphandre/target/release/scaphandre"
0 W	869	""
0 W	684	""
0 W	5919	""
0 W	63	""
------------------------------------------------------------

Host:	5.995223 W from 
	package 	core		dram		uncore
Socket0	4.96801 W |	1.455984 W	1.044076 W	0 W	

Top 5 consumers:
Power		PID	Exe
0.14622493 W	2569821	"/home/boggy/ref_rapl/scaphandre/target/release/scaphandre"
0 W	869	""
0 W	684	""
0 W	5919	""
0 W	63	""
------------------------------------------------------------

Host:	6.081505 W from 
	package 	core		dram		uncore
Socket0	4.920873 W |	1.415915 W	1.041409 W	0 W	

Top 5 consumers:
Power		PID	Exe
0.08899763 W	2569821	"/home/boggy/ref_rapl/scaphandre/target/release/scaphandre"
0 W	869	""
0 W	684	""
0 W	5919	""
0 W	63	""
------------------------------------------------------------

Host:	6.120819 W from 
	package 	core		dram		uncore
Socket0	5.178976 W |	1.637067 W	1.039242 W	0 W	

Top 5 consumers:
Power		PID	Exe
0.14928825 W	2569821	"/home/boggy/ref_rapl/scaphandre/target/release/scaphandre"
0 W	869	""
0 W	684	""
0 W	5919	""
0 W	63	""
------------------------------------------------------------

Host:	6.012991 W from 
	package 	core		dram		uncore
Socket0	4.964933 W |	1.506134 W	1.0436 W	0 W	

Top 5 consumers:
Power		PID	Exe
0.0871448 W	2569821	"/home/boggy/ref_rapl/scaphandre/target/release/scaphandre"
0 W	869	""
0 W	684	""
0 W	5919	""
0 W	63	""
------------------------------------------------------------

Host:	6.062434 W from 
	package 	core		dram		uncore
Socket0	4.97901 W |	1.476928 W	1.041194 W	0 W	

Top 5 consumers:
Power		PID	Exe
0.1464356 W	2569821	"/home/boggy/ref_rapl/scaphandre/target/release/scaphandre"
0 W	869	""
0 W	684	""
0 W	5919	""
0 W	63	""
------------------------------------------------------------

Host:	6.000111 W from 
	package 	core		dram		uncore
Socket0	5.012304 W |	1.501983 W	1.044614 W	0 W	

Top 5 consumers:
Power		PID	Exe
0.11594417 W	2569821	"/home/boggy/ref_rapl/scaphandre/target/release/scaphandre"
0 W	869	""
0 W	684	""
0 W	5919	""
0 W	63	""
------------------------------------------------------------

Host:	6.193284 W from 
	package 	core		dram		uncore
Socket0	4.971892 W |	1.477412 W	1.040245 W	0 W	

Top 5 consumers:
Power		PID	Exe
0.14959623 W	2569821	"/home/boggy/ref_rapl/scaphandre/target/release/scaphandre"
0.029919246 W	2389985	""
0 W	869	""
0 W	684	""
0 W	5919	""
------------------------------------------------------------

Host:	6.070198 W from 
	package 	core		dram		uncore
Socket0	5.203322 W |	1.666032 W	1.039554 W	0 W	

Top 5 consumers:
Power		PID	Exe
0.14877936 W	2569821	"/home/boggy/ref_rapl/scaphandre/target/release/scaphandre"
0 W	869	""
0 W	684	""
0 W	5919	""
0 W	63	""
------------------------------------------------------------

Host:	5.963093 W from 
	package 	core		dram		uncore
Socket0	4.95591 W |	1.485643 W	1.050811 W	0 W	

Top 5 consumers:
Power		PID	Exe
0.1169234 W	2569821	"/home/boggy/ref_rapl/scaphandre/target/release/scaphandre"
0 W	869	""
0 W	684	""
0 W	5919	""
0 W	63	""
------------------------------------------------------------

Host:	6.266939 W from 
	package 	core		dram		uncore
Socket0	4.995544 W |	1.489471 W	1.027781 W	0 W	

Top 5 consumers:
Power		PID	Exe
0.12288117 W	2569821	"/home/boggy/ref_rapl/scaphandre/target/release/scaphandre"
0 W	869	""
0 W	684	""
0 W	5919	""
0 W	63	""
------------------------------------------------------------

Host:	12.438858 W from 
	package 	core		dram		uncore
Socket0	6.462827 W |	3.123412 W	1.214719 W	0 W	

Top 5 consumers:
Power		PID	Exe
0.5408199 W	2569840	"/home/boggy/ref_rapl/energy_exp_server/NPB3.4.3/NPB3.4-MPI/bin/mg.C.x"
0.5408199 W	2569841	"/home/boggy/ref_rapl/energy_exp_server/NPB3.4.3/NPB3.4-MPI/bin/mg.C.x"
0.5408199 W	2569843	"/home/boggy/ref_rapl/energy_exp_server/NPB3.4.3/NPB3.4-MPI/bin/mg.C.x"
0.46355993 W	2569821	"/home/boggy/ref_rapl/scaphandre/target/release/scaphandre"
0.46355993 W	2569842	"/home/boggy/ref_rapl/energy_exp_server/NPB3.4.3/NPB3.4-MPI/bin/mg.C.x"
------------------------------------------------------------

Host:	12.827847 W from 
	package 	core		dram		uncore
Socket0	10.938314 W |	7.290086 W	1.816931 W	0 W	

Top 5 consumers:
Power		PID	Exe
0.63740855 W	2569840	"/home/boggy/ref_rapl/energy_exp_server/NPB3.4.3/NPB3.4-MPI/bin/mg.C.x"
0.63740855 W	2569841	"/home/boggy/ref_rapl/energy_exp_server/NPB3.4.3/NPB3.4-MPI/bin/mg.C.x"
0.63740855 W	2569842	"/home/boggy/ref_rapl/energy_exp_server/NPB3.4.3/NPB3.4-MPI/bin/mg.C.x"
0.55773246 W	2569843	"/home/boggy/ref_rapl/energy_exp_server/NPB3.4.3/NPB3.4-MPI/bin/mg.C.x"
0.39838034 W	2569821	"/home/boggy/ref_rapl/scaphandre/target/release/scaphandre"
------------------------------------------------------------

Host:	12.985364 W from 
	package 	core		dram		uncore
Socket0	11.006852 W |	7.287091 W	1.812641 W	0 W	

Top 5 consumers:
Power		PID	Exe
0.6452355 W	2569840	"/home/boggy/ref_rapl/energy_exp_server/NPB3.4.3/NPB3.4-MPI/bin/mg.C.x"
0.6452355 W	2569843	"/home/boggy/ref_rapl/energy_exp_server/NPB3.4.3/NPB3.4-MPI/bin/mg.C.x"
0.6452355 W	2569842	"/home/boggy/ref_rapl/energy_exp_server/NPB3.4.3/NPB3.4-MPI/bin/mg.C.x"
0.56458104 W	2569841	"/home/boggy/ref_rapl/energy_exp_server/NPB3.4.3/NPB3.4-MPI/bin/mg.C.x"
0.48392662 W	2569821	"/home/boggy/ref_rapl/scaphandre/target/release/scaphandre"
------------------------------------------------------------

Host:	35.747522 W from 
	package 	core		dram		uncore
Socket0	12.469755 W |	8.874248 W	1.843846 W	0 W	

Top 5 consumers:
Power		PID	Exe
1.5458388 W	2569841	"/home/boggy/ref_rapl/energy_exp_server/NPB3.4.3/NPB3.4-MPI/bin/mg.C.x"
1.5458388 W	2569843	"/home/boggy/ref_rapl/energy_exp_server/NPB3.4.3/NPB3.4-MPI/bin/mg.C.x"
1.3526089 W	2569840	"/home/boggy/ref_rapl/energy_exp_server/NPB3.4.3/NPB3.4-MPI/bin/mg.C.x"
1.3526089 W	2569842	"/home/boggy/ref_rapl/energy_exp_server/NPB3.4.3/NPB3.4-MPI/bin/mg.C.x"
0.9661493 W	2569821	"/home/boggy/ref_rapl/scaphandre/target/release/scaphandre"
------------------------------------------------------------

Host:	49.306516 W from 
	package 	core		dram		uncore
Socket0	39.321026 W |	35.740036 W	2.445373 W	0 W	

Top 5 consumers:
Power		PID	Exe
1.5991303 W	2569840	"/home/boggy/ref_rapl/energy_exp_server/NPB3.4.3/NPB3.4-MPI/bin/mg.C.x"
1.3326086 W	2569841	"/home/boggy/ref_rapl/energy_exp_server/NPB3.4.3/NPB3.4-MPI/bin/mg.C.x"
1.3326086 W	2569843	"/home/boggy/ref_rapl/energy_exp_server/NPB3.4.3/NPB3.4-MPI/bin/mg.C.x"
1.3326086 W	2569842	"/home/boggy/ref_rapl/energy_exp_server/NPB3.4.3/NPB3.4-MPI/bin/mg.C.x"
0.79956514 W	2569821	"/home/boggy/ref_rapl/scaphandre/target/release/scaphandre"
------------------------------------------------------------

Host:	50.020636 W from 
	package 	core		dram		uncore
Socket0	46.836727 W |	42.693638 W	2.446868 W	0 W	

Top 5 consumers:
Power		PID	Exe
1.8926727 W	2569841	"/home/boggy/ref_rapl/energy_exp_server/NPB3.4.3/NPB3.4-MPI/bin/mg.C.x"
1.8926727 W	2569842	"/home/boggy/ref_rapl/energy_exp_server/NPB3.4.3/NPB3.4-MPI/bin/mg.C.x"
1.6222908 W	2569843	"/home/boggy/ref_rapl/energy_exp_server/NPB3.4.3/NPB3.4-MPI/bin/mg.C.x"
1.3519092 W	2569840	"/home/boggy/ref_rapl/energy_exp_server/NPB3.4.3/NPB3.4-MPI/bin/mg.C.x"
0.8111454 W	2569821	"/home/boggy/ref_rapl/scaphandre/target/release/scaphandre"
------------------------------------------------------------

Host:	52.805327 W from 
	package 	core		dram		uncore
Socket0	45.577045 W |	40.355717 W	4.444396 W	0 W	

Top 5 consumers:
Power		PID	Exe
1.9980394 W	2569840	"/home/boggy/ref_rapl/energy_exp_server/NPB3.4.3/NPB3.4-MPI/bin/mg.C.x"
1.9980394 W	2569843	"/home/boggy/ref_rapl/energy_exp_server/NPB3.4.3/NPB3.4-MPI/bin/mg.C.x"
1.7126051 W	2569841	"/home/boggy/ref_rapl/energy_exp_server/NPB3.4.3/NPB3.4-MPI/bin/mg.C.x"
1.7126051 W	2569842	"/home/boggy/ref_rapl/energy_exp_server/NPB3.4.3/NPB3.4-MPI/bin/mg.C.x"
0.57086843 W	2569821	"/home/boggy/ref_rapl/scaphandre/target/release/scaphandre"
------------------------------------------------------------

Host:	44.930826 W from 
	package 	core		dram		uncore
Socket0	50.58319 W |	46.376137 W	3.702487 W	0 W	

Top 5 consumers:
Power		PID	Exe
1.4114395 W	2569840	"/home/boggy/ref_rapl/energy_exp_server/NPB3.4.3/NPB3.4-MPI/bin/mg.C.x"
1.4114395 W	2569841	"/home/boggy/ref_rapl/energy_exp_server/NPB3.4.3/NPB3.4-MPI/bin/mg.C.x"
1.4114395 W	2569843	"/home/boggy/ref_rapl/energy_exp_server/NPB3.4.3/NPB3.4-MPI/bin/mg.C.x"
1.4114395 W	2569842	"/home/boggy/ref_rapl/energy_exp_server/NPB3.4.3/NPB3.4-MPI/bin/mg.C.x"
0.94095975 W	2569821	"/home/boggy/ref_rapl/scaphandre/target/release/scaphandre"
------------------------------------------------------------

Host:	46.066883 W from 
	package 	core		dram		uncore
Socket0	39.586483 W |	34.593315 W	3.930883 W	0 W	

Top 5 consumers:
Power		PID	Exe
1.6883152 W	2569840	"/home/boggy/ref_rapl/energy_exp_server/NPB3.4.3/NPB3.4-MPI/bin/mg.C.x"
1.6883152 W	2569841	"/home/boggy/ref_rapl/energy_exp_server/NPB3.4.3/NPB3.4-MPI/bin/mg.C.x"
1.6883152 W	2569843	"/home/boggy/ref_rapl/energy_exp_server/NPB3.4.3/NPB3.4-MPI/bin/mg.C.x"
1.6883152 W	2569842	"/home/boggy/ref_rapl/energy_exp_server/NPB3.4.3/NPB3.4-MPI/bin/mg.C.x"
0.9647515 W	2569821	"/home/boggy/ref_rapl/scaphandre/target/release/scaphandre"
------------------------------------------------------------

Host:	52.879736 W from 
	package 	core		dram		uncore
Socket0	43.720528 W |	39.20715 W	4.099725 W	0 W	

Top 5 consumers:
Power		PID	Exe
1.6611434 W	2569841	"/home/boggy/ref_rapl/energy_exp_server/NPB3.4.3/NPB3.4-MPI/bin/mg.C.x"
1.6611434 W	2569842	"/home/boggy/ref_rapl/energy_exp_server/NPB3.4.3/NPB3.4-MPI/bin/mg.C.x"
1.3842863 W	2569840	"/home/boggy/ref_rapl/energy_exp_server/NPB3.4.3/NPB3.4-MPI/bin/mg.C.x"
1.3842863 W	2569843	"/home/boggy/ref_rapl/energy_exp_server/NPB3.4.3/NPB3.4-MPI/bin/mg.C.x"
0.5537145 W	2569821	"/home/boggy/ref_rapl/scaphandre/target/release/scaphandre"
------------------------------------------------------------

Host:	55.590857 W from 
	package 	core		dram		uncore
Socket0	49.660316 W |	45.048817 W	3.927901 W	0 W	

Top 5 consumers:
Power		PID	Exe
1.7463095 W	2569840	"/home/boggy/ref_rapl/energy_exp_server/NPB3.4.3/NPB3.4-MPI/bin/mg.C.x"
1.7463095 W	2569843	"/home/boggy/ref_rapl/energy_exp_server/NPB3.4.3/NPB3.4-MPI/bin/mg.C.x"
1.455258 W	2569841	"/home/boggy/ref_rapl/energy_exp_server/NPB3.4.3/NPB3.4-MPI/bin/mg.C.x"
1.455258 W	2569842	"/home/boggy/ref_rapl/energy_exp_server/NPB3.4.3/NPB3.4-MPI/bin/mg.C.x"
0.58210325 W	2569821	"/home/boggy/ref_rapl/scaphandre/target/release/scaphandre"
------------------------------------------------------------

Host:	54.749413 W from 
	package 	core		dram		uncore
Socket0	51.236046 W |	46.28005 W	4.107772 W	0 W	

Top 5 consumers:
Power		PID	Exe
1.6424824 W	2569840	"/home/boggy/ref_rapl/energy_exp_server/NPB3.4.3/NPB3.4-MPI/bin/mg.C.x"
1.6424824 W	2569841	"/home/boggy/ref_rapl/energy_exp_server/NPB3.4.3/NPB3.4-MPI/bin/mg.C.x"
1.6424824 W	2569843	"/home/boggy/ref_rapl/energy_exp_server/NPB3.4.3/NPB3.4-MPI/bin/mg.C.x"
1.6424824 W	2569842	"/home/boggy/ref_rapl/energy_exp_server/NPB3.4.3/NPB3.4-MPI/bin/mg.C.x"
1.0949882 W	2569821	"/home/boggy/ref_rapl/scaphandre/target/release/scaphandre"
------------------------------------------------------------

Host:	54.685549 W from 
	package 	core		dram		uncore
Socket0	50.817383 W |	46.28281 W	4.094494 W	0 W	

Top 5 consumers:
Power		PID	Exe
1.6405665 W	2569841	"/home/boggy/ref_rapl/energy_exp_server/NPB3.4.3/NPB3.4-MPI/bin/mg.C.x"
1.6405665 W	2569842	"/home/boggy/ref_rapl/energy_exp_server/NPB3.4.3/NPB3.4-MPI/bin/mg.C.x"
1.3671387 W	2569840	"/home/boggy/ref_rapl/energy_exp_server/NPB3.4.3/NPB3.4-MPI/bin/mg.C.x"
1.3671387 W	2569843	"/home/boggy/ref_rapl/energy_exp_server/NPB3.4.3/NPB3.4-MPI/bin/mg.C.x"
0.5468555 W	2569821	"/home/boggy/ref_rapl/scaphandre/target/release/scaphandre"
------------------------------------------------------------

Host:	53.759762 W from 
	package 	core		dram		uncore
Socket0	50.574505 W |	46.315395 W	4.053294 W	0 W	

Top 5 consumers:
Power		PID	Exe
1.8815917 W	2569840	"/home/boggy/ref_rapl/energy_exp_server/NPB3.4.3/NPB3.4-MPI/bin/mg.C.x"
1.6127928 W	2569843	"/home/boggy/ref_rapl/energy_exp_server/NPB3.4.3/NPB3.4-MPI/bin/mg.C.x"
1.343994 W	2569841	"/home/boggy/ref_rapl/energy_exp_server/NPB3.4.3/NPB3.4-MPI/bin/mg.C.x"
0.5375976 W	2569821	"/home/boggy/ref_rapl/scaphandre/target/release/scaphandre"
0.2687988 W	18	""
------------------------------------------------------------

Host:	51.743632 W from 
	package 	core		dram		uncore
Socket0	49.06505 W |	44.1956 W	4.186227 W	0 W	

Top 5 consumers:
Power		PID	Exe
1.552309 W	2569841	"/home/boggy/ref_rapl/energy_exp_server/NPB3.4.3/NPB3.4-MPI/bin/mg.C.x"
1.2935908 W	2569840	"/home/boggy/ref_rapl/energy_exp_server/NPB3.4.3/NPB3.4-MPI/bin/mg.C.x"
1.2935908 W	2569843	"/home/boggy/ref_rapl/energy_exp_server/NPB3.4.3/NPB3.4-MPI/bin/mg.C.x"
1.2935908 W	2569842	"/home/boggy/ref_rapl/energy_exp_server/NPB3.4.3/NPB3.4-MPI/bin/mg.C.x"
0.5174363 W	2569821	"/home/boggy/ref_rapl/scaphandre/target/release/scaphandre"
------------------------------------------------------------

Host:	52.396346 W from 
	package 	core		dram		uncore
Socket0	47.54313 W |	42.939793 W	3.966855 W	0 W	

Top 5 consumers:
Power		PID	Exe
2.049019 W	2569843	"/home/boggy/ref_rapl/energy_exp_server/NPB3.4.3/NPB3.4-MPI/bin/mg.C.x"
1.7563021 W	2569840	"/home/boggy/ref_rapl/energy_exp_server/NPB3.4.3/NPB3.4-MPI/bin/mg.C.x"
1.7563021 W	2569842	"/home/boggy/ref_rapl/energy_exp_server/NPB3.4.3/NPB3.4-MPI/bin/mg.C.x"
1.4635851 W	2569841	"/home/boggy/ref_rapl/energy_exp_server/NPB3.4.3/NPB3.4-MPI/bin/mg.C.x"
0.585434 W	2569821	"/home/boggy/ref_rapl/scaphandre/target/release/scaphandre"
------------------------------------------------------------

Host:	46.060053 W from 
	package 	core		dram		uncore
Socket0	47.75697 W |	43.15482 W	4.385631 W	0 W	

Top 5 consumers:
Power		PID	Exe
1.8012311 W	2569841	"/home/boggy/ref_rapl/energy_exp_server/NPB3.4.3/NPB3.4-MPI/bin/mg.C.x"
1.5439125 W	2569842	"/home/boggy/ref_rapl/energy_exp_server/NPB3.4.3/NPB3.4-MPI/bin/mg.C.x"
1.2865937 W	2569840	"/home/boggy/ref_rapl/energy_exp_server/NPB3.4.3/NPB3.4-MPI/bin/mg.C.x"
1.2865937 W	2569843	"/home/boggy/ref_rapl/energy_exp_server/NPB3.4.3/NPB3.4-MPI/bin/mg.C.x"
1.0292748 W	2569821	"/home/boggy/ref_rapl/scaphandre/target/release/scaphandre"
------------------------------------------------------------

Host:	45.945336 W from 
	package 	core		dram		uncore
Socket0	41.10865 W |	35.80426 W	4.470522 W	0 W	

Top 5 consumers:
Power		PID	Exe
2.3101008 W	2569840	"/home/boggy/ref_rapl/energy_exp_server/NPB3.4.3/NPB3.4-MPI/bin/mg.C.x"
2.0534227 W	2569841	"/home/boggy/ref_rapl/energy_exp_server/NPB3.4.3/NPB3.4-MPI/bin/mg.C.x"
2.0534227 W	2569843	"/home/boggy/ref_rapl/energy_exp_server/NPB3.4.3/NPB3.4-MPI/bin/mg.C.x"
2.0534227 W	2569842	"/home/boggy/ref_rapl/energy_exp_server/NPB3.4.3/NPB3.4-MPI/bin/mg.C.x"
1.2833892 W	2569821	"/home/boggy/ref_rapl/scaphandre/target/release/scaphandre"
------------------------------------------------------------

Host:	51.126233 W from 
	package 	core		dram		uncore
Socket0	41.265545 W |	36.81825 W	4.385872 W	0 W	

Top 5 consumers:
Power		PID	Exe
1.9172338 W	2569840	"/home/boggy/ref_rapl/energy_exp_server/NPB3.4.3/NPB3.4-MPI/bin/mg.C.x"
1.9172338 W	2569841	"/home/boggy/ref_rapl/energy_exp_server/NPB3.4.3/NPB3.4-MPI/bin/mg.C.x"
1.9172338 W	2569843	"/home/boggy/ref_rapl/energy_exp_server/NPB3.4.3/NPB3.4-MPI/bin/mg.C.x"
1.9172338 W	2569842	"/home/boggy/ref_rapl/energy_exp_server/NPB3.4.3/NPB3.4-MPI/bin/mg.C.x"
0.9586169 W	2569821	"/home/boggy/ref_rapl/scaphandre/target/release/scaphandre"
------------------------------------------------------------

Host:	49.902313 W from 
	package 	core		dram		uncore
Socket0	49.773186 W |	44.062088 W	4.129622 W	0 W	

Top 5 consumers:
Power		PID	Exe
1.8713368 W	2569840	"/home/boggy/ref_rapl/energy_exp_server/NPB3.4.3/NPB3.4-MPI/bin/mg.C.x"
1.5594473 W	2569841	"/home/boggy/ref_rapl/energy_exp_server/NPB3.4.3/NPB3.4-MPI/bin/mg.C.x"
1.5594473 W	2569843	"/home/boggy/ref_rapl/energy_exp_server/NPB3.4.3/NPB3.4-MPI/bin/mg.C.x"
1.5594473 W	2569842	"/home/boggy/ref_rapl/energy_exp_server/NPB3.4.3/NPB3.4-MPI/bin/mg.C.x"
0.9356684 W	2569821	"/home/boggy/ref_rapl/scaphandre/target/release/scaphandre"
------------------------------------------------------------

Host:	49.481771 W from 
	package 	core		dram		uncore
Socket0	44.314606 W |	39.340252 W	4.462822 W	0 W	

Top 5 consumers:
Power		PID	Exe
1.8555665 W	2569841	"/home/boggy/ref_rapl/energy_exp_server/NPB3.4.3/NPB3.4-MPI/bin/mg.C.x"
1.8555665 W	2569843	"/home/boggy/ref_rapl/energy_exp_server/NPB3.4.3/NPB3.4-MPI/bin/mg.C.x"
1.8555665 W	2569842	"/home/boggy/ref_rapl/energy_exp_server/NPB3.4.3/NPB3.4-MPI/bin/mg.C.x"
1.5463054 W	2569840	"/home/boggy/ref_rapl/energy_exp_server/NPB3.4.3/NPB3.4-MPI/bin/mg.C.x"
0.6185221 W	2569821	"/home/boggy/ref_rapl/scaphandre/target/release/scaphandre"
------------------------------------------------------------

Host:	51.091687 W from 
	package 	core		dram		uncore
Socket0	44.89893 W |	39.73676 W	4.631901 W	0 W	

Top 5 consumers:
Power		PID	Exe
1.9159384 W	2569840	"/home/boggy/ref_rapl/energy_exp_server/NPB3.4.3/NPB3.4-MPI/bin/mg.C.x"
1.9159384 W	2569843	"/home/boggy/ref_rapl/energy_exp_server/NPB3.4.3/NPB3.4-MPI/bin/mg.C.x"
1.5966152 W	2569841	"/home/boggy/ref_rapl/energy_exp_server/NPB3.4.3/NPB3.4-MPI/bin/mg.C.x"
1.5966152 W	2569842	"/home/boggy/ref_rapl/energy_exp_server/NPB3.4.3/NPB3.4-MPI/bin/mg.C.x"
0.63864607 W	2569821	"/home/boggy/ref_rapl/scaphandre/target/release/scaphandre"
------------------------------------------------------------

Host:	51.013507 W from 
	package 	core		dram		uncore
Socket0	46.213776 W |	41.210396 W	4.76023 W	0 W	

Top 5 consumers:
Power		PID	Exe
1.6817641 W	2569841	"/home/boggy/ref_rapl/energy_exp_server/NPB3.4.3/NPB3.4-MPI/bin/mg.C.x"
1.6817641 W	2569843	"/home/boggy/ref_rapl/energy_exp_server/NPB3.4.3/NPB3.4-MPI/bin/mg.C.x"
1.6817641 W	2569842	"/home/boggy/ref_rapl/energy_exp_server/NPB3.4.3/NPB3.4-MPI/bin/mg.C.x"
1.40147 W	2569840	"/home/boggy/ref_rapl/energy_exp_server/NPB3.4.3/NPB3.4-MPI/bin/mg.C.x"
0.84088206 W	2569821	"/home/boggy/ref_rapl/scaphandre/target/release/scaphandre"
------------------------------------------------------------

Host:	50.855347 W from 
	package 	core		dram		uncore
Socket0	46.33038 W |	41.007465 W	4.790517 W	0 W	

Top 5 consumers:
Power		PID	Exe
1.67655 W	2569840	"/home/boggy/ref_rapl/energy_exp_server/NPB3.4.3/NPB3.4-MPI/bin/mg.C.x"
1.67655 W	2569841	"/home/boggy/ref_rapl/energy_exp_server/NPB3.4.3/NPB3.4-MPI/bin/mg.C.x"
1.67655 W	2569843	"/home/boggy/ref_rapl/energy_exp_server/NPB3.4.3/NPB3.4-MPI/bin/mg.C.x"
1.67655 W	2569842	"/home/boggy/ref_rapl/energy_exp_server/NPB3.4.3/NPB3.4-MPI/bin/mg.C.x"
0.55885 W	2569821	"/home/boggy/ref_rapl/scaphandre/target/release/scaphandre"
------------------------------------------------------------

Host:	50.75427 W from 
	package 	core		dram		uncore
Socket0	46.00448 W |	41.11642 W	4.77319 W	0 W	

Top 5 consumers:
Power		PID	Exe
1.6732179 W	2569840	"/home/boggy/ref_rapl/energy_exp_server/NPB3.4.3/NPB3.4-MPI/bin/mg.C.x"
1.6732179 W	2569843	"/home/boggy/ref_rapl/energy_exp_server/NPB3.4.3/NPB3.4-MPI/bin/mg.C.x"
1.394348 W	2569841	"/home/boggy/ref_rapl/energy_exp_server/NPB3.4.3/NPB3.4-MPI/bin/mg.C.x"
1.394348 W	2569842	"/home/boggy/ref_rapl/energy_exp_server/NPB3.4.3/NPB3.4-MPI/bin/mg.C.x"
0.55773926 W	2569821	"/home/boggy/ref_rapl/scaphandre/target/release/scaphandre"
------------------------------------------------------------

Host:	52.607612 W from 
	package 	core		dram		uncore
Socket0	45.671425 W |	41.192665 W	4.679633 W	0 W	

Top 5 consumers:
Power		PID	Exe
1.734317 W	2569841	"/home/boggy/ref_rapl/energy_exp_server/NPB3.4.3/NPB3.4-MPI/bin/mg.C.x"
1.734317 W	2569842	"/home/boggy/ref_rapl/energy_exp_server/NPB3.4.3/NPB3.4-MPI/bin/mg.C.x"
1.445264 W	2569840	"/home/boggy/ref_rapl/energy_exp_server/NPB3.4.3/NPB3.4-MPI/bin/mg.C.x"
1.445264 W	2569843	"/home/boggy/ref_rapl/energy_exp_server/NPB3.4.3/NPB3.4-MPI/bin/mg.C.x"
0.8671585 W	2569821	"/home/boggy/ref_rapl/scaphandre/target/release/scaphandre"
------------------------------------------------------------

Host:	54.066865 W from 
	package 	core		dram		uncore
Socket0	48.80632 W |	43.60853 W	4.623135 W	0 W	

Top 5 consumers:
Power		PID	Exe
1.8122972 W	2569840	"/home/boggy/ref_rapl/energy_exp_server/NPB3.4.3/NPB3.4-MPI/bin/mg.C.x"
1.8122972 W	2569843	"/home/boggy/ref_rapl/energy_exp_server/NPB3.4.3/NPB3.4-MPI/bin/mg.C.x"
1.5102476 W	2569841	"/home/boggy/ref_rapl/energy_exp_server/NPB3.4.3/NPB3.4-MPI/bin/mg.C.x"
1.5102476 W	2569842	"/home/boggy/ref_rapl/energy_exp_server/NPB3.4.3/NPB3.4-MPI/bin/mg.C.x"
0.604099 W	2569821	"/home/boggy/ref_rapl/scaphandre/target/release/scaphandre"
------------------------------------------------------------

Host:	53.589059 W from 
	package 	core		dram		uncore
Socket0	49.201313 W |	43.658253 W	4.570305 W	0 W	

Top 5 consumers:
Power		PID	Exe
1.7962813 W	2569841	"/home/boggy/ref_rapl/energy_exp_server/NPB3.4.3/NPB3.4-MPI/bin/mg.C.x"
1.7962813 W	2569842	"/home/boggy/ref_rapl/energy_exp_server/NPB3.4.3/NPB3.4-MPI/bin/mg.C.x"
1.4969012 W	2569840	"/home/boggy/ref_rapl/energy_exp_server/NPB3.4.3/NPB3.4-MPI/bin/mg.C.x"
1.4969012 W	2569843	"/home/boggy/ref_rapl/energy_exp_server/NPB3.4.3/NPB3.4-MPI/bin/mg.C.x"
0.5987604 W	2569821	"/home/boggy/ref_rapl/scaphandre/target/release/scaphandre"
------------------------------------------------------------

Host:	50.396482 W from 
	package 	core		dram		uncore
Socket0	49.045696 W |	43.65045 W	4.639763 W	0 W	

Top 5 consumers:
Power		PID	Exe
1.6892676 W	2569840	"/home/boggy/ref_rapl/energy_exp_server/NPB3.4.3/NPB3.4-MPI/bin/mg.C.x"
1.6892676 W	2569841	"/home/boggy/ref_rapl/energy_exp_server/NPB3.4.3/NPB3.4-MPI/bin/mg.C.x"
1.6892676 W	2569843	"/home/boggy/ref_rapl/energy_exp_server/NPB3.4.3/NPB3.4-MPI/bin/mg.C.x"
1.407723 W	2569842	"/home/boggy/ref_rapl/energy_exp_server/NPB3.4.3/NPB3.4-MPI/bin/mg.C.x"
0.8446338 W	2569821	"/home/boggy/ref_rapl/scaphandre/target/release/scaphandre"
------------------------------------------------------------

Host:	50.624412 W from 
	package 	core		dram		uncore
Socket0	45.325096 W |	40.46015 W	4.670983 W	0 W	

Top 5 consumers:
Power		PID	Exe
1.6969078 W	2569840	"/home/boggy/ref_rapl/energy_exp_server/NPB3.4.3/NPB3.4-MPI/bin/mg.C.x"
1.6969078 W	2569842	"/home/boggy/ref_rapl/energy_exp_server/NPB3.4.3/NPB3.4-MPI/bin/mg.C.x"
1.4140898 W	2569841	"/home/boggy/ref_rapl/energy_exp_server/NPB3.4.3/NPB3.4-MPI/bin/mg.C.x"
1.4140898 W	2569843	"/home/boggy/ref_rapl/energy_exp_server/NPB3.4.3/NPB3.4-MPI/bin/mg.C.x"
0.56563586 W	2569821	"/home/boggy/ref_rapl/scaphandre/target/release/scaphandre"
------------------------------------------------------------

Host:	51.936678 W from 
	package 	core		dram		uncore
Socket0	46.085 W |	41.254032 W	4.822938 W	0 W	

Top 5 consumers:
Power		PID	Exe
1.7121984 W	2569841	"/home/boggy/ref_rapl/energy_exp_server/NPB3.4.3/NPB3.4-MPI/bin/mg.C.x"
1.7121984 W	2569843	"/home/boggy/ref_rapl/energy_exp_server/NPB3.4.3/NPB3.4-MPI/bin/mg.C.x"
1.7121984 W	2569842	"/home/boggy/ref_rapl/energy_exp_server/NPB3.4.3/NPB3.4-MPI/bin/mg.C.x"
1.4268317 W	2569840	"/home/boggy/ref_rapl/energy_exp_server/NPB3.4.3/NPB3.4-MPI/bin/mg.C.x"
0.5707328 W	2569821	"/home/boggy/ref_rapl/scaphandre/target/release/scaphandre"
------------------------------------------------------------

Host:	50.654995 W from 
	package 	core		dram		uncore
Socket0	47.073185 W |	41.299168 W	4.748513 W	0 W	

Top 5 consumers:
Power		PID	Exe
1.669945 W	2569840	"/home/boggy/ref_rapl/energy_exp_server/NPB3.4.3/NPB3.4-MPI/bin/mg.C.x"
1.669945 W	2569841	"/home/boggy/ref_rapl/energy_exp_server/NPB3.4.3/NPB3.4-MPI/bin/mg.C.x"
1.669945 W	2569843	"/home/boggy/ref_rapl/energy_exp_server/NPB3.4.3/NPB3.4-MPI/bin/mg.C.x"
1.669945 W	2569842	"/home/boggy/ref_rapl/energy_exp_server/NPB3.4.3/NPB3.4-MPI/bin/mg.C.x"
1.1132966 W	2569821	"/home/boggy/ref_rapl/scaphandre/target/release/scaphandre"
------------------------------------------------------------

Host:	46.622573 W from 
	package 	core		dram		uncore
Socket0	44.053204 W |	39.08292 W	4.701112 W	0 W	

Top 5 consumers:
Power		PID	Exe
1.793176 W	2569840	"/home/boggy/ref_rapl/energy_exp_server/NPB3.4.3/NPB3.4-MPI/bin/mg.C.x"
1.537008 W	2569841	"/home/boggy/ref_rapl/energy_exp_server/NPB3.4.3/NPB3.4-MPI/bin/mg.C.x"
1.537008 W	2569843	"/home/boggy/ref_rapl/energy_exp_server/NPB3.4.3/NPB3.4-MPI/bin/mg.C.x"
1.537008 W	2569842	"/home/boggy/ref_rapl/energy_exp_server/NPB3.4.3/NPB3.4-MPI/bin/mg.C.x"
1.024672 W	2569821	"/home/boggy/ref_rapl/scaphandre/target/release/scaphandre"
------------------------------------------------------------

Host:	43.456865 W from 
	package 	core		dram		uncore
Socket0	40.077847 W |	34.253204 W	4.497244 W	0 W	

Top 5 consumers:
Power		PID	Exe
1.1938698 W	2569821	"/home/boggy/ref_rapl/scaphandre/target/release/scaphandre"
1.1938698 W	2569841	"/home/boggy/ref_rapl/energy_exp_server/NPB3.4.3/NPB3.4-MPI/bin/mg.C.x"
1.1938698 W	2569843	"/home/boggy/ref_rapl/energy_exp_server/NPB3.4.3/NPB3.4-MPI/bin/mg.C.x"
1.1938698 W	2569842	"/home/boggy/ref_rapl/energy_exp_server/NPB3.4.3/NPB3.4-MPI/bin/mg.C.x"
0.955096 W	2569840	"/home/boggy/ref_rapl/energy_exp_server/NPB3.4.3/NPB3.4-MPI/bin/mg.C.x"
------------------------------------------------------------

Host:	43.472224 W from 
	package 	core		dram		uncore
Socket0	39.2402 W |	34.07728 W	4.513332 W	0 W	

Top 5 consumers:
Power		PID	Exe
1.4820076 W	2569821	"/home/boggy/ref_rapl/scaphandre/target/release/scaphandre"
1.4820076 W	2569840	"/home/boggy/ref_rapl/energy_exp_server/NPB3.4.3/NPB3.4-MPI/bin/mg.C.x"
1.2350063 W	2569841	"/home/boggy/ref_rapl/energy_exp_server/NPB3.4.3/NPB3.4-MPI/bin/mg.C.x"
1.2350063 W	2569843	"/home/boggy/ref_rapl/energy_exp_server/NPB3.4.3/NPB3.4-MPI/bin/mg.C.x"
1.2350063 W	2569842	"/home/boggy/ref_rapl/energy_exp_server/NPB3.4.3/NPB3.4-MPI/bin/mg.C.x"
------------------------------------------------------------

Host:	48.452713 W from 
	package 	core		dram		uncore
Socket0	39.370792 W |	34.895077 W	4.559138 W	0 W	

Top 5 consumers:
Power		PID	Exe
1.3764976 W	2569841	"/home/boggy/ref_rapl/energy_exp_server/NPB3.4.3/NPB3.4-MPI/bin/mg.C.x"
1.3764976 W	2569843	"/home/boggy/ref_rapl/energy_exp_server/NPB3.4.3/NPB3.4-MPI/bin/mg.C.x"
1.3764976 W	2569842	"/home/boggy/ref_rapl/energy_exp_server/NPB3.4.3/NPB3.4-MPI/bin/mg.C.x"
1.101198 W	2569821	"/home/boggy/ref_rapl/scaphandre/target/release/scaphandre"
1.101198 W	2569840	"/home/boggy/ref_rapl/energy_exp_server/NPB3.4.3/NPB3.4-MPI/bin/mg.C.x"
------------------------------------------------------------

Host:	50.376916 W from 
	package 	core		dram		uncore
Socket0	45.213627 W |	40.161743 W	4.515065 W	0 W	

Top 5 consumers:
Power		PID	Exe
1.1449299 W	2569821	"/home/boggy/ref_rapl/scaphandre/target/release/scaphandre"
1.1449299 W	2569840	"/home/boggy/ref_rapl/energy_exp_server/NPB3.4.3/NPB3.4-MPI/bin/mg.C.x"
1.1449299 W	2569841	"/home/boggy/ref_rapl/energy_exp_server/NPB3.4.3/NPB3.4-MPI/bin/mg.C.x"
1.1449299 W	2569843	"/home/boggy/ref_rapl/energy_exp_server/NPB3.4.3/NPB3.4-MPI/bin/mg.C.x"
1.1449299 W	2569842	"/home/boggy/ref_rapl/energy_exp_server/NPB3.4.3/NPB3.4-MPI/bin/mg.C.x"
------------------------------------------------------------

Host:	57.116712 W from 
	package 	core		dram		uncore
Socket0	48.608696 W |	43.8318 W	4.087428 W	0 W	

Top 5 consumers:
Power		PID	Exe
0.9735803 W	2569840	"/home/boggy/ref_rapl/energy_exp_server/NPB3.4.3/NPB3.4-MPI/bin/mg.C.x"
0.9735803 W	2569841	"/home/boggy/ref_rapl/energy_exp_server/NPB3.4.3/NPB3.4-MPI/bin/mg.C.x"
0.9735803 W	2569843	"/home/boggy/ref_rapl/energy_exp_server/NPB3.4.3/NPB3.4-MPI/bin/mg.C.x"
0.9735803 W	2569842	"/home/boggy/ref_rapl/energy_exp_server/NPB3.4.3/NPB3.4-MPI/bin/mg.C.x"
0.3245268 W	2569821	"/home/boggy/ref_rapl/scaphandre/target/release/scaphandre"
------------------------------------------------------------

Host:	54.509116 W from 
	package 	core		dram		uncore
Socket0	53.638226 W |	48.99776 W	3.464851 W	0 W	

Top 5 consumers:
Power		PID	Exe
0.9291327 W	2569821	"/home/boggy/ref_rapl/scaphandre/target/release/scaphandre"
0.9291327 W	2569840	"/home/boggy/ref_rapl/energy_exp_server/NPB3.4.3/NPB3.4-MPI/bin/mg.C.x"
0.9291327 W	2569841	"/home/boggy/ref_rapl/energy_exp_server/NPB3.4.3/NPB3.4-MPI/bin/mg.C.x"
0.9291327 W	2569843	"/home/boggy/ref_rapl/energy_exp_server/NPB3.4.3/NPB3.4-MPI/bin/mg.C.x"
0.6194217 W	2569842	"/home/boggy/ref_rapl/energy_exp_server/NPB3.4.3/NPB3.4-MPI/bin/mg.C.x"
------------------------------------------------------------

Host:	43.968518 W from 
	package 	core		dram		uncore
Socket0	44.58089 W |	40.07324 W	3.557244 W	0 W	

Top 5 consumers:
Power		PID	Exe
1.2491057 W	2569840	"/home/boggy/ref_rapl/energy_exp_server/NPB3.4.3/NPB3.4-MPI/bin/mg.C.x"
1.2491057 W	2569842	"/home/boggy/ref_rapl/energy_exp_server/NPB3.4.3/NPB3.4-MPI/bin/mg.C.x"
0.9992845 W	2569821	"/home/boggy/ref_rapl/scaphandre/target/release/scaphandre"
0.9992845 W	2569841	"/home/boggy/ref_rapl/energy_exp_server/NPB3.4.3/NPB3.4-MPI/bin/mg.C.x"
0.9992845 W	2569843	"/home/boggy/ref_rapl/energy_exp_server/NPB3.4.3/NPB3.4-MPI/bin/mg.C.x"
------------------------------------------------------------

Host:	46.069063 W from 
	package 	core		dram		uncore
Socket0	39.710373 W |	34.20867 W	4.54277 W	0 W	

Top 5 consumers:
Power		PID	Exe
1.4396583 W	2569842	"/home/boggy/ref_rapl/energy_exp_server/NPB3.4.3/NPB3.4-MPI/bin/mg.C.x"
1.1997151 W	2569841	"/home/boggy/ref_rapl/energy_exp_server/NPB3.4.3/NPB3.4-MPI/bin/mg.C.x"
1.1997151 W	2569843	"/home/boggy/ref_rapl/energy_exp_server/NPB3.4.3/NPB3.4-MPI/bin/mg.C.x"
0.9597722 W	2569821	"/home/boggy/ref_rapl/scaphandre/target/release/scaphandre"
0.9597722 W	2569840	"/home/boggy/ref_rapl/energy_exp_server/NPB3.4.3/NPB3.4-MPI/bin/mg.C.x"
------------------------------------------------------------

Host:	50.250459 W from 
	package 	core		dram		uncore
Socket0	44.39981 W |	39.38914 W	4.673853 W	0 W	

Top 5 consumers:
Power		PID	Exe
1.0468847 W	2569840	"/home/boggy/ref_rapl/energy_exp_server/NPB3.4.3/NPB3.4-MPI/bin/mg.C.x"
0.78516346 W	2569821	"/home/boggy/ref_rapl/scaphandre/target/release/scaphandre"
0.78516346 W	2569841	"/home/boggy/ref_rapl/energy_exp_server/NPB3.4.3/NPB3.4-MPI/bin/mg.C.x"
0.78516346 W	2569843	"/home/boggy/ref_rapl/energy_exp_server/NPB3.4.3/NPB3.4-MPI/bin/mg.C.x"
0.78516346 W	2569842	"/home/boggy/ref_rapl/energy_exp_server/NPB3.4.3/NPB3.4-MPI/bin/mg.C.x"
------------------------------------------------------------

Host:	51.261365 W from 
	package 	core		dram		uncore
Socket0	45.89108 W |	41.32271 W	4.858081 W	0 W	

Top 5 consumers:
Power		PID	Exe
0.8009588 W	2569821	"/home/boggy/ref_rapl/scaphandre/target/release/scaphandre"
0.8009588 W	2569840	"/home/boggy/ref_rapl/energy_exp_server/NPB3.4.3/NPB3.4-MPI/bin/mg.C.x"
0.8009588 W	2569841	"/home/boggy/ref_rapl/energy_exp_server/NPB3.4.3/NPB3.4-MPI/bin/mg.C.x"
0.8009588 W	2569843	"/home/boggy/ref_rapl/energy_exp_server/NPB3.4.3/NPB3.4-MPI/bin/mg.C.x"
0.8009588 W	2569842	"/home/boggy/ref_rapl/energy_exp_server/NPB3.4.3/NPB3.4-MPI/bin/mg.C.x"
------------------------------------------------------------

Host:	51.504161 W from 
	package 	core		dram		uncore
Socket0	46.375916 W |	41.28675 W	4.810487 W	0 W	

Top 5 consumers:
Power		PID	Exe
1.0730034 W	2569843	"/home/boggy/ref_rapl/energy_exp_server/NPB3.4.3/NPB3.4-MPI/bin/mg.C.x"
0.8047525 W	2569840	"/home/boggy/ref_rapl/energy_exp_server/NPB3.4.3/NPB3.4-MPI/bin/mg.C.x"
0.8047525 W	2569841	"/home/boggy/ref_rapl/energy_exp_server/NPB3.4.3/NPB3.4-MPI/bin/mg.C.x"
0.8047525 W	2569842	"/home/boggy/ref_rapl/energy_exp_server/NPB3.4.3/NPB3.4-MPI/bin/mg.C.x"
0.5365017 W	2569821	"/home/boggy/ref_rapl/scaphandre/target/release/scaphandre"
------------------------------------------------------------

Host:	50.889489 W from 
	package 	core		dram		uncore
Socket0	46.7728 W |	41.527424 W	4.650595 W	0 W	

Top 5 consumers:
Power		PID	Exe
1.0601977 W	2569841	"/home/boggy/ref_rapl/energy_exp_server/NPB3.4.3/NPB3.4-MPI/bin/mg.C.x"
1.0601977 W	2569842	"/home/boggy/ref_rapl/energy_exp_server/NPB3.4.3/NPB3.4-MPI/bin/mg.C.x"
0.79514825 W	2569821	"/home/boggy/ref_rapl/scaphandre/target/release/scaphandre"
0.79514825 W	2569840	"/home/boggy/ref_rapl/energy_exp_server/NPB3.4.3/NPB3.4-MPI/bin/mg.C.x"
0.79514825 W	2569843	"/home/boggy/ref_rapl/energy_exp_server/NPB3.4.3/NPB3.4-MPI/bin/mg.C.x"
------------------------------------------------------------

Host:	51.337769 W from 
	package 	core		dram		uncore
Socket0	47.196888 W |	41.34805 W	4.867903 W	0 W	

Top 5 consumers:
Power		PID	Exe
0.80215263 W	2569840	"/home/boggy/ref_rapl/energy_exp_server/NPB3.4.3/NPB3.4-MPI/bin/mg.C.x"
0.80215263 W	2569841	"/home/boggy/ref_rapl/energy_exp_server/NPB3.4.3/NPB3.4-MPI/bin/mg.C.x"
0.80215263 W	2569843	"/home/boggy/ref_rapl/energy_exp_server/NPB3.4.3/NPB3.4-MPI/bin/mg.C.x"
0.80215263 W	2569842	"/home/boggy/ref_rapl/energy_exp_server/NPB3.4.3/NPB3.4-MPI/bin/mg.C.x"
0.53476846 W	2569821	"/home/boggy/ref_rapl/scaphandre/target/release/scaphandre"
------------------------------------------------------------

Host:	51.539781 W from 
	package 	core		dram		uncore
Socket0	45.567608 W |	41.320404 W	4.684015 W	0 W	

Top 5 consumers:
Power		PID	Exe
0.80530906 W	2569821	"/home/boggy/ref_rapl/scaphandre/target/release/scaphandre"
0.80530906 W	2569840	"/home/boggy/ref_rapl/energy_exp_server/NPB3.4.3/NPB3.4-MPI/bin/mg.C.x"
0.80530906 W	2569841	"/home/boggy/ref_rapl/energy_exp_server/NPB3.4.3/NPB3.4-MPI/bin/mg.C.x"
0.80530906 W	2569843	"/home/boggy/ref_rapl/energy_exp_server/NPB3.4.3/NPB3.4-MPI/bin/mg.C.x"
0.80530906 W	2569842	"/home/boggy/ref_rapl/energy_exp_server/NPB3.4.3/NPB3.4-MPI/bin/mg.C.x"
------------------------------------------------------------

Host:	49.97625 W from 
	package 	core		dram		uncore
Socket0	46.425816 W |	41.560684 W	4.909701 W	0 W	

Top 5 consumers:
Power		PID	Exe
1.1294067 W	2569840	"/home/boggy/ref_rapl/energy_exp_server/NPB3.4.3/NPB3.4-MPI/bin/mg.C.x"
0.84705514 W	2569841	"/home/boggy/ref_rapl/energy_exp_server/NPB3.4.3/NPB3.4-MPI/bin/mg.C.x"
0.84705514 W	2569843	"/home/boggy/ref_rapl/energy_exp_server/NPB3.4.3/NPB3.4-MPI/bin/mg.C.x"
0.84705514 W	2569842	"/home/boggy/ref_rapl/energy_exp_server/NPB3.4.3/NPB3.4-MPI/bin/mg.C.x"
0.56470335 W	2569821	"/home/boggy/ref_rapl/scaphandre/target/release/scaphandre"
------------------------------------------------------------

Host:	52.969803 W from 
	package 	core		dram		uncore
Socket0	45.05384 W |	40.268684 W	4.632455 W	0 W	

Top 5 consumers:
Power		PID	Exe
0.8977933 W	2569821	"/home/boggy/ref_rapl/scaphandre/target/release/scaphandre"
0.8977933 W	2569840	"/home/boggy/ref_rapl/energy_exp_server/NPB3.4.3/NPB3.4-MPI/bin/mg.C.x"
0.8977933 W	2569841	"/home/boggy/ref_rapl/energy_exp_server/NPB3.4.3/NPB3.4-MPI/bin/mg.C.x"
0.8977933 W	2569843	"/home/boggy/ref_rapl/energy_exp_server/NPB3.4.3/NPB3.4-MPI/bin/mg.C.x"
0.8977933 W	2569842	"/home/boggy/ref_rapl/energy_exp_server/NPB3.4.3/NPB3.4-MPI/bin/mg.C.x"
------------------------------------------------------------

Host:	51.716772 W from 
	package 	core		dram		uncore
Socket0	49.925343 W |	44.66021 W	3.794856 W	0 W	

Top 5 consumers:
Power		PID	Exe
0.8765555 W	2569841	"/home/boggy/ref_rapl/energy_exp_server/NPB3.4.3/NPB3.4-MPI/bin/mg.C.x"
0.8765555 W	2569843	"/home/boggy/ref_rapl/energy_exp_server/NPB3.4.3/NPB3.4-MPI/bin/mg.C.x"
0.8765555 W	2569842	"/home/boggy/ref_rapl/energy_exp_server/NPB3.4.3/NPB3.4-MPI/bin/mg.C.x"
0.5843703 W	2569840	"/home/boggy/ref_rapl/energy_exp_server/NPB3.4.3/NPB3.4-MPI/bin/mg.C.x"
0.29218516 W	2569821	"/home/boggy/ref_rapl/scaphandre/target/release/scaphandre"
------------------------------------------------------------

Host:	49.700951 W from 
	package 	core		dram		uncore
Socket0	46.695423 W |	43.013035 W	4.089983 W	0 W	

Top 5 consumers:
Power		PID	Exe
0.842389 W	2569840	"/home/boggy/ref_rapl/energy_exp_server/NPB3.4.3/NPB3.4-MPI/bin/mg.C.x"
0.842389 W	2569841	"/home/boggy/ref_rapl/energy_exp_server/NPB3.4.3/NPB3.4-MPI/bin/mg.C.x"
0.842389 W	2569843	"/home/boggy/ref_rapl/energy_exp_server/NPB3.4.3/NPB3.4-MPI/bin/mg.C.x"
0.842389 W	2569842	"/home/boggy/ref_rapl/energy_exp_server/NPB3.4.3/NPB3.4-MPI/bin/mg.C.x"
0.5615927 W	2569821	"/home/boggy/ref_rapl/scaphandre/target/release/scaphandre"
------------------------------------------------------------

Host:	49.067807 W from 
	package 	core		dram		uncore
Socket0	44.93217 W |	40.06348 W	4.66897 W	0 W	

Top 5 consumers:
Power		PID	Exe
0.83165777 W	2569821	"/home/boggy/ref_rapl/scaphandre/target/release/scaphandre"
0.83165777 W	2569840	"/home/boggy/ref_rapl/energy_exp_server/NPB3.4.3/NPB3.4-MPI/bin/mg.C.x"
0.83165777 W	2569841	"/home/boggy/ref_rapl/energy_exp_server/NPB3.4.3/NPB3.4-MPI/bin/mg.C.x"
0.83165777 W	2569843	"/home/boggy/ref_rapl/energy_exp_server/NPB3.4.3/NPB3.4-MPI/bin/mg.C.x"
0.83165777 W	2569842	"/home/boggy/ref_rapl/energy_exp_server/NPB3.4.3/NPB3.4-MPI/bin/mg.C.x"
------------------------------------------------------------

Host:	47.995884 W from 
	package 	core		dram		uncore
Socket0	45.989372 W |	40.106377 W	4.338188 W	0 W	

Top 5 consumers:
Power		PID	Exe
1.0846528 W	2569840	"/home/boggy/ref_rapl/energy_exp_server/NPB3.4.3/NPB3.4-MPI/bin/mg.C.x"
0.81348956 W	2569821	"/home/boggy/ref_rapl/scaphandre/target/release/scaphandre"
0.81348956 W	2569841	"/home/boggy/ref_rapl/energy_exp_server/NPB3.4.3/NPB3.4-MPI/bin/mg.C.x"
0.81348956 W	2569843	"/home/boggy/ref_rapl/energy_exp_server/NPB3.4.3/NPB3.4-MPI/bin/mg.C.x"
0.81348956 W	2569842	"/home/boggy/ref_rapl/energy_exp_server/NPB3.4.3/NPB3.4-MPI/bin/mg.C.x"
------------------------------------------------------------

Host:	45.821864 W from 
	package 	core		dram		uncore
Socket0	41.814095 W |	36.735535 W	4.489917 W	0 W	

Top 5 consumers:
Power		PID	Exe
1.697106 W	2569821	"/home/boggy/ref_rapl/scaphandre/target/release/scaphandre"
1.697106 W	2569841	"/home/boggy/ref_rapl/energy_exp_server/NPB3.4.3/NPB3.4-MPI/bin/mg.C.x"
1.697106 W	2569843	"/home/boggy/ref_rapl/energy_exp_server/NPB3.4.3/NPB3.4-MPI/bin/mg.C.x"
1.4142551 W	2569840	"/home/boggy/ref_rapl/energy_exp_server/NPB3.4.3/NPB3.4-MPI/bin/mg.C.x"
1.4142551 W	2569842	"/home/boggy/ref_rapl/energy_exp_server/NPB3.4.3/NPB3.4-MPI/bin/mg.C.x"
------------------------------------------------------------

Host:	45.841251 W from 
	package 	core		dram		uncore
Socket0	40.90104 W |	35.792934 W	4.661482 W	0 W	

Top 5 consumers:
Power		PID	Exe
1.4148535 W	2569840	"/home/boggy/ref_rapl/energy_exp_server/NPB3.4.3/NPB3.4-MPI/bin/mg.C.x"
1.4148535 W	2569841	"/home/boggy/ref_rapl/energy_exp_server/NPB3.4.3/NPB3.4-MPI/bin/mg.C.x"
1.4148535 W	2569843	"/home/boggy/ref_rapl/energy_exp_server/NPB3.4.3/NPB3.4-MPI/bin/mg.C.x"
1.4148535 W	2569842	"/home/boggy/ref_rapl/energy_exp_server/NPB3.4.3/NPB3.4-MPI/bin/mg.C.x"
1.1318828 W	2569821	"/home/boggy/ref_rapl/scaphandre/target/release/scaphandre"
------------------------------------------------------------

Host:	51.40748 W from 
	package 	core		dram		uncore
Socket0	42.395542 W |	37.246735 W	4.5076 W	0 W	

Top 5 consumers:
Power		PID	Exe
1.2693205 W	2569840	"/home/boggy/ref_rapl/energy_exp_server/NPB3.4.3/NPB3.4-MPI/bin/mg.C.x"
1.2693205 W	2569841	"/home/boggy/ref_rapl/energy_exp_server/NPB3.4.3/NPB3.4-MPI/bin/mg.C.x"
1.2693205 W	2569843	"/home/boggy/ref_rapl/energy_exp_server/NPB3.4.3/NPB3.4-MPI/bin/mg.C.x"
1.2693205 W	2569842	"/home/boggy/ref_rapl/energy_exp_server/NPB3.4.3/NPB3.4-MPI/bin/mg.C.x"
0.95199037 W	2569821	"/home/boggy/ref_rapl/scaphandre/target/release/scaphandre"
------------------------------------------------------------

Host:	54.856723 W from 
	package 	core		dram		uncore
Socket0	48.21563 W |	43.365734 W	4.422645 W	0 W	

Top 5 consumers:
Power		PID	Exe
1.0158652 W	2569840	"/home/boggy/ref_rapl/energy_exp_server/NPB3.4.3/NPB3.4-MPI/bin/mg.C.x"
1.0158652 W	2569841	"/home/boggy/ref_rapl/energy_exp_server/NPB3.4.3/NPB3.4-MPI/bin/mg.C.x"
1.0158652 W	2569843	"/home/boggy/ref_rapl/energy_exp_server/NPB3.4.3/NPB3.4-MPI/bin/mg.C.x"
1.0158652 W	2569842	"/home/boggy/ref_rapl/energy_exp_server/NPB3.4.3/NPB3.4-MPI/bin/mg.C.x"
0.6772435 W	2569821	"/home/boggy/ref_rapl/scaphandre/target/release/scaphandre"
------------------------------------------------------------

Host:	50.63857 W from 
	package 	core		dram		uncore
Socket0	49.730827 W |	45.073788 W	4.341765 W	0 W	

Top 5 consumers:
Power		PID	Exe
1.250335 W	2569842	"/home/boggy/ref_rapl/energy_exp_server/NPB3.4.3/NPB3.4-MPI/bin/mg.C.x"
0.93775123 W	2569821	"/home/boggy/ref_rapl/scaphandre/target/release/scaphandre"
0.93775123 W	2569840	"/home/boggy/ref_rapl/energy_exp_server/NPB3.4.3/NPB3.4-MPI/bin/mg.C.x"
0.93775123 W	2569841	"/home/boggy/ref_rapl/energy_exp_server/NPB3.4.3/NPB3.4-MPI/bin/mg.C.x"
0.93775123 W	2569843	"/home/boggy/ref_rapl/energy_exp_server/NPB3.4.3/NPB3.4-MPI/bin/mg.C.x"
------------------------------------------------------------

Host:	48.855664 W from 
	package 	core		dram		uncore
Socket0	46.402077 W |	40.49848 W	4.507551 W	0 W	

Top 5 consumers:
Power		PID	Exe
0.9047345 W	2569821	"/home/boggy/ref_rapl/scaphandre/target/release/scaphandre"
0.9047345 W	2569840	"/home/boggy/ref_rapl/energy_exp_server/NPB3.4.3/NPB3.4-MPI/bin/mg.C.x"
0.9047345 W	2569841	"/home/boggy/ref_rapl/energy_exp_server/NPB3.4.3/NPB3.4-MPI/bin/mg.C.x"
0.9047345 W	2569843	"/home/boggy/ref_rapl/energy_exp_server/NPB3.4.3/NPB3.4-MPI/bin/mg.C.x"
0.9047345 W	2569842	"/home/boggy/ref_rapl/energy_exp_server/NPB3.4.3/NPB3.4-MPI/bin/mg.C.x"
------------------------------------------------------------

Host:	51.232076 W from 
	package 	core		dram		uncore
Socket0	45.850063 W |	40.49909 W	4.583915 W	0 W	

Top 5 consumers:
Power		PID	Exe
0.8683403 W	2569840	"/home/boggy/ref_rapl/energy_exp_server/NPB3.4.3/NPB3.4-MPI/bin/mg.C.x"
0.8683403 W	2569841	"/home/boggy/ref_rapl/energy_exp_server/NPB3.4.3/NPB3.4-MPI/bin/mg.C.x"
0.8683403 W	2569843	"/home/boggy/ref_rapl/energy_exp_server/NPB3.4.3/NPB3.4-MPI/bin/mg.C.x"
0.8683403 W	2569842	"/home/boggy/ref_rapl/energy_exp_server/NPB3.4.3/NPB3.4-MPI/bin/mg.C.x"
0.5788935 W	2569821	"/home/boggy/ref_rapl/scaphandre/target/release/scaphandre"
------------------------------------------------------------

Host:	52.108015 W from 
	package 	core		dram		uncore
Socket0	46.592106 W |	41.44184 W	4.660516 W	0 W	

Top 5 consumers:
Power		PID	Exe
1.1775823 W	2569840	"/home/boggy/ref_rapl/energy_exp_server/NPB3.4.3/NPB3.4-MPI/bin/mg.C.x"
0.8831867 W	2569841	"/home/boggy/ref_rapl/energy_exp_server/NPB3.4.3/NPB3.4-MPI/bin/mg.C.x"
0.8831867 W	2569843	"/home/boggy/ref_rapl/energy_exp_server/NPB3.4.3/NPB3.4-MPI/bin/mg.C.x"
0.8831867 W	2569842	"/home/boggy/ref_rapl/energy_exp_server/NPB3.4.3/NPB3.4-MPI/bin/mg.C.x"
0.58879113 W	2569821	"/home/boggy/ref_rapl/scaphandre/target/release/scaphandre"
------------------------------------------------------------

Host:	53.73744 W from 
	package 	core		dram		uncore
Socket0	47.22407 W |	42.901394 W	4.844911 W	0 W	

Top 5 consumers:
Power		PID	Exe
1.2144054 W	2569843	"/home/boggy/ref_rapl/energy_exp_server/NPB3.4.3/NPB3.4-MPI/bin/mg.C.x"
0.91080403 W	2569840	"/home/boggy/ref_rapl/energy_exp_server/NPB3.4.3/NPB3.4-MPI/bin/mg.C.x"
0.91080403 W	2569841	"/home/boggy/ref_rapl/energy_exp_server/NPB3.4.3/NPB3.4-MPI/bin/mg.C.x"
0.91080403 W	2569842	"/home/boggy/ref_rapl/energy_exp_server/NPB3.4.3/NPB3.4-MPI/bin/mg.C.x"
0.6072027 W	2569821	"/home/boggy/ref_rapl/scaphandre/target/release/scaphandre"
------------------------------------------------------------

Host:	51.740946 W from 
	package 	core		dram		uncore
Socket0	48.601894 W |	42.8245 W	4.697678 W	0 W	

Top 5 consumers:
Power		PID	Exe
1.1692868 W	2569821	"/home/boggy/ref_rapl/scaphandre/target/release/scaphandre"
1.1692868 W	2569841	"/home/boggy/ref_rapl/energy_exp_server/NPB3.4.3/NPB3.4-MPI/bin/mg.C.x"
0.87696517 W	2569840	"/home/boggy/ref_rapl/energy_exp_server/NPB3.4.3/NPB3.4-MPI/bin/mg.C.x"
0.87696517 W	2569843	"/home/boggy/ref_rapl/energy_exp_server/NPB3.4.3/NPB3.4-MPI/bin/mg.C.x"
0.87696517 W	2569842	"/home/boggy/ref_rapl/energy_exp_server/NPB3.4.3/NPB3.4-MPI/bin/mg.C.x"
------------------------------------------------------------

Host:	53.21327 W from 
	package 	core		dram		uncore
Socket0	47.150566 W |	42.775196 W	4.845295 W	0 W	

Top 5 consumers:
Power		PID	Exe
0.9019199 W	2569840	"/home/boggy/ref_rapl/energy_exp_server/NPB3.4.3/NPB3.4-MPI/bin/mg.C.x"
0.9019199 W	2569841	"/home/boggy/ref_rapl/energy_exp_server/NPB3.4.3/NPB3.4-MPI/bin/mg.C.x"
0.9019199 W	2569843	"/home/boggy/ref_rapl/energy_exp_server/NPB3.4.3/NPB3.4-MPI/bin/mg.C.x"
0.9019199 W	2569842	"/home/boggy/ref_rapl/energy_exp_server/NPB3.4.3/NPB3.4-MPI/bin/mg.C.x"
0.60127985 W	2569821	"/home/boggy/ref_rapl/scaphandre/target/release/scaphandre"
------------------------------------------------------------

Host:	53.484195 W from 
	package 	core		dram		uncore
Socket0	48.29469 W |	42.712692 W	4.81749 W	0 W	

Top 5 consumers:
Power		PID	Exe
0.9065118 W	2569840	"/home/boggy/ref_rapl/energy_exp_server/NPB3.4.3/NPB3.4-MPI/bin/mg.C.x"
0.9065118 W	2569841	"/home/boggy/ref_rapl/energy_exp_server/NPB3.4.3/NPB3.4-MPI/bin/mg.C.x"
0.9065118 W	2569843	"/home/boggy/ref_rapl/energy_exp_server/NPB3.4.3/NPB3.4-MPI/bin/mg.C.x"
0.9065118 W	2569842	"/home/boggy/ref_rapl/energy_exp_server/NPB3.4.3/NPB3.4-MPI/bin/mg.C.x"
0.6043412 W	2569821	"/home/boggy/ref_rapl/scaphandre/target/release/scaphandre"
------------------------------------------------------------

Host:	51.73245 W from 
	package 	core		dram		uncore
Socket0	47.41652 W |	42.739853 W	4.739614 W	0 W	

Top 5 consumers:
Power		PID	Exe
1.1690949 W	2569842	"/home/boggy/ref_rapl/energy_exp_server/NPB3.4.3/NPB3.4-MPI/bin/mg.C.x"
0.87682116 W	2569821	"/home/boggy/ref_rapl/scaphandre/target/release/scaphandre"
0.87682116 W	2569840	"/home/boggy/ref_rapl/energy_exp_server/NPB3.4.3/NPB3.4-MPI/bin/mg.C.x"
0.87682116 W	2569841	"/home/boggy/ref_rapl/energy_exp_server/NPB3.4.3/NPB3.4-MPI/bin/mg.C.x"
0.87682116 W	2569843	"/home/boggy/ref_rapl/energy_exp_server/NPB3.4.3/NPB3.4-MPI/bin/mg.C.x"
------------------------------------------------------------

Host:	51.344534 W from 
	package 	core		dram		uncore
Socket0	48.273 W |	42.7684 W	4.811624 W	0 W	

Top 5 consumers:
Power		PID	Exe
0.87024635 W	2569840	"/home/boggy/ref_rapl/energy_exp_server/NPB3.4.3/NPB3.4-MPI/bin/mg.C.x"
0.87024635 W	2569841	"/home/boggy/ref_rapl/energy_exp_server/NPB3.4.3/NPB3.4-MPI/bin/mg.C.x"
0.87024635 W	2569843	"/home/boggy/ref_rapl/energy_exp_server/NPB3.4.3/NPB3.4-MPI/bin/mg.C.x"
0.87024635 W	2569842	"/home/boggy/ref_rapl/energy_exp_server/NPB3.4.3/NPB3.4-MPI/bin/mg.C.x"
0.58016425 W	2569821	"/home/boggy/ref_rapl/scaphandre/target/release/scaphandre"
------------------------------------------------------------

Host:	54.089718 W from 
	package 	core		dram		uncore
Socket0	46.88921 W |	42.191463 W	4.114582 W	0 W	

Top 5 consumers:
Power		PID	Exe
1.2223665 W	2569841	"/home/boggy/ref_rapl/energy_exp_server/NPB3.4.3/NPB3.4-MPI/bin/mg.C.x"
0.91677487 W	2569840	"/home/boggy/ref_rapl/energy_exp_server/NPB3.4.3/NPB3.4-MPI/bin/mg.C.x"
0.91677487 W	2569843	"/home/boggy/ref_rapl/energy_exp_server/NPB3.4.3/NPB3.4-MPI/bin/mg.C.x"
0.91677487 W	2569842	"/home/boggy/ref_rapl/energy_exp_server/NPB3.4.3/NPB3.4-MPI/bin/mg.C.x"
0.6111832 W	2569821	"/home/boggy/ref_rapl/scaphandre/target/release/scaphandre"
------------------------------------------------------------

Host:	55.044569 W from 
	package 	core		dram		uncore
Socket0	50.918465 W |	44.985912 W	4.162825 W	0 W	

Top 5 consumers:
Power		PID	Exe
0.93295884 W	2569840	"/home/boggy/ref_rapl/energy_exp_server/NPB3.4.3/NPB3.4-MPI/bin/mg.C.x"
0.93295884 W	2569841	"/home/boggy/ref_rapl/energy_exp_server/NPB3.4.3/NPB3.4-MPI/bin/mg.C.x"
0.93295884 W	2569843	"/home/boggy/ref_rapl/energy_exp_server/NPB3.4.3/NPB3.4-MPI/bin/mg.C.x"
0.93295884 W	2569842	"/home/boggy/ref_rapl/energy_exp_server/NPB3.4.3/NPB3.4-MPI/bin/mg.C.x"
0.6219725 W	2569821	"/home/boggy/ref_rapl/scaphandre/target/release/scaphandre"
------------------------------------------------------------

Host:	53.586688 W from 
	package 	core		dram		uncore
Socket0	50.463585 W |	45.443497 W	4.579968 W	0 W	

Top 5 consumers:
Power		PID	Exe
0.908249 W	2569821	"/home/boggy/ref_rapl/scaphandre/target/release/scaphandre"
0.908249 W	2569840	"/home/boggy/ref_rapl/energy_exp_server/NPB3.4.3/NPB3.4-MPI/bin/mg.C.x"
0.908249 W	2569841	"/home/boggy/ref_rapl/energy_exp_server/NPB3.4.3/NPB3.4-MPI/bin/mg.C.x"
0.908249 W	2569843	"/home/boggy/ref_rapl/energy_exp_server/NPB3.4.3/NPB3.4-MPI/bin/mg.C.x"
0.908249 W	2569842	"/home/boggy/ref_rapl/energy_exp_server/NPB3.4.3/NPB3.4-MPI/bin/mg.C.x"
------------------------------------------------------------

Host:	56.855385 W from 
	package 	core		dram		uncore
Socket0	50.55174 W |	45.28752 W	4.613677 W	0 W	

Top 5 consumers:
Power		PID	Exe
0.96365064 W	2569840	"/home/boggy/ref_rapl/energy_exp_server/NPB3.4.3/NPB3.4-MPI/bin/mg.C.x"
0.96365064 W	2569841	"/home/boggy/ref_rapl/energy_exp_server/NPB3.4.3/NPB3.4-MPI/bin/mg.C.x"
0.96365064 W	2569843	"/home/boggy/ref_rapl/energy_exp_server/NPB3.4.3/NPB3.4-MPI/bin/mg.C.x"
0.96365064 W	2569842	"/home/boggy/ref_rapl/energy_exp_server/NPB3.4.3/NPB3.4-MPI/bin/mg.C.x"
0.64243376 W	2569821	"/home/boggy/ref_rapl/scaphandre/target/release/scaphandre"
------------------------------------------------------------

Host:	54.781002 W from 
	package 	core		dram		uncore
Socket0	50.388756 W |	45.30427 W	4.601737 W	0 W	

Top 5 consumers:
Power		PID	Exe
0.92849153 W	2569840	"/home/boggy/ref_rapl/energy_exp_server/NPB3.4.3/NPB3.4-MPI/bin/mg.C.x"
0.92849153 W	2569841	"/home/boggy/ref_rapl/energy_exp_server/NPB3.4.3/NPB3.4-MPI/bin/mg.C.x"
0.92849153 W	2569843	"/home/boggy/ref_rapl/energy_exp_server/NPB3.4.3/NPB3.4-MPI/bin/mg.C.x"
0.61899436 W	2569821	"/home/boggy/ref_rapl/scaphandre/target/release/scaphandre"
0.61899436 W	2569842	"/home/boggy/ref_rapl/energy_exp_server/NPB3.4.3/NPB3.4-MPI/bin/mg.C.x"
------------------------------------------------------------

Host:	55.235261 W from 
	package 	core		dram		uncore
Socket0	50.199 W |	45.46374 W	4.564921 W	0 W	

Top 5 consumers:
Power		PID	Exe
1.2482545 W	2569842	"/home/boggy/ref_rapl/energy_exp_server/NPB3.4.3/NPB3.4-MPI/bin/mg.C.x"
0.9361909 W	2569821	"/home/boggy/ref_rapl/scaphandre/target/release/scaphandre"
0.9361909 W	2569840	"/home/boggy/ref_rapl/energy_exp_server/NPB3.4.3/NPB3.4-MPI/bin/mg.C.x"
0.9361909 W	2569841	"/home/boggy/ref_rapl/energy_exp_server/NPB3.4.3/NPB3.4-MPI/bin/mg.C.x"
0.9361909 W	2569843	"/home/boggy/ref_rapl/energy_exp_server/NPB3.4.3/NPB3.4-MPI/bin/mg.C.x"
------------------------------------------------------------

Host:	52.982106 W from 
	package 	core		dram		uncore
Socket0	50.592304 W |	45.346085 W	4.616946 W	0 W	

Top 5 consumers:
Power		PID	Exe
0.95750785 W	2569840	"/home/boggy/ref_rapl/energy_exp_server/NPB3.4.3/NPB3.4-MPI/bin/mg.C.x"
0.95750785 W	2569841	"/home/boggy/ref_rapl/energy_exp_server/NPB3.4.3/NPB3.4-MPI/bin/mg.C.x"
0.95750785 W	2569843	"/home/boggy/ref_rapl/energy_exp_server/NPB3.4.3/NPB3.4-MPI/bin/mg.C.x"
0.95750785 W	2569842	"/home/boggy/ref_rapl/energy_exp_server/NPB3.4.3/NPB3.4-MPI/bin/mg.C.x"
0.63833857 W	2569821	"/home/boggy/ref_rapl/scaphandre/target/release/scaphandre"
------------------------------------------------------------

Host:	51.799099 W from 
	package 	core		dram		uncore
Socket0	48.000584 W |	43.429302 W	4.305904 W	0 W	

Top 5 consumers:
Power		PID	Exe
1.248171 W	2569840	"/home/boggy/ref_rapl/energy_exp_server/NPB3.4.3/NPB3.4-MPI/bin/mg.C.x"
0.93612826 W	2569841	"/home/boggy/ref_rapl/energy_exp_server/NPB3.4.3/NPB3.4-MPI/bin/mg.C.x"
0.93612826 W	2569843	"/home/boggy/ref_rapl/energy_exp_server/NPB3.4.3/NPB3.4-MPI/bin/mg.C.x"
0.93612826 W	2569842	"/home/boggy/ref_rapl/energy_exp_server/NPB3.4.3/NPB3.4-MPI/bin/mg.C.x"
0.6240855 W	2569821	"/home/boggy/ref_rapl/scaphandre/target/release/scaphandre"
------------------------------------------------------------

Host:	53.211774 W from 
	package 	core		dram		uncore
Socket0	49.119354 W |	43.393543 W	4.515493 W	0 W	

Top 5 consumers:
Power		PID	Exe
0.9616585 W	2569821	"/home/boggy/ref_rapl/scaphandre/target/release/scaphandre"
0.9616585 W	2569840	"/home/boggy/ref_rapl/energy_exp_server/NPB3.4.3/NPB3.4-MPI/bin/mg.C.x"
0.9616585 W	2569841	"/home/boggy/ref_rapl/energy_exp_server/NPB3.4.3/NPB3.4-MPI/bin/mg.C.x"
0.9616585 W	2569843	"/home/boggy/ref_rapl/energy_exp_server/NPB3.4.3/NPB3.4-MPI/bin/mg.C.x"
0.9616585 W	2569842	"/home/boggy/ref_rapl/energy_exp_server/NPB3.4.3/NPB3.4-MPI/bin/mg.C.x"
------------------------------------------------------------

Host:	52.979314 W from 
	package 	core		dram		uncore
Socket0	48.234276 W |	43.115475 W	4.776706 W	0 W	

Top 5 consumers:
Power		PID	Exe
0.9574574 W	2569821	"/home/boggy/ref_rapl/scaphandre/target/release/scaphandre"
0.9574574 W	2569840	"/home/boggy/ref_rapl/energy_exp_server/NPB3.4.3/NPB3.4-MPI/bin/mg.C.x"
0.9574574 W	2569841	"/home/boggy/ref_rapl/energy_exp_server/NPB3.4.3/NPB3.4-MPI/bin/mg.C.x"
0.9574574 W	2569843	"/home/boggy/ref_rapl/energy_exp_server/NPB3.4.3/NPB3.4-MPI/bin/mg.C.x"
0.9574574 W	2569842	"/home/boggy/ref_rapl/energy_exp_server/NPB3.4.3/NPB3.4-MPI/bin/mg.C.x"
------------------------------------------------------------

Host:	53.319904 W from 
	package 	core		dram		uncore
Socket0	47.022408 W |	43.129128 W	4.797137 W	0 W	

Top 5 consumers:
Power		PID	Exe
1.2848169 W	2569840	"/home/boggy/ref_rapl/energy_exp_server/NPB3.4.3/NPB3.4-MPI/bin/mg.C.x"
1.2848169 W	2569843	"/home/boggy/ref_rapl/energy_exp_server/NPB3.4.3/NPB3.4-MPI/bin/mg.C.x"
0.9636127 W	2569841	"/home/boggy/ref_rapl/energy_exp_server/NPB3.4.3/NPB3.4-MPI/bin/mg.C.x"
0.9636127 W	2569842	"/home/boggy/ref_rapl/energy_exp_server/NPB3.4.3/NPB3.4-MPI/bin/mg.C.x"
0.64240843 W	2569821	"/home/boggy/ref_rapl/scaphandre/target/release/scaphandre"
------------------------------------------------------------

Host:	52.527024 W from 
	package 	core		dram		uncore
Socket0	48.553295 W |	43.007847 W	4.663974 W	0 W	

Top 5 consumers:
Power		PID	Exe
1.2657114 W	2569841	"/home/boggy/ref_rapl/energy_exp_server/NPB3.4.3/NPB3.4-MPI/bin/mg.C.x"
0.9492835 W	2569840	"/home/boggy/ref_rapl/energy_exp_server/NPB3.4.3/NPB3.4-MPI/bin/mg.C.x"
0.9492835 W	2569843	"/home/boggy/ref_rapl/energy_exp_server/NPB3.4.3/NPB3.4-MPI/bin/mg.C.x"
0.9492835 W	2569842	"/home/boggy/ref_rapl/energy_exp_server/NPB3.4.3/NPB3.4-MPI/bin/mg.C.x"
0.6328557 W	2569821	"/home/boggy/ref_rapl/scaphandre/target/release/scaphandre"
------------------------------------------------------------

Host:	53.259837 W from 
	package 	core		dram		uncore
Socket0	47.78463 W |	42.88151 W	4.890344 W	0 W	

Top 5 consumers:
Power		PID	Exe
0.9625271 W	2569840	"/home/boggy/ref_rapl/energy_exp_server/NPB3.4.3/NPB3.4-MPI/bin/mg.C.x"
0.9625271 W	2569841	"/home/boggy/ref_rapl/energy_exp_server/NPB3.4.3/NPB3.4-MPI/bin/mg.C.x"
0.9625271 W	2569843	"/home/boggy/ref_rapl/energy_exp_server/NPB3.4.3/NPB3.4-MPI/bin/mg.C.x"
0.9625271 W	2569842	"/home/boggy/ref_rapl/energy_exp_server/NPB3.4.3/NPB3.4-MPI/bin/mg.C.x"
0.6416848 W	2569821	"/home/boggy/ref_rapl/scaphandre/target/release/scaphandre"
------------------------------------------------------------

Host:	53.397752 W from 
	package 	core		dram		uncore
Socket0	48.379707 W |	43.142834 W	4.803845 W	0 W	

Top 5 consumers:
Power		PID	Exe
1.1932458 W	2569842	"/home/boggy/ref_rapl/energy_exp_server/NPB3.4.3/NPB3.4-MPI/bin/mg.C.x"
0.8949344 W	2569821	"/home/boggy/ref_rapl/scaphandre/target/release/scaphandre"
0.8949344 W	2569840	"/home/boggy/ref_rapl/energy_exp_server/NPB3.4.3/NPB3.4-MPI/bin/mg.C.x"
0.8949344 W	2569841	"/home/boggy/ref_rapl/energy_exp_server/NPB3.4.3/NPB3.4-MPI/bin/mg.C.x"
0.8949344 W	2569843	"/home/boggy/ref_rapl/energy_exp_server/NPB3.4.3/NPB3.4-MPI/bin/mg.C.x"
------------------------------------------------------------

Host:	50.929905 W from 
	package 	core		dram		uncore
Socket0	48.824287 W |	43.138386 W	4.671673 W	0 W	

Top 5 consumers:
Power		PID	Exe
0.85357386 W	2569821	"/home/boggy/ref_rapl/scaphandre/target/release/scaphandre"
0.85357386 W	2569840	"/home/boggy/ref_rapl/energy_exp_server/NPB3.4.3/NPB3.4-MPI/bin/mg.C.x"
0.85357386 W	2569841	"/home/boggy/ref_rapl/energy_exp_server/NPB3.4.3/NPB3.4-MPI/bin/mg.C.x"
0.85357386 W	2569843	"/home/boggy/ref_rapl/energy_exp_server/NPB3.4.3/NPB3.4-MPI/bin/mg.C.x"
0.85357386 W	2569842	"/home/boggy/ref_rapl/energy_exp_server/NPB3.4.3/NPB3.4-MPI/bin/mg.C.x"
------------------------------------------------------------

Host:	50.870008 W from 
	package 	core		dram		uncore
Socket0	45.67783 W |	41.1954 W	4.473752 W	0 W	

Top 5 consumers:
Power		PID	Exe
0.85257 W	2569840	"/home/boggy/ref_rapl/energy_exp_server/NPB3.4.3/NPB3.4-MPI/bin/mg.C.x"
0.85257 W	2569841	"/home/boggy/ref_rapl/energy_exp_server/NPB3.4.3/NPB3.4-MPI/bin/mg.C.x"
0.85257 W	2569843	"/home/boggy/ref_rapl/energy_exp_server/NPB3.4.3/NPB3.4-MPI/bin/mg.C.x"
0.85257 W	2569842	"/home/boggy/ref_rapl/energy_exp_server/NPB3.4.3/NPB3.4-MPI/bin/mg.C.x"
0.56837994 W	2569821	"/home/boggy/ref_rapl/scaphandre/target/release/scaphandre"
------------------------------------------------------------

Host:	52.477374 W from 
	package 	core		dram		uncore
Socket0	47.54784 W |	41.79971 W	4.581302 W	0 W	

Top 5 consumers:
Power		PID	Exe
0.8795091 W	2569840	"/home/boggy/ref_rapl/energy_exp_server/NPB3.4.3/NPB3.4-MPI/bin/mg.C.x"
0.8795091 W	2569841	"/home/boggy/ref_rapl/energy_exp_server/NPB3.4.3/NPB3.4-MPI/bin/mg.C.x"
0.8795091 W	2569843	"/home/boggy/ref_rapl/energy_exp_server/NPB3.4.3/NPB3.4-MPI/bin/mg.C.x"
0.8795091 W	2569842	"/home/boggy/ref_rapl/energy_exp_server/NPB3.4.3/NPB3.4-MPI/bin/mg.C.x"
0.58633935 W	2569821	"/home/boggy/ref_rapl/scaphandre/target/release/scaphandre"
------------------------------------------------------------

Host:	49.003104 W from 
	package 	core		dram		uncore
Socket0	45.38705 W |	40.88065 W	4.736996 W	0 W	

Top 5 consumers:
Power		PID	Exe
1.0950414 W	2569821	"/home/boggy/ref_rapl/scaphandre/target/release/scaphandre"
1.0950414 W	2569840	"/home/boggy/ref_rapl/energy_exp_server/NPB3.4.3/NPB3.4-MPI/bin/mg.C.x"
1.0950414 W	2569841	"/home/boggy/ref_rapl/energy_exp_server/NPB3.4.3/NPB3.4-MPI/bin/mg.C.x"
1.0950414 W	2569843	"/home/boggy/ref_rapl/energy_exp_server/NPB3.4.3/NPB3.4-MPI/bin/mg.C.x"
0.82128114 W	2569842	"/home/boggy/ref_rapl/energy_exp_server/NPB3.4.3/NPB3.4-MPI/bin/mg.C.x"
------------------------------------------------------------

Host:	45.094517 W from 
	package 	core		dram		uncore
Socket0	42.905106 W |	37.9012 W	4.35533 W	0 W	

Top 5 consumers:
Power		PID	Exe
1.5115482 W	2569842	"/home/boggy/ref_rapl/energy_exp_server/NPB3.4.3/NPB3.4-MPI/bin/mg.C.x"
1.2596234 W	2569821	"/home/boggy/ref_rapl/scaphandre/target/release/scaphandre"
1.2596234 W	2569840	"/home/boggy/ref_rapl/energy_exp_server/NPB3.4.3/NPB3.4-MPI/bin/mg.C.x"
1.2596234 W	2569841	"/home/boggy/ref_rapl/energy_exp_server/NPB3.4.3/NPB3.4-MPI/bin/mg.C.x"
1.2596234 W	2569843	"/home/boggy/ref_rapl/energy_exp_server/NPB3.4.3/NPB3.4-MPI/bin/mg.C.x"
------------------------------------------------------------

Host:	46.753093 W from 
	package 	core		dram		uncore
Socket0	41.049866 W |	35.785294 W	4.584015 W	0 W	

Top 5 consumers:
Power		PID	Exe
1.2500826 W	2569821	"/home/boggy/ref_rapl/scaphandre/target/release/scaphandre"
1.2500826 W	2569840	"/home/boggy/ref_rapl/energy_exp_server/NPB3.4.3/NPB3.4-MPI/bin/mg.C.x"
1.2500826 W	2569841	"/home/boggy/ref_rapl/energy_exp_server/NPB3.4.3/NPB3.4-MPI/bin/mg.C.x"
1.2500826 W	2569843	"/home/boggy/ref_rapl/energy_exp_server/NPB3.4.3/NPB3.4-MPI/bin/mg.C.x"
1.2500826 W	2569842	"/home/boggy/ref_rapl/energy_exp_server/NPB3.4.3/NPB3.4-MPI/bin/mg.C.x"
------------------------------------------------------------

Host:	49.327507 W from 
	package 	core		dram		uncore
Socket0	43.294266 W |	37.69879 W	4.566498 W	0 W	

Top 5 consumers:
Power		PID	Exe
1.0551337 W	2569821	"/home/boggy/ref_rapl/scaphandre/target/release/scaphandre"
1.0551337 W	2569840	"/home/boggy/ref_rapl/energy_exp_server/NPB3.4.3/NPB3.4-MPI/bin/mg.C.x"
1.0551337 W	2569841	"/home/boggy/ref_rapl/energy_exp_server/NPB3.4.3/NPB3.4-MPI/bin/mg.C.x"
1.0551337 W	2569843	"/home/boggy/ref_rapl/energy_exp_server/NPB3.4.3/NPB3.4-MPI/bin/mg.C.x"
1.0551337 W	2569842	"/home/boggy/ref_rapl/energy_exp_server/NPB3.4.3/NPB3.4-MPI/bin/mg.C.x"
------------------------------------------------------------

Host:	57.400126 W from 
	package 	core		dram		uncore
Socket0	49.07798 W |	43.68571 W	4.450738 W	0 W	

Top 5 consumers:
Power		PID	Exe
0.92085755 W	2569840	"/home/boggy/ref_rapl/energy_exp_server/NPB3.4.3/NPB3.4-MPI/bin/mg.C.x"
0.92085755 W	2569841	"/home/boggy/ref_rapl/energy_exp_server/NPB3.4.3/NPB3.4-MPI/bin/mg.C.x"
0.92085755 W	2569843	"/home/boggy/ref_rapl/energy_exp_server/NPB3.4.3/NPB3.4-MPI/bin/mg.C.x"
0.92085755 W	2569842	"/home/boggy/ref_rapl/energy_exp_server/NPB3.4.3/NPB3.4-MPI/bin/mg.C.x"
0.30695254 W	2569821	"/home/boggy/ref_rapl/scaphandre/target/release/scaphandre"
------------------------------------------------------------

Host:	51.286478 W from 
	package 	core		dram		uncore
Socket0	49.14141 W |	45.15212 W	4.37911 W	0 W	

Top 5 consumers:
Power		PID	Exe
0.8227777 W	2569821	"/home/boggy/ref_rapl/scaphandre/target/release/scaphandre"
0.8227777 W	2569840	"/home/boggy/ref_rapl/energy_exp_server/NPB3.4.3/NPB3.4-MPI/bin/mg.C.x"
0.8227777 W	2569841	"/home/boggy/ref_rapl/energy_exp_server/NPB3.4.3/NPB3.4-MPI/bin/mg.C.x"
0.8227777 W	2569843	"/home/boggy/ref_rapl/energy_exp_server/NPB3.4.3/NPB3.4-MPI/bin/mg.C.x"
0.8227777 W	2569842	"/home/boggy/ref_rapl/energy_exp_server/NPB3.4.3/NPB3.4-MPI/bin/mg.C.x"
------------------------------------------------------------

Host:	51.032913 W from 
	package 	core		dram		uncore
Socket0	46.43697 W |	41.219475 W	4.5395 W	0 W	

Top 5 consumers:
Power		PID	Exe
1.0916132 W	2569840	"/home/boggy/ref_rapl/energy_exp_server/NPB3.4.3/NPB3.4-MPI/bin/mg.C.x"
1.0916132 W	2569843	"/home/boggy/ref_rapl/energy_exp_server/NPB3.4.3/NPB3.4-MPI/bin/mg.C.x"
0.81870973 W	2569841	"/home/boggy/ref_rapl/energy_exp_server/NPB3.4.3/NPB3.4-MPI/bin/mg.C.x"
0.81870973 W	2569842	"/home/boggy/ref_rapl/energy_exp_server/NPB3.4.3/NPB3.4-MPI/bin/mg.C.x"
0.5458066 W	2569821	"/home/boggy/ref_rapl/scaphandre/target/release/scaphandre"
------------------------------------------------------------

Host:	51.176456 W from 
	package 	core		dram		uncore
Socket0	46.205925 W |	40.98429 W	4.5825 W	0 W	

Top 5 consumers:
Power		PID	Exe
0.54734176 W	2569821	"/home/boggy/ref_rapl/scaphandre/target/release/scaphandre"
0.54734176 W	2569840	"/home/boggy/ref_rapl/energy_exp_server/NPB3.4.3/NPB3.4-MPI/bin/mg.C.x"
0.54734176 W	2569841	"/home/boggy/ref_rapl/energy_exp_server/NPB3.4.3/NPB3.4-MPI/bin/mg.C.x"
0.54734176 W	2569843	"/home/boggy/ref_rapl/energy_exp_server/NPB3.4.3/NPB3.4-MPI/bin/mg.C.x"
0.54734176 W	2569842	"/home/boggy/ref_rapl/energy_exp_server/NPB3.4.3/NPB3.4-MPI/bin/mg.C.x"
------------------------------------------------------------

Host:	54.320735 W from 
	package 	core		dram		uncore
Socket0	48.930088 W |	42.276577 W	4.525427 W	0 W	

Top 5 consumers:
Power		PID	Exe
0.87145555 W	2569821	"/home/boggy/ref_rapl/scaphandre/target/release/scaphandre"
0.87145555 W	2569842	"/home/boggy/ref_rapl/energy_exp_server/NPB3.4.3/NPB3.4-MPI/bin/mg.C.x"
0.58097047 W	2569840	"/home/boggy/ref_rapl/energy_exp_server/NPB3.4.3/NPB3.4-MPI/bin/mg.C.x"
0.58097047 W	2569841	"/home/boggy/ref_rapl/energy_exp_server/NPB3.4.3/NPB3.4-MPI/bin/mg.C.x"
0.58097047 W	2569843	"/home/boggy/ref_rapl/energy_exp_server/NPB3.4.3/NPB3.4-MPI/bin/mg.C.x"
------------------------------------------------------------

Host:	53.991574 W from 
	package 	core		dram		uncore
Socket0	49.07177 W |	44.208145 W	4.733124 W	0 W	

Top 5 consumers:
Power		PID	Exe
1.018709 W	2569841	"/home/boggy/ref_rapl/energy_exp_server/NPB3.4.3/NPB3.4-MPI/bin/mg.C.x"
0.6791393 W	2569821	"/home/boggy/ref_rapl/scaphandre/target/release/scaphandre"
0.6791393 W	2569840	"/home/boggy/ref_rapl/energy_exp_server/NPB3.4.3/NPB3.4-MPI/bin/mg.C.x"
0.6791393 W	2569843	"/home/boggy/ref_rapl/energy_exp_server/NPB3.4.3/NPB3.4-MPI/bin/mg.C.x"
0.6791393 W	2569842	"/home/boggy/ref_rapl/energy_exp_server/NPB3.4.3/NPB3.4-MPI/bin/mg.C.x"
------------------------------------------------------------

Host:	54.456853 W from 
	package 	core		dram		uncore
Socket0	49.476746 W |	44.425056 W	4.774799 W	0 W	

Top 5 consumers:
Power		PID	Exe
1.0274878 W	2569821	"/home/boggy/ref_rapl/scaphandre/target/release/scaphandre"
1.0274878 W	2569840	"/home/boggy/ref_rapl/energy_exp_server/NPB3.4.3/NPB3.4-MPI/bin/mg.C.x"
1.0274878 W	2569843	"/home/boggy/ref_rapl/energy_exp_server/NPB3.4.3/NPB3.4-MPI/bin/mg.C.x"
0.6849919 W	2569841	"/home/boggy/ref_rapl/energy_exp_server/NPB3.4.3/NPB3.4-MPI/bin/mg.C.x"
0.6849919 W	2569842	"/home/boggy/ref_rapl/energy_exp_server/NPB3.4.3/NPB3.4-MPI/bin/mg.C.x"
------------------------------------------------------------

Host:	52.935567 W from 
	package 	core		dram		uncore
Socket0	49.588223 W |	44.405396 W	4.782749 W	0 W	

Top 5 consumers:
Power		PID	Exe
0.99878424 W	2569821	"/home/boggy/ref_rapl/scaphandre/target/release/scaphandre"
0.99878424 W	2569840	"/home/boggy/ref_rapl/energy_exp_server/NPB3.4.3/NPB3.4-MPI/bin/mg.C.x"
0.99878424 W	2569841	"/home/boggy/ref_rapl/energy_exp_server/NPB3.4.3/NPB3.4-MPI/bin/mg.C.x"
0.99878424 W	2569843	"/home/boggy/ref_rapl/energy_exp_server/NPB3.4.3/NPB3.4-MPI/bin/mg.C.x"
0.99878424 W	2569842	"/home/boggy/ref_rapl/energy_exp_server/NPB3.4.3/NPB3.4-MPI/bin/mg.C.x"
------------------------------------------------------------

Host:	52.482186 W from 
	package 	core		dram		uncore
Socket0	48.22989 W |	43.299095 W	4.758515 W	0 W	

Top 5 consumers:
Power		PID	Exe
1.3203065 W	2569841	"/home/boggy/ref_rapl/energy_exp_server/NPB3.4.3/NPB3.4-MPI/bin/mg.C.x"
1.3203065 W	2569842	"/home/boggy/ref_rapl/energy_exp_server/NPB3.4.3/NPB3.4-MPI/bin/mg.C.x"
0.99022996 W	2569840	"/home/boggy/ref_rapl/energy_exp_server/NPB3.4.3/NPB3.4-MPI/bin/mg.C.x"
0.99022996 W	2569843	"/home/boggy/ref_rapl/energy_exp_server/NPB3.4.3/NPB3.4-MPI/bin/mg.C.x"
0.66015327 W	2569821	"/home/boggy/ref_rapl/scaphandre/target/release/scaphandre"
------------------------------------------------------------

Host:	53.346276 W from 
	package 	core		dram		uncore
Socket0	47.902225 W |	42.99163 W	4.911396 W	0 W	

Top 5 consumers:
Power		PID	Exe
1.0065335 W	2569840	"/home/boggy/ref_rapl/energy_exp_server/NPB3.4.3/NPB3.4-MPI/bin/mg.C.x"
1.0065335 W	2569841	"/home/boggy/ref_rapl/energy_exp_server/NPB3.4.3/NPB3.4-MPI/bin/mg.C.x"
1.0065335 W	2569843	"/home/boggy/ref_rapl/energy_exp_server/NPB3.4.3/NPB3.4-MPI/bin/mg.C.x"
1.0065335 W	2569842	"/home/boggy/ref_rapl/energy_exp_server/NPB3.4.3/NPB3.4-MPI/bin/mg.C.x"
0.6710223 W	2569821	"/home/boggy/ref_rapl/scaphandre/target/release/scaphandre"
------------------------------------------------------------

Host:	53.810883 W from 
	package 	core		dram		uncore
Socket0	48.47367 W |	43.127743 W	4.638071 W	0 W	

Top 5 consumers:
Power		PID	Exe
1.3537328 W	2569821	"/home/boggy/ref_rapl/scaphandre/target/release/scaphandre"
1.0152997 W	2569840	"/home/boggy/ref_rapl/energy_exp_server/NPB3.4.3/NPB3.4-MPI/bin/mg.C.x"
1.0152997 W	2569841	"/home/boggy/ref_rapl/energy_exp_server/NPB3.4.3/NPB3.4-MPI/bin/mg.C.x"
1.0152997 W	2569843	"/home/boggy/ref_rapl/energy_exp_server/NPB3.4.3/NPB3.4-MPI/bin/mg.C.x"
1.0152997 W	2569842	"/home/boggy/ref_rapl/energy_exp_server/NPB3.4.3/NPB3.4-MPI/bin/mg.C.x"
------------------------------------------------------------

Host:	50.933499 W from 
	package 	core		dram		uncore
Socket0	48.561954 W |	42.98962 W	4.825789 W	0 W	

Top 5 consumers:
Power		PID	Exe
0.9610094 W	2569840	"/home/boggy/ref_rapl/energy_exp_server/NPB3.4.3/NPB3.4-MPI/bin/mg.C.x"
0.9610094 W	2569841	"/home/boggy/ref_rapl/energy_exp_server/NPB3.4.3/NPB3.4-MPI/bin/mg.C.x"
0.9610094 W	2569843	"/home/boggy/ref_rapl/energy_exp_server/NPB3.4.3/NPB3.4-MPI/bin/mg.C.x"
0.9610094 W	2569842	"/home/boggy/ref_rapl/energy_exp_server/NPB3.4.3/NPB3.4-MPI/bin/mg.C.x"
0.6406729 W	2569821	"/home/boggy/ref_rapl/scaphandre/target/release/scaphandre"
------------------------------------------------------------

Host:	54.585897 W from 
	package 	core		dram		uncore
Socket0	47.500656 W |	43.067654 W	4.542606 W	0 W	

Top 5 consumers:
Power		PID	Exe
0.9411361 W	2569840	"/home/boggy/ref_rapl/energy_exp_server/NPB3.4.3/NPB3.4-MPI/bin/mg.C.x"
0.9411361 W	2569841	"/home/boggy/ref_rapl/energy_exp_server/NPB3.4.3/NPB3.4-MPI/bin/mg.C.x"
0.9411361 W	2569843	"/home/boggy/ref_rapl/energy_exp_server/NPB3.4.3/NPB3.4-MPI/bin/mg.C.x"
0.9411361 W	2569842	"/home/boggy/ref_rapl/energy_exp_server/NPB3.4.3/NPB3.4-MPI/bin/mg.C.x"
0.62742406 W	2569821	"/home/boggy/ref_rapl/scaphandre/target/release/scaphandre"
------------------------------------------------------------

Host:	54.948763 W from 
	package 	core		dram		uncore
Socket0	49.66346 W |	44.519245 W	4.661577 W	0 W	

Top 5 consumers:
Power		PID	Exe
0.94739246 W	2569840	"/home/boggy/ref_rapl/energy_exp_server/NPB3.4.3/NPB3.4-MPI/bin/mg.C.x"
0.94739246 W	2569841	"/home/boggy/ref_rapl/energy_exp_server/NPB3.4.3/NPB3.4-MPI/bin/mg.C.x"
0.94739246 W	2569843	"/home/boggy/ref_rapl/energy_exp_server/NPB3.4.3/NPB3.4-MPI/bin/mg.C.x"
0.94739246 W	2569842	"/home/boggy/ref_rapl/energy_exp_server/NPB3.4.3/NPB3.4-MPI/bin/mg.C.x"
0.63159496 W	2569821	"/home/boggy/ref_rapl/scaphandre/target/release/scaphandre"
------------------------------------------------------------

Host:	55.294778 W from 
	package 	core		dram		uncore
Socket0	50.540817 W |	45.48315 W	4.589518 W	0 W	

Top 5 consumers:
Power		PID	Exe
0.95335823 W	2569821	"/home/boggy/ref_rapl/scaphandre/target/release/scaphandre"
0.95335823 W	2569840	"/home/boggy/ref_rapl/energy_exp_server/NPB3.4.3/NPB3.4-MPI/bin/mg.C.x"
0.95335823 W	2569841	"/home/boggy/ref_rapl/energy_exp_server/NPB3.4.3/NPB3.4-MPI/bin/mg.C.x"
0.95335823 W	2569843	"/home/boggy/ref_rapl/energy_exp_server/NPB3.4.3/NPB3.4-MPI/bin/mg.C.x"
0.95335823 W	2569842	"/home/boggy/ref_rapl/energy_exp_server/NPB3.4.3/NPB3.4-MPI/bin/mg.C.x"
------------------------------------------------------------

Host:	56.544629 W from 
	package 	core		dram		uncore
Socket0	50.378674 W |	45.65696 W	4.576393 W	0 W	

Top 5 consumers:
Power		PID	Exe
0.9749074 W	2569840	"/home/boggy/ref_rapl/energy_exp_server/NPB3.4.3/NPB3.4-MPI/bin/mg.C.x"
0.9749074 W	2569841	"/home/boggy/ref_rapl/energy_exp_server/NPB3.4.3/NPB3.4-MPI/bin/mg.C.x"
0.9749074 W	2569843	"/home/boggy/ref_rapl/energy_exp_server/NPB3.4.3/NPB3.4-MPI/bin/mg.C.x"
0.9749074 W	2569842	"/home/boggy/ref_rapl/energy_exp_server/NPB3.4.3/NPB3.4-MPI/bin/mg.C.x"
0.3249691 W	2569821	"/home/boggy/ref_rapl/scaphandre/target/release/scaphandre"
------------------------------------------------------------

Host:	53.522666 W from 
	package 	core		dram		uncore
Socket0	52.03607 W |	45.554016 W	4.57373 W	0 W	

Top 5 consumers:
Power		PID	Exe
0.92280453 W	2569821	"/home/boggy/ref_rapl/scaphandre/target/release/scaphandre"
0.92280453 W	2569840	"/home/boggy/ref_rapl/energy_exp_server/NPB3.4.3/NPB3.4-MPI/bin/mg.C.x"
0.92280453 W	2569841	"/home/boggy/ref_rapl/energy_exp_server/NPB3.4.3/NPB3.4-MPI/bin/mg.C.x"
0.92280453 W	2569843	"/home/boggy/ref_rapl/energy_exp_server/NPB3.4.3/NPB3.4-MPI/bin/mg.C.x"
0.92280453 W	2569842	"/home/boggy/ref_rapl/energy_exp_server/NPB3.4.3/NPB3.4-MPI/bin/mg.C.x"
------------------------------------------------------------

Host:	55.541098 W from 
	package 	core		dram		uncore
Socket0	49.245422 W |	45.541576 W	4.628173 W	0 W	

Top 5 consumers:
Power		PID	Exe
0.9576051 W	2569840	"/home/boggy/ref_rapl/energy_exp_server/NPB3.4.3/NPB3.4-MPI/bin/mg.C.x"
0.9576051 W	2569841	"/home/boggy/ref_rapl/energy_exp_server/NPB3.4.3/NPB3.4-MPI/bin/mg.C.x"
0.9576051 W	2569843	"/home/boggy/ref_rapl/energy_exp_server/NPB3.4.3/NPB3.4-MPI/bin/mg.C.x"
0.9576051 W	2569842	"/home/boggy/ref_rapl/energy_exp_server/NPB3.4.3/NPB3.4-MPI/bin/mg.C.x"
0.6384034 W	2569821	"/home/boggy/ref_rapl/scaphandre/target/release/scaphandre"
------------------------------------------------------------

Host:	53.047822 W from 
	package 	core		dram		uncore
Socket0	52.124557 W |	45.54157 W	4.588999 W	0 W	

Top 5 consumers:
Power		PID	Exe
0.9146176 W	2569821	"/home/boggy/ref_rapl/scaphandre/target/release/scaphandre"
0.9146176 W	2569840	"/home/boggy/ref_rapl/energy_exp_server/NPB3.4.3/NPB3.4-MPI/bin/mg.C.x"
0.9146176 W	2569841	"/home/boggy/ref_rapl/energy_exp_server/NPB3.4.3/NPB3.4-MPI/bin/mg.C.x"
0.9146176 W	2569843	"/home/boggy/ref_rapl/energy_exp_server/NPB3.4.3/NPB3.4-MPI/bin/mg.C.x"
0.9146176 W	2569842	"/home/boggy/ref_rapl/energy_exp_server/NPB3.4.3/NPB3.4-MPI/bin/mg.C.x"
------------------------------------------------------------

Host:	54.454023 W from 
	package 	core		dram		uncore
Socket0	47.908993 W |	43.412735 W	4.37832 W	0 W	

Top 5 consumers:
Power		PID	Exe
0.9841088 W	2569840	"/home/boggy/ref_rapl/energy_exp_server/NPB3.4.3/NPB3.4-MPI/bin/mg.C.x"
0.9841088 W	2569841	"/home/boggy/ref_rapl/energy_exp_server/NPB3.4.3/NPB3.4-MPI/bin/mg.C.x"
0.9841088 W	2569843	"/home/boggy/ref_rapl/energy_exp_server/NPB3.4.3/NPB3.4-MPI/bin/mg.C.x"
0.9841088 W	2569842	"/home/boggy/ref_rapl/energy_exp_server/NPB3.4.3/NPB3.4-MPI/bin/mg.C.x"
0.6560725 W	2569821	"/home/boggy/ref_rapl/scaphandre/target/release/scaphandre"
------------------------------------------------------------

Host:	52.995522 W from 
	package 	core		dram		uncore
Socket0	48.563854 W |	43.504875 W	4.533076 W	0 W	

Top 5 consumers:
Power		PID	Exe
1.2770005 W	2569840	"/home/boggy/ref_rapl/energy_exp_server/NPB3.4.3/NPB3.4-MPI/bin/mg.C.x"
0.9577503 W	2569821	"/home/boggy/ref_rapl/scaphandre/target/release/scaphandre"
0.9577503 W	2569841	"/home/boggy/ref_rapl/energy_exp_server/NPB3.4.3/NPB3.4-MPI/bin/mg.C.x"
0.9577503 W	2569843	"/home/boggy/ref_rapl/energy_exp_server/NPB3.4.3/NPB3.4-MPI/bin/mg.C.x"
0.9577503 W	2569842	"/home/boggy/ref_rapl/energy_exp_server/NPB3.4.3/NPB3.4-MPI/bin/mg.C.x"
------------------------------------------------------------

Host:	52.881803 W from 
	package 	core		dram		uncore
Socket0	48.11469 W |	43.07503 W	4.761586 W	0 W	

Top 5 consumers:
Power		PID	Exe
1.2742603 W	2569843	"/home/boggy/ref_rapl/energy_exp_server/NPB3.4.3/NPB3.4-MPI/bin/mg.C.x"
0.9556952 W	2569840	"/home/boggy/ref_rapl/energy_exp_server/NPB3.4.3/NPB3.4-MPI/bin/mg.C.x"
0.9556952 W	2569841	"/home/boggy/ref_rapl/energy_exp_server/NPB3.4.3/NPB3.4-MPI/bin/mg.C.x"
0.9556952 W	2569842	"/home/boggy/ref_rapl/energy_exp_server/NPB3.4.3/NPB3.4-MPI/bin/mg.C.x"
0.63713014 W	2569821	"/home/boggy/ref_rapl/scaphandre/target/release/scaphandre"
------------------------------------------------------------

Host:	53.048133 W from 
	package 	core		dram		uncore
Socket0	48.082542 W |	43.18873 W	4.895424 W	0 W	

Top 5 consumers:
Power		PID	Exe
1.2782681 W	2569841	"/home/boggy/ref_rapl/energy_exp_server/NPB3.4.3/NPB3.4-MPI/bin/mg.C.x"
1.2782681 W	2569842	"/home/boggy/ref_rapl/energy_exp_server/NPB3.4.3/NPB3.4-MPI/bin/mg.C.x"
0.95870113 W	2569821	"/home/boggy/ref_rapl/scaphandre/target/release/scaphandre"
0.95870113 W	2569840	"/home/boggy/ref_rapl/energy_exp_server/NPB3.4.3/NPB3.4-MPI/bin/mg.C.x"
0.95870113 W	2569843	"/home/boggy/ref_rapl/energy_exp_server/NPB3.4.3/NPB3.4-MPI/bin/mg.C.x"
------------------------------------------------------------

Host:	53.586478 W from 
	package 	core		dram		uncore
Socket0	48.469666 W |	43.261833 W	4.642024 W	0 W	

Top 5 consumers:
Power		PID	Exe
0.9684302 W	2569840	"/home/boggy/ref_rapl/energy_exp_server/NPB3.4.3/NPB3.4-MPI/bin/mg.C.x"
0.9684302 W	2569841	"/home/boggy/ref_rapl/energy_exp_server/NPB3.4.3/NPB3.4-MPI/bin/mg.C.x"
0.9684302 W	2569843	"/home/boggy/ref_rapl/energy_exp_server/NPB3.4.3/NPB3.4-MPI/bin/mg.C.x"
0.9684302 W	2569842	"/home/boggy/ref_rapl/energy_exp_server/NPB3.4.3/NPB3.4-MPI/bin/mg.C.x"
0.64562017 W	2569821	"/home/boggy/ref_rapl/scaphandre/target/release/scaphandre"
------------------------------------------------------------

Host:	53.101521 W from 
	package 	core		dram		uncore
Socket0	48.75628 W |	43.1439 W	4.822411 W	0 W	

Top 5 consumers:
Power		PID	Exe
0.959666 W	2569821	"/home/boggy/ref_rapl/scaphandre/target/release/scaphandre"
0.959666 W	2569840	"/home/boggy/ref_rapl/energy_exp_server/NPB3.4.3/NPB3.4-MPI/bin/mg.C.x"
0.959666 W	2569841	"/home/boggy/ref_rapl/energy_exp_server/NPB3.4.3/NPB3.4-MPI/bin/mg.C.x"
0.959666 W	2569843	"/home/boggy/ref_rapl/energy_exp_server/NPB3.4.3/NPB3.4-MPI/bin/mg.C.x"
0.959666 W	2569842	"/home/boggy/ref_rapl/energy_exp_server/NPB3.4.3/NPB3.4-MPI/bin/mg.C.x"
------------------------------------------------------------

Host:	51.876336 W from 
	package 	core		dram		uncore
Socket0	48.40848 W |	43.127537 W	4.792005 W	0 W	

Top 5 consumers:
Power		PID	Exe
0.9375241 W	2569821	"/home/boggy/ref_rapl/scaphandre/target/release/scaphandre"
0.9375241 W	2569840	"/home/boggy/ref_rapl/energy_exp_server/NPB3.4.3/NPB3.4-MPI/bin/mg.C.x"
0.9375241 W	2569841	"/home/boggy/ref_rapl/energy_exp_server/NPB3.4.3/NPB3.4-MPI/bin/mg.C.x"
0.9375241 W	2569843	"/home/boggy/ref_rapl/energy_exp_server/NPB3.4.3/NPB3.4-MPI/bin/mg.C.x"
0.9375241 W	2569842	"/home/boggy/ref_rapl/energy_exp_server/NPB3.4.3/NPB3.4-MPI/bin/mg.C.x"
------------------------------------------------------------

Host:	52.255181 W from 
	package 	core		dram		uncore
Socket0	47.68933 W |	42.582375 W	4.754805 W	0 W	

Top 5 consumers:
Power		PID	Exe
1.1742737 W	2569843	"/home/boggy/ref_rapl/energy_exp_server/NPB3.4.3/NPB3.4-MPI/bin/mg.C.x"
0.88070524 W	2569840	"/home/boggy/ref_rapl/energy_exp_server/NPB3.4.3/NPB3.4-MPI/bin/mg.C.x"
0.88070524 W	2569841	"/home/boggy/ref_rapl/energy_exp_server/NPB3.4.3/NPB3.4-MPI/bin/mg.C.x"
0.88070524 W	2569842	"/home/boggy/ref_rapl/energy_exp_server/NPB3.4.3/NPB3.4-MPI/bin/mg.C.x"
0.58713686 W	2569821	"/home/boggy/ref_rapl/scaphandre/target/release/scaphandre"
------------------------------------------------------------

Host:	50.51951 W from 
	package 	core		dram		uncore
Socket0	46.44998 W |	42.131077 W	3.939869 W	0 W	

Top 5 consumers:
Power		PID	Exe
1.1352699 W	2569840	"/home/boggy/ref_rapl/energy_exp_server/NPB3.4.3/NPB3.4-MPI/bin/mg.C.x"
0.85145235 W	2569821	"/home/boggy/ref_rapl/scaphandre/target/release/scaphandre"
0.85145235 W	2569841	"/home/boggy/ref_rapl/energy_exp_server/NPB3.4.3/NPB3.4-MPI/bin/mg.C.x"
0.85145235 W	2569843	"/home/boggy/ref_rapl/energy_exp_server/NPB3.4.3/NPB3.4-MPI/bin/mg.C.x"
0.85145235 W	2569842	"/home/boggy/ref_rapl/energy_exp_server/NPB3.4.3/NPB3.4-MPI/bin/mg.C.x"
------------------------------------------------------------

Host:	51.895482 W from 
	package 	core		dram		uncore
Socket0	47.510395 W |	41.82583 W	4.740293 W	0 W	

Top 5 consumers:
Power		PID	Exe
0.8746429 W	2569840	"/home/boggy/ref_rapl/energy_exp_server/NPB3.4.3/NPB3.4-MPI/bin/mg.C.x"
0.8746429 W	2569841	"/home/boggy/ref_rapl/energy_exp_server/NPB3.4.3/NPB3.4-MPI/bin/mg.C.x"
0.8746429 W	2569843	"/home/boggy/ref_rapl/energy_exp_server/NPB3.4.3/NPB3.4-MPI/bin/mg.C.x"
0.8746429 W	2569842	"/home/boggy/ref_rapl/energy_exp_server/NPB3.4.3/NPB3.4-MPI/bin/mg.C.x"
0.5830953 W	2569821	"/home/boggy/ref_rapl/scaphandre/target/release/scaphandre"
------------------------------------------------------------

Host:	48.00329 W from 
	package 	core		dram		uncore
Socket0	44.939484 W |	40.99574 W	4.678062 W	0 W	

Top 5 consumers:
Power		PID	Exe
1.0787256 W	2569841	"/home/boggy/ref_rapl/energy_exp_server/NPB3.4.3/NPB3.4-MPI/bin/mg.C.x"
1.0787256 W	2569842	"/home/boggy/ref_rapl/energy_exp_server/NPB3.4.3/NPB3.4-MPI/bin/mg.C.x"
0.8090442 W	2569821	"/home/boggy/ref_rapl/scaphandre/target/release/scaphandre"
0.8090442 W	2569840	"/home/boggy/ref_rapl/energy_exp_server/NPB3.4.3/NPB3.4-MPI/bin/mg.C.x"
0.8090442 W	2569843	"/home/boggy/ref_rapl/energy_exp_server/NPB3.4.3/NPB3.4-MPI/bin/mg.C.x"
------------------------------------------------------------

Host:	45.552893 W from 
	package 	core		dram		uncore
Socket0	42.66867 W |	37.61352 W	4.367113 W	0 W	

Top 5 consumers:
Power		PID	Exe
1.5354908 W	2569821	"/home/boggy/ref_rapl/scaphandre/target/release/scaphandre"
1.5354908 W	2569840	"/home/boggy/ref_rapl/energy_exp_server/NPB3.4.3/NPB3.4-MPI/bin/mg.C.x"
1.5354908 W	2569843	"/home/boggy/ref_rapl/energy_exp_server/NPB3.4.3/NPB3.4-MPI/bin/mg.C.x"
1.2795756 W	2569841	"/home/boggy/ref_rapl/energy_exp_server/NPB3.4.3/NPB3.4-MPI/bin/mg.C.x"
1.2795756 W	2569842	"/home/boggy/ref_rapl/energy_exp_server/NPB3.4.3/NPB3.4-MPI/bin/mg.C.x"
------------------------------------------------------------

Host:	47.134057 W from 
	package 	core		dram		uncore
Socket0	41.60457 W |	35.85715 W	4.575038 W	0 W	

Top 5 consumers:
Power		PID	Exe
1.7244166 W	2569842	"/home/boggy/ref_rapl/energy_exp_server/NPB3.4.3/NPB3.4-MPI/bin/mg.C.x"
1.4370139 W	2569840	"/home/boggy/ref_rapl/energy_exp_server/NPB3.4.3/NPB3.4-MPI/bin/mg.C.x"
1.4370139 W	2569841	"/home/boggy/ref_rapl/energy_exp_server/NPB3.4.3/NPB3.4-MPI/bin/mg.C.x"
1.4370139 W	2569843	"/home/boggy/ref_rapl/energy_exp_server/NPB3.4.3/NPB3.4-MPI/bin/mg.C.x"
1.149611 W	2569821	"/home/boggy/ref_rapl/scaphandre/target/release/scaphandre"
------------------------------------------------------------

Host:	49.665497 W from 
	package 	core		dram		uncore
Socket0	42.35888 W |	37.731655 W	4.560537 W	0 W	

Top 5 consumers:
Power		PID	Exe
1.2113535 W	2569821	"/home/boggy/ref_rapl/scaphandre/target/release/scaphandre"
1.2113535 W	2569840	"/home/boggy/ref_rapl/energy_exp_server/NPB3.4.3/NPB3.4-MPI/bin/mg.C.x"
1.2113535 W	2569841	"/home/boggy/ref_rapl/energy_exp_server/NPB3.4.3/NPB3.4-MPI/bin/mg.C.x"
1.2113535 W	2569843	"/home/boggy/ref_rapl/energy_exp_server/NPB3.4.3/NPB3.4-MPI/bin/mg.C.x"
1.2113535 W	2569842	"/home/boggy/ref_rapl/energy_exp_server/NPB3.4.3/NPB3.4-MPI/bin/mg.C.x"
------------------------------------------------------------

Host:	56.753056 W from 
	package 	core		dram		uncore
Socket0	48.27513 W |	43.74037 W	4.538232 W	0 W	

Top 5 consumers:
Power		PID	Exe
1.3842207 W	2569841	"/home/boggy/ref_rapl/energy_exp_server/NPB3.4.3/NPB3.4-MPI/bin/mg.C.x"
1.0381656 W	2569840	"/home/boggy/ref_rapl/energy_exp_server/NPB3.4.3/NPB3.4-MPI/bin/mg.C.x"
1.0381656 W	2569843	"/home/boggy/ref_rapl/energy_exp_server/NPB3.4.3/NPB3.4-MPI/bin/mg.C.x"
1.0381656 W	2569842	"/home/boggy/ref_rapl/energy_exp_server/NPB3.4.3/NPB3.4-MPI/bin/mg.C.x"
0.69211036 W	2569821	"/home/boggy/ref_rapl/scaphandre/target/release/scaphandre"
------------------------------------------------------------

Host:	51.859719 W from 
	package 	core		dram		uncore
Socket0	51.826008 W |	45.68042 W	4.266151 W	0 W	

Top 5 consumers:
Power		PID	Exe
0.9486534 W	2569840	"/home/boggy/ref_rapl/energy_exp_server/NPB3.4.3/NPB3.4-MPI/bin/mg.C.x"
0.9486534 W	2569841	"/home/boggy/ref_rapl/energy_exp_server/NPB3.4.3/NPB3.4-MPI/bin/mg.C.x"
0.9486534 W	2569843	"/home/boggy/ref_rapl/energy_exp_server/NPB3.4.3/NPB3.4-MPI/bin/mg.C.x"
0.9486534 W	2569842	"/home/boggy/ref_rapl/energy_exp_server/NPB3.4.3/NPB3.4-MPI/bin/mg.C.x"
0.63243556 W	2569821	"/home/boggy/ref_rapl/scaphandre/target/release/scaphandre"
------------------------------------------------------------

Host:	50.842982 W from 
	package 	core		dram		uncore
Socket0	45.92457 W |	40.97041 W	4.542881 W	0 W	

Top 5 consumers:
Power		PID	Exe
0.9300545 W	2569840	"/home/boggy/ref_rapl/energy_exp_server/NPB3.4.3/NPB3.4-MPI/bin/mg.C.x"
0.9300545 W	2569841	"/home/boggy/ref_rapl/energy_exp_server/NPB3.4.3/NPB3.4-MPI/bin/mg.C.x"
0.9300545 W	2569843	"/home/boggy/ref_rapl/energy_exp_server/NPB3.4.3/NPB3.4-MPI/bin/mg.C.x"
0.9300545 W	2569842	"/home/boggy/ref_rapl/energy_exp_server/NPB3.4.3/NPB3.4-MPI/bin/mg.C.x"
0.6200363 W	2569821	"/home/boggy/ref_rapl/scaphandre/target/release/scaphandre"
------------------------------------------------------------

Host:	51.16688 W from 
	package 	core		dram		uncore
Socket0	46.3305 W |	41.120804 W	4.568176 W	0 W	

Top 5 consumers:
Power		PID	Exe
1.2479726 W	2569840	"/home/boggy/ref_rapl/energy_exp_server/NPB3.4.3/NPB3.4-MPI/bin/mg.C.x"
1.2479726 W	2569843	"/home/boggy/ref_rapl/energy_exp_server/NPB3.4.3/NPB3.4-MPI/bin/mg.C.x"
0.9359795 W	2569821	"/home/boggy/ref_rapl/scaphandre/target/release/scaphandre"
0.9359795 W	2569841	"/home/boggy/ref_rapl/energy_exp_server/NPB3.4.3/NPB3.4-MPI/bin/mg.C.x"
0.9359795 W	2569842	"/home/boggy/ref_rapl/energy_exp_server/NPB3.4.3/NPB3.4-MPI/bin/mg.C.x"
------------------------------------------------------------

Host:	51.886301 W from 
	package 	core		dram		uncore
Socket0	47.767223 W |	41.827465 W	4.734717 W	0 W	

Top 5 consumers:
Power		PID	Exe
0.9549626 W	2569821	"/home/boggy/ref_rapl/scaphandre/target/release/scaphandre"
0.9549626 W	2569840	"/home/boggy/ref_rapl/energy_exp_server/NPB3.4.3/NPB3.4-MPI/bin/mg.C.x"
0.9549626 W	2569841	"/home/boggy/ref_rapl/energy_exp_server/NPB3.4.3/NPB3.4-MPI/bin/mg.C.x"
0.9549626 W	2569843	"/home/boggy/ref_rapl/energy_exp_server/NPB3.4.3/NPB3.4-MPI/bin/mg.C.x"
0.9549626 W	2569842	"/home/boggy/ref_rapl/energy_exp_server/NPB3.4.3/NPB3.4-MPI/bin/mg.C.x"
------------------------------------------------------------

Host:	53.081998 W from 
	package 	core		dram		uncore
Socket0	48.380703 W |	43.051548 W	4.794748 W	0 W	

Top 5 consumers:
Power		PID	Exe
1.3026257 W	2569842	"/home/boggy/ref_rapl/energy_exp_server/NPB3.4.3/NPB3.4-MPI/bin/mg.C.x"
0.9769693 W	2569840	"/home/boggy/ref_rapl/energy_exp_server/NPB3.4.3/NPB3.4-MPI/bin/mg.C.x"
0.9769693 W	2569841	"/home/boggy/ref_rapl/energy_exp_server/NPB3.4.3/NPB3.4-MPI/bin/mg.C.x"
0.9769693 W	2569843	"/home/boggy/ref_rapl/energy_exp_server/NPB3.4.3/NPB3.4-MPI/bin/mg.C.x"
0.6513128 W	2569821	"/home/boggy/ref_rapl/scaphandre/target/release/scaphandre"
------------------------------------------------------------

Host:	53.428967 W from 
	package 	core		dram		uncore
Socket0	47.168407 W |	42.991177 W	4.819189 W	0 W	

Top 5 consumers:
Power		PID	Exe
1.3111403 W	2569841	"/home/boggy/ref_rapl/energy_exp_server/NPB3.4.3/NPB3.4-MPI/bin/mg.C.x"
0.9833552 W	2569840	"/home/boggy/ref_rapl/energy_exp_server/NPB3.4.3/NPB3.4-MPI/bin/mg.C.x"
0.9833552 W	2569843	"/home/boggy/ref_rapl/energy_exp_server/NPB3.4.3/NPB3.4-MPI/bin/mg.C.x"
0.65557015 W	2569821	"/home/boggy/ref_rapl/scaphandre/target/release/scaphandre"
0.32778507 W	684	""
------------------------------------------------------------

Host:	53.52542 W from 
	package 	core		dram		uncore
Socket0	48.680923 W |	43.172417 W	4.67711 W	0 W	

Top 5 consumers:
Power		PID	Exe
0.9851304 W	2569821	"/home/boggy/ref_rapl/scaphandre/target/release/scaphandre"
0.9851304 W	2569840	"/home/boggy/ref_rapl/energy_exp_server/NPB3.4.3/NPB3.4-MPI/bin/mg.C.x"
0.9851304 W	2569841	"/home/boggy/ref_rapl/energy_exp_server/NPB3.4.3/NPB3.4-MPI/bin/mg.C.x"
0.9851304 W	2569843	"/home/boggy/ref_rapl/energy_exp_server/NPB3.4.3/NPB3.4-MPI/bin/mg.C.x"
0.9851304 W	2569842	"/home/boggy/ref_rapl/energy_exp_server/NPB3.4.3/NPB3.4-MPI/bin/mg.C.x"
------------------------------------------------------------

Host:	53.094316 W from 
	package 	core		dram		uncore
Socket0	48.48521 W |	43.064404 W	4.796969 W	0 W	

Top 5 consumers:
Power		PID	Exe
0.977196 W	2569821	"/home/boggy/ref_rapl/scaphandre/target/release/scaphandre"
0.977196 W	2569840	"/home/boggy/ref_rapl/energy_exp_server/NPB3.4.3/NPB3.4-MPI/bin/mg.C.x"
0.977196 W	2569841	"/home/boggy/ref_rapl/energy_exp_server/NPB3.4.3/NPB3.4-MPI/bin/mg.C.x"
0.977196 W	2569843	"/home/boggy/ref_rapl/energy_exp_server/NPB3.4.3/NPB3.4-MPI/bin/mg.C.x"
0.977196 W	2569842	"/home/boggy/ref_rapl/energy_exp_server/NPB3.4.3/NPB3.4-MPI/bin/mg.C.x"
------------------------------------------------------------

Host:	51.800595 W from 
	package 	core		dram		uncore
Socket0	48.333607 W |	43.29801 W	4.774293 W	0 W	

Top 5 consumers:
Power		PID	Exe
1.2711802 W	2569843	"/home/boggy/ref_rapl/energy_exp_server/NPB3.4.3/NPB3.4-MPI/bin/mg.C.x"
0.9533852 W	2569821	"/home/boggy/ref_rapl/scaphandre/target/release/scaphandre"
0.9533852 W	2569840	"/home/boggy/ref_rapl/energy_exp_server/NPB3.4.3/NPB3.4-MPI/bin/mg.C.x"
0.9533852 W	2569841	"/home/boggy/ref_rapl/energy_exp_server/NPB3.4.3/NPB3.4-MPI/bin/mg.C.x"
0.9533852 W	2569842	"/home/boggy/ref_rapl/energy_exp_server/NPB3.4.3/NPB3.4-MPI/bin/mg.C.x"
------------------------------------------------------------

Host:	52.078247 W from 
	package 	core		dram		uncore
Socket0	47.532127 W |	43.03636 W	4.860044 W	0 W	

Top 5 consumers:
Power		PID	Exe
1.2779938 W	2569840	"/home/boggy/ref_rapl/energy_exp_server/NPB3.4.3/NPB3.4-MPI/bin/mg.C.x"
1.2779938 W	2569842	"/home/boggy/ref_rapl/energy_exp_server/NPB3.4.3/NPB3.4-MPI/bin/mg.C.x"
0.9584954 W	2569841	"/home/boggy/ref_rapl/energy_exp_server/NPB3.4.3/NPB3.4-MPI/bin/mg.C.x"
0.9584954 W	2569843	"/home/boggy/ref_rapl/energy_exp_server/NPB3.4.3/NPB3.4-MPI/bin/mg.C.x"
0.6389969 W	2569821	"/home/boggy/ref_rapl/scaphandre/target/release/scaphandre"
------------------------------------------------------------

Host:	53.638232 W from 
	package 	core		dram		uncore
Socket0	47.56397 W |	42.372192 W	3.839395 W	0 W	

Top 5 consumers:
Power		PID	Exe
0.93014276 W	2569841	"/home/boggy/ref_rapl/energy_exp_server/NPB3.4.3/NPB3.4-MPI/bin/mg.C.x"
0.93014276 W	2569843	"/home/boggy/ref_rapl/energy_exp_server/NPB3.4.3/NPB3.4-MPI/bin/mg.C.x"
0.62009513 W	2569821	"/home/boggy/ref_rapl/scaphandre/target/release/scaphandre"
0.62009513 W	2569840	"/home/boggy/ref_rapl/energy_exp_server/NPB3.4.3/NPB3.4-MPI/bin/mg.C.x"
0.62009513 W	2569842	"/home/boggy/ref_rapl/energy_exp_server/NPB3.4.3/NPB3.4-MPI/bin/mg.C.x"
------------------------------------------------------------

Host:	55.488646 W from 
	package 	core		dram		uncore
Socket0	50.1853 W |	45.440887 W	4.119133 W	0 W	

Top 5 consumers:
Power		PID	Exe
0.96223086 W	2569821	"/home/boggy/ref_rapl/scaphandre/target/release/scaphandre"
0.96223086 W	2569840	"/home/boggy/ref_rapl/energy_exp_server/NPB3.4.3/NPB3.4-MPI/bin/mg.C.x"
0.96223086 W	2569841	"/home/boggy/ref_rapl/energy_exp_server/NPB3.4.3/NPB3.4-MPI/bin/mg.C.x"
0.96223086 W	2569843	"/home/boggy/ref_rapl/energy_exp_server/NPB3.4.3/NPB3.4-MPI/bin/mg.C.x"
0.96223086 W	2569842	"/home/boggy/ref_rapl/energy_exp_server/NPB3.4.3/NPB3.4-MPI/bin/mg.C.x"
------------------------------------------------------------

Host:	55.261446 W from 
	package 	core		dram		uncore
Socket0	50.657223 W |	45.56777 W	4.603501 W	0 W	

Top 5 consumers:
Power		PID	Exe
0.95829093 W	2569840	"/home/boggy/ref_rapl/energy_exp_server/NPB3.4.3/NPB3.4-MPI/bin/mg.C.x"
0.95829093 W	2569841	"/home/boggy/ref_rapl/energy_exp_server/NPB3.4.3/NPB3.4-MPI/bin/mg.C.x"
0.95829093 W	2569843	"/home/boggy/ref_rapl/energy_exp_server/NPB3.4.3/NPB3.4-MPI/bin/mg.C.x"
0.95829093 W	2569842	"/home/boggy/ref_rapl/energy_exp_server/NPB3.4.3/NPB3.4-MPI/bin/mg.C.x"
0.31943032 W	2569821	"/home/boggy/ref_rapl/scaphandre/target/release/scaphandre"
------------------------------------------------------------

Host:	55.22458 W from 
	package 	core		dram		uncore
Socket0	50.589104 W |	45.563187 W	4.749833 W	0 W	

Top 5 consumers:
Power		PID	Exe
0.9576517 W	2569840	"/home/boggy/ref_rapl/energy_exp_server/NPB3.4.3/NPB3.4-MPI/bin/mg.C.x"
0.9576517 W	2569841	"/home/boggy/ref_rapl/energy_exp_server/NPB3.4.3/NPB3.4-MPI/bin/mg.C.x"
0.9576517 W	2569843	"/home/boggy/ref_rapl/energy_exp_server/NPB3.4.3/NPB3.4-MPI/bin/mg.C.x"
0.9576517 W	2569842	"/home/boggy/ref_rapl/energy_exp_server/NPB3.4.3/NPB3.4-MPI/bin/mg.C.x"
0.63843435 W	2569821	"/home/boggy/ref_rapl/scaphandre/target/release/scaphandre"
------------------------------------------------------------

Host:	54.913992 W from 
	package 	core		dram		uncore
Socket0	51.10209 W |	45.473347 W	4.494407 W	0 W	

Top 5 consumers:
Power		PID	Exe
0.95226574 W	2569840	"/home/boggy/ref_rapl/energy_exp_server/NPB3.4.3/NPB3.4-MPI/bin/mg.C.x"
0.95226574 W	2569841	"/home/boggy/ref_rapl/energy_exp_server/NPB3.4.3/NPB3.4-MPI/bin/mg.C.x"
0.95226574 W	2569843	"/home/boggy/ref_rapl/energy_exp_server/NPB3.4.3/NPB3.4-MPI/bin/mg.C.x"
0.95226574 W	2569842	"/home/boggy/ref_rapl/energy_exp_server/NPB3.4.3/NPB3.4-MPI/bin/mg.C.x"
0.6348438 W	2569821	"/home/boggy/ref_rapl/scaphandre/target/release/scaphandre"
------------------------------------------------------------

Host:	55.691523 W from 
	package 	core		dram		uncore
Socket0	50.222878 W |	45.685688 W	4.694551 W	0 W	

Top 5 consumers:
Power		PID	Exe
0.96574897 W	2569821	"/home/boggy/ref_rapl/scaphandre/target/release/scaphandre"
0.96574897 W	2569840	"/home/boggy/ref_rapl/energy_exp_server/NPB3.4.3/NPB3.4-MPI/bin/mg.C.x"
0.96574897 W	2569841	"/home/boggy/ref_rapl/energy_exp_server/NPB3.4.3/NPB3.4-MPI/bin/mg.C.x"
0.96574897 W	2569843	"/home/boggy/ref_rapl/energy_exp_server/NPB3.4.3/NPB3.4-MPI/bin/mg.C.x"
0.96574897 W	2569842	"/home/boggy/ref_rapl/energy_exp_server/NPB3.4.3/NPB3.4-MPI/bin/mg.C.x"
------------------------------------------------------------

Host:	52.024841 W from 
	package 	core		dram		uncore
Socket0	51.229897 W |	45.607586 W	4.504307 W	0 W	

Top 5 consumers:
Power		PID	Exe
0.9021649 W	2569840	"/home/boggy/ref_rapl/energy_exp_server/NPB3.4.3/NPB3.4-MPI/bin/mg.C.x"
0.9021649 W	2569841	"/home/boggy/ref_rapl/energy_exp_server/NPB3.4.3/NPB3.4-MPI/bin/mg.C.x"
0.9021649 W	2569843	"/home/boggy/ref_rapl/energy_exp_server/NPB3.4.3/NPB3.4-MPI/bin/mg.C.x"
0.9021649 W	2569842	"/home/boggy/ref_rapl/energy_exp_server/NPB3.4.3/NPB3.4-MPI/bin/mg.C.x"
0.6014432 W	2569821	"/home/boggy/ref_rapl/scaphandre/target/release/scaphandre"
------------------------------------------------------------

Host:	52.975443 W from 
	package 	core		dram		uncore
Socket0	46.89994 W |	42.571976 W	4.212469 W	0 W	

Top 5 consumers:
Power		PID	Exe
1.26132 W	2569841	"/home/boggy/ref_rapl/energy_exp_server/NPB3.4.3/NPB3.4-MPI/bin/mg.C.x"
1.26132 W	2569843	"/home/boggy/ref_rapl/energy_exp_server/NPB3.4.3/NPB3.4-MPI/bin/mg.C.x"
1.26132 W	2569842	"/home/boggy/ref_rapl/energy_exp_server/NPB3.4.3/NPB3.4-MPI/bin/mg.C.x"
0.94599015 W	2569821	"/home/boggy/ref_rapl/scaphandre/target/release/scaphandre"
0.94599015 W	2569840	"/home/boggy/ref_rapl/energy_exp_server/NPB3.4.3/NPB3.4-MPI/bin/mg.C.x"
------------------------------------------------------------

Host:	53.417042 W from 
	package 	core		dram		uncore
Socket0	49.2044 W |	44.082817 W	3.838339 W	0 W	

Top 5 consumers:
Power		PID	Exe
0.95387584 W	2569821	"/home/boggy/ref_rapl/scaphandre/target/release/scaphandre"
0.95387584 W	2569840	"/home/boggy/ref_rapl/energy_exp_server/NPB3.4.3/NPB3.4-MPI/bin/mg.C.x"
0.95387584 W	2569841	"/home/boggy/ref_rapl/energy_exp_server/NPB3.4.3/NPB3.4-MPI/bin/mg.C.x"
0.95387584 W	2569843	"/home/boggy/ref_rapl/energy_exp_server/NPB3.4.3/NPB3.4-MPI/bin/mg.C.x"
0.95387584 W	2569842	"/home/boggy/ref_rapl/energy_exp_server/NPB3.4.3/NPB3.4-MPI/bin/mg.C.x"
------------------------------------------------------------

Host:	53.136337 W from 
	package 	core		dram		uncore
Socket0	48.394035 W |	43.102234 W	4.799707 W	0 W	

Top 5 consumers:
Power		PID	Exe
1.2651509 W	2569840	"/home/boggy/ref_rapl/energy_exp_server/NPB3.4.3/NPB3.4-MPI/bin/mg.C.x"
1.2651509 W	2569842	"/home/boggy/ref_rapl/energy_exp_server/NPB3.4.3/NPB3.4-MPI/bin/mg.C.x"
0.9488632 W	2569841	"/home/boggy/ref_rapl/energy_exp_server/NPB3.4.3/NPB3.4-MPI/bin/mg.C.x"
0.9488632 W	2569843	"/home/boggy/ref_rapl/energy_exp_server/NPB3.4.3/NPB3.4-MPI/bin/mg.C.x"
0.63257545 W	2569821	"/home/boggy/ref_rapl/scaphandre/target/release/scaphandre"
------------------------------------------------------------

Host:	52.858731 W from 
	package 	core		dram		uncore
Socket0	48.367214 W |	43.204323 W	4.78018 W	0 W	

Top 5 consumers:
Power		PID	Exe
1.2585412 W	2569841	"/home/boggy/ref_rapl/energy_exp_server/NPB3.4.3/NPB3.4-MPI/bin/mg.C.x"
0.94390595 W	2569821	"/home/boggy/ref_rapl/scaphandre/target/release/scaphandre"
0.94390595 W	2569840	"/home/boggy/ref_rapl/energy_exp_server/NPB3.4.3/NPB3.4-MPI/bin/mg.C.x"
0.94390595 W	2569843	"/home/boggy/ref_rapl/energy_exp_server/NPB3.4.3/NPB3.4-MPI/bin/mg.C.x"
0.94390595 W	2569842	"/home/boggy/ref_rapl/energy_exp_server/NPB3.4.3/NPB3.4-MPI/bin/mg.C.x"
------------------------------------------------------------

Host:	52.16688 W from 
	package 	core		dram		uncore
Socket0	48.207664 W |	43.067387 W	4.771529 W	0 W	

Top 5 consumers:
Power		PID	Exe
0.9315515 W	2569840	"/home/boggy/ref_rapl/energy_exp_server/NPB3.4.3/NPB3.4-MPI/bin/mg.C.x"
0.9315515 W	2569841	"/home/boggy/ref_rapl/energy_exp_server/NPB3.4.3/NPB3.4-MPI/bin/mg.C.x"
0.9315515 W	2569843	"/home/boggy/ref_rapl/energy_exp_server/NPB3.4.3/NPB3.4-MPI/bin/mg.C.x"
0.9315515 W	2569842	"/home/boggy/ref_rapl/energy_exp_server/NPB3.4.3/NPB3.4-MPI/bin/mg.C.x"
0.62103426 W	2569821	"/home/boggy/ref_rapl/scaphandre/target/release/scaphandre"
------------------------------------------------------------

Host:	54.694812 W from 
	package 	core		dram		uncore
Socket0	47.681156 W |	43.23711 W	4.851585 W	0 W	

Top 5 consumers:
Power		PID	Exe
1.3022574 W	2569843	"/home/boggy/ref_rapl/energy_exp_server/NPB3.4.3/NPB3.4-MPI/bin/mg.C.x"
0.97669315 W	2569821	"/home/boggy/ref_rapl/scaphandre/target/release/scaphandre"
0.97669315 W	2569840	"/home/boggy/ref_rapl/energy_exp_server/NPB3.4.3/NPB3.4-MPI/bin/mg.C.x"
0.97669315 W	2569841	"/home/boggy/ref_rapl/energy_exp_server/NPB3.4.3/NPB3.4-MPI/bin/mg.C.x"
0.97669315 W	2569842	"/home/boggy/ref_rapl/energy_exp_server/NPB3.4.3/NPB3.4-MPI/bin/mg.C.x"
------------------------------------------------------------

Host:	51.804521 W from 
	package 	core		dram		uncore
Socket0	49.532394 W |	43.1452 W	4.750652 W	0 W	

Top 5 consumers:
Power		PID	Exe
0.92508084 W	2569840	"/home/boggy/ref_rapl/energy_exp_server/NPB3.4.3/NPB3.4-MPI/bin/mg.C.x"
0.92508084 W	2569841	"/home/boggy/ref_rapl/energy_exp_server/NPB3.4.3/NPB3.4-MPI/bin/mg.C.x"
0.92508084 W	2569843	"/home/boggy/ref_rapl/energy_exp_server/NPB3.4.3/NPB3.4-MPI/bin/mg.C.x"
0.92508084 W	2569842	"/home/boggy/ref_rapl/energy_exp_server/NPB3.4.3/NPB3.4-MPI/bin/mg.C.x"
0.6167205 W	2569821	"/home/boggy/ref_rapl/scaphandre/target/release/scaphandre"
------------------------------------------------------------

Host:	51.307673 W from 
	package 	core		dram		uncore
Socket0	47.283752 W |	43.43841 W	4.798023 W	0 W	

Top 5 consumers:
Power		PID	Exe
1.1529814 W	2569840	"/home/boggy/ref_rapl/energy_exp_server/NPB3.4.3/NPB3.4-MPI/bin/mg.C.x"
1.1529814 W	2569842	"/home/boggy/ref_rapl/energy_exp_server/NPB3.4.3/NPB3.4-MPI/bin/mg.C.x"
0.8647361 W	2569821	"/home/boggy/ref_rapl/scaphandre/target/release/scaphandre"
0.8647361 W	2569841	"/home/boggy/ref_rapl/energy_exp_server/NPB3.4.3/NPB3.4-MPI/bin/mg.C.x"
0.8647361 W	2569843	"/home/boggy/ref_rapl/energy_exp_server/NPB3.4.3/NPB3.4-MPI/bin/mg.C.x"
------------------------------------------------------------

Host:	52.116695 W from 
	package 	core		dram		uncore
Socket0	47.20759 W |	42.124264 W	3.744269 W	0 W	

Top 5 consumers:
Power		PID	Exe
0.87837124 W	2569840	"/home/boggy/ref_rapl/energy_exp_server/NPB3.4.3/NPB3.4-MPI/bin/mg.C.x"
0.87837124 W	2569841	"/home/boggy/ref_rapl/energy_exp_server/NPB3.4.3/NPB3.4-MPI/bin/mg.C.x"
0.87837124 W	2569843	"/home/boggy/ref_rapl/energy_exp_server/NPB3.4.3/NPB3.4-MPI/bin/mg.C.x"
0.5855808 W	2569842	"/home/boggy/ref_rapl/energy_exp_server/NPB3.4.3/NPB3.4-MPI/bin/mg.C.x"
0.2927904 W	2569821	"/home/boggy/ref_rapl/scaphandre/target/release/scaphandre"
------------------------------------------------------------

Host:	52.480106 W from 
	package 	core		dram		uncore
Socket0	48.368073 W |	42.376427 W	4.536791 W	0 W	

Top 5 consumers:
Power		PID	Exe
0.88449615 W	2569821	"/home/boggy/ref_rapl/scaphandre/target/release/scaphandre"
0.88449615 W	2569840	"/home/boggy/ref_rapl/energy_exp_server/NPB3.4.3/NPB3.4-MPI/bin/mg.C.x"
0.88449615 W	2569841	"/home/boggy/ref_rapl/energy_exp_server/NPB3.4.3/NPB3.4-MPI/bin/mg.C.x"
0.88449615 W	2569843	"/home/boggy/ref_rapl/energy_exp_server/NPB3.4.3/NPB3.4-MPI/bin/mg.C.x"
0.88449615 W	2569842	"/home/boggy/ref_rapl/energy_exp_server/NPB3.4.3/NPB3.4-MPI/bin/mg.C.x"
------------------------------------------------------------

Host:	50.73568 W from 
	package 	core		dram		uncore
Socket0	46.27712 W |	41.81415 W	4.604557 W	0 W	

Top 5 consumers:
Power		PID	Exe
1.1401277 W	2569821	"/home/boggy/ref_rapl/scaphandre/target/release/scaphandre"
1.1401277 W	2569840	"/home/boggy/ref_rapl/energy_exp_server/NPB3.4.3/NPB3.4-MPI/bin/mg.C.x"
1.1401277 W	2569841	"/home/boggy/ref_rapl/energy_exp_server/NPB3.4.3/NPB3.4-MPI/bin/mg.C.x"
1.1401277 W	2569842	"/home/boggy/ref_rapl/energy_exp_server/NPB3.4.3/NPB3.4-MPI/bin/mg.C.x"
0.8550957 W	2569843	"/home/boggy/ref_rapl/energy_exp_server/NPB3.4.3/NPB3.4-MPI/bin/mg.C.x"
------------------------------------------------------------

Host:	46.151302 W from 
	package 	core		dram		uncore
Socket0	45.59726 W |	40.696728 W	4.504416 W	0 W	

Top 5 consumers:
Power		PID	Exe
0.77783096 W	2569840	"/home/boggy/ref_rapl/energy_exp_server/NPB3.4.3/NPB3.4-MPI/bin/mg.C.x"
0.77783096 W	2569841	"/home/boggy/ref_rapl/energy_exp_server/NPB3.4.3/NPB3.4-MPI/bin/mg.C.x"
0.77783096 W	2569843	"/home/boggy/ref_rapl/energy_exp_server/NPB3.4.3/NPB3.4-MPI/bin/mg.C.x"
0.77783096 W	2569842	"/home/boggy/ref_rapl/energy_exp_server/NPB3.4.3/NPB3.4-MPI/bin/mg.C.x"
0.5185539 W	2569821	"/home/boggy/ref_rapl/scaphandre/target/release/scaphandre"
------------------------------------------------------------

Host:	46.427492 W from 
	package 	core		dram		uncore
Socket0	41.340492 W |	36.0952 W	4.636058 W	0 W	

Top 5 consumers:
Power		PID	Exe
1.5649716 W	2569821	"/home/boggy/ref_rapl/scaphandre/target/release/scaphandre"
1.5649716 W	2569840	"/home/boggy/ref_rapl/energy_exp_server/NPB3.4.3/NPB3.4-MPI/bin/mg.C.x"
1.5649716 W	2569841	"/home/boggy/ref_rapl/energy_exp_server/NPB3.4.3/NPB3.4-MPI/bin/mg.C.x"
1.5649716 W	2569843	"/home/boggy/ref_rapl/energy_exp_server/NPB3.4.3/NPB3.4-MPI/bin/mg.C.x"
1.5649716 W	2569842	"/home/boggy/ref_rapl/energy_exp_server/NPB3.4.3/NPB3.4-MPI/bin/mg.C.x"
------------------------------------------------------------

Host:	47.008429 W from 
	package 	core		dram		uncore
Socket0	41.29322 W |	36.53789 W	4.57627 W	0 W	

Top 5 consumers:
Power		PID	Exe
1.2704982 W	2569821	"/home/boggy/ref_rapl/scaphandre/target/release/scaphandre"
1.2704982 W	2569840	"/home/boggy/ref_rapl/energy_exp_server/NPB3.4.3/NPB3.4-MPI/bin/mg.C.x"
1.2704982 W	2569841	"/home/boggy/ref_rapl/energy_exp_server/NPB3.4.3/NPB3.4-MPI/bin/mg.C.x"
1.2704982 W	2569843	"/home/boggy/ref_rapl/energy_exp_server/NPB3.4.3/NPB3.4-MPI/bin/mg.C.x"
1.2704982 W	2569842	"/home/boggy/ref_rapl/energy_exp_server/NPB3.4.3/NPB3.4-MPI/bin/mg.C.x"
------------------------------------------------------------

Host:	54.619439 W from 
	package 	core		dram		uncore
Socket0	45.18343 W |	39.43681 W	4.486436 W	0 W	

Top 5 consumers:
Power		PID	Exe
1.1809609 W	2569821	"/home/boggy/ref_rapl/scaphandre/target/release/scaphandre"
1.1809609 W	2569843	"/home/boggy/ref_rapl/energy_exp_server/NPB3.4.3/NPB3.4-MPI/bin/mg.C.x"
0.8857206 W	2569840	"/home/boggy/ref_rapl/energy_exp_server/NPB3.4.3/NPB3.4-MPI/bin/mg.C.x"
0.8857206 W	2569841	"/home/boggy/ref_rapl/energy_exp_server/NPB3.4.3/NPB3.4-MPI/bin/mg.C.x"
0.8857206 W	2569842	"/home/boggy/ref_rapl/energy_exp_server/NPB3.4.3/NPB3.4-MPI/bin/mg.C.x"
------------------------------------------------------------

Host:	55.870538 W from 
	package 	core		dram		uncore
Socket0	52.183876 W |	47.50224 W	4.457652 W	0 W	

Top 5 consumers:
Power		PID	Exe
0.90600866 W	2569840	"/home/boggy/ref_rapl/energy_exp_server/NPB3.4.3/NPB3.4-MPI/bin/mg.C.x"
0.90600866 W	2569841	"/home/boggy/ref_rapl/energy_exp_server/NPB3.4.3/NPB3.4-MPI/bin/mg.C.x"
0.90600866 W	2569843	"/home/boggy/ref_rapl/energy_exp_server/NPB3.4.3/NPB3.4-MPI/bin/mg.C.x"
0.90600866 W	2569842	"/home/boggy/ref_rapl/energy_exp_server/NPB3.4.3/NPB3.4-MPI/bin/mg.C.x"
0.6040059 W	2569821	"/home/boggy/ref_rapl/scaphandre/target/release/scaphandre"
------------------------------------------------------------

Host:	51.574442 W from 
	package 	core		dram		uncore
Socket0	48.001312 W |	42.984318 W	4.50962 W	0 W	

Top 5 consumers:
Power		PID	Exe
0.83634233 W	2569821	"/home/boggy/ref_rapl/scaphandre/target/release/scaphandre"
0.83634233 W	2569840	"/home/boggy/ref_rapl/energy_exp_server/NPB3.4.3/NPB3.4-MPI/bin/mg.C.x"
0.83634233 W	2569841	"/home/boggy/ref_rapl/energy_exp_server/NPB3.4.3/NPB3.4-MPI/bin/mg.C.x"
0.83634233 W	2569843	"/home/boggy/ref_rapl/energy_exp_server/NPB3.4.3/NPB3.4-MPI/bin/mg.C.x"
0.83634233 W	2569842	"/home/boggy/ref_rapl/energy_exp_server/NPB3.4.3/NPB3.4-MPI/bin/mg.C.x"
------------------------------------------------------------

Host:	49.907689 W from 
	package 	core		dram		uncore
Socket0	46.893364 W |	41.00534 W	4.471302 W	0 W	

Top 5 consumers:
Power		PID	Exe
1.0790852 W	2569840	"/home/boggy/ref_rapl/energy_exp_server/NPB3.4.3/NPB3.4-MPI/bin/mg.C.x"
1.0790852 W	2569841	"/home/boggy/ref_rapl/energy_exp_server/NPB3.4.3/NPB3.4-MPI/bin/mg.C.x"
0.8093139 W	2569843	"/home/boggy/ref_rapl/energy_exp_server/NPB3.4.3/NPB3.4-MPI/bin/mg.C.x"
0.8093139 W	2569842	"/home/boggy/ref_rapl/energy_exp_server/NPB3.4.3/NPB3.4-MPI/bin/mg.C.x"
0.5395426 W	2569821	"/home/boggy/ref_rapl/scaphandre/target/release/scaphandre"
------------------------------------------------------------

Host:	52.226663 W from 
	package 	core		dram		uncore
Socket0	46.924316 W |	41.29423 W	4.614537 W	0 W	

Top 5 consumers:
Power		PID	Exe
0.8469189 W	2569821	"/home/boggy/ref_rapl/scaphandre/target/release/scaphandre"
0.8469189 W	2569840	"/home/boggy/ref_rapl/energy_exp_server/NPB3.4.3/NPB3.4-MPI/bin/mg.C.x"
0.8469189 W	2569841	"/home/boggy/ref_rapl/energy_exp_server/NPB3.4.3/NPB3.4-MPI/bin/mg.C.x"
0.8469189 W	2569843	"/home/boggy/ref_rapl/energy_exp_server/NPB3.4.3/NPB3.4-MPI/bin/mg.C.x"
0.8469189 W	2569842	"/home/boggy/ref_rapl/energy_exp_server/NPB3.4.3/NPB3.4-MPI/bin/mg.C.x"
------------------------------------------------------------

Host:	53.45536 W from 
	package 	core		dram		uncore
Socket0	48.40036 W |	42.798016 W	4.801527 W	0 W	

Top 5 consumers:
Power		PID	Exe
1.1557916 W	2569842	"/home/boggy/ref_rapl/energy_exp_server/NPB3.4.3/NPB3.4-MPI/bin/mg.C.x"
0.8668437 W	2569840	"/home/boggy/ref_rapl/energy_exp_server/NPB3.4.3/NPB3.4-MPI/bin/mg.C.x"
0.8668437 W	2569841	"/home/boggy/ref_rapl/energy_exp_server/NPB3.4.3/NPB3.4-MPI/bin/mg.C.x"
0.8668437 W	2569843	"/home/boggy/ref_rapl/energy_exp_server/NPB3.4.3/NPB3.4-MPI/bin/mg.C.x"
0.5778958 W	2569821	"/home/boggy/ref_rapl/scaphandre/target/release/scaphandre"
------------------------------------------------------------

Host:	54.187081 W from 
	package 	core		dram		uncore
Socket0	47.306213 W |	43.078888 W	4.825642 W	0 W	

Top 5 consumers:
Power		PID	Exe
0.8931937 W	2569821	"/home/boggy/ref_rapl/scaphandre/target/release/scaphandre"
0.8931937 W	2569840	"/home/boggy/ref_rapl/energy_exp_server/NPB3.4.3/NPB3.4-MPI/bin/mg.C.x"
0.8931937 W	2569841	"/home/boggy/ref_rapl/energy_exp_server/NPB3.4.3/NPB3.4-MPI/bin/mg.C.x"
0.8931937 W	2569843	"/home/boggy/ref_rapl/energy_exp_server/NPB3.4.3/NPB3.4-MPI/bin/mg.C.x"
0.8931937 W	2569842	"/home/boggy/ref_rapl/energy_exp_server/NPB3.4.3/NPB3.4-MPI/bin/mg.C.x"
------------------------------------------------------------

Host:	51.927332 W from 
	package 	core		dram		uncore
Socket0	49.13671 W |	43.310593 W	4.716448 W	0 W	

Top 5 consumers:
Power		PID	Exe
0.8559451 W	2569840	"/home/boggy/ref_rapl/energy_exp_server/NPB3.4.3/NPB3.4-MPI/bin/mg.C.x"
0.8559451 W	2569841	"/home/boggy/ref_rapl/energy_exp_server/NPB3.4.3/NPB3.4-MPI/bin/mg.C.x"
0.8559451 W	2569843	"/home/boggy/ref_rapl/energy_exp_server/NPB3.4.3/NPB3.4-MPI/bin/mg.C.x"
0.8559451 W	2569842	"/home/boggy/ref_rapl/energy_exp_server/NPB3.4.3/NPB3.4-MPI/bin/mg.C.x"
0.5706301 W	2569821	"/home/boggy/ref_rapl/scaphandre/target/release/scaphandre"
------------------------------------------------------------

Host:	54.019555 W from 
	package 	core		dram		uncore
Socket0	47.58086 W |	43.176617 W	4.845133 W	0 W	

Top 5 consumers:
Power		PID	Exe
0.8904323 W	2569840	"/home/boggy/ref_rapl/energy_exp_server/NPB3.4.3/NPB3.4-MPI/bin/mg.C.x"
0.8904323 W	2569841	"/home/boggy/ref_rapl/energy_exp_server/NPB3.4.3/NPB3.4-MPI/bin/mg.C.x"
0.8904323 W	2569843	"/home/boggy/ref_rapl/energy_exp_server/NPB3.4.3/NPB3.4-MPI/bin/mg.C.x"
0.8904323 W	2569842	"/home/boggy/ref_rapl/energy_exp_server/NPB3.4.3/NPB3.4-MPI/bin/mg.C.x"
0.5936215 W	2569821	"/home/boggy/ref_rapl/scaphandre/target/release/scaphandre"
------------------------------------------------------------

Host:	51.946503 W from 
	package 	core		dram		uncore
Socket0	49.45516 W |	43.50942 W	4.7117 W	0 W	

Top 5 consumers:
Power		PID	Exe
1.7125223 W	2569840	"/home/boggy/ref_rapl/energy_exp_server/NPB3.4.3/NPB3.4-MPI/bin/mg.C.x"
1.7125223 W	2569841	"/home/boggy/ref_rapl/energy_exp_server/NPB3.4.3/NPB3.4-MPI/bin/mg.C.x"
1.7125223 W	2569843	"/home/boggy/ref_rapl/energy_exp_server/NPB3.4.3/NPB3.4-MPI/bin/mg.C.x"
1.7125223 W	2569842	"/home/boggy/ref_rapl/energy_exp_server/NPB3.4.3/NPB3.4-MPI/bin/mg.C.x"
0.85626113 W	2569821	"/home/boggy/ref_rapl/scaphandre/target/release/scaphandre"
------------------------------------------------------------

Host:	50.861877 W from 
	package 	core		dram		uncore
Socket0	46.89663 W |	41.671906 W	4.77899 W	0 W	

Top 5 consumers:
Power		PID	Exe
1.6767653 W	2569843	"/home/boggy/ref_rapl/energy_exp_server/NPB3.4.3/NPB3.4-MPI/bin/mg.C.x"
1.3973043 W	2569840	"/home/boggy/ref_rapl/energy_exp_server/NPB3.4.3/NPB3.4-MPI/bin/mg.C.x"
1.3973043 W	2569841	"/home/boggy/ref_rapl/energy_exp_server/NPB3.4.3/NPB3.4-MPI/bin/mg.C.x"
1.3973043 W	2569842	"/home/boggy/ref_rapl/energy_exp_server/NPB3.4.3/NPB3.4-MPI/bin/mg.C.x"
0.83838266 W	2569821	"/home/boggy/ref_rapl/scaphandre/target/release/scaphandre"
------------------------------------------------------------

Host:	54.256975 W from 
	package 	core		dram		uncore
Socket0	47.44852 W |	42.317238 W	4.624928 W	0 W	

Top 5 consumers:
Power		PID	Exe
1.7596856 W	2569840	"/home/boggy/ref_rapl/energy_exp_server/NPB3.4.3/NPB3.4-MPI/bin/mg.C.x"
1.7596856 W	2569841	"/home/boggy/ref_rapl/energy_exp_server/NPB3.4.3/NPB3.4-MPI/bin/mg.C.x"
1.7596856 W	2569842	"/home/boggy/ref_rapl/energy_exp_server/NPB3.4.3/NPB3.4-MPI/bin/mg.C.x"
1.4664048 W	2569843	"/home/boggy/ref_rapl/energy_exp_server/NPB3.4.3/NPB3.4-MPI/bin/mg.C.x"
0.5865619 W	2569821	"/home/boggy/ref_rapl/scaphandre/target/release/scaphandre"
------------------------------------------------------------

Host:	53.536649 W from 
	package 	core		dram		uncore
Socket0	48.77254 W |	44.23694 W	4.647785 W	0 W	

Top 5 consumers:
Power		PID	Exe
1.7363237 W	2569840	"/home/boggy/ref_rapl/energy_exp_server/NPB3.4.3/NPB3.4-MPI/bin/mg.C.x"
1.7363237 W	2569841	"/home/boggy/ref_rapl/energy_exp_server/NPB3.4.3/NPB3.4-MPI/bin/mg.C.x"
1.7363237 W	2569843	"/home/boggy/ref_rapl/energy_exp_server/NPB3.4.3/NPB3.4-MPI/bin/mg.C.x"
1.4469365 W	2569842	"/home/boggy/ref_rapl/energy_exp_server/NPB3.4.3/NPB3.4-MPI/bin/mg.C.x"
0.86816186 W	2569821	"/home/boggy/ref_rapl/scaphandre/target/release/scaphandre"
------------------------------------------------------------

Host:	53.309015 W from 
	package 	core		dram		uncore
Socket0	49.93294 W |	44.18324 W	4.583943 W	0 W	

Top 5 consumers:
Power		PID	Exe
1.728941 W	2569843	"/home/boggy/ref_rapl/energy_exp_server/NPB3.4.3/NPB3.4-MPI/bin/mg.C.x"
1.728941 W	2569842	"/home/boggy/ref_rapl/energy_exp_server/NPB3.4.3/NPB3.4-MPI/bin/mg.C.x"
1.4407842 W	2569840	"/home/boggy/ref_rapl/energy_exp_server/NPB3.4.3/NPB3.4-MPI/bin/mg.C.x"
1.4407842 W	2569841	"/home/boggy/ref_rapl/energy_exp_server/NPB3.4.3/NPB3.4-MPI/bin/mg.C.x"
0.5763137 W	2569821	"/home/boggy/ref_rapl/scaphandre/target/release/scaphandre"
------------------------------------------------------------

Host:	51.457785 W from 
	package 	core		dram		uncore
Socket0	47.686314 W |	42.612633 W	4.331535 W	0 W	

Top 5 consumers:
Power		PID	Exe
1.6689011 W	2569840	"/home/boggy/ref_rapl/energy_exp_server/NPB3.4.3/NPB3.4-MPI/bin/mg.C.x"
1.6689011 W	2569841	"/home/boggy/ref_rapl/energy_exp_server/NPB3.4.3/NPB3.4-MPI/bin/mg.C.x"
1.390751 W	2569843	"/home/boggy/ref_rapl/energy_exp_server/NPB3.4.3/NPB3.4-MPI/bin/mg.C.x"
1.390751 W	2569842	"/home/boggy/ref_rapl/energy_exp_server/NPB3.4.3/NPB3.4-MPI/bin/mg.C.x"
0.83445054 W	2569821	"/home/boggy/ref_rapl/scaphandre/target/release/scaphandre"
------------------------------------------------------------

Host:	51.367542 W from 
	package 	core		dram		uncore
Socket0	46.835327 W |	41.86125 W	4.67923 W	0 W	

Top 5 consumers:
Power		PID	Exe
1.7218171 W	2569843	"/home/boggy/ref_rapl/energy_exp_server/NPB3.4.3/NPB3.4-MPI/bin/mg.C.x"
1.7218171 W	2569842	"/home/boggy/ref_rapl/energy_exp_server/NPB3.4.3/NPB3.4-MPI/bin/mg.C.x"
1.4348475 W	2569840	"/home/boggy/ref_rapl/energy_exp_server/NPB3.4.3/NPB3.4-MPI/bin/mg.C.x"
1.4348475 W	2569841	"/home/boggy/ref_rapl/energy_exp_server/NPB3.4.3/NPB3.4-MPI/bin/mg.C.x"
0.573939 W	2569821	"/home/boggy/ref_rapl/scaphandre/target/release/scaphandre"
------------------------------------------------------------

Host:	51.985898 W from 
	package 	core		dram		uncore
Socket0	46.583153 W |	41.714874 W	4.744395 W	0 W	

Top 5 consumers:
Power		PID	Exe
1.7425442 W	2569840	"/home/boggy/ref_rapl/energy_exp_server/NPB3.4.3/NPB3.4-MPI/bin/mg.C.x"
1.7425442 W	2569841	"/home/boggy/ref_rapl/energy_exp_server/NPB3.4.3/NPB3.4-MPI/bin/mg.C.x"
1.7425442 W	2569842	"/home/boggy/ref_rapl/energy_exp_server/NPB3.4.3/NPB3.4-MPI/bin/mg.C.x"
1.45212 W	2569843	"/home/boggy/ref_rapl/energy_exp_server/NPB3.4.3/NPB3.4-MPI/bin/mg.C.x"
0.8712721 W	2569821	"/home/boggy/ref_rapl/scaphandre/target/release/scaphandre"
------------------------------------------------------------

Host:	50.669547 W from 
	package 	core		dram		uncore
Socket0	47.1495 W |	41.64872 W	4.808152 W	0 W	

Top 5 consumers:
Power		PID	Exe
1.6984206 W	2569840	"/home/boggy/ref_rapl/energy_exp_server/NPB3.4.3/NPB3.4-MPI/bin/mg.C.x"
1.6984206 W	2569841	"/home/boggy/ref_rapl/energy_exp_server/NPB3.4.3/NPB3.4-MPI/bin/mg.C.x"
1.6984206 W	2569843	"/home/boggy/ref_rapl/energy_exp_server/NPB3.4.3/NPB3.4-MPI/bin/mg.C.x"
1.6984206 W	2569842	"/home/boggy/ref_rapl/energy_exp_server/NPB3.4.3/NPB3.4-MPI/bin/mg.C.x"
0.5661402 W	2569821	"/home/boggy/ref_rapl/scaphandre/target/release/scaphandre"
------------------------------------------------------------

Host:	49.918962 W from 
	package 	core		dram		uncore
Socket0	45.279587 W |	40.668194 W	4.813137 W	0 W	

Top 5 consumers:
Power		PID	Exe
1.6732614 W	2569840	"/home/boggy/ref_rapl/energy_exp_server/NPB3.4.3/NPB3.4-MPI/bin/mg.C.x"
1.6732614 W	2569841	"/home/boggy/ref_rapl/energy_exp_server/NPB3.4.3/NPB3.4-MPI/bin/mg.C.x"
1.6732614 W	2569843	"/home/boggy/ref_rapl/energy_exp_server/NPB3.4.3/NPB3.4-MPI/bin/mg.C.x"
1.6732614 W	2569842	"/home/boggy/ref_rapl/energy_exp_server/NPB3.4.3/NPB3.4-MPI/bin/mg.C.x"
0.8366307 W	2569821	"/home/boggy/ref_rapl/scaphandre/target/release/scaphandre"
------------------------------------------------------------

Host:	47.987296 W from 
	package 	core		dram		uncore
Socket0	45.439255 W |	40.67244 W	4.561786 W	0 W	

Top 5 consumers:
Power		PID	Exe
1.5648031 W	2569843	"/home/boggy/ref_rapl/energy_exp_server/NPB3.4.3/NPB3.4-MPI/bin/mg.C.x"
1.3040026 W	2569840	"/home/boggy/ref_rapl/energy_exp_server/NPB3.4.3/NPB3.4-MPI/bin/mg.C.x"
1.3040026 W	2569841	"/home/boggy/ref_rapl/energy_exp_server/NPB3.4.3/NPB3.4-MPI/bin/mg.C.x"
1.3040026 W	2569842	"/home/boggy/ref_rapl/energy_exp_server/NPB3.4.3/NPB3.4-MPI/bin/mg.C.x"
0.78240156 W	2569821	"/home/boggy/ref_rapl/scaphandre/target/release/scaphandre"
------------------------------------------------------------

Host:	46.1542 W from 
	package 	core		dram		uncore
Socket0	42.951782 W |	37.402416 W	4.5268 W	0 W	

Top 5 consumers:
Power		PID	Exe
1.7558663 W	2569840	"/home/boggy/ref_rapl/energy_exp_server/NPB3.4.3/NPB3.4-MPI/bin/mg.C.x"
1.7558663 W	2569841	"/home/boggy/ref_rapl/energy_exp_server/NPB3.4.3/NPB3.4-MPI/bin/mg.C.x"
1.2541902 W	2569821	"/home/boggy/ref_rapl/scaphandre/target/release/scaphandre"
0.25083804 W	976	""
0.25083804 W	1127	""
------------------------------------------------------------

Host:	49.057805 W from 
	package 	core		dram		uncore
Socket0	41.35094 W |	36.080627 W	4.592797 W	0 W	

Top 5 consumers:
Power		PID	Exe
4.0110154 W	2569840	"/home/boggy/ref_rapl/energy_exp_server/NPB3.4.3/NPB3.4-MPI/bin/mg.C.x"
4.0110154 W	2569841	"/home/boggy/ref_rapl/energy_exp_server/NPB3.4.3/NPB3.4-MPI/bin/mg.C.x"
4.0110154 W	2569842	"/home/boggy/ref_rapl/energy_exp_server/NPB3.4.3/NPB3.4-MPI/bin/mg.C.x"
3.7024758 W	2569843	"/home/boggy/ref_rapl/energy_exp_server/NPB3.4.3/NPB3.4-MPI/bin/mg.C.x"
1.2341586 W	2569821	"/home/boggy/ref_rapl/scaphandre/target/release/scaphandre"
------------------------------------------------------------

Host:	49.313043 W from 
	package 	core		dram		uncore
Socket0	44.941967 W |	39.9374 W	4.574449 W	0 W	

Top 5 consumers:
Power		PID	Exe
3.411594 W	2569840	"/home/boggy/ref_rapl/energy_exp_server/NPB3.4.3/NPB3.4-MPI/bin/mg.C.x"
3.411594 W	2569841	"/home/boggy/ref_rapl/energy_exp_server/NPB3.4.3/NPB3.4-MPI/bin/mg.C.x"
3.411594 W	2569843	"/home/boggy/ref_rapl/energy_exp_server/NPB3.4.3/NPB3.4-MPI/bin/mg.C.x"
3.411594 W	2569842	"/home/boggy/ref_rapl/energy_exp_server/NPB3.4.3/NPB3.4-MPI/bin/mg.C.x"
0.93043476 W	2569821	"/home/boggy/ref_rapl/scaphandre/target/release/scaphandre"
------------------------------------------------------------

Host:	51.36182 W from 
	package 	core		dram		uncore
Socket0	44.928783 W |	39.794544 W	4.645916 W	0 W	

Top 5 consumers:
Power		PID	Exe
1.2921213 W	2569841	"/home/boggy/ref_rapl/energy_exp_server/NPB3.4.3/NPB3.4-MPI/bin/mg.C.x"
1.2921213 W	2569843	"/home/boggy/ref_rapl/energy_exp_server/NPB3.4.3/NPB3.4-MPI/bin/mg.C.x"
1.2921213 W	2569842	"/home/boggy/ref_rapl/energy_exp_server/NPB3.4.3/NPB3.4-MPI/bin/mg.C.x"
0.96909094 W	2569840	"/home/boggy/ref_rapl/energy_exp_server/NPB3.4.3/NPB3.4-MPI/bin/mg.C.x"
0.64606065 W	2569821	"/home/boggy/ref_rapl/scaphandre/target/release/scaphandre"
------------------------------------------------------------

Host:	54.25511 W from 
	package 	core		dram		uncore
Socket0	47.770485 W |	42.695175 W	4.786885 W	0 W	

Top 5 consumers:
Power		PID	Exe
1.0236813 W	2569840	"/home/boggy/ref_rapl/energy_exp_server/NPB3.4.3/NPB3.4-MPI/bin/mg.C.x"
1.0236813 W	2569843	"/home/boggy/ref_rapl/energy_exp_server/NPB3.4.3/NPB3.4-MPI/bin/mg.C.x"
1.0236813 W	2569842	"/home/boggy/ref_rapl/energy_exp_server/NPB3.4.3/NPB3.4-MPI/bin/mg.C.x"
0.68245417 W	2569821	"/home/boggy/ref_rapl/scaphandre/target/release/scaphandre"
0.68245417 W	2569841	"/home/boggy/ref_rapl/energy_exp_server/NPB3.4.3/NPB3.4-MPI/bin/mg.C.x"
------------------------------------------------------------

Host:	52.359757 W from 
	package 	core		dram		uncore
Socket0	47.962543 W |	43.23049 W	4.754181 W	0 W	

Top 5 consumers:
Power		PID	Exe
1.254126 W	2569840	"/home/boggy/ref_rapl/energy_exp_server/NPB3.4.3/NPB3.4-MPI/bin/mg.C.x"
1.254126 W	2569841	"/home/boggy/ref_rapl/energy_exp_server/NPB3.4.3/NPB3.4-MPI/bin/mg.C.x"
0.94059443 W	2569821	"/home/boggy/ref_rapl/scaphandre/target/release/scaphandre"
0.94059443 W	2569843	"/home/boggy/ref_rapl/energy_exp_server/NPB3.4.3/NPB3.4-MPI/bin/mg.C.x"
0.94059443 W	2569842	"/home/boggy/ref_rapl/energy_exp_server/NPB3.4.3/NPB3.4-MPI/bin/mg.C.x"
------------------------------------------------------------

Host:	53.215111 W from 
	package 	core		dram		uncore
Socket0	47.961987 W |	43.480686 W	4.859143 W	0 W	

Top 5 consumers:
Power		PID	Exe
1.2746135 W	2569842	"/home/boggy/ref_rapl/energy_exp_server/NPB3.4.3/NPB3.4-MPI/bin/mg.C.x"
0.95596015 W	2569840	"/home/boggy/ref_rapl/energy_exp_server/NPB3.4.3/NPB3.4-MPI/bin/mg.C.x"
0.95596015 W	2569841	"/home/boggy/ref_rapl/energy_exp_server/NPB3.4.3/NPB3.4-MPI/bin/mg.C.x"
0.95596015 W	2569843	"/home/boggy/ref_rapl/energy_exp_server/NPB3.4.3/NPB3.4-MPI/bin/mg.C.x"
0.63730675 W	2569821	"/home/boggy/ref_rapl/scaphandre/target/release/scaphandre"
------------------------------------------------------------

Host:	53.434973 W from 
	package 	core		dram		uncore
Socket0	48.29668 W |	43.062893 W	4.662176 W	0 W	

Top 5 consumers:
Power		PID	Exe
1.2798798 W	2569821	"/home/boggy/ref_rapl/scaphandre/target/release/scaphandre"
0.9599097 W	2569840	"/home/boggy/ref_rapl/energy_exp_server/NPB3.4.3/NPB3.4-MPI/bin/mg.C.x"
0.9599097 W	2569841	"/home/boggy/ref_rapl/energy_exp_server/NPB3.4.3/NPB3.4-MPI/bin/mg.C.x"
0.9599097 W	2569843	"/home/boggy/ref_rapl/energy_exp_server/NPB3.4.3/NPB3.4-MPI/bin/mg.C.x"
0.9599097 W	2569842	"/home/boggy/ref_rapl/energy_exp_server/NPB3.4.3/NPB3.4-MPI/bin/mg.C.x"
------------------------------------------------------------

Host:	51.003082 W from 
	package 	core		dram		uncore
Socket0	47.63127 W |	42.658676 W	4.777022 W	0 W	

Top 5 consumers:
Power		PID	Exe
0.91622305 W	2569840	"/home/boggy/ref_rapl/energy_exp_server/NPB3.4.3/NPB3.4-MPI/bin/mg.C.x"
0.91622305 W	2569841	"/home/boggy/ref_rapl/energy_exp_server/NPB3.4.3/NPB3.4-MPI/bin/mg.C.x"
0.91622305 W	2569843	"/home/boggy/ref_rapl/energy_exp_server/NPB3.4.3/NPB3.4-MPI/bin/mg.C.x"
0.91622305 W	2569842	"/home/boggy/ref_rapl/energy_exp_server/NPB3.4.3/NPB3.4-MPI/bin/mg.C.x"
0.30540773 W	2569821	"/home/boggy/ref_rapl/scaphandre/target/release/scaphandre"
------------------------------------------------------------

Host:	55.165324 W from 
	package 	core		dram		uncore
Socket0	48.15238 W |	43.51941 W	4.703121 W	0 W	

Top 5 consumers:
Power		PID	Exe
0.99099386 W	2569821	"/home/boggy/ref_rapl/scaphandre/target/release/scaphandre"
0.99099386 W	2569840	"/home/boggy/ref_rapl/energy_exp_server/NPB3.4.3/NPB3.4-MPI/bin/mg.C.x"
0.99099386 W	2569841	"/home/boggy/ref_rapl/energy_exp_server/NPB3.4.3/NPB3.4-MPI/bin/mg.C.x"
0.99099386 W	2569843	"/home/boggy/ref_rapl/energy_exp_server/NPB3.4.3/NPB3.4-MPI/bin/mg.C.x"
0.99099386 W	2569842	"/home/boggy/ref_rapl/energy_exp_server/NPB3.4.3/NPB3.4-MPI/bin/mg.C.x"
------------------------------------------------------------

Host:	56.662357 W from 
	package 	core		dram		uncore
Socket0	50.777275 W |	45.87814 W	4.597543 W	0 W	

Top 5 consumers:
Power		PID	Exe
1.0178866 W	2569840	"/home/boggy/ref_rapl/energy_exp_server/NPB3.4.3/NPB3.4-MPI/bin/mg.C.x"
1.0178866 W	2569841	"/home/boggy/ref_rapl/energy_exp_server/NPB3.4.3/NPB3.4-MPI/bin/mg.C.x"
1.0178866 W	2569843	"/home/boggy/ref_rapl/energy_exp_server/NPB3.4.3/NPB3.4-MPI/bin/mg.C.x"
1.0178866 W	2569842	"/home/boggy/ref_rapl/energy_exp_server/NPB3.4.3/NPB3.4-MPI/bin/mg.C.x"
0.6785912 W	2569821	"/home/boggy/ref_rapl/scaphandre/target/release/scaphandre"
------------------------------------------------------------

Host:	55.608571 W from 
	package 	core		dram		uncore
Socket0	51.82375 W |	45.78961 W	4.516001 W	0 W	

Top 5 consumers:
Power		PID	Exe
0.9989564 W	2569840	"/home/boggy/ref_rapl/energy_exp_server/NPB3.4.3/NPB3.4-MPI/bin/mg.C.x"
0.9989564 W	2569841	"/home/boggy/ref_rapl/energy_exp_server/NPB3.4.3/NPB3.4-MPI/bin/mg.C.x"
0.9989564 W	2569843	"/home/boggy/ref_rapl/energy_exp_server/NPB3.4.3/NPB3.4-MPI/bin/mg.C.x"
0.9989564 W	2569842	"/home/boggy/ref_rapl/energy_exp_server/NPB3.4.3/NPB3.4-MPI/bin/mg.C.x"
0.6659709 W	2569821	"/home/boggy/ref_rapl/scaphandre/target/release/scaphandre"
------------------------------------------------------------

Host:	55.223697 W from 
	package 	core		dram		uncore
Socket0	50.840107 W |	45.750412 W	4.630816 W	0 W	

Top 5 consumers:
Power		PID	Exe
0.9688367 W	2569821	"/home/boggy/ref_rapl/scaphandre/target/release/scaphandre"
0.9688367 W	2569840	"/home/boggy/ref_rapl/energy_exp_server/NPB3.4.3/NPB3.4-MPI/bin/mg.C.x"
0.9688367 W	2569841	"/home/boggy/ref_rapl/energy_exp_server/NPB3.4.3/NPB3.4-MPI/bin/mg.C.x"
0.9688367 W	2569843	"/home/boggy/ref_rapl/energy_exp_server/NPB3.4.3/NPB3.4-MPI/bin/mg.C.x"
0.9688367 W	2569842	"/home/boggy/ref_rapl/energy_exp_server/NPB3.4.3/NPB3.4-MPI/bin/mg.C.x"
------------------------------------------------------------

Host:	55.269336 W from 
	package 	core		dram		uncore
Socket0	50.736694 W |	45.825314 W	4.591557 W	0 W	

Top 5 consumers:
Power		PID	Exe
0.96963745 W	2569840	"/home/boggy/ref_rapl/energy_exp_server/NPB3.4.3/NPB3.4-MPI/bin/mg.C.x"
0.96963745 W	2569841	"/home/boggy/ref_rapl/energy_exp_server/NPB3.4.3/NPB3.4-MPI/bin/mg.C.x"
0.96963745 W	2569843	"/home/boggy/ref_rapl/energy_exp_server/NPB3.4.3/NPB3.4-MPI/bin/mg.C.x"
0.96963745 W	2569842	"/home/boggy/ref_rapl/energy_exp_server/NPB3.4.3/NPB3.4-MPI/bin/mg.C.x"
0.646425 W	2569821	"/home/boggy/ref_rapl/scaphandre/target/release/scaphandre"
------------------------------------------------------------

Host:	54.289143 W from 
	package 	core		dram		uncore
Socket0	50.721367 W |	45.920216 W	4.568186 W	0 W	

Top 5 consumers:
Power		PID	Exe
0.9524411 W	2569821	"/home/boggy/ref_rapl/scaphandre/target/release/scaphandre"
0.9524411 W	2569840	"/home/boggy/ref_rapl/energy_exp_server/NPB3.4.3/NPB3.4-MPI/bin/mg.C.x"
0.9524411 W	2569841	"/home/boggy/ref_rapl/energy_exp_server/NPB3.4.3/NPB3.4-MPI/bin/mg.C.x"
0.9524411 W	2569843	"/home/boggy/ref_rapl/energy_exp_server/NPB3.4.3/NPB3.4-MPI/bin/mg.C.x"
0.9524411 W	2569842	"/home/boggy/ref_rapl/energy_exp_server/NPB3.4.3/NPB3.4-MPI/bin/mg.C.x"
------------------------------------------------------------

Host:	51.409452 W from 
	package 	core		dram		uncore
Socket0	48.31012 W |	43.454243 W	4.596516 W	0 W	

Top 5 consumers:
Power		PID	Exe
0.9019202 W	2569840	"/home/boggy/ref_rapl/energy_exp_server/NPB3.4.3/NPB3.4-MPI/bin/mg.C.x"
0.9019202 W	2569841	"/home/boggy/ref_rapl/energy_exp_server/NPB3.4.3/NPB3.4-MPI/bin/mg.C.x"
0.9019202 W	2569843	"/home/boggy/ref_rapl/energy_exp_server/NPB3.4.3/NPB3.4-MPI/bin/mg.C.x"
0.9019202 W	2569842	"/home/boggy/ref_rapl/energy_exp_server/NPB3.4.3/NPB3.4-MPI/bin/mg.C.x"
0.6012802 W	2569821	"/home/boggy/ref_rapl/scaphandre/target/release/scaphandre"
------------------------------------------------------------

Host:	53.583622 W from 
	package 	core		dram		uncore
Socket0	50.022045 W |	44.335182 W	3.729077 W	0 W	

Top 5 consumers:
Power		PID	Exe
0.94006354 W	2569840	"/home/boggy/ref_rapl/energy_exp_server/NPB3.4.3/NPB3.4-MPI/bin/mg.C.x"
0.94006354 W	2569841	"/home/boggy/ref_rapl/energy_exp_server/NPB3.4.3/NPB3.4-MPI/bin/mg.C.x"
0.94006354 W	2569843	"/home/boggy/ref_rapl/energy_exp_server/NPB3.4.3/NPB3.4-MPI/bin/mg.C.x"
0.94006354 W	2569842	"/home/boggy/ref_rapl/energy_exp_server/NPB3.4.3/NPB3.4-MPI/bin/mg.C.x"
0.62670904 W	2569821	"/home/boggy/ref_rapl/scaphandre/target/release/scaphandre"
------------------------------------------------------------

Host:	53.768627 W from 
	package 	core		dram		uncore
Socket0	47.495125 W |	43.413975 W	4.821631 W	0 W	

Top 5 consumers:
Power		PID	Exe
0.94330925 W	2569840	"/home/boggy/ref_rapl/energy_exp_server/NPB3.4.3/NPB3.4-MPI/bin/mg.C.x"
0.94330925 W	2569841	"/home/boggy/ref_rapl/energy_exp_server/NPB3.4.3/NPB3.4-MPI/bin/mg.C.x"
0.94330925 W	2569843	"/home/boggy/ref_rapl/energy_exp_server/NPB3.4.3/NPB3.4-MPI/bin/mg.C.x"
0.94330925 W	2569842	"/home/boggy/ref_rapl/energy_exp_server/NPB3.4.3/NPB3.4-MPI/bin/mg.C.x"
0.6288729 W	2569821	"/home/boggy/ref_rapl/scaphandre/target/release/scaphandre"
------------------------------------------------------------

Host:	53.666598 W from 
	package 	core		dram		uncore
Socket0	48.972015 W |	43.59921 W	4.659539 W	0 W	

Top 5 consumers:
Power		PID	Exe
0.94151926 W	2569821	"/home/boggy/ref_rapl/scaphandre/target/release/scaphandre"
0.94151926 W	2569840	"/home/boggy/ref_rapl/energy_exp_server/NPB3.4.3/NPB3.4-MPI/bin/mg.C.x"
0.94151926 W	2569841	"/home/boggy/ref_rapl/energy_exp_server/NPB3.4.3/NPB3.4-MPI/bin/mg.C.x"
0.94151926 W	2569843	"/home/boggy/ref_rapl/energy_exp_server/NPB3.4.3/NPB3.4-MPI/bin/mg.C.x"
0.94151926 W	2569842	"/home/boggy/ref_rapl/energy_exp_server/NPB3.4.3/NPB3.4-MPI/bin/mg.C.x"
------------------------------------------------------------

Host:	54.000061 W from 
	package 	core		dram		uncore
Socket0	48.92876 W |	43.52839 W	4.80772 W	0 W	

Top 5 consumers:
Power		PID	Exe
0.9585809 W	2569821	"/home/boggy/ref_rapl/scaphandre/target/release/scaphandre"
0.9585809 W	2569840	"/home/boggy/ref_rapl/energy_exp_server/NPB3.4.3/NPB3.4-MPI/bin/mg.C.x"
0.9585809 W	2569841	"/home/boggy/ref_rapl/energy_exp_server/NPB3.4.3/NPB3.4-MPI/bin/mg.C.x"
0.9585809 W	2569843	"/home/boggy/ref_rapl/energy_exp_server/NPB3.4.3/NPB3.4-MPI/bin/mg.C.x"
0.9585809 W	2569842	"/home/boggy/ref_rapl/energy_exp_server/NPB3.4.3/NPB3.4-MPI/bin/mg.C.x"
------------------------------------------------------------

Host:	52.394341 W from 
	package 	core		dram		uncore
Socket0	48.939327 W |	43.618767 W	4.795556 W	0 W	

Top 5 consumers:
Power		PID	Exe
0.9300771 W	2569821	"/home/boggy/ref_rapl/scaphandre/target/release/scaphandre"
0.9300771 W	2569840	"/home/boggy/ref_rapl/energy_exp_server/NPB3.4.3/NPB3.4-MPI/bin/mg.C.x"
0.9300771 W	2569841	"/home/boggy/ref_rapl/energy_exp_server/NPB3.4.3/NPB3.4-MPI/bin/mg.C.x"
0.9300771 W	2569843	"/home/boggy/ref_rapl/energy_exp_server/NPB3.4.3/NPB3.4-MPI/bin/mg.C.x"
0.9300771 W	2569842	"/home/boggy/ref_rapl/energy_exp_server/NPB3.4.3/NPB3.4-MPI/bin/mg.C.x"
------------------------------------------------------------

Host:	54.2933 W from 
	package 	core		dram		uncore
Socket0	47.95635 W |	43.519066 W	4.858144 W	0 W	

Top 5 consumers:
Power		PID	Exe
0.96378636 W	2569840	"/home/boggy/ref_rapl/energy_exp_server/NPB3.4.3/NPB3.4-MPI/bin/mg.C.x"
0.96378636 W	2569841	"/home/boggy/ref_rapl/energy_exp_server/NPB3.4.3/NPB3.4-MPI/bin/mg.C.x"
0.96378636 W	2569843	"/home/boggy/ref_rapl/energy_exp_server/NPB3.4.3/NPB3.4-MPI/bin/mg.C.x"
0.96378636 W	2569842	"/home/boggy/ref_rapl/energy_exp_server/NPB3.4.3/NPB3.4-MPI/bin/mg.C.x"
0.64252424 W	2569821	"/home/boggy/ref_rapl/scaphandre/target/release/scaphandre"
------------------------------------------------------------

Host:	52.840554 W from 
	package 	core		dram		uncore
Socket0	49.03666 W |	43.438526 W	4.668065 W	0 W	

Top 5 consumers:
Power		PID	Exe
1.250664 W	2569843	"/home/boggy/ref_rapl/energy_exp_server/NPB3.4.3/NPB3.4-MPI/bin/mg.C.x"
0.937998 W	2569821	"/home/boggy/ref_rapl/scaphandre/target/release/scaphandre"
0.937998 W	2569840	"/home/boggy/ref_rapl/energy_exp_server/NPB3.4.3/NPB3.4-MPI/bin/mg.C.x"
0.937998 W	2569841	"/home/boggy/ref_rapl/energy_exp_server/NPB3.4.3/NPB3.4-MPI/bin/mg.C.x"
0.937998 W	2569842	"/home/boggy/ref_rapl/energy_exp_server/NPB3.4.3/NPB3.4-MPI/bin/mg.C.x"
------------------------------------------------------------

Host:	50.601671 W from 
	package 	core		dram		uncore
Socket0	47.408096 W |	42.36325 W	4.712681 W	0 W	

Top 5 consumers:
Power		PID	Exe
1.1976727 W	2569841	"/home/boggy/ref_rapl/energy_exp_server/NPB3.4.3/NPB3.4-MPI/bin/mg.C.x"
1.1976727 W	2569843	"/home/boggy/ref_rapl/energy_exp_server/NPB3.4.3/NPB3.4-MPI/bin/mg.C.x"
0.8982545 W	2569840	"/home/boggy/ref_rapl/energy_exp_server/NPB3.4.3/NPB3.4-MPI/bin/mg.C.x"
0.8982545 W	2569842	"/home/boggy/ref_rapl/energy_exp_server/NPB3.4.3/NPB3.4-MPI/bin/mg.C.x"
0.59883636 W	2569821	"/home/boggy/ref_rapl/scaphandre/target/release/scaphandre"
------------------------------------------------------------

Host:	52.835353 W from 
	package 	core		dram		uncore
Socket0	47.64784 W |	42.101353 W	4.684245 W	0 W	

Top 5 consumers:
Power		PID	Exe
0.93790567 W	2569840	"/home/boggy/ref_rapl/energy_exp_server/NPB3.4.3/NPB3.4-MPI/bin/mg.C.x"
0.93790567 W	2569842	"/home/boggy/ref_rapl/energy_exp_server/NPB3.4.3/NPB3.4-MPI/bin/mg.C.x"
0.6252704 W	2569821	"/home/boggy/ref_rapl/scaphandre/target/release/scaphandre"
0.6252704 W	2569841	"/home/boggy/ref_rapl/energy_exp_server/NPB3.4.3/NPB3.4-MPI/bin/mg.C.x"
0.6252704 W	2569843	"/home/boggy/ref_rapl/energy_exp_server/NPB3.4.3/NPB3.4-MPI/bin/mg.C.x"
------------------------------------------------------------

Host:	50.971435 W from 
	package 	core		dram		uncore
Socket0	46.539097 W |	42.22205 W	4.7433 W	0 W	

Top 5 consumers:
Power		PID	Exe
0.90481836 W	2569821	"/home/boggy/ref_rapl/scaphandre/target/release/scaphandre"
0.90481836 W	2569840	"/home/boggy/ref_rapl/energy_exp_server/NPB3.4.3/NPB3.4-MPI/bin/mg.C.x"
0.90481836 W	2569841	"/home/boggy/ref_rapl/energy_exp_server/NPB3.4.3/NPB3.4-MPI/bin/mg.C.x"
0.90481836 W	2569843	"/home/boggy/ref_rapl/energy_exp_server/NPB3.4.3/NPB3.4-MPI/bin/mg.C.x"
0.90481836 W	2569842	"/home/boggy/ref_rapl/energy_exp_server/NPB3.4.3/NPB3.4-MPI/bin/mg.C.x"
------------------------------------------------------------

Host:	47.802356 W from 
	package 	core		dram		uncore
Socket0	46.41752 W |	41.65585 W	4.257988 W	0 W	

Top 5 consumers:
Power		PID	Exe
1.1247613 W	2569840	"/home/boggy/ref_rapl/energy_exp_server/NPB3.4.3/NPB3.4-MPI/bin/mg.C.x"
1.1247613 W	2569841	"/home/boggy/ref_rapl/energy_exp_server/NPB3.4.3/NPB3.4-MPI/bin/mg.C.x"
1.1247613 W	2569843	"/home/boggy/ref_rapl/energy_exp_server/NPB3.4.3/NPB3.4-MPI/bin/mg.C.x"
0.84357107 W	2569821	"/home/boggy/ref_rapl/scaphandre/target/release/scaphandre"
0.84357107 W	2569842	"/home/boggy/ref_rapl/energy_exp_server/NPB3.4.3/NPB3.4-MPI/bin/mg.C.x"
------------------------------------------------------------

Host:	46.298666 W from 
	package 	core		dram		uncore
Socket0	42.051456 W |	36.80768 W	4.511104 W	0 W	

Top 5 consumers:
Power		PID	Exe
1.6340708 W	2569821	"/home/boggy/ref_rapl/scaphandre/target/release/scaphandre"
1.6340708 W	2569842	"/home/boggy/ref_rapl/energy_exp_server/NPB3.4.3/NPB3.4-MPI/bin/mg.C.x"
1.3617254 W	2569840	"/home/boggy/ref_rapl/energy_exp_server/NPB3.4.3/NPB3.4-MPI/bin/mg.C.x"
1.3617254 W	2569841	"/home/boggy/ref_rapl/energy_exp_server/NPB3.4.3/NPB3.4-MPI/bin/mg.C.x"
1.3617254 W	2569843	"/home/boggy/ref_rapl/energy_exp_server/NPB3.4.3/NPB3.4-MPI/bin/mg.C.x"
------------------------------------------------------------

Host:	46.976178 W from 
	package 	core		dram		uncore
Socket0	42.091515 W |	36.4307 W	4.573929 W	0 W	

Top 5 consumers:
Power		PID	Exe
1.3816522 W	2569821	"/home/boggy/ref_rapl/scaphandre/target/release/scaphandre"
1.3816522 W	2569840	"/home/boggy/ref_rapl/energy_exp_server/NPB3.4.3/NPB3.4-MPI/bin/mg.C.x"
1.3816522 W	2569841	"/home/boggy/ref_rapl/energy_exp_server/NPB3.4.3/NPB3.4-MPI/bin/mg.C.x"
1.3816522 W	2569843	"/home/boggy/ref_rapl/energy_exp_server/NPB3.4.3/NPB3.4-MPI/bin/mg.C.x"
1.3816522 W	2569842	"/home/boggy/ref_rapl/energy_exp_server/NPB3.4.3/NPB3.4-MPI/bin/mg.C.x"
------------------------------------------------------------

Host:	53.320039 W from 
	package 	core		dram		uncore
Socket0	42.624714 W |	38.072517 W	4.605299 W	0 W	

Top 5 consumers:
Power		PID	Exe
1.2545892 W	2569840	"/home/boggy/ref_rapl/energy_exp_server/NPB3.4.3/NPB3.4-MPI/bin/mg.C.x"
1.2545892 W	2569841	"/home/boggy/ref_rapl/energy_exp_server/NPB3.4.3/NPB3.4-MPI/bin/mg.C.x"
1.2545892 W	2569843	"/home/boggy/ref_rapl/energy_exp_server/NPB3.4.3/NPB3.4-MPI/bin/mg.C.x"
0.94094193 W	2569821	"/home/boggy/ref_rapl/scaphandre/target/release/scaphandre"
0.94094193 W	2569842	"/home/boggy/ref_rapl/energy_exp_server/NPB3.4.3/NPB3.4-MPI/bin/mg.C.x"
------------------------------------------------------------

Host:	53.526754 W from 
	package 	core		dram		uncore
Socket0	51.52741 W |	45.419712 W	4.461995 W	0 W	

Top 5 consumers:
Power		PID	Exe
1.2594532 W	2569842	"/home/boggy/ref_rapl/energy_exp_server/NPB3.4.3/NPB3.4-MPI/bin/mg.C.x"
0.94458985 W	2569821	"/home/boggy/ref_rapl/scaphandre/target/release/scaphandre"
0.94458985 W	2569840	"/home/boggy/ref_rapl/energy_exp_server/NPB3.4.3/NPB3.4-MPI/bin/mg.C.x"
0.94458985 W	2569841	"/home/boggy/ref_rapl/energy_exp_server/NPB3.4.3/NPB3.4-MPI/bin/mg.C.x"
0.94458985 W	2569843	"/home/boggy/ref_rapl/energy_exp_server/NPB3.4.3/NPB3.4-MPI/bin/mg.C.x"
------------------------------------------------------------

Host:	51.284897 W from 
	package 	core		dram		uncore
Socket0	48.333275 W |	44.21209 W	4.545048 W	0 W	

Top 5 consumers:
Power		PID	Exe
0.9050277 W	2569821	"/home/boggy/ref_rapl/scaphandre/target/release/scaphandre"
0.9050277 W	2569840	"/home/boggy/ref_rapl/energy_exp_server/NPB3.4.3/NPB3.4-MPI/bin/mg.C.x"
0.9050277 W	2569841	"/home/boggy/ref_rapl/energy_exp_server/NPB3.4.3/NPB3.4-MPI/bin/mg.C.x"
0.9050277 W	2569843	"/home/boggy/ref_rapl/energy_exp_server/NPB3.4.3/NPB3.4-MPI/bin/mg.C.x"
0.9050277 W	2569842	"/home/boggy/ref_rapl/energy_exp_server/NPB3.4.3/NPB3.4-MPI/bin/mg.C.x"
------------------------------------------------------------

Host:	51.131618 W from 
	package 	core		dram		uncore
Socket0	46.568592 W |	41.23395 W	4.582675 W	0 W	

Top 5 consumers:
Power		PID	Exe
0.90232277 W	2569840	"/home/boggy/ref_rapl/energy_exp_server/NPB3.4.3/NPB3.4-MPI/bin/mg.C.x"
0.90232277 W	2569841	"/home/boggy/ref_rapl/energy_exp_server/NPB3.4.3/NPB3.4-MPI/bin/mg.C.x"
0.90232277 W	2569843	"/home/boggy/ref_rapl/energy_exp_server/NPB3.4.3/NPB3.4-MPI/bin/mg.C.x"
0.90232277 W	2569842	"/home/boggy/ref_rapl/energy_exp_server/NPB3.4.3/NPB3.4-MPI/bin/mg.C.x"
0.6015485 W	2569821	"/home/boggy/ref_rapl/scaphandre/target/release/scaphandre"
------------------------------------------------------------

Host:	52.090607 W from 
	package 	core		dram		uncore
Socket0	46.723026 W |	41.422432 W	4.575377 W	0 W	

Top 5 consumers:
Power		PID	Exe
0.9192461 W	2569840	"/home/boggy/ref_rapl/energy_exp_server/NPB3.4.3/NPB3.4-MPI/bin/mg.C.x"
0.9192461 W	2569841	"/home/boggy/ref_rapl/energy_exp_server/NPB3.4.3/NPB3.4-MPI/bin/mg.C.x"
0.9192461 W	2569843	"/home/boggy/ref_rapl/energy_exp_server/NPB3.4.3/NPB3.4-MPI/bin/mg.C.x"
0.9192461 W	2569842	"/home/boggy/ref_rapl/energy_exp_server/NPB3.4.3/NPB3.4-MPI/bin/mg.C.x"
0.6128307 W	2569821	"/home/boggy/ref_rapl/scaphandre/target/release/scaphandre"
------------------------------------------------------------

Host:	52.408244 W from 
	package 	core		dram		uncore
Socket0	48.700676 W |	42.626072 W	4.642601 W	0 W	

Top 5 consumers:
Power		PID	Exe
0.9248514 W	2569821	"/home/boggy/ref_rapl/scaphandre/target/release/scaphandre"
0.9248514 W	2569840	"/home/boggy/ref_rapl/energy_exp_server/NPB3.4.3/NPB3.4-MPI/bin/mg.C.x"
0.9248514 W	2569841	"/home/boggy/ref_rapl/energy_exp_server/NPB3.4.3/NPB3.4-MPI/bin/mg.C.x"
0.9248514 W	2569843	"/home/boggy/ref_rapl/energy_exp_server/NPB3.4.3/NPB3.4-MPI/bin/mg.C.x"
0.9248514 W	2569842	"/home/boggy/ref_rapl/energy_exp_server/NPB3.4.3/NPB3.4-MPI/bin/mg.C.x"
------------------------------------------------------------

Host:	54.306902 W from 
	package 	core		dram		uncore
Socket0	48.96551 W |	43.387497 W	4.839805 W	0 W	

Top 5 consumers:
Power		PID	Exe
1.2778095 W	2569841	"/home/boggy/ref_rapl/energy_exp_server/NPB3.4.3/NPB3.4-MPI/bin/mg.C.x"
1.2778095 W	2569843	"/home/boggy/ref_rapl/energy_exp_server/NPB3.4.3/NPB3.4-MPI/bin/mg.C.x"
0.9583572 W	2569821	"/home/boggy/ref_rapl/scaphandre/target/release/scaphandre"
0.9583572 W	2569840	"/home/boggy/ref_rapl/energy_exp_server/NPB3.4.3/NPB3.4-MPI/bin/mg.C.x"
0.9583572 W	2569842	"/home/boggy/ref_rapl/energy_exp_server/NPB3.4.3/NPB3.4-MPI/bin/mg.C.x"
------------------------------------------------------------

Host:	53.393551 W from 
	package 	core		dram		uncore
Socket0	47.991615 W |	43.38612 W	4.719706 W	0 W	

Top 5 consumers:
Power		PID	Exe
1.2563189 W	2569840	"/home/boggy/ref_rapl/energy_exp_server/NPB3.4.3/NPB3.4-MPI/bin/mg.C.x"
0.94223917 W	2569841	"/home/boggy/ref_rapl/energy_exp_server/NPB3.4.3/NPB3.4-MPI/bin/mg.C.x"
0.94223917 W	2569843	"/home/boggy/ref_rapl/energy_exp_server/NPB3.4.3/NPB3.4-MPI/bin/mg.C.x"
0.94223917 W	2569842	"/home/boggy/ref_rapl/energy_exp_server/NPB3.4.3/NPB3.4-MPI/bin/mg.C.x"
0.62815946 W	2569821	"/home/boggy/ref_rapl/scaphandre/target/release/scaphandre"
------------------------------------------------------------

Host:	53.83137 W from 
	package 	core		dram		uncore
Socket0	48.71308 W |	43.528736 W	4.786894 W	0 W	

Top 5 consumers:
Power		PID	Exe
0.9499654 W	2569840	"/home/boggy/ref_rapl/energy_exp_server/NPB3.4.3/NPB3.4-MPI/bin/mg.C.x"
0.9499654 W	2569841	"/home/boggy/ref_rapl/energy_exp_server/NPB3.4.3/NPB3.4-MPI/bin/mg.C.x"
0.9499654 W	2569843	"/home/boggy/ref_rapl/energy_exp_server/NPB3.4.3/NPB3.4-MPI/bin/mg.C.x"
0.9499654 W	2569842	"/home/boggy/ref_rapl/energy_exp_server/NPB3.4.3/NPB3.4-MPI/bin/mg.C.x"
0.63331026 W	2569821	"/home/boggy/ref_rapl/scaphandre/target/release/scaphandre"
------------------------------------------------------------

Host:	53.298716 W from 
	package 	core		dram		uncore
Socket0	49.050797 W |	43.4512 W	4.816892 W	0 W	

Top 5 consumers:
Power		PID	Exe
0.9350652 W	2569821	"/home/boggy/ref_rapl/scaphandre/target/release/scaphandre"
0.9350652 W	2569840	"/home/boggy/ref_rapl/energy_exp_server/NPB3.4.3/NPB3.4-MPI/bin/mg.C.x"
0.9350652 W	2569841	"/home/boggy/ref_rapl/energy_exp_server/NPB3.4.3/NPB3.4-MPI/bin/mg.C.x"
0.9350652 W	2569843	"/home/boggy/ref_rapl/energy_exp_server/NPB3.4.3/NPB3.4-MPI/bin/mg.C.x"
0.9350652 W	2569842	"/home/boggy/ref_rapl/energy_exp_server/NPB3.4.3/NPB3.4-MPI/bin/mg.C.x"
------------------------------------------------------------

Host:	52.341485 W from 
	package 	core		dram		uncore
Socket0	48.438984 W |	43.6451 W	4.756512 W	0 W	

Top 5 consumers:
Power		PID	Exe
0.91827166 W	2569821	"/home/boggy/ref_rapl/scaphandre/target/release/scaphandre"
0.91827166 W	2569840	"/home/boggy/ref_rapl/energy_exp_server/NPB3.4.3/NPB3.4-MPI/bin/mg.C.x"
0.91827166 W	2569841	"/home/boggy/ref_rapl/energy_exp_server/NPB3.4.3/NPB3.4-MPI/bin/mg.C.x"
0.91827166 W	2569843	"/home/boggy/ref_rapl/energy_exp_server/NPB3.4.3/NPB3.4-MPI/bin/mg.C.x"
0.91827166 W	2569842	"/home/boggy/ref_rapl/energy_exp_server/NPB3.4.3/NPB3.4-MPI/bin/mg.C.x"
------------------------------------------------------------

Host:	52.813148 W from 
	package 	core		dram		uncore
Socket0	47.74676 W |	43.478886 W	4.84184 W	0 W	

Top 5 consumers:
Power		PID	Exe
0.92654645 W	2569840	"/home/boggy/ref_rapl/energy_exp_server/NPB3.4.3/NPB3.4-MPI/bin/mg.C.x"
0.92654645 W	2569841	"/home/boggy/ref_rapl/energy_exp_server/NPB3.4.3/NPB3.4-MPI/bin/mg.C.x"
0.92654645 W	2569843	"/home/boggy/ref_rapl/energy_exp_server/NPB3.4.3/NPB3.4-MPI/bin/mg.C.x"
0.92654645 W	2569842	"/home/boggy/ref_rapl/energy_exp_server/NPB3.4.3/NPB3.4-MPI/bin/mg.C.x"
0.6176977 W	2569821	"/home/boggy/ref_rapl/scaphandre/target/release/scaphandre"
------------------------------------------------------------

Host:	52.211115 W from 
	package 	core		dram		uncore
Socket0	48.501976 W |	42.74873 W	3.91157 W	0 W	

Top 5 consumers:
Power		PID	Exe
0.91598445 W	2569840	"/home/boggy/ref_rapl/energy_exp_server/NPB3.4.3/NPB3.4-MPI/bin/mg.C.x"
0.91598445 W	2569841	"/home/boggy/ref_rapl/energy_exp_server/NPB3.4.3/NPB3.4-MPI/bin/mg.C.x"
0.91598445 W	2569843	"/home/boggy/ref_rapl/energy_exp_server/NPB3.4.3/NPB3.4-MPI/bin/mg.C.x"
0.91598445 W	2569842	"/home/boggy/ref_rapl/energy_exp_server/NPB3.4.3/NPB3.4-MPI/bin/mg.C.x"
0.6106564 W	2569821	"/home/boggy/ref_rapl/scaphandre/target/release/scaphandre"
------------------------------------------------------------

Host:	56.411205 W from 
	package 	core		dram		uncore
Socket0	49.231487 W |	45.447887 W	4.233878 W	0 W	

Top 5 consumers:
Power		PID	Exe
0.9896703 W	2569841	"/home/boggy/ref_rapl/energy_exp_server/NPB3.4.3/NPB3.4-MPI/bin/mg.C.x"
0.9896703 W	2569843	"/home/boggy/ref_rapl/energy_exp_server/NPB3.4.3/NPB3.4-MPI/bin/mg.C.x"
0.9896703 W	2569842	"/home/boggy/ref_rapl/energy_exp_server/NPB3.4.3/NPB3.4-MPI/bin/mg.C.x"
0.6597802 W	2569821	"/home/boggy/ref_rapl/scaphandre/target/release/scaphandre"
0.6597802 W	2569840	"/home/boggy/ref_rapl/energy_exp_server/NPB3.4.3/NPB3.4-MPI/bin/mg.C.x"
------------------------------------------------------------

Host:	56.261306 W from 
	package 	core		dram		uncore
Socket0	51.664143 W |	45.841255 W	4.5067 W	0 W	

Top 5 consumers:
Power		PID	Exe
0.98704046 W	2569840	"/home/boggy/ref_rapl/energy_exp_server/NPB3.4.3/NPB3.4-MPI/bin/mg.C.x"
0.98704046 W	2569842	"/home/boggy/ref_rapl/energy_exp_server/NPB3.4.3/NPB3.4-MPI/bin/mg.C.x"
0.658027 W	2569821	"/home/boggy/ref_rapl/scaphandre/target/release/scaphandre"
0.658027 W	2569841	"/home/boggy/ref_rapl/energy_exp_server/NPB3.4.3/NPB3.4-MPI/bin/mg.C.x"
0.658027 W	2569843	"/home/boggy/ref_rapl/energy_exp_server/NPB3.4.3/NPB3.4-MPI/bin/mg.C.x"
------------------------------------------------------------

Host:	54.15941 W from 
	package 	core		dram		uncore
Socket0	51.426525 W |	45.879566 W	4.639751 W	0 W	

Top 5 consumers:
Power		PID	Exe
0.95016503 W	2569821	"/home/boggy/ref_rapl/scaphandre/target/release/scaphandre"
0.95016503 W	2569840	"/home/boggy/ref_rapl/energy_exp_server/NPB3.4.3/NPB3.4-MPI/bin/mg.C.x"
0.95016503 W	2569841	"/home/boggy/ref_rapl/energy_exp_server/NPB3.4.3/NPB3.4-MPI/bin/mg.C.x"
0.95016503 W	2569843	"/home/boggy/ref_rapl/energy_exp_server/NPB3.4.3/NPB3.4-MPI/bin/mg.C.x"
0.95016503 W	2569842	"/home/boggy/ref_rapl/energy_exp_server/NPB3.4.3/NPB3.4-MPI/bin/mg.C.x"
------------------------------------------------------------

Host:	55.654418 W from 
	package 	core		dram		uncore
Socket0	51.391983 W |	45.92017 W	4.643216 W	0 W	

Top 5 consumers:
Power		PID	Exe
1.0180686 W	2569840	"/home/boggy/ref_rapl/energy_exp_server/NPB3.4.3/NPB3.4-MPI/bin/mg.C.x"
1.0180686 W	2569841	"/home/boggy/ref_rapl/energy_exp_server/NPB3.4.3/NPB3.4-MPI/bin/mg.C.x"
1.0180686 W	2569843	"/home/boggy/ref_rapl/energy_exp_server/NPB3.4.3/NPB3.4-MPI/bin/mg.C.x"
1.0180686 W	2569842	"/home/boggy/ref_rapl/energy_exp_server/NPB3.4.3/NPB3.4-MPI/bin/mg.C.x"
0.67871237 W	2569821	"/home/boggy/ref_rapl/scaphandre/target/release/scaphandre"
------------------------------------------------------------

Host:	55.359518 W from 
	package 	core		dram		uncore
Socket0	50.9192 W |	45.855656 W	4.596717 W	0 W	

Top 5 consumers:
Power		PID	Exe
1.0126741 W	2569821	"/home/boggy/ref_rapl/scaphandre/target/release/scaphandre"
1.0126741 W	2569840	"/home/boggy/ref_rapl/energy_exp_server/NPB3.4.3/NPB3.4-MPI/bin/mg.C.x"
1.0126741 W	2569841	"/home/boggy/ref_rapl/energy_exp_server/NPB3.4.3/NPB3.4-MPI/bin/mg.C.x"
1.0126741 W	2569843	"/home/boggy/ref_rapl/energy_exp_server/NPB3.4.3/NPB3.4-MPI/bin/mg.C.x"
1.0126741 W	2569842	"/home/boggy/ref_rapl/energy_exp_server/NPB3.4.3/NPB3.4-MPI/bin/mg.C.x"
------------------------------------------------------------

Host:	56.197498 W from 
	package 	core		dram		uncore
Socket0	50.852936 W |	45.87328 W	4.591352 W	0 W	

Top 5 consumers:
Power		PID	Exe
1.028003 W	2569840	"/home/boggy/ref_rapl/energy_exp_server/NPB3.4.3/NPB3.4-MPI/bin/mg.C.x"
1.028003 W	2569841	"/home/boggy/ref_rapl/energy_exp_server/NPB3.4.3/NPB3.4-MPI/bin/mg.C.x"
1.028003 W	2569843	"/home/boggy/ref_rapl/energy_exp_server/NPB3.4.3/NPB3.4-MPI/bin/mg.C.x"
1.028003 W	2569842	"/home/boggy/ref_rapl/energy_exp_server/NPB3.4.3/NPB3.4-MPI/bin/mg.C.x"
0.68533534 W	2569821	"/home/boggy/ref_rapl/scaphandre/target/release/scaphandre"
------------------------------------------------------------

Host:	52.894913 W from 
	package 	core		dram		uncore
Socket0	49.277657 W |	44.61113 W	4.525724 W	0 W	

Top 5 consumers:
Power		PID	Exe
1.2901198 W	2569840	"/home/boggy/ref_rapl/energy_exp_server/NPB3.4.3/NPB3.4-MPI/bin/mg.C.x"
0.9675898 W	2569821	"/home/boggy/ref_rapl/scaphandre/target/release/scaphandre"
0.9675898 W	2569841	"/home/boggy/ref_rapl/energy_exp_server/NPB3.4.3/NPB3.4-MPI/bin/mg.C.x"
0.9675898 W	2569843	"/home/boggy/ref_rapl/energy_exp_server/NPB3.4.3/NPB3.4-MPI/bin/mg.C.x"
0.6450599 W	2569842	"/home/boggy/ref_rapl/energy_exp_server/NPB3.4.3/NPB3.4-MPI/bin/mg.C.x"
------------------------------------------------------------

Host:	53.970376 W from 
	package 	core		dram		uncore
Socket0	48.766083 W |	44.012215 W	4.166453 W	0 W	

Top 5 consumers:
Power		PID	Exe
1.3163505 W	2569842	"/home/boggy/ref_rapl/energy_exp_server/NPB3.4.3/NPB3.4-MPI/bin/mg.C.x"
0.98726296 W	2569840	"/home/boggy/ref_rapl/energy_exp_server/NPB3.4.3/NPB3.4-MPI/bin/mg.C.x"
0.98726296 W	2569841	"/home/boggy/ref_rapl/energy_exp_server/NPB3.4.3/NPB3.4-MPI/bin/mg.C.x"
0.98726296 W	2569843	"/home/boggy/ref_rapl/energy_exp_server/NPB3.4.3/NPB3.4-MPI/bin/mg.C.x"
0.65817523 W	2569821	"/home/boggy/ref_rapl/scaphandre/target/release/scaphandre"
------------------------------------------------------------

Host:	53.788103 W from 
	package 	core		dram		uncore
Socket0	48.99214 W |	43.47824 W	4.818423 W	0 W	

Top 5 consumers:
Power		PID	Exe
0.9839287 W	2569840	"/home/boggy/ref_rapl/energy_exp_server/NPB3.4.3/NPB3.4-MPI/bin/mg.C.x"
0.9839287 W	2569841	"/home/boggy/ref_rapl/energy_exp_server/NPB3.4.3/NPB3.4-MPI/bin/mg.C.x"
0.9839287 W	2569843	"/home/boggy/ref_rapl/energy_exp_server/NPB3.4.3/NPB3.4-MPI/bin/mg.C.x"
0.9839287 W	2569842	"/home/boggy/ref_rapl/energy_exp_server/NPB3.4.3/NPB3.4-MPI/bin/mg.C.x"
0.65595245 W	2569821	"/home/boggy/ref_rapl/scaphandre/target/release/scaphandre"
------------------------------------------------------------

Host:	52.184293 W from 
	package 	core		dram		uncore
Socket0	49.135666 W |	43.76743 W	4.813307 W	0 W	

Top 5 consumers:
Power		PID	Exe
0.9545907 W	2569821	"/home/boggy/ref_rapl/scaphandre/target/release/scaphandre"
0.9545907 W	2569840	"/home/boggy/ref_rapl/energy_exp_server/NPB3.4.3/NPB3.4-MPI/bin/mg.C.x"
0.9545907 W	2569841	"/home/boggy/ref_rapl/energy_exp_server/NPB3.4.3/NPB3.4-MPI/bin/mg.C.x"
0.9545907 W	2569843	"/home/boggy/ref_rapl/energy_exp_server/NPB3.4.3/NPB3.4-MPI/bin/mg.C.x"
0.9545907 W	2569842	"/home/boggy/ref_rapl/energy_exp_server/NPB3.4.3/NPB3.4-MPI/bin/mg.C.x"
------------------------------------------------------------

Host:	53.762172 W from 
	package 	core		dram		uncore
Socket0	47.52275 W |	43.47333 W	4.826575 W	0 W	

Top 5 consumers:
Power		PID	Exe
0.96003884 W	2569821	"/home/boggy/ref_rapl/scaphandre/target/release/scaphandre"
0.96003884 W	2569840	"/home/boggy/ref_rapl/energy_exp_server/NPB3.4.3/NPB3.4-MPI/bin/mg.C.x"
0.96003884 W	2569841	"/home/boggy/ref_rapl/energy_exp_server/NPB3.4.3/NPB3.4-MPI/bin/mg.C.x"
0.96003884 W	2569843	"/home/boggy/ref_rapl/energy_exp_server/NPB3.4.3/NPB3.4-MPI/bin/mg.C.x"
0.96003884 W	2569842	"/home/boggy/ref_rapl/energy_exp_server/NPB3.4.3/NPB3.4-MPI/bin/mg.C.x"
------------------------------------------------------------

Host:	53.466705 W from 
	package 	core		dram		uncore
Socket0	48.76244 W |	43.486904 W	4.795817 W	0 W	

Top 5 consumers:
Power		PID	Exe
0.95476264 W	2569840	"/home/boggy/ref_rapl/energy_exp_server/NPB3.4.3/NPB3.4-MPI/bin/mg.C.x"
0.95476264 W	2569841	"/home/boggy/ref_rapl/energy_exp_server/NPB3.4.3/NPB3.4-MPI/bin/mg.C.x"
0.95476264 W	2569843	"/home/boggy/ref_rapl/energy_exp_server/NPB3.4.3/NPB3.4-MPI/bin/mg.C.x"
0.95476264 W	2569842	"/home/boggy/ref_rapl/energy_exp_server/NPB3.4.3/NPB3.4-MPI/bin/mg.C.x"
0.63650835 W	2569821	"/home/boggy/ref_rapl/scaphandre/target/release/scaphandre"
------------------------------------------------------------

Host:	54.168282 W from 
	package 	core		dram		uncore
Socket0	48.904007 W |	43.536037 W	4.641077 W	0 W	

Top 5 consumers:
Power		PID	Exe
0.9672908 W	2569840	"/home/boggy/ref_rapl/energy_exp_server/NPB3.4.3/NPB3.4-MPI/bin/mg.C.x"
0.9672908 W	2569841	"/home/boggy/ref_rapl/energy_exp_server/NPB3.4.3/NPB3.4-MPI/bin/mg.C.x"
0.9672908 W	2569843	"/home/boggy/ref_rapl/energy_exp_server/NPB3.4.3/NPB3.4-MPI/bin/mg.C.x"
0.9672908 W	2569842	"/home/boggy/ref_rapl/energy_exp_server/NPB3.4.3/NPB3.4-MPI/bin/mg.C.x"
0.6448605 W	2569821	"/home/boggy/ref_rapl/scaphandre/target/release/scaphandre"
------------------------------------------------------------

Host:	51.641393 W from 
	package 	core		dram		uncore
Socket0	49.32423 W |	43.611507 W	4.853404 W	0 W	

Top 5 consumers:
Power		PID	Exe
0.92216784 W	2569840	"/home/boggy/ref_rapl/energy_exp_server/NPB3.4.3/NPB3.4-MPI/bin/mg.C.x"
0.92216784 W	2569841	"/home/boggy/ref_rapl/energy_exp_server/NPB3.4.3/NPB3.4-MPI/bin/mg.C.x"
0.92216784 W	2569843	"/home/boggy/ref_rapl/energy_exp_server/NPB3.4.3/NPB3.4-MPI/bin/mg.C.x"
0.92216784 W	2569842	"/home/boggy/ref_rapl/energy_exp_server/NPB3.4.3/NPB3.4-MPI/bin/mg.C.x"
0.6147785 W	2569821	"/home/boggy/ref_rapl/scaphandre/target/release/scaphandre"
------------------------------------------------------------

Host:	52.492208 W from 
	package 	core		dram		uncore
Socket0	46.868263 W |	42.166008 W	4.568201 W	0 W	

Top 5 consumers:
Power		PID	Exe
0.93736094 W	2569821	"/home/boggy/ref_rapl/scaphandre/target/release/scaphandre"
0.93736094 W	2569840	"/home/boggy/ref_rapl/energy_exp_server/NPB3.4.3/NPB3.4-MPI/bin/mg.C.x"
0.93736094 W	2569841	"/home/boggy/ref_rapl/energy_exp_server/NPB3.4.3/NPB3.4-MPI/bin/mg.C.x"
0.93736094 W	2569843	"/home/boggy/ref_rapl/energy_exp_server/NPB3.4.3/NPB3.4-MPI/bin/mg.C.x"
0.93736094 W	2569842	"/home/boggy/ref_rapl/energy_exp_server/NPB3.4.3/NPB3.4-MPI/bin/mg.C.x"
------------------------------------------------------------

Host:	52.794355 W from 
	package 	core		dram		uncore
Socket0	47.606636 W |	43.33792 W	4.297322 W	0 W	

Top 5 consumers:
Power		PID	Exe
0.94275635 W	2569821	"/home/boggy/ref_rapl/scaphandre/target/release/scaphandre"
0.94275635 W	2569840	"/home/boggy/ref_rapl/energy_exp_server/NPB3.4.3/NPB3.4-MPI/bin/mg.C.x"
0.94275635 W	2569841	"/home/boggy/ref_rapl/energy_exp_server/NPB3.4.3/NPB3.4-MPI/bin/mg.C.x"
0.94275635 W	2569843	"/home/boggy/ref_rapl/energy_exp_server/NPB3.4.3/NPB3.4-MPI/bin/mg.C.x"
0.94275635 W	2569842	"/home/boggy/ref_rapl/energy_exp_server/NPB3.4.3/NPB3.4-MPI/bin/mg.C.x"
------------------------------------------------------------

Host:	49.948601 W from 
	package 	core		dram		uncore
Socket0	47.866833 W |	42.266804 W	4.562087 W	0 W	

Top 5 consumers:
Power		PID	Exe
0.8919394 W	2569840	"/home/boggy/ref_rapl/energy_exp_server/NPB3.4.3/NPB3.4-MPI/bin/mg.C.x"
0.8919394 W	2569841	"/home/boggy/ref_rapl/energy_exp_server/NPB3.4.3/NPB3.4-MPI/bin/mg.C.x"
0.8919394 W	2569843	"/home/boggy/ref_rapl/energy_exp_server/NPB3.4.3/NPB3.4-MPI/bin/mg.C.x"
0.8919394 W	2569842	"/home/boggy/ref_rapl/energy_exp_server/NPB3.4.3/NPB3.4-MPI/bin/mg.C.x"
0.5946262 W	2569821	"/home/boggy/ref_rapl/scaphandre/target/release/scaphandre"
------------------------------------------------------------

Host:	48.96662 W from 
	package 	core		dram		uncore
Socket0	47.13192 W |	42.053608 W	4.249975 W	0 W	

Top 5 consumers:
Power		PID	Exe
1.1589732 W	2569821	"/home/boggy/ref_rapl/scaphandre/target/release/scaphandre"
0.8692299 W	2569840	"/home/boggy/ref_rapl/energy_exp_server/NPB3.4.3/NPB3.4-MPI/bin/mg.C.x"
0.8692299 W	2569841	"/home/boggy/ref_rapl/energy_exp_server/NPB3.4.3/NPB3.4-MPI/bin/mg.C.x"
0.8692299 W	2569843	"/home/boggy/ref_rapl/energy_exp_server/NPB3.4.3/NPB3.4-MPI/bin/mg.C.x"
0.8692299 W	2569842	"/home/boggy/ref_rapl/energy_exp_server/NPB3.4.3/NPB3.4-MPI/bin/mg.C.x"
------------------------------------------------------------

Host:	46.602474 W from 
	package 	core		dram		uncore
Socket0	41.837406 W |	36.687508 W	4.602156 W	0 W	

Top 5 consumers:
Power		PID	Exe
1.3787715 W	2569821	"/home/boggy/ref_rapl/scaphandre/target/release/scaphandre"
1.3787715 W	2569840	"/home/boggy/ref_rapl/energy_exp_server/NPB3.4.3/NPB3.4-MPI/bin/mg.C.x"
1.3787715 W	2569841	"/home/boggy/ref_rapl/energy_exp_server/NPB3.4.3/NPB3.4-MPI/bin/mg.C.x"
1.3787715 W	2569843	"/home/boggy/ref_rapl/energy_exp_server/NPB3.4.3/NPB3.4-MPI/bin/mg.C.x"
1.3787715 W	2569842	"/home/boggy/ref_rapl/energy_exp_server/NPB3.4.3/NPB3.4-MPI/bin/mg.C.x"
------------------------------------------------------------

Host:	46.565468 W from 
	package 	core		dram		uncore
Socket0	42.274776 W |	36.789894 W	4.550547 W	0 W	

Top 5 consumers:
Power		PID	Exe
1.3776766 W	2569821	"/home/boggy/ref_rapl/scaphandre/target/release/scaphandre"
1.3776766 W	2569841	"/home/boggy/ref_rapl/energy_exp_server/NPB3.4.3/NPB3.4-MPI/bin/mg.C.x"
1.3776766 W	2569843	"/home/boggy/ref_rapl/energy_exp_server/NPB3.4.3/NPB3.4-MPI/bin/mg.C.x"
1.1021413 W	2569840	"/home/boggy/ref_rapl/energy_exp_server/NPB3.4.3/NPB3.4-MPI/bin/mg.C.x"
1.1021413 W	2569842	"/home/boggy/ref_rapl/energy_exp_server/NPB3.4.3/NPB3.4-MPI/bin/mg.C.x"
------------------------------------------------------------

Host:	50.322374 W from 
	package 	core		dram		uncore
Socket0	44.178635 W |	39.878696 W	4.529611 W	0 W	

Top 5 consumers:
Power		PID	Exe
1.1910621 W	2569821	"/home/boggy/ref_rapl/scaphandre/target/release/scaphandre"
1.1910621 W	2569840	"/home/boggy/ref_rapl/energy_exp_server/NPB3.4.3/NPB3.4-MPI/bin/mg.C.x"
1.1910621 W	2569842	"/home/boggy/ref_rapl/energy_exp_server/NPB3.4.3/NPB3.4-MPI/bin/mg.C.x"
0.89329654 W	2569841	"/home/boggy/ref_rapl/energy_exp_server/NPB3.4.3/NPB3.4-MPI/bin/mg.C.x"
0.89329654 W	2569843	"/home/boggy/ref_rapl/energy_exp_server/NPB3.4.3/NPB3.4-MPI/bin/mg.C.x"
------------------------------------------------------------

Host:	55.226266 W from 
	package 	core		dram		uncore
Socket0	46.115494 W |	41.52798 W	4.61376 W	0 W	

Top 5 consumers:
Power		PID	Exe
0.98034793 W	2569840	"/home/boggy/ref_rapl/energy_exp_server/NPB3.4.3/NPB3.4-MPI/bin/mg.C.x"
0.98034793 W	2569841	"/home/boggy/ref_rapl/energy_exp_server/NPB3.4.3/NPB3.4-MPI/bin/mg.C.x"
0.98034793 W	2569843	"/home/boggy/ref_rapl/energy_exp_server/NPB3.4.3/NPB3.4-MPI/bin/mg.C.x"
0.98034793 W	2569842	"/home/boggy/ref_rapl/energy_exp_server/NPB3.4.3/NPB3.4-MPI/bin/mg.C.x"
0.6535653 W	2569821	"/home/boggy/ref_rapl/scaphandre/target/release/scaphandre"
------------------------------------------------------------

Host:	55.869838 W from 
	package 	core		dram		uncore
Socket0	53.559746 W |	47.44914 W	4.331509 W	0 W	

Top 5 consumers:
Power		PID	Exe
0.99177223 W	2569821	"/home/boggy/ref_rapl/scaphandre/target/release/scaphandre"
0.99177223 W	2569840	"/home/boggy/ref_rapl/energy_exp_server/NPB3.4.3/NPB3.4-MPI/bin/mg.C.x"
0.99177223 W	2569841	"/home/boggy/ref_rapl/energy_exp_server/NPB3.4.3/NPB3.4-MPI/bin/mg.C.x"
0.99177223 W	2569843	"/home/boggy/ref_rapl/energy_exp_server/NPB3.4.3/NPB3.4-MPI/bin/mg.C.x"
0.99177223 W	2569842	"/home/boggy/ref_rapl/energy_exp_server/NPB3.4.3/NPB3.4-MPI/bin/mg.C.x"
------------------------------------------------------------

Host:	50.806015 W from 
	package 	core		dram		uncore
Socket0	47.818855 W |	42.97584 W	4.52082 W	0 W	

Top 5 consumers:
Power		PID	Exe
0.8611189 W	2569840	"/home/boggy/ref_rapl/energy_exp_server/NPB3.4.3/NPB3.4-MPI/bin/mg.C.x"
0.8611189 W	2569841	"/home/boggy/ref_rapl/energy_exp_server/NPB3.4.3/NPB3.4-MPI/bin/mg.C.x"
0.8611189 W	2569843	"/home/boggy/ref_rapl/energy_exp_server/NPB3.4.3/NPB3.4-MPI/bin/mg.C.x"
0.8611189 W	2569842	"/home/boggy/ref_rapl/energy_exp_server/NPB3.4.3/NPB3.4-MPI/bin/mg.C.x"
0.5740793 W	2569821	"/home/boggy/ref_rapl/scaphandre/target/release/scaphandre"
------------------------------------------------------------

Host:	51.983666 W from 
	package 	core		dram		uncore
Socket0	46.73588 W |	41.502354 W	4.561039 W	0 W	

Top 5 consumers:
Power		PID	Exe
0.88107914 W	2569821	"/home/boggy/ref_rapl/scaphandre/target/release/scaphandre"
0.88107914 W	2569840	"/home/boggy/ref_rapl/energy_exp_server/NPB3.4.3/NPB3.4-MPI/bin/mg.C.x"
0.88107914 W	2569841	"/home/boggy/ref_rapl/energy_exp_server/NPB3.4.3/NPB3.4-MPI/bin/mg.C.x"
0.88107914 W	2569843	"/home/boggy/ref_rapl/energy_exp_server/NPB3.4.3/NPB3.4-MPI/bin/mg.C.x"
0.5873861 W	2569842	"/home/boggy/ref_rapl/energy_exp_server/NPB3.4.3/NPB3.4-MPI/bin/mg.C.x"
------------------------------------------------------------

Host:	53.131571 W from 
	package 	core		dram		uncore
Socket0	47.824886 W |	42.48482 W	4.615588 W	0 W	

Top 5 consumers:
Power		PID	Exe
1.2007135 W	2569842	"/home/boggy/ref_rapl/energy_exp_server/NPB3.4.3/NPB3.4-MPI/bin/mg.C.x"
0.9005351 W	2569840	"/home/boggy/ref_rapl/energy_exp_server/NPB3.4.3/NPB3.4-MPI/bin/mg.C.x"
0.9005351 W	2569841	"/home/boggy/ref_rapl/energy_exp_server/NPB3.4.3/NPB3.4-MPI/bin/mg.C.x"
0.9005351 W	2569843	"/home/boggy/ref_rapl/energy_exp_server/NPB3.4.3/NPB3.4-MPI/bin/mg.C.x"
0.60035676 W	2569821	"/home/boggy/ref_rapl/scaphandre/target/release/scaphandre"
------------------------------------------------------------

Host:	52.19009 W from 
	package 	core		dram		uncore
Socket0	49.01953 W |	43.094692 W	4.648834 W	0 W	

Top 5 consumers:
Power		PID	Exe
1.179437 W	2569821	"/home/boggy/ref_rapl/scaphandre/target/release/scaphandre"
0.8845778 W	2569840	"/home/boggy/ref_rapl/energy_exp_server/NPB3.4.3/NPB3.4-MPI/bin/mg.C.x"
0.8845778 W	2569841	"/home/boggy/ref_rapl/energy_exp_server/NPB3.4.3/NPB3.4-MPI/bin/mg.C.x"
0.8845778 W	2569843	"/home/boggy/ref_rapl/energy_exp_server/NPB3.4.3/NPB3.4-MPI/bin/mg.C.x"
0.8845778 W	2569842	"/home/boggy/ref_rapl/energy_exp_server/NPB3.4.3/NPB3.4-MPI/bin/mg.C.x"
------------------------------------------------------------

Host:	54.946111 W from 
	package 	core		dram		uncore
Socket0	48.648594 W |	43.309017 W	4.794637 W	0 W	

Top 5 consumers:
Power		PID	Exe
1.24172 W	2569841	"/home/boggy/ref_rapl/energy_exp_server/NPB3.4.3/NPB3.4-MPI/bin/mg.C.x"
0.9312901 W	2569840	"/home/boggy/ref_rapl/energy_exp_server/NPB3.4.3/NPB3.4-MPI/bin/mg.C.x"
0.9312901 W	2569843	"/home/boggy/ref_rapl/energy_exp_server/NPB3.4.3/NPB3.4-MPI/bin/mg.C.x"
0.9312901 W	2569842	"/home/boggy/ref_rapl/energy_exp_server/NPB3.4.3/NPB3.4-MPI/bin/mg.C.x"
0.62086 W	2569821	"/home/boggy/ref_rapl/scaphandre/target/release/scaphandre"
------------------------------------------------------------

Host:	51.884591 W from 
	package 	core		dram		uncore
Socket0	48.71263 W |	43.526314 W	4.782617 W	0 W	

Top 5 consumers:
Power		PID	Exe
0.8793999 W	2569840	"/home/boggy/ref_rapl/energy_exp_server/NPB3.4.3/NPB3.4-MPI/bin/mg.C.x"
0.8793999 W	2569841	"/home/boggy/ref_rapl/energy_exp_server/NPB3.4.3/NPB3.4-MPI/bin/mg.C.x"
0.8793999 W	2569843	"/home/boggy/ref_rapl/energy_exp_server/NPB3.4.3/NPB3.4-MPI/bin/mg.C.x"
0.8793999 W	2569842	"/home/boggy/ref_rapl/energy_exp_server/NPB3.4.3/NPB3.4-MPI/bin/mg.C.x"
0.5862666 W	2569821	"/home/boggy/ref_rapl/scaphandre/target/release/scaphandre"
------------------------------------------------------------

Host:	53.694307 W from 
	package 	core		dram		uncore
Socket0	47.4001 W |	43.44391 W	4.808295 W	0 W	

Top 5 consumers:
Power		PID	Exe
1.2134306 W	2569840	"/home/boggy/ref_rapl/energy_exp_server/NPB3.4.3/NPB3.4-MPI/bin/mg.C.x"
1.2134306 W	2569843	"/home/boggy/ref_rapl/energy_exp_server/NPB3.4.3/NPB3.4-MPI/bin/mg.C.x"
0.910073 W	2569841	"/home/boggy/ref_rapl/energy_exp_server/NPB3.4.3/NPB3.4-MPI/bin/mg.C.x"
0.910073 W	2569842	"/home/boggy/ref_rapl/energy_exp_server/NPB3.4.3/NPB3.4-MPI/bin/mg.C.x"
0.6067153 W	2569821	"/home/boggy/ref_rapl/scaphandre/target/release/scaphandre"
------------------------------------------------------------

Host:	53.65153 W from 
	package 	core		dram		uncore
Socket0	49.008503 W |	43.47458 W	4.811546 W	0 W	

Top 5 consumers:
Power		PID	Exe
0.91974044 W	2569840	"/home/boggy/ref_rapl/energy_exp_server/NPB3.4.3/NPB3.4-MPI/bin/mg.C.x"
0.91974044 W	2569841	"/home/boggy/ref_rapl/energy_exp_server/NPB3.4.3/NPB3.4-MPI/bin/mg.C.x"
0.91974044 W	2569843	"/home/boggy/ref_rapl/energy_exp_server/NPB3.4.3/NPB3.4-MPI/bin/mg.C.x"
0.91974044 W	2569842	"/home/boggy/ref_rapl/energy_exp_server/NPB3.4.3/NPB3.4-MPI/bin/mg.C.x"
0.6131603 W	2569821	"/home/boggy/ref_rapl/scaphandre/target/release/scaphandre"
------------------------------------------------------------

Host:	53.934318 W from 
	package 	core		dram		uncore
Socket0	48.890347 W |	43.695946 W	4.639911 W	0 W	

Top 5 consumers:
Power		PID	Exe
1.2327844 W	2569821	"/home/boggy/ref_rapl/scaphandre/target/release/scaphandre"
1.2327844 W	2569842	"/home/boggy/ref_rapl/energy_exp_server/NPB3.4.3/NPB3.4-MPI/bin/mg.C.x"
0.92458826 W	2569840	"/home/boggy/ref_rapl/energy_exp_server/NPB3.4.3/NPB3.4-MPI/bin/mg.C.x"
0.92458826 W	2569841	"/home/boggy/ref_rapl/energy_exp_server/NPB3.4.3/NPB3.4-MPI/bin/mg.C.x"
0.92458826 W	2569843	"/home/boggy/ref_rapl/energy_exp_server/NPB3.4.3/NPB3.4-MPI/bin/mg.C.x"
------------------------------------------------------------

Host:	51.899086 W from 
	package 	core		dram		uncore
Socket0	48.05962 W |	43.05234 W	4.902726 W	0 W	

Top 5 consumers:
Power		PID	Exe
3.8553607 W	2569841	"/home/boggy/ref_rapl/energy_exp_server/NPB3.4.3/NPB3.4-MPI/bin/mg.C.x"
3.5587943 W	2569840	"/home/boggy/ref_rapl/energy_exp_server/NPB3.4.3/NPB3.4-MPI/bin/mg.C.x"
3.5587943 W	2569843	"/home/boggy/ref_rapl/energy_exp_server/NPB3.4.3/NPB3.4-MPI/bin/mg.C.x"
0.5931324 W	2569821	"/home/boggy/ref_rapl/scaphandre/target/release/scaphandre"
0.2965662 W	2358338	""
------------------------------------------------------------

Host:	52.452454 W from 
	package 	core		dram		uncore
Socket0	47.913334 W |	43.216183 W	4.459048 W	0 W	

Top 5 consumers:
Power		PID	Exe
2.696154 W	2569840	"/home/boggy/ref_rapl/energy_exp_server/NPB3.4.3/NPB3.4-MPI/bin/mg.C.x"
2.696154 W	2569841	"/home/boggy/ref_rapl/energy_exp_server/NPB3.4.3/NPB3.4-MPI/bin/mg.C.x"
2.696154 W	2569843	"/home/boggy/ref_rapl/energy_exp_server/NPB3.4.3/NPB3.4-MPI/bin/mg.C.x"
2.696154 W	2569842	"/home/boggy/ref_rapl/energy_exp_server/NPB3.4.3/NPB3.4-MPI/bin/mg.C.x"
0.49020985 W	2569821	"/home/boggy/ref_rapl/scaphandre/target/release/scaphandre"
------------------------------------------------------------

Host:	52.177348 W from 
	package 	core		dram		uncore
Socket0	47.56539 W |	42.375763 W	4.643571 W	0 W	

Top 5 consumers:
Power		PID	Exe
0.9752775 W	2569840	"/home/boggy/ref_rapl/energy_exp_server/NPB3.4.3/NPB3.4-MPI/bin/mg.C.x"
0.9752775 W	2569841	"/home/boggy/ref_rapl/energy_exp_server/NPB3.4.3/NPB3.4-MPI/bin/mg.C.x"
0.9752775 W	2569842	"/home/boggy/ref_rapl/energy_exp_server/NPB3.4.3/NPB3.4-MPI/bin/mg.C.x"
0.7314581 W	2569821	"/home/boggy/ref_rapl/scaphandre/target/release/scaphandre"
0.7314581 W	2569843	"/home/boggy/ref_rapl/energy_exp_server/NPB3.4.3/NPB3.4-MPI/bin/mg.C.x"
------------------------------------------------------------

Host:	53.920998 W from 
	package 	core		dram		uncore
Socket0	47.106033 W |	43.175217 W	4.811805 W	0 W	

Top 5 consumers:
Power		PID	Exe
1.0078691 W	2569843	"/home/boggy/ref_rapl/energy_exp_server/NPB3.4.3/NPB3.4-MPI/bin/mg.C.x"
0.7559018 W	2569821	"/home/boggy/ref_rapl/scaphandre/target/release/scaphandre"
0.7559018 W	2569840	"/home/boggy/ref_rapl/energy_exp_server/NPB3.4.3/NPB3.4-MPI/bin/mg.C.x"
0.7559018 W	2569841	"/home/boggy/ref_rapl/energy_exp_server/NPB3.4.3/NPB3.4-MPI/bin/mg.C.x"
0.7559018 W	2569842	"/home/boggy/ref_rapl/energy_exp_server/NPB3.4.3/NPB3.4-MPI/bin/mg.C.x"
------------------------------------------------------------

Host:	53.888328 W from 
	package 	core		dram		uncore
Socket0	49.330864 W |	43.61235 W	4.705319 W	0 W	

Top 5 consumers:
Power		PID	Exe
0.7554438 W	2569840	"/home/boggy/ref_rapl/energy_exp_server/NPB3.4.3/NPB3.4-MPI/bin/mg.C.x"
0.7554438 W	2569841	"/home/boggy/ref_rapl/energy_exp_server/NPB3.4.3/NPB3.4-MPI/bin/mg.C.x"
0.7554438 W	2569843	"/home/boggy/ref_rapl/energy_exp_server/NPB3.4.3/NPB3.4-MPI/bin/mg.C.x"
0.7554438 W	2569842	"/home/boggy/ref_rapl/energy_exp_server/NPB3.4.3/NPB3.4-MPI/bin/mg.C.x"
0.5036292 W	2569821	"/home/boggy/ref_rapl/scaphandre/target/release/scaphandre"
------------------------------------------------------------

Host:	53.175313 W from 
	package 	core		dram		uncore
Socket0	48.796623 W |	43.444878 W	4.804193 W	0 W	

Top 5 consumers:
Power		PID	Exe
0.74544823 W	2569840	"/home/boggy/ref_rapl/energy_exp_server/NPB3.4.3/NPB3.4-MPI/bin/mg.C.x"
0.74544823 W	2569841	"/home/boggy/ref_rapl/energy_exp_server/NPB3.4.3/NPB3.4-MPI/bin/mg.C.x"
0.74544823 W	2569843	"/home/boggy/ref_rapl/energy_exp_server/NPB3.4.3/NPB3.4-MPI/bin/mg.C.x"
0.74544823 W	2569842	"/home/boggy/ref_rapl/energy_exp_server/NPB3.4.3/NPB3.4-MPI/bin/mg.C.x"
0.49696553 W	2569821	"/home/boggy/ref_rapl/scaphandre/target/release/scaphandre"
------------------------------------------------------------

Host:	52.295547 W from 
	package 	core		dram		uncore
Socket0	48.752502 W |	43.600513 W	4.778744 W	0 W	

Top 5 consumers:
Power		PID	Exe
0.7331151 W	2569840	"/home/boggy/ref_rapl/energy_exp_server/NPB3.4.3/NPB3.4-MPI/bin/mg.C.x"
0.7331151 W	2569841	"/home/boggy/ref_rapl/energy_exp_server/NPB3.4.3/NPB3.4-MPI/bin/mg.C.x"
0.7331151 W	2569843	"/home/boggy/ref_rapl/energy_exp_server/NPB3.4.3/NPB3.4-MPI/bin/mg.C.x"
0.7331151 W	2569842	"/home/boggy/ref_rapl/energy_exp_server/NPB3.4.3/NPB3.4-MPI/bin/mg.C.x"
0.48874342 W	2569821	"/home/boggy/ref_rapl/scaphandre/target/release/scaphandre"
------------------------------------------------------------

Host:	54.37539 W from 
	package 	core		dram		uncore
Socket0	47.780193 W |	43.51739 W	4.843407 W	0 W	

Top 5 consumers:
Power		PID	Exe
1.0163624 W	2569821	"/home/boggy/ref_rapl/scaphandre/target/release/scaphandre"
0.76227176 W	2569840	"/home/boggy/ref_rapl/energy_exp_server/NPB3.4.3/NPB3.4-MPI/bin/mg.C.x"
0.76227176 W	2569841	"/home/boggy/ref_rapl/energy_exp_server/NPB3.4.3/NPB3.4-MPI/bin/mg.C.x"
0.76227176 W	2569843	"/home/boggy/ref_rapl/energy_exp_server/NPB3.4.3/NPB3.4-MPI/bin/mg.C.x"
0.76227176 W	2569842	"/home/boggy/ref_rapl/energy_exp_server/NPB3.4.3/NPB3.4-MPI/bin/mg.C.x"
------------------------------------------------------------

Host:	51.546674 W from 
	package 	core		dram		uncore
Socket0	49.446503 W |	43.584553 W	4.701846 W	0 W	

Top 5 consumers:
Power		PID	Exe
1.1715152 W	2569842	"/home/boggy/ref_rapl/energy_exp_server/NPB3.4.3/NPB3.4-MPI/bin/mg.C.x"
0.8786365 W	2569840	"/home/boggy/ref_rapl/energy_exp_server/NPB3.4.3/NPB3.4-MPI/bin/mg.C.x"
0.8786365 W	2569841	"/home/boggy/ref_rapl/energy_exp_server/NPB3.4.3/NPB3.4-MPI/bin/mg.C.x"
0.8786365 W	2569843	"/home/boggy/ref_rapl/energy_exp_server/NPB3.4.3/NPB3.4-MPI/bin/mg.C.x"
0.5857576 W	2569821	"/home/boggy/ref_rapl/scaphandre/target/release/scaphandre"
------------------------------------------------------------

Host:	51.392805 W from 
	package 	core		dram		uncore
Socket0	46.553116 W |	42.06448 W	4.683906 W	0 W	

Top 5 consumers:
Power		PID	Exe
1.1680182 W	2569843	"/home/boggy/ref_rapl/energy_exp_server/NPB3.4.3/NPB3.4-MPI/bin/mg.C.x"
0.87601376 W	2569821	"/home/boggy/ref_rapl/scaphandre/target/release/scaphandre"
0.87601376 W	2569840	"/home/boggy/ref_rapl/energy_exp_server/NPB3.4.3/NPB3.4-MPI/bin/mg.C.x"
0.87601376 W	2569841	"/home/boggy/ref_rapl/energy_exp_server/NPB3.4.3/NPB3.4-MPI/bin/mg.C.x"
0.87601376 W	2569842	"/home/boggy/ref_rapl/energy_exp_server/NPB3.4.3/NPB3.4-MPI/bin/mg.C.x"
------------------------------------------------------------

Host:	52.826833 W from 
	package 	core		dram		uncore
Socket0	47.752453 W |	42.081375 W	4.610743 W	0 W	

Top 5 consumers:
Power		PID	Exe
0.9004574 W	2569840	"/home/boggy/ref_rapl/energy_exp_server/NPB3.4.3/NPB3.4-MPI/bin/mg.C.x"
0.9004574 W	2569841	"/home/boggy/ref_rapl/energy_exp_server/NPB3.4.3/NPB3.4-MPI/bin/mg.C.x"
0.9004574 W	2569843	"/home/boggy/ref_rapl/energy_exp_server/NPB3.4.3/NPB3.4-MPI/bin/mg.C.x"
0.9004574 W	2569842	"/home/boggy/ref_rapl/energy_exp_server/NPB3.4.3/NPB3.4-MPI/bin/mg.C.x"
0.60030496 W	2569821	"/home/boggy/ref_rapl/scaphandre/target/release/scaphandre"
------------------------------------------------------------

Host:	50.723829 W from 
	package 	core		dram		uncore
Socket0	46.59394 W |	42.228844 W	4.599433 W	0 W	

Top 5 consumers:
Power		PID	Exe
0.86461073 W	2569840	"/home/boggy/ref_rapl/energy_exp_server/NPB3.4.3/NPB3.4-MPI/bin/mg.C.x"
0.86461073 W	2569841	"/home/boggy/ref_rapl/energy_exp_server/NPB3.4.3/NPB3.4-MPI/bin/mg.C.x"
0.86461073 W	2569843	"/home/boggy/ref_rapl/energy_exp_server/NPB3.4.3/NPB3.4-MPI/bin/mg.C.x"
0.86461073 W	2569842	"/home/boggy/ref_rapl/energy_exp_server/NPB3.4.3/NPB3.4-MPI/bin/mg.C.x"
0.57640713 W	2569821	"/home/boggy/ref_rapl/scaphandre/target/release/scaphandre"
------------------------------------------------------------

Host:	47.061899 W from 
	package 	core		dram		uncore
Socket0	47.121887 W |	41.26094 W	4.594392 W	0 W	

Top 5 consumers:
Power		PID	Exe
1.3369858 W	2569821	"/home/boggy/ref_rapl/scaphandre/target/release/scaphandre"
1.0695887 W	2569840	"/home/boggy/ref_rapl/energy_exp_server/NPB3.4.3/NPB3.4-MPI/bin/mg.C.x"
1.0695887 W	2569841	"/home/boggy/ref_rapl/energy_exp_server/NPB3.4.3/NPB3.4-MPI/bin/mg.C.x"
1.0695887 W	2569843	"/home/boggy/ref_rapl/energy_exp_server/NPB3.4.3/NPB3.4-MPI/bin/mg.C.x"
0.8021915 W	2569842	"/home/boggy/ref_rapl/energy_exp_server/NPB3.4.3/NPB3.4-MPI/bin/mg.C.x"
------------------------------------------------------------

Host:	46.378562 W from 
	package 	core		dram		uncore
Socket0	41.258236 W |	36.51765 W	4.598756 W	0 W	

Top 5 consumers:
Power		PID	Exe
1.5810874 W	2569842	"/home/boggy/ref_rapl/energy_exp_server/NPB3.4.3/NPB3.4-MPI/bin/mg.C.x"
1.3175728 W	2569840	"/home/boggy/ref_rapl/energy_exp_server/NPB3.4.3/NPB3.4-MPI/bin/mg.C.x"
1.3175728 W	2569841	"/home/boggy/ref_rapl/energy_exp_server/NPB3.4.3/NPB3.4-MPI/bin/mg.C.x"
1.3175728 W	2569843	"/home/boggy/ref_rapl/energy_exp_server/NPB3.4.3/NPB3.4-MPI/bin/mg.C.x"
1.0540582 W	2569821	"/home/boggy/ref_rapl/scaphandre/target/release/scaphandre"
------------------------------------------------------------

Host:	47.974233 W from 
	package 	core		dram		uncore
Socket0	41.848434 W |	36.56028 W	4.528296 W	0 W	

Top 5 consumers:
Power		PID	Exe
1.3036476 W	2569821	"/home/boggy/ref_rapl/scaphandre/target/release/scaphandre"
1.3036476 W	2569840	"/home/boggy/ref_rapl/energy_exp_server/NPB3.4.3/NPB3.4-MPI/bin/mg.C.x"
1.3036476 W	2569841	"/home/boggy/ref_rapl/energy_exp_server/NPB3.4.3/NPB3.4-MPI/bin/mg.C.x"
1.3036476 W	2569843	"/home/boggy/ref_rapl/energy_exp_server/NPB3.4.3/NPB3.4-MPI/bin/mg.C.x"
1.0429181 W	2569842	"/home/boggy/ref_rapl/energy_exp_server/NPB3.4.3/NPB3.4-MPI/bin/mg.C.x"
------------------------------------------------------------

Host:	54.193726 W from 
	package 	core		dram		uncore
Socket0	43.71379 W |	39.156815 W	4.634799 W	0 W	

Top 5 consumers:
Power		PID	Exe
1.1781245 W	2569821	"/home/boggy/ref_rapl/scaphandre/target/release/scaphandre"
1.1781245 W	2569840	"/home/boggy/ref_rapl/energy_exp_server/NPB3.4.3/NPB3.4-MPI/bin/mg.C.x"
1.1781245 W	2569841	"/home/boggy/ref_rapl/energy_exp_server/NPB3.4.3/NPB3.4-MPI/bin/mg.C.x"
1.1781245 W	2569842	"/home/boggy/ref_rapl/energy_exp_server/NPB3.4.3/NPB3.4-MPI/bin/mg.C.x"
0.8835933 W	2569843	"/home/boggy/ref_rapl/energy_exp_server/NPB3.4.3/NPB3.4-MPI/bin/mg.C.x"
------------------------------------------------------------

Host:	55.493944 W from 
	package 	core		dram		uncore
Socket0	53.35705 W |	47.40888 W	4.369381 W	0 W	

Top 5 consumers:
Power		PID	Exe
0.90479255 W	2569821	"/home/boggy/ref_rapl/scaphandre/target/release/scaphandre"
0.90479255 W	2569840	"/home/boggy/ref_rapl/energy_exp_server/NPB3.4.3/NPB3.4-MPI/bin/mg.C.x"
0.90479255 W	2569841	"/home/boggy/ref_rapl/energy_exp_server/NPB3.4.3/NPB3.4-MPI/bin/mg.C.x"
0.90479255 W	2569843	"/home/boggy/ref_rapl/energy_exp_server/NPB3.4.3/NPB3.4-MPI/bin/mg.C.x"
0.90479255 W	2569842	"/home/boggy/ref_rapl/energy_exp_server/NPB3.4.3/NPB3.4-MPI/bin/mg.C.x"
------------------------------------------------------------

Host:	50.769386 W from 
	package 	core		dram		uncore
Socket0	49.21207 W |	43.579086 W	4.49115 W	0 W	

Top 5 consumers:
Power		PID	Exe
0.8277617 W	2569840	"/home/boggy/ref_rapl/energy_exp_server/NPB3.4.3/NPB3.4-MPI/bin/mg.C.x"
0.8277617 W	2569841	"/home/boggy/ref_rapl/energy_exp_server/NPB3.4.3/NPB3.4-MPI/bin/mg.C.x"
0.8277617 W	2569843	"/home/boggy/ref_rapl/energy_exp_server/NPB3.4.3/NPB3.4-MPI/bin/mg.C.x"
0.8277617 W	2569842	"/home/boggy/ref_rapl/energy_exp_server/NPB3.4.3/NPB3.4-MPI/bin/mg.C.x"
0.55184114 W	2569821	"/home/boggy/ref_rapl/scaphandre/target/release/scaphandre"
------------------------------------------------------------

Host:	51.527519 W from 
	package 	core		dram		uncore
Socket0	46.397755 W |	41.483185 W	4.531288 W	0 W	

Top 5 consumers:
Power		PID	Exe
0.8401226 W	2569821	"/home/boggy/ref_rapl/scaphandre/target/release/scaphandre"
0.8401226 W	2569840	"/home/boggy/ref_rapl/energy_exp_server/NPB3.4.3/NPB3.4-MPI/bin/mg.C.x"
0.8401226 W	2569841	"/home/boggy/ref_rapl/energy_exp_server/NPB3.4.3/NPB3.4-MPI/bin/mg.C.x"
0.8401226 W	2569843	"/home/boggy/ref_rapl/energy_exp_server/NPB3.4.3/NPB3.4-MPI/bin/mg.C.x"
0.8401226 W	2569842	"/home/boggy/ref_rapl/energy_exp_server/NPB3.4.3/NPB3.4-MPI/bin/mg.C.x"
------------------------------------------------------------

Host:	52.520963 W from 
	package 	core		dram		uncore
Socket0	47.065994 W |	41.56661 W	4.589638 W	0 W	

Top 5 consumers:
Power		PID	Exe
0.8563201 W	2569840	"/home/boggy/ref_rapl/energy_exp_server/NPB3.4.3/NPB3.4-MPI/bin/mg.C.x"
0.8563201 W	2569841	"/home/boggy/ref_rapl/energy_exp_server/NPB3.4.3/NPB3.4-MPI/bin/mg.C.x"
0.8563201 W	2569843	"/home/boggy/ref_rapl/energy_exp_server/NPB3.4.3/NPB3.4-MPI/bin/mg.C.x"
0.8563201 W	2569842	"/home/boggy/ref_rapl/energy_exp_server/NPB3.4.3/NPB3.4-MPI/bin/mg.C.x"
0.57088 W	2569821	"/home/boggy/ref_rapl/scaphandre/target/release/scaphandre"
------------------------------------------------------------

Host:	54.151432 W from 
	package 	core		dram		uncore
Socket0	47.54161 W |	42.82075 W	4.817413 W	0 W	

Top 5 consumers:
Power		PID	Exe
0.88290375 W	2569840	"/home/boggy/ref_rapl/energy_exp_server/NPB3.4.3/NPB3.4-MPI/bin/mg.C.x"
0.88290375 W	2569841	"/home/boggy/ref_rapl/energy_exp_server/NPB3.4.3/NPB3.4-MPI/bin/mg.C.x"
0.88290375 W	2569843	"/home/boggy/ref_rapl/energy_exp_server/NPB3.4.3/NPB3.4-MPI/bin/mg.C.x"
0.88290375 W	2569842	"/home/boggy/ref_rapl/energy_exp_server/NPB3.4.3/NPB3.4-MPI/bin/mg.C.x"
0.5886025 W	2569821	"/home/boggy/ref_rapl/scaphandre/target/release/scaphandre"
------------------------------------------------------------

Host:	52.673765 W from 
	package 	core		dram		uncore
Socket0	49.299034 W |	43.698128 W	4.679664 W	0 W	

Top 5 consumers:
Power		PID	Exe
0.9081684 W	2569821	"/home/boggy/ref_rapl/scaphandre/target/release/scaphandre"
0.9081684 W	2569840	"/home/boggy/ref_rapl/energy_exp_server/NPB3.4.3/NPB3.4-MPI/bin/mg.C.x"
0.9081684 W	2569841	"/home/boggy/ref_rapl/energy_exp_server/NPB3.4.3/NPB3.4-MPI/bin/mg.C.x"
0.9081684 W	2569843	"/home/boggy/ref_rapl/energy_exp_server/NPB3.4.3/NPB3.4-MPI/bin/mg.C.x"
0.9081684 W	2569842	"/home/boggy/ref_rapl/energy_exp_server/NPB3.4.3/NPB3.4-MPI/bin/mg.C.x"
------------------------------------------------------------

Host:	53.644424 W from 
	package 	core		dram		uncore
Socket0	48.016598 W |	43.71252 W	4.844784 W	0 W	

Top 5 consumers:
Power		PID	Exe
1.2332051 W	2569843	"/home/boggy/ref_rapl/energy_exp_server/NPB3.4.3/NPB3.4-MPI/bin/mg.C.x"
0.92490387 W	2569840	"/home/boggy/ref_rapl/energy_exp_server/NPB3.4.3/NPB3.4-MPI/bin/mg.C.x"
0.92490387 W	2569841	"/home/boggy/ref_rapl/energy_exp_server/NPB3.4.3/NPB3.4-MPI/bin/mg.C.x"
0.92490387 W	2569842	"/home/boggy/ref_rapl/energy_exp_server/NPB3.4.3/NPB3.4-MPI/bin/mg.C.x"
0.61660254 W	2569821	"/home/boggy/ref_rapl/scaphandre/target/release/scaphandre"
------------------------------------------------------------

Host:	53.760266 W from 
	package 	core		dram		uncore
Socket0	48.740883 W |	43.644897 W	4.774222 W	0 W	

Top 5 consumers:
Power		PID	Exe
0.9269011 W	2569840	"/home/boggy/ref_rapl/energy_exp_server/NPB3.4.3/NPB3.4-MPI/bin/mg.C.x"
0.9269011 W	2569841	"/home/boggy/ref_rapl/energy_exp_server/NPB3.4.3/NPB3.4-MPI/bin/mg.C.x"
0.9269011 W	2569843	"/home/boggy/ref_rapl/energy_exp_server/NPB3.4.3/NPB3.4-MPI/bin/mg.C.x"
0.9269011 W	2569842	"/home/boggy/ref_rapl/energy_exp_server/NPB3.4.3/NPB3.4-MPI/bin/mg.C.x"
0.61793405 W	2569821	"/home/boggy/ref_rapl/scaphandre/target/release/scaphandre"
------------------------------------------------------------

Host:	54.099766 W from 
	package 	core		dram		uncore
Socket0	48.97144 W |	43.62709 W	4.793582 W	0 W	

Top 5 consumers:
Power		PID	Exe
0.9327546 W	2569821	"/home/boggy/ref_rapl/scaphandre/target/release/scaphandre"
0.9327546 W	2569840	"/home/boggy/ref_rapl/energy_exp_server/NPB3.4.3/NPB3.4-MPI/bin/mg.C.x"
0.9327546 W	2569841	"/home/boggy/ref_rapl/energy_exp_server/NPB3.4.3/NPB3.4-MPI/bin/mg.C.x"
0.9327546 W	2569843	"/home/boggy/ref_rapl/energy_exp_server/NPB3.4.3/NPB3.4-MPI/bin/mg.C.x"
0.9327546 W	2569842	"/home/boggy/ref_rapl/energy_exp_server/NPB3.4.3/NPB3.4-MPI/bin/mg.C.x"
------------------------------------------------------------

Host:	53.003123 W from 
	package 	core		dram		uncore
Socket0	49.355503 W |	43.610065 W	4.682897 W	0 W	

Top 5 consumers:
Power		PID	Exe
0.9138469 W	2569821	"/home/boggy/ref_rapl/scaphandre/target/release/scaphandre"
0.9138469 W	2569840	"/home/boggy/ref_rapl/energy_exp_server/NPB3.4.3/NPB3.4-MPI/bin/mg.C.x"
0.9138469 W	2569841	"/home/boggy/ref_rapl/energy_exp_server/NPB3.4.3/NPB3.4-MPI/bin/mg.C.x"
0.9138469 W	2569843	"/home/boggy/ref_rapl/energy_exp_server/NPB3.4.3/NPB3.4-MPI/bin/mg.C.x"
0.9138469 W	2569842	"/home/boggy/ref_rapl/energy_exp_server/NPB3.4.3/NPB3.4-MPI/bin/mg.C.x"
------------------------------------------------------------

Host:	52.462888 W from 
	package 	core		dram		uncore
Socket0	48.359566 W |	43.766438 W	4.868001 W	0 W	

Top 5 consumers:
Power		PID	Exe
0.90453255 W	2569840	"/home/boggy/ref_rapl/energy_exp_server/NPB3.4.3/NPB3.4-MPI/bin/mg.C.x"
0.90453255 W	2569841	"/home/boggy/ref_rapl/energy_exp_server/NPB3.4.3/NPB3.4-MPI/bin/mg.C.x"
0.90453255 W	2569843	"/home/boggy/ref_rapl/energy_exp_server/NPB3.4.3/NPB3.4-MPI/bin/mg.C.x"
0.90453255 W	2569842	"/home/boggy/ref_rapl/energy_exp_server/NPB3.4.3/NPB3.4-MPI/bin/mg.C.x"
0.6030217 W	2569821	"/home/boggy/ref_rapl/scaphandre/target/release/scaphandre"
------------------------------------------------------------

Host:	54.925154 W from 
	package 	core		dram		uncore
Socket0	48.76324 W |	42.99155 W	4.092302 W	0 W	

Top 5 consumers:
Power		PID	Exe
0.94698536 W	2569821	"/home/boggy/ref_rapl/scaphandre/target/release/scaphandre"
0.94698536 W	2569840	"/home/boggy/ref_rapl/energy_exp_server/NPB3.4.3/NPB3.4-MPI/bin/mg.C.x"
0.94698536 W	2569841	"/home/boggy/ref_rapl/energy_exp_server/NPB3.4.3/NPB3.4-MPI/bin/mg.C.x"
0.94698536 W	2569842	"/home/boggy/ref_rapl/energy_exp_server/NPB3.4.3/NPB3.4-MPI/bin/mg.C.x"
0.63132364 W	2569843	"/home/boggy/ref_rapl/energy_exp_server/NPB3.4.3/NPB3.4-MPI/bin/mg.C.x"
------------------------------------------------------------

Host:	55.78922 W from 
	package 	core		dram		uncore
Socket0	50.289326 W |	45.4318 W	4.359972 W	0 W	

Top 5 consumers:
Power		PID	Exe
0.99623615 W	2569840	"/home/boggy/ref_rapl/energy_exp_server/NPB3.4.3/NPB3.4-MPI/bin/mg.C.x"
0.99623615 W	2569841	"/home/boggy/ref_rapl/energy_exp_server/NPB3.4.3/NPB3.4-MPI/bin/mg.C.x"
0.99623615 W	2569843	"/home/boggy/ref_rapl/energy_exp_server/NPB3.4.3/NPB3.4-MPI/bin/mg.C.x"
0.6641574 W	2569821	"/home/boggy/ref_rapl/scaphandre/target/release/scaphandre"
0.3320787 W	55	""
------------------------------------------------------------

Host:	55.936293 W from 
	package 	core		dram		uncore
Socket0	51.2977 W |	46.064796 W	4.609126 W	0 W	

Top 5 consumers:
Power		PID	Exe
0.99886245 W	2569840	"/home/boggy/ref_rapl/energy_exp_server/NPB3.4.3/NPB3.4-MPI/bin/mg.C.x"
0.99886245 W	2569841	"/home/boggy/ref_rapl/energy_exp_server/NPB3.4.3/NPB3.4-MPI/bin/mg.C.x"
0.99886245 W	2569843	"/home/boggy/ref_rapl/energy_exp_server/NPB3.4.3/NPB3.4-MPI/bin/mg.C.x"
0.99886245 W	2569842	"/home/boggy/ref_rapl/energy_exp_server/NPB3.4.3/NPB3.4-MPI/bin/mg.C.x"
0.6659083 W	2569821	"/home/boggy/ref_rapl/scaphandre/target/release/scaphandre"
------------------------------------------------------------

Host:	54.277795 W from 
	package 	core		dram		uncore
Socket0	51.31195 W |	46.060028 W	4.607473 W	0 W	

Top 5 consumers:
Power		PID	Exe
0.9692464 W	2569841	"/home/boggy/ref_rapl/energy_exp_server/NPB3.4.3/NPB3.4-MPI/bin/mg.C.x"
0.9692464 W	2569843	"/home/boggy/ref_rapl/energy_exp_server/NPB3.4.3/NPB3.4-MPI/bin/mg.C.x"
0.9692464 W	2569842	"/home/boggy/ref_rapl/energy_exp_server/NPB3.4.3/NPB3.4-MPI/bin/mg.C.x"
0.64616424 W	2569821	"/home/boggy/ref_rapl/scaphandre/target/release/scaphandre"
0.64616424 W	2569840	"/home/boggy/ref_rapl/energy_exp_server/NPB3.4.3/NPB3.4-MPI/bin/mg.C.x"
------------------------------------------------------------

Host:	55.757737 W from 
	package 	core		dram		uncore
Socket0	49.767387 W |	45.960384 W	4.635888 W	0 W	

Top 5 consumers:
Power		PID	Exe
0.99567395 W	2569821	"/home/boggy/ref_rapl/scaphandre/target/release/scaphandre"
0.99567395 W	2569840	"/home/boggy/ref_rapl/energy_exp_server/NPB3.4.3/NPB3.4-MPI/bin/mg.C.x"
0.99567395 W	2569841	"/home/boggy/ref_rapl/energy_exp_server/NPB3.4.3/NPB3.4-MPI/bin/mg.C.x"
0.99567395 W	2569843	"/home/boggy/ref_rapl/energy_exp_server/NPB3.4.3/NPB3.4-MPI/bin/mg.C.x"
0.99567395 W	2569842	"/home/boggy/ref_rapl/energy_exp_server/NPB3.4.3/NPB3.4-MPI/bin/mg.C.x"
------------------------------------------------------------

Host:	56.613399 W from 
	package 	core		dram		uncore
Socket0	51.38027 W |	46.042076 W	4.613004 W	0 W	

Top 5 consumers:
Power		PID	Exe
1.0109537 W	2569840	"/home/boggy/ref_rapl/energy_exp_server/NPB3.4.3/NPB3.4-MPI/bin/mg.C.x"
1.0109537 W	2569843	"/home/boggy/ref_rapl/energy_exp_server/NPB3.4.3/NPB3.4-MPI/bin/mg.C.x"
0.673969 W	2569821	"/home/boggy/ref_rapl/scaphandre/target/release/scaphandre"
0.673969 W	2569841	"/home/boggy/ref_rapl/energy_exp_server/NPB3.4.3/NPB3.4-MPI/bin/mg.C.x"
0.673969 W	2569842	"/home/boggy/ref_rapl/energy_exp_server/NPB3.4.3/NPB3.4-MPI/bin/mg.C.x"
------------------------------------------------------------

Host:	55.440176 W from 
	package 	core		dram		uncore
Socket0	51.785534 W |	46.149624 W	4.50448 W	0 W	

Top 5 consumers:
Power		PID	Exe
0.99000317 W	2569840	"/home/boggy/ref_rapl/energy_exp_server/NPB3.4.3/NPB3.4-MPI/bin/mg.C.x"
0.99000317 W	2569841	"/home/boggy/ref_rapl/energy_exp_server/NPB3.4.3/NPB3.4-MPI/bin/mg.C.x"
0.99000317 W	2569843	"/home/boggy/ref_rapl/energy_exp_server/NPB3.4.3/NPB3.4-MPI/bin/mg.C.x"
0.99000317 W	2569842	"/home/boggy/ref_rapl/energy_exp_server/NPB3.4.3/NPB3.4-MPI/bin/mg.C.x"
0.66000205 W	2569821	"/home/boggy/ref_rapl/scaphandre/target/release/scaphandre"
------------------------------------------------------------

Host:	53.267143 W from 
	package 	core		dram		uncore
Socket0	50.577457 W |	44.814777 W	4.545708 W	0 W	

Top 5 consumers:
Power		PID	Exe
0.95119905 W	2569840	"/home/boggy/ref_rapl/energy_exp_server/NPB3.4.3/NPB3.4-MPI/bin/mg.C.x"
0.95119905 W	2569841	"/home/boggy/ref_rapl/energy_exp_server/NPB3.4.3/NPB3.4-MPI/bin/mg.C.x"
0.95119905 W	2569842	"/home/boggy/ref_rapl/energy_exp_server/NPB3.4.3/NPB3.4-MPI/bin/mg.C.x"
0.6341326 W	2569821	"/home/boggy/ref_rapl/scaphandre/target/release/scaphandre"
0.6341326 W	2569843	"/home/boggy/ref_rapl/energy_exp_server/NPB3.4.3/NPB3.4-MPI/bin/mg.C.x"
------------------------------------------------------------

Host:	53.93036 W from 
	package 	core		dram		uncore
Socket0	48.245953 W |	43.57392 W	4.546345 W	0 W	

Top 5 consumers:
Power		PID	Exe
0.99258333 W	2569821	"/home/boggy/ref_rapl/scaphandre/target/release/scaphandre"
0.99258333 W	2569840	"/home/boggy/ref_rapl/energy_exp_server/NPB3.4.3/NPB3.4-MPI/bin/mg.C.x"
0.99258333 W	2569841	"/home/boggy/ref_rapl/energy_exp_server/NPB3.4.3/NPB3.4-MPI/bin/mg.C.x"
0.99258333 W	2569843	"/home/boggy/ref_rapl/energy_exp_server/NPB3.4.3/NPB3.4-MPI/bin/mg.C.x"
0.99258333 W	2569842	"/home/boggy/ref_rapl/energy_exp_server/NPB3.4.3/NPB3.4-MPI/bin/mg.C.x"
------------------------------------------------------------

Host:	53.03466 W from 
	package 	core		dram		uncore
Socket0	49.290176 W |	43.88424 W	4.817416 W	0 W	

Top 5 consumers:
Power		PID	Exe
0.97609806 W	2569840	"/home/boggy/ref_rapl/energy_exp_server/NPB3.4.3/NPB3.4-MPI/bin/mg.C.x"
0.97609806 W	2569841	"/home/boggy/ref_rapl/energy_exp_server/NPB3.4.3/NPB3.4-MPI/bin/mg.C.x"
0.97609806 W	2569843	"/home/boggy/ref_rapl/energy_exp_server/NPB3.4.3/NPB3.4-MPI/bin/mg.C.x"
0.97609806 W	2569842	"/home/boggy/ref_rapl/energy_exp_server/NPB3.4.3/NPB3.4-MPI/bin/mg.C.x"
0.650732 W	2569821	"/home/boggy/ref_rapl/scaphandre/target/release/scaphandre"
------------------------------------------------------------

Host:	54.351799 W from 
	package 	core		dram		uncore
Socket0	48.04515 W |	43.50372 W	4.714339 W	0 W	

Top 5 consumers:
Power		PID	Exe
1.0003399 W	2569821	"/home/boggy/ref_rapl/scaphandre/target/release/scaphandre"
1.0003399 W	2569840	"/home/boggy/ref_rapl/energy_exp_server/NPB3.4.3/NPB3.4-MPI/bin/mg.C.x"
1.0003399 W	2569841	"/home/boggy/ref_rapl/energy_exp_server/NPB3.4.3/NPB3.4-MPI/bin/mg.C.x"
1.0003399 W	2569843	"/home/boggy/ref_rapl/energy_exp_server/NPB3.4.3/NPB3.4-MPI/bin/mg.C.x"
1.0003399 W	2569842	"/home/boggy/ref_rapl/energy_exp_server/NPB3.4.3/NPB3.4-MPI/bin/mg.C.x"
------------------------------------------------------------

Host:	53.283744 W from 
	package 	core		dram		uncore
Socket0	49.542435 W |	43.69535 W	4.853815 W	0 W	

Top 5 consumers:
Power		PID	Exe
0.98068243 W	2569840	"/home/boggy/ref_rapl/energy_exp_server/NPB3.4.3/NPB3.4-MPI/bin/mg.C.x"
0.98068243 W	2569841	"/home/boggy/ref_rapl/energy_exp_server/NPB3.4.3/NPB3.4-MPI/bin/mg.C.x"
0.98068243 W	2569843	"/home/boggy/ref_rapl/energy_exp_server/NPB3.4.3/NPB3.4-MPI/bin/mg.C.x"
0.98068243 W	2569842	"/home/boggy/ref_rapl/energy_exp_server/NPB3.4.3/NPB3.4-MPI/bin/mg.C.x"
0.65378827 W	2569821	"/home/boggy/ref_rapl/scaphandre/target/release/scaphandre"
------------------------------------------------------------

Host:	53.995336 W from 
	package 	core		dram		uncore
Socket0	48.508625 W |	43.73911 W	4.73267 W	0 W	

Top 5 consumers:
Power		PID	Exe
1.3250389 W	2569843	"/home/boggy/ref_rapl/energy_exp_server/NPB3.4.3/NPB3.4-MPI/bin/mg.C.x"
0.9937792 W	2569821	"/home/boggy/ref_rapl/scaphandre/target/release/scaphandre"
0.9937792 W	2569840	"/home/boggy/ref_rapl/energy_exp_server/NPB3.4.3/NPB3.4-MPI/bin/mg.C.x"
0.9937792 W	2569841	"/home/boggy/ref_rapl/energy_exp_server/NPB3.4.3/NPB3.4-MPI/bin/mg.C.x"
0.9937792 W	2569842	"/home/boggy/ref_rapl/energy_exp_server/NPB3.4.3/NPB3.4-MPI/bin/mg.C.x"
------------------------------------------------------------

Host:	52.989107 W from 
	package 	core		dram		uncore
Socket0	48.22092 W |	43.838158 W	4.864006 W	0 W	

Top 5 consumers:
Power		PID	Exe
0.9752596 W	2569840	"/home/boggy/ref_rapl/energy_exp_server/NPB3.4.3/NPB3.4-MPI/bin/mg.C.x"
0.9752596 W	2569841	"/home/boggy/ref_rapl/energy_exp_server/NPB3.4.3/NPB3.4-MPI/bin/mg.C.x"
0.9752596 W	2569843	"/home/boggy/ref_rapl/energy_exp_server/NPB3.4.3/NPB3.4-MPI/bin/mg.C.x"
0.9752596 W	2569842	"/home/boggy/ref_rapl/energy_exp_server/NPB3.4.3/NPB3.4-MPI/bin/mg.C.x"
0.65017307 W	2569821	"/home/boggy/ref_rapl/scaphandre/target/release/scaphandre"
------------------------------------------------------------

Host:	51.344118 W from 
	package 	core		dram		uncore
Socket0	49.357643 W |	43.722958 W	4.666584 W	0 W	

Top 5 consumers:
Power		PID	Exe
0.9449837 W	2569840	"/home/boggy/ref_rapl/energy_exp_server/NPB3.4.3/NPB3.4-MPI/bin/mg.C.x"
0.9449837 W	2569841	"/home/boggy/ref_rapl/energy_exp_server/NPB3.4.3/NPB3.4-MPI/bin/mg.C.x"
0.9449837 W	2569843	"/home/boggy/ref_rapl/energy_exp_server/NPB3.4.3/NPB3.4-MPI/bin/mg.C.x"
0.9449837 W	2569842	"/home/boggy/ref_rapl/energy_exp_server/NPB3.4.3/NPB3.4-MPI/bin/mg.C.x"
0.62998915 W	2569821	"/home/boggy/ref_rapl/scaphandre/target/release/scaphandre"
------------------------------------------------------------

Host:	52.552596 W from 
	package 	core		dram		uncore
Socket0	48.28112 W |	42.691727 W	4.389809 W	0 W	

Top 5 consumers:
Power		PID	Exe
1.2221534 W	2569821	"/home/boggy/ref_rapl/scaphandre/target/release/scaphandre"
1.2221534 W	2569841	"/home/boggy/ref_rapl/energy_exp_server/NPB3.4.3/NPB3.4-MPI/bin/mg.C.x"
0.9166151 W	2569840	"/home/boggy/ref_rapl/energy_exp_server/NPB3.4.3/NPB3.4-MPI/bin/mg.C.x"
0.9166151 W	2569843	"/home/boggy/ref_rapl/energy_exp_server/NPB3.4.3/NPB3.4-MPI/bin/mg.C.x"
0.9166151 W	2569842	"/home/boggy/ref_rapl/energy_exp_server/NPB3.4.3/NPB3.4-MPI/bin/mg.C.x"
------------------------------------------------------------

Host:	53.13772 W from 
	package 	core		dram		uncore
Socket0	47.365208 W |	42.51075 W	4.572188 W	0 W	

Top 5 consumers:
Power		PID	Exe
0.92682076 W	2569840	"/home/boggy/ref_rapl/energy_exp_server/NPB3.4.3/NPB3.4-MPI/bin/mg.C.x"
0.92682076 W	2569843	"/home/boggy/ref_rapl/energy_exp_server/NPB3.4.3/NPB3.4-MPI/bin/mg.C.x"
0.92682076 W	2569842	"/home/boggy/ref_rapl/energy_exp_server/NPB3.4.3/NPB3.4-MPI/bin/mg.C.x"
0.61788046 W	2569821	"/home/boggy/ref_rapl/scaphandre/target/release/scaphandre"
0.61788046 W	2569841	"/home/boggy/ref_rapl/energy_exp_server/NPB3.4.3/NPB3.4-MPI/bin/mg.C.x"
------------------------------------------------------------

Host:	50.819029 W from 
	package 	core		dram		uncore
Socket0	46.527977 W |	42.32544 W	4.582352 W	0 W	

Top 5 consumers:
Power		PID	Exe
0.8863785 W	2569840	"/home/boggy/ref_rapl/energy_exp_server/NPB3.4.3/NPB3.4-MPI/bin/mg.C.x"
0.8863785 W	2569841	"/home/boggy/ref_rapl/energy_exp_server/NPB3.4.3/NPB3.4-MPI/bin/mg.C.x"
0.8863785 W	2569843	"/home/boggy/ref_rapl/energy_exp_server/NPB3.4.3/NPB3.4-MPI/bin/mg.C.x"
0.8863785 W	2569842	"/home/boggy/ref_rapl/energy_exp_server/NPB3.4.3/NPB3.4-MPI/bin/mg.C.x"
0.59091896 W	2569821	"/home/boggy/ref_rapl/scaphandre/target/release/scaphandre"
------------------------------------------------------------

Host:	47.781622 W from 
	package 	core		dram		uncore
Socket0	46.031616 W |	41.048992 W	4.659668 W	0 W	

Top 5 consumers:
Power		PID	Exe
1.1112005 W	2569841	"/home/boggy/ref_rapl/energy_exp_server/NPB3.4.3/NPB3.4-MPI/bin/mg.C.x"
1.1112005 W	2569842	"/home/boggy/ref_rapl/energy_exp_server/NPB3.4.3/NPB3.4-MPI/bin/mg.C.x"
0.8334004 W	2569821	"/home/boggy/ref_rapl/scaphandre/target/release/scaphandre"
0.8334004 W	2569840	"/home/boggy/ref_rapl/energy_exp_server/NPB3.4.3/NPB3.4-MPI/bin/mg.C.x"
0.8334004 W	2569843	"/home/boggy/ref_rapl/energy_exp_server/NPB3.4.3/NPB3.4-MPI/bin/mg.C.x"
------------------------------------------------------------

Host:	46.465293 W from 
	package 	core		dram		uncore
Socket0	42.138603 W |	36.917324 W	4.528985 W	0 W	

Top 5 consumers:
Power		PID	Exe
1.8910294 W	2569821	"/home/boggy/ref_rapl/scaphandre/target/release/scaphandre"
1.6208824 W	2569840	"/home/boggy/ref_rapl/energy_exp_server/NPB3.4.3/NPB3.4-MPI/bin/mg.C.x"
1.6208824 W	2569843	"/home/boggy/ref_rapl/energy_exp_server/NPB3.4.3/NPB3.4-MPI/bin/mg.C.x"
1.3507354 W	2569841	"/home/boggy/ref_rapl/energy_exp_server/NPB3.4.3/NPB3.4-MPI/bin/mg.C.x"
1.3507354 W	2569842	"/home/boggy/ref_rapl/energy_exp_server/NPB3.4.3/NPB3.4-MPI/bin/mg.C.x"
------------------------------------------------------------

Host:	47.794282 W from 
	package 	core		dram		uncore
Socket0	41.76434 W |	36.468098 W	4.591017 W	0 W	

Top 5 consumers:
Power		PID	Exe
1.3893688 W	2569840	"/home/boggy/ref_rapl/energy_exp_server/NPB3.4.3/NPB3.4-MPI/bin/mg.C.x"
1.3893688 W	2569841	"/home/boggy/ref_rapl/energy_exp_server/NPB3.4.3/NPB3.4-MPI/bin/mg.C.x"
1.3893688 W	2569842	"/home/boggy/ref_rapl/energy_exp_server/NPB3.4.3/NPB3.4-MPI/bin/mg.C.x"
1.1114949 W	2569843	"/home/boggy/ref_rapl/energy_exp_server/NPB3.4.3/NPB3.4-MPI/bin/mg.C.x"
0.83362126 W	2569821	"/home/boggy/ref_rapl/scaphandre/target/release/scaphandre"
------------------------------------------------------------

Host:	53.1129 W from 
	package 	core		dram		uncore
Socket0	44.26563 W |	38.64655 W	4.510721 W	0 W	

Top 5 consumers:
Power		PID	Exe
1.1240824 W	2569821	"/home/boggy/ref_rapl/scaphandre/target/release/scaphandre"
1.1240824 W	2569840	"/home/boggy/ref_rapl/energy_exp_server/NPB3.4.3/NPB3.4-MPI/bin/mg.C.x"
1.1240824 W	2569841	"/home/boggy/ref_rapl/energy_exp_server/NPB3.4.3/NPB3.4-MPI/bin/mg.C.x"
1.1240824 W	2569843	"/home/boggy/ref_rapl/energy_exp_server/NPB3.4.3/NPB3.4-MPI/bin/mg.C.x"
1.1240824 W	2569842	"/home/boggy/ref_rapl/energy_exp_server/NPB3.4.3/NPB3.4-MPI/bin/mg.C.x"
------------------------------------------------------------

Host:	54.80937 W from 
	package 	core		dram		uncore
Socket0	51.62515 W |	46.274017 W	4.434751 W	0 W	

Top 5 consumers:
Power		PID	Exe
0.86999005 W	2569840	"/home/boggy/ref_rapl/energy_exp_server/NPB3.4.3/NPB3.4-MPI/bin/mg.C.x"
0.86999005 W	2569841	"/home/boggy/ref_rapl/energy_exp_server/NPB3.4.3/NPB3.4-MPI/bin/mg.C.x"
0.86999005 W	2569843	"/home/boggy/ref_rapl/energy_exp_server/NPB3.4.3/NPB3.4-MPI/bin/mg.C.x"
0.86999005 W	2569842	"/home/boggy/ref_rapl/energy_exp_server/NPB3.4.3/NPB3.4-MPI/bin/mg.C.x"
0.5799933 W	2569821	"/home/boggy/ref_rapl/scaphandre/target/release/scaphandre"
------------------------------------------------------------

Host:	51.198633 W from 
	package 	core		dram		uncore
Socket0	49.93102 W |	44.42987 W	4.549546 W	0 W	

Top 5 consumers:
Power		PID	Exe
0.8126768 W	2569821	"/home/boggy/ref_rapl/scaphandre/target/release/scaphandre"
0.8126768 W	2569840	"/home/boggy/ref_rapl/energy_exp_server/NPB3.4.3/NPB3.4-MPI/bin/mg.C.x"
0.8126768 W	2569841	"/home/boggy/ref_rapl/energy_exp_server/NPB3.4.3/NPB3.4-MPI/bin/mg.C.x"
0.8126768 W	2569843	"/home/boggy/ref_rapl/energy_exp_server/NPB3.4.3/NPB3.4-MPI/bin/mg.C.x"
0.8126768 W	2569842	"/home/boggy/ref_rapl/energy_exp_server/NPB3.4.3/NPB3.4-MPI/bin/mg.C.x"
------------------------------------------------------------

Host:	50.498816 W from 
	package 	core		dram		uncore
Socket0	46.778904 W |	41.597294 W	4.55737 W	0 W	

Top 5 consumers:
Power		PID	Exe
1.6031371 W	2569840	"/home/boggy/ref_rapl/energy_exp_server/NPB3.4.3/NPB3.4-MPI/bin/mg.C.x"
1.6031371 W	2569843	"/home/boggy/ref_rapl/energy_exp_server/NPB3.4.3/NPB3.4-MPI/bin/mg.C.x"
1.3359475 W	2569841	"/home/boggy/ref_rapl/energy_exp_server/NPB3.4.3/NPB3.4-MPI/bin/mg.C.x"
1.3359475 W	2569842	"/home/boggy/ref_rapl/energy_exp_server/NPB3.4.3/NPB3.4-MPI/bin/mg.C.x"
0.534379 W	2569821	"/home/boggy/ref_rapl/scaphandre/target/release/scaphandre"
------------------------------------------------------------

Host:	51.6076 W from 
	package 	core		dram		uncore
Socket0	45.633938 W |	40.46928 W	4.611061 W	0 W	

Top 5 consumers:
Power		PID	Exe
1.6383367 W	2569840	"/home/boggy/ref_rapl/energy_exp_server/NPB3.4.3/NPB3.4-MPI/bin/mg.C.x"
1.6383367 W	2569841	"/home/boggy/ref_rapl/energy_exp_server/NPB3.4.3/NPB3.4-MPI/bin/mg.C.x"
1.6383367 W	2569842	"/home/boggy/ref_rapl/energy_exp_server/NPB3.4.3/NPB3.4-MPI/bin/mg.C.x"
1.3652804 W	2569843	"/home/boggy/ref_rapl/energy_exp_server/NPB3.4.3/NPB3.4-MPI/bin/mg.C.x"
0.8191683 W	2569821	"/home/boggy/ref_rapl/scaphandre/target/release/scaphandre"
------------------------------------------------------------

Host:	51.618881 W from 
	package 	core		dram		uncore
Socket0	47.074394 W |	42.08191 W	4.758245 W	0 W	

Top 5 consumers:
Power		PID	Exe
1.6924223 W	2569841	"/home/boggy/ref_rapl/energy_exp_server/NPB3.4.3/NPB3.4-MPI/bin/mg.C.x"
1.6924223 W	2569843	"/home/boggy/ref_rapl/energy_exp_server/NPB3.4.3/NPB3.4-MPI/bin/mg.C.x"
1.6924223 W	2569842	"/home/boggy/ref_rapl/energy_exp_server/NPB3.4.3/NPB3.4-MPI/bin/mg.C.x"
1.410352 W	2569840	"/home/boggy/ref_rapl/energy_exp_server/NPB3.4.3/NPB3.4-MPI/bin/mg.C.x"
0.84621114 W	2569821	"/home/boggy/ref_rapl/scaphandre/target/release/scaphandre"
------------------------------------------------------------

Host:	52.650808 W from 
	package 	core		dram		uncore
Socket0	46.831966 W |	42.006763 W	4.818545 W	0 W	

Top 5 consumers:
Power		PID	Exe
1.726256 W	2569840	"/home/boggy/ref_rapl/energy_exp_server/NPB3.4.3/NPB3.4-MPI/bin/mg.C.x"
1.726256 W	2569843	"/home/boggy/ref_rapl/energy_exp_server/NPB3.4.3/NPB3.4-MPI/bin/mg.C.x"
1.4385467 W	2569841	"/home/boggy/ref_rapl/energy_exp_server/NPB3.4.3/NPB3.4-MPI/bin/mg.C.x"
1.4385467 W	2569842	"/home/boggy/ref_rapl/energy_exp_server/NPB3.4.3/NPB3.4-MPI/bin/mg.C.x"
0.57541865 W	2569821	"/home/boggy/ref_rapl/scaphandre/target/release/scaphandre"
------------------------------------------------------------

Host:	50.206018 W from 
	package 	core		dram		uncore
Socket0	47.121864 W |	41.9703 W	4.774559 W	0 W	

Top 5 consumers:
Power		PID	Exe
1.6460989 W	2569841	"/home/boggy/ref_rapl/energy_exp_server/NPB3.4.3/NPB3.4-MPI/bin/mg.C.x"
1.6460989 W	2569842	"/home/boggy/ref_rapl/energy_exp_server/NPB3.4.3/NPB3.4-MPI/bin/mg.C.x"
1.3717492 W	2569840	"/home/boggy/ref_rapl/energy_exp_server/NPB3.4.3/NPB3.4-MPI/bin/mg.C.x"
1.3717492 W	2569843	"/home/boggy/ref_rapl/energy_exp_server/NPB3.4.3/NPB3.4-MPI/bin/mg.C.x"
0.8230494 W	2569821	"/home/boggy/ref_rapl/scaphandre/target/release/scaphandre"
------------------------------------------------------------

Host:	54.21008 W from 
	package 	core		dram		uncore
Socket0	46.55273 W |	41.41458 W	4.275716 W	0 W	

Top 5 consumers:
Power		PID	Exe
1.7773796 W	2569840	"/home/boggy/ref_rapl/energy_exp_server/NPB3.4.3/NPB3.4-MPI/bin/mg.C.x"
1.7773796 W	2569841	"/home/boggy/ref_rapl/energy_exp_server/NPB3.4.3/NPB3.4-MPI/bin/mg.C.x"
1.4811498 W	2569843	"/home/boggy/ref_rapl/energy_exp_server/NPB3.4.3/NPB3.4-MPI/bin/mg.C.x"
0.59245986 W	2569821	"/home/boggy/ref_rapl/scaphandre/target/release/scaphandre"
0.29622993 W	1127	""
------------------------------------------------------------

Host:	54.691296 W from 
	package 	core		dram		uncore
Socket0	50.252506 W |	45.016014 W	4.557497 W	0 W	

Top 5 consumers:
Power		PID	Exe
1.8230432 W	2569841	"/home/boggy/ref_rapl/energy_exp_server/NPB3.4.3/NPB3.4-MPI/bin/mg.C.x"
1.8230432 W	2569843	"/home/boggy/ref_rapl/energy_exp_server/NPB3.4.3/NPB3.4-MPI/bin/mg.C.x"
1.8230432 W	2569842	"/home/boggy/ref_rapl/energy_exp_server/NPB3.4.3/NPB3.4-MPI/bin/mg.C.x"
1.5192027 W	2569840	"/home/boggy/ref_rapl/energy_exp_server/NPB3.4.3/NPB3.4-MPI/bin/mg.C.x"
0.9115216 W	2569821	"/home/boggy/ref_rapl/scaphandre/target/release/scaphandre"
------------------------------------------------------------

Host:	54.406916 W from 
	package 	core		dram		uncore
Socket0	49.76568 W |	44.561337 W	4.627829 W	0 W	

Top 5 consumers:
Power		PID	Exe
1.813564 W	2569840	"/home/boggy/ref_rapl/energy_exp_server/NPB3.4.3/NPB3.4-MPI/bin/mg.C.x"
1.813564 W	2569843	"/home/boggy/ref_rapl/energy_exp_server/NPB3.4.3/NPB3.4-MPI/bin/mg.C.x"
1.5113033 W	2569841	"/home/boggy/ref_rapl/energy_exp_server/NPB3.4.3/NPB3.4-MPI/bin/mg.C.x"
0.60452133 W	2569821	"/home/boggy/ref_rapl/scaphandre/target/release/scaphandre"
0.30226067 W	18	""
------------------------------------------------------------

Host:	52.223754 W from 
	package 	core		dram		uncore
Socket0	50.036808 W |	44.591476 W	4.645692 W	0 W	

Top 5 consumers:
Power		PID	Exe
1.7407919 W	2569840	"/home/boggy/ref_rapl/energy_exp_server/NPB3.4.3/NPB3.4-MPI/bin/mg.C.x"
1.7407919 W	2569841	"/home/boggy/ref_rapl/energy_exp_server/NPB3.4.3/NPB3.4-MPI/bin/mg.C.x"
1.7407919 W	2569843	"/home/boggy/ref_rapl/energy_exp_server/NPB3.4.3/NPB3.4-MPI/bin/mg.C.x"
1.4506599 W	2569842	"/home/boggy/ref_rapl/energy_exp_server/NPB3.4.3/NPB3.4-MPI/bin/mg.C.x"
0.5802639 W	2569821	"/home/boggy/ref_rapl/scaphandre/target/release/scaphandre"
------------------------------------------------------------

Host:	52.007873 W from 
	package 	core		dram		uncore
Socket0	47.220543 W |	42.363075 W	4.636679 W	0 W	

Top 5 consumers:
Power		PID	Exe
1.7335958 W	2569841	"/home/boggy/ref_rapl/energy_exp_server/NPB3.4.3/NPB3.4-MPI/bin/mg.C.x"
1.7335958 W	2569843	"/home/boggy/ref_rapl/energy_exp_server/NPB3.4.3/NPB3.4-MPI/bin/mg.C.x"
1.7335958 W	2569842	"/home/boggy/ref_rapl/energy_exp_server/NPB3.4.3/NPB3.4-MPI/bin/mg.C.x"
1.4446633 W	2569840	"/home/boggy/ref_rapl/energy_exp_server/NPB3.4.3/NPB3.4-MPI/bin/mg.C.x"
0.5778653 W	2569821	"/home/boggy/ref_rapl/scaphandre/target/release/scaphandre"
------------------------------------------------------------

Host:	52.391154 W from 
	package 	core		dram		uncore
Socket0	47.29241 W |	42.182423 W	4.7652 W	0 W	

Top 5 consumers:
Power		PID	Exe
1.727181 W	2569840	"/home/boggy/ref_rapl/energy_exp_server/NPB3.4.3/NPB3.4-MPI/bin/mg.C.x"
1.727181 W	2569843	"/home/boggy/ref_rapl/energy_exp_server/NPB3.4.3/NPB3.4-MPI/bin/mg.C.x"
1.4393173 W	2569841	"/home/boggy/ref_rapl/energy_exp_server/NPB3.4.3/NPB3.4-MPI/bin/mg.C.x"
1.4393173 W	2569842	"/home/boggy/ref_rapl/energy_exp_server/NPB3.4.3/NPB3.4-MPI/bin/mg.C.x"
0.8635905 W	2569821	"/home/boggy/ref_rapl/scaphandre/target/release/scaphandre"
------------------------------------------------------------

Host:	51.38775 W from 
	package 	core		dram		uncore
Socket0	47.54381 W |	42.163513 W	4.804703 W	0 W	

Top 5 consumers:
Power		PID	Exe
1.6941017 W	2569840	"/home/boggy/ref_rapl/energy_exp_server/NPB3.4.3/NPB3.4-MPI/bin/mg.C.x"
1.6941017 W	2569841	"/home/boggy/ref_rapl/energy_exp_server/NPB3.4.3/NPB3.4-MPI/bin/mg.C.x"
1.6941017 W	2569842	"/home/boggy/ref_rapl/energy_exp_server/NPB3.4.3/NPB3.4-MPI/bin/mg.C.x"
1.4117514 W	2569843	"/home/boggy/ref_rapl/energy_exp_server/NPB3.4.3/NPB3.4-MPI/bin/mg.C.x"
0.56470054 W	2569821	"/home/boggy/ref_rapl/scaphandre/target/release/scaphandre"
------------------------------------------------------------

Host:	51.68178 W from 
	package 	core		dram		uncore
Socket0	46.180088 W |	41.05685 W	4.693596 W	0 W	

Top 5 consumers:
Power		PID	Exe
1.9877609 W	2569842	"/home/boggy/ref_rapl/energy_exp_server/NPB3.4.3/NPB3.4-MPI/bin/mg.C.x"
1.7037951 W	2569843	"/home/boggy/ref_rapl/energy_exp_server/NPB3.4.3/NPB3.4-MPI/bin/mg.C.x"
1.4198291 W	2569840	"/home/boggy/ref_rapl/energy_exp_server/NPB3.4.3/NPB3.4-MPI/bin/mg.C.x"
1.4198291 W	2569841	"/home/boggy/ref_rapl/energy_exp_server/NPB3.4.3/NPB3.4-MPI/bin/mg.C.x"
0.85189754 W	2569821	"/home/boggy/ref_rapl/scaphandre/target/release/scaphandre"
------------------------------------------------------------

Host:	51.934287 W from 
	package 	core		dram		uncore
Socket0	48.073517 W |	43.963177 W	4.524548 W	0 W	

Top 5 consumers:
Power		PID	Exe
0.5707065 W	2569821	"/home/boggy/ref_rapl/scaphandre/target/release/scaphandre"
0.5707065 W	2569840	"/home/boggy/ref_rapl/energy_exp_server/NPB3.4.3/NPB3.4-MPI/bin/mg.C.x"
0.5707065 W	2569841	"/home/boggy/ref_rapl/energy_exp_server/NPB3.4.3/NPB3.4-MPI/bin/mg.C.x"
0.5707065 W	2569843	"/home/boggy/ref_rapl/energy_exp_server/NPB3.4.3/NPB3.4-MPI/bin/mg.C.x"
0.5707065 W	2569842	"/home/boggy/ref_rapl/energy_exp_server/NPB3.4.3/NPB3.4-MPI/bin/mg.C.x"
------------------------------------------------------------

Host:	55.162035 W from 
	package 	core		dram		uncore
Socket0	49.583576 W |	43.786938 W	4.733323 W	0 W	

Top 5 consumers:
Power		PID	Exe
0.9092644 W	2569821	"/home/boggy/ref_rapl/scaphandre/target/release/scaphandre"
0.9092644 W	2569841	"/home/boggy/ref_rapl/energy_exp_server/NPB3.4.3/NPB3.4-MPI/bin/mg.C.x"
0.60617626 W	2569840	"/home/boggy/ref_rapl/energy_exp_server/NPB3.4.3/NPB3.4-MPI/bin/mg.C.x"
0.60617626 W	2569843	"/home/boggy/ref_rapl/energy_exp_server/NPB3.4.3/NPB3.4-MPI/bin/mg.C.x"
0.60617626 W	2569842	"/home/boggy/ref_rapl/energy_exp_server/NPB3.4.3/NPB3.4-MPI/bin/mg.C.x"
------------------------------------------------------------

Host:	51.483668 W from 
	package 	core		dram		uncore
Socket0	47.90951 W |	43.673058 W	4.56851 W	0 W	

Top 5 consumers:
Power		PID	Exe
0.8486319 W	2569840	"/home/boggy/ref_rapl/energy_exp_server/NPB3.4.3/NPB3.4-MPI/bin/mg.C.x"
0.56575465 W	2569821	"/home/boggy/ref_rapl/scaphandre/target/release/scaphandre"
0.56575465 W	2569841	"/home/boggy/ref_rapl/energy_exp_server/NPB3.4.3/NPB3.4-MPI/bin/mg.C.x"
0.56575465 W	2569843	"/home/boggy/ref_rapl/energy_exp_server/NPB3.4.3/NPB3.4-MPI/bin/mg.C.x"
0.56575465 W	2569842	"/home/boggy/ref_rapl/energy_exp_server/NPB3.4.3/NPB3.4-MPI/bin/mg.C.x"
------------------------------------------------------------

Host:	50.730673 W from 
	package 	core		dram		uncore
Socket0	47.34959 W |	43.296734 W	4.544897 W	0 W	

Top 5 consumers:
Power		PID	Exe
0.9571825 W	2569821	"/home/boggy/ref_rapl/scaphandre/target/release/scaphandre"
0.63812166 W	2569840	"/home/boggy/ref_rapl/energy_exp_server/NPB3.4.3/NPB3.4-MPI/bin/mg.C.x"
0.63812166 W	2569841	"/home/boggy/ref_rapl/energy_exp_server/NPB3.4.3/NPB3.4-MPI/bin/mg.C.x"
0.63812166 W	2569843	"/home/boggy/ref_rapl/energy_exp_server/NPB3.4.3/NPB3.4-MPI/bin/mg.C.x"
0.63812166 W	2569842	"/home/boggy/ref_rapl/energy_exp_server/NPB3.4.3/NPB3.4-MPI/bin/mg.C.x"
------------------------------------------------------------

Host:	46.031778 W from 
	package 	core		dram		uncore
Socket0	43.45137 W |	37.320705 W	4.567438 W	0 W	

Top 5 consumers:
Power		PID	Exe
1.7370483 W	2569841	"/home/boggy/ref_rapl/energy_exp_server/NPB3.4.3/NPB3.4-MPI/bin/mg.C.x"
1.7370483 W	2569843	"/home/boggy/ref_rapl/energy_exp_server/NPB3.4.3/NPB3.4-MPI/bin/mg.C.x"
1.7370483 W	2569842	"/home/boggy/ref_rapl/energy_exp_server/NPB3.4.3/NPB3.4-MPI/bin/mg.C.x"
1.4475403 W	2569840	"/home/boggy/ref_rapl/energy_exp_server/NPB3.4.3/NPB3.4-MPI/bin/mg.C.x"
1.1580322 W	2569821	"/home/boggy/ref_rapl/scaphandre/target/release/scaphandre"
------------------------------------------------------------

Host:	46.504797 W from 
	package 	core		dram		uncore
Socket0	41.471336 W |	36.37382 W	4.589542 W	0 W	

Top 5 consumers:
Power		PID	Exe
1.4624151 W	2569821	"/home/boggy/ref_rapl/scaphandre/target/release/scaphandre"
1.4624151 W	2569840	"/home/boggy/ref_rapl/energy_exp_server/NPB3.4.3/NPB3.4-MPI/bin/mg.C.x"
1.4624151 W	2569841	"/home/boggy/ref_rapl/energy_exp_server/NPB3.4.3/NPB3.4-MPI/bin/mg.C.x"
1.4624151 W	2569843	"/home/boggy/ref_rapl/energy_exp_server/NPB3.4.3/NPB3.4-MPI/bin/mg.C.x"
1.4624151 W	2569842	"/home/boggy/ref_rapl/energy_exp_server/NPB3.4.3/NPB3.4-MPI/bin/mg.C.x"
------------------------------------------------------------

Host:	51.608273 W from 
	package 	core		dram		uncore
Socket0	43.253674 W |	38.095276 W	4.508903 W	0 W	

Top 5 consumers:
Power		PID	Exe
1.2983212 W	2569840	"/home/boggy/ref_rapl/energy_exp_server/NPB3.4.3/NPB3.4-MPI/bin/mg.C.x"
1.2983212 W	2569841	"/home/boggy/ref_rapl/energy_exp_server/NPB3.4.3/NPB3.4-MPI/bin/mg.C.x"
1.2983212 W	2569843	"/home/boggy/ref_rapl/energy_exp_server/NPB3.4.3/NPB3.4-MPI/bin/mg.C.x"
1.2983212 W	2569842	"/home/boggy/ref_rapl/energy_exp_server/NPB3.4.3/NPB3.4-MPI/bin/mg.C.x"
0.973741 W	2569821	"/home/boggy/ref_rapl/scaphandre/target/release/scaphandre"
------------------------------------------------------------

Host:	55.817324 W from 
	package 	core		dram		uncore
Socket0	48.225124 W |	43.9618 W	4.497352 W	0 W	

Top 5 consumers:
Power		PID	Exe
1.4042094 W	2569840	"/home/boggy/ref_rapl/energy_exp_server/NPB3.4.3/NPB3.4-MPI/bin/mg.C.x"
1.053157 W	2569821	"/home/boggy/ref_rapl/scaphandre/target/release/scaphandre"
1.053157 W	2569841	"/home/boggy/ref_rapl/energy_exp_server/NPB3.4.3/NPB3.4-MPI/bin/mg.C.x"
1.053157 W	2569843	"/home/boggy/ref_rapl/energy_exp_server/NPB3.4.3/NPB3.4-MPI/bin/mg.C.x"
1.053157 W	2569842	"/home/boggy/ref_rapl/energy_exp_server/NPB3.4.3/NPB3.4-MPI/bin/mg.C.x"
------------------------------------------------------------

Host:	50.853441 W from 
	package 	core		dram		uncore
Socket0	51.881424 W |	46.164886 W	4.180825 W	0 W	

Top 5 consumers:
Power		PID	Exe
0.9080972 W	2569840	"/home/boggy/ref_rapl/energy_exp_server/NPB3.4.3/NPB3.4-MPI/bin/mg.C.x"
0.9080972 W	2569841	"/home/boggy/ref_rapl/energy_exp_server/NPB3.4.3/NPB3.4-MPI/bin/mg.C.x"
0.9080972 W	2569843	"/home/boggy/ref_rapl/energy_exp_server/NPB3.4.3/NPB3.4-MPI/bin/mg.C.x"
0.9080972 W	2569842	"/home/boggy/ref_rapl/energy_exp_server/NPB3.4.3/NPB3.4-MPI/bin/mg.C.x"
0.6053981 W	2569821	"/home/boggy/ref_rapl/scaphandre/target/release/scaphandre"
------------------------------------------------------------

Host:	52.385482 W from 
	package 	core		dram		uncore
Socket0	47.24818 W |	41.454727 W	4.636386 W	0 W	

Top 5 consumers:
Power		PID	Exe
0.9354551 W	2569821	"/home/boggy/ref_rapl/scaphandre/target/release/scaphandre"
0.9354551 W	2569840	"/home/boggy/ref_rapl/energy_exp_server/NPB3.4.3/NPB3.4-MPI/bin/mg.C.x"
0.9354551 W	2569841	"/home/boggy/ref_rapl/energy_exp_server/NPB3.4.3/NPB3.4-MPI/bin/mg.C.x"
0.9354551 W	2569843	"/home/boggy/ref_rapl/energy_exp_server/NPB3.4.3/NPB3.4-MPI/bin/mg.C.x"
0.9354551 W	2569842	"/home/boggy/ref_rapl/energy_exp_server/NPB3.4.3/NPB3.4-MPI/bin/mg.C.x"
------------------------------------------------------------

Host:	52.232503 W from 
	package 	core		dram		uncore
Socket0	46.263935 W |	41.49281 W	4.517845 W	0 W	

Top 5 consumers:
Power		PID	Exe
0.9327233 W	2569840	"/home/boggy/ref_rapl/energy_exp_server/NPB3.4.3/NPB3.4-MPI/bin/mg.C.x"
0.9327233 W	2569841	"/home/boggy/ref_rapl/energy_exp_server/NPB3.4.3/NPB3.4-MPI/bin/mg.C.x"
0.9327233 W	2569843	"/home/boggy/ref_rapl/energy_exp_server/NPB3.4.3/NPB3.4-MPI/bin/mg.C.x"
0.9327233 W	2569842	"/home/boggy/ref_rapl/energy_exp_server/NPB3.4.3/NPB3.4-MPI/bin/mg.C.x"
0.6218155 W	2569821	"/home/boggy/ref_rapl/scaphandre/target/release/scaphandre"
------------------------------------------------------------

Host:	52.310481 W from 
	package 	core		dram		uncore
Socket0	47.252625 W |	42.28901 W	4.768917 W	0 W	

Top 5 consumers:
Power		PID	Exe
1.2454876 W	2569843	"/home/boggy/ref_rapl/energy_exp_server/NPB3.4.3/NPB3.4-MPI/bin/mg.C.x"
0.9341158 W	2569821	"/home/boggy/ref_rapl/scaphandre/target/release/scaphandre"
0.9341158 W	2569840	"/home/boggy/ref_rapl/energy_exp_server/NPB3.4.3/NPB3.4-MPI/bin/mg.C.x"
0.9341158 W	2569841	"/home/boggy/ref_rapl/energy_exp_server/NPB3.4.3/NPB3.4-MPI/bin/mg.C.x"
0.9341158 W	2569842	"/home/boggy/ref_rapl/energy_exp_server/NPB3.4.3/NPB3.4-MPI/bin/mg.C.x"
------------------------------------------------------------

Host:	54.46064 W from 
	package 	core		dram		uncore
Socket0	48.995193 W |	43.622646 W	4.649796 W	0 W	

Top 5 consumers:
Power		PID	Exe
1.2966819 W	2569841	"/home/boggy/ref_rapl/energy_exp_server/NPB3.4.3/NPB3.4-MPI/bin/mg.C.x"
0.9725115 W	2569821	"/home/boggy/ref_rapl/scaphandre/target/release/scaphandre"
0.9725115 W	2569840	"/home/boggy/ref_rapl/energy_exp_server/NPB3.4.3/NPB3.4-MPI/bin/mg.C.x"
0.9725115 W	2569843	"/home/boggy/ref_rapl/energy_exp_server/NPB3.4.3/NPB3.4-MPI/bin/mg.C.x"
0.9725115 W	2569842	"/home/boggy/ref_rapl/energy_exp_server/NPB3.4.3/NPB3.4-MPI/bin/mg.C.x"
------------------------------------------------------------

Host:	52.248285 W from 
	package 	core		dram		uncore
Socket0	49.31028 W |	43.655247 W	4.841359 W	0 W	

Top 5 consumers:
Power		PID	Exe
1.2440068 W	2569840	"/home/boggy/ref_rapl/energy_exp_server/NPB3.4.3/NPB3.4-MPI/bin/mg.C.x"
1.2440068 W	2569842	"/home/boggy/ref_rapl/energy_exp_server/NPB3.4.3/NPB3.4-MPI/bin/mg.C.x"
0.93300515 W	2569841	"/home/boggy/ref_rapl/energy_exp_server/NPB3.4.3/NPB3.4-MPI/bin/mg.C.x"
0.93300515 W	2569843	"/home/boggy/ref_rapl/energy_exp_server/NPB3.4.3/NPB3.4-MPI/bin/mg.C.x"
0.6220034 W	2569821	"/home/boggy/ref_rapl/scaphandre/target/release/scaphandre"
------------------------------------------------------------

Host:	53.785102 W from 
	package 	core		dram		uncore
Socket0	47.9294 W |	43.76847 W	4.828518 W	0 W	

Top 5 consumers:
Power		PID	Exe
0.9604483 W	2569840	"/home/boggy/ref_rapl/energy_exp_server/NPB3.4.3/NPB3.4-MPI/bin/mg.C.x"
0.9604483 W	2569841	"/home/boggy/ref_rapl/energy_exp_server/NPB3.4.3/NPB3.4-MPI/bin/mg.C.x"
0.9604483 W	2569843	"/home/boggy/ref_rapl/energy_exp_server/NPB3.4.3/NPB3.4-MPI/bin/mg.C.x"
0.9604483 W	2569842	"/home/boggy/ref_rapl/energy_exp_server/NPB3.4.3/NPB3.4-MPI/bin/mg.C.x"
0.6402988 W	2569821	"/home/boggy/ref_rapl/scaphandre/target/release/scaphandre"
------------------------------------------------------------

Host:	54.373649 W from 
	package 	core		dram		uncore
Socket0	48.834064 W |	43.753304 W	4.765243 W	0 W	

Top 5 consumers:
Power		PID	Exe
0.92682356 W	2569821	"/home/boggy/ref_rapl/scaphandre/target/release/scaphandre"
0.92682356 W	2569840	"/home/boggy/ref_rapl/energy_exp_server/NPB3.4.3/NPB3.4-MPI/bin/mg.C.x"
0.92682356 W	2569841	"/home/boggy/ref_rapl/energy_exp_server/NPB3.4.3/NPB3.4-MPI/bin/mg.C.x"
0.92682356 W	2569843	"/home/boggy/ref_rapl/energy_exp_server/NPB3.4.3/NPB3.4-MPI/bin/mg.C.x"
0.92682356 W	2569842	"/home/boggy/ref_rapl/energy_exp_server/NPB3.4.3/NPB3.4-MPI/bin/mg.C.x"
------------------------------------------------------------

Host:	52.784656 W from 
	package 	core		dram		uncore
Socket0	49.60832 W |	43.52091 W	4.715507 W	0 W	

Top 5 consumers:
Power		PID	Exe
0.8997385 W	2569821	"/home/boggy/ref_rapl/scaphandre/target/release/scaphandre"
0.8997385 W	2569840	"/home/boggy/ref_rapl/energy_exp_server/NPB3.4.3/NPB3.4-MPI/bin/mg.C.x"
0.8997385 W	2569841	"/home/boggy/ref_rapl/energy_exp_server/NPB3.4.3/NPB3.4-MPI/bin/mg.C.x"
0.8997385 W	2569843	"/home/boggy/ref_rapl/energy_exp_server/NPB3.4.3/NPB3.4-MPI/bin/mg.C.x"
0.8997385 W	2569842	"/home/boggy/ref_rapl/energy_exp_server/NPB3.4.3/NPB3.4-MPI/bin/mg.C.x"
------------------------------------------------------------

Host:	52.012929 W from 
	package 	core		dram		uncore
Socket0	47.98417 W |	43.646587 W	4.848733 W	0 W	

Top 5 consumers:
Power		PID	Exe
1.182112 W	2569843	"/home/boggy/ref_rapl/energy_exp_server/NPB3.4.3/NPB3.4-MPI/bin/mg.C.x"
0.88658404 W	2569840	"/home/boggy/ref_rapl/energy_exp_server/NPB3.4.3/NPB3.4-MPI/bin/mg.C.x"
0.88658404 W	2569841	"/home/boggy/ref_rapl/energy_exp_server/NPB3.4.3/NPB3.4-MPI/bin/mg.C.x"
0.88658404 W	2569842	"/home/boggy/ref_rapl/energy_exp_server/NPB3.4.3/NPB3.4-MPI/bin/mg.C.x"
0.591056 W	2569821	"/home/boggy/ref_rapl/scaphandre/target/release/scaphandre"
------------------------------------------------------------

Host:	54.069721 W from 
	package 	core		dram		uncore
Socket0	47.695293 W |	42.60407 W	4.013961 W	0 W	

Top 5 consumers:
Power		PID	Exe
0.921643 W	2569840	"/home/boggy/ref_rapl/energy_exp_server/NPB3.4.3/NPB3.4-MPI/bin/mg.C.x"
0.921643 W	2569841	"/home/boggy/ref_rapl/energy_exp_server/NPB3.4.3/NPB3.4-MPI/bin/mg.C.x"
0.921643 W	2569842	"/home/boggy/ref_rapl/energy_exp_server/NPB3.4.3/NPB3.4-MPI/bin/mg.C.x"
0.61442864 W	2569821	"/home/boggy/ref_rapl/scaphandre/target/release/scaphandre"
0.61442864 W	2569843	"/home/boggy/ref_rapl/energy_exp_server/NPB3.4.3/NPB3.4-MPI/bin/mg.C.x"
------------------------------------------------------------

Host:	56.678392 W from 
	package 	core		dram		uncore
Socket0	50.983833 W |	46.08103 W	3.972161 W	0 W	

Top 5 consumers:
Power		PID	Exe
0.966109 W	2569840	"/home/boggy/ref_rapl/energy_exp_server/NPB3.4.3/NPB3.4-MPI/bin/mg.C.x"
0.966109 W	2569841	"/home/boggy/ref_rapl/energy_exp_server/NPB3.4.3/NPB3.4-MPI/bin/mg.C.x"
0.966109 W	2569843	"/home/boggy/ref_rapl/energy_exp_server/NPB3.4.3/NPB3.4-MPI/bin/mg.C.x"
0.966109 W	2569842	"/home/boggy/ref_rapl/energy_exp_server/NPB3.4.3/NPB3.4-MPI/bin/mg.C.x"
0.64407265 W	2569821	"/home/boggy/ref_rapl/scaphandre/target/release/scaphandre"
------------------------------------------------------------

Host:	55.34327 W from 
	package 	core		dram		uncore
Socket0	51.617424 W |	46.03307 W	4.648325 W	0 W	

Top 5 consumers:
Power		PID	Exe
0.9433512 W	2569840	"/home/boggy/ref_rapl/energy_exp_server/NPB3.4.3/NPB3.4-MPI/bin/mg.C.x"
0.9433512 W	2569841	"/home/boggy/ref_rapl/energy_exp_server/NPB3.4.3/NPB3.4-MPI/bin/mg.C.x"
0.9433512 W	2569843	"/home/boggy/ref_rapl/energy_exp_server/NPB3.4.3/NPB3.4-MPI/bin/mg.C.x"
0.9433512 W	2569842	"/home/boggy/ref_rapl/energy_exp_server/NPB3.4.3/NPB3.4-MPI/bin/mg.C.x"
0.6289008 W	2569821	"/home/boggy/ref_rapl/scaphandre/target/release/scaphandre"
------------------------------------------------------------

Host:	56.182626 W from 
	package 	core		dram		uncore
Socket0	50.855316 W |	46.1093 W	4.564709 W	0 W	

Top 5 consumers:
Power		PID	Exe
0.9576584 W	2569821	"/home/boggy/ref_rapl/scaphandre/target/release/scaphandre"
0.9576584 W	2569840	"/home/boggy/ref_rapl/energy_exp_server/NPB3.4.3/NPB3.4-MPI/bin/mg.C.x"
0.9576584 W	2569841	"/home/boggy/ref_rapl/energy_exp_server/NPB3.4.3/NPB3.4-MPI/bin/mg.C.x"
0.9576584 W	2569843	"/home/boggy/ref_rapl/energy_exp_server/NPB3.4.3/NPB3.4-MPI/bin/mg.C.x"
0.9576584 W	2569842	"/home/boggy/ref_rapl/energy_exp_server/NPB3.4.3/NPB3.4-MPI/bin/mg.C.x"
------------------------------------------------------------

Host:	55.549562 W from 
	package 	core		dram		uncore
Socket0	51.662617 W |	46.09951 W	4.657328 W	0 W	

Top 5 consumers:
Power		PID	Exe
0.98608685 W	2569840	"/home/boggy/ref_rapl/energy_exp_server/NPB3.4.3/NPB3.4-MPI/bin/mg.C.x"
0.98608685 W	2569841	"/home/boggy/ref_rapl/energy_exp_server/NPB3.4.3/NPB3.4-MPI/bin/mg.C.x"
0.98608685 W	2569843	"/home/boggy/ref_rapl/energy_exp_server/NPB3.4.3/NPB3.4-MPI/bin/mg.C.x"
0.98608685 W	2569842	"/home/boggy/ref_rapl/energy_exp_server/NPB3.4.3/NPB3.4-MPI/bin/mg.C.x"
0.6573913 W	2569821	"/home/boggy/ref_rapl/scaphandre/target/release/scaphandre"
------------------------------------------------------------

Host:	56.394055 W from 
	package 	core		dram		uncore
Socket0	51.125706 W |	46.157593 W	4.576877 W	0 W	

Top 5 consumers:
Power		PID	Exe
1.0010779 W	2569840	"/home/boggy/ref_rapl/energy_exp_server/NPB3.4.3/NPB3.4-MPI/bin/mg.C.x"
1.0010779 W	2569841	"/home/boggy/ref_rapl/energy_exp_server/NPB3.4.3/NPB3.4-MPI/bin/mg.C.x"
1.0010779 W	2569843	"/home/boggy/ref_rapl/energy_exp_server/NPB3.4.3/NPB3.4-MPI/bin/mg.C.x"
1.0010779 W	2569842	"/home/boggy/ref_rapl/energy_exp_server/NPB3.4.3/NPB3.4-MPI/bin/mg.C.x"
0.66738534 W	2569821	"/home/boggy/ref_rapl/scaphandre/target/release/scaphandre"
------------------------------------------------------------

Host:	54.268853 W from 
	package 	core		dram		uncore
Socket0	51.537235 W |	46.245243 W	4.627328 W	0 W	

Top 5 consumers:
Power		PID	Exe
0.96335244 W	2569821	"/home/boggy/ref_rapl/scaphandre/target/release/scaphandre"
0.96335244 W	2569840	"/home/boggy/ref_rapl/energy_exp_server/NPB3.4.3/NPB3.4-MPI/bin/mg.C.x"
0.96335244 W	2569841	"/home/boggy/ref_rapl/energy_exp_server/NPB3.4.3/NPB3.4-MPI/bin/mg.C.x"
0.96335244 W	2569843	"/home/boggy/ref_rapl/energy_exp_server/NPB3.4.3/NPB3.4-MPI/bin/mg.C.x"
0.96335244 W	2569842	"/home/boggy/ref_rapl/energy_exp_server/NPB3.4.3/NPB3.4-MPI/bin/mg.C.x"
------------------------------------------------------------

Host:	52.586311 W from 
	package 	core		dram		uncore
Socket0	49.214226 W |	43.817287 W	4.622456 W	0 W	

Top 5 consumers:
Power		PID	Exe
0.9334848 W	2569821	"/home/boggy/ref_rapl/scaphandre/target/release/scaphandre"
0.9334848 W	2569840	"/home/boggy/ref_rapl/energy_exp_server/NPB3.4.3/NPB3.4-MPI/bin/mg.C.x"
0.9334848 W	2569841	"/home/boggy/ref_rapl/energy_exp_server/NPB3.4.3/NPB3.4-MPI/bin/mg.C.x"
0.9334848 W	2569843	"/home/boggy/ref_rapl/energy_exp_server/NPB3.4.3/NPB3.4-MPI/bin/mg.C.x"
0.9334848 W	2569842	"/home/boggy/ref_rapl/energy_exp_server/NPB3.4.3/NPB3.4-MPI/bin/mg.C.x"
------------------------------------------------------------

Host:	53.637511 W from 
	package 	core		dram		uncore
Socket0	48.03232 W |	43.681953 W	4.7987 W	0 W	

Top 5 consumers:
Power		PID	Exe
1.2695268 W	2569843	"/home/boggy/ref_rapl/energy_exp_server/NPB3.4.3/NPB3.4-MPI/bin/mg.C.x"
0.95214516 W	2569840	"/home/boggy/ref_rapl/energy_exp_server/NPB3.4.3/NPB3.4-MPI/bin/mg.C.x"
0.95214516 W	2569841	"/home/boggy/ref_rapl/energy_exp_server/NPB3.4.3/NPB3.4-MPI/bin/mg.C.x"
0.95214516 W	2569842	"/home/boggy/ref_rapl/energy_exp_server/NPB3.4.3/NPB3.4-MPI/bin/mg.C.x"
0.6347634 W	2569821	"/home/boggy/ref_rapl/scaphandre/target/release/scaphandre"
------------------------------------------------------------

Host:	54.447525 W from 
	package 	core		dram		uncore
Socket0	48.794056 W |	43.86544 W	4.767918 W	0 W	

Top 5 consumers:
Power		PID	Exe
1.2886989 W	2569841	"/home/boggy/ref_rapl/energy_exp_server/NPB3.4.3/NPB3.4-MPI/bin/mg.C.x"
0.9665241 W	2569840	"/home/boggy/ref_rapl/energy_exp_server/NPB3.4.3/NPB3.4-MPI/bin/mg.C.x"
0.9665241 W	2569843	"/home/boggy/ref_rapl/energy_exp_server/NPB3.4.3/NPB3.4-MPI/bin/mg.C.x"
0.9665241 W	2569842	"/home/boggy/ref_rapl/energy_exp_server/NPB3.4.3/NPB3.4-MPI/bin/mg.C.x"
0.64434946 W	2569821	"/home/boggy/ref_rapl/scaphandre/target/release/scaphandre"
------------------------------------------------------------

Host:	50.615181 W from 
	package 	core		dram		uncore
Socket0	49.37192 W |	43.854767 W	4.675512 W	0 W	

Top 5 consumers:
Power		PID	Exe
3.0153725 W	2569840	"/home/boggy/ref_rapl/energy_exp_server/NPB3.4.3/NPB3.4-MPI/bin/mg.C.x"
3.0153725 W	2569842	"/home/boggy/ref_rapl/energy_exp_server/NPB3.4.3/NPB3.4-MPI/bin/mg.C.x"
2.7999887 W	2569841	"/home/boggy/ref_rapl/energy_exp_server/NPB3.4.3/NPB3.4-MPI/bin/mg.C.x"
2.7999887 W	2569843	"/home/boggy/ref_rapl/energy_exp_server/NPB3.4.3/NPB3.4-MPI/bin/mg.C.x"
0.64615124 W	2569821	"/home/boggy/ref_rapl/scaphandre/target/release/scaphandre"
------------------------------------------------------------

Host:	47.69758 W from 
	package 	core		dram		uncore
Socket0	45.46961 W |	40.583195 W	4.770862 W	0 W	

Top 5 consumers:
Power		PID	Exe
2.435621 W	2569841	"/home/boggy/ref_rapl/energy_exp_server/NPB3.4.3/NPB3.4-MPI/bin/mg.C.x"
2.435621 W	2569843	"/home/boggy/ref_rapl/energy_exp_server/NPB3.4.3/NPB3.4-MPI/bin/mg.C.x"
2.2326527 W	2569840	"/home/boggy/ref_rapl/energy_exp_server/NPB3.4.3/NPB3.4-MPI/bin/mg.C.x"
2.2326527 W	2569842	"/home/boggy/ref_rapl/energy_exp_server/NPB3.4.3/NPB3.4-MPI/bin/mg.C.x"
0.8118737 W	2569821	"/home/boggy/ref_rapl/scaphandre/target/release/scaphandre"
------------------------------------------------------------

Host:	45.784301 W from 
	package 	core		dram		uncore
Socket0	42.615814 W |	37.922028 W	4.60282 W	0 W	

Top 5 consumers:
Power		PID	Exe
1.1689609 W	2569821	"/home/boggy/ref_rapl/scaphandre/target/release/scaphandre"
1.1689609 W	2569840	"/home/boggy/ref_rapl/energy_exp_server/NPB3.4.3/NPB3.4-MPI/bin/mg.C.x"
1.1689609 W	2569842	"/home/boggy/ref_rapl/energy_exp_server/NPB3.4.3/NPB3.4-MPI/bin/mg.C.x"
0.9741341 W	2569841	"/home/boggy/ref_rapl/energy_exp_server/NPB3.4.3/NPB3.4-MPI/bin/mg.C.x"
0.9741341 W	2569843	"/home/boggy/ref_rapl/energy_exp_server/NPB3.4.3/NPB3.4-MPI/bin/mg.C.x"
------------------------------------------------------------

Host:	47.561476 W from 
	package 	core		dram		uncore
Socket0	41.96468 W |	36.552376 W	4.632631 W	0 W	

Top 5 consumers:
Power		PID	Exe
1.3588994 W	2569840	"/home/boggy/ref_rapl/energy_exp_server/NPB3.4.3/NPB3.4-MPI/bin/mg.C.x"
1.3588994 W	2569841	"/home/boggy/ref_rapl/energy_exp_server/NPB3.4.3/NPB3.4-MPI/bin/mg.C.x"
1.3588994 W	2569843	"/home/boggy/ref_rapl/energy_exp_server/NPB3.4.3/NPB3.4-MPI/bin/mg.C.x"
1.3588994 W	2569842	"/home/boggy/ref_rapl/energy_exp_server/NPB3.4.3/NPB3.4-MPI/bin/mg.C.x"
1.0871193 W	2569821	"/home/boggy/ref_rapl/scaphandre/target/release/scaphandre"
------------------------------------------------------------

Host:	52.63019 W from 
	package 	core		dram		uncore
Socket0	43.21736 W |	38.221645 W	4.449962 W	0 W	

Top 5 consumers:
Power		PID	Exe
1.2029757 W	2569840	"/home/boggy/ref_rapl/energy_exp_server/NPB3.4.3/NPB3.4-MPI/bin/mg.C.x"
1.2029757 W	2569841	"/home/boggy/ref_rapl/energy_exp_server/NPB3.4.3/NPB3.4-MPI/bin/mg.C.x"
1.2029757 W	2569843	"/home/boggy/ref_rapl/energy_exp_server/NPB3.4.3/NPB3.4-MPI/bin/mg.C.x"
1.2029757 W	2569842	"/home/boggy/ref_rapl/energy_exp_server/NPB3.4.3/NPB3.4-MPI/bin/mg.C.x"
0.90223175 W	2569821	"/home/boggy/ref_rapl/scaphandre/target/release/scaphandre"
------------------------------------------------------------

Host:	54.193988 W from 
	package 	core		dram		uncore
Socket0	49.881107 W |	45.38176 W	4.455686 W	0 W	

Top 5 consumers:
Power		PID	Exe
1.2387196 W	2569841	"/home/boggy/ref_rapl/energy_exp_server/NPB3.4.3/NPB3.4-MPI/bin/mg.C.x"
1.2387196 W	2569843	"/home/boggy/ref_rapl/energy_exp_server/NPB3.4.3/NPB3.4-MPI/bin/mg.C.x"
0.9290398 W	2569821	"/home/boggy/ref_rapl/scaphandre/target/release/scaphandre"
0.9290398 W	2569840	"/home/boggy/ref_rapl/energy_exp_server/NPB3.4.3/NPB3.4-MPI/bin/mg.C.x"
0.9290398 W	2569842	"/home/boggy/ref_rapl/energy_exp_server/NPB3.4.3/NPB3.4-MPI/bin/mg.C.x"
------------------------------------------------------------

Host:	51.452991 W from 
	package 	core		dram		uncore
Socket0	50.81651 W |	44.63405 W	4.536839 W	0 W	

Top 5 consumers:
Power		PID	Exe
1.1760683 W	2569821	"/home/boggy/ref_rapl/scaphandre/target/release/scaphandre"
0.8820512 W	2569840	"/home/boggy/ref_rapl/energy_exp_server/NPB3.4.3/NPB3.4-MPI/bin/mg.C.x"
0.8820512 W	2569841	"/home/boggy/ref_rapl/energy_exp_server/NPB3.4.3/NPB3.4-MPI/bin/mg.C.x"
0.8820512 W	2569843	"/home/boggy/ref_rapl/energy_exp_server/NPB3.4.3/NPB3.4-MPI/bin/mg.C.x"
0.8820512 W	2569842	"/home/boggy/ref_rapl/energy_exp_server/NPB3.4.3/NPB3.4-MPI/bin/mg.C.x"
------------------------------------------------------------

Host:	51.465389 W from 
	package 	core		dram		uncore
Socket0	46.969563 W |	41.72272 W	4.584125 W	0 W	

Top 5 consumers:
Power		PID	Exe
0.8822638 W	2569840	"/home/boggy/ref_rapl/energy_exp_server/NPB3.4.3/NPB3.4-MPI/bin/mg.C.x"
0.8822638 W	2569841	"/home/boggy/ref_rapl/energy_exp_server/NPB3.4.3/NPB3.4-MPI/bin/mg.C.x"
0.8822638 W	2569843	"/home/boggy/ref_rapl/energy_exp_server/NPB3.4.3/NPB3.4-MPI/bin/mg.C.x"
0.8822638 W	2569842	"/home/boggy/ref_rapl/energy_exp_server/NPB3.4.3/NPB3.4-MPI/bin/mg.C.x"
0.58817583 W	2569821	"/home/boggy/ref_rapl/scaphandre/target/release/scaphandre"
------------------------------------------------------------

Host:	51.800434 W from 
	package 	core		dram		uncore
Socket0	46.95175 W |	41.650753 W	4.568379 W	0 W	

Top 5 consumers:
Power		PID	Exe
0.8880074 W	2569840	"/home/boggy/ref_rapl/energy_exp_server/NPB3.4.3/NPB3.4-MPI/bin/mg.C.x"
0.8880074 W	2569841	"/home/boggy/ref_rapl/energy_exp_server/NPB3.4.3/NPB3.4-MPI/bin/mg.C.x"
0.8880074 W	2569843	"/home/boggy/ref_rapl/energy_exp_server/NPB3.4.3/NPB3.4-MPI/bin/mg.C.x"
0.8880074 W	2569842	"/home/boggy/ref_rapl/energy_exp_server/NPB3.4.3/NPB3.4-MPI/bin/mg.C.x"
0.59200495 W	2569821	"/home/boggy/ref_rapl/scaphandre/target/release/scaphandre"
------------------------------------------------------------

Host:	53.530902 W from 
	package 	core		dram		uncore
Socket0	46.9312 W |	42.83965 W	4.754393 W	0 W	

Top 5 consumers:
Power		PID	Exe
1.3466893 W	2569840	"/home/boggy/ref_rapl/energy_exp_server/NPB3.4.3/NPB3.4-MPI/bin/mg.C.x"
1.3466893 W	2569842	"/home/boggy/ref_rapl/energy_exp_server/NPB3.4.3/NPB3.4-MPI/bin/mg.C.x"
1.010017 W	2569821	"/home/boggy/ref_rapl/scaphandre/target/release/scaphandre"
1.010017 W	2569841	"/home/boggy/ref_rapl/energy_exp_server/NPB3.4.3/NPB3.4-MPI/bin/mg.C.x"
1.010017 W	2569843	"/home/boggy/ref_rapl/energy_exp_server/NPB3.4.3/NPB3.4-MPI/bin/mg.C.x"
------------------------------------------------------------

Host:	55.37307 W from 
	package 	core		dram		uncore
Socket0	50.287006 W |	43.91339 W	4.752758 W	0 W	

Top 5 consumers:
Power		PID	Exe
1.0447749 W	2569840	"/home/boggy/ref_rapl/energy_exp_server/NPB3.4.3/NPB3.4-MPI/bin/mg.C.x"
1.0447749 W	2569841	"/home/boggy/ref_rapl/energy_exp_server/NPB3.4.3/NPB3.4-MPI/bin/mg.C.x"
1.0447749 W	2569843	"/home/boggy/ref_rapl/energy_exp_server/NPB3.4.3/NPB3.4-MPI/bin/mg.C.x"
1.0447749 W	2569842	"/home/boggy/ref_rapl/energy_exp_server/NPB3.4.3/NPB3.4-MPI/bin/mg.C.x"
0.6965166 W	2569821	"/home/boggy/ref_rapl/scaphandre/target/release/scaphandre"
------------------------------------------------------------

Host:	52.689377 W from 
	package 	core		dram		uncore
Socket0	47.56084 W |	43.77875 W	4.800397 W	0 W	

Top 5 consumers:
Power		PID	Exe
0.9941392 W	2569821	"/home/boggy/ref_rapl/scaphandre/target/release/scaphandre"
0.9941392 W	2569840	"/home/boggy/ref_rapl/energy_exp_server/NPB3.4.3/NPB3.4-MPI/bin/mg.C.x"
0.9941392 W	2569841	"/home/boggy/ref_rapl/energy_exp_server/NPB3.4.3/NPB3.4-MPI/bin/mg.C.x"
0.9941392 W	2569843	"/home/boggy/ref_rapl/energy_exp_server/NPB3.4.3/NPB3.4-MPI/bin/mg.C.x"
0.9941392 W	2569842	"/home/boggy/ref_rapl/energy_exp_server/NPB3.4.3/NPB3.4-MPI/bin/mg.C.x"
------------------------------------------------------------

Host:	53.773042 W from 
	package 	core		dram		uncore
Socket0	49.615036 W |	43.692585 W	4.694955 W	0 W	

Top 5 consumers:
Power		PID	Exe
1.0145857 W	2569840	"/home/boggy/ref_rapl/energy_exp_server/NPB3.4.3/NPB3.4-MPI/bin/mg.C.x"
1.0145857 W	2569841	"/home/boggy/ref_rapl/energy_exp_server/NPB3.4.3/NPB3.4-MPI/bin/mg.C.x"
1.0145857 W	2569843	"/home/boggy/ref_rapl/energy_exp_server/NPB3.4.3/NPB3.4-MPI/bin/mg.C.x"
1.0145857 W	2569842	"/home/boggy/ref_rapl/energy_exp_server/NPB3.4.3/NPB3.4-MPI/bin/mg.C.x"
0.6763904 W	2569821	"/home/boggy/ref_rapl/scaphandre/target/release/scaphandre"
------------------------------------------------------------

Host:	54.385895 W from 
	package 	core		dram		uncore
Socket0	48.971935 W |	43.83417 W	4.782531 W	0 W	

Top 5 consumers:
Power		PID	Exe
1.0261489 W	2569821	"/home/boggy/ref_rapl/scaphandre/target/release/scaphandre"
1.0261489 W	2569840	"/home/boggy/ref_rapl/energy_exp_server/NPB3.4.3/NPB3.4-MPI/bin/mg.C.x"
1.0261489 W	2569841	"/home/boggy/ref_rapl/energy_exp_server/NPB3.4.3/NPB3.4-MPI/bin/mg.C.x"
1.0261489 W	2569843	"/home/boggy/ref_rapl/energy_exp_server/NPB3.4.3/NPB3.4-MPI/bin/mg.C.x"
1.0261489 W	2569842	"/home/boggy/ref_rapl/energy_exp_server/NPB3.4.3/NPB3.4-MPI/bin/mg.C.x"
------------------------------------------------------------

Host:	53.265684 W from 
	package 	core		dram		uncore
Socket0	49.425304 W |	43.803513 W	4.834271 W	0 W	

Top 5 consumers:
Power		PID	Exe
1.0050129 W	2569840	"/home/boggy/ref_rapl/energy_exp_server/NPB3.4.3/NPB3.4-MPI/bin/mg.C.x"
1.0050129 W	2569841	"/home/boggy/ref_rapl/energy_exp_server/NPB3.4.3/NPB3.4-MPI/bin/mg.C.x"
1.0050129 W	2569843	"/home/boggy/ref_rapl/energy_exp_server/NPB3.4.3/NPB3.4-MPI/bin/mg.C.x"
1.0050129 W	2569842	"/home/boggy/ref_rapl/energy_exp_server/NPB3.4.3/NPB3.4-MPI/bin/mg.C.x"
0.67000854 W	2569821	"/home/boggy/ref_rapl/scaphandre/target/release/scaphandre"
------------------------------------------------------------

Host:	53.268901 W from 
	package 	core		dram		uncore
Socket0	48.561035 W |	43.85611 W	4.725011 W	0 W	

Top 5 consumers:
Power		PID	Exe
1.0050735 W	2569821	"/home/boggy/ref_rapl/scaphandre/target/release/scaphandre"
1.0050735 W	2569840	"/home/boggy/ref_rapl/energy_exp_server/NPB3.4.3/NPB3.4-MPI/bin/mg.C.x"
1.0050735 W	2569841	"/home/boggy/ref_rapl/energy_exp_server/NPB3.4.3/NPB3.4-MPI/bin/mg.C.x"
1.0050735 W	2569843	"/home/boggy/ref_rapl/energy_exp_server/NPB3.4.3/NPB3.4-MPI/bin/mg.C.x"
1.0050735 W	2569842	"/home/boggy/ref_rapl/energy_exp_server/NPB3.4.3/NPB3.4-MPI/bin/mg.C.x"
------------------------------------------------------------

Host:	53.260227 W from 
	package 	core		dram		uncore
Socket0	48.127277 W |	42.658978 W	4.493428 W	0 W	

Top 5 consumers:
Power		PID	Exe
0.91827977 W	2569840	"/home/boggy/ref_rapl/energy_exp_server/NPB3.4.3/NPB3.4-MPI/bin/mg.C.x"
0.91827977 W	2569841	"/home/boggy/ref_rapl/energy_exp_server/NPB3.4.3/NPB3.4-MPI/bin/mg.C.x"
0.91827977 W	2569843	"/home/boggy/ref_rapl/energy_exp_server/NPB3.4.3/NPB3.4-MPI/bin/mg.C.x"
0.91827977 W	2569842	"/home/boggy/ref_rapl/energy_exp_server/NPB3.4.3/NPB3.4-MPI/bin/mg.C.x"
0.6121865 W	2569821	"/home/boggy/ref_rapl/scaphandre/target/release/scaphandre"
------------------------------------------------------------

Host:	56.051961 W from 
	package 	core		dram		uncore
Socket0	51.499943 W |	46.182762 W	4.642185 W	0 W	

Top 5 consumers:
Power		PID	Exe
0.96641314 W	2569840	"/home/boggy/ref_rapl/energy_exp_server/NPB3.4.3/NPB3.4-MPI/bin/mg.C.x"
0.96641314 W	2569841	"/home/boggy/ref_rapl/energy_exp_server/NPB3.4.3/NPB3.4-MPI/bin/mg.C.x"
0.96641314 W	2569843	"/home/boggy/ref_rapl/energy_exp_server/NPB3.4.3/NPB3.4-MPI/bin/mg.C.x"
0.96641314 W	2569842	"/home/boggy/ref_rapl/energy_exp_server/NPB3.4.3/NPB3.4-MPI/bin/mg.C.x"
0.64427537 W	2569821	"/home/boggy/ref_rapl/scaphandre/target/release/scaphandre"
------------------------------------------------------------

Host:	56.097026 W from 
	package 	core		dram		uncore
Socket0	50.250755 W |	46.363968 W	4.62558 W	0 W	

Top 5 consumers:
Power		PID	Exe
1.2895868 W	2569821	"/home/boggy/ref_rapl/scaphandre/target/release/scaphandre"
0.9671901 W	2569840	"/home/boggy/ref_rapl/energy_exp_server/NPB3.4.3/NPB3.4-MPI/bin/mg.C.x"
0.9671901 W	2569841	"/home/boggy/ref_rapl/energy_exp_server/NPB3.4.3/NPB3.4-MPI/bin/mg.C.x"
0.9671901 W	2569843	"/home/boggy/ref_rapl/energy_exp_server/NPB3.4.3/NPB3.4-MPI/bin/mg.C.x"
0.9671901 W	2569842	"/home/boggy/ref_rapl/energy_exp_server/NPB3.4.3/NPB3.4-MPI/bin/mg.C.x"
------------------------------------------------------------

Host:	56.379708 W from 
	package 	core		dram		uncore
Socket0	51.207832 W |	46.177258 W	4.61188 W	0 W	

Top 5 consumers:
Power		PID	Exe
0.97206396 W	2569840	"/home/boggy/ref_rapl/energy_exp_server/NPB3.4.3/NPB3.4-MPI/bin/mg.C.x"
0.97206396 W	2569841	"/home/boggy/ref_rapl/energy_exp_server/NPB3.4.3/NPB3.4-MPI/bin/mg.C.x"
0.97206396 W	2569843	"/home/boggy/ref_rapl/energy_exp_server/NPB3.4.3/NPB3.4-MPI/bin/mg.C.x"
0.97206396 W	2569842	"/home/boggy/ref_rapl/energy_exp_server/NPB3.4.3/NPB3.4-MPI/bin/mg.C.x"
0.6480426 W	2569821	"/home/boggy/ref_rapl/scaphandre/target/release/scaphandre"
------------------------------------------------------------

Host:	56.096632 W from 
	package 	core		dram		uncore
Socket0	51.514374 W |	46.209156 W	4.459196 W	0 W	

Top 5 consumers:
Power		PID	Exe
0.9671833 W	2569841	"/home/boggy/ref_rapl/energy_exp_server/NPB3.4.3/NPB3.4-MPI/bin/mg.C.x"
0.9671833 W	2569843	"/home/boggy/ref_rapl/energy_exp_server/NPB3.4.3/NPB3.4-MPI/bin/mg.C.x"
0.9671833 W	2569842	"/home/boggy/ref_rapl/energy_exp_server/NPB3.4.3/NPB3.4-MPI/bin/mg.C.x"
0.64478886 W	2569840	"/home/boggy/ref_rapl/energy_exp_server/NPB3.4.3/NPB3.4-MPI/bin/mg.C.x"
0.32239443 W	2569821	"/home/boggy/ref_rapl/scaphandre/target/release/scaphandre"
------------------------------------------------------------

Host:	55.04303 W from 
	package 	core		dram		uncore
Socket0	51.89788 W |	46.26246 W	4.665397 W	0 W	

Top 5 consumers:
Power		PID	Exe
0.94901776 W	2569821	"/home/boggy/ref_rapl/scaphandre/target/release/scaphandre"
0.94901776 W	2569840	"/home/boggy/ref_rapl/energy_exp_server/NPB3.4.3/NPB3.4-MPI/bin/mg.C.x"
0.94901776 W	2569841	"/home/boggy/ref_rapl/energy_exp_server/NPB3.4.3/NPB3.4-MPI/bin/mg.C.x"
0.94901776 W	2569843	"/home/boggy/ref_rapl/energy_exp_server/NPB3.4.3/NPB3.4-MPI/bin/mg.C.x"
0.6326785 W	2569842	"/home/boggy/ref_rapl/energy_exp_server/NPB3.4.3/NPB3.4-MPI/bin/mg.C.x"
------------------------------------------------------------

Host:	54.763712 W from 
	package 	core		dram		uncore
Socket0	50.496296 W |	46.31133 W	4.678398 W	0 W	

Top 5 consumers:
Power		PID	Exe
1.2589359 W	2569843	"/home/boggy/ref_rapl/energy_exp_server/NPB3.4.3/NPB3.4-MPI/bin/mg.C.x"
0.94420195 W	2569840	"/home/boggy/ref_rapl/energy_exp_server/NPB3.4.3/NPB3.4-MPI/bin/mg.C.x"
0.94420195 W	2569841	"/home/boggy/ref_rapl/energy_exp_server/NPB3.4.3/NPB3.4-MPI/bin/mg.C.x"
0.94420195 W	2569842	"/home/boggy/ref_rapl/energy_exp_server/NPB3.4.3/NPB3.4-MPI/bin/mg.C.x"
0.62946796 W	2569821	"/home/boggy/ref_rapl/scaphandre/target/release/scaphandre"
------------------------------------------------------------

Host:	52.14636 W from 
	package 	core		dram		uncore
Socket0	48.175076 W |	43.268005 W	4.014942 W	0 W	

Top 5 consumers:
Power		PID	Exe
0.9716713 W	2569840	"/home/boggy/ref_rapl/energy_exp_server/NPB3.4.3/NPB3.4-MPI/bin/mg.C.x"
0.9716713 W	2569842	"/home/boggy/ref_rapl/energy_exp_server/NPB3.4.3/NPB3.4-MPI/bin/mg.C.x"
0.6477809 W	2569821	"/home/boggy/ref_rapl/scaphandre/target/release/scaphandre"
0.6477809 W	2569841	"/home/boggy/ref_rapl/energy_exp_server/NPB3.4.3/NPB3.4-MPI/bin/mg.C.x"
0.6477809 W	2569843	"/home/boggy/ref_rapl/energy_exp_server/NPB3.4.3/NPB3.4-MPI/bin/mg.C.x"
------------------------------------------------------------

Host:	54.216291 W from 
	package 	core		dram		uncore
Socket0	49.661327 W |	44.473286 W	4.395943 W	0 W	

Top 5 consumers:
Power		PID	Exe
1.0102415 W	2569821	"/home/boggy/ref_rapl/scaphandre/target/release/scaphandre"
1.0102415 W	2569840	"/home/boggy/ref_rapl/energy_exp_server/NPB3.4.3/NPB3.4-MPI/bin/mg.C.x"
1.0102415 W	2569841	"/home/boggy/ref_rapl/energy_exp_server/NPB3.4.3/NPB3.4-MPI/bin/mg.C.x"
1.0102415 W	2569843	"/home/boggy/ref_rapl/energy_exp_server/NPB3.4.3/NPB3.4-MPI/bin/mg.C.x"
1.0102415 W	2569842	"/home/boggy/ref_rapl/energy_exp_server/NPB3.4.3/NPB3.4-MPI/bin/mg.C.x"
------------------------------------------------------------

Host:	54.876149 W from 
	package 	core		dram		uncore
Socket0	49.59652 W |	44.172447 W	4.649267 W	0 W	

Top 5 consumers:
Power		PID	Exe
1.3633826 W	2569841	"/home/boggy/ref_rapl/energy_exp_server/NPB3.4.3/NPB3.4-MPI/bin/mg.C.x"
1.022537 W	2569821	"/home/boggy/ref_rapl/scaphandre/target/release/scaphandre"
1.022537 W	2569840	"/home/boggy/ref_rapl/energy_exp_server/NPB3.4.3/NPB3.4-MPI/bin/mg.C.x"
1.022537 W	2569843	"/home/boggy/ref_rapl/energy_exp_server/NPB3.4.3/NPB3.4-MPI/bin/mg.C.x"
1.022537 W	2569842	"/home/boggy/ref_rapl/energy_exp_server/NPB3.4.3/NPB3.4-MPI/bin/mg.C.x"
------------------------------------------------------------

Host:	53.430172 W from 
	package 	core		dram		uncore
Socket0	48.455368 W |	43.872925 W	4.871707 W	0 W	

Top 5 consumers:
Power		PID	Exe
0.9955933 W	2569840	"/home/boggy/ref_rapl/energy_exp_server/NPB3.4.3/NPB3.4-MPI/bin/mg.C.x"
0.9955933 W	2569841	"/home/boggy/ref_rapl/energy_exp_server/NPB3.4.3/NPB3.4-MPI/bin/mg.C.x"
0.9955933 W	2569843	"/home/boggy/ref_rapl/energy_exp_server/NPB3.4.3/NPB3.4-MPI/bin/mg.C.x"
0.9955933 W	2569842	"/home/boggy/ref_rapl/energy_exp_server/NPB3.4.3/NPB3.4-MPI/bin/mg.C.x"
0.66372883 W	2569821	"/home/boggy/ref_rapl/scaphandre/target/release/scaphandre"
------------------------------------------------------------

Host:	52.536097 W from 
	package 	core		dram		uncore
Socket0	49.987514 W |	43.68349 W	4.74251 W	0 W	

Top 5 consumers:
Power		PID	Exe
0.9789335 W	2569840	"/home/boggy/ref_rapl/energy_exp_server/NPB3.4.3/NPB3.4-MPI/bin/mg.C.x"
0.9789335 W	2569841	"/home/boggy/ref_rapl/energy_exp_server/NPB3.4.3/NPB3.4-MPI/bin/mg.C.x"
0.9789335 W	2569843	"/home/boggy/ref_rapl/energy_exp_server/NPB3.4.3/NPB3.4-MPI/bin/mg.C.x"
0.9789335 W	2569842	"/home/boggy/ref_rapl/energy_exp_server/NPB3.4.3/NPB3.4-MPI/bin/mg.C.x"
0.65262234 W	2569821	"/home/boggy/ref_rapl/scaphandre/target/release/scaphandre"
------------------------------------------------------------

Host:	53.622328 W from 
	package 	core		dram		uncore
Socket0	48.11484 W |	43.926632 W	4.831832 W	0 W	

Top 5 consumers:
Power		PID	Exe
0.9991738 W	2569821	"/home/boggy/ref_rapl/scaphandre/target/release/scaphandre"
0.9991738 W	2569840	"/home/boggy/ref_rapl/energy_exp_server/NPB3.4.3/NPB3.4-MPI/bin/mg.C.x"
0.9991738 W	2569841	"/home/boggy/ref_rapl/energy_exp_server/NPB3.4.3/NPB3.4-MPI/bin/mg.C.x"
0.9991738 W	2569843	"/home/boggy/ref_rapl/energy_exp_server/NPB3.4.3/NPB3.4-MPI/bin/mg.C.x"
0.9991738 W	2569842	"/home/boggy/ref_rapl/energy_exp_server/NPB3.4.3/NPB3.4-MPI/bin/mg.C.x"
------------------------------------------------------------

Host:	54.514178 W from 
	package 	core		dram		uncore
Socket0	48.682713 W |	43.61487 W	4.770266 W	0 W	

Top 5 consumers:
Power		PID	Exe
1.0157921 W	2569840	"/home/boggy/ref_rapl/energy_exp_server/NPB3.4.3/NPB3.4-MPI/bin/mg.C.x"
1.0157921 W	2569841	"/home/boggy/ref_rapl/energy_exp_server/NPB3.4.3/NPB3.4-MPI/bin/mg.C.x"
1.0157921 W	2569843	"/home/boggy/ref_rapl/energy_exp_server/NPB3.4.3/NPB3.4-MPI/bin/mg.C.x"
1.0157921 W	2569842	"/home/boggy/ref_rapl/energy_exp_server/NPB3.4.3/NPB3.4-MPI/bin/mg.C.x"
0.6771948 W	2569821	"/home/boggy/ref_rapl/scaphandre/target/release/scaphandre"
------------------------------------------------------------

Host:	53.404387 W from 
	package 	core		dram		uncore
Socket0	49.504787 W |	43.77713 W	4.692863 W	0 W	

Top 5 consumers:
Power		PID	Exe
0.9829028 W	2569843	"/home/boggy/ref_rapl/energy_exp_server/NPB3.4.3/NPB3.4-MPI/bin/mg.C.x"
0.6552685 W	2569821	"/home/boggy/ref_rapl/scaphandre/target/release/scaphandre"
0.6552685 W	2569840	"/home/boggy/ref_rapl/energy_exp_server/NPB3.4.3/NPB3.4-MPI/bin/mg.C.x"
0.6552685 W	2569841	"/home/boggy/ref_rapl/energy_exp_server/NPB3.4.3/NPB3.4-MPI/bin/mg.C.x"
0.6552685 W	2569842	"/home/boggy/ref_rapl/energy_exp_server/NPB3.4.3/NPB3.4-MPI/bin/mg.C.x"
------------------------------------------------------------

Host:	54.025173 W from 
	package 	core		dram		uncore
Socket0	48.99738 W |	43.809547 W	4.716997 W	0 W	

Top 5 consumers:
Power		PID	Exe
0.9943284 W	2569821	"/home/boggy/ref_rapl/scaphandre/target/release/scaphandre"
0.6628855 W	2569840	"/home/boggy/ref_rapl/energy_exp_server/NPB3.4.3/NPB3.4-MPI/bin/mg.C.x"
0.6628855 W	2569841	"/home/boggy/ref_rapl/energy_exp_server/NPB3.4.3/NPB3.4-MPI/bin/mg.C.x"
0.6628855 W	2569843	"/home/boggy/ref_rapl/energy_exp_server/NPB3.4.3/NPB3.4-MPI/bin/mg.C.x"
0.6628855 W	2569842	"/home/boggy/ref_rapl/energy_exp_server/NPB3.4.3/NPB3.4-MPI/bin/mg.C.x"
------------------------------------------------------------

Host:	54.267936 W from 
	package 	core		dram		uncore
Socket0	50.315876 W |	44.644627 W	4.059632 W	0 W	

Top 5 consumers:
Power		PID	Exe
1.3317283 W	2569840	"/home/boggy/ref_rapl/energy_exp_server/NPB3.4.3/NPB3.4-MPI/bin/mg.C.x"
0.9987964 W	2569841	"/home/boggy/ref_rapl/energy_exp_server/NPB3.4.3/NPB3.4-MPI/bin/mg.C.x"
0.9987964 W	2569842	"/home/boggy/ref_rapl/energy_exp_server/NPB3.4.3/NPB3.4-MPI/bin/mg.C.x"
0.66586417 W	2569821	"/home/boggy/ref_rapl/scaphandre/target/release/scaphandre"
0.33293208 W	2569843	"/home/boggy/ref_rapl/energy_exp_server/NPB3.4.3/NPB3.4-MPI/bin/mg.C.x"
------------------------------------------------------------

Host:	53.170771 W from 
	package 	core		dram		uncore
Socket0	47.92558 W |	43.98588 W	4.530076 W	0 W	

Top 5 consumers:
Power		PID	Exe
0.65240204 W	2569821	"/home/boggy/ref_rapl/scaphandre/target/release/scaphandre"
0.65240204 W	2569840	"/home/boggy/ref_rapl/energy_exp_server/NPB3.4.3/NPB3.4-MPI/bin/mg.C.x"
0.65240204 W	2569841	"/home/boggy/ref_rapl/energy_exp_server/NPB3.4.3/NPB3.4-MPI/bin/mg.C.x"
0.65240204 W	2569843	"/home/boggy/ref_rapl/energy_exp_server/NPB3.4.3/NPB3.4-MPI/bin/mg.C.x"
0.65240204 W	2569842	"/home/boggy/ref_rapl/energy_exp_server/NPB3.4.3/NPB3.4-MPI/bin/mg.C.x"
------------------------------------------------------------

Host:	51.69306 W from 
	package 	core		dram		uncore
Socket0	50.16316 W |	44.112583 W	4.763261 W	0 W	

Top 5 consumers:
Power		PID	Exe
0.951406 W	2569821	"/home/boggy/ref_rapl/scaphandre/target/release/scaphandre"
0.951406 W	2569840	"/home/boggy/ref_rapl/energy_exp_server/NPB3.4.3/NPB3.4-MPI/bin/mg.C.x"
0.951406 W	2569841	"/home/boggy/ref_rapl/energy_exp_server/NPB3.4.3/NPB3.4-MPI/bin/mg.C.x"
0.951406 W	2569843	"/home/boggy/ref_rapl/energy_exp_server/NPB3.4.3/NPB3.4-MPI/bin/mg.C.x"
0.951406 W	2569842	"/home/boggy/ref_rapl/energy_exp_server/NPB3.4.3/NPB3.4-MPI/bin/mg.C.x"
------------------------------------------------------------

Host:	48.568859 W from 
	package 	core		dram		uncore
Socket0	45.997097 W |	42.25088 W	4.492321 W	0 W	

Top 5 consumers:
Power		PID	Exe
1.1918738 W	2569821	"/home/boggy/ref_rapl/scaphandre/target/release/scaphandre"
1.1918738 W	2569843	"/home/boggy/ref_rapl/energy_exp_server/NPB3.4.3/NPB3.4-MPI/bin/mg.C.x"
1.1918738 W	2569842	"/home/boggy/ref_rapl/energy_exp_server/NPB3.4.3/NPB3.4-MPI/bin/mg.C.x"
0.8939054 W	2569840	"/home/boggy/ref_rapl/energy_exp_server/NPB3.4.3/NPB3.4-MPI/bin/mg.C.x"
0.8939054 W	2569841	"/home/boggy/ref_rapl/energy_exp_server/NPB3.4.3/NPB3.4-MPI/bin/mg.C.x"
------------------------------------------------------------

Host:	46.802647 W from 
	package 	core		dram		uncore
Socket0	43.1604 W |	37.2823 W	4.498771 W	0.004808 W	

Top 5 consumers:
Power		PID	Exe
1.435664 W	2569840	"/home/boggy/ref_rapl/energy_exp_server/NPB3.4.3/NPB3.4-MPI/bin/mg.C.x"
1.435664 W	2569841	"/home/boggy/ref_rapl/energy_exp_server/NPB3.4.3/NPB3.4-MPI/bin/mg.C.x"
1.435664 W	2569843	"/home/boggy/ref_rapl/energy_exp_server/NPB3.4.3/NPB3.4-MPI/bin/mg.C.x"
1.435664 W	2569842	"/home/boggy/ref_rapl/energy_exp_server/NPB3.4.3/NPB3.4-MPI/bin/mg.C.x"
1.1485311 W	2569821	"/home/boggy/ref_rapl/scaphandre/target/release/scaphandre"
------------------------------------------------------------

Host:	46.70406 W from 
	package 	core		dram		uncore
Socket0	41.530247 W |	36.49973 W	4.654302 W	0 W	

Top 5 consumers:
Power		PID	Exe
1.2760673 W	2569821	"/home/boggy/ref_rapl/scaphandre/target/release/scaphandre"
1.2760673 W	2569840	"/home/boggy/ref_rapl/energy_exp_server/NPB3.4.3/NPB3.4-MPI/bin/mg.C.x"
1.2760673 W	2569841	"/home/boggy/ref_rapl/energy_exp_server/NPB3.4.3/NPB3.4-MPI/bin/mg.C.x"
1.2760673 W	2569843	"/home/boggy/ref_rapl/energy_exp_server/NPB3.4.3/NPB3.4-MPI/bin/mg.C.x"
1.2760673 W	2569842	"/home/boggy/ref_rapl/energy_exp_server/NPB3.4.3/NPB3.4-MPI/bin/mg.C.x"
------------------------------------------------------------

Host:	51.079659 W from 
	package 	core		dram		uncore
Socket0	43.168404 W |	38.237255 W	4.477492 W	0 W	

Top 5 consumers:
Power		PID	Exe
1.1164953 W	2569840	"/home/boggy/ref_rapl/energy_exp_server/NPB3.4.3/NPB3.4-MPI/bin/mg.C.x"
1.1164953 W	2569841	"/home/boggy/ref_rapl/energy_exp_server/NPB3.4.3/NPB3.4-MPI/bin/mg.C.x"
1.1164953 W	2569843	"/home/boggy/ref_rapl/energy_exp_server/NPB3.4.3/NPB3.4-MPI/bin/mg.C.x"
1.1164953 W	2569842	"/home/boggy/ref_rapl/energy_exp_server/NPB3.4.3/NPB3.4-MPI/bin/mg.C.x"
0.8373714 W	2569821	"/home/boggy/ref_rapl/scaphandre/target/release/scaphandre"
------------------------------------------------------------

Host:	58.083499 W from 
	package 	core		dram		uncore
Socket0	49.619892 W |	44.37731 W	4.449857 W	0 W	

Top 5 consumers:
Power		PID	Exe
0.9521885 W	2569821	"/home/boggy/ref_rapl/scaphandre/target/release/scaphandre"
0.9521885 W	2569840	"/home/boggy/ref_rapl/energy_exp_server/NPB3.4.3/NPB3.4-MPI/bin/mg.C.x"
0.9521885 W	2569841	"/home/boggy/ref_rapl/energy_exp_server/NPB3.4.3/NPB3.4-MPI/bin/mg.C.x"
0.9521885 W	2569843	"/home/boggy/ref_rapl/energy_exp_server/NPB3.4.3/NPB3.4-MPI/bin/mg.C.x"
0.9521885 W	2569842	"/home/boggy/ref_rapl/energy_exp_server/NPB3.4.3/NPB3.4-MPI/bin/mg.C.x"
------------------------------------------------------------

Host:	50.97443 W from 
	package 	core		dram		uncore
Socket0	51.824745 W |	46.879227 W	4.240307 W	0 W	

Top 5 consumers:
Power		PID	Exe
0.8356464 W	2569821	"/home/boggy/ref_rapl/scaphandre/target/release/scaphandre"
0.8356464 W	2569840	"/home/boggy/ref_rapl/energy_exp_server/NPB3.4.3/NPB3.4-MPI/bin/mg.C.x"
0.8356464 W	2569841	"/home/boggy/ref_rapl/energy_exp_server/NPB3.4.3/NPB3.4-MPI/bin/mg.C.x"
0.8356464 W	2569843	"/home/boggy/ref_rapl/energy_exp_server/NPB3.4.3/NPB3.4-MPI/bin/mg.C.x"
0.8356464 W	2569842	"/home/boggy/ref_rapl/energy_exp_server/NPB3.4.3/NPB3.4-MPI/bin/mg.C.x"
------------------------------------------------------------

Host:	51.849577 W from 
	package 	core		dram		uncore
Socket0	47.841347 W |	41.950413 W	4.57883 W	0 W	

Top 5 consumers:
Power		PID	Exe
0.84999305 W	2569840	"/home/boggy/ref_rapl/energy_exp_server/NPB3.4.3/NPB3.4-MPI/bin/mg.C.x"
0.84999305 W	2569841	"/home/boggy/ref_rapl/energy_exp_server/NPB3.4.3/NPB3.4-MPI/bin/mg.C.x"
0.84999305 W	2569843	"/home/boggy/ref_rapl/energy_exp_server/NPB3.4.3/NPB3.4-MPI/bin/mg.C.x"
0.84999305 W	2569842	"/home/boggy/ref_rapl/energy_exp_server/NPB3.4.3/NPB3.4-MPI/bin/mg.C.x"
0.566662 W	2569821	"/home/boggy/ref_rapl/scaphandre/target/release/scaphandre"
------------------------------------------------------------

Host:	52.251017 W from 
	package 	core		dram		uncore
Socket0	46.143166 W |	41.56926 W	4.489655 W	0 W	

Top 5 consumers:
Power		PID	Exe
0.856574 W	2569840	"/home/boggy/ref_rapl/energy_exp_server/NPB3.4.3/NPB3.4-MPI/bin/mg.C.x"
0.856574 W	2569841	"/home/boggy/ref_rapl/energy_exp_server/NPB3.4.3/NPB3.4-MPI/bin/mg.C.x"
0.856574 W	2569843	"/home/boggy/ref_rapl/energy_exp_server/NPB3.4.3/NPB3.4-MPI/bin/mg.C.x"
0.856574 W	2569842	"/home/boggy/ref_rapl/energy_exp_server/NPB3.4.3/NPB3.4-MPI/bin/mg.C.x"
0.57104933 W	2569821	"/home/boggy/ref_rapl/scaphandre/target/release/scaphandre"
------------------------------------------------------------

Host:	52.764447 W from 
	package 	core		dram		uncore
Socket0	47.17751 W |	41.939346 W	4.763435 W	0 W	

Top 5 consumers:
Power		PID	Exe
0.86499095 W	2569821	"/home/boggy/ref_rapl/scaphandre/target/release/scaphandre"
0.86499095 W	2569840	"/home/boggy/ref_rapl/energy_exp_server/NPB3.4.3/NPB3.4-MPI/bin/mg.C.x"
0.86499095 W	2569841	"/home/boggy/ref_rapl/energy_exp_server/NPB3.4.3/NPB3.4-MPI/bin/mg.C.x"
0.86499095 W	2569843	"/home/boggy/ref_rapl/energy_exp_server/NPB3.4.3/NPB3.4-MPI/bin/mg.C.x"
0.86499095 W	2569842	"/home/boggy/ref_rapl/energy_exp_server/NPB3.4.3/NPB3.4-MPI/bin/mg.C.x"
------------------------------------------------------------

Host:	52.725859 W from 
	package 	core		dram		uncore
Socket0	49.441692 W |	43.953957 W	4.678363 W	0 W	

Top 5 consumers:
Power		PID	Exe
0.89365864 W	2569840	"/home/boggy/ref_rapl/energy_exp_server/NPB3.4.3/NPB3.4-MPI/bin/mg.C.x"
0.89365864 W	2569841	"/home/boggy/ref_rapl/energy_exp_server/NPB3.4.3/NPB3.4-MPI/bin/mg.C.x"
0.89365864 W	2569843	"/home/boggy/ref_rapl/energy_exp_server/NPB3.4.3/NPB3.4-MPI/bin/mg.C.x"
0.89365864 W	2569842	"/home/boggy/ref_rapl/energy_exp_server/NPB3.4.3/NPB3.4-MPI/bin/mg.C.x"
0.59577245 W	2569821	"/home/boggy/ref_rapl/scaphandre/target/release/scaphandre"
------------------------------------------------------------

Host:	54.705164 W from 
	package 	core		dram		uncore
Socket0	49.486786 W |	43.78791 W	4.831947 W	0 W	

Top 5 consumers:
Power		PID	Exe
0.92720616 W	2569821	"/home/boggy/ref_rapl/scaphandre/target/release/scaphandre"
0.92720616 W	2569840	"/home/boggy/ref_rapl/energy_exp_server/NPB3.4.3/NPB3.4-MPI/bin/mg.C.x"
0.92720616 W	2569841	"/home/boggy/ref_rapl/energy_exp_server/NPB3.4.3/NPB3.4-MPI/bin/mg.C.x"
0.92720616 W	2569843	"/home/boggy/ref_rapl/energy_exp_server/NPB3.4.3/NPB3.4-MPI/bin/mg.C.x"
0.92720616 W	2569842	"/home/boggy/ref_rapl/energy_exp_server/NPB3.4.3/NPB3.4-MPI/bin/mg.C.x"
------------------------------------------------------------

Host:	53.099723 W from 
	package 	core		dram		uncore
Socket0	48.218826 W |	43.646225 W	4.713674 W	0 W	

Top 5 consumers:
Power		PID	Exe
0.8999953 W	2569840	"/home/boggy/ref_rapl/energy_exp_server/NPB3.4.3/NPB3.4-MPI/bin/mg.C.x"
0.8999953 W	2569841	"/home/boggy/ref_rapl/energy_exp_server/NPB3.4.3/NPB3.4-MPI/bin/mg.C.x"
0.8999953 W	2569843	"/home/boggy/ref_rapl/energy_exp_server/NPB3.4.3/NPB3.4-MPI/bin/mg.C.x"
0.8999953 W	2569842	"/home/boggy/ref_rapl/energy_exp_server/NPB3.4.3/NPB3.4-MPI/bin/mg.C.x"
0.59999686 W	2569821	"/home/boggy/ref_rapl/scaphandre/target/release/scaphandre"
------------------------------------------------------------

Host:	54.558533 W from 
	package 	core		dram		uncore
Socket0	48.565975 W |	43.85778 W	4.881869 W	0 W	

Top 5 consumers:
Power		PID	Exe
0.92472094 W	2569840	"/home/boggy/ref_rapl/energy_exp_server/NPB3.4.3/NPB3.4-MPI/bin/mg.C.x"
0.92472094 W	2569841	"/home/boggy/ref_rapl/energy_exp_server/NPB3.4.3/NPB3.4-MPI/bin/mg.C.x"
0.92472094 W	2569843	"/home/boggy/ref_rapl/energy_exp_server/NPB3.4.3/NPB3.4-MPI/bin/mg.C.x"
0.92472094 W	2569842	"/home/boggy/ref_rapl/energy_exp_server/NPB3.4.3/NPB3.4-MPI/bin/mg.C.x"
0.6164806 W	2569821	"/home/boggy/ref_rapl/scaphandre/target/release/scaphandre"
------------------------------------------------------------

Host:	54.164455 W from 
	package 	core		dram		uncore
Socket0	49.476006 W |	43.72466 W	4.692994 W	0 W	

Top 5 consumers:
Power		PID	Exe
0.91804165 W	2569840	"/home/boggy/ref_rapl/energy_exp_server/NPB3.4.3/NPB3.4-MPI/bin/mg.C.x"
0.91804165 W	2569841	"/home/boggy/ref_rapl/energy_exp_server/NPB3.4.3/NPB3.4-MPI/bin/mg.C.x"
0.91804165 W	2569843	"/home/boggy/ref_rapl/energy_exp_server/NPB3.4.3/NPB3.4-MPI/bin/mg.C.x"
0.91804165 W	2569842	"/home/boggy/ref_rapl/energy_exp_server/NPB3.4.3/NPB3.4-MPI/bin/mg.C.x"
0.61202776 W	2569821	"/home/boggy/ref_rapl/scaphandre/target/release/scaphandre"
------------------------------------------------------------

Host:	52.407268 W from 
	package 	core		dram		uncore
Socket0	48.030853 W |	43.83598 W	4.831115 W	0 W	

Top 5 consumers:
Power		PID	Exe
0.8882588 W	2569821	"/home/boggy/ref_rapl/scaphandre/target/release/scaphandre"
0.8882588 W	2569840	"/home/boggy/ref_rapl/energy_exp_server/NPB3.4.3/NPB3.4-MPI/bin/mg.C.x"
0.8882588 W	2569841	"/home/boggy/ref_rapl/energy_exp_server/NPB3.4.3/NPB3.4-MPI/bin/mg.C.x"
0.8882588 W	2569843	"/home/boggy/ref_rapl/energy_exp_server/NPB3.4.3/NPB3.4-MPI/bin/mg.C.x"
0.8882588 W	2569842	"/home/boggy/ref_rapl/energy_exp_server/NPB3.4.3/NPB3.4-MPI/bin/mg.C.x"
------------------------------------------------------------

Host:	51.787162 W from 
	package 	core		dram		uncore
Socket0	49.724247 W |	43.312588 W	4.748193 W	0 W	

Top 5 consumers:
Power		PID	Exe
0.8777485 W	2569821	"/home/boggy/ref_rapl/scaphandre/target/release/scaphandre"
0.8777485 W	2569840	"/home/boggy/ref_rapl/energy_exp_server/NPB3.4.3/NPB3.4-MPI/bin/mg.C.x"
0.8777485 W	2569841	"/home/boggy/ref_rapl/energy_exp_server/NPB3.4.3/NPB3.4-MPI/bin/mg.C.x"
0.8777485 W	2569843	"/home/boggy/ref_rapl/energy_exp_server/NPB3.4.3/NPB3.4-MPI/bin/mg.C.x"
0.8777485 W	2569842	"/home/boggy/ref_rapl/energy_exp_server/NPB3.4.3/NPB3.4-MPI/bin/mg.C.x"
------------------------------------------------------------

Host:	57.591683 W from 
	package 	core		dram		uncore
Socket0	48.834652 W |	43.59778 W	4.545343 W	0 W	

Top 5 consumers:
Power		PID	Exe
1.0103804 W	2569840	"/home/boggy/ref_rapl/energy_exp_server/NPB3.4.3/NPB3.4-MPI/bin/mg.C.x"
1.0103804 W	2569841	"/home/boggy/ref_rapl/energy_exp_server/NPB3.4.3/NPB3.4-MPI/bin/mg.C.x"
1.0103804 W	2569843	"/home/boggy/ref_rapl/energy_exp_server/NPB3.4.3/NPB3.4-MPI/bin/mg.C.x"
1.0103804 W	2569842	"/home/boggy/ref_rapl/energy_exp_server/NPB3.4.3/NPB3.4-MPI/bin/mg.C.x"
0.673587 W	2569821	"/home/boggy/ref_rapl/scaphandre/target/release/scaphandre"
------------------------------------------------------------

Host:	54.099596 W from 
	package 	core		dram		uncore
Socket0	51.197784 W |	46.309147 W	4.589799 W	0 W	

Top 5 consumers:
Power		PID	Exe
0.9491157 W	2569840	"/home/boggy/ref_rapl/energy_exp_server/NPB3.4.3/NPB3.4-MPI/bin/mg.C.x"
0.9491157 W	2569841	"/home/boggy/ref_rapl/energy_exp_server/NPB3.4.3/NPB3.4-MPI/bin/mg.C.x"
0.9491157 W	2569843	"/home/boggy/ref_rapl/energy_exp_server/NPB3.4.3/NPB3.4-MPI/bin/mg.C.x"
0.9491157 W	2569842	"/home/boggy/ref_rapl/energy_exp_server/NPB3.4.3/NPB3.4-MPI/bin/mg.C.x"
0.6327439 W	2569821	"/home/boggy/ref_rapl/scaphandre/target/release/scaphandre"
------------------------------------------------------------

Host:	56.365652 W from 
	package 	core		dram		uncore
Socket0	51.382267 W |	46.179203 W	4.59754 W	0 W	

Top 5 consumers:
Power		PID	Exe
0.98887104 W	2569840	"/home/boggy/ref_rapl/energy_exp_server/NPB3.4.3/NPB3.4-MPI/bin/mg.C.x"
0.98887104 W	2569841	"/home/boggy/ref_rapl/energy_exp_server/NPB3.4.3/NPB3.4-MPI/bin/mg.C.x"
0.98887104 W	2569843	"/home/boggy/ref_rapl/energy_exp_server/NPB3.4.3/NPB3.4-MPI/bin/mg.C.x"
0.65924746 W	2569821	"/home/boggy/ref_rapl/scaphandre/target/release/scaphandre"
0.65924746 W	2569842	"/home/boggy/ref_rapl/energy_exp_server/NPB3.4.3/NPB3.4-MPI/bin/mg.C.x"
------------------------------------------------------------

Host:	55.754672 W from 
	package 	core		dram		uncore
Socket0	50.150223 W |	46.189423 W	4.655981 W	0 W	

Top 5 consumers:
Power		PID	Exe
0.9781521 W	2569840	"/home/boggy/ref_rapl/energy_exp_server/NPB3.4.3/NPB3.4-MPI/bin/mg.C.x"
0.9781521 W	2569841	"/home/boggy/ref_rapl/energy_exp_server/NPB3.4.3/NPB3.4-MPI/bin/mg.C.x"
0.9781521 W	2569842	"/home/boggy/ref_rapl/energy_exp_server/NPB3.4.3/NPB3.4-MPI/bin/mg.C.x"
0.65210146 W	2569821	"/home/boggy/ref_rapl/scaphandre/target/release/scaphandre"
0.65210146 W	2569843	"/home/boggy/ref_rapl/energy_exp_server/NPB3.4.3/NPB3.4-MPI/bin/mg.C.x"
------------------------------------------------------------

Host:	56.097016 W from 
	package 	core		dram		uncore
Socket0	51.371 W |	46.22261 W	4.586756 W	0 W	

Top 5 consumers:
Power		PID	Exe
0.98415816 W	2569821	"/home/boggy/ref_rapl/scaphandre/target/release/scaphandre"
0.98415816 W	2569840	"/home/boggy/ref_rapl/energy_exp_server/NPB3.4.3/NPB3.4-MPI/bin/mg.C.x"
0.98415816 W	2569841	"/home/boggy/ref_rapl/energy_exp_server/NPB3.4.3/NPB3.4-MPI/bin/mg.C.x"
0.98415816 W	2569843	"/home/boggy/ref_rapl/energy_exp_server/NPB3.4.3/NPB3.4-MPI/bin/mg.C.x"
0.98415816 W	2569842	"/home/boggy/ref_rapl/energy_exp_server/NPB3.4.3/NPB3.4-MPI/bin/mg.C.x"
------------------------------------------------------------

Host:	56.171697 W from 
	package 	core		dram		uncore
Socket0	51.291454 W |	46.315044 W	4.580488 W	0 W	

Top 5 consumers:
Power		PID	Exe
0.9854684 W	2569840	"/home/boggy/ref_rapl/energy_exp_server/NPB3.4.3/NPB3.4-MPI/bin/mg.C.x"
0.9854684 W	2569841	"/home/boggy/ref_rapl/energy_exp_server/NPB3.4.3/NPB3.4-MPI/bin/mg.C.x"
0.9854684 W	2569843	"/home/boggy/ref_rapl/energy_exp_server/NPB3.4.3/NPB3.4-MPI/bin/mg.C.x"
0.9854684 W	2569842	"/home/boggy/ref_rapl/energy_exp_server/NPB3.4.3/NPB3.4-MPI/bin/mg.C.x"
0.65697896 W	2569821	"/home/boggy/ref_rapl/scaphandre/target/release/scaphandre"
------------------------------------------------------------

Host:	54.099729 W from 
	package 	core		dram		uncore
Socket0	51.126247 W |	45.831913 W	4.629308 W	0 W	

Top 5 consumers:
Power		PID	Exe
0.9491181 W	2569841	"/home/boggy/ref_rapl/energy_exp_server/NPB3.4.3/NPB3.4-MPI/bin/mg.C.x"
0.9491181 W	2569843	"/home/boggy/ref_rapl/energy_exp_server/NPB3.4.3/NPB3.4-MPI/bin/mg.C.x"
0.9491181 W	2569842	"/home/boggy/ref_rapl/energy_exp_server/NPB3.4.3/NPB3.4-MPI/bin/mg.C.x"
0.6327454 W	2569821	"/home/boggy/ref_rapl/scaphandre/target/release/scaphandre"
0.6327454 W	2569840	"/home/boggy/ref_rapl/energy_exp_server/NPB3.4.3/NPB3.4-MPI/bin/mg.C.x"
------------------------------------------------------------

Host:	52.163571 W from 
	package 	core		dram		uncore
Socket0	48.067204 W |	43.47988 W	3.847542 W	0 W	

Top 5 consumers:
Power		PID	Exe
0.978067 W	2569821	"/home/boggy/ref_rapl/scaphandre/target/release/scaphandre"
0.978067 W	2569840	"/home/boggy/ref_rapl/energy_exp_server/NPB3.4.3/NPB3.4-MPI/bin/mg.C.x"
0.978067 W	2569841	"/home/boggy/ref_rapl/energy_exp_server/NPB3.4.3/NPB3.4-MPI/bin/mg.C.x"
0.978067 W	2569843	"/home/boggy/ref_rapl/energy_exp_server/NPB3.4.3/NPB3.4-MPI/bin/mg.C.x"
0.978067 W	2569842	"/home/boggy/ref_rapl/energy_exp_server/NPB3.4.3/NPB3.4-MPI/bin/mg.C.x"
------------------------------------------------------------

Host:	54.548916 W from 
	package 	core		dram		uncore
Socket0	49.33982 W |	43.96688 W	4.814532 W	0 W	

Top 5 consumers:
Power		PID	Exe
1.0227922 W	2569840	"/home/boggy/ref_rapl/energy_exp_server/NPB3.4.3/NPB3.4-MPI/bin/mg.C.x"
1.0227922 W	2569841	"/home/boggy/ref_rapl/energy_exp_server/NPB3.4.3/NPB3.4-MPI/bin/mg.C.x"
1.0227922 W	2569843	"/home/boggy/ref_rapl/energy_exp_server/NPB3.4.3/NPB3.4-MPI/bin/mg.C.x"
1.0227922 W	2569842	"/home/boggy/ref_rapl/energy_exp_server/NPB3.4.3/NPB3.4-MPI/bin/mg.C.x"
0.68186146 W	2569821	"/home/boggy/ref_rapl/scaphandre/target/release/scaphandre"
------------------------------------------------------------

Host:	53.080836 W from 
	package 	core		dram		uncore
Socket0	49.798443 W |	43.8422 W	4.699784 W	0 W	

Top 5 consumers:
Power		PID	Exe
0.9952657 W	2569821	"/home/boggy/ref_rapl/scaphandre/target/release/scaphandre"
0.9952657 W	2569840	"/home/boggy/ref_rapl/energy_exp_server/NPB3.4.3/NPB3.4-MPI/bin/mg.C.x"
0.9952657 W	2569841	"/home/boggy/ref_rapl/energy_exp_server/NPB3.4.3/NPB3.4-MPI/bin/mg.C.x"
0.9952657 W	2569843	"/home/boggy/ref_rapl/energy_exp_server/NPB3.4.3/NPB3.4-MPI/bin/mg.C.x"
0.9952657 W	2569842	"/home/boggy/ref_rapl/energy_exp_server/NPB3.4.3/NPB3.4-MPI/bin/mg.C.x"
------------------------------------------------------------

Host:	54.574936 W from 
	package 	core		dram		uncore
Socket0	48.331734 W |	43.811054 W	4.710753 W	0 W	

Top 5 consumers:
Power		PID	Exe
1.0232801 W	2569840	"/home/boggy/ref_rapl/energy_exp_server/NPB3.4.3/NPB3.4-MPI/bin/mg.C.x"
1.0232801 W	2569841	"/home/boggy/ref_rapl/energy_exp_server/NPB3.4.3/NPB3.4-MPI/bin/mg.C.x"
1.0232801 W	2569843	"/home/boggy/ref_rapl/energy_exp_server/NPB3.4.3/NPB3.4-MPI/bin/mg.C.x"
1.0232801 W	2569842	"/home/boggy/ref_rapl/energy_exp_server/NPB3.4.3/NPB3.4-MPI/bin/mg.C.x"
0.68218666 W	2569821	"/home/boggy/ref_rapl/scaphandre/target/release/scaphandre"
------------------------------------------------------------

Host:	52.98363 W from 
	package 	core		dram		uncore
Socket0	49.590027 W |	43.82276 W	4.846159 W	0 W	

Top 5 consumers:
Power		PID	Exe
0.99344313 W	2569821	"/home/boggy/ref_rapl/scaphandre/target/release/scaphandre"
0.99344313 W	2569840	"/home/boggy/ref_rapl/energy_exp_server/NPB3.4.3/NPB3.4-MPI/bin/mg.C.x"
0.99344313 W	2569841	"/home/boggy/ref_rapl/energy_exp_server/NPB3.4.3/NPB3.4-MPI/bin/mg.C.x"
0.99344313 W	2569843	"/home/boggy/ref_rapl/energy_exp_server/NPB3.4.3/NPB3.4-MPI/bin/mg.C.x"
0.99344313 W	2569842	"/home/boggy/ref_rapl/energy_exp_server/NPB3.4.3/NPB3.4-MPI/bin/mg.C.x"
------------------------------------------------------------

Host:	54.814616 W from 
	package 	core		dram		uncore
Socket0	48.244644 W |	43.801765 W	4.706678 W	0 W	

Top 5 consumers:
Power		PID	Exe
1.0277741 W	2569840	"/home/boggy/ref_rapl/energy_exp_server/NPB3.4.3/NPB3.4-MPI/bin/mg.C.x"
1.0277741 W	2569841	"/home/boggy/ref_rapl/energy_exp_server/NPB3.4.3/NPB3.4-MPI/bin/mg.C.x"
1.0277741 W	2569843	"/home/boggy/ref_rapl/energy_exp_server/NPB3.4.3/NPB3.4-MPI/bin/mg.C.x"
1.0277741 W	2569842	"/home/boggy/ref_rapl/energy_exp_server/NPB3.4.3/NPB3.4-MPI/bin/mg.C.x"
0.6851827 W	2569821	"/home/boggy/ref_rapl/scaphandre/target/release/scaphandre"
------------------------------------------------------------

Host:	52.834343 W from 
	package 	core		dram		uncore
Socket0	49.606552 W |	43.80057 W	4.858923 W	0 W	

Top 5 consumers:
Power		PID	Exe
1.3208586 W	2569840	"/home/boggy/ref_rapl/energy_exp_server/NPB3.4.3/NPB3.4-MPI/bin/mg.C.x"
0.990644 W	2569821	"/home/boggy/ref_rapl/scaphandre/target/release/scaphandre"
0.990644 W	2569841	"/home/boggy/ref_rapl/energy_exp_server/NPB3.4.3/NPB3.4-MPI/bin/mg.C.x"
0.990644 W	2569843	"/home/boggy/ref_rapl/energy_exp_server/NPB3.4.3/NPB3.4-MPI/bin/mg.C.x"
0.990644 W	2569842	"/home/boggy/ref_rapl/energy_exp_server/NPB3.4.3/NPB3.4-MPI/bin/mg.C.x"
------------------------------------------------------------

Host:	52.42083 W from 
	package 	core		dram		uncore
Socket0	48.244698 W |	43.482815 W	4.734042 W	0 W	

Top 5 consumers:
Power		PID	Exe
0.91966367 W	2569840	"/home/boggy/ref_rapl/energy_exp_server/NPB3.4.3/NPB3.4-MPI/bin/mg.C.x"
0.91966367 W	2569841	"/home/boggy/ref_rapl/energy_exp_server/NPB3.4.3/NPB3.4-MPI/bin/mg.C.x"
0.91966367 W	2569843	"/home/boggy/ref_rapl/energy_exp_server/NPB3.4.3/NPB3.4-MPI/bin/mg.C.x"
0.91966367 W	2569842	"/home/boggy/ref_rapl/energy_exp_server/NPB3.4.3/NPB3.4-MPI/bin/mg.C.x"
0.6131092 W	2569821	"/home/boggy/ref_rapl/scaphandre/target/release/scaphandre"
------------------------------------------------------------

Host:	51.702083 W from 
	package 	core		dram		uncore
Socket0	47.11225 W |	42.39709 W	4.402183 W	0 W	

Top 5 consumers:
Power		PID	Exe
0.90705407 W	2569841	"/home/boggy/ref_rapl/energy_exp_server/NPB3.4.3/NPB3.4-MPI/bin/mg.C.x"
0.90705407 W	2569843	"/home/boggy/ref_rapl/energy_exp_server/NPB3.4.3/NPB3.4-MPI/bin/mg.C.x"
0.90705407 W	2569842	"/home/boggy/ref_rapl/energy_exp_server/NPB3.4.3/NPB3.4-MPI/bin/mg.C.x"
0.6047028 W	2569821	"/home/boggy/ref_rapl/scaphandre/target/release/scaphandre"
0.6047028 W	2569840	"/home/boggy/ref_rapl/energy_exp_server/NPB3.4.3/NPB3.4-MPI/bin/mg.C.x"
------------------------------------------------------------

Host:	52.391016 W from 
	package 	core		dram		uncore
Socket0	48.391113 W |	43.605656 W	4.792313 W	0 W	

Top 5 consumers:
Power		PID	Exe
0.91914064 W	2569821	"/home/boggy/ref_rapl/scaphandre/target/release/scaphandre"
0.91914064 W	2569840	"/home/boggy/ref_rapl/energy_exp_server/NPB3.4.3/NPB3.4-MPI/bin/mg.C.x"
0.91914064 W	2569841	"/home/boggy/ref_rapl/energy_exp_server/NPB3.4.3/NPB3.4-MPI/bin/mg.C.x"
0.91914064 W	2569843	"/home/boggy/ref_rapl/energy_exp_server/NPB3.4.3/NPB3.4-MPI/bin/mg.C.x"
0.91914064 W	2569842	"/home/boggy/ref_rapl/energy_exp_server/NPB3.4.3/NPB3.4-MPI/bin/mg.C.x"
------------------------------------------------------------

Host:	49.818541 W from 
	package 	core		dram		uncore
Socket0	47.577652 W |	42.068344 W	4.535941 W	0 W	

Top 5 consumers:
Power		PID	Exe
1.4566824 W	2569843	"/home/boggy/ref_rapl/energy_exp_server/NPB3.4.3/NPB3.4-MPI/bin/mg.C.x"
1.165346 W	2569840	"/home/boggy/ref_rapl/energy_exp_server/NPB3.4.3/NPB3.4-MPI/bin/mg.C.x"
0.8740095 W	2569841	"/home/boggy/ref_rapl/energy_exp_server/NPB3.4.3/NPB3.4-MPI/bin/mg.C.x"
0.8740095 W	2569842	"/home/boggy/ref_rapl/energy_exp_server/NPB3.4.3/NPB3.4-MPI/bin/mg.C.x"
0.582673 W	2569821	"/home/boggy/ref_rapl/scaphandre/target/release/scaphandre"
------------------------------------------------------------

Host:	46.00382 W from 
	package 	core		dram		uncore
Socket0	43.159756 W |	37.956245 W	4.585403 W	0 W	

Top 5 consumers:
Power		PID	Exe
1.6141691 W	2569821	"/home/boggy/ref_rapl/scaphandre/target/release/scaphandre"
1.6141691 W	2569842	"/home/boggy/ref_rapl/energy_exp_server/NPB3.4.3/NPB3.4-MPI/bin/mg.C.x"
1.345141 W	2569840	"/home/boggy/ref_rapl/energy_exp_server/NPB3.4.3/NPB3.4-MPI/bin/mg.C.x"
1.345141 W	2569841	"/home/boggy/ref_rapl/energy_exp_server/NPB3.4.3/NPB3.4-MPI/bin/mg.C.x"
1.345141 W	2569843	"/home/boggy/ref_rapl/energy_exp_server/NPB3.4.3/NPB3.4-MPI/bin/mg.C.x"
------------------------------------------------------------

Host:	47.012779 W from 
	package 	core		dram		uncore
Socket0	41.37969 W |	36.473816 W	4.553151 W	0 W	

Top 5 consumers:
Power		PID	Exe
1.4691494 W	2569840	"/home/boggy/ref_rapl/energy_exp_server/NPB3.4.3/NPB3.4-MPI/bin/mg.C.x"
1.4691494 W	2569841	"/home/boggy/ref_rapl/energy_exp_server/NPB3.4.3/NPB3.4-MPI/bin/mg.C.x"
1.4691494 W	2569843	"/home/boggy/ref_rapl/energy_exp_server/NPB3.4.3/NPB3.4-MPI/bin/mg.C.x"
1.4691494 W	2569842	"/home/boggy/ref_rapl/energy_exp_server/NPB3.4.3/NPB3.4-MPI/bin/mg.C.x"
1.1753196 W	2569821	"/home/boggy/ref_rapl/scaphandre/target/release/scaphandre"
------------------------------------------------------------

Host:	51.841739 W from 
	package 	core		dram		uncore
Socket0	44.062897 W |	38.42801 W	4.553876 W	0 W	

Top 5 consumers:
Power		PID	Exe
1.2960435 W	2569821	"/home/boggy/ref_rapl/scaphandre/target/release/scaphandre"
1.2960435 W	2569840	"/home/boggy/ref_rapl/energy_exp_server/NPB3.4.3/NPB3.4-MPI/bin/mg.C.x"
1.2960435 W	2569841	"/home/boggy/ref_rapl/energy_exp_server/NPB3.4.3/NPB3.4-MPI/bin/mg.C.x"
1.2960435 W	2569843	"/home/boggy/ref_rapl/energy_exp_server/NPB3.4.3/NPB3.4-MPI/bin/mg.C.x"
1.2960435 W	2569842	"/home/boggy/ref_rapl/energy_exp_server/NPB3.4.3/NPB3.4-MPI/bin/mg.C.x"
------------------------------------------------------------

Host:	58.003912 W from 
	package 	core		dram		uncore
Socket0	49.631397 W |	44.23992 W	4.486493 W	0 W	

Top 5 consumers:
Power		PID	Exe
1.4500978 W	2569840	"/home/boggy/ref_rapl/energy_exp_server/NPB3.4.3/NPB3.4-MPI/bin/mg.C.x"
1.4500978 W	2569841	"/home/boggy/ref_rapl/energy_exp_server/NPB3.4.3/NPB3.4-MPI/bin/mg.C.x"
1.0875734 W	2569821	"/home/boggy/ref_rapl/scaphandre/target/release/scaphandre"
1.0875734 W	2569843	"/home/boggy/ref_rapl/energy_exp_server/NPB3.4.3/NPB3.4-MPI/bin/mg.C.x"
1.0875734 W	2569842	"/home/boggy/ref_rapl/energy_exp_server/NPB3.4.3/NPB3.4-MPI/bin/mg.C.x"
------------------------------------------------------------

Host:	50.305014 W from 
	package 	core		dram		uncore
Socket0	51.068943 W |	46.21336 W	4.256997 W	0 W	

Top 5 consumers:
Power		PID	Exe
1.2576253 W	2569842	"/home/boggy/ref_rapl/energy_exp_server/NPB3.4.3/NPB3.4-MPI/bin/mg.C.x"
0.94321907 W	2569840	"/home/boggy/ref_rapl/energy_exp_server/NPB3.4.3/NPB3.4-MPI/bin/mg.C.x"
0.94321907 W	2569841	"/home/boggy/ref_rapl/energy_exp_server/NPB3.4.3/NPB3.4-MPI/bin/mg.C.x"
0.94321907 W	2569843	"/home/boggy/ref_rapl/energy_exp_server/NPB3.4.3/NPB3.4-MPI/bin/mg.C.x"
0.6288127 W	2569821	"/home/boggy/ref_rapl/scaphandre/target/release/scaphandre"
------------------------------------------------------------

Host:	52.116887 W from 
	package 	core		dram		uncore
Socket0	47.295425 W |	41.575253 W	4.618469 W	0 W	

Top 5 consumers:
Power		PID	Exe
1.3029221 W	2569843	"/home/boggy/ref_rapl/energy_exp_server/NPB3.4.3/NPB3.4-MPI/bin/mg.C.x"
0.9771917 W	2569821	"/home/boggy/ref_rapl/scaphandre/target/release/scaphandre"
0.9771917 W	2569840	"/home/boggy/ref_rapl/energy_exp_server/NPB3.4.3/NPB3.4-MPI/bin/mg.C.x"
0.9771917 W	2569841	"/home/boggy/ref_rapl/energy_exp_server/NPB3.4.3/NPB3.4-MPI/bin/mg.C.x"
0.9771917 W	2569842	"/home/boggy/ref_rapl/energy_exp_server/NPB3.4.3/NPB3.4-MPI/bin/mg.C.x"
------------------------------------------------------------

Host:	52.198036 W from 
	package 	core		dram		uncore
Socket0	46.02913 W |	41.592014 W	4.484546 W	0 W	

Top 5 consumers:
Power		PID	Exe
0.9787133 W	2569840	"/home/boggy/ref_rapl/energy_exp_server/NPB3.4.3/NPB3.4-MPI/bin/mg.C.x"
0.9787133 W	2569841	"/home/boggy/ref_rapl/energy_exp_server/NPB3.4.3/NPB3.4-MPI/bin/mg.C.x"
0.9787133 W	2569843	"/home/boggy/ref_rapl/energy_exp_server/NPB3.4.3/NPB3.4-MPI/bin/mg.C.x"
0.9787133 W	2569842	"/home/boggy/ref_rapl/energy_exp_server/NPB3.4.3/NPB3.4-MPI/bin/mg.C.x"
0.6524754 W	2569821	"/home/boggy/ref_rapl/scaphandre/target/release/scaphandre"
------------------------------------------------------------

Host:	52.929478 W from 
	package 	core		dram		uncore
Socket0	47.5642 W |	42.473396 W	4.796629 W	0 W	

Top 5 consumers:
Power		PID	Exe
1.323237 W	2569842	"/home/boggy/ref_rapl/energy_exp_server/NPB3.4.3/NPB3.4-MPI/bin/mg.C.x"
0.99242777 W	2569821	"/home/boggy/ref_rapl/scaphandre/target/release/scaphandre"
0.99242777 W	2569840	"/home/boggy/ref_rapl/energy_exp_server/NPB3.4.3/NPB3.4-MPI/bin/mg.C.x"
0.99242777 W	2569841	"/home/boggy/ref_rapl/energy_exp_server/NPB3.4.3/NPB3.4-MPI/bin/mg.C.x"
0.99242777 W	2569843	"/home/boggy/ref_rapl/energy_exp_server/NPB3.4.3/NPB3.4-MPI/bin/mg.C.x"
------------------------------------------------------------

Host:	54.351751 W from 
	package 	core		dram		uncore
Socket0	49.52261 W |	43.79576 W	4.686823 W	0 W	

Top 5 consumers:
Power		PID	Exe
0.8910123 W	2569840	"/home/boggy/ref_rapl/energy_exp_server/NPB3.4.3/NPB3.4-MPI/bin/mg.C.x"
0.8910123 W	2569841	"/home/boggy/ref_rapl/energy_exp_server/NPB3.4.3/NPB3.4-MPI/bin/mg.C.x"
0.8910123 W	2569843	"/home/boggy/ref_rapl/energy_exp_server/NPB3.4.3/NPB3.4-MPI/bin/mg.C.x"
0.8910123 W	2569842	"/home/boggy/ref_rapl/energy_exp_server/NPB3.4.3/NPB3.4-MPI/bin/mg.C.x"
0.5940082 W	2569821	"/home/boggy/ref_rapl/scaphandre/target/release/scaphandre"
------------------------------------------------------------

Host:	53.67134 W from 
	package 	core		dram		uncore
Socket0	49.140266 W |	43.698833 W	4.805596 W	0 W	

Top 5 consumers:
Power		PID	Exe
0.879858 W	2569821	"/home/boggy/ref_rapl/scaphandre/target/release/scaphandre"
0.879858 W	2569840	"/home/boggy/ref_rapl/energy_exp_server/NPB3.4.3/NPB3.4-MPI/bin/mg.C.x"
0.879858 W	2569841	"/home/boggy/ref_rapl/energy_exp_server/NPB3.4.3/NPB3.4-MPI/bin/mg.C.x"
0.879858 W	2569843	"/home/boggy/ref_rapl/energy_exp_server/NPB3.4.3/NPB3.4-MPI/bin/mg.C.x"
0.879858 W	2569842	"/home/boggy/ref_rapl/energy_exp_server/NPB3.4.3/NPB3.4-MPI/bin/mg.C.x"
------------------------------------------------------------

Host:	53.294751 W from 
	package 	core		dram		uncore
Socket0	47.85543 W |	43.787716 W	4.809675 W	0 W	

Top 5 consumers:
Power		PID	Exe
1.1649125 W	2569840	"/home/boggy/ref_rapl/energy_exp_server/NPB3.4.3/NPB3.4-MPI/bin/mg.C.x"
1.1649125 W	2569841	"/home/boggy/ref_rapl/energy_exp_server/NPB3.4.3/NPB3.4-MPI/bin/mg.C.x"
0.87368447 W	2569843	"/home/boggy/ref_rapl/energy_exp_server/NPB3.4.3/NPB3.4-MPI/bin/mg.C.x"
0.87368447 W	2569842	"/home/boggy/ref_rapl/energy_exp_server/NPB3.4.3/NPB3.4-MPI/bin/mg.C.x"
0.58245623 W	2569821	"/home/boggy/ref_rapl/scaphandre/target/release/scaphandre"
------------------------------------------------------------

Host:	53.02242 W from 
	package 	core		dram		uncore
Socket0	49.98659 W |	43.667866 W	4.75576 W	0 W	

Top 5 consumers:
Power		PID	Exe
0.86922 W	2569840	"/home/boggy/ref_rapl/energy_exp_server/NPB3.4.3/NPB3.4-MPI/bin/mg.C.x"
0.86922 W	2569841	"/home/boggy/ref_rapl/energy_exp_server/NPB3.4.3/NPB3.4-MPI/bin/mg.C.x"
0.86922 W	2569843	"/home/boggy/ref_rapl/energy_exp_server/NPB3.4.3/NPB3.4-MPI/bin/mg.C.x"
0.86922 W	2569842	"/home/boggy/ref_rapl/energy_exp_server/NPB3.4.3/NPB3.4-MPI/bin/mg.C.x"
0.57947993 W	2569821	"/home/boggy/ref_rapl/scaphandre/target/release/scaphandre"
------------------------------------------------------------

Host:	54.913779 W from 
	package 	core		dram		uncore
Socket0	48.5143 W |	43.91807 W	4.726125 W	0 W	

Top 5 consumers:
Power		PID	Exe
0.9002259 W	2569821	"/home/boggy/ref_rapl/scaphandre/target/release/scaphandre"
0.9002259 W	2569840	"/home/boggy/ref_rapl/energy_exp_server/NPB3.4.3/NPB3.4-MPI/bin/mg.C.x"
0.9002259 W	2569841	"/home/boggy/ref_rapl/energy_exp_server/NPB3.4.3/NPB3.4-MPI/bin/mg.C.x"
0.9002259 W	2569843	"/home/boggy/ref_rapl/energy_exp_server/NPB3.4.3/NPB3.4-MPI/bin/mg.C.x"
0.9002259 W	2569842	"/home/boggy/ref_rapl/energy_exp_server/NPB3.4.3/NPB3.4-MPI/bin/mg.C.x"
------------------------------------------------------------

Host:	51.562054 W from 
	package 	core		dram		uncore
Socket0	48.2161 W |	43.77936 W	4.860154 W	0 W	

Top 5 consumers:
Power		PID	Exe
1.1270394 W	2569843	"/home/boggy/ref_rapl/energy_exp_server/NPB3.4.3/NPB3.4-MPI/bin/mg.C.x"
0.8452796 W	2569840	"/home/boggy/ref_rapl/energy_exp_server/NPB3.4.3/NPB3.4-MPI/bin/mg.C.x"
0.8452796 W	2569841	"/home/boggy/ref_rapl/energy_exp_server/NPB3.4.3/NPB3.4-MPI/bin/mg.C.x"
0.8452796 W	2569842	"/home/boggy/ref_rapl/energy_exp_server/NPB3.4.3/NPB3.4-MPI/bin/mg.C.x"
0.5635197 W	2569821	"/home/boggy/ref_rapl/scaphandre/target/release/scaphandre"
------------------------------------------------------------

Host:	52.815561 W from 
	package 	core		dram		uncore
Socket0	48.732586 W |	42.677364 W	4.002197 W	0 W	

Top 5 consumers:
Power		PID	Exe
0.8658289 W	2569840	"/home/boggy/ref_rapl/energy_exp_server/NPB3.4.3/NPB3.4-MPI/bin/mg.C.x"
0.8658289 W	2569841	"/home/boggy/ref_rapl/energy_exp_server/NPB3.4.3/NPB3.4-MPI/bin/mg.C.x"
0.8658289 W	2569842	"/home/boggy/ref_rapl/energy_exp_server/NPB3.4.3/NPB3.4-MPI/bin/mg.C.x"
0.5772192 W	2569821	"/home/boggy/ref_rapl/scaphandre/target/release/scaphandre"
0.5772192 W	2569843	"/home/boggy/ref_rapl/energy_exp_server/NPB3.4.3/NPB3.4-MPI/bin/mg.C.x"
------------------------------------------------------------

Host:	56.575045 W from 
	package 	core		dram		uncore
Socket0	49.854935 W |	45.793663 W	3.999902 W	0 W	

Top 5 consumers:
Power		PID	Exe
0.9754318 W	2569840	"/home/boggy/ref_rapl/energy_exp_server/NPB3.4.3/NPB3.4-MPI/bin/mg.C.x"
0.9754318 W	2569841	"/home/boggy/ref_rapl/energy_exp_server/NPB3.4.3/NPB3.4-MPI/bin/mg.C.x"
0.9754318 W	2569843	"/home/boggy/ref_rapl/energy_exp_server/NPB3.4.3/NPB3.4-MPI/bin/mg.C.x"
0.9754318 W	2569842	"/home/boggy/ref_rapl/energy_exp_server/NPB3.4.3/NPB3.4-MPI/bin/mg.C.x"
0.65028787 W	2569821	"/home/boggy/ref_rapl/scaphandre/target/release/scaphandre"
------------------------------------------------------------

Host:	56.199326 W from 
	package 	core		dram		uncore
Socket0	51.963093 W |	46.25711 W	4.657929 W	0 W	

Top 5 consumers:
Power		PID	Exe
0.96895385 W	2569821	"/home/boggy/ref_rapl/scaphandre/target/release/scaphandre"
0.96895385 W	2569840	"/home/boggy/ref_rapl/energy_exp_server/NPB3.4.3/NPB3.4-MPI/bin/mg.C.x"
0.96895385 W	2569841	"/home/boggy/ref_rapl/energy_exp_server/NPB3.4.3/NPB3.4-MPI/bin/mg.C.x"
0.96895385 W	2569843	"/home/boggy/ref_rapl/energy_exp_server/NPB3.4.3/NPB3.4-MPI/bin/mg.C.x"
0.96895385 W	2569842	"/home/boggy/ref_rapl/energy_exp_server/NPB3.4.3/NPB3.4-MPI/bin/mg.C.x"
------------------------------------------------------------

Host:	56.479234 W from 
	package 	core		dram		uncore
Socket0	51.18895 W |	46.331207 W	4.575791 W	0 W	

Top 5 consumers:
Power		PID	Exe
0.97377986 W	2569840	"/home/boggy/ref_rapl/energy_exp_server/NPB3.4.3/NPB3.4-MPI/bin/mg.C.x"
0.97377986 W	2569841	"/home/boggy/ref_rapl/energy_exp_server/NPB3.4.3/NPB3.4-MPI/bin/mg.C.x"
0.97377986 W	2569843	"/home/boggy/ref_rapl/energy_exp_server/NPB3.4.3/NPB3.4-MPI/bin/mg.C.x"
0.97377986 W	2569842	"/home/boggy/ref_rapl/energy_exp_server/NPB3.4.3/NPB3.4-MPI/bin/mg.C.x"
0.64918655 W	2569821	"/home/boggy/ref_rapl/scaphandre/target/release/scaphandre"
------------------------------------------------------------

Host:	55.91562 W from 
	package 	core		dram		uncore
Socket0	51.873543 W |	46.158455 W	4.665547 W	0 W	

Top 5 consumers:
Power		PID	Exe
0.9640624 W	2569821	"/home/boggy/ref_rapl/scaphandre/target/release/scaphandre"
0.9640624 W	2569840	"/home/boggy/ref_rapl/energy_exp_server/NPB3.4.3/NPB3.4-MPI/bin/mg.C.x"
0.9640624 W	2569841	"/home/boggy/ref_rapl/energy_exp_server/NPB3.4.3/NPB3.4-MPI/bin/mg.C.x"
0.9640624 W	2569843	"/home/boggy/ref_rapl/energy_exp_server/NPB3.4.3/NPB3.4-MPI/bin/mg.C.x"
0.9640624 W	2569842	"/home/boggy/ref_rapl/energy_exp_server/NPB3.4.3/NPB3.4-MPI/bin/mg.C.x"
------------------------------------------------------------

Host:	54.280215 W from 
	package 	core		dram		uncore
Socket0	51.496048 W |	46.219154 W	4.608539 W	0 W	

Top 5 consumers:
Power		PID	Exe
0.93586576 W	2569840	"/home/boggy/ref_rapl/energy_exp_server/NPB3.4.3/NPB3.4-MPI/bin/mg.C.x"
0.93586576 W	2569841	"/home/boggy/ref_rapl/energy_exp_server/NPB3.4.3/NPB3.4-MPI/bin/mg.C.x"
0.93586576 W	2569843	"/home/boggy/ref_rapl/energy_exp_server/NPB3.4.3/NPB3.4-MPI/bin/mg.C.x"
0.93586576 W	2569842	"/home/boggy/ref_rapl/energy_exp_server/NPB3.4.3/NPB3.4-MPI/bin/mg.C.x"
0.6239105 W	2569821	"/home/boggy/ref_rapl/scaphandre/target/release/scaphandre"
------------------------------------------------------------

Host:	55.223456 W from 
	package 	core		dram		uncore
Socket0	49.894615 W |	46.335857 W	4.614559 W	0 W	

Top 5 consumers:
Power		PID	Exe
0.9521286 W	2569840	"/home/boggy/ref_rapl/energy_exp_server/NPB3.4.3/NPB3.4-MPI/bin/mg.C.x"
0.9521286 W	2569841	"/home/boggy/ref_rapl/energy_exp_server/NPB3.4.3/NPB3.4-MPI/bin/mg.C.x"
0.9521286 W	2569843	"/home/boggy/ref_rapl/energy_exp_server/NPB3.4.3/NPB3.4-MPI/bin/mg.C.x"
0.9521286 W	2569842	"/home/boggy/ref_rapl/energy_exp_server/NPB3.4.3/NPB3.4-MPI/bin/mg.C.x"
0.6347524 W	2569821	"/home/boggy/ref_rapl/scaphandre/target/release/scaphandre"
------------------------------------------------------------

Host:	53.106585 W from 
	package 	core		dram		uncore
Socket0	51.06581 W |	44.80713 W	4.468148 W	0 W	

Top 5 consumers:
Power		PID	Exe
0.91563076 W	2569821	"/home/boggy/ref_rapl/scaphandre/target/release/scaphandre"
0.91563076 W	2569840	"/home/boggy/ref_rapl/energy_exp_server/NPB3.4.3/NPB3.4-MPI/bin/mg.C.x"
0.91563076 W	2569841	"/home/boggy/ref_rapl/energy_exp_server/NPB3.4.3/NPB3.4-MPI/bin/mg.C.x"
0.91563076 W	2569843	"/home/boggy/ref_rapl/energy_exp_server/NPB3.4.3/NPB3.4-MPI/bin/mg.C.x"
0.91563076 W	2569842	"/home/boggy/ref_rapl/energy_exp_server/NPB3.4.3/NPB3.4-MPI/bin/mg.C.x"
------------------------------------------------------------

Host:	54.243843 W from 
	package 	core		dram		uncore
Socket0	47.456303 W |	43.09792 W	4.844821 W	0 W	

Top 5 consumers:
Power		PID	Exe
1.2688619 W	2569843	"/home/boggy/ref_rapl/energy_exp_server/NPB3.4.3/NPB3.4-MPI/bin/mg.C.x"
0.9516464 W	2569821	"/home/boggy/ref_rapl/scaphandre/target/release/scaphandre"
0.9516464 W	2569840	"/home/boggy/ref_rapl/energy_exp_server/NPB3.4.3/NPB3.4-MPI/bin/mg.C.x"
0.9516464 W	2569841	"/home/boggy/ref_rapl/energy_exp_server/NPB3.4.3/NPB3.4-MPI/bin/mg.C.x"
0.9516464 W	2569842	"/home/boggy/ref_rapl/energy_exp_server/NPB3.4.3/NPB3.4-MPI/bin/mg.C.x"
------------------------------------------------------------

Host:	53.34878 W from 
	package 	core		dram		uncore
Socket0	49.46806 W |	43.90703 W	4.667253 W	0 W	

Top 5 consumers:
Power		PID	Exe
1.2479248 W	2569842	"/home/boggy/ref_rapl/energy_exp_server/NPB3.4.3/NPB3.4-MPI/bin/mg.C.x"
0.9359435 W	2569840	"/home/boggy/ref_rapl/energy_exp_server/NPB3.4.3/NPB3.4-MPI/bin/mg.C.x"
0.9359435 W	2569841	"/home/boggy/ref_rapl/energy_exp_server/NPB3.4.3/NPB3.4-MPI/bin/mg.C.x"
0.9359435 W	2569843	"/home/boggy/ref_rapl/energy_exp_server/NPB3.4.3/NPB3.4-MPI/bin/mg.C.x"
0.6239624 W	2569821	"/home/boggy/ref_rapl/scaphandre/target/release/scaphandre"
------------------------------------------------------------

Host:	54.740799 W from 
	package 	core		dram		uncore
Socket0	48.864296 W |	44.170017 W	4.888789 W	0 W	

Top 5 consumers:
Power		PID	Exe
0.9603649 W	2569840	"/home/boggy/ref_rapl/energy_exp_server/NPB3.4.3/NPB3.4-MPI/bin/mg.C.x"
0.9603649 W	2569841	"/home/boggy/ref_rapl/energy_exp_server/NPB3.4.3/NPB3.4-MPI/bin/mg.C.x"
0.9603649 W	2569843	"/home/boggy/ref_rapl/energy_exp_server/NPB3.4.3/NPB3.4-MPI/bin/mg.C.x"
0.9603649 W	2569842	"/home/boggy/ref_rapl/energy_exp_server/NPB3.4.3/NPB3.4-MPI/bin/mg.C.x"
0.6402433 W	2569821	"/home/boggy/ref_rapl/scaphandre/target/release/scaphandre"
------------------------------------------------------------

Host:	54.059261 W from 
	package 	core		dram		uncore
Socket0	49.50439 W |	43.867023 W	4.671719 W	0 W	

Top 5 consumers:
Power		PID	Exe
0.94840807 W	2569821	"/home/boggy/ref_rapl/scaphandre/target/release/scaphandre"
0.94840807 W	2569840	"/home/boggy/ref_rapl/energy_exp_server/NPB3.4.3/NPB3.4-MPI/bin/mg.C.x"
0.94840807 W	2569841	"/home/boggy/ref_rapl/energy_exp_server/NPB3.4.3/NPB3.4-MPI/bin/mg.C.x"
0.94840807 W	2569843	"/home/boggy/ref_rapl/energy_exp_server/NPB3.4.3/NPB3.4-MPI/bin/mg.C.x"
0.94840807 W	2569842	"/home/boggy/ref_rapl/energy_exp_server/NPB3.4.3/NPB3.4-MPI/bin/mg.C.x"
------------------------------------------------------------

Host:	54.335585 W from 
	package 	core		dram		uncore
Socket0	49.61964 W |	43.82272 W	4.847016 W	0 W	

Top 5 consumers:
Power		PID	Exe
1.2710079 W	2569840	"/home/boggy/ref_rapl/energy_exp_server/NPB3.4.3/NPB3.4-MPI/bin/mg.C.x"
1.2710079 W	2569841	"/home/boggy/ref_rapl/energy_exp_server/NPB3.4.3/NPB3.4-MPI/bin/mg.C.x"
0.9532559 W	2569843	"/home/boggy/ref_rapl/energy_exp_server/NPB3.4.3/NPB3.4-MPI/bin/mg.C.x"
0.9532559 W	2569842	"/home/boggy/ref_rapl/energy_exp_server/NPB3.4.3/NPB3.4-MPI/bin/mg.C.x"
0.63550395 W	2569821	"/home/boggy/ref_rapl/scaphandre/target/release/scaphandre"
------------------------------------------------------------

Host:	52.898259 W from 
	package 	core		dram		uncore
Socket0	47.879726 W |	43.95492 W	4.801553 W	0 W	

Top 5 consumers:
Power		PID	Exe
0.9280396 W	2569840	"/home/boggy/ref_rapl/energy_exp_server/NPB3.4.3/NPB3.4-MPI/bin/mg.C.x"
0.9280396 W	2569841	"/home/boggy/ref_rapl/energy_exp_server/NPB3.4.3/NPB3.4-MPI/bin/mg.C.x"
0.9280396 W	2569843	"/home/boggy/ref_rapl/energy_exp_server/NPB3.4.3/NPB3.4-MPI/bin/mg.C.x"
0.9280396 W	2569842	"/home/boggy/ref_rapl/energy_exp_server/NPB3.4.3/NPB3.4-MPI/bin/mg.C.x"
0.6186931 W	2569821	"/home/boggy/ref_rapl/scaphandre/target/release/scaphandre"
------------------------------------------------------------

Host:	52.257786 W from 
	package 	core		dram		uncore
Socket0	48.593018 W |	43.31634 W	4.757707 W	0 W	

Top 5 consumers:
Power		PID	Exe
1.2224044 W	2569843	"/home/boggy/ref_rapl/energy_exp_server/NPB3.4.3/NPB3.4-MPI/bin/mg.C.x"
0.91680324 W	2569821	"/home/boggy/ref_rapl/scaphandre/target/release/scaphandre"
0.91680324 W	2569840	"/home/boggy/ref_rapl/energy_exp_server/NPB3.4.3/NPB3.4-MPI/bin/mg.C.x"
0.91680324 W	2569841	"/home/boggy/ref_rapl/energy_exp_server/NPB3.4.3/NPB3.4-MPI/bin/mg.C.x"
0.91680324 W	2569842	"/home/boggy/ref_rapl/energy_exp_server/NPB3.4.3/NPB3.4-MPI/bin/mg.C.x"
------------------------------------------------------------

Host:	51.88812 W from 
	package 	core		dram		uncore
Socket0	48.123676 W |	42.89273 W	4.12747 W	0 W	

Top 5 consumers:
Power		PID	Exe
1.1726129 W	2569842	"/home/boggy/ref_rapl/energy_exp_server/NPB3.4.3/NPB3.4-MPI/bin/mg.C.x"
0.8794597 W	2569821	"/home/boggy/ref_rapl/scaphandre/target/release/scaphandre"
0.8794597 W	2569840	"/home/boggy/ref_rapl/energy_exp_server/NPB3.4.3/NPB3.4-MPI/bin/mg.C.x"
0.8794597 W	2569841	"/home/boggy/ref_rapl/energy_exp_server/NPB3.4.3/NPB3.4-MPI/bin/mg.C.x"
0.8794597 W	2569843	"/home/boggy/ref_rapl/energy_exp_server/NPB3.4.3/NPB3.4-MPI/bin/mg.C.x"
------------------------------------------------------------

Host:	52.968198 W from 
	package 	core		dram		uncore
Socket0	47.346554 W |	42.66593 W	4.765071 W	0 W	

Top 5 consumers:
Power		PID	Exe
0.89776605 W	2569840	"/home/boggy/ref_rapl/energy_exp_server/NPB3.4.3/NPB3.4-MPI/bin/mg.C.x"
0.89776605 W	2569841	"/home/boggy/ref_rapl/energy_exp_server/NPB3.4.3/NPB3.4-MPI/bin/mg.C.x"
0.89776605 W	2569843	"/home/boggy/ref_rapl/energy_exp_server/NPB3.4.3/NPB3.4-MPI/bin/mg.C.x"
0.89776605 W	2569842	"/home/boggy/ref_rapl/energy_exp_server/NPB3.4.3/NPB3.4-MPI/bin/mg.C.x"
0.5985107 W	2569821	"/home/boggy/ref_rapl/scaphandre/target/release/scaphandre"
------------------------------------------------------------

Host:	48.180643 W from 
	package 	core		dram		uncore
Socket0	47.853745 W |	41.897255 W	4.521256 W	0 W	

Top 5 consumers:
Power		PID	Exe
1.0888281 W	2569840	"/home/boggy/ref_rapl/energy_exp_server/NPB3.4.3/NPB3.4-MPI/bin/mg.C.x"
1.0888281 W	2569841	"/home/boggy/ref_rapl/energy_exp_server/NPB3.4.3/NPB3.4-MPI/bin/mg.C.x"
0.81662107 W	2569821	"/home/boggy/ref_rapl/scaphandre/target/release/scaphandre"
0.81662107 W	2569843	"/home/boggy/ref_rapl/energy_exp_server/NPB3.4.3/NPB3.4-MPI/bin/mg.C.x"
0.81662107 W	2569842	"/home/boggy/ref_rapl/energy_exp_server/NPB3.4.3/NPB3.4-MPI/bin/mg.C.x"
------------------------------------------------------------

Host:	47.101584 W from 
	package 	core		dram		uncore
Socket0	43.02961 W |	37.917187 W	4.479686 W	0 W	

Top 5 consumers:
Power		PID	Exe
1.5966638 W	2569821	"/home/boggy/ref_rapl/scaphandre/target/release/scaphandre"
1.3305532 W	2569843	"/home/boggy/ref_rapl/energy_exp_server/NPB3.4.3/NPB3.4-MPI/bin/mg.C.x"
1.0644426 W	2569840	"/home/boggy/ref_rapl/energy_exp_server/NPB3.4.3/NPB3.4-MPI/bin/mg.C.x"
1.0644426 W	2569841	"/home/boggy/ref_rapl/energy_exp_server/NPB3.4.3/NPB3.4-MPI/bin/mg.C.x"
0.26611066 W	1335	""
------------------------------------------------------------

Host:	46.619082 W from 
	package 	core		dram		uncore
Socket0	41.678783 W |	36.93391 W	4.615207 W	0 W	

Top 5 consumers:
Power		PID	Exe
2.1070774 W	2569840	"/home/boggy/ref_rapl/energy_exp_server/NPB3.4.3/NPB3.4-MPI/bin/mg.C.x"
2.1070774 W	2569841	"/home/boggy/ref_rapl/energy_exp_server/NPB3.4.3/NPB3.4-MPI/bin/mg.C.x"
2.1070774 W	2569843	"/home/boggy/ref_rapl/energy_exp_server/NPB3.4.3/NPB3.4-MPI/bin/mg.C.x"
2.1070774 W	2569842	"/home/boggy/ref_rapl/energy_exp_server/NPB3.4.3/NPB3.4-MPI/bin/mg.C.x"
1.3169231 W	2569821	"/home/boggy/ref_rapl/scaphandre/target/release/scaphandre"
------------------------------------------------------------

Host:	54.207815 W from 
	package 	core		dram		uncore
Socket0	43.06228 W |	38.02299 W	4.601057 W	0 W	

Top 5 consumers:
Power		PID	Exe
1.6101332 W	2569840	"/home/boggy/ref_rapl/energy_exp_server/NPB3.4.3/NPB3.4-MPI/bin/mg.C.x"
1.6101332 W	2569841	"/home/boggy/ref_rapl/energy_exp_server/NPB3.4.3/NPB3.4-MPI/bin/mg.C.x"
1.6101332 W	2569843	"/home/boggy/ref_rapl/energy_exp_server/NPB3.4.3/NPB3.4-MPI/bin/mg.C.x"
1.6101332 W	2569842	"/home/boggy/ref_rapl/energy_exp_server/NPB3.4.3/NPB3.4-MPI/bin/mg.C.x"
0.53671104 W	2569821	"/home/boggy/ref_rapl/scaphandre/target/release/scaphandre"
------------------------------------------------------------

Host:	49.721798 W from 
	package 	core		dram		uncore
Socket0	49.551155 W |	44.257034 W	4.455884 W	0 W	

Top 5 consumers:
Power		PID	Exe
1.4768851 W	2569840	"/home/boggy/ref_rapl/energy_exp_server/NPB3.4.3/NPB3.4-MPI/bin/mg.C.x"
1.4768851 W	2569841	"/home/boggy/ref_rapl/energy_exp_server/NPB3.4.3/NPB3.4-MPI/bin/mg.C.x"
1.4768851 W	2569843	"/home/boggy/ref_rapl/energy_exp_server/NPB3.4.3/NPB3.4-MPI/bin/mg.C.x"
1.2307376 W	2569842	"/home/boggy/ref_rapl/energy_exp_server/NPB3.4.3/NPB3.4-MPI/bin/mg.C.x"
0.73844254 W	2569821	"/home/boggy/ref_rapl/scaphandre/target/release/scaphandre"
------------------------------------------------------------

Host:	51.7689 W from 
	package 	core		dram		uncore
Socket0	45.19296 W |	40.127144 W	4.612632 W	0 W	

Top 5 consumers:
Power		PID	Exe
1.5376902 W	2569841	"/home/boggy/ref_rapl/energy_exp_server/NPB3.4.3/NPB3.4-MPI/bin/mg.C.x"
1.5376902 W	2569842	"/home/boggy/ref_rapl/energy_exp_server/NPB3.4.3/NPB3.4-MPI/bin/mg.C.x"
1.2814085 W	2569840	"/home/boggy/ref_rapl/energy_exp_server/NPB3.4.3/NPB3.4-MPI/bin/mg.C.x"
1.2814085 W	2569843	"/home/boggy/ref_rapl/energy_exp_server/NPB3.4.3/NPB3.4-MPI/bin/mg.C.x"
0.51256335 W	2569821	"/home/boggy/ref_rapl/scaphandre/target/release/scaphandre"
------------------------------------------------------------

Host:	52.32719 W from 
	package 	core		dram		uncore
Socket0	47.5212 W |	42.036613 W	4.693561 W	0 W	

Top 5 consumers:
Power		PID	Exe
1.554273 W	2569840	"/home/boggy/ref_rapl/energy_exp_server/NPB3.4.3/NPB3.4-MPI/bin/mg.C.x"
1.554273 W	2569843	"/home/boggy/ref_rapl/energy_exp_server/NPB3.4.3/NPB3.4-MPI/bin/mg.C.x"
1.554273 W	2569842	"/home/boggy/ref_rapl/energy_exp_server/NPB3.4.3/NPB3.4-MPI/bin/mg.C.x"
1.2952275 W	2569841	"/home/boggy/ref_rapl/energy_exp_server/NPB3.4.3/NPB3.4-MPI/bin/mg.C.x"
0.7771365 W	2569821	"/home/boggy/ref_rapl/scaphandre/target/release/scaphandre"
------------------------------------------------------------

Host:	52.115912 W from 
	package 	core		dram		uncore
Socket0	47.610554 W |	42.359276 W	4.789679 W	0 W	

Top 5 consumers:
Power		PID	Exe
1.7087184 W	2569840	"/home/boggy/ref_rapl/energy_exp_server/NPB3.4.3/NPB3.4-MPI/bin/mg.C.x"
1.7087184 W	2569841	"/home/boggy/ref_rapl/energy_exp_server/NPB3.4.3/NPB3.4-MPI/bin/mg.C.x"
1.7087184 W	2569843	"/home/boggy/ref_rapl/energy_exp_server/NPB3.4.3/NPB3.4-MPI/bin/mg.C.x"
1.423932 W	2569842	"/home/boggy/ref_rapl/energy_exp_server/NPB3.4.3/NPB3.4-MPI/bin/mg.C.x"
0.8543592 W	2569821	"/home/boggy/ref_rapl/scaphandre/target/release/scaphandre"
------------------------------------------------------------

Host:	52.32808 W from 
	package 	core		dram		uncore
Socket0	47.529655 W |	42.227657 W	4.784792 W	0 W	

Top 5 consumers:
Power		PID	Exe
1.7156748 W	2569840	"/home/boggy/ref_rapl/energy_exp_server/NPB3.4.3/NPB3.4-MPI/bin/mg.C.x"
1.7156748 W	2569841	"/home/boggy/ref_rapl/energy_exp_server/NPB3.4.3/NPB3.4-MPI/bin/mg.C.x"
1.7156748 W	2569843	"/home/boggy/ref_rapl/energy_exp_server/NPB3.4.3/NPB3.4-MPI/bin/mg.C.x"
1.7156748 W	2569842	"/home/boggy/ref_rapl/energy_exp_server/NPB3.4.3/NPB3.4-MPI/bin/mg.C.x"
0.57189155 W	2569821	"/home/boggy/ref_rapl/scaphandre/target/release/scaphandre"
------------------------------------------------------------

Host:	52.666881 W from 
	package 	core		dram		uncore
Socket0	46.175926 W |	41.406807 W	4.811601 W	0 W	

Top 5 consumers:
Power		PID	Exe
1.7267829 W	2569840	"/home/boggy/ref_rapl/energy_exp_server/NPB3.4.3/NPB3.4-MPI/bin/mg.C.x"
1.7267829 W	2569841	"/home/boggy/ref_rapl/energy_exp_server/NPB3.4.3/NPB3.4-MPI/bin/mg.C.x"
1.7267829 W	2569842	"/home/boggy/ref_rapl/energy_exp_server/NPB3.4.3/NPB3.4-MPI/bin/mg.C.x"
1.4389858 W	2569843	"/home/boggy/ref_rapl/energy_exp_server/NPB3.4.3/NPB3.4-MPI/bin/mg.C.x"
0.86339146 W	2569821	"/home/boggy/ref_rapl/scaphandre/target/release/scaphandre"
------------------------------------------------------------

Host:	53.856347 W from 
	package 	core		dram		uncore
Socket0	49.755478 W |	44.31857 W	4.381114 W	0 W	

Top 5 consumers:
Power		PID	Exe
1.7657819 W	2569843	"/home/boggy/ref_rapl/energy_exp_server/NPB3.4.3/NPB3.4-MPI/bin/mg.C.x"
1.7657819 W	2569842	"/home/boggy/ref_rapl/energy_exp_server/NPB3.4.3/NPB3.4-MPI/bin/mg.C.x"
1.4714849 W	2569840	"/home/boggy/ref_rapl/energy_exp_server/NPB3.4.3/NPB3.4-MPI/bin/mg.C.x"
1.4714849 W	2569841	"/home/boggy/ref_rapl/energy_exp_server/NPB3.4.3/NPB3.4-MPI/bin/mg.C.x"
0.58859396 W	2569821	"/home/boggy/ref_rapl/scaphandre/target/release/scaphandre"
------------------------------------------------------------

Host:	55.14198 W from 
	package 	core		dram		uncore
Socket0	49.401512 W |	44.68044 W	4.57437 W	0 W	

Top 5 consumers:
Power		PID	Exe
1.8079338 W	2569840	"/home/boggy/ref_rapl/energy_exp_server/NPB3.4.3/NPB3.4-MPI/bin/mg.C.x"
1.8079338 W	2569841	"/home/boggy/ref_rapl/energy_exp_server/NPB3.4.3/NPB3.4-MPI/bin/mg.C.x"
1.5066115 W	2569843	"/home/boggy/ref_rapl/energy_exp_server/NPB3.4.3/NPB3.4-MPI/bin/mg.C.x"
1.5066115 W	2569842	"/home/boggy/ref_rapl/energy_exp_server/NPB3.4.3/NPB3.4-MPI/bin/mg.C.x"
0.60264456 W	2569821	"/home/boggy/ref_rapl/scaphandre/target/release/scaphandre"
------------------------------------------------------------

Host:	52.300808 W from 
	package 	core		dram		uncore
Socket0	50.381927 W |	44.828968 W	4.658009 W	0 W	

Top 5 consumers:
Power		PID	Exe
1.7147804 W	2569843	"/home/boggy/ref_rapl/energy_exp_server/NPB3.4.3/NPB3.4-MPI/bin/mg.C.x"
1.4289839 W	2569840	"/home/boggy/ref_rapl/energy_exp_server/NPB3.4.3/NPB3.4-MPI/bin/mg.C.x"
1.4289839 W	2569841	"/home/boggy/ref_rapl/energy_exp_server/NPB3.4.3/NPB3.4-MPI/bin/mg.C.x"
1.4289839 W	2569842	"/home/boggy/ref_rapl/energy_exp_server/NPB3.4.3/NPB3.4-MPI/bin/mg.C.x"
0.5715935 W	2569821	"/home/boggy/ref_rapl/scaphandre/target/release/scaphandre"
------------------------------------------------------------

Host:	52.020824 W from 
	package 	core		dram		uncore
Socket0	46.98649 W |	41.946243 W	4.601935 W	0 W	

Top 5 consumers:
Power		PID	Exe
1.9898676 W	2569841	"/home/boggy/ref_rapl/energy_exp_server/NPB3.4.3/NPB3.4-MPI/bin/mg.C.x"
1.7056007 W	2569840	"/home/boggy/ref_rapl/energy_exp_server/NPB3.4.3/NPB3.4-MPI/bin/mg.C.x"
1.7056007 W	2569842	"/home/boggy/ref_rapl/energy_exp_server/NPB3.4.3/NPB3.4-MPI/bin/mg.C.x"
1.421334 W	2569843	"/home/boggy/ref_rapl/energy_exp_server/NPB3.4.3/NPB3.4-MPI/bin/mg.C.x"
0.85280037 W	2569821	"/home/boggy/ref_rapl/scaphandre/target/release/scaphandre"
------------------------------------------------------------

Host:	55.205649 W from 
	package 	core		dram		uncore
Socket0	49.008186 W |	45.11602 W	4.866328 W	0 W	

Top 5 consumers:
Power		PID	Exe
0.6033404 W	2569821	"/home/boggy/ref_rapl/scaphandre/target/release/scaphandre"
0.6033404 W	2569840	"/home/boggy/ref_rapl/energy_exp_server/NPB3.4.3/NPB3.4-MPI/bin/mg.C.x"
0.6033404 W	2569841	"/home/boggy/ref_rapl/energy_exp_server/NPB3.4.3/NPB3.4-MPI/bin/mg.C.x"
0.6033404 W	2569843	"/home/boggy/ref_rapl/energy_exp_server/NPB3.4.3/NPB3.4-MPI/bin/mg.C.x"
0.6033404 W	2569842	"/home/boggy/ref_rapl/energy_exp_server/NPB3.4.3/NPB3.4-MPI/bin/mg.C.x"
------------------------------------------------------------

Host:	55.721386 W from 
	package 	core		dram		uncore
Socket0	50.874664 W |	45.27344 W	4.622598 W	0 W	

Top 5 consumers:
Power		PID	Exe
0.9134653 W	2569821	"/home/boggy/ref_rapl/scaphandre/target/release/scaphandre"
0.9134653 W	2569843	"/home/boggy/ref_rapl/energy_exp_server/NPB3.4.3/NPB3.4-MPI/bin/mg.C.x"
0.6089769 W	2569840	"/home/boggy/ref_rapl/energy_exp_server/NPB3.4.3/NPB3.4-MPI/bin/mg.C.x"
0.6089769 W	2569841	"/home/boggy/ref_rapl/energy_exp_server/NPB3.4.3/NPB3.4-MPI/bin/mg.C.x"
0.6089769 W	2569842	"/home/boggy/ref_rapl/energy_exp_server/NPB3.4.3/NPB3.4-MPI/bin/mg.C.x"
------------------------------------------------------------

Host:	55.678256 W from 
	package 	core		dram		uncore
Socket0	50.37122 W |	45.336 W	4.779426 W	0 W	

Top 5 consumers:
Power		PID	Exe
0.91275823 W	2569842	"/home/boggy/ref_rapl/energy_exp_server/NPB3.4.3/NPB3.4-MPI/bin/mg.C.x"
0.6085055 W	2569821	"/home/boggy/ref_rapl/scaphandre/target/release/scaphandre"
0.6085055 W	2569840	"/home/boggy/ref_rapl/energy_exp_server/NPB3.4.3/NPB3.4-MPI/bin/mg.C.x"
0.6085055 W	2569841	"/home/boggy/ref_rapl/energy_exp_server/NPB3.4.3/NPB3.4-MPI/bin/mg.C.x"
0.6085055 W	2569843	"/home/boggy/ref_rapl/energy_exp_server/NPB3.4.3/NPB3.4-MPI/bin/mg.C.x"
------------------------------------------------------------

Host:	54.460223 W from 
	package 	core		dram		uncore
Socket0	49.282604 W |	45.133633 W	4.887455 W	0 W	

Top 5 consumers:
Power		PID	Exe
1.0211293 W	2569821	"/home/boggy/ref_rapl/scaphandre/target/release/scaphandre"
1.0211293 W	2569840	"/home/boggy/ref_rapl/energy_exp_server/NPB3.4.3/NPB3.4-MPI/bin/mg.C.x"
1.0211293 W	2569841	"/home/boggy/ref_rapl/energy_exp_server/NPB3.4.3/NPB3.4-MPI/bin/mg.C.x"
0.6807528 W	2569843	"/home/boggy/ref_rapl/energy_exp_server/NPB3.4.3/NPB3.4-MPI/bin/mg.C.x"
0.6807528 W	2569842	"/home/boggy/ref_rapl/energy_exp_server/NPB3.4.3/NPB3.4-MPI/bin/mg.C.x"
------------------------------------------------------------

Host:	54.281973 W from 
	package 	core		dram		uncore
Socket0	51.817417 W |	45.131027 W	4.7267 W	0 W	

Top 5 consumers:
Power		PID	Exe
1.0177871 W	2569821	"/home/boggy/ref_rapl/scaphandre/target/release/scaphandre"
1.0177871 W	2569840	"/home/boggy/ref_rapl/energy_exp_server/NPB3.4.3/NPB3.4-MPI/bin/mg.C.x"
1.0177871 W	2569841	"/home/boggy/ref_rapl/energy_exp_server/NPB3.4.3/NPB3.4-MPI/bin/mg.C.x"
1.0177871 W	2569843	"/home/boggy/ref_rapl/energy_exp_server/NPB3.4.3/NPB3.4-MPI/bin/mg.C.x"
1.0177871 W	2569842	"/home/boggy/ref_rapl/energy_exp_server/NPB3.4.3/NPB3.4-MPI/bin/mg.C.x"
------------------------------------------------------------

Host:	54.060797 W from 
	package 	core		dram		uncore
Socket0	49.02709 W |	43.863125 W	4.777893 W	0 W	

Top 5 consumers:
Power		PID	Exe
1.3515198 W	2569843	"/home/boggy/ref_rapl/energy_exp_server/NPB3.4.3/NPB3.4-MPI/bin/mg.C.x"
1.01364 W	2569840	"/home/boggy/ref_rapl/energy_exp_server/NPB3.4.3/NPB3.4-MPI/bin/mg.C.x"
1.01364 W	2569841	"/home/boggy/ref_rapl/energy_exp_server/NPB3.4.3/NPB3.4-MPI/bin/mg.C.x"
1.01364 W	2569842	"/home/boggy/ref_rapl/energy_exp_server/NPB3.4.3/NPB3.4-MPI/bin/mg.C.x"
0.6757599 W	2569821	"/home/boggy/ref_rapl/scaphandre/target/release/scaphandre"
------------------------------------------------------------

Host:	51.060519 W from 
	package 	core		dram		uncore
Socket0	47.952415 W |	42.784187 W	4.769679 W	0 W	

Top 5 consumers:
Power		PID	Exe
0.9573848 W	2569840	"/home/boggy/ref_rapl/energy_exp_server/NPB3.4.3/NPB3.4-MPI/bin/mg.C.x"
0.9573848 W	2569841	"/home/boggy/ref_rapl/energy_exp_server/NPB3.4.3/NPB3.4-MPI/bin/mg.C.x"
0.9573848 W	2569843	"/home/boggy/ref_rapl/energy_exp_server/NPB3.4.3/NPB3.4-MPI/bin/mg.C.x"
0.9573848 W	2569842	"/home/boggy/ref_rapl/energy_exp_server/NPB3.4.3/NPB3.4-MPI/bin/mg.C.x"
0.6382565 W	2569821	"/home/boggy/ref_rapl/scaphandre/target/release/scaphandre"
------------------------------------------------------------

Host:	52.824694 W from 
	package 	core		dram		uncore
Socket0	47.658134 W |	43.61908 W	4.106382 W	0 W	

Top 5 consumers:
Power		PID	Exe
1.3206173 W	2569840	"/home/boggy/ref_rapl/energy_exp_server/NPB3.4.3/NPB3.4-MPI/bin/mg.C.x"
0.9904631 W	2569841	"/home/boggy/ref_rapl/energy_exp_server/NPB3.4.3/NPB3.4-MPI/bin/mg.C.x"
0.9904631 W	2569843	"/home/boggy/ref_rapl/energy_exp_server/NPB3.4.3/NPB3.4-MPI/bin/mg.C.x"
0.9904631 W	2569842	"/home/boggy/ref_rapl/energy_exp_server/NPB3.4.3/NPB3.4-MPI/bin/mg.C.x"
0.66030866 W	2569821	"/home/boggy/ref_rapl/scaphandre/target/release/scaphandre"
------------------------------------------------------------

Host:	51.295033 W from 
	package 	core		dram		uncore
Socket0	48.15479 W |	42.471622 W	4.586074 W	0 W	

Top 5 consumers:
Power		PID	Exe
0.9617819 W	2569821	"/home/boggy/ref_rapl/scaphandre/target/release/scaphandre"
0.9617819 W	2569840	"/home/boggy/ref_rapl/energy_exp_server/NPB3.4.3/NPB3.4-MPI/bin/mg.C.x"
0.9617819 W	2569841	"/home/boggy/ref_rapl/energy_exp_server/NPB3.4.3/NPB3.4-MPI/bin/mg.C.x"
0.9617819 W	2569843	"/home/boggy/ref_rapl/energy_exp_server/NPB3.4.3/NPB3.4-MPI/bin/mg.C.x"
0.9617819 W	2569842	"/home/boggy/ref_rapl/energy_exp_server/NPB3.4.3/NPB3.4-MPI/bin/mg.C.x"
------------------------------------------------------------

Host:	49.082594 W from 
	package 	core		dram		uncore
Socket0	47.010952 W |	42.239735 W	4.61552 W	0 W	

Top 5 consumers:
Power		PID	Exe
1.2270648 W	2569841	"/home/boggy/ref_rapl/energy_exp_server/NPB3.4.3/NPB3.4-MPI/bin/mg.C.x"
1.2270648 W	2569842	"/home/boggy/ref_rapl/energy_exp_server/NPB3.4.3/NPB3.4-MPI/bin/mg.C.x"
0.9202987 W	2569840	"/home/boggy/ref_rapl/energy_exp_server/NPB3.4.3/NPB3.4-MPI/bin/mg.C.x"
0.9202987 W	2569843	"/home/boggy/ref_rapl/energy_exp_server/NPB3.4.3/NPB3.4-MPI/bin/mg.C.x"
0.6135324 W	2569821	"/home/boggy/ref_rapl/scaphandre/target/release/scaphandre"
------------------------------------------------------------

Host:	47.015858 W from 
	package 	core		dram		uncore
Socket0	43.72489 W |	38.193855 W	4.446508 W	0 W	

Top 5 consumers:
Power		PID	Exe
1.6964483 W	2569821	"/home/boggy/ref_rapl/scaphandre/target/release/scaphandre"
1.4540986 W	2569840	"/home/boggy/ref_rapl/energy_exp_server/NPB3.4.3/NPB3.4-MPI/bin/mg.C.x"
1.2117488 W	2569841	"/home/boggy/ref_rapl/energy_exp_server/NPB3.4.3/NPB3.4-MPI/bin/mg.C.x"
1.2117488 W	2569843	"/home/boggy/ref_rapl/energy_exp_server/NPB3.4.3/NPB3.4-MPI/bin/mg.C.x"
1.2117488 W	2569842	"/home/boggy/ref_rapl/energy_exp_server/NPB3.4.3/NPB3.4-MPI/bin/mg.C.x"
------------------------------------------------------------

Host:	47.49534 W from 
	package 	core		dram		uncore
Socket0	41.104084 W |	36.600365 W	4.594259 W	0 W	

Top 5 consumers:
Power		PID	Exe
1.2241068 W	2569840	"/home/boggy/ref_rapl/energy_exp_server/NPB3.4.3/NPB3.4-MPI/bin/mg.C.x"
1.2241068 W	2569841	"/home/boggy/ref_rapl/energy_exp_server/NPB3.4.3/NPB3.4-MPI/bin/mg.C.x"
1.2241068 W	2569843	"/home/boggy/ref_rapl/energy_exp_server/NPB3.4.3/NPB3.4-MPI/bin/mg.C.x"
1.2241068 W	2569842	"/home/boggy/ref_rapl/energy_exp_server/NPB3.4.3/NPB3.4-MPI/bin/mg.C.x"
0.9792853 W	2569821	"/home/boggy/ref_rapl/scaphandre/target/release/scaphandre"
------------------------------------------------------------

Host:	51.374449 W from 
	package 	core		dram		uncore
Socket0	43.7805 W |	37.923065 W	4.512038 W	0 W	

Top 5 consumers:
Power		PID	Exe
1.3240838 W	2569843	"/home/boggy/ref_rapl/energy_exp_server/NPB3.4.3/NPB3.4-MPI/bin/mg.C.x"
1.0592669 W	2569840	"/home/boggy/ref_rapl/energy_exp_server/NPB3.4.3/NPB3.4-MPI/bin/mg.C.x"
1.0592669 W	2569841	"/home/boggy/ref_rapl/energy_exp_server/NPB3.4.3/NPB3.4-MPI/bin/mg.C.x"
1.0592669 W	2569842	"/home/boggy/ref_rapl/energy_exp_server/NPB3.4.3/NPB3.4-MPI/bin/mg.C.x"
0.7944502 W	2569821	"/home/boggy/ref_rapl/scaphandre/target/release/scaphandre"
------------------------------------------------------------

Host:	55.050867 W from 
	package 	core		dram		uncore
Socket0	49.95456 W |	45.238144 W	4.477132 W	0 W	

Top 5 consumers:
Power		PID	Exe
1.1350694 W	2569842	"/home/boggy/ref_rapl/energy_exp_server/NPB3.4.3/NPB3.4-MPI/bin/mg.C.x"
0.8513021 W	2569840	"/home/boggy/ref_rapl/energy_exp_server/NPB3.4.3/NPB3.4-MPI/bin/mg.C.x"
0.8513021 W	2569841	"/home/boggy/ref_rapl/energy_exp_server/NPB3.4.3/NPB3.4-MPI/bin/mg.C.x"
0.8513021 W	2569843	"/home/boggy/ref_rapl/energy_exp_server/NPB3.4.3/NPB3.4-MPI/bin/mg.C.x"
0.5675347 W	2569821	"/home/boggy/ref_rapl/scaphandre/target/release/scaphandre"
------------------------------------------------------------

Host:	51.967384 W from 
	package 	core		dram		uncore
Socket0	51.26077 W |	45.56857 W	4.465345 W	0 W	

Top 5 consumers:
Power		PID	Exe
1.0714924 W	2569840	"/home/boggy/ref_rapl/energy_exp_server/NPB3.4.3/NPB3.4-MPI/bin/mg.C.x"
1.0714924 W	2569841	"/home/boggy/ref_rapl/energy_exp_server/NPB3.4.3/NPB3.4-MPI/bin/mg.C.x"
0.8036193 W	2569821	"/home/boggy/ref_rapl/scaphandre/target/release/scaphandre"
0.8036193 W	2569843	"/home/boggy/ref_rapl/energy_exp_server/NPB3.4.3/NPB3.4-MPI/bin/mg.C.x"
0.8036193 W	2569842	"/home/boggy/ref_rapl/energy_exp_server/NPB3.4.3/NPB3.4-MPI/bin/mg.C.x"
------------------------------------------------------------

Host:	51.860315 W from 
	package 	core		dram		uncore
Socket0	46.08068 W |	41.698666 W	4.629559 W	0 W	

Top 5 consumers:
Power		PID	Exe
0.8019636 W	2569840	"/home/boggy/ref_rapl/energy_exp_server/NPB3.4.3/NPB3.4-MPI/bin/mg.C.x"
0.8019636 W	2569841	"/home/boggy/ref_rapl/energy_exp_server/NPB3.4.3/NPB3.4-MPI/bin/mg.C.x"
0.8019636 W	2569843	"/home/boggy/ref_rapl/energy_exp_server/NPB3.4.3/NPB3.4-MPI/bin/mg.C.x"
0.8019636 W	2569842	"/home/boggy/ref_rapl/energy_exp_server/NPB3.4.3/NPB3.4-MPI/bin/mg.C.x"
0.5346424 W	2569821	"/home/boggy/ref_rapl/scaphandre/target/release/scaphandre"
------------------------------------------------------------

Host:	51.941425 W from 
	package 	core		dram		uncore
Socket0	47.396408 W |	41.688297 W	4.582176 W	0 W	

Top 5 consumers:
Power		PID	Exe
0.8705267 W	2569821	"/home/boggy/ref_rapl/scaphandre/target/release/scaphandre"
0.8705267 W	2569840	"/home/boggy/ref_rapl/energy_exp_server/NPB3.4.3/NPB3.4-MPI/bin/mg.C.x"
0.8705267 W	2569841	"/home/boggy/ref_rapl/energy_exp_server/NPB3.4.3/NPB3.4-MPI/bin/mg.C.x"
0.8705267 W	2569843	"/home/boggy/ref_rapl/energy_exp_server/NPB3.4.3/NPB3.4-MPI/bin/mg.C.x"
0.8705267 W	2569842	"/home/boggy/ref_rapl/energy_exp_server/NPB3.4.3/NPB3.4-MPI/bin/mg.C.x"
------------------------------------------------------------

Host:	54.069786 W from 
	package 	core		dram		uncore
Socket0	48.157505 W |	43.02175 W	4.557474 W	0 W	

Top 5 consumers:
Power		PID	Exe
1.2082634 W	2569843	"/home/boggy/ref_rapl/energy_exp_server/NPB3.4.3/NPB3.4-MPI/bin/mg.C.x"
0.90619755 W	2569840	"/home/boggy/ref_rapl/energy_exp_server/NPB3.4.3/NPB3.4-MPI/bin/mg.C.x"
0.90619755 W	2569841	"/home/boggy/ref_rapl/energy_exp_server/NPB3.4.3/NPB3.4-MPI/bin/mg.C.x"
0.90619755 W	2569842	"/home/boggy/ref_rapl/energy_exp_server/NPB3.4.3/NPB3.4-MPI/bin/mg.C.x"
0.6041317 W	2569821	"/home/boggy/ref_rapl/scaphandre/target/release/scaphandre"
------------------------------------------------------------

Host:	54.221171 W from 
	package 	core		dram		uncore
Socket0	49.27895 W |	43.967823 W	4.793454 W	0 W	

Top 5 consumers:
Power		PID	Exe
1.2116462 W	2569842	"/home/boggy/ref_rapl/energy_exp_server/NPB3.4.3/NPB3.4-MPI/bin/mg.C.x"
0.90873474 W	2569821	"/home/boggy/ref_rapl/scaphandre/target/release/scaphandre"
0.90873474 W	2569840	"/home/boggy/ref_rapl/energy_exp_server/NPB3.4.3/NPB3.4-MPI/bin/mg.C.x"
0.90873474 W	2569841	"/home/boggy/ref_rapl/energy_exp_server/NPB3.4.3/NPB3.4-MPI/bin/mg.C.x"
0.90873474 W	2569843	"/home/boggy/ref_rapl/energy_exp_server/NPB3.4.3/NPB3.4-MPI/bin/mg.C.x"
------------------------------------------------------------

Host:	52.673554 W from 
	package 	core		dram		uncore
Socket0	49.509995 W |	43.946743 W	4.826301 W	0 W	

Top 5 consumers:
Power		PID	Exe
0.882797 W	2569821	"/home/boggy/ref_rapl/scaphandre/target/release/scaphandre"
0.882797 W	2569840	"/home/boggy/ref_rapl/energy_exp_server/NPB3.4.3/NPB3.4-MPI/bin/mg.C.x"
0.882797 W	2569841	"/home/boggy/ref_rapl/energy_exp_server/NPB3.4.3/NPB3.4-MPI/bin/mg.C.x"
0.882797 W	2569843	"/home/boggy/ref_rapl/energy_exp_server/NPB3.4.3/NPB3.4-MPI/bin/mg.C.x"
0.882797 W	2569842	"/home/boggy/ref_rapl/energy_exp_server/NPB3.4.3/NPB3.4-MPI/bin/mg.C.x"
------------------------------------------------------------

Host:	54.77914 W from 
	package 	core		dram		uncore
Socket0	48.205456 W |	43.830704 W	4.84432 W	0 W	

Top 5 consumers:
Power		PID	Exe
1.2241148 W	2569840	"/home/boggy/ref_rapl/energy_exp_server/NPB3.4.3/NPB3.4-MPI/bin/mg.C.x"
1.2241148 W	2569841	"/home/boggy/ref_rapl/energy_exp_server/NPB3.4.3/NPB3.4-MPI/bin/mg.C.x"
0.9180862 W	2569843	"/home/boggy/ref_rapl/energy_exp_server/NPB3.4.3/NPB3.4-MPI/bin/mg.C.x"
0.9180862 W	2569842	"/home/boggy/ref_rapl/energy_exp_server/NPB3.4.3/NPB3.4-MPI/bin/mg.C.x"
0.6120574 W	2569821	"/home/boggy/ref_rapl/scaphandre/target/release/scaphandre"
------------------------------------------------------------

Host:	52.951296 W from 
	package 	core		dram		uncore
Socket0	49.748158 W |	43.73089 W	4.711742 W	0 W	

Top 5 consumers:
Power		PID	Exe
0.88745195 W	2569821	"/home/boggy/ref_rapl/scaphandre/target/release/scaphandre"
0.88745195 W	2569840	"/home/boggy/ref_rapl/energy_exp_server/NPB3.4.3/NPB3.4-MPI/bin/mg.C.x"
0.88745195 W	2569841	"/home/boggy/ref_rapl/energy_exp_server/NPB3.4.3/NPB3.4-MPI/bin/mg.C.x"
0.88745195 W	2569843	"/home/boggy/ref_rapl/energy_exp_server/NPB3.4.3/NPB3.4-MPI/bin/mg.C.x"
0.88745195 W	2569842	"/home/boggy/ref_rapl/energy_exp_server/NPB3.4.3/NPB3.4-MPI/bin/mg.C.x"
------------------------------------------------------------

Host:	53.930754 W from 
	package 	core		dram		uncore
Socket0	48.04408 W |	43.77101 W	4.846122 W	0 W	

Top 5 consumers:
Power		PID	Exe
0.9038674 W	2569840	"/home/boggy/ref_rapl/energy_exp_server/NPB3.4.3/NPB3.4-MPI/bin/mg.C.x"
0.9038674 W	2569841	"/home/boggy/ref_rapl/energy_exp_server/NPB3.4.3/NPB3.4-MPI/bin/mg.C.x"
0.9038674 W	2569843	"/home/boggy/ref_rapl/energy_exp_server/NPB3.4.3/NPB3.4-MPI/bin/mg.C.x"
0.9038674 W	2569842	"/home/boggy/ref_rapl/energy_exp_server/NPB3.4.3/NPB3.4-MPI/bin/mg.C.x"
0.6025782 W	2569821	"/home/boggy/ref_rapl/scaphandre/target/release/scaphandre"
------------------------------------------------------------

Host:	52.218836 W from 
	package 	core		dram		uncore
Socket0	49.366516 W |	43.956245 W	4.649206 W	0 W	

Top 5 consumers:
Power		PID	Exe
1.1669014 W	2569843	"/home/boggy/ref_rapl/energy_exp_server/NPB3.4.3/NPB3.4-MPI/bin/mg.C.x"
0.8751761 W	2569840	"/home/boggy/ref_rapl/energy_exp_server/NPB3.4.3/NPB3.4-MPI/bin/mg.C.x"
0.8751761 W	2569841	"/home/boggy/ref_rapl/energy_exp_server/NPB3.4.3/NPB3.4-MPI/bin/mg.C.x"
0.8751761 W	2569842	"/home/boggy/ref_rapl/energy_exp_server/NPB3.4.3/NPB3.4-MPI/bin/mg.C.x"
0.5834507 W	2569821	"/home/boggy/ref_rapl/scaphandre/target/release/scaphandre"
------------------------------------------------------------

Host:	53.603555 W from 
	package 	core		dram		uncore
Socket0	48.163105 W |	43.14783 W	3.805814 W	0 W	

Top 5 consumers:
Power		PID	Exe
0.8983836 W	2569840	"/home/boggy/ref_rapl/energy_exp_server/NPB3.4.3/NPB3.4-MPI/bin/mg.C.x"
0.8983836 W	2569841	"/home/boggy/ref_rapl/energy_exp_server/NPB3.4.3/NPB3.4-MPI/bin/mg.C.x"
0.8983836 W	2569842	"/home/boggy/ref_rapl/energy_exp_server/NPB3.4.3/NPB3.4-MPI/bin/mg.C.x"
0.5989224 W	2569821	"/home/boggy/ref_rapl/scaphandre/target/release/scaphandre"
0.5989224 W	2569843	"/home/boggy/ref_rapl/energy_exp_server/NPB3.4.3/NPB3.4-MPI/bin/mg.C.x"
------------------------------------------------------------

Host:	56.540314 W from 
	package 	core		dram		uncore
Socket0	50.21153 W |	45.711864 W	4.409115 W	0 W	

Top 5 consumers:
Power		PID	Exe
0.94760305 W	2569821	"/home/boggy/ref_rapl/scaphandre/target/release/scaphandre"
0.94760305 W	2569840	"/home/boggy/ref_rapl/energy_exp_server/NPB3.4.3/NPB3.4-MPI/bin/mg.C.x"
0.94760305 W	2569841	"/home/boggy/ref_rapl/energy_exp_server/NPB3.4.3/NPB3.4-MPI/bin/mg.C.x"
0.94760305 W	2569843	"/home/boggy/ref_rapl/energy_exp_server/NPB3.4.3/NPB3.4-MPI/bin/mg.C.x"
0.94760305 W	2569842	"/home/boggy/ref_rapl/energy_exp_server/NPB3.4.3/NPB3.4-MPI/bin/mg.C.x"
------------------------------------------------------------

Host:	55.350159 W from 
	package 	core		dram		uncore
Socket0	51.695724 W |	46.447983 W	4.465461 W	0 W	

Top 5 consumers:
Power		PID	Exe
0.9276563 W	2569840	"/home/boggy/ref_rapl/energy_exp_server/NPB3.4.3/NPB3.4-MPI/bin/mg.C.x"
0.9276563 W	2569841	"/home/boggy/ref_rapl/energy_exp_server/NPB3.4.3/NPB3.4-MPI/bin/mg.C.x"
0.9276563 W	2569843	"/home/boggy/ref_rapl/energy_exp_server/NPB3.4.3/NPB3.4-MPI/bin/mg.C.x"
0.6184375 W	2569821	"/home/boggy/ref_rapl/scaphandre/target/release/scaphandre"
0.30921876 W	976	""
------------------------------------------------------------

Host:	56.663889 W from 
	package 	core		dram		uncore
Socket0	50.92953 W |	46.500816 W	4.708317 W	0 W	

Top 5 consumers:
Power		PID	Exe
1.2662321 W	2569843	"/home/boggy/ref_rapl/energy_exp_server/NPB3.4.3/NPB3.4-MPI/bin/mg.C.x"
0.9496741 W	2569840	"/home/boggy/ref_rapl/energy_exp_server/NPB3.4.3/NPB3.4-MPI/bin/mg.C.x"
0.9496741 W	2569841	"/home/boggy/ref_rapl/energy_exp_server/NPB3.4.3/NPB3.4-MPI/bin/mg.C.x"
0.9496741 W	2569842	"/home/boggy/ref_rapl/energy_exp_server/NPB3.4.3/NPB3.4-MPI/bin/mg.C.x"
0.63311607 W	2569821	"/home/boggy/ref_rapl/scaphandre/target/release/scaphandre"
------------------------------------------------------------

Host:	54.905478 W from 
	package 	core		dram		uncore
Socket0	51.72483 W |	46.040237 W	4.52988 W	0 W	

Top 5 consumers:
Power		PID	Exe
0.92020357 W	2569840	"/home/boggy/ref_rapl/energy_exp_server/NPB3.4.3/NPB3.4-MPI/bin/mg.C.x"
0.92020357 W	2569841	"/home/boggy/ref_rapl/energy_exp_server/NPB3.4.3/NPB3.4-MPI/bin/mg.C.x"
0.92020357 W	2569842	"/home/boggy/ref_rapl/energy_exp_server/NPB3.4.3/NPB3.4-MPI/bin/mg.C.x"
0.613469 W	2569821	"/home/boggy/ref_rapl/scaphandre/target/release/scaphandre"
0.613469 W	2569843	"/home/boggy/ref_rapl/energy_exp_server/NPB3.4.3/NPB3.4-MPI/bin/mg.C.x"
------------------------------------------------------------

Host:	57.455945 W from 
	package 	core		dram		uncore
Socket0	51.99568 W |	46.330765 W	4.678346 W	0 W	

Top 5 consumers:
Power		PID	Exe
0.9629488 W	2569821	"/home/boggy/ref_rapl/scaphandre/target/release/scaphandre"
0.9629488 W	2569840	"/home/boggy/ref_rapl/energy_exp_server/NPB3.4.3/NPB3.4-MPI/bin/mg.C.x"
0.9629488 W	2569841	"/home/boggy/ref_rapl/energy_exp_server/NPB3.4.3/NPB3.4-MPI/bin/mg.C.x"
0.9629488 W	2569843	"/home/boggy/ref_rapl/energy_exp_server/NPB3.4.3/NPB3.4-MPI/bin/mg.C.x"
0.9629488 W	2569842	"/home/boggy/ref_rapl/energy_exp_server/NPB3.4.3/NPB3.4-MPI/bin/mg.C.x"
------------------------------------------------------------

Host:	53.81372 W from 
	package 	core		dram		uncore
Socket0	51.489807 W |	46.437702 W	4.603538 W	0 W	

Top 5 consumers:
Power		PID	Exe
0.98439723 W	2569840	"/home/boggy/ref_rapl/energy_exp_server/NPB3.4.3/NPB3.4-MPI/bin/mg.C.x"
0.98439723 W	2569841	"/home/boggy/ref_rapl/energy_exp_server/NPB3.4.3/NPB3.4-MPI/bin/mg.C.x"
0.98439723 W	2569843	"/home/boggy/ref_rapl/energy_exp_server/NPB3.4.3/NPB3.4-MPI/bin/mg.C.x"
0.98439723 W	2569842	"/home/boggy/ref_rapl/energy_exp_server/NPB3.4.3/NPB3.4-MPI/bin/mg.C.x"
0.65626484 W	2569821	"/home/boggy/ref_rapl/scaphandre/target/release/scaphandre"
------------------------------------------------------------

Host:	53.129341 W from 
	package 	core		dram		uncore
Socket0	48.875874 W |	44.181488 W	4.426042 W	0 W	

Top 5 consumers:
Power		PID	Exe
1.2958375 W	2569843	"/home/boggy/ref_rapl/energy_exp_server/NPB3.4.3/NPB3.4-MPI/bin/mg.C.x"
0.9718781 W	2569821	"/home/boggy/ref_rapl/scaphandre/target/release/scaphandre"
0.9718781 W	2569842	"/home/boggy/ref_rapl/energy_exp_server/NPB3.4.3/NPB3.4-MPI/bin/mg.C.x"
0.64791876 W	2569840	"/home/boggy/ref_rapl/energy_exp_server/NPB3.4.3/NPB3.4-MPI/bin/mg.C.x"
0.64791876 W	2569841	"/home/boggy/ref_rapl/energy_exp_server/NPB3.4.3/NPB3.4-MPI/bin/mg.C.x"
------------------------------------------------------------

Host:	54.676981 W from 
	package 	core		dram		uncore
Socket0	48.705994 W |	44.232613 W	4.766605 W	0 W	

Top 5 consumers:
Power		PID	Exe
1.3335848 W	2569840	"/home/boggy/ref_rapl/energy_exp_server/NPB3.4.3/NPB3.4-MPI/bin/mg.C.x"
1.3335848 W	2569841	"/home/boggy/ref_rapl/energy_exp_server/NPB3.4.3/NPB3.4-MPI/bin/mg.C.x"
1.0001886 W	2569843	"/home/boggy/ref_rapl/energy_exp_server/NPB3.4.3/NPB3.4-MPI/bin/mg.C.x"
1.0001886 W	2569842	"/home/boggy/ref_rapl/energy_exp_server/NPB3.4.3/NPB3.4-MPI/bin/mg.C.x"
0.6667924 W	2569821	"/home/boggy/ref_rapl/scaphandre/target/release/scaphandre"
------------------------------------------------------------

Host:	53.394616 W from 
	package 	core		dram		uncore
Socket0	49.330864 W |	43.9765 W	4.683551 W	0 W	

Top 5 consumers:
Power		PID	Exe
1.3023076 W	2569843	"/home/boggy/ref_rapl/energy_exp_server/NPB3.4.3/NPB3.4-MPI/bin/mg.C.x"
0.97673076 W	2569840	"/home/boggy/ref_rapl/energy_exp_server/NPB3.4.3/NPB3.4-MPI/bin/mg.C.x"
0.97673076 W	2569841	"/home/boggy/ref_rapl/energy_exp_server/NPB3.4.3/NPB3.4-MPI/bin/mg.C.x"
0.97673076 W	2569842	"/home/boggy/ref_rapl/energy_exp_server/NPB3.4.3/NPB3.4-MPI/bin/mg.C.x"
0.6511538 W	2569821	"/home/boggy/ref_rapl/scaphandre/target/release/scaphandre"
------------------------------------------------------------

Host:	53.257222 W from 
	package 	core		dram		uncore
Socket0	48.855743 W |	43.75225 W	4.780714 W	0 W	

Top 5 consumers:
Power		PID	Exe
0.9742174 W	2569821	"/home/boggy/ref_rapl/scaphandre/target/release/scaphandre"
0.9742174 W	2569840	"/home/boggy/ref_rapl/energy_exp_server/NPB3.4.3/NPB3.4-MPI/bin/mg.C.x"
0.9742174 W	2569841	"/home/boggy/ref_rapl/energy_exp_server/NPB3.4.3/NPB3.4-MPI/bin/mg.C.x"
0.9742174 W	2569843	"/home/boggy/ref_rapl/energy_exp_server/NPB3.4.3/NPB3.4-MPI/bin/mg.C.x"
0.9742174 W	2569842	"/home/boggy/ref_rapl/energy_exp_server/NPB3.4.3/NPB3.4-MPI/bin/mg.C.x"
------------------------------------------------------------

Host:	53.989709 W from 
	package 	core		dram		uncore
Socket0	48.43372 W |	43.995125 W	4.863655 W	0 W	

Top 5 consumers:
Power		PID	Exe
1.3168222 W	2569842	"/home/boggy/ref_rapl/energy_exp_server/NPB3.4.3/NPB3.4-MPI/bin/mg.C.x"
0.98761654 W	2569821	"/home/boggy/ref_rapl/scaphandre/target/release/scaphandre"
0.98761654 W	2569840	"/home/boggy/ref_rapl/energy_exp_server/NPB3.4.3/NPB3.4-MPI/bin/mg.C.x"
0.98761654 W	2569841	"/home/boggy/ref_rapl/energy_exp_server/NPB3.4.3/NPB3.4-MPI/bin/mg.C.x"
0.98761654 W	2569843	"/home/boggy/ref_rapl/energy_exp_server/NPB3.4.3/NPB3.4-MPI/bin/mg.C.x"
------------------------------------------------------------

Host:	54.752981 W from 
	package 	core		dram		uncore
Socket0	49.120636 W |	43.747875 W	4.660032 W	0 W	

Top 5 consumers:
Power		PID	Exe
1.0015789 W	2569840	"/home/boggy/ref_rapl/energy_exp_server/NPB3.4.3/NPB3.4-MPI/bin/mg.C.x"
1.0015789 W	2569841	"/home/boggy/ref_rapl/energy_exp_server/NPB3.4.3/NPB3.4-MPI/bin/mg.C.x"
1.0015789 W	2569843	"/home/boggy/ref_rapl/energy_exp_server/NPB3.4.3/NPB3.4-MPI/bin/mg.C.x"
1.0015789 W	2569842	"/home/boggy/ref_rapl/energy_exp_server/NPB3.4.3/NPB3.4-MPI/bin/mg.C.x"
0.66771924 W	2569821	"/home/boggy/ref_rapl/scaphandre/target/release/scaphandre"
------------------------------------------------------------

Host:	52.845477 W from 
	package 	core		dram		uncore
Socket0	48.46948 W |	43.934998 W	4.884714 W	0 W	

Top 5 consumers:
Power		PID	Exe
0.8956861 W	2569840	"/home/boggy/ref_rapl/energy_exp_server/NPB3.4.3/NPB3.4-MPI/bin/mg.C.x"
0.8956861 W	2569841	"/home/boggy/ref_rapl/energy_exp_server/NPB3.4.3/NPB3.4-MPI/bin/mg.C.x"
0.8956861 W	2569843	"/home/boggy/ref_rapl/energy_exp_server/NPB3.4.3/NPB3.4-MPI/bin/mg.C.x"
0.8956861 W	2569842	"/home/boggy/ref_rapl/energy_exp_server/NPB3.4.3/NPB3.4-MPI/bin/mg.C.x"
0.597124 W	2569821	"/home/boggy/ref_rapl/scaphandre/target/release/scaphandre"
------------------------------------------------------------

Host:	52.615 W from 
	package 	core		dram		uncore
Socket0	49.324596 W |	43.737305 W	4.806341 W	0 W	

Top 5 consumers:
Power		PID	Exe
0.89177966 W	2569821	"/home/boggy/ref_rapl/scaphandre/target/release/scaphandre"
0.89177966 W	2569840	"/home/boggy/ref_rapl/energy_exp_server/NPB3.4.3/NPB3.4-MPI/bin/mg.C.x"
0.89177966 W	2569841	"/home/boggy/ref_rapl/energy_exp_server/NPB3.4.3/NPB3.4-MPI/bin/mg.C.x"
0.89177966 W	2569843	"/home/boggy/ref_rapl/energy_exp_server/NPB3.4.3/NPB3.4-MPI/bin/mg.C.x"
0.89177966 W	2569842	"/home/boggy/ref_rapl/energy_exp_server/NPB3.4.3/NPB3.4-MPI/bin/mg.C.x"
------------------------------------------------------------

Host:	51.426541 W from 
	package 	core		dram		uncore
Socket0	47.602695 W |	42.964813 W	3.877246 W	0 W	

Top 5 consumers:
Power		PID	Exe
0.87163633 W	2569840	"/home/boggy/ref_rapl/energy_exp_server/NPB3.4.3/NPB3.4-MPI/bin/mg.C.x"
0.87163633 W	2569841	"/home/boggy/ref_rapl/energy_exp_server/NPB3.4.3/NPB3.4-MPI/bin/mg.C.x"
0.87163633 W	2569843	"/home/boggy/ref_rapl/energy_exp_server/NPB3.4.3/NPB3.4-MPI/bin/mg.C.x"
0.87163633 W	2569842	"/home/boggy/ref_rapl/energy_exp_server/NPB3.4.3/NPB3.4-MPI/bin/mg.C.x"
0.58109087 W	2569821	"/home/boggy/ref_rapl/scaphandre/target/release/scaphandre"
------------------------------------------------------------

Host:	51.864206 W from 
	package 	core		dram		uncore
Socket0	47.349 W |	42.62647 W	4.625483 W	0 W	

Top 5 consumers:
Power		PID	Exe
0.87905437 W	2569821	"/home/boggy/ref_rapl/scaphandre/target/release/scaphandre"
0.87905437 W	2569840	"/home/boggy/ref_rapl/energy_exp_server/NPB3.4.3/NPB3.4-MPI/bin/mg.C.x"
0.87905437 W	2569841	"/home/boggy/ref_rapl/energy_exp_server/NPB3.4.3/NPB3.4-MPI/bin/mg.C.x"
0.87905437 W	2569843	"/home/boggy/ref_rapl/energy_exp_server/NPB3.4.3/NPB3.4-MPI/bin/mg.C.x"
0.87905437 W	2569842	"/home/boggy/ref_rapl/energy_exp_server/NPB3.4.3/NPB3.4-MPI/bin/mg.C.x"
------------------------------------------------------------

Host:	52.954795 W from 
	package 	core		dram		uncore
Socket0	48.843178 W |	42.575855 W	4.644536 W	0 W	

Top 5 consumers:
Power		PID	Exe
0.89753896 W	2569840	"/home/boggy/ref_rapl/energy_exp_server/NPB3.4.3/NPB3.4-MPI/bin/mg.C.x"
0.89753896 W	2569841	"/home/boggy/ref_rapl/energy_exp_server/NPB3.4.3/NPB3.4-MPI/bin/mg.C.x"
0.89753896 W	2569843	"/home/boggy/ref_rapl/energy_exp_server/NPB3.4.3/NPB3.4-MPI/bin/mg.C.x"
0.89753896 W	2569842	"/home/boggy/ref_rapl/energy_exp_server/NPB3.4.3/NPB3.4-MPI/bin/mg.C.x"
0.5983592 W	2569821	"/home/boggy/ref_rapl/scaphandre/target/release/scaphandre"
------------------------------------------------------------

Host:	47.343091 W from 
	package 	core		dram		uncore
Socket0	45.267292 W |	41.616528 W	4.368877 W	0 W	

Top 5 consumers:
Power		PID	Exe
1.0699004 W	2569840	"/home/boggy/ref_rapl/energy_exp_server/NPB3.4.3/NPB3.4-MPI/bin/mg.C.x"
1.0699004 W	2569841	"/home/boggy/ref_rapl/energy_exp_server/NPB3.4.3/NPB3.4-MPI/bin/mg.C.x"
1.0699004 W	2569843	"/home/boggy/ref_rapl/energy_exp_server/NPB3.4.3/NPB3.4-MPI/bin/mg.C.x"
0.8024253 W	2569821	"/home/boggy/ref_rapl/scaphandre/target/release/scaphandre"
0.8024253 W	2569842	"/home/boggy/ref_rapl/energy_exp_server/NPB3.4.3/NPB3.4-MPI/bin/mg.C.x"
------------------------------------------------------------

Host:	46.357515 W from 
	package 	core		dram		uncore
Socket0	42.534412 W |	36.479275 W	4.500788 W	0 W	

Top 5 consumers:
Power		PID	Exe
1.7064116 W	2569842	"/home/boggy/ref_rapl/energy_exp_server/NPB3.4.3/NPB3.4-MPI/bin/mg.C.x"
1.4220096 W	2569821	"/home/boggy/ref_rapl/scaphandre/target/release/scaphandre"
1.4220096 W	2569840	"/home/boggy/ref_rapl/energy_exp_server/NPB3.4.3/NPB3.4-MPI/bin/mg.C.x"
1.4220096 W	2569841	"/home/boggy/ref_rapl/energy_exp_server/NPB3.4.3/NPB3.4-MPI/bin/mg.C.x"
1.4220096 W	2569843	"/home/boggy/ref_rapl/energy_exp_server/NPB3.4.3/NPB3.4-MPI/bin/mg.C.x"
------------------------------------------------------------

Host:	48.140201 W from 
	package 	core		dram		uncore
Socket0	41.94835 W |	37.18879 W	4.579921 W	0 W	

Top 5 consumers:
Power		PID	Exe
1.772032 W	2569821	"/home/boggy/ref_rapl/scaphandre/target/release/scaphandre"
1.4766933 W	2569840	"/home/boggy/ref_rapl/energy_exp_server/NPB3.4.3/NPB3.4-MPI/bin/mg.C.x"
1.4766933 W	2569841	"/home/boggy/ref_rapl/energy_exp_server/NPB3.4.3/NPB3.4-MPI/bin/mg.C.x"
1.4766933 W	2569843	"/home/boggy/ref_rapl/energy_exp_server/NPB3.4.3/NPB3.4-MPI/bin/mg.C.x"
1.1813545 W	2569842	"/home/boggy/ref_rapl/energy_exp_server/NPB3.4.3/NPB3.4-MPI/bin/mg.C.x"
------------------------------------------------------------

Host:	54.765872 W from 
	package 	core		dram		uncore
Socket0	45.486256 W |	39.88327 W	4.613784 W	0 W	

Top 5 consumers:
Power		PID	Exe
1.3439478 W	2569821	"/home/boggy/ref_rapl/scaphandre/target/release/scaphandre"
1.3439478 W	2569842	"/home/boggy/ref_rapl/energy_exp_server/NPB3.4.3/NPB3.4-MPI/bin/mg.C.x"
1.0079609 W	2569840	"/home/boggy/ref_rapl/energy_exp_server/NPB3.4.3/NPB3.4-MPI/bin/mg.C.x"
1.0079609 W	2569841	"/home/boggy/ref_rapl/energy_exp_server/NPB3.4.3/NPB3.4-MPI/bin/mg.C.x"
1.0079609 W	2569843	"/home/boggy/ref_rapl/energy_exp_server/NPB3.4.3/NPB3.4-MPI/bin/mg.C.x"
------------------------------------------------------------

Host:	56.159835 W from 
	package 	core		dram		uncore
Socket0	52.556103 W |	48.026184 W	4.409845 W	0 W	

Top 5 consumers:
Power		PID	Exe
1.0336167 W	2569840	"/home/boggy/ref_rapl/energy_exp_server/NPB3.4.3/NPB3.4-MPI/bin/mg.C.x"
1.0336167 W	2569841	"/home/boggy/ref_rapl/energy_exp_server/NPB3.4.3/NPB3.4-MPI/bin/mg.C.x"
1.0336167 W	2569843	"/home/boggy/ref_rapl/energy_exp_server/NPB3.4.3/NPB3.4-MPI/bin/mg.C.x"
1.0336167 W	2569842	"/home/boggy/ref_rapl/energy_exp_server/NPB3.4.3/NPB3.4-MPI/bin/mg.C.x"
0.6890777 W	2569821	"/home/boggy/ref_rapl/scaphandre/target/release/scaphandre"
------------------------------------------------------------

Host:	52.799346 W from 
	package 	core		dram		uncore
Socket0	50.033463 W |	44.061066 W	4.496271 W	0 W	

Top 5 consumers:
Power		PID	Exe
0.9717671 W	2569821	"/home/boggy/ref_rapl/scaphandre/target/release/scaphandre"
0.9717671 W	2569840	"/home/boggy/ref_rapl/energy_exp_server/NPB3.4.3/NPB3.4-MPI/bin/mg.C.x"
0.9717671 W	2569841	"/home/boggy/ref_rapl/energy_exp_server/NPB3.4.3/NPB3.4-MPI/bin/mg.C.x"
0.9717671 W	2569843	"/home/boggy/ref_rapl/energy_exp_server/NPB3.4.3/NPB3.4-MPI/bin/mg.C.x"
0.9717671 W	2569842	"/home/boggy/ref_rapl/energy_exp_server/NPB3.4.3/NPB3.4-MPI/bin/mg.C.x"
------------------------------------------------------------

Host:	50.888218 W from 
	package 	core		dram		uncore
Socket0	46.592503 W |	41.744347 W	4.669711 W	0 W	

Top 5 consumers:
Power		PID	Exe
0.936593 W	2569840	"/home/boggy/ref_rapl/energy_exp_server/NPB3.4.3/NPB3.4-MPI/bin/mg.C.x"
0.936593 W	2569841	"/home/boggy/ref_rapl/energy_exp_server/NPB3.4.3/NPB3.4-MPI/bin/mg.C.x"
0.936593 W	2569843	"/home/boggy/ref_rapl/energy_exp_server/NPB3.4.3/NPB3.4-MPI/bin/mg.C.x"
0.936593 W	2569842	"/home/boggy/ref_rapl/energy_exp_server/NPB3.4.3/NPB3.4-MPI/bin/mg.C.x"
0.62439525 W	2569821	"/home/boggy/ref_rapl/scaphandre/target/release/scaphandre"
------------------------------------------------------------

Host:	52.729462 W from 
	package 	core		dram		uncore
Socket0	47.84884 W |	41.84335 W	4.493273 W	0 W	

Top 5 consumers:
Power		PID	Exe
0.9704809 W	2569840	"/home/boggy/ref_rapl/energy_exp_server/NPB3.4.3/NPB3.4-MPI/bin/mg.C.x"
0.9704809 W	2569841	"/home/boggy/ref_rapl/energy_exp_server/NPB3.4.3/NPB3.4-MPI/bin/mg.C.x"
0.9704809 W	2569843	"/home/boggy/ref_rapl/energy_exp_server/NPB3.4.3/NPB3.4-MPI/bin/mg.C.x"
0.9704809 W	2569842	"/home/boggy/ref_rapl/energy_exp_server/NPB3.4.3/NPB3.4-MPI/bin/mg.C.x"
0.64698726 W	2569821	"/home/boggy/ref_rapl/scaphandre/target/release/scaphandre"
------------------------------------------------------------

Host:	54.428802 W from 
	package 	core		dram		uncore
Socket0	47.99066 W |	43.24836 W	4.668547 W	0 W	

Top 5 consumers:
Power		PID	Exe
1.0017571 W	2569821	"/home/boggy/ref_rapl/scaphandre/target/release/scaphandre"
1.0017571 W	2569840	"/home/boggy/ref_rapl/energy_exp_server/NPB3.4.3/NPB3.4-MPI/bin/mg.C.x"
1.0017571 W	2569841	"/home/boggy/ref_rapl/energy_exp_server/NPB3.4.3/NPB3.4-MPI/bin/mg.C.x"
1.0017571 W	2569843	"/home/boggy/ref_rapl/energy_exp_server/NPB3.4.3/NPB3.4-MPI/bin/mg.C.x"
1.0017571 W	2569842	"/home/boggy/ref_rapl/energy_exp_server/NPB3.4.3/NPB3.4-MPI/bin/mg.C.x"
------------------------------------------------------------

Host:	54.147222 W from 
	package 	core		dram		uncore
Socket0	49.242573 W |	44.072636 W	4.789702 W	0 W	

Top 5 consumers:
Power		PID	Exe
0.99657464 W	2569840	"/home/boggy/ref_rapl/energy_exp_server/NPB3.4.3/NPB3.4-MPI/bin/mg.C.x"
0.99657464 W	2569841	"/home/boggy/ref_rapl/energy_exp_server/NPB3.4.3/NPB3.4-MPI/bin/mg.C.x"
0.99657464 W	2569843	"/home/boggy/ref_rapl/energy_exp_server/NPB3.4.3/NPB3.4-MPI/bin/mg.C.x"
0.99657464 W	2569842	"/home/boggy/ref_rapl/energy_exp_server/NPB3.4.3/NPB3.4-MPI/bin/mg.C.x"
0.66438305 W	2569821	"/home/boggy/ref_rapl/scaphandre/target/release/scaphandre"
------------------------------------------------------------

Host:	52.904343 W from 
	package 	core		dram		uncore
Socket0	49.35201 W |	43.90122 W	4.806698 W	0 W	

Top 5 consumers:
Power		PID	Exe
0.97369957 W	2569821	"/home/boggy/ref_rapl/scaphandre/target/release/scaphandre"
0.97369957 W	2569840	"/home/boggy/ref_rapl/energy_exp_server/NPB3.4.3/NPB3.4-MPI/bin/mg.C.x"
0.97369957 W	2569841	"/home/boggy/ref_rapl/energy_exp_server/NPB3.4.3/NPB3.4-MPI/bin/mg.C.x"
0.97369957 W	2569843	"/home/boggy/ref_rapl/energy_exp_server/NPB3.4.3/NPB3.4-MPI/bin/mg.C.x"
0.97369957 W	2569842	"/home/boggy/ref_rapl/energy_exp_server/NPB3.4.3/NPB3.4-MPI/bin/mg.C.x"
------------------------------------------------------------

Host:	54.215131 W from 
	package 	core		dram		uncore
Socket0	48.165684 W |	44.027454 W	4.829163 W	0 W	

Top 5 consumers:
Power		PID	Exe
1.3304327 W	2569841	"/home/boggy/ref_rapl/energy_exp_server/NPB3.4.3/NPB3.4-MPI/bin/mg.C.x"
0.9978245 W	2569840	"/home/boggy/ref_rapl/energy_exp_server/NPB3.4.3/NPB3.4-MPI/bin/mg.C.x"
0.9978245 W	2569843	"/home/boggy/ref_rapl/energy_exp_server/NPB3.4.3/NPB3.4-MPI/bin/mg.C.x"
0.9978245 W	2569842	"/home/boggy/ref_rapl/energy_exp_server/NPB3.4.3/NPB3.4-MPI/bin/mg.C.x"
0.6652163 W	2569821	"/home/boggy/ref_rapl/scaphandre/target/release/scaphandre"
------------------------------------------------------------

Host:	54.700531 W from 
	package 	core		dram		uncore
Socket0	49.421425 W |	44.089672 W	4.798587 W	0 W	

Top 5 consumers:
Power		PID	Exe
1.3423443 W	2569840	"/home/boggy/ref_rapl/energy_exp_server/NPB3.4.3/NPB3.4-MPI/bin/mg.C.x"
1.0067582 W	2569821	"/home/boggy/ref_rapl/scaphandre/target/release/scaphandre"
1.0067582 W	2569841	"/home/boggy/ref_rapl/energy_exp_server/NPB3.4.3/NPB3.4-MPI/bin/mg.C.x"
1.0067582 W	2569843	"/home/boggy/ref_rapl/energy_exp_server/NPB3.4.3/NPB3.4-MPI/bin/mg.C.x"
1.0067582 W	2569842	"/home/boggy/ref_rapl/energy_exp_server/NPB3.4.3/NPB3.4-MPI/bin/mg.C.x"
------------------------------------------------------------

Host:	53.2851 W from 
	package 	core		dram		uncore
Socket0	50.001167 W |	43.818985 W	4.724112 W	0 W	

Top 5 consumers:
Power		PID	Exe
0.98070735 W	2569840	"/home/boggy/ref_rapl/energy_exp_server/NPB3.4.3/NPB3.4-MPI/bin/mg.C.x"
0.98070735 W	2569841	"/home/boggy/ref_rapl/energy_exp_server/NPB3.4.3/NPB3.4-MPI/bin/mg.C.x"
0.98070735 W	2569843	"/home/boggy/ref_rapl/energy_exp_server/NPB3.4.3/NPB3.4-MPI/bin/mg.C.x"
0.98070735 W	2569842	"/home/boggy/ref_rapl/energy_exp_server/NPB3.4.3/NPB3.4-MPI/bin/mg.C.x"
0.6538049 W	2569821	"/home/boggy/ref_rapl/scaphandre/target/release/scaphandre"
------------------------------------------------------------

Host:	53.424365 W from 
	package 	core		dram		uncore
Socket0	48.630318 W |	43.8422 W	4.735457 W	0 W	

Top 5 consumers:
Power		PID	Exe
0.92643404 W	2569840	"/home/boggy/ref_rapl/energy_exp_server/NPB3.4.3/NPB3.4-MPI/bin/mg.C.x"
0.92643404 W	2569841	"/home/boggy/ref_rapl/energy_exp_server/NPB3.4.3/NPB3.4-MPI/bin/mg.C.x"
0.92643404 W	2569843	"/home/boggy/ref_rapl/energy_exp_server/NPB3.4.3/NPB3.4-MPI/bin/mg.C.x"
0.92643404 W	2569842	"/home/boggy/ref_rapl/energy_exp_server/NPB3.4.3/NPB3.4-MPI/bin/mg.C.x"
0.6176227 W	2569821	"/home/boggy/ref_rapl/scaphandre/target/release/scaphandre"
------------------------------------------------------------

Host:	55.188189 W from 
	package 	core		dram		uncore
Socket0	47.563145 W |	43.327805 W	4.463039 W	0 W	

Top 5 consumers:
Power		PID	Exe
1.2760273 W	2569821	"/home/boggy/ref_rapl/scaphandre/target/release/scaphandre"
0.95702064 W	2569840	"/home/boggy/ref_rapl/energy_exp_server/NPB3.4.3/NPB3.4-MPI/bin/mg.C.x"
0.95702064 W	2569843	"/home/boggy/ref_rapl/energy_exp_server/NPB3.4.3/NPB3.4-MPI/bin/mg.C.x"
0.95702064 W	2569842	"/home/boggy/ref_rapl/energy_exp_server/NPB3.4.3/NPB3.4-MPI/bin/mg.C.x"
0.63801366 W	2569841	"/home/boggy/ref_rapl/energy_exp_server/NPB3.4.3/NPB3.4-MPI/bin/mg.C.x"
------------------------------------------------------------

Host:	54.354103 W from 
	package 	core		dram		uncore
Socket0	52.40298 W |	45.99054 W	4.603674 W	0 W	

Top 5 consumers:
Power		PID	Exe
0.9425567 W	2569841	"/home/boggy/ref_rapl/energy_exp_server/NPB3.4.3/NPB3.4-MPI/bin/mg.C.x"
0.9425567 W	2569843	"/home/boggy/ref_rapl/energy_exp_server/NPB3.4.3/NPB3.4-MPI/bin/mg.C.x"
0.9425567 W	2569842	"/home/boggy/ref_rapl/energy_exp_server/NPB3.4.3/NPB3.4-MPI/bin/mg.C.x"
0.62837106 W	2569821	"/home/boggy/ref_rapl/scaphandre/target/release/scaphandre"
0.62837106 W	2569840	"/home/boggy/ref_rapl/energy_exp_server/NPB3.4.3/NPB3.4-MPI/bin/mg.C.x"
------------------------------------------------------------

Host:	56.228657 W from 
	package 	core		dram		uncore
Socket0	49.944073 W |	46.308567 W	4.632647 W	0 W	

Top 5 consumers:
Power		PID	Exe
0.97506344 W	2569840	"/home/boggy/ref_rapl/energy_exp_server/NPB3.4.3/NPB3.4-MPI/bin/mg.C.x"
0.97506344 W	2569841	"/home/boggy/ref_rapl/energy_exp_server/NPB3.4.3/NPB3.4-MPI/bin/mg.C.x"
0.97506344 W	2569843	"/home/boggy/ref_rapl/energy_exp_server/NPB3.4.3/NPB3.4-MPI/bin/mg.C.x"
0.97506344 W	2569842	"/home/boggy/ref_rapl/energy_exp_server/NPB3.4.3/NPB3.4-MPI/bin/mg.C.x"
0.65004224 W	2569821	"/home/boggy/ref_rapl/scaphandre/target/release/scaphandre"
------------------------------------------------------------

Host:	56.891572 W from 
	package 	core		dram		uncore
Socket0	51.454685 W |	46.399696 W	4.596176 W	0 W	

Top 5 consumers:
Power		PID	Exe
0.98655903 W	2569840	"/home/boggy/ref_rapl/energy_exp_server/NPB3.4.3/NPB3.4-MPI/bin/mg.C.x"
0.98655903 W	2569841	"/home/boggy/ref_rapl/energy_exp_server/NPB3.4.3/NPB3.4-MPI/bin/mg.C.x"
0.98655903 W	2569843	"/home/boggy/ref_rapl/energy_exp_server/NPB3.4.3/NPB3.4-MPI/bin/mg.C.x"
0.98655903 W	2569842	"/home/boggy/ref_rapl/energy_exp_server/NPB3.4.3/NPB3.4-MPI/bin/mg.C.x"
0.657706 W	2569821	"/home/boggy/ref_rapl/scaphandre/target/release/scaphandre"
------------------------------------------------------------

Host:	56.147922 W from 
	package 	core		dram		uncore
Socket0	52.09285 W |	46.272396 W	4.496444 W	0 W	

Top 5 consumers:
Power		PID	Exe
0.9736634 W	2569840	"/home/boggy/ref_rapl/energy_exp_server/NPB3.4.3/NPB3.4-MPI/bin/mg.C.x"
0.9736634 W	2569841	"/home/boggy/ref_rapl/energy_exp_server/NPB3.4.3/NPB3.4-MPI/bin/mg.C.x"
0.9736634 W	2569843	"/home/boggy/ref_rapl/energy_exp_server/NPB3.4.3/NPB3.4-MPI/bin/mg.C.x"
0.9736634 W	2569842	"/home/boggy/ref_rapl/energy_exp_server/NPB3.4.3/NPB3.4-MPI/bin/mg.C.x"
0.6491089 W	2569821	"/home/boggy/ref_rapl/scaphandre/target/release/scaphandre"
------------------------------------------------------------

Host:	56.061598 W from 
	package 	core		dram		uncore
Socket0	51.921024 W |	46.39391 W	4.652502 W	0 W	

Top 5 consumers:
Power		PID	Exe
0.9721664 W	2569840	"/home/boggy/ref_rapl/energy_exp_server/NPB3.4.3/NPB3.4-MPI/bin/mg.C.x"
0.9721664 W	2569841	"/home/boggy/ref_rapl/energy_exp_server/NPB3.4.3/NPB3.4-MPI/bin/mg.C.x"
0.9721664 W	2569843	"/home/boggy/ref_rapl/energy_exp_server/NPB3.4.3/NPB3.4-MPI/bin/mg.C.x"
0.9721664 W	2569842	"/home/boggy/ref_rapl/energy_exp_server/NPB3.4.3/NPB3.4-MPI/bin/mg.C.x"
0.6481109 W	2569821	"/home/boggy/ref_rapl/scaphandre/target/release/scaphandre"
------------------------------------------------------------

Host:	54.237395 W from 
	package 	core		dram		uncore
Socket0	51.520527 W |	46.534634 W	4.586067 W	0 W	

Top 5 consumers:
Power		PID	Exe
0.9982343 W	2569840	"/home/boggy/ref_rapl/energy_exp_server/NPB3.4.3/NPB3.4-MPI/bin/mg.C.x"
0.9982343 W	2569841	"/home/boggy/ref_rapl/energy_exp_server/NPB3.4.3/NPB3.4-MPI/bin/mg.C.x"
0.9982343 W	2569843	"/home/boggy/ref_rapl/energy_exp_server/NPB3.4.3/NPB3.4-MPI/bin/mg.C.x"
0.9982343 W	2569842	"/home/boggy/ref_rapl/energy_exp_server/NPB3.4.3/NPB3.4-MPI/bin/mg.C.x"
0.6654895 W	2569821	"/home/boggy/ref_rapl/scaphandre/target/release/scaphandre"
------------------------------------------------------------

Host:	53.963613 W from 
	package 	core		dram		uncore
Socket0	47.75839 W |	43.776997 W	3.772804 W	0 W	

Top 5 consumers:
Power		PID	Exe
1.3242604 W	2569841	"/home/boggy/ref_rapl/energy_exp_server/NPB3.4.3/NPB3.4-MPI/bin/mg.C.x"
0.9931953 W	2569821	"/home/boggy/ref_rapl/scaphandre/target/release/scaphandre"
0.9931953 W	2569840	"/home/boggy/ref_rapl/energy_exp_server/NPB3.4.3/NPB3.4-MPI/bin/mg.C.x"
0.9931953 W	2569842	"/home/boggy/ref_rapl/energy_exp_server/NPB3.4.3/NPB3.4-MPI/bin/mg.C.x"
0.6621302 W	2569843	"/home/boggy/ref_rapl/energy_exp_server/NPB3.4.3/NPB3.4-MPI/bin/mg.C.x"
------------------------------------------------------------

Host:	54.384304 W from 
	package 	core		dram		uncore
Socket0	52.46163 W |	45.35283 W	4.707727 W	0 W	

Top 5 consumers:
Power		PID	Exe
1.0009382 W	2569821	"/home/boggy/ref_rapl/scaphandre/target/release/scaphandre"
1.0009382 W	2569843	"/home/boggy/ref_rapl/energy_exp_server/NPB3.4.3/NPB3.4-MPI/bin/mg.C.x"
1.0009382 W	2569842	"/home/boggy/ref_rapl/energy_exp_server/NPB3.4.3/NPB3.4-MPI/bin/mg.C.x"
0.66729206 W	2569840	"/home/boggy/ref_rapl/energy_exp_server/NPB3.4.3/NPB3.4-MPI/bin/mg.C.x"
0.66729206 W	2569841	"/home/boggy/ref_rapl/energy_exp_server/NPB3.4.3/NPB3.4-MPI/bin/mg.C.x"
------------------------------------------------------------

Host:	55.198589 W from 
	package 	core		dram		uncore
Socket0	49.98881 W |	45.520344 W	4.703907 W	0 W	

Top 5 consumers:
Power		PID	Exe
1.0159249 W	2569821	"/home/boggy/ref_rapl/scaphandre/target/release/scaphandre"
0.6772832 W	2569840	"/home/boggy/ref_rapl/energy_exp_server/NPB3.4.3/NPB3.4-MPI/bin/mg.C.x"
0.6772832 W	2569841	"/home/boggy/ref_rapl/energy_exp_server/NPB3.4.3/NPB3.4-MPI/bin/mg.C.x"
0.6772832 W	2569843	"/home/boggy/ref_rapl/energy_exp_server/NPB3.4.3/NPB3.4-MPI/bin/mg.C.x"
0.6772832 W	2569842	"/home/boggy/ref_rapl/energy_exp_server/NPB3.4.3/NPB3.4-MPI/bin/mg.C.x"
------------------------------------------------------------

Host:	56.632335 W from 
	package 	core		dram		uncore
Socket0	50.753353 W |	45.694424 W	4.778957 W	0 W	

Top 5 consumers:
Power		PID	Exe
0.69487524 W	2569821	"/home/boggy/ref_rapl/scaphandre/target/release/scaphandre"
0.69487524 W	2569840	"/home/boggy/ref_rapl/energy_exp_server/NPB3.4.3/NPB3.4-MPI/bin/mg.C.x"
0.69487524 W	2569841	"/home/boggy/ref_rapl/energy_exp_server/NPB3.4.3/NPB3.4-MPI/bin/mg.C.x"
0.69487524 W	2569843	"/home/boggy/ref_rapl/energy_exp_server/NPB3.4.3/NPB3.4-MPI/bin/mg.C.x"
0.69487524 W	2569842	"/home/boggy/ref_rapl/energy_exp_server/NPB3.4.3/NPB3.4-MPI/bin/mg.C.x"
------------------------------------------------------------

Host:	55.062458 W from 
	package 	core		dram		uncore
Socket0	51.61232 W |	45.597794 W	4.866885 W	0 W	

Top 5 consumers:
Power		PID	Exe
1.0134195 W	2569840	"/home/boggy/ref_rapl/energy_exp_server/NPB3.4.3/NPB3.4-MPI/bin/mg.C.x"
1.0134195 W	2569841	"/home/boggy/ref_rapl/energy_exp_server/NPB3.4.3/NPB3.4-MPI/bin/mg.C.x"
0.6756129 W	2569821	"/home/boggy/ref_rapl/scaphandre/target/release/scaphandre"
0.6756129 W	2569843	"/home/boggy/ref_rapl/energy_exp_server/NPB3.4.3/NPB3.4-MPI/bin/mg.C.x"
0.6756129 W	2569842	"/home/boggy/ref_rapl/energy_exp_server/NPB3.4.3/NPB3.4-MPI/bin/mg.C.x"
------------------------------------------------------------

Host:	54.172846 W from 
	package 	core		dram		uncore
Socket0	50.01317 W |	45.270935 W	4.736994 W	0 W	

Top 5 consumers:
Power		PID	Exe
1.3293948 W	2569842	"/home/boggy/ref_rapl/energy_exp_server/NPB3.4.3/NPB3.4-MPI/bin/mg.C.x"
0.99704623 W	2569821	"/home/boggy/ref_rapl/scaphandre/target/release/scaphandre"
0.99704623 W	2569840	"/home/boggy/ref_rapl/energy_exp_server/NPB3.4.3/NPB3.4-MPI/bin/mg.C.x"
0.99704623 W	2569841	"/home/boggy/ref_rapl/energy_exp_server/NPB3.4.3/NPB3.4-MPI/bin/mg.C.x"
0.99704623 W	2569843	"/home/boggy/ref_rapl/energy_exp_server/NPB3.4.3/NPB3.4-MPI/bin/mg.C.x"
------------------------------------------------------------

Host:	53.599939 W from 
	package 	core		dram		uncore
Socket0	49.185463 W |	43.9946 W	4.777829 W	0 W	

Top 5 consumers:
Power		PID	Exe
1.3153359 W	2569843	"/home/boggy/ref_rapl/energy_exp_server/NPB3.4.3/NPB3.4-MPI/bin/mg.C.x"
0.98650193 W	2569821	"/home/boggy/ref_rapl/scaphandre/target/release/scaphandre"
0.98650193 W	2569840	"/home/boggy/ref_rapl/energy_exp_server/NPB3.4.3/NPB3.4-MPI/bin/mg.C.x"
0.98650193 W	2569841	"/home/boggy/ref_rapl/energy_exp_server/NPB3.4.3/NPB3.4-MPI/bin/mg.C.x"
0.98650193 W	2569842	"/home/boggy/ref_rapl/energy_exp_server/NPB3.4.3/NPB3.4-MPI/bin/mg.C.x"
------------------------------------------------------------

Host:	54.231337 W from 
	package 	core		dram		uncore
Socket0	49.44004 W |	44.313255 W	4.774816 W	0 W	

Top 5 consumers:
Power		PID	Exe
0.9458955 W	2569821	"/home/boggy/ref_rapl/scaphandre/target/release/scaphandre"
0.9458955 W	2569840	"/home/boggy/ref_rapl/energy_exp_server/NPB3.4.3/NPB3.4-MPI/bin/mg.C.x"
0.9458955 W	2569841	"/home/boggy/ref_rapl/energy_exp_server/NPB3.4.3/NPB3.4-MPI/bin/mg.C.x"
0.9458955 W	2569843	"/home/boggy/ref_rapl/energy_exp_server/NPB3.4.3/NPB3.4-MPI/bin/mg.C.x"
0.9458955 W	2569842	"/home/boggy/ref_rapl/energy_exp_server/NPB3.4.3/NPB3.4-MPI/bin/mg.C.x"
------------------------------------------------------------

Host:	51.532459 W from 
	package 	core		dram		uncore
Socket0	49.007988 W |	44.189716 W	4.741018 W	0 W	

Top 5 consumers:
Power		PID	Exe
0.898822 W	2569840	"/home/boggy/ref_rapl/energy_exp_server/NPB3.4.3/NPB3.4-MPI/bin/mg.C.x"
0.898822 W	2569841	"/home/boggy/ref_rapl/energy_exp_server/NPB3.4.3/NPB3.4-MPI/bin/mg.C.x"
0.898822 W	2569843	"/home/boggy/ref_rapl/energy_exp_server/NPB3.4.3/NPB3.4-MPI/bin/mg.C.x"
0.898822 W	2569842	"/home/boggy/ref_rapl/energy_exp_server/NPB3.4.3/NPB3.4-MPI/bin/mg.C.x"
0.5992146 W	2569821	"/home/boggy/ref_rapl/scaphandre/target/release/scaphandre"
------------------------------------------------------------

Host:	52.635013 W from 
	package 	core		dram		uncore
Socket0	46.65049 W |	42.451984 W	4.398573 W	0 W	

Top 5 consumers:
Power		PID	Exe
0.9180526 W	2569821	"/home/boggy/ref_rapl/scaphandre/target/release/scaphandre"
0.9180526 W	2569840	"/home/boggy/ref_rapl/energy_exp_server/NPB3.4.3/NPB3.4-MPI/bin/mg.C.x"
0.9180526 W	2569841	"/home/boggy/ref_rapl/energy_exp_server/NPB3.4.3/NPB3.4-MPI/bin/mg.C.x"
0.9180526 W	2569843	"/home/boggy/ref_rapl/energy_exp_server/NPB3.4.3/NPB3.4-MPI/bin/mg.C.x"
0.9180526 W	2569842	"/home/boggy/ref_rapl/energy_exp_server/NPB3.4.3/NPB3.4-MPI/bin/mg.C.x"
------------------------------------------------------------

Host:	52.769952 W from 
	package 	core		dram		uncore
Socket0	49.543385 W |	43.40317 W	4.352116 W	0 W	

Top 5 consumers:
Power		PID	Exe
0.92040616 W	2569840	"/home/boggy/ref_rapl/energy_exp_server/NPB3.4.3/NPB3.4-MPI/bin/mg.C.x"
0.92040616 W	2569841	"/home/boggy/ref_rapl/energy_exp_server/NPB3.4.3/NPB3.4-MPI/bin/mg.C.x"
0.92040616 W	2569843	"/home/boggy/ref_rapl/energy_exp_server/NPB3.4.3/NPB3.4-MPI/bin/mg.C.x"
0.92040616 W	2569842	"/home/boggy/ref_rapl/energy_exp_server/NPB3.4.3/NPB3.4-MPI/bin/mg.C.x"
0.61360407 W	2569821	"/home/boggy/ref_rapl/scaphandre/target/release/scaphandre"
------------------------------------------------------------

Host:	51.241566 W from 
	package 	core		dram		uncore
Socket0	48.086555 W |	42.76244 W	4.700776 W	0 W	

Top 5 consumers:
Power		PID	Exe
0.8937483 W	2569821	"/home/boggy/ref_rapl/scaphandre/target/release/scaphandre"
0.8937483 W	2569840	"/home/boggy/ref_rapl/energy_exp_server/NPB3.4.3/NPB3.4-MPI/bin/mg.C.x"
0.8937483 W	2569841	"/home/boggy/ref_rapl/energy_exp_server/NPB3.4.3/NPB3.4-MPI/bin/mg.C.x"
0.8937483 W	2569843	"/home/boggy/ref_rapl/energy_exp_server/NPB3.4.3/NPB3.4-MPI/bin/mg.C.x"
0.8937483 W	2569842	"/home/boggy/ref_rapl/energy_exp_server/NPB3.4.3/NPB3.4-MPI/bin/mg.C.x"
------------------------------------------------------------

Host:	49.567694 W from 
	package 	core		dram		uncore
Socket0	46.77308 W |	42.224663 W	4.262379 W	0 W	

Top 5 consumers:
Power		PID	Exe
1.152737 W	2569840	"/home/boggy/ref_rapl/energy_exp_server/NPB3.4.3/NPB3.4-MPI/bin/mg.C.x"
0.86455286 W	2569841	"/home/boggy/ref_rapl/energy_exp_server/NPB3.4.3/NPB3.4-MPI/bin/mg.C.x"
0.86455286 W	2569843	"/home/boggy/ref_rapl/energy_exp_server/NPB3.4.3/NPB3.4-MPI/bin/mg.C.x"
0.86455286 W	2569842	"/home/boggy/ref_rapl/energy_exp_server/NPB3.4.3/NPB3.4-MPI/bin/mg.C.x"
0.5763685 W	2569821	"/home/boggy/ref_rapl/scaphandre/target/release/scaphandre"
------------------------------------------------------------

Host:	45.996036 W from 
	package 	core		dram		uncore
Socket0	42.43253 W |	37.391167 W	4.586833 W	0 W	

Top 5 consumers:
Power		PID	Exe
1.6725831 W	2569821	"/home/boggy/ref_rapl/scaphandre/target/release/scaphandre"
1.6725831 W	2569841	"/home/boggy/ref_rapl/energy_exp_server/NPB3.4.3/NPB3.4-MPI/bin/mg.C.x"
1.6725831 W	2569842	"/home/boggy/ref_rapl/energy_exp_server/NPB3.4.3/NPB3.4-MPI/bin/mg.C.x"
1.3938192 W	2569840	"/home/boggy/ref_rapl/energy_exp_server/NPB3.4.3/NPB3.4-MPI/bin/mg.C.x"
1.3938192 W	2569843	"/home/boggy/ref_rapl/energy_exp_server/NPB3.4.3/NPB3.4-MPI/bin/mg.C.x"
------------------------------------------------------------

Host:	47.881939 W from 
	package 	core		dram		uncore
Socket0	41.883957 W |	36.725727 W	4.59486 W	0 W	

Top 5 consumers:
Power		PID	Exe
1.7411613 W	2569821	"/home/boggy/ref_rapl/scaphandre/target/release/scaphandre"
1.4509679 W	2569840	"/home/boggy/ref_rapl/energy_exp_server/NPB3.4.3/NPB3.4-MPI/bin/mg.C.x"
1.4509679 W	2569841	"/home/boggy/ref_rapl/energy_exp_server/NPB3.4.3/NPB3.4-MPI/bin/mg.C.x"
1.4509679 W	2569843	"/home/boggy/ref_rapl/energy_exp_server/NPB3.4.3/NPB3.4-MPI/bin/mg.C.x"
1.1607742 W	2569842	"/home/boggy/ref_rapl/energy_exp_server/NPB3.4.3/NPB3.4-MPI/bin/mg.C.x"
------------------------------------------------------------

Host:	53.394113 W from 
	package 	core		dram		uncore
Socket0	43.719845 W |	38.497177 W	4.458201 W	0 W	

Top 5 consumers:
Power		PID	Exe
1.2944026 W	2569840	"/home/boggy/ref_rapl/energy_exp_server/NPB3.4.3/NPB3.4-MPI/bin/mg.C.x"
1.2944026 W	2569841	"/home/boggy/ref_rapl/energy_exp_server/NPB3.4.3/NPB3.4-MPI/bin/mg.C.x"
1.2944026 W	2569843	"/home/boggy/ref_rapl/energy_exp_server/NPB3.4.3/NPB3.4-MPI/bin/mg.C.x"
1.2944026 W	2569842	"/home/boggy/ref_rapl/energy_exp_server/NPB3.4.3/NPB3.4-MPI/bin/mg.C.x"
0.6472013 W	2569821	"/home/boggy/ref_rapl/scaphandre/target/release/scaphandre"
------------------------------------------------------------

Host:	54.383363 W from 
	package 	core		dram		uncore
Socket0	50.856544 W |	46.08845 W	4.436208 W	0 W	

Top 5 consumers:
Power		PID	Exe
1.3183845 W	2569821	"/home/boggy/ref_rapl/scaphandre/target/release/scaphandre"
1.3183845 W	2569843	"/home/boggy/ref_rapl/energy_exp_server/NPB3.4.3/NPB3.4-MPI/bin/mg.C.x"
1.3183845 W	2569842	"/home/boggy/ref_rapl/energy_exp_server/NPB3.4.3/NPB3.4-MPI/bin/mg.C.x"
0.98878837 W	2569840	"/home/boggy/ref_rapl/energy_exp_server/NPB3.4.3/NPB3.4-MPI/bin/mg.C.x"
0.98878837 W	2569841	"/home/boggy/ref_rapl/energy_exp_server/NPB3.4.3/NPB3.4-MPI/bin/mg.C.x"
------------------------------------------------------------

Host:	53.0512 W from 
	package 	core		dram		uncore
Socket0	51.14984 W |	45.17933 W	4.562694 W	0 W	

Top 5 consumers:
Power		PID	Exe
0.96456724 W	2569821	"/home/boggy/ref_rapl/scaphandre/target/release/scaphandre"
0.96456724 W	2569840	"/home/boggy/ref_rapl/energy_exp_server/NPB3.4.3/NPB3.4-MPI/bin/mg.C.x"
0.96456724 W	2569841	"/home/boggy/ref_rapl/energy_exp_server/NPB3.4.3/NPB3.4-MPI/bin/mg.C.x"
0.96456724 W	2569843	"/home/boggy/ref_rapl/energy_exp_server/NPB3.4.3/NPB3.4-MPI/bin/mg.C.x"
0.96456724 W	2569842	"/home/boggy/ref_rapl/energy_exp_server/NPB3.4.3/NPB3.4-MPI/bin/mg.C.x"
------------------------------------------------------------

Host:	52.112888 W from 
	package 	core		dram		uncore
Socket0	47.034035 W |	41.919235 W	4.550422 W	0 W	

Top 5 consumers:
Power		PID	Exe
0.947507 W	2569840	"/home/boggy/ref_rapl/energy_exp_server/NPB3.4.3/NPB3.4-MPI/bin/mg.C.x"
0.947507 W	2569841	"/home/boggy/ref_rapl/energy_exp_server/NPB3.4.3/NPB3.4-MPI/bin/mg.C.x"
0.947507 W	2569843	"/home/boggy/ref_rapl/energy_exp_server/NPB3.4.3/NPB3.4-MPI/bin/mg.C.x"
0.947507 W	2569842	"/home/boggy/ref_rapl/energy_exp_server/NPB3.4.3/NPB3.4-MPI/bin/mg.C.x"
0.31583565 W	2569821	"/home/boggy/ref_rapl/scaphandre/target/release/scaphandre"
------------------------------------------------------------

Host:	51.155762 W from 
	package 	core		dram		uncore
Socket0	47.452404 W |	42.13034 W	4.581845 W	0 W	

Top 5 consumers:
Power		PID	Exe
0.88199586 W	2569821	"/home/boggy/ref_rapl/scaphandre/target/release/scaphandre"
0.88199586 W	2569840	"/home/boggy/ref_rapl/energy_exp_server/NPB3.4.3/NPB3.4-MPI/bin/mg.C.x"
0.88199586 W	2569841	"/home/boggy/ref_rapl/energy_exp_server/NPB3.4.3/NPB3.4-MPI/bin/mg.C.x"
0.88199586 W	2569843	"/home/boggy/ref_rapl/energy_exp_server/NPB3.4.3/NPB3.4-MPI/bin/mg.C.x"
0.88199586 W	2569842	"/home/boggy/ref_rapl/energy_exp_server/NPB3.4.3/NPB3.4-MPI/bin/mg.C.x"
------------------------------------------------------------

Host:	54.095923 W from 
	package 	core		dram		uncore
Socket0	47.812958 W |	43.21281 W	4.798165 W	0 W	

Top 5 consumers:
Power		PID	Exe
0.9326883 W	2569821	"/home/boggy/ref_rapl/scaphandre/target/release/scaphandre"
0.9326883 W	2569840	"/home/boggy/ref_rapl/energy_exp_server/NPB3.4.3/NPB3.4-MPI/bin/mg.C.x"
0.9326883 W	2569841	"/home/boggy/ref_rapl/energy_exp_server/NPB3.4.3/NPB3.4-MPI/bin/mg.C.x"
0.9326883 W	2569843	"/home/boggy/ref_rapl/energy_exp_server/NPB3.4.3/NPB3.4-MPI/bin/mg.C.x"
0.9326883 W	2569842	"/home/boggy/ref_rapl/energy_exp_server/NPB3.4.3/NPB3.4-MPI/bin/mg.C.x"
------------------------------------------------------------

Host:	55.30907 W from 
	package 	core		dram		uncore
Socket0	49.08157 W |	44.09456 W	4.762434 W	0 W	

Top 5 consumers:
Power		PID	Exe
0.95360464 W	2569840	"/home/boggy/ref_rapl/energy_exp_server/NPB3.4.3/NPB3.4-MPI/bin/mg.C.x"
0.95360464 W	2569841	"/home/boggy/ref_rapl/energy_exp_server/NPB3.4.3/NPB3.4-MPI/bin/mg.C.x"
0.95360464 W	2569843	"/home/boggy/ref_rapl/energy_exp_server/NPB3.4.3/NPB3.4-MPI/bin/mg.C.x"
0.95360464 W	2569842	"/home/boggy/ref_rapl/energy_exp_server/NPB3.4.3/NPB3.4-MPI/bin/mg.C.x"
0.63573647 W	2569821	"/home/boggy/ref_rapl/scaphandre/target/release/scaphandre"
------------------------------------------------------------

Host:	52.852815 W from 
	package 	core		dram		uncore
Socket0	50.43475 W |	43.90307 W	4.765967 W	0 W	

Top 5 consumers:
Power		PID	Exe
1.2150073 W	2569840	"/home/boggy/ref_rapl/energy_exp_server/NPB3.4.3/NPB3.4-MPI/bin/mg.C.x"
0.9112554 W	2569821	"/home/boggy/ref_rapl/scaphandre/target/release/scaphandre"
0.9112554 W	2569841	"/home/boggy/ref_rapl/energy_exp_server/NPB3.4.3/NPB3.4-MPI/bin/mg.C.x"
0.9112554 W	2569843	"/home/boggy/ref_rapl/energy_exp_server/NPB3.4.3/NPB3.4-MPI/bin/mg.C.x"
0.9112554 W	2569842	"/home/boggy/ref_rapl/energy_exp_server/NPB3.4.3/NPB3.4-MPI/bin/mg.C.x"
------------------------------------------------------------

Host:	54.703132 W from 
	package 	core		dram		uncore
Socket0	48.32285 W |	44.001167 W	4.844421 W	0 W	

Top 5 consumers:
Power		PID	Exe
0.94315743 W	2569840	"/home/boggy/ref_rapl/energy_exp_server/NPB3.4.3/NPB3.4-MPI/bin/mg.C.x"
0.94315743 W	2569841	"/home/boggy/ref_rapl/energy_exp_server/NPB3.4.3/NPB3.4-MPI/bin/mg.C.x"
0.94315743 W	2569843	"/home/boggy/ref_rapl/energy_exp_server/NPB3.4.3/NPB3.4-MPI/bin/mg.C.x"
0.94315743 W	2569842	"/home/boggy/ref_rapl/energy_exp_server/NPB3.4.3/NPB3.4-MPI/bin/mg.C.x"
0.6287716 W	2569821	"/home/boggy/ref_rapl/scaphandre/target/release/scaphandre"
------------------------------------------------------------

Host:	53.568996 W from 
	package 	core		dram		uncore
Socket0	49.859524 W |	43.91914 W	4.70898 W	0 W	

Top 5 consumers:
Power		PID	Exe
0.92360336 W	2569840	"/home/boggy/ref_rapl/energy_exp_server/NPB3.4.3/NPB3.4-MPI/bin/mg.C.x"
0.92360336 W	2569841	"/home/boggy/ref_rapl/energy_exp_server/NPB3.4.3/NPB3.4-MPI/bin/mg.C.x"
0.92360336 W	2569843	"/home/boggy/ref_rapl/energy_exp_server/NPB3.4.3/NPB3.4-MPI/bin/mg.C.x"
0.92360336 W	2569842	"/home/boggy/ref_rapl/energy_exp_server/NPB3.4.3/NPB3.4-MPI/bin/mg.C.x"
0.6157356 W	2569821	"/home/boggy/ref_rapl/scaphandre/target/release/scaphandre"
------------------------------------------------------------

Host:	53.311314 W from 
	package 	core		dram		uncore
Socket0	48.575928 W |	43.73639 W	4.738032 W	0 W	

Top 5 consumers:
Power		PID	Exe
1.2255474 W	2569821	"/home/boggy/ref_rapl/scaphandre/target/release/scaphandre"
0.91916054 W	2569840	"/home/boggy/ref_rapl/energy_exp_server/NPB3.4.3/NPB3.4-MPI/bin/mg.C.x"
0.91916054 W	2569841	"/home/boggy/ref_rapl/energy_exp_server/NPB3.4.3/NPB3.4-MPI/bin/mg.C.x"
0.91916054 W	2569843	"/home/boggy/ref_rapl/energy_exp_server/NPB3.4.3/NPB3.4-MPI/bin/mg.C.x"
0.91916054 W	2569842	"/home/boggy/ref_rapl/energy_exp_server/NPB3.4.3/NPB3.4-MPI/bin/mg.C.x"
------------------------------------------------------------

Host:	52.351098 W from 
	package 	core		dram		uncore
Socket0	48.85773 W |	44.18111 W	4.731116 W	0 W	

Top 5 consumers:
Power		PID	Exe
1.2174674 W	2569841	"/home/boggy/ref_rapl/energy_exp_server/NPB3.4.3/NPB3.4-MPI/bin/mg.C.x"
0.9131006 W	2569840	"/home/boggy/ref_rapl/energy_exp_server/NPB3.4.3/NPB3.4-MPI/bin/mg.C.x"
0.9131006 W	2569843	"/home/boggy/ref_rapl/energy_exp_server/NPB3.4.3/NPB3.4-MPI/bin/mg.C.x"
0.9131006 W	2569842	"/home/boggy/ref_rapl/energy_exp_server/NPB3.4.3/NPB3.4-MPI/bin/mg.C.x"
0.6087337 W	2569821	"/home/boggy/ref_rapl/scaphandre/target/release/scaphandre"
------------------------------------------------------------

Host:	55.844747 W from 
	package 	core		dram		uncore
Socket0	47.331966 W |	42.75127 W	4.663629 W	0 W	

Top 5 consumers:
Power		PID	Exe
1.298715 W	2569842	"/home/boggy/ref_rapl/energy_exp_server/NPB3.4.3/NPB3.4-MPI/bin/mg.C.x"
0.9740364 W	2569840	"/home/boggy/ref_rapl/energy_exp_server/NPB3.4.3/NPB3.4-MPI/bin/mg.C.x"
0.9740364 W	2569841	"/home/boggy/ref_rapl/energy_exp_server/NPB3.4.3/NPB3.4-MPI/bin/mg.C.x"
0.9740364 W	2569843	"/home/boggy/ref_rapl/energy_exp_server/NPB3.4.3/NPB3.4-MPI/bin/mg.C.x"
0.6493575 W	2569821	"/home/boggy/ref_rapl/scaphandre/target/release/scaphandre"
------------------------------------------------------------

Host:	56.548908 W from 
	package 	core		dram		uncore
Socket0	52.86617 W |	47.287758 W	4.515052 W	0 W	

Top 5 consumers:
Power		PID	Exe
0.98631823 W	2569821	"/home/boggy/ref_rapl/scaphandre/target/release/scaphandre"
0.98631823 W	2569840	"/home/boggy/ref_rapl/energy_exp_server/NPB3.4.3/NPB3.4-MPI/bin/mg.C.x"
0.98631823 W	2569841	"/home/boggy/ref_rapl/energy_exp_server/NPB3.4.3/NPB3.4-MPI/bin/mg.C.x"
0.98631823 W	2569843	"/home/boggy/ref_rapl/energy_exp_server/NPB3.4.3/NPB3.4-MPI/bin/mg.C.x"
0.32877272 W	1127	""
------------------------------------------------------------

Host:	56.942243 W from 
	package 	core		dram		uncore
Socket0	51.741383 W |	46.312943 W	4.634924 W	0 W	

Top 5 consumers:
Power		PID	Exe
0.9931787 W	2569840	"/home/boggy/ref_rapl/energy_exp_server/NPB3.4.3/NPB3.4-MPI/bin/mg.C.x"
0.9931787 W	2569841	"/home/boggy/ref_rapl/energy_exp_server/NPB3.4.3/NPB3.4-MPI/bin/mg.C.x"
0.9931787 W	2569843	"/home/boggy/ref_rapl/energy_exp_server/NPB3.4.3/NPB3.4-MPI/bin/mg.C.x"
0.9931787 W	2569842	"/home/boggy/ref_rapl/energy_exp_server/NPB3.4.3/NPB3.4-MPI/bin/mg.C.x"
0.6621191 W	2569821	"/home/boggy/ref_rapl/scaphandre/target/release/scaphandre"
------------------------------------------------------------

Host:	54.44505 W from 
	package 	core		dram		uncore
Socket0	51.76597 W |	46.30164 W	4.64004 W	0 W	

Top 5 consumers:
Power		PID	Exe
0.949623 W	2569840	"/home/boggy/ref_rapl/energy_exp_server/NPB3.4.3/NPB3.4-MPI/bin/mg.C.x"
0.949623 W	2569841	"/home/boggy/ref_rapl/energy_exp_server/NPB3.4.3/NPB3.4-MPI/bin/mg.C.x"
0.949623 W	2569843	"/home/boggy/ref_rapl/energy_exp_server/NPB3.4.3/NPB3.4-MPI/bin/mg.C.x"
0.6330819 W	2569821	"/home/boggy/ref_rapl/scaphandre/target/release/scaphandre"
0.6330819 W	2569842	"/home/boggy/ref_rapl/energy_exp_server/NPB3.4.3/NPB3.4-MPI/bin/mg.C.x"
------------------------------------------------------------

Host:	56.073265 W from 
	package 	core		dram		uncore
Socket0	50.167145 W |	46.339096 W	4.640587 W	0 W	

Top 5 consumers:
Power		PID	Exe
0.9780221 W	2569821	"/home/boggy/ref_rapl/scaphandre/target/release/scaphandre"
0.9780221 W	2569840	"/home/boggy/ref_rapl/energy_exp_server/NPB3.4.3/NPB3.4-MPI/bin/mg.C.x"
0.9780221 W	2569841	"/home/boggy/ref_rapl/energy_exp_server/NPB3.4.3/NPB3.4-MPI/bin/mg.C.x"
0.9780221 W	2569843	"/home/boggy/ref_rapl/energy_exp_server/NPB3.4.3/NPB3.4-MPI/bin/mg.C.x"
0.9780221 W	2569842	"/home/boggy/ref_rapl/energy_exp_server/NPB3.4.3/NPB3.4-MPI/bin/mg.C.x"
------------------------------------------------------------

Host:	56.420768 W from 
	package 	core		dram		uncore
Socket0	51.639076 W |	46.1729 W	4.630891 W	0 W	

Top 5 consumers:
Power		PID	Exe
0.98408324 W	2569840	"/home/boggy/ref_rapl/energy_exp_server/NPB3.4.3/NPB3.4-MPI/bin/mg.C.x"
0.98408324 W	2569841	"/home/boggy/ref_rapl/energy_exp_server/NPB3.4.3/NPB3.4-MPI/bin/mg.C.x"
0.98408324 W	2569843	"/home/boggy/ref_rapl/energy_exp_server/NPB3.4.3/NPB3.4-MPI/bin/mg.C.x"
0.98408324 W	2569842	"/home/boggy/ref_rapl/energy_exp_server/NPB3.4.3/NPB3.4-MPI/bin/mg.C.x"
0.65605545 W	2569821	"/home/boggy/ref_rapl/scaphandre/target/release/scaphandre"
------------------------------------------------------------

Host:	54.301775 W from 
	package 	core		dram		uncore
Socket0	51.90596 W |	46.62339 W	4.473832 W	0 W	

Top 5 consumers:
Power		PID	Exe
0.975481 W	2569840	"/home/boggy/ref_rapl/energy_exp_server/NPB3.4.3/NPB3.4-MPI/bin/mg.C.x"
0.975481 W	2569841	"/home/boggy/ref_rapl/energy_exp_server/NPB3.4.3/NPB3.4-MPI/bin/mg.C.x"
0.975481 W	2569843	"/home/boggy/ref_rapl/energy_exp_server/NPB3.4.3/NPB3.4-MPI/bin/mg.C.x"
0.975481 W	2569842	"/home/boggy/ref_rapl/energy_exp_server/NPB3.4.3/NPB3.4-MPI/bin/mg.C.x"
0.6503207 W	2569821	"/home/boggy/ref_rapl/scaphandre/target/release/scaphandre"
------------------------------------------------------------

Host:	54.662819 W from 
	package 	core		dram		uncore
Socket0	49.328148 W |	43.661423 W	4.367355 W	0 W	

Top 5 consumers:
Power		PID	Exe
0.9819668 W	2569840	"/home/boggy/ref_rapl/energy_exp_server/NPB3.4.3/NPB3.4-MPI/bin/mg.C.x"
0.9819668 W	2569841	"/home/boggy/ref_rapl/energy_exp_server/NPB3.4.3/NPB3.4-MPI/bin/mg.C.x"
0.9819668 W	2569843	"/home/boggy/ref_rapl/energy_exp_server/NPB3.4.3/NPB3.4-MPI/bin/mg.C.x"
0.9819668 W	2569842	"/home/boggy/ref_rapl/energy_exp_server/NPB3.4.3/NPB3.4-MPI/bin/mg.C.x"
0.6546446 W	2569821	"/home/boggy/ref_rapl/scaphandre/target/release/scaphandre"
------------------------------------------------------------

Host:	52.37654 W from 
	package 	core		dram		uncore
Socket0	49.434948 W |	43.96264 W	4.82018 W	0 W	

Top 5 consumers:
Power		PID	Exe
1.254528 W	2569843	"/home/boggy/ref_rapl/energy_exp_server/NPB3.4.3/NPB3.4-MPI/bin/mg.C.x"
1.254528 W	2569842	"/home/boggy/ref_rapl/energy_exp_server/NPB3.4.3/NPB3.4-MPI/bin/mg.C.x"
0.9408959 W	2569821	"/home/boggy/ref_rapl/scaphandre/target/release/scaphandre"
0.9408959 W	2569840	"/home/boggy/ref_rapl/energy_exp_server/NPB3.4.3/NPB3.4-MPI/bin/mg.C.x"
0.9408959 W	2569841	"/home/boggy/ref_rapl/energy_exp_server/NPB3.4.3/NPB3.4-MPI/bin/mg.C.x"
------------------------------------------------------------

Host:	54.055999 W from 
	package 	core		dram		uncore
Socket0	49.328243 W |	44.090935 W	4.783866 W	0 W	

Top 5 consumers:
Power		PID	Exe
0.9710659 W	2569840	"/home/boggy/ref_rapl/energy_exp_server/NPB3.4.3/NPB3.4-MPI/bin/mg.C.x"
0.9710659 W	2569841	"/home/boggy/ref_rapl/energy_exp_server/NPB3.4.3/NPB3.4-MPI/bin/mg.C.x"
0.9710659 W	2569843	"/home/boggy/ref_rapl/energy_exp_server/NPB3.4.3/NPB3.4-MPI/bin/mg.C.x"
0.9710659 W	2569842	"/home/boggy/ref_rapl/energy_exp_server/NPB3.4.3/NPB3.4-MPI/bin/mg.C.x"
0.6473773 W	2569821	"/home/boggy/ref_rapl/scaphandre/target/release/scaphandre"
------------------------------------------------------------

Host:	54.576096 W from 
	package 	core		dram		uncore
Socket0	47.91832 W |	44.071266 W	4.797711 W	0 W	

Top 5 consumers:
Power		PID	Exe
1.307212 W	2569840	"/home/boggy/ref_rapl/energy_exp_server/NPB3.4.3/NPB3.4-MPI/bin/mg.C.x"
0.98040897 W	2569821	"/home/boggy/ref_rapl/scaphandre/target/release/scaphandre"
0.98040897 W	2569841	"/home/boggy/ref_rapl/energy_exp_server/NPB3.4.3/NPB3.4-MPI/bin/mg.C.x"
0.98040897 W	2569843	"/home/boggy/ref_rapl/energy_exp_server/NPB3.4.3/NPB3.4-MPI/bin/mg.C.x"
0.98040897 W	2569842	"/home/boggy/ref_rapl/energy_exp_server/NPB3.4.3/NPB3.4-MPI/bin/mg.C.x"
------------------------------------------------------------

Host:	54.513373 W from 
	package 	core		dram		uncore
Socket0	49.729347 W |	43.930664 W	4.684554 W	0 W	

Top 5 consumers:
Power		PID	Exe
0.9792822 W	2569840	"/home/boggy/ref_rapl/energy_exp_server/NPB3.4.3/NPB3.4-MPI/bin/mg.C.x"
0.9792822 W	2569841	"/home/boggy/ref_rapl/energy_exp_server/NPB3.4.3/NPB3.4-MPI/bin/mg.C.x"
0.9792822 W	2569843	"/home/boggy/ref_rapl/energy_exp_server/NPB3.4.3/NPB3.4-MPI/bin/mg.C.x"
0.9792822 W	2569842	"/home/boggy/ref_rapl/energy_exp_server/NPB3.4.3/NPB3.4-MPI/bin/mg.C.x"
0.6528548 W	2569821	"/home/boggy/ref_rapl/scaphandre/target/release/scaphandre"
------------------------------------------------------------

Host:	53.11528 W from 
	package 	core		dram		uncore
Socket0	49.639225 W |	43.9988 W	4.839909 W	0 W	

Top 5 consumers:
Power		PID	Exe
1.2722224 W	2569841	"/home/boggy/ref_rapl/energy_exp_server/NPB3.4.3/NPB3.4-MPI/bin/mg.C.x"
0.95416677 W	2569821	"/home/boggy/ref_rapl/scaphandre/target/release/scaphandre"
0.95416677 W	2569840	"/home/boggy/ref_rapl/energy_exp_server/NPB3.4.3/NPB3.4-MPI/bin/mg.C.x"
0.95416677 W	2569843	"/home/boggy/ref_rapl/energy_exp_server/NPB3.4.3/NPB3.4-MPI/bin/mg.C.x"
0.95416677 W	2569842	"/home/boggy/ref_rapl/energy_exp_server/NPB3.4.3/NPB3.4-MPI/bin/mg.C.x"
------------------------------------------------------------

Host:	54.595462 W from 
	package 	core		dram		uncore
Socket0	48.464783 W |	44.07965 W	4.84213 W	0 W	

Top 5 consumers:
Power		PID	Exe
0.9253468 W	2569840	"/home/boggy/ref_rapl/energy_exp_server/NPB3.4.3/NPB3.4-MPI/bin/mg.C.x"
0.9253468 W	2569841	"/home/boggy/ref_rapl/energy_exp_server/NPB3.4.3/NPB3.4-MPI/bin/mg.C.x"
0.9253468 W	2569843	"/home/boggy/ref_rapl/energy_exp_server/NPB3.4.3/NPB3.4-MPI/bin/mg.C.x"
0.9253468 W	2569842	"/home/boggy/ref_rapl/energy_exp_server/NPB3.4.3/NPB3.4-MPI/bin/mg.C.x"
0.6168979 W	2569821	"/home/boggy/ref_rapl/scaphandre/target/release/scaphandre"
------------------------------------------------------------

Host:	52.493602 W from 
	package 	core		dram		uncore
Socket0	47.6399 W |	42.9261 W	4.694463 W	0 W	

Top 5 consumers:
Power		PID	Exe
1.1862961 W	2569843	"/home/boggy/ref_rapl/energy_exp_server/NPB3.4.3/NPB3.4-MPI/bin/mg.C.x"
1.1862961 W	2569842	"/home/boggy/ref_rapl/energy_exp_server/NPB3.4.3/NPB3.4-MPI/bin/mg.C.x"
0.88972205 W	2569821	"/home/boggy/ref_rapl/scaphandre/target/release/scaphandre"
0.88972205 W	2569840	"/home/boggy/ref_rapl/energy_exp_server/NPB3.4.3/NPB3.4-MPI/bin/mg.C.x"
0.88972205 W	2569841	"/home/boggy/ref_rapl/energy_exp_server/NPB3.4.3/NPB3.4-MPI/bin/mg.C.x"
------------------------------------------------------------

Host:	51.772555 W from 
	package 	core		dram		uncore
Socket0	49.301888 W |	43.522144 W	4.369511 W	0 W	

Top 5 consumers:
Power		PID	Exe
0.87750095 W	2569840	"/home/boggy/ref_rapl/energy_exp_server/NPB3.4.3/NPB3.4-MPI/bin/mg.C.x"
0.87750095 W	2569841	"/home/boggy/ref_rapl/energy_exp_server/NPB3.4.3/NPB3.4-MPI/bin/mg.C.x"
0.87750095 W	2569843	"/home/boggy/ref_rapl/energy_exp_server/NPB3.4.3/NPB3.4-MPI/bin/mg.C.x"
0.87750095 W	2569842	"/home/boggy/ref_rapl/energy_exp_server/NPB3.4.3/NPB3.4-MPI/bin/mg.C.x"
0.58500063 W	2569821	"/home/boggy/ref_rapl/scaphandre/target/release/scaphandre"
------------------------------------------------------------

Host:	51.867204 W from 
	package 	core		dram		uncore
Socket0	47.314228 W |	42.684044 W	4.623849 W	0 W	

Top 5 consumers:
Power		PID	Exe
0.8791052 W	2569821	"/home/boggy/ref_rapl/scaphandre/target/release/scaphandre"
0.8791052 W	2569840	"/home/boggy/ref_rapl/energy_exp_server/NPB3.4.3/NPB3.4-MPI/bin/mg.C.x"
0.8791052 W	2569841	"/home/boggy/ref_rapl/energy_exp_server/NPB3.4.3/NPB3.4-MPI/bin/mg.C.x"
0.8791052 W	2569843	"/home/boggy/ref_rapl/energy_exp_server/NPB3.4.3/NPB3.4-MPI/bin/mg.C.x"
0.8791052 W	2569842	"/home/boggy/ref_rapl/energy_exp_server/NPB3.4.3/NPB3.4-MPI/bin/mg.C.x"
------------------------------------------------------------

Host:	48.485092 W from 
	package 	core		dram		uncore
Socket0	46.664783 W |	42.10247 W	4.397772 W	0 W	

Top 5 consumers:
Power		PID	Exe
1.0957083 W	2569840	"/home/boggy/ref_rapl/energy_exp_server/NPB3.4.3/NPB3.4-MPI/bin/mg.C.x"
0.8217813 W	2569821	"/home/boggy/ref_rapl/scaphandre/target/release/scaphandre"
0.8217813 W	2569841	"/home/boggy/ref_rapl/energy_exp_server/NPB3.4.3/NPB3.4-MPI/bin/mg.C.x"
0.8217813 W	2569843	"/home/boggy/ref_rapl/energy_exp_server/NPB3.4.3/NPB3.4-MPI/bin/mg.C.x"
0.8217813 W	2569842	"/home/boggy/ref_rapl/energy_exp_server/NPB3.4.3/NPB3.4-MPI/bin/mg.C.x"
------------------------------------------------------------

Host:	46.116365 W from 
	package 	core		dram		uncore
Socket0	42.653313 W |	37.420143 W	4.557479 W	0 W	

Top 5 consumers:
Power		PID	Exe
1.5632666 W	2569821	"/home/boggy/ref_rapl/scaphandre/target/release/scaphandre"
1.5632666 W	2569841	"/home/boggy/ref_rapl/energy_exp_server/NPB3.4.3/NPB3.4-MPI/bin/mg.C.x"
1.5632666 W	2569843	"/home/boggy/ref_rapl/energy_exp_server/NPB3.4.3/NPB3.4-MPI/bin/mg.C.x"
1.5632666 W	2569842	"/home/boggy/ref_rapl/energy_exp_server/NPB3.4.3/NPB3.4-MPI/bin/mg.C.x"
1.3027221 W	2569840	"/home/boggy/ref_rapl/energy_exp_server/NPB3.4.3/NPB3.4-MPI/bin/mg.C.x"
------------------------------------------------------------

Host:	47.587638 W from 
	package 	core		dram		uncore
Socket0	42.4528 W |	36.837856 W	4.536455 W	0 W	

Top 5 consumers:
Power		PID	Exe
1.2792376 W	2569821	"/home/boggy/ref_rapl/scaphandre/target/release/scaphandre"
1.2792376 W	2569840	"/home/boggy/ref_rapl/energy_exp_server/NPB3.4.3/NPB3.4-MPI/bin/mg.C.x"
1.2792376 W	2569841	"/home/boggy/ref_rapl/energy_exp_server/NPB3.4.3/NPB3.4-MPI/bin/mg.C.x"
1.2792376 W	2569843	"/home/boggy/ref_rapl/energy_exp_server/NPB3.4.3/NPB3.4-MPI/bin/mg.C.x"
1.2792376 W	2569842	"/home/boggy/ref_rapl/energy_exp_server/NPB3.4.3/NPB3.4-MPI/bin/mg.C.x"
------------------------------------------------------------

Host:	53.225103 W from 
	package 	core		dram		uncore
Socket0	43.2059 W |	38.4563 W	4.531128 W	0 W	

Top 5 consumers:
Power		PID	Exe
1.4307823 W	2569840	"/home/boggy/ref_rapl/energy_exp_server/NPB3.4.3/NPB3.4-MPI/bin/mg.C.x"
1.1446259 W	2569841	"/home/boggy/ref_rapl/energy_exp_server/NPB3.4.3/NPB3.4-MPI/bin/mg.C.x"
1.1446259 W	2569843	"/home/boggy/ref_rapl/energy_exp_server/NPB3.4.3/NPB3.4-MPI/bin/mg.C.x"
1.1446259 W	2569842	"/home/boggy/ref_rapl/energy_exp_server/NPB3.4.3/NPB3.4-MPI/bin/mg.C.x"
0.57231295 W	2569821	"/home/boggy/ref_rapl/scaphandre/target/release/scaphandre"
------------------------------------------------------------

Host:	54.818301 W from 
	package 	core		dram		uncore
Socket0	50.69048 W |	46.23441 W	4.532091 W	0 W	

Top 5 consumers:
Power		PID	Exe
1.1788882 W	2569821	"/home/boggy/ref_rapl/scaphandre/target/release/scaphandre"
0.88416606 W	2569840	"/home/boggy/ref_rapl/energy_exp_server/NPB3.4.3/NPB3.4-MPI/bin/mg.C.x"
0.88416606 W	2569841	"/home/boggy/ref_rapl/energy_exp_server/NPB3.4.3/NPB3.4-MPI/bin/mg.C.x"
0.88416606 W	2569843	"/home/boggy/ref_rapl/energy_exp_server/NPB3.4.3/NPB3.4-MPI/bin/mg.C.x"
0.88416606 W	2569842	"/home/boggy/ref_rapl/energy_exp_server/NPB3.4.3/NPB3.4-MPI/bin/mg.C.x"
------------------------------------------------------------

Host:	51.222882 W from 
	package 	core		dram		uncore
Socket0	51.028046 W |	44.720295 W	4.478168 W	0 W	

Top 5 consumers:
Power		PID	Exe
0.82617545 W	2569840	"/home/boggy/ref_rapl/energy_exp_server/NPB3.4.3/NPB3.4-MPI/bin/mg.C.x"
0.82617545 W	2569841	"/home/boggy/ref_rapl/energy_exp_server/NPB3.4.3/NPB3.4-MPI/bin/mg.C.x"
0.82617545 W	2569843	"/home/boggy/ref_rapl/energy_exp_server/NPB3.4.3/NPB3.4-MPI/bin/mg.C.x"
0.82617545 W	2569842	"/home/boggy/ref_rapl/energy_exp_server/NPB3.4.3/NPB3.4-MPI/bin/mg.C.x"
0.5507837 W	2569821	"/home/boggy/ref_rapl/scaphandre/target/release/scaphandre"
------------------------------------------------------------

Host:	53.023643 W from 
	package 	core		dram		uncore
Socket0	47.2188 W |	41.811855 W	4.586259 W	0 W	

Top 5 consumers:
Power		PID	Exe
1.1402935 W	2569840	"/home/boggy/ref_rapl/energy_exp_server/NPB3.4.3/NPB3.4-MPI/bin/mg.C.x"
0.85522 W	2569841	"/home/boggy/ref_rapl/energy_exp_server/NPB3.4.3/NPB3.4-MPI/bin/mg.C.x"
0.85522 W	2569843	"/home/boggy/ref_rapl/energy_exp_server/NPB3.4.3/NPB3.4-MPI/bin/mg.C.x"
0.85522 W	2569842	"/home/boggy/ref_rapl/energy_exp_server/NPB3.4.3/NPB3.4-MPI/bin/mg.C.x"
0.57014674 W	2569821	"/home/boggy/ref_rapl/scaphandre/target/release/scaphandre"
------------------------------------------------------------

Host:	52.878459 W from 
	package 	core		dram		uncore
Socket0	46.803993 W |	41.864674 W	4.535476 W	0 W	

Top 5 consumers:
Power		PID	Exe
0.85287833 W	2569841	"/home/boggy/ref_rapl/energy_exp_server/NPB3.4.3/NPB3.4-MPI/bin/mg.C.x"
0.85287833 W	2569843	"/home/boggy/ref_rapl/energy_exp_server/NPB3.4.3/NPB3.4-MPI/bin/mg.C.x"
0.85287833 W	2569842	"/home/boggy/ref_rapl/energy_exp_server/NPB3.4.3/NPB3.4-MPI/bin/mg.C.x"
0.56858563 W	2569821	"/home/boggy/ref_rapl/scaphandre/target/release/scaphandre"
0.56858563 W	2569840	"/home/boggy/ref_rapl/energy_exp_server/NPB3.4.3/NPB3.4-MPI/bin/mg.C.x"
------------------------------------------------------------

Host:	52.891026 W from 
	package 	core		dram		uncore
Socket0	49.126846 W |	43.28509 W	4.783832 W	0 W	

Top 5 consumers:
Power		PID	Exe
1.3059512 W	2569840	"/home/boggy/ref_rapl/energy_exp_server/NPB3.4.3/NPB3.4-MPI/bin/mg.C.x"
0.97946346 W	2569821	"/home/boggy/ref_rapl/scaphandre/target/release/scaphandre"
0.97946346 W	2569841	"/home/boggy/ref_rapl/energy_exp_server/NPB3.4.3/NPB3.4-MPI/bin/mg.C.x"
0.97946346 W	2569843	"/home/boggy/ref_rapl/energy_exp_server/NPB3.4.3/NPB3.4-MPI/bin/mg.C.x"
0.97946346 W	2569842	"/home/boggy/ref_rapl/energy_exp_server/NPB3.4.3/NPB3.4-MPI/bin/mg.C.x"
------------------------------------------------------------

Host:	54.463905 W from 
	package 	core		dram		uncore
Socket0	48.112354 W |	43.78366 W	4.686825 W	0 W	

Top 5 consumers:
Power		PID	Exe
1.3447877 W	2569841	"/home/boggy/ref_rapl/energy_exp_server/NPB3.4.3/NPB3.4-MPI/bin/mg.C.x"
1.3447877 W	2569842	"/home/boggy/ref_rapl/energy_exp_server/NPB3.4.3/NPB3.4-MPI/bin/mg.C.x"
1.0085908 W	2569821	"/home/boggy/ref_rapl/scaphandre/target/release/scaphandre"
1.0085908 W	2569840	"/home/boggy/ref_rapl/energy_exp_server/NPB3.4.3/NPB3.4-MPI/bin/mg.C.x"
1.0085908 W	2569843	"/home/boggy/ref_rapl/energy_exp_server/NPB3.4.3/NPB3.4-MPI/bin/mg.C.x"
------------------------------------------------------------

Host:	53.032636 W from 
	package 	core		dram		uncore
Socket0	49.94006 W |	44.074863 W	4.856291 W	0 W	

Top 5 consumers:
Power		PID	Exe
1.3094478 W	2569843	"/home/boggy/ref_rapl/energy_exp_server/NPB3.4.3/NPB3.4-MPI/bin/mg.C.x"
0.9820858 W	2569821	"/home/boggy/ref_rapl/scaphandre/target/release/scaphandre"
0.9820858 W	2569840	"/home/boggy/ref_rapl/energy_exp_server/NPB3.4.3/NPB3.4-MPI/bin/mg.C.x"
0.9820858 W	2569841	"/home/boggy/ref_rapl/energy_exp_server/NPB3.4.3/NPB3.4-MPI/bin/mg.C.x"
0.9820858 W	2569842	"/home/boggy/ref_rapl/energy_exp_server/NPB3.4.3/NPB3.4-MPI/bin/mg.C.x"
------------------------------------------------------------

Host:	54.380015 W from 
	package 	core		dram		uncore
Socket0	48.097607 W |	43.78985 W	4.841026 W	0 W	

Top 5 consumers:
Power		PID	Exe
1.0070373 W	2569840	"/home/boggy/ref_rapl/energy_exp_server/NPB3.4.3/NPB3.4-MPI/bin/mg.C.x"
1.0070373 W	2569841	"/home/boggy/ref_rapl/energy_exp_server/NPB3.4.3/NPB3.4-MPI/bin/mg.C.x"
1.0070373 W	2569843	"/home/boggy/ref_rapl/energy_exp_server/NPB3.4.3/NPB3.4-MPI/bin/mg.C.x"
1.0070373 W	2569842	"/home/boggy/ref_rapl/energy_exp_server/NPB3.4.3/NPB3.4-MPI/bin/mg.C.x"
0.67135817 W	2569821	"/home/boggy/ref_rapl/scaphandre/target/release/scaphandre"
------------------------------------------------------------

Host:	53.120943 W from 
	package 	core		dram		uncore
Socket0	49.58155 W |	43.942024 W	4.671543 W	0 W	

Top 5 consumers:
Power		PID	Exe
0.98372114 W	2569840	"/home/boggy/ref_rapl/energy_exp_server/NPB3.4.3/NPB3.4-MPI/bin/mg.C.x"
0.98372114 W	2569841	"/home/boggy/ref_rapl/energy_exp_server/NPB3.4.3/NPB3.4-MPI/bin/mg.C.x"
0.98372114 W	2569843	"/home/boggy/ref_rapl/energy_exp_server/NPB3.4.3/NPB3.4-MPI/bin/mg.C.x"
0.98372114 W	2569842	"/home/boggy/ref_rapl/energy_exp_server/NPB3.4.3/NPB3.4-MPI/bin/mg.C.x"
0.6558141 W	2569821	"/home/boggy/ref_rapl/scaphandre/target/release/scaphandre"
------------------------------------------------------------

Host:	54.066939 W from 
	package 	core		dram		uncore
Socket0	48.255543 W |	43.811478 W	4.846409 W	0 W	

Top 5 consumers:
Power		PID	Exe
1.0012397 W	2569821	"/home/boggy/ref_rapl/scaphandre/target/release/scaphandre"
1.0012397 W	2569840	"/home/boggy/ref_rapl/energy_exp_server/NPB3.4.3/NPB3.4-MPI/bin/mg.C.x"
1.0012397 W	2569841	"/home/boggy/ref_rapl/energy_exp_server/NPB3.4.3/NPB3.4-MPI/bin/mg.C.x"
1.0012397 W	2569843	"/home/boggy/ref_rapl/energy_exp_server/NPB3.4.3/NPB3.4-MPI/bin/mg.C.x"
1.0012397 W	2569842	"/home/boggy/ref_rapl/energy_exp_server/NPB3.4.3/NPB3.4-MPI/bin/mg.C.x"
------------------------------------------------------------

Host:	52.988079 W from 
	package 	core		dram		uncore
Socket0	49.844593 W |	43.445404 W	4.749002 W	0 W	

Top 5 consumers:
Power		PID	Exe
1.3083476 W	2569840	"/home/boggy/ref_rapl/energy_exp_server/NPB3.4.3/NPB3.4-MPI/bin/mg.C.x"
0.9812607 W	2569841	"/home/boggy/ref_rapl/energy_exp_server/NPB3.4.3/NPB3.4-MPI/bin/mg.C.x"
0.9812607 W	2569843	"/home/boggy/ref_rapl/energy_exp_server/NPB3.4.3/NPB3.4-MPI/bin/mg.C.x"
0.9812607 W	2569842	"/home/boggy/ref_rapl/energy_exp_server/NPB3.4.3/NPB3.4-MPI/bin/mg.C.x"
0.6541738 W	2569821	"/home/boggy/ref_rapl/scaphandre/target/release/scaphandre"
------------------------------------------------------------

Host:	54.397603 W from 
	package 	core		dram		uncore
Socket0	48.067505 W |	44.48013 W	3.258822 W	0 W	

Top 5 consumers:
Power		PID	Exe
0.95434386 W	2569841	"/home/boggy/ref_rapl/energy_exp_server/NPB3.4.3/NPB3.4-MPI/bin/mg.C.x"
0.95434386 W	2569843	"/home/boggy/ref_rapl/energy_exp_server/NPB3.4.3/NPB3.4-MPI/bin/mg.C.x"
0.95434386 W	2569842	"/home/boggy/ref_rapl/energy_exp_server/NPB3.4.3/NPB3.4-MPI/bin/mg.C.x"
0.63622934 W	2569821	"/home/boggy/ref_rapl/scaphandre/target/release/scaphandre"
0.63622934 W	2569840	"/home/boggy/ref_rapl/energy_exp_server/NPB3.4.3/NPB3.4-MPI/bin/mg.C.x"
------------------------------------------------------------

Host:	56.392912 W from 
	package 	core		dram		uncore
Socket0	51.36981 W |	45.863583 W	4.639509 W	0 W	

Top 5 consumers:
Power		PID	Exe
0.9893493 W	2569840	"/home/boggy/ref_rapl/energy_exp_server/NPB3.4.3/NPB3.4-MPI/bin/mg.C.x"
0.9893493 W	2569841	"/home/boggy/ref_rapl/energy_exp_server/NPB3.4.3/NPB3.4-MPI/bin/mg.C.x"
0.9893493 W	2569843	"/home/boggy/ref_rapl/energy_exp_server/NPB3.4.3/NPB3.4-MPI/bin/mg.C.x"
0.9893493 W	2569842	"/home/boggy/ref_rapl/energy_exp_server/NPB3.4.3/NPB3.4-MPI/bin/mg.C.x"
0.6595662 W	2569821	"/home/boggy/ref_rapl/scaphandre/target/release/scaphandre"
------------------------------------------------------------

Host:	54.581545 W from 
	package 	core		dram		uncore
Socket0	50.33949 W |	46.34376 W	4.645973 W	0 W	

Top 5 consumers:
Power		PID	Exe
0.9575709 W	2569821	"/home/boggy/ref_rapl/scaphandre/target/release/scaphandre"
0.9575709 W	2569840	"/home/boggy/ref_rapl/energy_exp_server/NPB3.4.3/NPB3.4-MPI/bin/mg.C.x"
0.9575709 W	2569841	"/home/boggy/ref_rapl/energy_exp_server/NPB3.4.3/NPB3.4-MPI/bin/mg.C.x"
0.9575709 W	2569843	"/home/boggy/ref_rapl/energy_exp_server/NPB3.4.3/NPB3.4-MPI/bin/mg.C.x"
0.9575709 W	2569842	"/home/boggy/ref_rapl/energy_exp_server/NPB3.4.3/NPB3.4-MPI/bin/mg.C.x"
------------------------------------------------------------

Host:	56.204075 W from 
	package 	core		dram		uncore
Socket0	51.540897 W |	46.333244 W	4.59995 W	0 W	

Top 5 consumers:
Power		PID	Exe
0.98603636 W	2569840	"/home/boggy/ref_rapl/energy_exp_server/NPB3.4.3/NPB3.4-MPI/bin/mg.C.x"
0.98603636 W	2569841	"/home/boggy/ref_rapl/energy_exp_server/NPB3.4.3/NPB3.4-MPI/bin/mg.C.x"
0.98603636 W	2569843	"/home/boggy/ref_rapl/energy_exp_server/NPB3.4.3/NPB3.4-MPI/bin/mg.C.x"
0.98603636 W	2569842	"/home/boggy/ref_rapl/energy_exp_server/NPB3.4.3/NPB3.4-MPI/bin/mg.C.x"
0.65735763 W	2569821	"/home/boggy/ref_rapl/scaphandre/target/release/scaphandre"
------------------------------------------------------------

Host:	56.710278 W from 
	package 	core		dram		uncore
Socket0	51.190533 W |	46.399006 W	4.596594 W	0 W	

Top 5 consumers:
Power		PID	Exe
0.99491715 W	2569821	"/home/boggy/ref_rapl/scaphandre/target/release/scaphandre"
0.99491715 W	2569840	"/home/boggy/ref_rapl/energy_exp_server/NPB3.4.3/NPB3.4-MPI/bin/mg.C.x"
0.99491715 W	2569841	"/home/boggy/ref_rapl/energy_exp_server/NPB3.4.3/NPB3.4-MPI/bin/mg.C.x"
0.99491715 W	2569843	"/home/boggy/ref_rapl/energy_exp_server/NPB3.4.3/NPB3.4-MPI/bin/mg.C.x"
0.99491715 W	2569842	"/home/boggy/ref_rapl/energy_exp_server/NPB3.4.3/NPB3.4-MPI/bin/mg.C.x"
------------------------------------------------------------

Host:	56.872294 W from 
	package 	core		dram		uncore
Socket0	52.536377 W |	46.481792 W	4.543648 W	0 W	

Top 5 consumers:
Power		PID	Exe
0.9977596 W	2569840	"/home/boggy/ref_rapl/energy_exp_server/NPB3.4.3/NPB3.4-MPI/bin/mg.C.x"
0.9977596 W	2569841	"/home/boggy/ref_rapl/energy_exp_server/NPB3.4.3/NPB3.4-MPI/bin/mg.C.x"
0.9977596 W	2569843	"/home/boggy/ref_rapl/energy_exp_server/NPB3.4.3/NPB3.4-MPI/bin/mg.C.x"
0.9977596 W	2569842	"/home/boggy/ref_rapl/energy_exp_server/NPB3.4.3/NPB3.4-MPI/bin/mg.C.x"
0.66517305 W	2569821	"/home/boggy/ref_rapl/scaphandre/target/release/scaphandre"
------------------------------------------------------------

Host:	52.652015 W from 
	package 	core		dram		uncore
Socket0	50.557426 W |	46.420128 W	4.676146 W	0 W	

Top 5 consumers:
Power		PID	Exe
0.9237196 W	2569840	"/home/boggy/ref_rapl/energy_exp_server/NPB3.4.3/NPB3.4-MPI/bin/mg.C.x"
0.9237196 W	2569841	"/home/boggy/ref_rapl/energy_exp_server/NPB3.4.3/NPB3.4-MPI/bin/mg.C.x"
0.9237196 W	2569843	"/home/boggy/ref_rapl/energy_exp_server/NPB3.4.3/NPB3.4-MPI/bin/mg.C.x"
0.9237196 W	2569842	"/home/boggy/ref_rapl/energy_exp_server/NPB3.4.3/NPB3.4-MPI/bin/mg.C.x"
0.6158131 W	2569821	"/home/boggy/ref_rapl/scaphandre/target/release/scaphandre"
------------------------------------------------------------

Host:	53.55767 W from 
	package 	core		dram		uncore
Socket0	49.18764 W |	44.418816 W	3.985022 W	0 W	

Top 5 consumers:
Power		PID	Exe
0.96211386 W	2569840	"/home/boggy/ref_rapl/energy_exp_server/NPB3.4.3/NPB3.4-MPI/bin/mg.C.x"
0.96211386 W	2569841	"/home/boggy/ref_rapl/energy_exp_server/NPB3.4.3/NPB3.4-MPI/bin/mg.C.x"
0.96211386 W	2569843	"/home/boggy/ref_rapl/energy_exp_server/NPB3.4.3/NPB3.4-MPI/bin/mg.C.x"
0.96211386 W	2569842	"/home/boggy/ref_rapl/energy_exp_server/NPB3.4.3/NPB3.4-MPI/bin/mg.C.x"
0.6414093 W	2569821	"/home/boggy/ref_rapl/scaphandre/target/release/scaphandre"
------------------------------------------------------------

Host:	54.467558 W from 
	package 	core		dram		uncore
Socket0	49.56205 W |	43.90911 W	4.77641 W	0 W	

Top 5 consumers:
Power		PID	Exe
0.9784591 W	2569821	"/home/boggy/ref_rapl/scaphandre/target/release/scaphandre"
0.9784591 W	2569840	"/home/boggy/ref_rapl/energy_exp_server/NPB3.4.3/NPB3.4-MPI/bin/mg.C.x"
0.9784591 W	2569841	"/home/boggy/ref_rapl/energy_exp_server/NPB3.4.3/NPB3.4-MPI/bin/mg.C.x"
0.9784591 W	2569843	"/home/boggy/ref_rapl/energy_exp_server/NPB3.4.3/NPB3.4-MPI/bin/mg.C.x"
0.9784591 W	2569842	"/home/boggy/ref_rapl/energy_exp_server/NPB3.4.3/NPB3.4-MPI/bin/mg.C.x"
------------------------------------------------------------

Host:	54.293805 W from 
	package 	core		dram		uncore
Socket0	49.454033 W |	44.05758 W	4.650248 W	0 W	

Top 5 consumers:
Power		PID	Exe
0.9753378 W	2569840	"/home/boggy/ref_rapl/energy_exp_server/NPB3.4.3/NPB3.4-MPI/bin/mg.C.x"
0.9753378 W	2569841	"/home/boggy/ref_rapl/energy_exp_server/NPB3.4.3/NPB3.4-MPI/bin/mg.C.x"
0.9753378 W	2569843	"/home/boggy/ref_rapl/energy_exp_server/NPB3.4.3/NPB3.4-MPI/bin/mg.C.x"
0.9753378 W	2569842	"/home/boggy/ref_rapl/energy_exp_server/NPB3.4.3/NPB3.4-MPI/bin/mg.C.x"
0.6502252 W	2569821	"/home/boggy/ref_rapl/scaphandre/target/release/scaphandre"
------------------------------------------------------------

Host:	54.308951 W from 
	package 	core		dram		uncore
Socket0	49.758804 W |	44.22897 W	4.820087 W	0 W	

Top 5 consumers:
Power		PID	Exe
1.3008132 W	2569840	"/home/boggy/ref_rapl/energy_exp_server/NPB3.4.3/NPB3.4-MPI/bin/mg.C.x"
1.3008132 W	2569841	"/home/boggy/ref_rapl/energy_exp_server/NPB3.4.3/NPB3.4-MPI/bin/mg.C.x"
0.97560996 W	2569843	"/home/boggy/ref_rapl/energy_exp_server/NPB3.4.3/NPB3.4-MPI/bin/mg.C.x"
0.97560996 W	2569842	"/home/boggy/ref_rapl/energy_exp_server/NPB3.4.3/NPB3.4-MPI/bin/mg.C.x"
0.6504066 W	2569821	"/home/boggy/ref_rapl/scaphandre/target/release/scaphandre"
------------------------------------------------------------

Host:	54.089018 W from 
	package 	core		dram		uncore
Socket0	48.904312 W |	44.004128 W	4.749349 W	0 W	

Top 5 consumers:
Power		PID	Exe
1.2955455 W	2569821	"/home/boggy/ref_rapl/scaphandre/target/release/scaphandre"
1.2955455 W	2569843	"/home/boggy/ref_rapl/energy_exp_server/NPB3.4.3/NPB3.4-MPI/bin/mg.C.x"
1.2955455 W	2569842	"/home/boggy/ref_rapl/energy_exp_server/NPB3.4.3/NPB3.4-MPI/bin/mg.C.x"
0.971659 W	2569840	"/home/boggy/ref_rapl/energy_exp_server/NPB3.4.3/NPB3.4-MPI/bin/mg.C.x"
0.971659 W	2569841	"/home/boggy/ref_rapl/energy_exp_server/NPB3.4.3/NPB3.4-MPI/bin/mg.C.x"
------------------------------------------------------------

Host:	53.130034 W from 
	package 	core		dram		uncore
Socket0	49.61825 W |	44.06908 W	4.826769 W	0 W	

Top 5 consumers:
Power		PID	Exe
0.9544318 W	2569840	"/home/boggy/ref_rapl/energy_exp_server/NPB3.4.3/NPB3.4-MPI/bin/mg.C.x"
0.9544318 W	2569841	"/home/boggy/ref_rapl/energy_exp_server/NPB3.4.3/NPB3.4-MPI/bin/mg.C.x"
0.9544318 W	2569843	"/home/boggy/ref_rapl/energy_exp_server/NPB3.4.3/NPB3.4-MPI/bin/mg.C.x"
0.9544318 W	2569842	"/home/boggy/ref_rapl/energy_exp_server/NPB3.4.3/NPB3.4-MPI/bin/mg.C.x"
0.63628787 W	2569821	"/home/boggy/ref_rapl/scaphandre/target/release/scaphandre"
------------------------------------------------------------

Host:	55.175495 W from 
	package 	core		dram		uncore
Socket0	48.3394 W |	43.908016 W	4.841637 W	0 W	

Top 5 consumers:
Power		PID	Exe
0.99117655 W	2569821	"/home/boggy/ref_rapl/scaphandre/target/release/scaphandre"
0.6607844 W	2569840	"/home/boggy/ref_rapl/energy_exp_server/NPB3.4.3/NPB3.4-MPI/bin/mg.C.x"
0.6607844 W	2569841	"/home/boggy/ref_rapl/energy_exp_server/NPB3.4.3/NPB3.4-MPI/bin/mg.C.x"
0.6607844 W	2569843	"/home/boggy/ref_rapl/energy_exp_server/NPB3.4.3/NPB3.4-MPI/bin/mg.C.x"
0.6607844 W	2569842	"/home/boggy/ref_rapl/energy_exp_server/NPB3.4.3/NPB3.4-MPI/bin/mg.C.x"
------------------------------------------------------------

Host:	54.531948 W from 
	package 	core		dram		uncore
Socket0	50.63345 W |	45.355186 W	4.598247 W	0 W	

Top 5 consumers:
Power		PID	Exe
0.9975356 W	2569840	"/home/boggy/ref_rapl/energy_exp_server/NPB3.4.3/NPB3.4-MPI/bin/mg.C.x"
0.9975356 W	2569841	"/home/boggy/ref_rapl/energy_exp_server/NPB3.4.3/NPB3.4-MPI/bin/mg.C.x"
0.6650237 W	2569843	"/home/boggy/ref_rapl/energy_exp_server/NPB3.4.3/NPB3.4-MPI/bin/mg.C.x"
0.6650237 W	2569842	"/home/boggy/ref_rapl/energy_exp_server/NPB3.4.3/NPB3.4-MPI/bin/mg.C.x"
0.33251184 W	2569821	"/home/boggy/ref_rapl/scaphandre/target/release/scaphandre"
------------------------------------------------------------

Host:	52.453557 W from 
	package 	core		dram		uncore
Socket0	48.65325 W |	43.088455 W	4.627688 W	0 W	

Top 5 consumers:
Power		PID	Exe
0.9595162 W	2569821	"/home/boggy/ref_rapl/scaphandre/target/release/scaphandre"
0.9595162 W	2569842	"/home/boggy/ref_rapl/energy_exp_server/NPB3.4.3/NPB3.4-MPI/bin/mg.C.x"
0.6396775 W	2569840	"/home/boggy/ref_rapl/energy_exp_server/NPB3.4.3/NPB3.4-MPI/bin/mg.C.x"
0.6396775 W	2569841	"/home/boggy/ref_rapl/energy_exp_server/NPB3.4.3/NPB3.4-MPI/bin/mg.C.x"
0.6396775 W	2569843	"/home/boggy/ref_rapl/energy_exp_server/NPB3.4.3/NPB3.4-MPI/bin/mg.C.x"
------------------------------------------------------------

Host:	55.251452 W from 
	package 	core		dram		uncore
Socket0	50.097378 W |	44.40096 W	4.656316 W	0 W	

Top 5 consumers:
Power		PID	Exe
1.0106972 W	2569821	"/home/boggy/ref_rapl/scaphandre/target/release/scaphandre"
1.0106972 W	2569843	"/home/boggy/ref_rapl/energy_exp_server/NPB3.4.3/NPB3.4-MPI/bin/mg.C.x"
0.67379814 W	2569840	"/home/boggy/ref_rapl/energy_exp_server/NPB3.4.3/NPB3.4-MPI/bin/mg.C.x"
0.67379814 W	2569841	"/home/boggy/ref_rapl/energy_exp_server/NPB3.4.3/NPB3.4-MPI/bin/mg.C.x"
0.67379814 W	2569842	"/home/boggy/ref_rapl/energy_exp_server/NPB3.4.3/NPB3.4-MPI/bin/mg.C.x"
------------------------------------------------------------

Host:	53.806572 W from 
	package 	core		dram		uncore
Socket0	48.15902 W |	43.930504 W	4.575183 W	0 W	

Top 5 consumers:
Power		PID	Exe
0.6561777 W	2569821	"/home/boggy/ref_rapl/scaphandre/target/release/scaphandre"
0.6561777 W	2569840	"/home/boggy/ref_rapl/energy_exp_server/NPB3.4.3/NPB3.4-MPI/bin/mg.C.x"
0.6561777 W	2569841	"/home/boggy/ref_rapl/energy_exp_server/NPB3.4.3/NPB3.4-MPI/bin/mg.C.x"
0.6561777 W	2569843	"/home/boggy/ref_rapl/energy_exp_server/NPB3.4.3/NPB3.4-MPI/bin/mg.C.x"
0.6561777 W	2569842	"/home/boggy/ref_rapl/energy_exp_server/NPB3.4.3/NPB3.4-MPI/bin/mg.C.x"
------------------------------------------------------------

Host:	52.727298 W from 
	package 	core		dram		uncore
Socket0	49.265984 W |	44.402077 W	4.641212 W	0 W	

Top 5 consumers:
Power		PID	Exe
0.6430158 W	2569821	"/home/boggy/ref_rapl/scaphandre/target/release/scaphandre"
0.6430158 W	2569840	"/home/boggy/ref_rapl/energy_exp_server/NPB3.4.3/NPB3.4-MPI/bin/mg.C.x"
0.6430158 W	2569841	"/home/boggy/ref_rapl/energy_exp_server/NPB3.4.3/NPB3.4-MPI/bin/mg.C.x"
0.6430158 W	2569843	"/home/boggy/ref_rapl/energy_exp_server/NPB3.4.3/NPB3.4-MPI/bin/mg.C.x"
0.6430158 W	2569842	"/home/boggy/ref_rapl/energy_exp_server/NPB3.4.3/NPB3.4-MPI/bin/mg.C.x"
------------------------------------------------------------

Host:	49.898963 W from 
	package 	core		dram		uncore
Socket0	49.976086 W |	44.010937 W	4.392958 W	0 W	

Top 5 consumers:
Power		PID	Exe
0.9127859 W	2569840	"/home/boggy/ref_rapl/energy_exp_server/NPB3.4.3/NPB3.4-MPI/bin/mg.C.x"
0.9127859 W	2569841	"/home/boggy/ref_rapl/energy_exp_server/NPB3.4.3/NPB3.4-MPI/bin/mg.C.x"
0.60852385 W	2569821	"/home/boggy/ref_rapl/scaphandre/target/release/scaphandre"
0.60852385 W	2569843	"/home/boggy/ref_rapl/energy_exp_server/NPB3.4.3/NPB3.4-MPI/bin/mg.C.x"
0.60852385 W	2569842	"/home/boggy/ref_rapl/energy_exp_server/NPB3.4.3/NPB3.4-MPI/bin/mg.C.x"
------------------------------------------------------------

Host:	47.784179 W from 
	package 	core		dram		uncore
Socket0	42.377365 W |	37.918114 W	4.525957 W	0 W	

Top 5 consumers:
Power		PID	Exe
1.7482016 W	2569821	"/home/boggy/ref_rapl/scaphandre/target/release/scaphandre"
1.4568348 W	2569843	"/home/boggy/ref_rapl/energy_exp_server/NPB3.4.3/NPB3.4-MPI/bin/mg.C.x"
1.4568348 W	2569842	"/home/boggy/ref_rapl/energy_exp_server/NPB3.4.3/NPB3.4-MPI/bin/mg.C.x"
1.1654677 W	2569840	"/home/boggy/ref_rapl/energy_exp_server/NPB3.4.3/NPB3.4-MPI/bin/mg.C.x"
1.1654677 W	2569841	"/home/boggy/ref_rapl/energy_exp_server/NPB3.4.3/NPB3.4-MPI/bin/mg.C.x"
------------------------------------------------------------

Host:	46.658102 W from 
	package 	core		dram		uncore
Socket0	42.764362 W |	37.154007 W	4.614232 W	0 W	

Top 5 consumers:
Power		PID	Exe
1.4225031 W	2569821	"/home/boggy/ref_rapl/scaphandre/target/release/scaphandre"
1.4225031 W	2569841	"/home/boggy/ref_rapl/energy_exp_server/NPB3.4.3/NPB3.4-MPI/bin/mg.C.x"
1.1380024 W	2569840	"/home/boggy/ref_rapl/energy_exp_server/NPB3.4.3/NPB3.4-MPI/bin/mg.C.x"
1.1380024 W	2569843	"/home/boggy/ref_rapl/energy_exp_server/NPB3.4.3/NPB3.4-MPI/bin/mg.C.x"
1.1380024 W	2569842	"/home/boggy/ref_rapl/energy_exp_server/NPB3.4.3/NPB3.4-MPI/bin/mg.C.x"
------------------------------------------------------------

Host:	49.66171 W from 
	package 	core		dram		uncore
Socket0	44.01045 W |	38.7258 W	4.494928 W	0 W	

Top 5 consumers:
Power		PID	Exe
1.5140765 W	2569821	"/home/boggy/ref_rapl/scaphandre/target/release/scaphandre"
1.2112612 W	2569840	"/home/boggy/ref_rapl/energy_exp_server/NPB3.4.3/NPB3.4-MPI/bin/mg.C.x"
1.2112612 W	2569843	"/home/boggy/ref_rapl/energy_exp_server/NPB3.4.3/NPB3.4-MPI/bin/mg.C.x"
1.2112612 W	2569842	"/home/boggy/ref_rapl/energy_exp_server/NPB3.4.3/NPB3.4-MPI/bin/mg.C.x"
0.9084459 W	2569841	"/home/boggy/ref_rapl/energy_exp_server/NPB3.4.3/NPB3.4-MPI/bin/mg.C.x"
------------------------------------------------------------

Host:	59.143758 W from 
	package 	core		dram		uncore
Socket0	46.379417 W |	40.80162 W	4.586913 W	0 W	

Top 5 consumers:
Power		PID	Exe
1.4425306 W	2569821	"/home/boggy/ref_rapl/scaphandre/target/release/scaphandre"
1.081898 W	2569840	"/home/boggy/ref_rapl/energy_exp_server/NPB3.4.3/NPB3.4-MPI/bin/mg.C.x"
1.081898 W	2569841	"/home/boggy/ref_rapl/energy_exp_server/NPB3.4.3/NPB3.4-MPI/bin/mg.C.x"
1.081898 W	2569843	"/home/boggy/ref_rapl/energy_exp_server/NPB3.4.3/NPB3.4-MPI/bin/mg.C.x"
1.081898 W	2569842	"/home/boggy/ref_rapl/energy_exp_server/NPB3.4.3/NPB3.4-MPI/bin/mg.C.x"
------------------------------------------------------------

Host:	56.671587 W from 
	package 	core		dram		uncore
Socket0	51.209934 W |	48.080135 W	4.288584 W	0 W	

Top 5 consumers:
Power		PID	Exe
1.0366753 W	2569843	"/home/boggy/ref_rapl/energy_exp_server/NPB3.4.3/NPB3.4-MPI/bin/mg.C.x"
0.69111687 W	2569840	"/home/boggy/ref_rapl/energy_exp_server/NPB3.4.3/NPB3.4-MPI/bin/mg.C.x"
0.69111687 W	2569841	"/home/boggy/ref_rapl/energy_exp_server/NPB3.4.3/NPB3.4-MPI/bin/mg.C.x"
0.69111687 W	2569842	"/home/boggy/ref_rapl/energy_exp_server/NPB3.4.3/NPB3.4-MPI/bin/mg.C.x"
0.34555843 W	2569821	"/home/boggy/ref_rapl/scaphandre/target/release/scaphandre"
------------------------------------------------------------

Host:	53.635611 W from 
	package 	core		dram		uncore
Socket0	55.27384 W |	48.928295 W	4.218107 W	0 W	

Top 5 consumers:
Power		PID	Exe
0.9811392 W	2569821	"/home/boggy/ref_rapl/scaphandre/target/release/scaphandre"
0.6540927 W	2569840	"/home/boggy/ref_rapl/energy_exp_server/NPB3.4.3/NPB3.4-MPI/bin/mg.C.x"
0.6540927 W	2569841	"/home/boggy/ref_rapl/energy_exp_server/NPB3.4.3/NPB3.4-MPI/bin/mg.C.x"
0.6540927 W	2569843	"/home/boggy/ref_rapl/energy_exp_server/NPB3.4.3/NPB3.4-MPI/bin/mg.C.x"
0.6540927 W	2569842	"/home/boggy/ref_rapl/energy_exp_server/NPB3.4.3/NPB3.4-MPI/bin/mg.C.x"
------------------------------------------------------------

Host:	53.623025 W from 
	package 	core		dram		uncore
Socket0	48.243565 W |	43.997036 W	4.438321 W	0 W	

Top 5 consumers:
Power		PID	Exe
0.98090893 W	2569841	"/home/boggy/ref_rapl/energy_exp_server/NPB3.4.3/NPB3.4-MPI/bin/mg.C.x"
0.65393925 W	2569821	"/home/boggy/ref_rapl/scaphandre/target/release/scaphandre"
0.65393925 W	2569840	"/home/boggy/ref_rapl/energy_exp_server/NPB3.4.3/NPB3.4-MPI/bin/mg.C.x"
0.65393925 W	2569843	"/home/boggy/ref_rapl/energy_exp_server/NPB3.4.3/NPB3.4-MPI/bin/mg.C.x"
0.65393925 W	2569842	"/home/boggy/ref_rapl/energy_exp_server/NPB3.4.3/NPB3.4-MPI/bin/mg.C.x"
------------------------------------------------------------

Host:	53.630831 W from 
	package 	core		dram		uncore
Socket0	49.019928 W |	43.054977 W	4.622649 W	0 W	

Top 5 consumers:
Power		PID	Exe
0.98105174 W	2569821	"/home/boggy/ref_rapl/scaphandre/target/release/scaphandre"
0.98105174 W	2569840	"/home/boggy/ref_rapl/energy_exp_server/NPB3.4.3/NPB3.4-MPI/bin/mg.C.x"
0.98105174 W	2569842	"/home/boggy/ref_rapl/energy_exp_server/NPB3.4.3/NPB3.4-MPI/bin/mg.C.x"
0.6540345 W	2569841	"/home/boggy/ref_rapl/energy_exp_server/NPB3.4.3/NPB3.4-MPI/bin/mg.C.x"
0.6540345 W	2569843	"/home/boggy/ref_rapl/energy_exp_server/NPB3.4.3/NPB3.4-MPI/bin/mg.C.x"
------------------------------------------------------------

Host:	51.220661 W from 
	package 	core		dram		uncore
Socket0	48.829895 W |	43.070423 W	4.442854 W	0 W	

Top 5 consumers:
Power		PID	Exe
0.93696326 W	2569843	"/home/boggy/ref_rapl/energy_exp_server/NPB3.4.3/NPB3.4-MPI/bin/mg.C.x"
0.6246422 W	2569821	"/home/boggy/ref_rapl/scaphandre/target/release/scaphandre"
0.6246422 W	2569840	"/home/boggy/ref_rapl/energy_exp_server/NPB3.4.3/NPB3.4-MPI/bin/mg.C.x"
0.6246422 W	2569841	"/home/boggy/ref_rapl/energy_exp_server/NPB3.4.3/NPB3.4-MPI/bin/mg.C.x"
0.6246422 W	2569842	"/home/boggy/ref_rapl/energy_exp_server/NPB3.4.3/NPB3.4-MPI/bin/mg.C.x"
------------------------------------------------------------

Host:	54.351326 W from 
	package 	core		dram		uncore
Socket0	49.04032 W |	43.140347 W	4.639987 W	0 W	

Top 5 consumers:
Power		PID	Exe
0.662821 W	2569821	"/home/boggy/ref_rapl/scaphandre/target/release/scaphandre"
0.662821 W	2569840	"/home/boggy/ref_rapl/energy_exp_server/NPB3.4.3/NPB3.4-MPI/bin/mg.C.x"
0.662821 W	2569841	"/home/boggy/ref_rapl/energy_exp_server/NPB3.4.3/NPB3.4-MPI/bin/mg.C.x"
0.662821 W	2569843	"/home/boggy/ref_rapl/energy_exp_server/NPB3.4.3/NPB3.4-MPI/bin/mg.C.x"
0.3314105 W	18	""
------------------------------------------------------------

Host:	56.271724 W from 
	package 	core		dram		uncore
Socket0	49.112644 W |	44.861343 W	4.869958 W	0 W	

Top 5 consumers:
Power		PID	Exe
0.97020215 W	2569821	"/home/boggy/ref_rapl/scaphandre/target/release/scaphandre"
0.6468014 W	2569840	"/home/boggy/ref_rapl/energy_exp_server/NPB3.4.3/NPB3.4-MPI/bin/mg.C.x"
0.6468014 W	2569841	"/home/boggy/ref_rapl/energy_exp_server/NPB3.4.3/NPB3.4-MPI/bin/mg.C.x"
0.6468014 W	2569843	"/home/boggy/ref_rapl/energy_exp_server/NPB3.4.3/NPB3.4-MPI/bin/mg.C.x"
0.6468014 W	2569842	"/home/boggy/ref_rapl/energy_exp_server/NPB3.4.3/NPB3.4-MPI/bin/mg.C.x"
------------------------------------------------------------

Host:	54.876614 W from 
	package 	core		dram		uncore
Socket0	50.92635 W |	45.09448 W	4.647463 W	0 W	

Top 5 consumers:
Power		PID	Exe
0.9461485 W	2569841	"/home/boggy/ref_rapl/energy_exp_server/NPB3.4.3/NPB3.4-MPI/bin/mg.C.x"
0.6307657 W	2569821	"/home/boggy/ref_rapl/scaphandre/target/release/scaphandre"
0.6307657 W	2569840	"/home/boggy/ref_rapl/energy_exp_server/NPB3.4.3/NPB3.4-MPI/bin/mg.C.x"
0.6307657 W	2569843	"/home/boggy/ref_rapl/energy_exp_server/NPB3.4.3/NPB3.4-MPI/bin/mg.C.x"
0.6307657 W	2569842	"/home/boggy/ref_rapl/energy_exp_server/NPB3.4.3/NPB3.4-MPI/bin/mg.C.x"
------------------------------------------------------------

Host:	54.940127 W from 
	package 	core		dram		uncore
Socket0	50.34184 W |	45.27453 W	4.765176 W	0 W	

Top 5 consumers:
Power		PID	Exe
0.9472436 W	2569840	"/home/boggy/ref_rapl/energy_exp_server/NPB3.4.3/NPB3.4-MPI/bin/mg.C.x"
0.9472436 W	2569842	"/home/boggy/ref_rapl/energy_exp_server/NPB3.4.3/NPB3.4-MPI/bin/mg.C.x"
0.6314957 W	2569821	"/home/boggy/ref_rapl/scaphandre/target/release/scaphandre"
0.6314957 W	2569841	"/home/boggy/ref_rapl/energy_exp_server/NPB3.4.3/NPB3.4-MPI/bin/mg.C.x"
0.6314957 W	2569843	"/home/boggy/ref_rapl/energy_exp_server/NPB3.4.3/NPB3.4-MPI/bin/mg.C.x"
------------------------------------------------------------

Host:	55.901953 W from 
	package 	core		dram		uncore
Socket0	50.576138 W |	45.404713 W	4.791094 W	0 W	

Top 5 consumers:
Power		PID	Exe
0.9638268 W	2569821	"/home/boggy/ref_rapl/scaphandre/target/release/scaphandre"
0.9638268 W	2569843	"/home/boggy/ref_rapl/energy_exp_server/NPB3.4.3/NPB3.4-MPI/bin/mg.C.x"
0.6425512 W	2569840	"/home/boggy/ref_rapl/energy_exp_server/NPB3.4.3/NPB3.4-MPI/bin/mg.C.x"
0.6425512 W	2569841	"/home/boggy/ref_rapl/energy_exp_server/NPB3.4.3/NPB3.4-MPI/bin/mg.C.x"
0.6425512 W	2569842	"/home/boggy/ref_rapl/energy_exp_server/NPB3.4.3/NPB3.4-MPI/bin/mg.C.x"
------------------------------------------------------------

Host:	54.964753 W from 
	package 	core		dram		uncore
Socket0	50.424145 W |	45.165733 W	4.786498 W	0 W	

Top 5 consumers:
Power		PID	Exe
0.6317788 W	2569821	"/home/boggy/ref_rapl/scaphandre/target/release/scaphandre"
0.6317788 W	2569840	"/home/boggy/ref_rapl/energy_exp_server/NPB3.4.3/NPB3.4-MPI/bin/mg.C.x"
0.6317788 W	2569841	"/home/boggy/ref_rapl/energy_exp_server/NPB3.4.3/NPB3.4-MPI/bin/mg.C.x"
0.6317788 W	2569843	"/home/boggy/ref_rapl/energy_exp_server/NPB3.4.3/NPB3.4-MPI/bin/mg.C.x"
0.6317788 W	2569842	"/home/boggy/ref_rapl/energy_exp_server/NPB3.4.3/NPB3.4-MPI/bin/mg.C.x"
------------------------------------------------------------

Host:	54.864906 W from 
	package 	core		dram		uncore
Socket0	50.246834 W |	45.386555 W	4.756111 W	0 W	

Top 5 consumers:
Power		PID	Exe
0.94594663 W	2569821	"/home/boggy/ref_rapl/scaphandre/target/release/scaphandre"
0.94594663 W	2569840	"/home/boggy/ref_rapl/energy_exp_server/NPB3.4.3/NPB3.4-MPI/bin/mg.C.x"
0.94594663 W	2569841	"/home/boggy/ref_rapl/energy_exp_server/NPB3.4.3/NPB3.4-MPI/bin/mg.C.x"
0.94594663 W	2569842	"/home/boggy/ref_rapl/energy_exp_server/NPB3.4.3/NPB3.4-MPI/bin/mg.C.x"
0.6306311 W	2569843	"/home/boggy/ref_rapl/energy_exp_server/NPB3.4.3/NPB3.4-MPI/bin/mg.C.x"
------------------------------------------------------------

Host:	54.447598 W from 
	package 	core		dram		uncore
Socket0	50.408577 W |	45.36317 W	4.76358 W	0 W	

Top 5 consumers:
Power		PID	Exe
0.9387517 W	2569843	"/home/boggy/ref_rapl/energy_exp_server/NPB3.4.3/NPB3.4-MPI/bin/mg.C.x"
0.62583447 W	2569821	"/home/boggy/ref_rapl/scaphandre/target/release/scaphandre"
0.62583447 W	2569840	"/home/boggy/ref_rapl/energy_exp_server/NPB3.4.3/NPB3.4-MPI/bin/mg.C.x"
0.62583447 W	2569841	"/home/boggy/ref_rapl/energy_exp_server/NPB3.4.3/NPB3.4-MPI/bin/mg.C.x"
0.62583447 W	2569842	"/home/boggy/ref_rapl/energy_exp_server/NPB3.4.3/NPB3.4-MPI/bin/mg.C.x"
------------------------------------------------------------

Host:	55.712087 W from 
	package 	core		dram		uncore
Socket0	50.07196 W |	45.374817 W	4.939737 W	0 W	

Top 5 consumers:
Power		PID	Exe
0.96055317 W	2569821	"/home/boggy/ref_rapl/scaphandre/target/release/scaphandre"
0.6403688 W	2569840	"/home/boggy/ref_rapl/energy_exp_server/NPB3.4.3/NPB3.4-MPI/bin/mg.C.x"
0.6403688 W	2569841	"/home/boggy/ref_rapl/energy_exp_server/NPB3.4.3/NPB3.4-MPI/bin/mg.C.x"
0.6403688 W	2569843	"/home/boggy/ref_rapl/energy_exp_server/NPB3.4.3/NPB3.4-MPI/bin/mg.C.x"
0.6403688 W	2569842	"/home/boggy/ref_rapl/energy_exp_server/NPB3.4.3/NPB3.4-MPI/bin/mg.C.x"
------------------------------------------------------------

Host:	55.252111 W from 
	package 	core		dram		uncore
Socket0	50.413616 W |	45.638687 W	4.7572 W	0 W	

Top 5 consumers:
Power		PID	Exe
0.95262253 W	2569841	"/home/boggy/ref_rapl/energy_exp_server/NPB3.4.3/NPB3.4-MPI/bin/mg.C.x"
0.63508177 W	2569821	"/home/boggy/ref_rapl/scaphandre/target/release/scaphandre"
0.63508177 W	2569840	"/home/boggy/ref_rapl/energy_exp_server/NPB3.4.3/NPB3.4-MPI/bin/mg.C.x"
0.63508177 W	2569843	"/home/boggy/ref_rapl/energy_exp_server/NPB3.4.3/NPB3.4-MPI/bin/mg.C.x"
0.63508177 W	2569842	"/home/boggy/ref_rapl/energy_exp_server/NPB3.4.3/NPB3.4-MPI/bin/mg.C.x"
------------------------------------------------------------

Host:	53.180724 W from 
	package 	core		dram		uncore
Socket0	51.264088 W |	44.265926 W	4.710445 W	0 W	

Top 5 consumers:
Power		PID	Exe
0.9787863 W	2569821	"/home/boggy/ref_rapl/scaphandre/target/release/scaphandre"
0.9787863 W	2569840	"/home/boggy/ref_rapl/energy_exp_server/NPB3.4.3/NPB3.4-MPI/bin/mg.C.x"
0.9787863 W	2569843	"/home/boggy/ref_rapl/energy_exp_server/NPB3.4.3/NPB3.4-MPI/bin/mg.C.x"
0.9787863 W	2569842	"/home/boggy/ref_rapl/energy_exp_server/NPB3.4.3/NPB3.4-MPI/bin/mg.C.x"
0.6525242 W	2569841	"/home/boggy/ref_rapl/energy_exp_server/NPB3.4.3/NPB3.4-MPI/bin/mg.C.x"
------------------------------------------------------------

Host:	57.221087 W from 
	package 	core		dram		uncore
Socket0	48.89616 W |	45.498455 W	4.635571 W	0 W	

Top 5 consumers:
Power		PID	Exe
0.7020992 W	2569821	"/home/boggy/ref_rapl/scaphandre/target/release/scaphandre"
0.7020992 W	2569840	"/home/boggy/ref_rapl/energy_exp_server/NPB3.4.3/NPB3.4-MPI/bin/mg.C.x"
0.7020992 W	2569841	"/home/boggy/ref_rapl/energy_exp_server/NPB3.4.3/NPB3.4-MPI/bin/mg.C.x"
0.7020992 W	2569843	"/home/boggy/ref_rapl/energy_exp_server/NPB3.4.3/NPB3.4-MPI/bin/mg.C.x"
0.7020992 W	2569842	"/home/boggy/ref_rapl/energy_exp_server/NPB3.4.3/NPB3.4-MPI/bin/mg.C.x"
------------------------------------------------------------

Host:	57.616944 W from 
	package 	core		dram		uncore
Socket0	54.805557 W |	47.77016 W	4.541631 W	0 W	

Top 5 consumers:
Power		PID	Exe
0.7069563 W	2569821	"/home/boggy/ref_rapl/scaphandre/target/release/scaphandre"
0.7069563 W	2569840	"/home/boggy/ref_rapl/energy_exp_server/NPB3.4.3/NPB3.4-MPI/bin/mg.C.x"
0.7069563 W	2569841	"/home/boggy/ref_rapl/energy_exp_server/NPB3.4.3/NPB3.4-MPI/bin/mg.C.x"
0.7069563 W	2569843	"/home/boggy/ref_rapl/energy_exp_server/NPB3.4.3/NPB3.4-MPI/bin/mg.C.x"
0.7069563 W	2569842	"/home/boggy/ref_rapl/energy_exp_server/NPB3.4.3/NPB3.4-MPI/bin/mg.C.x"
------------------------------------------------------------

Host:	56.195649 W from 
	package 	core		dram		uncore
Socket0	51.0404 W |	47.97515 W	4.635056 W	0 W	

Top 5 consumers:
Power		PID	Exe
1.0342758 W	2569821	"/home/boggy/ref_rapl/scaphandre/target/release/scaphandre"
1.0342758 W	2569840	"/home/boggy/ref_rapl/energy_exp_server/NPB3.4.3/NPB3.4-MPI/bin/mg.C.x"
1.0342758 W	2569841	"/home/boggy/ref_rapl/energy_exp_server/NPB3.4.3/NPB3.4-MPI/bin/mg.C.x"
1.0342758 W	2569843	"/home/boggy/ref_rapl/energy_exp_server/NPB3.4.3/NPB3.4-MPI/bin/mg.C.x"
1.0342758 W	2569842	"/home/boggy/ref_rapl/energy_exp_server/NPB3.4.3/NPB3.4-MPI/bin/mg.C.x"
------------------------------------------------------------

Host:	57.575946 W from 
	package 	core		dram		uncore
Socket0	52.92159 W |	46.48888 W	4.554708 W	0 W	

Top 5 consumers:
Power		PID	Exe
1.05968 W	2569840	"/home/boggy/ref_rapl/energy_exp_server/NPB3.4.3/NPB3.4-MPI/bin/mg.C.x"
1.05968 W	2569841	"/home/boggy/ref_rapl/energy_exp_server/NPB3.4.3/NPB3.4-MPI/bin/mg.C.x"
1.05968 W	2569843	"/home/boggy/ref_rapl/energy_exp_server/NPB3.4.3/NPB3.4-MPI/bin/mg.C.x"
1.05968 W	2569842	"/home/boggy/ref_rapl/energy_exp_server/NPB3.4.3/NPB3.4-MPI/bin/mg.C.x"
0.7064533 W	2569821	"/home/boggy/ref_rapl/scaphandre/target/release/scaphandre"
------------------------------------------------------------

Host:	56.174525 W from 
	package 	core		dram		uncore
Socket0	51.286198 W |	46.406223 W	4.580135 W	0 W	

Top 5 consumers:
Power		PID	Exe
1.033887 W	2569840	"/home/boggy/ref_rapl/energy_exp_server/NPB3.4.3/NPB3.4-MPI/bin/mg.C.x"
1.033887 W	2569841	"/home/boggy/ref_rapl/energy_exp_server/NPB3.4.3/NPB3.4-MPI/bin/mg.C.x"
1.033887 W	2569843	"/home/boggy/ref_rapl/energy_exp_server/NPB3.4.3/NPB3.4-MPI/bin/mg.C.x"
1.033887 W	2569842	"/home/boggy/ref_rapl/energy_exp_server/NPB3.4.3/NPB3.4-MPI/bin/mg.C.x"
0.6892579 W	2569821	"/home/boggy/ref_rapl/scaphandre/target/release/scaphandre"
------------------------------------------------------------

Host:	56.105098 W from 
	package 	core		dram		uncore
Socket0	51.364185 W |	46.49216 W	4.572354 W	0 W	

Top 5 consumers:
Power		PID	Exe
1.0326092 W	2569840	"/home/boggy/ref_rapl/energy_exp_server/NPB3.4.3/NPB3.4-MPI/bin/mg.C.x"
1.0326092 W	2569841	"/home/boggy/ref_rapl/energy_exp_server/NPB3.4.3/NPB3.4-MPI/bin/mg.C.x"
1.0326092 W	2569843	"/home/boggy/ref_rapl/energy_exp_server/NPB3.4.3/NPB3.4-MPI/bin/mg.C.x"
1.0326092 W	2569842	"/home/boggy/ref_rapl/energy_exp_server/NPB3.4.3/NPB3.4-MPI/bin/mg.C.x"
0.68840605 W	2569821	"/home/boggy/ref_rapl/scaphandre/target/release/scaphandre"
------------------------------------------------------------

Host:	53.589807 W from 
	package 	core		dram		uncore
Socket0	51.649952 W |	46.70253 W	4.59539 W	0 W	

Top 5 consumers:
Power		PID	Exe
0.9863155 W	2569821	"/home/boggy/ref_rapl/scaphandre/target/release/scaphandre"
0.9863155 W	2569840	"/home/boggy/ref_rapl/energy_exp_server/NPB3.4.3/NPB3.4-MPI/bin/mg.C.x"
0.9863155 W	2569841	"/home/boggy/ref_rapl/energy_exp_server/NPB3.4.3/NPB3.4-MPI/bin/mg.C.x"
0.9863155 W	2569843	"/home/boggy/ref_rapl/energy_exp_server/NPB3.4.3/NPB3.4-MPI/bin/mg.C.x"
0.9863155 W	2569842	"/home/boggy/ref_rapl/energy_exp_server/NPB3.4.3/NPB3.4-MPI/bin/mg.C.x"
------------------------------------------------------------

Host:	52.803537 W from 
	package 	core		dram		uncore
Socket0	49.0828 W |	43.788204 W	4.104428 W	0 W	

Top 5 consumers:
Power		PID	Exe
0.88994724 W	2569840	"/home/boggy/ref_rapl/energy_exp_server/NPB3.4.3/NPB3.4-MPI/bin/mg.C.x"
0.88994724 W	2569841	"/home/boggy/ref_rapl/energy_exp_server/NPB3.4.3/NPB3.4-MPI/bin/mg.C.x"
0.88994724 W	2569843	"/home/boggy/ref_rapl/energy_exp_server/NPB3.4.3/NPB3.4-MPI/bin/mg.C.x"
0.88994724 W	2569842	"/home/boggy/ref_rapl/energy_exp_server/NPB3.4.3/NPB3.4-MPI/bin/mg.C.x"
0.59329814 W	2569821	"/home/boggy/ref_rapl/scaphandre/target/release/scaphandre"
------------------------------------------------------------

Host:	54.121183 W from 
	package 	core		dram		uncore
Socket0	48.49286 W |	44.663807 W	4.194146 W	0 W	

Top 5 consumers:
Power		PID	Exe
0.91215473 W	2569821	"/home/boggy/ref_rapl/scaphandre/target/release/scaphandre"
0.91215473 W	2569840	"/home/boggy/ref_rapl/energy_exp_server/NPB3.4.3/NPB3.4-MPI/bin/mg.C.x"
0.91215473 W	2569841	"/home/boggy/ref_rapl/energy_exp_server/NPB3.4.3/NPB3.4-MPI/bin/mg.C.x"
0.91215473 W	2569843	"/home/boggy/ref_rapl/energy_exp_server/NPB3.4.3/NPB3.4-MPI/bin/mg.C.x"
0.91215473 W	2569842	"/home/boggy/ref_rapl/energy_exp_server/NPB3.4.3/NPB3.4-MPI/bin/mg.C.x"
------------------------------------------------------------

Host:	54.814998 W from 
	package 	core		dram		uncore
Socket0	49.567917 W |	44.111526 W	4.80777 W	0 W	

Top 5 consumers:
Power		PID	Exe
0.9238483 W	2569821	"/home/boggy/ref_rapl/scaphandre/target/release/scaphandre"
0.9238483 W	2569840	"/home/boggy/ref_rapl/energy_exp_server/NPB3.4.3/NPB3.4-MPI/bin/mg.C.x"
0.9238483 W	2569841	"/home/boggy/ref_rapl/energy_exp_server/NPB3.4.3/NPB3.4-MPI/bin/mg.C.x"
0.9238483 W	2569843	"/home/boggy/ref_rapl/energy_exp_server/NPB3.4.3/NPB3.4-MPI/bin/mg.C.x"
0.9238483 W	2569842	"/home/boggy/ref_rapl/energy_exp_server/NPB3.4.3/NPB3.4-MPI/bin/mg.C.x"
------------------------------------------------------------

Host:	52.959506 W from 
	package 	core		dram		uncore
Socket0	49.821873 W |	44.106567 W	4.690269 W	0 W	

Top 5 consumers:
Power		PID	Exe
1.1901013 W	2569841	"/home/boggy/ref_rapl/energy_exp_server/NPB3.4.3/NPB3.4-MPI/bin/mg.C.x"
0.8925759 W	2569840	"/home/boggy/ref_rapl/energy_exp_server/NPB3.4.3/NPB3.4-MPI/bin/mg.C.x"
0.8925759 W	2569843	"/home/boggy/ref_rapl/energy_exp_server/NPB3.4.3/NPB3.4-MPI/bin/mg.C.x"
0.8925759 W	2569842	"/home/boggy/ref_rapl/energy_exp_server/NPB3.4.3/NPB3.4-MPI/bin/mg.C.x"
0.59505063 W	2569821	"/home/boggy/ref_rapl/scaphandre/target/release/scaphandre"
------------------------------------------------------------

Host:	54.729637 W from 
	package 	core		dram		uncore
Socket0	48.552296 W |	44.00525 W	4.858658 W	0 W	

Top 5 consumers:
Power		PID	Exe
1.2298795 W	2569842	"/home/boggy/ref_rapl/energy_exp_server/NPB3.4.3/NPB3.4-MPI/bin/mg.C.x"
0.92240953 W	2569840	"/home/boggy/ref_rapl/energy_exp_server/NPB3.4.3/NPB3.4-MPI/bin/mg.C.x"
0.92240953 W	2569841	"/home/boggy/ref_rapl/energy_exp_server/NPB3.4.3/NPB3.4-MPI/bin/mg.C.x"
0.92240953 W	2569843	"/home/boggy/ref_rapl/energy_exp_server/NPB3.4.3/NPB3.4-MPI/bin/mg.C.x"
0.61493975 W	2569821	"/home/boggy/ref_rapl/scaphandre/target/release/scaphandre"
------------------------------------------------------------

Host:	54.725056 W from 
	package 	core		dram		uncore
Socket0	49.824184 W |	44.067616 W	4.699686 W	0 W	

Top 5 consumers:
Power		PID	Exe
1.2297765 W	2569840	"/home/boggy/ref_rapl/energy_exp_server/NPB3.4.3/NPB3.4-MPI/bin/mg.C.x"
1.2297765 W	2569843	"/home/boggy/ref_rapl/energy_exp_server/NPB3.4.3/NPB3.4-MPI/bin/mg.C.x"
0.92233235 W	2569821	"/home/boggy/ref_rapl/scaphandre/target/release/scaphandre"
0.92233235 W	2569841	"/home/boggy/ref_rapl/energy_exp_server/NPB3.4.3/NPB3.4-MPI/bin/mg.C.x"
0.92233235 W	2569842	"/home/boggy/ref_rapl/energy_exp_server/NPB3.4.3/NPB3.4-MPI/bin/mg.C.x"
------------------------------------------------------------

Host:	52.855097 W from 
	package 	core		dram		uncore
Socket0	48.298786 W |	44.062965 W	4.834889 W	0 W	

Top 5 consumers:
Power		PID	Exe
0.8908162 W	2569840	"/home/boggy/ref_rapl/energy_exp_server/NPB3.4.3/NPB3.4-MPI/bin/mg.C.x"
0.8908162 W	2569841	"/home/boggy/ref_rapl/energy_exp_server/NPB3.4.3/NPB3.4-MPI/bin/mg.C.x"
0.8908162 W	2569843	"/home/boggy/ref_rapl/energy_exp_server/NPB3.4.3/NPB3.4-MPI/bin/mg.C.x"
0.8908162 W	2569842	"/home/boggy/ref_rapl/energy_exp_server/NPB3.4.3/NPB3.4-MPI/bin/mg.C.x"
0.5938775 W	2569821	"/home/boggy/ref_rapl/scaphandre/target/release/scaphandre"
------------------------------------------------------------

Host:	52.458926 W from 
	package 	core		dram		uncore
Socket0	49.490284 W |	44.0844 W	4.809285 W	0 W	

Top 5 consumers:
Power		PID	Exe
0.8841392 W	2569821	"/home/boggy/ref_rapl/scaphandre/target/release/scaphandre"
0.8841392 W	2569840	"/home/boggy/ref_rapl/energy_exp_server/NPB3.4.3/NPB3.4-MPI/bin/mg.C.x"
0.8841392 W	2569841	"/home/boggy/ref_rapl/energy_exp_server/NPB3.4.3/NPB3.4-MPI/bin/mg.C.x"
0.8841392 W	2569843	"/home/boggy/ref_rapl/energy_exp_server/NPB3.4.3/NPB3.4-MPI/bin/mg.C.x"
0.8841392 W	2569842	"/home/boggy/ref_rapl/energy_exp_server/NPB3.4.3/NPB3.4-MPI/bin/mg.C.x"
------------------------------------------------------------

Host:	53.340981 W from 
	package 	core		dram		uncore
Socket0	48.817474 W |	42.83006 W	4.242581 W	0 W	

Top 5 consumers:
Power		PID	Exe
0.89900523 W	2569840	"/home/boggy/ref_rapl/energy_exp_server/NPB3.4.3/NPB3.4-MPI/bin/mg.C.x"
0.89900523 W	2569841	"/home/boggy/ref_rapl/energy_exp_server/NPB3.4.3/NPB3.4-MPI/bin/mg.C.x"
0.89900523 W	2569843	"/home/boggy/ref_rapl/energy_exp_server/NPB3.4.3/NPB3.4-MPI/bin/mg.C.x"
0.89900523 W	2569842	"/home/boggy/ref_rapl/energy_exp_server/NPB3.4.3/NPB3.4-MPI/bin/mg.C.x"
0.59933686 W	2569821	"/home/boggy/ref_rapl/scaphandre/target/release/scaphandre"
------------------------------------------------------------

Host:	51.569782 W from 
	package 	core		dram		uncore
Socket0	47.198925 W |	42.52149 W	4.63517 W	0 W	

Top 5 consumers:
Power		PID	Exe
0.8691536 W	2569840	"/home/boggy/ref_rapl/energy_exp_server/NPB3.4.3/NPB3.4-MPI/bin/mg.C.x"
0.8691536 W	2569841	"/home/boggy/ref_rapl/energy_exp_server/NPB3.4.3/NPB3.4-MPI/bin/mg.C.x"
0.8691536 W	2569843	"/home/boggy/ref_rapl/energy_exp_server/NPB3.4.3/NPB3.4-MPI/bin/mg.C.x"
0.8691536 W	2569842	"/home/boggy/ref_rapl/energy_exp_server/NPB3.4.3/NPB3.4-MPI/bin/mg.C.x"
0.57943577 W	2569821	"/home/boggy/ref_rapl/scaphandre/target/release/scaphandre"
------------------------------------------------------------

Host:	51.24342 W from 
	package 	core		dram		uncore
Socket0	46.970654 W |	42.57139 W	4.604516 W	0 W	

Top 5 consumers:
Power		PID	Exe
0.8636531 W	2569840	"/home/boggy/ref_rapl/energy_exp_server/NPB3.4.3/NPB3.4-MPI/bin/mg.C.x"
0.8636531 W	2569841	"/home/boggy/ref_rapl/energy_exp_server/NPB3.4.3/NPB3.4-MPI/bin/mg.C.x"
0.8636531 W	2569843	"/home/boggy/ref_rapl/energy_exp_server/NPB3.4.3/NPB3.4-MPI/bin/mg.C.x"
0.8636531 W	2569842	"/home/boggy/ref_rapl/energy_exp_server/NPB3.4.3/NPB3.4-MPI/bin/mg.C.x"
0.57576877 W	2569821	"/home/boggy/ref_rapl/scaphandre/target/release/scaphandre"
------------------------------------------------------------

Host:	47.28872 W from 
	package 	core		dram		uncore
Socket0	46.603325 W |	40.822735 W	4.344791 W	0 W	

Top 5 consumers:
Power		PID	Exe
1.3283349 W	2569821	"/home/boggy/ref_rapl/scaphandre/target/release/scaphandre"
1.0626678 W	2569840	"/home/boggy/ref_rapl/energy_exp_server/NPB3.4.3/NPB3.4-MPI/bin/mg.C.x"
1.0626678 W	2569841	"/home/boggy/ref_rapl/energy_exp_server/NPB3.4.3/NPB3.4-MPI/bin/mg.C.x"
1.0626678 W	2569843	"/home/boggy/ref_rapl/energy_exp_server/NPB3.4.3/NPB3.4-MPI/bin/mg.C.x"
1.0626678 W	2569842	"/home/boggy/ref_rapl/energy_exp_server/NPB3.4.3/NPB3.4-MPI/bin/mg.C.x"
------------------------------------------------------------

Host:	46.934904 W from 
	package 	core		dram		uncore
Socket0	41.851368 W |	36.547775 W	4.597106 W	0 W	

Top 5 consumers:
Power		PID	Exe
1.5820754 W	2569841	"/home/boggy/ref_rapl/energy_exp_server/NPB3.4.3/NPB3.4-MPI/bin/mg.C.x"
1.5820754 W	2569843	"/home/boggy/ref_rapl/energy_exp_server/NPB3.4.3/NPB3.4-MPI/bin/mg.C.x"
1.5820754 W	2569842	"/home/boggy/ref_rapl/energy_exp_server/NPB3.4.3/NPB3.4-MPI/bin/mg.C.x"
1.3183962 W	2569821	"/home/boggy/ref_rapl/scaphandre/target/release/scaphandre"
1.3183962 W	2569840	"/home/boggy/ref_rapl/energy_exp_server/NPB3.4.3/NPB3.4-MPI/bin/mg.C.x"
------------------------------------------------------------

Host:	48.804743 W from 
	package 	core		dram		uncore
Socket0	42.243862 W |	37.897545 W	4.619658 W	0 W	

Top 5 consumers:
Power		PID	Exe
1.3334628 W	2569821	"/home/boggy/ref_rapl/scaphandre/target/release/scaphandre"
1.3334628 W	2569840	"/home/boggy/ref_rapl/energy_exp_server/NPB3.4.3/NPB3.4-MPI/bin/mg.C.x"
1.0667702 W	2569841	"/home/boggy/ref_rapl/energy_exp_server/NPB3.4.3/NPB3.4-MPI/bin/mg.C.x"
1.0667702 W	2569843	"/home/boggy/ref_rapl/energy_exp_server/NPB3.4.3/NPB3.4-MPI/bin/mg.C.x"
1.0667702 W	2569842	"/home/boggy/ref_rapl/energy_exp_server/NPB3.4.3/NPB3.4-MPI/bin/mg.C.x"
------------------------------------------------------------

Host:	55.708212 W from 
	package 	core		dram		uncore
Socket0	45.167984 W |	40.360943 W	4.579742 W	0 W	

Top 5 consumers:
Power		PID	Exe
1.2176658 W	2569841	"/home/boggy/ref_rapl/energy_exp_server/NPB3.4.3/NPB3.4-MPI/bin/mg.C.x"
1.2176658 W	2569842	"/home/boggy/ref_rapl/energy_exp_server/NPB3.4.3/NPB3.4-MPI/bin/mg.C.x"
0.9132494 W	2569821	"/home/boggy/ref_rapl/scaphandre/target/release/scaphandre"
0.9132494 W	2569840	"/home/boggy/ref_rapl/energy_exp_server/NPB3.4.3/NPB3.4-MPI/bin/mg.C.x"
0.9132494 W	2569843	"/home/boggy/ref_rapl/energy_exp_server/NPB3.4.3/NPB3.4-MPI/bin/mg.C.x"
------------------------------------------------------------

Host:	54.607782 W from 
	package 	core		dram		uncore
Socket0	52.927216 W |	48.08799 W	4.3962 W	0 W	

Top 5 consumers:
Power		PID	Exe
0.8952095 W	2569840	"/home/boggy/ref_rapl/energy_exp_server/NPB3.4.3/NPB3.4-MPI/bin/mg.C.x"
0.8952095 W	2569841	"/home/boggy/ref_rapl/energy_exp_server/NPB3.4.3/NPB3.4-MPI/bin/mg.C.x"
0.8952095 W	2569843	"/home/boggy/ref_rapl/energy_exp_server/NPB3.4.3/NPB3.4-MPI/bin/mg.C.x"
0.8952095 W	2569842	"/home/boggy/ref_rapl/energy_exp_server/NPB3.4.3/NPB3.4-MPI/bin/mg.C.x"
0.5968063 W	2569821	"/home/boggy/ref_rapl/scaphandre/target/release/scaphandre"
------------------------------------------------------------

Host:	52.220717 W from 
	package 	core		dram		uncore
Socket0	50.014977 W |	43.464497 W	4.38244 W	0 W	

Top 5 consumers:
Power		PID	Exe
1.1414363 W	2569843	"/home/boggy/ref_rapl/energy_exp_server/NPB3.4.3/NPB3.4-MPI/bin/mg.C.x"
0.8560773 W	2569840	"/home/boggy/ref_rapl/energy_exp_server/NPB3.4.3/NPB3.4-MPI/bin/mg.C.x"
0.8560773 W	2569841	"/home/boggy/ref_rapl/energy_exp_server/NPB3.4.3/NPB3.4-MPI/bin/mg.C.x"
0.8560773 W	2569842	"/home/boggy/ref_rapl/energy_exp_server/NPB3.4.3/NPB3.4-MPI/bin/mg.C.x"
0.57071817 W	2569821	"/home/boggy/ref_rapl/scaphandre/target/release/scaphandre"
------------------------------------------------------------

Host:	52.199575 W from 
	package 	core		dram		uncore
Socket0	46.091618 W |	41.83276 W	4.616142 W	0 W	

Top 5 consumers:
Power		PID	Exe
0.8557307 W	2569821	"/home/boggy/ref_rapl/scaphandre/target/release/scaphandre"
0.8557307 W	2569840	"/home/boggy/ref_rapl/energy_exp_server/NPB3.4.3/NPB3.4-MPI/bin/mg.C.x"
0.8557307 W	2569841	"/home/boggy/ref_rapl/energy_exp_server/NPB3.4.3/NPB3.4-MPI/bin/mg.C.x"
0.8557307 W	2569843	"/home/boggy/ref_rapl/energy_exp_server/NPB3.4.3/NPB3.4-MPI/bin/mg.C.x"
0.8557307 W	2569842	"/home/boggy/ref_rapl/energy_exp_server/NPB3.4.3/NPB3.4-MPI/bin/mg.C.x"
------------------------------------------------------------

Host:	53.081839 W from 
	package 	core		dram		uncore
Socket0	47.52872 W |	41.729004 W	4.607892 W	0 W	

Top 5 consumers:
Power		PID	Exe
1.1602588 W	2569840	"/home/boggy/ref_rapl/energy_exp_server/NPB3.4.3/NPB3.4-MPI/bin/mg.C.x"
0.8701941 W	2569821	"/home/boggy/ref_rapl/scaphandre/target/release/scaphandre"
0.8701941 W	2569841	"/home/boggy/ref_rapl/energy_exp_server/NPB3.4.3/NPB3.4-MPI/bin/mg.C.x"
0.8701941 W	2569843	"/home/boggy/ref_rapl/energy_exp_server/NPB3.4.3/NPB3.4-MPI/bin/mg.C.x"
0.8701941 W	2569842	"/home/boggy/ref_rapl/energy_exp_server/NPB3.4.3/NPB3.4-MPI/bin/mg.C.x"
------------------------------------------------------------

Host:	53.494535 W from 
	package 	core		dram		uncore
Socket0	49.56365 W |	43.56552 W	4.688403 W	0 W	

Top 5 consumers:
Power		PID	Exe
0.87695956 W	2569840	"/home/boggy/ref_rapl/energy_exp_server/NPB3.4.3/NPB3.4-MPI/bin/mg.C.x"
0.87695956 W	2569841	"/home/boggy/ref_rapl/energy_exp_server/NPB3.4.3/NPB3.4-MPI/bin/mg.C.x"
0.87695956 W	2569843	"/home/boggy/ref_rapl/energy_exp_server/NPB3.4.3/NPB3.4-MPI/bin/mg.C.x"
0.87695956 W	2569842	"/home/boggy/ref_rapl/energy_exp_server/NPB3.4.3/NPB3.4-MPI/bin/mg.C.x"
0.58463967 W	2569821	"/home/boggy/ref_rapl/scaphandre/target/release/scaphandre"
------------------------------------------------------------

Host:	53.22131 W from 
	package 	core		dram		uncore
Socket0	48.604843 W |	44.118973 W	4.722683 W	0 W	

Top 5 consumers:
Power		PID	Exe
0.8969884 W	2569840	"/home/boggy/ref_rapl/energy_exp_server/NPB3.4.3/NPB3.4-MPI/bin/mg.C.x"
0.8969884 W	2569841	"/home/boggy/ref_rapl/energy_exp_server/NPB3.4.3/NPB3.4-MPI/bin/mg.C.x"
0.8969884 W	2569843	"/home/boggy/ref_rapl/energy_exp_server/NPB3.4.3/NPB3.4-MPI/bin/mg.C.x"
0.8969884 W	2569842	"/home/boggy/ref_rapl/energy_exp_server/NPB3.4.3/NPB3.4-MPI/bin/mg.C.x"
0.59799224 W	2569821	"/home/boggy/ref_rapl/scaphandre/target/release/scaphandre"
------------------------------------------------------------

Host:	55.004215 W from 
	package 	core		dram		uncore
Socket0	49.196247 W |	43.92763 W	4.780127 W	0 W	

Top 5 consumers:
Power		PID	Exe
0.9270373 W	2569821	"/home/boggy/ref_rapl/scaphandre/target/release/scaphandre"
0.9270373 W	2569840	"/home/boggy/ref_rapl/energy_exp_server/NPB3.4.3/NPB3.4-MPI/bin/mg.C.x"
0.9270373 W	2569841	"/home/boggy/ref_rapl/energy_exp_server/NPB3.4.3/NPB3.4-MPI/bin/mg.C.x"
0.9270373 W	2569843	"/home/boggy/ref_rapl/energy_exp_server/NPB3.4.3/NPB3.4-MPI/bin/mg.C.x"
0.9270373 W	2569842	"/home/boggy/ref_rapl/energy_exp_server/NPB3.4.3/NPB3.4-MPI/bin/mg.C.x"
------------------------------------------------------------

Host:	53.456403 W from 
	package 	core		dram		uncore
Socket0	49.757748 W |	44.137238 W	4.828331 W	0 W	

Top 5 consumers:
Power		PID	Exe
1.2012675 W	2569841	"/home/boggy/ref_rapl/energy_exp_server/NPB3.4.3/NPB3.4-MPI/bin/mg.C.x"
0.90095055 W	2569840	"/home/boggy/ref_rapl/energy_exp_server/NPB3.4.3/NPB3.4-MPI/bin/mg.C.x"
0.90095055 W	2569843	"/home/boggy/ref_rapl/energy_exp_server/NPB3.4.3/NPB3.4-MPI/bin/mg.C.x"
0.90095055 W	2569842	"/home/boggy/ref_rapl/energy_exp_server/NPB3.4.3/NPB3.4-MPI/bin/mg.C.x"
0.60063374 W	2569821	"/home/boggy/ref_rapl/scaphandre/target/release/scaphandre"
------------------------------------------------------------

Host:	53.111503 W from 
	package 	core		dram		uncore
Socket0	48.73647 W |	44.023685 W	4.737079 W	0 W	

Top 5 consumers:
Power		PID	Exe
1.1935169 W	2569842	"/home/boggy/ref_rapl/energy_exp_server/NPB3.4.3/NPB3.4-MPI/bin/mg.C.x"
0.89513767 W	2569821	"/home/boggy/ref_rapl/scaphandre/target/release/scaphandre"
0.89513767 W	2569840	"/home/boggy/ref_rapl/energy_exp_server/NPB3.4.3/NPB3.4-MPI/bin/mg.C.x"
0.89513767 W	2569841	"/home/boggy/ref_rapl/energy_exp_server/NPB3.4.3/NPB3.4-MPI/bin/mg.C.x"
0.89513767 W	2569843	"/home/boggy/ref_rapl/energy_exp_server/NPB3.4.3/NPB3.4-MPI/bin/mg.C.x"
------------------------------------------------------------

Host:	55.057291 W from 
	package 	core		dram		uncore
Socket0	48.54088 W |	43.95891 W	4.858351 W	0 W	

Top 5 consumers:
Power		PID	Exe
1.2372425 W	2569843	"/home/boggy/ref_rapl/energy_exp_server/NPB3.4.3/NPB3.4-MPI/bin/mg.C.x"
0.9279319 W	2569821	"/home/boggy/ref_rapl/scaphandre/target/release/scaphandre"
0.9279319 W	2569840	"/home/boggy/ref_rapl/energy_exp_server/NPB3.4.3/NPB3.4-MPI/bin/mg.C.x"
0.9279319 W	2569841	"/home/boggy/ref_rapl/energy_exp_server/NPB3.4.3/NPB3.4-MPI/bin/mg.C.x"
0.9279319 W	2569842	"/home/boggy/ref_rapl/energy_exp_server/NPB3.4.3/NPB3.4-MPI/bin/mg.C.x"
------------------------------------------------------------

Host:	51.252533 W from 
	package 	core		dram		uncore
Socket0	49.442833 W |	43.411983 W	4.715321 W	0 W	

Top 5 consumers:
Power		PID	Exe
0.86380666 W	2569840	"/home/boggy/ref_rapl/energy_exp_server/NPB3.4.3/NPB3.4-MPI/bin/mg.C.x"
0.86380666 W	2569841	"/home/boggy/ref_rapl/energy_exp_server/NPB3.4.3/NPB3.4-MPI/bin/mg.C.x"
0.86380666 W	2569843	"/home/boggy/ref_rapl/energy_exp_server/NPB3.4.3/NPB3.4-MPI/bin/mg.C.x"
0.86380666 W	2569842	"/home/boggy/ref_rapl/energy_exp_server/NPB3.4.3/NPB3.4-MPI/bin/mg.C.x"
0.28793555 W	2569821	"/home/boggy/ref_rapl/scaphandre/target/release/scaphandre"
------------------------------------------------------------

Host:	56.891343 W from 
	package 	core		dram		uncore
Socket0	49.3447 W |	44.284496 W	3.954879 W	0 W	

Top 5 consumers:
Power		PID	Exe
1.2784572 W	2569840	"/home/boggy/ref_rapl/energy_exp_server/NPB3.4.3/NPB3.4-MPI/bin/mg.C.x"
0.9588428 W	2569821	"/home/boggy/ref_rapl/scaphandre/target/release/scaphandre"
0.9588428 W	2569841	"/home/boggy/ref_rapl/energy_exp_server/NPB3.4.3/NPB3.4-MPI/bin/mg.C.x"
0.9588428 W	2569843	"/home/boggy/ref_rapl/energy_exp_server/NPB3.4.3/NPB3.4-MPI/bin/mg.C.x"
0.9588428 W	2569842	"/home/boggy/ref_rapl/energy_exp_server/NPB3.4.3/NPB3.4-MPI/bin/mg.C.x"
------------------------------------------------------------

Host:	56.118938 W from 
	package 	core		dram		uncore
Socket0	51.056625 W |	46.30847 W	4.562835 W	0 W	

Top 5 consumers:
Power		PID	Exe
0.96756786 W	2569821	"/home/boggy/ref_rapl/scaphandre/target/release/scaphandre"
0.96756786 W	2569840	"/home/boggy/ref_rapl/energy_exp_server/NPB3.4.3/NPB3.4-MPI/bin/mg.C.x"
0.96756786 W	2569841	"/home/boggy/ref_rapl/energy_exp_server/NPB3.4.3/NPB3.4-MPI/bin/mg.C.x"
0.96756786 W	2569843	"/home/boggy/ref_rapl/energy_exp_server/NPB3.4.3/NPB3.4-MPI/bin/mg.C.x"
0.96756786 W	2569842	"/home/boggy/ref_rapl/energy_exp_server/NPB3.4.3/NPB3.4-MPI/bin/mg.C.x"
------------------------------------------------------------

Host:	54.491617 W from 
	package 	core		dram		uncore
Socket0	51.79531 W |	46.413715 W	4.630817 W	0 W	

Top 5 consumers:
Power		PID	Exe
0.93951064 W	2569840	"/home/boggy/ref_rapl/energy_exp_server/NPB3.4.3/NPB3.4-MPI/bin/mg.C.x"
0.93951064 W	2569841	"/home/boggy/ref_rapl/energy_exp_server/NPB3.4.3/NPB3.4-MPI/bin/mg.C.x"
0.93951064 W	2569843	"/home/boggy/ref_rapl/energy_exp_server/NPB3.4.3/NPB3.4-MPI/bin/mg.C.x"
0.93951064 W	2569842	"/home/boggy/ref_rapl/energy_exp_server/NPB3.4.3/NPB3.4-MPI/bin/mg.C.x"
0.62634045 W	2569821	"/home/boggy/ref_rapl/scaphandre/target/release/scaphandre"
------------------------------------------------------------

Host:	56.436001 W from 
	package 	core		dram		uncore
Socket0	50.208023 W |	46.483177 W	4.631854 W	0 W	

Top 5 consumers:
Power		PID	Exe
0.9730345 W	2569840	"/home/boggy/ref_rapl/energy_exp_server/NPB3.4.3/NPB3.4-MPI/bin/mg.C.x"
0.9730345 W	2569841	"/home/boggy/ref_rapl/energy_exp_server/NPB3.4.3/NPB3.4-MPI/bin/mg.C.x"
0.9730345 W	2569843	"/home/boggy/ref_rapl/energy_exp_server/NPB3.4.3/NPB3.4-MPI/bin/mg.C.x"
0.9730345 W	2569842	"/home/boggy/ref_rapl/energy_exp_server/NPB3.4.3/NPB3.4-MPI/bin/mg.C.x"
0.6486896 W	2569821	"/home/boggy/ref_rapl/scaphandre/target/release/scaphandre"
------------------------------------------------------------

Host:	56.632239 W from 
	package 	core		dram		uncore
Socket0	51.801563 W |	46.397163 W	4.631483 W	0 W	

Top 5 consumers:
Power		PID	Exe
0.9764179 W	2569841	"/home/boggy/ref_rapl/energy_exp_server/NPB3.4.3/NPB3.4-MPI/bin/mg.C.x"
0.9764179 W	2569843	"/home/boggy/ref_rapl/energy_exp_server/NPB3.4.3/NPB3.4-MPI/bin/mg.C.x"
0.9764179 W	2569842	"/home/boggy/ref_rapl/energy_exp_server/NPB3.4.3/NPB3.4-MPI/bin/mg.C.x"
0.65094525 W	2569821	"/home/boggy/ref_rapl/scaphandre/target/release/scaphandre"
0.65094525 W	2569840	"/home/boggy/ref_rapl/energy_exp_server/NPB3.4.3/NPB3.4-MPI/bin/mg.C.x"
------------------------------------------------------------

Host:	56.918941 W from 
	package 	core		dram		uncore
Socket0	52.027126 W |	46.382717 W	4.486947 W	0 W	

Top 5 consumers:
Power		PID	Exe
0.9813611 W	2569840	"/home/boggy/ref_rapl/energy_exp_server/NPB3.4.3/NPB3.4-MPI/bin/mg.C.x"
0.9813611 W	2569841	"/home/boggy/ref_rapl/energy_exp_server/NPB3.4.3/NPB3.4-MPI/bin/mg.C.x"
0.9813611 W	2569843	"/home/boggy/ref_rapl/energy_exp_server/NPB3.4.3/NPB3.4-MPI/bin/mg.C.x"
0.9813611 W	2569842	"/home/boggy/ref_rapl/energy_exp_server/NPB3.4.3/NPB3.4-MPI/bin/mg.C.x"
0.65424067 W	2569821	"/home/boggy/ref_rapl/scaphandre/target/release/scaphandre"
------------------------------------------------------------

Host:	51.949899 W from 
	package 	core		dram		uncore
Socket0	50.712585 W |	45.675995 W	4.596326 W	0 W	

Top 5 consumers:
Power		PID	Exe
0.8956879 W	2569840	"/home/boggy/ref_rapl/energy_exp_server/NPB3.4.3/NPB3.4-MPI/bin/mg.C.x"
0.8956879 W	2569841	"/home/boggy/ref_rapl/energy_exp_server/NPB3.4.3/NPB3.4-MPI/bin/mg.C.x"
0.59712523 W	2569821	"/home/boggy/ref_rapl/scaphandre/target/release/scaphandre"
0.59712523 W	2569843	"/home/boggy/ref_rapl/energy_exp_server/NPB3.4.3/NPB3.4-MPI/bin/mg.C.x"
0.59712523 W	2569842	"/home/boggy/ref_rapl/energy_exp_server/NPB3.4.3/NPB3.4-MPI/bin/mg.C.x"
------------------------------------------------------------

Host:	54.727582 W from 
	package 	core		dram		uncore
Socket0	48.887466 W |	44.086525 W	3.737832 W	0 W	

Top 5 consumers:
Power		PID	Exe
1.2581053 W	2569843	"/home/boggy/ref_rapl/energy_exp_server/NPB3.4.3/NPB3.4-MPI/bin/mg.C.x"
1.2581053 W	2569842	"/home/boggy/ref_rapl/energy_exp_server/NPB3.4.3/NPB3.4-MPI/bin/mg.C.x"
0.943579 W	2569840	"/home/boggy/ref_rapl/energy_exp_server/NPB3.4.3/NPB3.4-MPI/bin/mg.C.x"
0.943579 W	2569841	"/home/boggy/ref_rapl/energy_exp_server/NPB3.4.3/NPB3.4-MPI/bin/mg.C.x"
0.62905264 W	2569821	"/home/boggy/ref_rapl/scaphandre/target/release/scaphandre"
------------------------------------------------------------

Host:	52.550593 W from 
	package 	core		dram		uncore
Socket0	48.63275 W |	44.03082 W	4.876723 W	0 W	

Top 5 consumers:
Power		PID	Exe
1.2364846 W	2569840	"/home/boggy/ref_rapl/energy_exp_server/NPB3.4.3/NPB3.4-MPI/bin/mg.C.x"
0.9273635 W	2569821	"/home/boggy/ref_rapl/scaphandre/target/release/scaphandre"
0.9273635 W	2569841	"/home/boggy/ref_rapl/energy_exp_server/NPB3.4.3/NPB3.4-MPI/bin/mg.C.x"
0.9273635 W	2569843	"/home/boggy/ref_rapl/energy_exp_server/NPB3.4.3/NPB3.4-MPI/bin/mg.C.x"
0.9273635 W	2569842	"/home/boggy/ref_rapl/energy_exp_server/NPB3.4.3/NPB3.4-MPI/bin/mg.C.x"
------------------------------------------------------------

Host:	54.233396 W from 
	package 	core		dram		uncore
Socket0	50.624043 W |	44.12265 W	4.768021 W	0 W	

Top 5 consumers:
Power		PID	Exe
0.95706 W	2569821	"/home/boggy/ref_rapl/scaphandre/target/release/scaphandre"
0.95706 W	2569840	"/home/boggy/ref_rapl/energy_exp_server/NPB3.4.3/NPB3.4-MPI/bin/mg.C.x"
0.95706 W	2569841	"/home/boggy/ref_rapl/energy_exp_server/NPB3.4.3/NPB3.4-MPI/bin/mg.C.x"
0.95706 W	2569843	"/home/boggy/ref_rapl/energy_exp_server/NPB3.4.3/NPB3.4-MPI/bin/mg.C.x"
0.95706 W	2569842	"/home/boggy/ref_rapl/energy_exp_server/NPB3.4.3/NPB3.4-MPI/bin/mg.C.x"
------------------------------------------------------------

Host:	55.026511 W from 
	package 	core		dram		uncore
Socket0	48.116264 W |	43.94298 W	4.814995 W	0 W	

Top 5 consumers:
Power		PID	Exe
0.9710561 W	2569840	"/home/boggy/ref_rapl/energy_exp_server/NPB3.4.3/NPB3.4-MPI/bin/mg.C.x"
0.9710561 W	2569841	"/home/boggy/ref_rapl/energy_exp_server/NPB3.4.3/NPB3.4-MPI/bin/mg.C.x"
0.9710561 W	2569843	"/home/boggy/ref_rapl/energy_exp_server/NPB3.4.3/NPB3.4-MPI/bin/mg.C.x"
0.9710561 W	2569842	"/home/boggy/ref_rapl/energy_exp_server/NPB3.4.3/NPB3.4-MPI/bin/mg.C.x"
0.64737076 W	2569821	"/home/boggy/ref_rapl/scaphandre/target/release/scaphandre"
------------------------------------------------------------

Host:	52.539621 W from 
	package 	core		dram		uncore
Socket0	50.2025 W |	44.035908 W	4.742563 W	0 W	

Top 5 consumers:
Power		PID	Exe
1.2362263 W	2569841	"/home/boggy/ref_rapl/energy_exp_server/NPB3.4.3/NPB3.4-MPI/bin/mg.C.x"
0.92716986 W	2569840	"/home/boggy/ref_rapl/energy_exp_server/NPB3.4.3/NPB3.4-MPI/bin/mg.C.x"
0.92716986 W	2569843	"/home/boggy/ref_rapl/energy_exp_server/NPB3.4.3/NPB3.4-MPI/bin/mg.C.x"
0.92716986 W	2569842	"/home/boggy/ref_rapl/energy_exp_server/NPB3.4.3/NPB3.4-MPI/bin/mg.C.x"
0.61811316 W	2569821	"/home/boggy/ref_rapl/scaphandre/target/release/scaphandre"
------------------------------------------------------------

Host:	53.954463 W from 
	package 	core		dram		uncore
Socket0	47.97068 W |	44.107605 W	4.798357 W	0 W	

Top 5 consumers:
Power		PID	Exe
0.95213765 W	2569821	"/home/boggy/ref_rapl/scaphandre/target/release/scaphandre"
0.95213765 W	2569840	"/home/boggy/ref_rapl/energy_exp_server/NPB3.4.3/NPB3.4-MPI/bin/mg.C.x"
0.95213765 W	2569841	"/home/boggy/ref_rapl/energy_exp_server/NPB3.4.3/NPB3.4-MPI/bin/mg.C.x"
0.95213765 W	2569843	"/home/boggy/ref_rapl/energy_exp_server/NPB3.4.3/NPB3.4-MPI/bin/mg.C.x"
0.95213765 W	2569842	"/home/boggy/ref_rapl/energy_exp_server/NPB3.4.3/NPB3.4-MPI/bin/mg.C.x"
------------------------------------------------------------

Host:	54.824434 W from 
	package 	core		dram		uncore
Socket0	49.367912 W |	44.15393 W	4.776421 W	0 W	

Top 5 consumers:
Power		PID	Exe
1.2899867 W	2569843	"/home/boggy/ref_rapl/energy_exp_server/NPB3.4.3/NPB3.4-MPI/bin/mg.C.x"
1.2899867 W	2569842	"/home/boggy/ref_rapl/energy_exp_server/NPB3.4.3/NPB3.4-MPI/bin/mg.C.x"
0.9674901 W	2569821	"/home/boggy/ref_rapl/scaphandre/target/release/scaphandre"
0.9674901 W	2569840	"/home/boggy/ref_rapl/energy_exp_server/NPB3.4.3/NPB3.4-MPI/bin/mg.C.x"
0.9674901 W	2569841	"/home/boggy/ref_rapl/energy_exp_server/NPB3.4.3/NPB3.4-MPI/bin/mg.C.x"
------------------------------------------------------------

Host:	53.096083 W from 
	package 	core		dram		uncore
Socket0	47.716957 W |	42.47452 W	4.758774 W	0 W	

Top 5 consumers:
Power		PID	Exe
1.2493197 W	2569840	"/home/boggy/ref_rapl/energy_exp_server/NPB3.4.3/NPB3.4-MPI/bin/mg.C.x"
0.9369897 W	2569841	"/home/boggy/ref_rapl/energy_exp_server/NPB3.4.3/NPB3.4-MPI/bin/mg.C.x"
0.9369897 W	2569843	"/home/boggy/ref_rapl/energy_exp_server/NPB3.4.3/NPB3.4-MPI/bin/mg.C.x"
0.9369897 W	2569842	"/home/boggy/ref_rapl/energy_exp_server/NPB3.4.3/NPB3.4-MPI/bin/mg.C.x"
0.62465984 W	2569821	"/home/boggy/ref_rapl/scaphandre/target/release/scaphandre"
------------------------------------------------------------

Host:	55.395427 W from 
	package 	core		dram		uncore
Socket0	51.561245 W |	46.18765 W	3.944296 W	0 W	

Top 5 consumers:
Power		PID	Exe
0.9442403 W	2569841	"/home/boggy/ref_rapl/energy_exp_server/NPB3.4.3/NPB3.4-MPI/bin/mg.C.x"
0.9442403 W	2569843	"/home/boggy/ref_rapl/energy_exp_server/NPB3.4.3/NPB3.4-MPI/bin/mg.C.x"
0.9442403 W	2569842	"/home/boggy/ref_rapl/energy_exp_server/NPB3.4.3/NPB3.4-MPI/bin/mg.C.x"
0.6294935 W	2569821	"/home/boggy/ref_rapl/scaphandre/target/release/scaphandre"
0.6294935 W	2569840	"/home/boggy/ref_rapl/energy_exp_server/NPB3.4.3/NPB3.4-MPI/bin/mg.C.x"
------------------------------------------------------------

Host:	50.42785 W from 
	package 	core		dram		uncore
Socket0	50.1385 W |	46.830925 W	3.476735 W	0 W	

Top 5 consumers:
Power		PID	Exe
1.1460875 W	2569840	"/home/boggy/ref_rapl/energy_exp_server/NPB3.4.3/NPB3.4-MPI/bin/mg.C.x"
0.8595656 W	2569821	"/home/boggy/ref_rapl/scaphandre/target/release/scaphandre"
0.8595656 W	2569841	"/home/boggy/ref_rapl/energy_exp_server/NPB3.4.3/NPB3.4-MPI/bin/mg.C.x"
0.8595656 W	2569842	"/home/boggy/ref_rapl/energy_exp_server/NPB3.4.3/NPB3.4-MPI/bin/mg.C.x"
0.57304376 W	2569843	"/home/boggy/ref_rapl/energy_exp_server/NPB3.4.3/NPB3.4-MPI/bin/mg.C.x"
------------------------------------------------------------

Host:	50.282728 W from 
	package 	core		dram		uncore
Socket0	48.37485 W |	43.846245 W	2.014664 W	0 W	

Top 5 consumers:
Power		PID	Exe
0.857092 W	2569840	"/home/boggy/ref_rapl/energy_exp_server/NPB3.4.3/NPB3.4-MPI/bin/mg.C.x"
0.857092 W	2569841	"/home/boggy/ref_rapl/energy_exp_server/NPB3.4.3/NPB3.4-MPI/bin/mg.C.x"
0.857092 W	2569843	"/home/boggy/ref_rapl/energy_exp_server/NPB3.4.3/NPB3.4-MPI/bin/mg.C.x"
0.857092 W	2569842	"/home/boggy/ref_rapl/energy_exp_server/NPB3.4.3/NPB3.4-MPI/bin/mg.C.x"
0.2856973 W	2569821	"/home/boggy/ref_rapl/scaphandre/target/release/scaphandre"
------------------------------------------------------------

Host:	37.997088 W from 
	package 	core		dram		uncore
Socket0	48.378616 W |	44.40277 W	1.854718 W	0 W	

Top 5 consumers:
Power		PID	Exe
0.4317851 W	2569821	"/home/boggy/ref_rapl/scaphandre/target/release/scaphandre"
0.4317851 W	2569840	"/home/boggy/ref_rapl/energy_exp_server/NPB3.4.3/NPB3.4-MPI/bin/mg.C.x"
0.4317851 W	2569841	"/home/boggy/ref_rapl/energy_exp_server/NPB3.4.3/NPB3.4-MPI/bin/mg.C.x"
0.4317851 W	2569843	"/home/boggy/ref_rapl/energy_exp_server/NPB3.4.3/NPB3.4-MPI/bin/mg.C.x"
0.4317851 W	2569842	"/home/boggy/ref_rapl/energy_exp_server/NPB3.4.3/NPB3.4-MPI/bin/mg.C.x"
------------------------------------------------------------

Host:	14.568451 W from 
	package 	core		dram		uncore
Socket0	29.940172 W |	25.135351 W	1.446645 W	0 W	

Top 5 consumers:
Power		PID	Exe
0.24832587 W	2569821	"/home/boggy/ref_rapl/scaphandre/target/release/scaphandre"
0 W	869	""
0 W	684	""
0 W	5919	""
0 W	63	""
------------------------------------------------------------

Host:	18.787083 W from 
	package 	core		dram		uncore
Socket0	12.269477 W |	8.686398 W	1.106685 W	0 W	

Top 5 consumers:
Power		PID	Exe
0.10674479 W	2569821	"/home/boggy/ref_rapl/scaphandre/target/release/scaphandre"
0 W	869	""
0 W	684	""
0 W	5919	""
0 W	63	""
------------------------------------------------------------

Host:	8.503242 W from 
	package 	core		dram		uncore
Socket0	15.547058 W |	12.054689 W	1.476622 W	0 W	

Top 5 consumers:
